batch,time_s,timestamp_epoch_s,acq_seconds,peak_01,peak_01_ref,peak_01_freq_mhz,peak_02,peak_02_ref,peak_02_freq_mhz,peak_03,peak_03_ref,peak_03_freq_mhz,peak_04,peak_04_ref,peak_04_freq_mhz,peak_05,peak_05_ref,peak_05_freq_mhz,peak_06,peak_06_ref,peak_06_freq_mhz,peak_07,peak_07_ref,peak_07_freq_mhz,peak_08,peak_08_ref,peak_08_freq_mhz,peak_09,peak_09_ref,peak_09_freq_mhz,peak_10,peak_10_ref,peak_10_freq_mhz,peak_11,peak_11_ref,peak_11_freq_mhz,peak_12,peak_12_ref,peak_12_freq_mhz,peak_13,peak_13_ref,peak_13_freq_mhz,peak_14,peak_14_ref,peak_14_freq_mhz,peak_15,peak_15_ref,peak_15_freq_mhz,peak_16,peak_16_ref,peak_16_freq_mhz,delta_f_mhz_b01,f_new_mhz_b01,delta_f_mhz_b02,f_new_mhz_b02,delta_f_mhz_b03,f_new_mhz_b03,delta_f_mhz_b04,f_new_mhz_b04,delta_f_mhz_b05,f_new_mhz_b05,delta_f_mhz_b06,f_new_mhz_b06,delta_f_mhz_b07,f_new_mhz_b07,delta_f_mhz_b08,f_new_mhz_b08
0,0.09090152056887746,1778188828.557378,0.1809971248731017,6611.842480973195,6631.688357734512,2628.999989318848,6589.569168933582,6632.854055995353,2630.999988555908,6607.101551181344,6634.677711892899,2762.9999382019046,6596.040828926857,6634.4854036128,2769.9999355316163,6623.648370877525,6635.414663630529,2803.9999225616457,6624.777721062445,6636.070831677721,2808.999920654297,6609.734755631628,6635.886216645779,2836.9999099731444,6609.019014579576,6635.9466821530095,2841.999908065796,6620.362331509614,6635.588244643458,2877.999894332886,6621.877456673899,6632.769865818994,2880.9998931884766,6612.028665525567,6630.852675978848,2877.999894332886,6594.520533667512,6630.917550508911,2881.9998928070067,6618.626713940765,6631.131294128436,2938.9998710632326,6621.779315034997,6633.032348626097,2942.999869537354,6620.442152397835,6632.752705015741,2970.999858856201,6622.397632729163,6635.339876822448,2976.9998565673827,2.6865907028261504,2706.6876606925257,-0.5766524896739518,2787.229562943232,0.05570285883794744,2787.8619182917437,0.2410079364027476,2838.4503426997308,-0.7369343403544505,2856.0177730003215,0.11106855772916698,2856.865775898405,0.04764494359443447,2930.4490577634515,-0.03742527000685036,2973.9588450860924
1,0.2567311456659809,1778188828.639112,0.012812874978408217,6616.924977840266,6631.688357734512,2628.999989318848,6589.569168933582,6632.854055995353,2630.999988555908,6607.101551181344,6634.677711892899,2762.9999382019046,6596.040828926857,6634.4854036128,2769.9999355316163,6623.648370877525,6635.414663630529,2803.9999225616457,6624.777721062445,6636.070831677721,2808.999920654297,6609.734755631628,6635.886216645779,2836.9999099731444,6609.019014579576,6635.9466821530095,2841.999908065796,6620.362331509614,6635.588244643458,2877.999894332886,6621.877456673899,6632.769865818994,2880.9998931884766,6612.028665525567,6630.852675978848,2877.999894332886,6594.520533667512,6630.917550508911,2881.9998928070067,6618.626713940765,6631.131294128436,2938.9998710632326,6621.779315034997,6633.032348626097,2942.999869537354,6620.442152397835,6632.752705015741,2970.999858856201,6622.397632729163,6635.339876822448,2976.9998565673827,3.2046704951884437,2707.2057404848883,-0.5766524896739518,2787.229562943232,0.05570285883794744,2787.8619182917437,0.2410079364027476,2838.4503426997308,-0.7369343403544505,2856.0177730003215,0.11106855772916698,2856.865775898405,0.04764494359443447,2930.4490577634515,-0.03742527000685036,2973.9588450860924
2,0.41829837462864816,1778188828.8670468,0.14554741699248552,6635.720307485406,6627.647224684415,2628.999989318848,6627.825294189564,6612.794191093315,2630.999988555908,6623.315198520647,6625.919234648654,2762.9999382019046,6619.125350735092,6630.471713482288,2769.9999355316163,6630.516198001038,6633.770675795458,2803.9999225616457,6633.293961854693,6635.282220252468,2808.999920654297,6631.646352049393,6616.021553015252,2836.9999099731444,6628.006453831341,6598.782779594706,2841.999908065796,6620.443362777762,6610.8208683559005,2877.999894332886,6612.702176238653,6605.132611486382,2880.9998931884766,6616.665733410766,6621.151412109912,2877.999894332886,6615.640922150565,6620.209898523704,2881.9998928070067,6622.300080997647,6613.111631567687,2938.9998710632326,6625.028437815202,6611.555892960847,2942.999869537354,6618.2515832747495,6631.454302044808,2970.999858856201,6621.694165112938,6634.744993428493,2976.9998565673827,-0.4150041195047073,2703.586065870195,-0.6546679078151664,2787.151547525091,-0.003454625668567483,2787.8027608072375,-1.077015973094023,2837.132318790234,-0.5994441891312817,2856.1552631515447,-0.26240575397046456,2856.4923015867053,-0.22634100258852882,2930.1750718172684,-0.06783252389917739,2973.9284378322
3,0.5629499580245465,1778188828.945117,0.01238383399322629,6636.001957697833,6627.647224684415,2628.999989318848,6627.825294189564,6612.794191093315,2630.999988555908,6623.315198520647,6625.919234648654,2762.9999382019046,6619.125350735092,6630.471713482288,2769.9999355316163,6630.516198001038,6633.770675795458,2803.9999225616457,6633.293961854693,6635.282220252468,2808.999920654297,6631.646352049393,6616.021553015252,2836.9999099731444,6628.006453831341,6598.782779594706,2841.999908065796,6620.443362777762,6610.8208683559005,2877.999894332886,6612.702176238653,6605.132611486382,2880.9998931884766,6616.665733410766,6621.151412109912,2877.999894332886,6615.640922150565,6620.209898523704,2881.9998928070067,6622.300080997647,6613.111631567687,2938.9998710632326,6625.028437815202,6611.555892960847,2942.999869537354,6618.2515832747495,6631.454302044808,2970.999858856201,6621.694165112938,6634.744993428493,2976.9998565673827,-0.3862768504462416,2703.6147931392534,-0.6546679078151664,2787.151547525091,-0.003454625668567483,2787.8027608072375,-1.077015973094023,2837.132318790234,-0.5994441891312817,2856.1552631515447,-0.26240575397046456,2856.4923015867053,-0.22634100258852882,2930.1750718172684,-0.06783252389917739,2973.9284378322
4,0.7119216040009633,1778188829.173182,0.1705670419614762,6634.856149708103,6637.16574869334,2628.999989318848,6635.748795733105,6644.757332579393,2630.999988555908,6636.415780786747,6627.946327597272,2762.9999382019046,6626.153649478864,6607.318287129015,2769.9999355316163,6631.534599749366,6625.077612556163,2803.9999225616457,6631.527921264174,6628.218803680045,2808.999920654297,6631.867451172174,6634.538053611272,2836.9999099731444,6634.59485588532,6640.3336568145005,2841.999908065796,6625.579979827,6608.454198123301,2877.999894332886,6613.204711617813,6586.534252834918,2880.9998931884766,6615.65795305193,6608.752541492191,2877.999894332886,6619.628217746125,6602.967081333863,2881.9998928070067,6625.987427025704,6622.081205489501,2938.9998710632326,6626.84796741755,6622.650640339884,2942.999869537354,6621.373935568665,6606.430235046,2970.999858856201,6621.450187975672,6606.3583947183415,2976.9998565673827,0.9793699650879728,2704.980439954788,-1.3593918881836367,2786.446823544722,0.32650548857307166,2788.132720921479,0.44908081780153414,2838.6584155811297,-0.8520476982991833,2855.902659642377,-0.4735472713939334,2856.281160069282,0.13437482393533104,2930.535787643792,-0.06746274257906726,2973.92880761352
5,0.8704963745549321,1778188829.252542,0.012137332931160927,6636.267669712992,6637.16574869334,2628.999989318848,6635.748795733105,6644.757332579393,2630.999988555908,6636.415780786747,6627.946327597272,2762.9999382019046,6626.153649478864,6607.318287129015,2769.9999355316163,6631.534599749366,6625.077612556163,2803.9999225616457,6631.527921264174,6628.218803680045,2808.999920654297,6631.867451172174,6634.538053611272,2836.9999099731444,6634.59485588532,6640.3336568145005,2841.999908065796,6625.579979827,6608.454198123301,2877.999894332886,6613.204711617813,6586.534252834918,2880.9998931884766,6615.65795305193,6608.752541492191,2877.999894332886,6619.628217746125,6602.967081333863,2881.9998928070067,6625.987427025704,6622.081205489501,2938.9998710632326,6626.84796741755,6622.650640339884,2942.999869537354,6621.373935568665,6606.430235046,2970.999858856201,6621.450187975672,6606.3583947183415,2976.9998565673827,1.1231332597129375,2705.124203249413,-1.3593918881836367,2786.446823544722,0.32650548857307166,2788.132720921479,0.44908081780153414,2838.6584155811297,-0.8520476982991833,2855.902659642377,-0.4735472713939334,2856.281160069282,0.13437482393533104,2930.535787643792,-0.06746274257906726,2973.92880761352
6,1.0308838750934228,1778188829.480133,0.14654599991627038,6634.222968181678,6637.540069382888,2628.999989318848,6635.184520279977,6643.287274199957,2630.999988555908,6634.1121603447755,6626.168311581135,2762.9999382019046,6624.527158663691,6610.881564630008,2769.9999355316163,6632.082810159855,6626.038354677995,2803.9999225616457,6631.892464162363,6630.781832075068,2808.999920654297,6633.7831463765015,6634.9297398905765,2836.9999099731444,6634.4577177002775,6638.056103860379,2841.999908065796,6624.175286548278,6607.8324326802585,2877.999894332886,6613.797270532139,6588.5078139805,2880.9998931884766,6618.907144603722,6607.0810327964045,2877.999894332886,6617.870761377877,6603.652138032217,2881.9998928070067,6627.30314209738,6621.20338509032,2938.9998710632326,6629.153628083259,6622.079272243786,2942.999869537354,6624.451262340679,6609.899983189168,2970.999858856201,6623.0797139102,6607.830740899228,2976.9998565673827,0.7848087597556288,2704.7858787494556,-1.1869108558421475,2786.6193045770638,0.4598861128636653,2788.2661015457697,0.39329754762675484,2838.602632310955,-0.8388151001750537,2855.915892240501,-0.31563602722858064,2856.439071313447,0.07281425702229044,2930.4742270768793,-0.08900045841978124,2973.9072698976793
7,1.1728885620832443,1778188829.554423,0.011119042057543993,6637.443162576031,6637.540069382888,2628.999989318848,6635.184520279977,6643.287274199957,2630.999988555908,6634.1121603447755,6626.168311581135,2762.9999382019046,6624.527158663691,6610.881564630008,2769.9999355316163,6632.082810159855,6626.038354677995,2803.9999225616457,6631.892464162363,6630.781832075068,2808.999920654297,6633.7831463765015,6634.9297398905765,2836.9999099731444,6634.4577177002775,6638.056103860379,2841.999908065796,6624.175286548278,6607.8324326802585,2877.999894332886,6613.797270532139,6588.5078139805,2880.9998931884766,6618.907144603722,6607.0810327964045,2877.999894332886,6617.870761377877,6603.652138032217,2881.9998928070067,6627.30314209738,6621.20338509032,2938.9998710632326,6629.153628083259,6622.079272243786,2942.999869537354,6624.451262340679,6609.899983189168,2970.999858856201,6623.0797139102,6607.830740899228,2976.9998565673827,1.112767021963455,2705.1138370116632,-1.1869108558421475,2786.6193045770638,0.4598861128636653,2788.2661015457697,0.39329754762675484,2838.602632310955,-0.8388151001750537,2855.915892240501,-0.31563602722858064,2856.439071313447,0.07281425702229044,2930.4742270768793,-0.08900045841978124,2973.9072698976793
8,1.3205087914830074,1778188829.782476,0.1719779169652611,6635.286763761958,6609.759247486017,2628.999989318848,6637.341515114467,6637.730745483999,2630.999988555908,6634.048749885381,6643.641091787143,2762.9999382019046,6629.197828346119,6624.9397469205605,2769.9999355316163,6635.012898493138,6611.882087294068,2803.9999225616457,6632.769055842529,6626.612064064553,2808.999920654297,6631.946747868082,6629.312116025309,2836.9999099731444,6632.646054039185,6636.8951202738635,2841.999908065796,6623.239653696856,6633.720163829203,2877.999894332886,6618.291096371916,6608.802594981203,2880.9998931884766,6623.435632851423,6590.079623743009,2877.999894332886,6616.910326435798,6606.789477947245,2881.9998928070067,6628.229472445518,6604.140511049302,2938.9998710632326,6625.782591619036,6624.756245988324,2942.999869537354,6623.856689182993,6623.548436592598,2970.999858856201,6624.322439404592,6611.281315524039,2976.9998565673827,2.9485288958870512,2706.949598885587,-1.4846179730876832,2786.3215974598183,1.3633722661237264,2789.1695876990298,0.7966663470148155,2839.006001110343,-1.074718090295204,2855.6799892503805,0.23561330706617026,2856.990320647742,2.2450625602629843,2932.6464753801197,-0.5565086984742336,2973.439761657625
9,1.4773201455827802,1778188829.8593469,0.012102209031581879,6637.507687135128,6609.759247486017,2628.999989318848,6637.341515114467,6637.730745483999,2630.999988555908,6634.048749885381,6643.641091787143,2762.9999382019046,6629.197828346119,6624.9397469205605,2769.9999355316163,6635.012898493138,6611.882087294068,2803.9999225616457,6632.769055842529,6626.612064064553,2808.999920654297,6631.946747868082,6629.312116025309,2836.9999099731444,6632.646054039185,6636.8951202738635,2841.999908065796,6623.239653696856,6633.720163829203,2877.999894332886,6618.291096371916,6608.802594981203,2880.9998931884766,6623.435632851423,6590.079623743009,2877.999894332886,6616.910326435798,6606.789477947245,2881.9998928070067,6628.229472445518,6604.140511049302,2938.9998710632326,6625.782591619036,6624.756245988324,2942.999869537354,6623.856689182993,6623.548436592598,2970.999858856201,6624.322439404592,6611.281315524039,2976.9998565673827,3.1756678262216393,2707.1767378159216,-1.4846179730876832,2786.3215974598183,1.3633722661237264,2789.1695876990298,0.7966663470148155,2839.006001110343,-1.074718090295204,2855.6799892503805,0.23561330706617026,2856.990320647742,2.2450625602629843,2932.6464753801197,-0.5565086984742336,2973.439761657625
10,1.6265126876533031,1778188830.0873501,0.16971862502396107,6638.43928080203,6637.230843292478,2628.999989318848,6644.489404590885,6643.853744230827,2630.999988555908,6618.827707308128,6639.689815692148,2762.9999382019046,6595.863500626586,6634.4453647950595,2769.9999355316163,6623.126345630711,6634.494394351561,2803.9999225616457,6626.97376287557,6636.610054405966,2808.999920654297,6630.138064309074,6637.742636855457,2836.9999099731444,6632.762028914632,6638.155590365865,2841.999908065796,6599.928164257115,6630.263286670539,2877.999894332886,6570.323044594554,6621.684605862397,2880.9998931884766,6596.743451416694,6629.52741999572,2877.999894332886,6591.224323746064,6628.644690833511,2881.9998928070067,6615.431541706146,6629.97339303726,2938.9998710632326,6622.473901947,6631.449848702509,2942.999869537354,6599.560520524498,6632.029215698261,2970.999858856201,6599.985619097107,6631.297053519578,2976.9998565673827,0.3565327980129005,2704.3576027877125,-0.32434690697282087,2787.481868525933,-0.03838723735195184,2787.767828195554,-0.030622106409915004,2838.1787126569184,-0.1889773480474007,2856.5657299926283,-0.16506307521171895,2856.5896442654644,-0.34063871678420715,2930.0607741030726,-0.10639298638048841,2973.8898773697188
11,1.791762062581256,1778188830.1739972,0.012516874819993973,6639.693107558762,6637.230843292478,2628.999989318848,6644.489404590885,6643.853744230827,2630.999988555908,6618.827707308128,6639.689815692148,2762.9999382019046,6595.863500626586,6634.4453647950595,2769.9999355316163,6623.126345630711,6634.494394351561,2803.9999225616457,6626.97376287557,6636.610054405966,2808.999920654297,6630.138064309074,6637.742636855457,2836.9999099731444,6632.762028914632,6638.155590365865,2841.999908065796,6599.928164257115,6630.263286670539,2877.999894332886,6570.323044594554,6621.684605862397,2880.9998931884766,6596.743451416694,6629.52741999572,2877.999894332886,6591.224323746064,6628.644690833511,2881.9998928070067,6615.431541706146,6629.97339303726,2938.9998710632326,6622.473901947,6631.449848702509,2942.999869537354,6599.560520524498,6632.029215698261,2970.999858856201,6599.985619097107,6631.297053519578,2976.9998565673827,0.4842337848709466,2704.4853037745706,-0.32434690697282087,2787.481868525933,-0.03838723735195184,2787.767828195554,-0.030622106409915004,2838.1787126569184,-0.1889773480474007,2856.5657299926283,-0.16506307521171895,2856.5896442654644,-0.34063871678420715,2930.0607741030726,-0.10639298638048841,2973.8898773697188
12,1.9427993750432506,1778188830.4019048,0.16625825013034046,6635.735655775285,6624.936413790996,2628.999989318848,6639.0183528440875,6633.445774368066,2630.999988555908,6628.994730568207,6633.918760888834,2762.9999382019046,6625.088050554758,6640.202014243359,2769.9999355316163,6637.057187394932,6615.126023168385,2803.9999225616457,6631.791807011646,6596.210703915395,2808.999920654297,6630.846552251123,6612.300470703303,2836.9999099731444,6633.230922761866,6608.7407204205765,2841.999908065796,6620.817163859768,6620.485443347495,2877.999894332886,6612.743278723598,6620.7295244062725,2880.9998931884766,6620.877594217073,6608.366251490052,2877.999894332886,6619.4465782315,6608.142591007733,2881.9998928070067,6627.299889965461,6630.004454870557,2938.9998710632326,6630.630079163738,6636.376382308891,2942.999869537354,6625.248788091817,6623.859067151633,2970.999858856201,6621.706378946726,6610.538259926032,2976.9998565673827,0.8321791842705207,2704.83324917397,-0.602103474999697,2787.204111957906,-0.9383444423450443,2786.8678709905607,-0.37329476536857326,2837.8360399979597,-0.4641163477438856,2856.290590992932,-0.23833810087074064,2856.516369239805,0.4338949830489176,2930.835307802906,-0.4418293863011702,2973.5544409697977
13,2.097781916614622,1778188830.479598,0.011681417003273964,6637.360739065318,6624.936413790996,2628.999989318848,6639.0183528440875,6633.445774368066,2630.999988555908,6628.994730568207,6633.918760888834,2762.9999382019046,6625.088050554758,6640.202014243359,2769.9999355316163,6637.057187394932,6615.126023168385,2803.9999225616457,6631.791807011646,6596.210703915395,2808.999920654297,6630.846552251123,6612.300470703303,2836.9999099731444,6633.230922761866,6608.7407204205765,2841.999908065796,6620.817163859768,6620.485443347495,2877.999894332886,6612.743278723598,6620.7295244062725,2880.9998931884766,6620.877594217073,6608.366251490052,2877.999894332886,6619.4465782315,6608.142591007733,2881.9998928070067,6627.299889965461,6630.004454870557,2938.9998710632326,6630.630079163738,6636.376382308891,2942.999869537354,6625.248788091817,6623.859067151633,2970.999858856201,6621.706378946726,6610.538259926032,2976.9998565673827,0.9979994295044673,2704.9990694192043,-0.602103474999697,2787.204111957906,-0.9383444423450443,2786.8678709905607,-0.37329476536857326,2837.8360399979597,-0.4641163477438856,2856.290590992932,-0.23833810087074064,2856.516369239805,0.4338949830489176,2930.835307802906,-0.4418293863011702,2973.5544409697977
14,2.245514916488901,1778188830.707573,0.17216208297759295,6634.249646972523,6635.054766635083,2628.999989318848,6641.261663661094,6642.453722835223,2630.999988555908,6636.363334046521,6626.3508863893385,2762.9999382019046,6624.883841733655,6611.236051593973,2769.9999355316163,6632.055598007153,6624.857153773267,2803.9999225616457,6631.363184277287,6632.393454473209,2808.999920654297,6632.0244490631785,6634.288528899349,2836.9999099731444,6634.266207170584,6639.087630283951,2841.999908065796,6624.015834275759,6607.013858238837,2877.999894332886,6612.106614298376,6587.916017666657,2880.9998931884766,6618.548859919919,6605.901072836752,2877.999894332886,6618.923600880276,6603.558486413791,2881.9998928070067,6624.2451569520435,6621.08250450836,2938.9998710632326,6628.084830516245,6623.0715545435105,2942.999869537354,6623.142418314637,6609.480853990279,2970.999858856201,6622.789100467648,6608.682814744629,2976.9998565673827,0.33741852871289807,2704.3384885184128,-1.1108770749926737,2786.6953383579134,0.7060913116025743,2788.5123067445084,0.40275802436412744,2838.6120927876923,-0.8007206003138866,2855.953986740362,-0.3225665446846683,2856.432140795991,-0.006100771334949773,2930.395312048522,-0.07904980547689922,2973.917220550622
15,2.4087690830929205,1778188830.7910788,0.012670750031247735,6636.029966072684,6635.054766635083,2628.999989318848,6641.261663661094,6642.453722835223,2630.999988555908,6636.363334046521,6626.3508863893385,2762.9999382019046,6624.883841733655,6611.236051593973,2769.9999355316163,6632.055598007153,6624.857153773267,2803.9999225616457,6631.363184277287,6632.393454473209,2808.999920654297,6632.0244490631785,6634.288528899349,2836.9999099731444,6634.266207170584,6639.087630283951,2841.999908065796,6624.015834275759,6607.013858238837,2877.999894332886,6612.106614298376,6587.916017666657,2880.9998931884766,6618.548859919919,6605.901072836752,2877.999894332886,6618.923600880276,6603.558486413791,2881.9998928070067,6624.2451569520435,6621.08250450836,2938.9998710632326,6628.084830516245,6623.0715545435105,2942.999869537354,6623.142418314637,6609.480853990279,2970.999858856201,6622.789100467648,6608.682814744629,2976.9998565673827,0.5188016962984987,2704.519871685998,-1.1108770749926737,2786.6953383579134,0.7060913116025743,2788.5123067445084,0.40275802436412744,2838.6120927876923,-0.8007206003138866,2855.953986740362,-0.3225665446846683,2856.432140795991,-0.006100771334949773,2930.395312048522,-0.07904980547689922,2973.917220550622
16,2.5565791041590273,1778188831.019126,0.17313720798119903,6613.189708714124,6636.356906195555,2628.999989318848,6613.536098969953,6638.670382370021,2630.999988555908,6633.6494589968515,6641.892882904911,2762.9999382019046,6631.17488461656,6643.011134884005,2769.9999355316163,6624.738741327138,6639.027352752392,2803.9999225616457,6607.943614940246,6637.661208240364,2808.999920654297,6626.474632454076,6638.697614390073,2836.9999099731444,6631.481171867837,6638.330019561696,2841.999908065796,6621.107489989913,6632.889280802029,2877.999894332886,6615.800904728429,6631.654476266162,2880.9998931884766,6601.044368371184,6632.084508053917,2877.999894332886,6578.674187731149,6625.803047345417,2881.9998928070067,6606.52148730018,6631.741826878993,2938.9998710632326,6602.058096708133,6630.200455420729,2942.999869537354,6613.146836507015,6629.64352630131,2970.999858856201,6612.031288015406,6633.170090472844,2976.9998565673827,0.4976113775644405,2704.498681367264,-0.84421503233238,2786.9620004005737,1.2423786896308937,2789.048594122537,-0.31808252062595693,2837.891252242702,-0.5558831445826017,2856.198824196093,0.08026889586057848,2856.8349762365365,0.42413457547817507,2930.825547395335,0.117756259227724,2974.114026615327
17,2.7224926876369864,1778188831.104682,0.012428374961018562,6617.895754500719,6636.356906195555,2628.999989318848,6613.536098969953,6638.670382370021,2630.999988555908,6633.6494589968515,6641.892882904911,2762.9999382019046,6631.17488461656,6643.011134884005,2769.9999355316163,6624.738741327138,6639.027352752392,2803.9999225616457,6607.943614940246,6637.661208240364,2808.999920654297,6626.474632454076,6638.697614390073,2836.9999099731444,6631.481171867837,6638.330019561696,2841.999908065796,6621.107489989913,6632.889280802029,2877.999894332886,6615.800904728429,6631.654476266162,2880.9998931884766,6601.044368371184,6632.084508053917,2877.999894332886,6578.674187731149,6625.803047345417,2881.9998928070067,6606.52148730018,6631.741826878993,2938.9998710632326,6602.058096708133,6630.200455420729,2942.999869537354,6613.146836507015,6629.64352630131,2970.999858856201,6612.031288015406,6633.170090472844,2976.9998565673827,0.9769804999682462,2704.978050489668,-0.84421503233238,2786.9620004005737,1.2423786896308937,2789.048594122537,-0.31808252062595693,2837.891252242702,-0.5558831445826017,2856.198824196093,0.08026889586057848,2856.8349762365365,0.42413457547817507,2930.825547395335,0.117756259227724,2974.114026615327
18,2.8696389165706933,1778188831.332652,0.17407141719013453,6634.012221475074,6612.416642723966,2628.999989318848,6636.840271112877,6611.26833908977,2630.999988555908,6632.247959776263,6639.0831234526395,2762.9999382019046,6627.834590579821,6641.9883760736,2769.9999355316163,6638.076700186447,6627.435690925207,2803.9999225616457,6636.869853592934,6610.696518629459,2808.999920654297,6632.160083442859,6627.042461105846,2836.9999099731444,6631.390457560291,6629.891186539108,2841.999908065796,6621.275028272765,6628.082392945564,2877.999894332886,6618.204121710425,6629.957039153957,2880.9998931884766,6624.808749274079,6609.4223767460335,2877.999894332886,6619.746295503867,6589.7191521227505,2881.9998928070067,6624.1168368126655,6610.506563865881,2938.9998710632326,6629.8843521716535,6604.331045022465,2942.999869537354,6621.842140171776,6623.106102332121,2970.999858856201,6621.868686004219,6623.570253996394,2976.9998565673827,-0.10882992047037642,2703.8922400692295,-0.7075185192063183,2787.0986969136998,-1.07441037537011,2786.731805057536,0.5000122340812406,2838.7093469974093,-0.5371122381317863,2856.2175951025442,-0.5797968090031603,2856.1749105316726,-0.9198451613920667,2929.481567658465,-0.04472734504194297,2973.9515430110573
19,3.037279958021827,1778188831.419532,0.01255391607992351,6634.760659595928,6612.416642723966,2628.999989318848,6636.840271112877,6611.26833908977,2630.999988555908,6632.247959776263,6639.0831234526395,2762.9999382019046,6627.834590579821,6641.9883760736,2769.9999355316163,6638.076700186447,6627.435690925207,2803.9999225616457,6636.869853592934,6610.696518629459,2808.999920654297,6632.160083442859,6627.042461105846,2836.9999099731444,6631.390457560291,6629.891186539108,2841.999908065796,6621.275028272765,6628.082392945564,2877.999894332886,6618.204121710425,6629.957039153957,2880.9998931884766,6624.808749274079,6609.4223767460335,2877.999894332886,6619.746295503867,6589.7191521227505,2881.9998928070067,6624.1168368126655,6610.506563865881,2938.9998710632326,6629.8843521716535,6604.331045022465,2942.999869537354,6621.842140171776,6623.106102332121,2970.999858856201,6621.868686004219,6623.570253996394,2976.9998565673827,-0.03231619787031708,2703.9687537918294,-0.7075185192063183,2787.0986969136998,-1.07441037537011,2786.731805057536,0.5000122340812406,2838.7093469974093,-0.5371122381317863,2856.2175951025442,-0.5797968090031603,2856.1749105316726,-0.9198451613920667,2929.481567658465,-0.04472734504194297,2973.9515430110573
20,3.184762749588117,1778188831.647537,0.1735915830358863,6626.155420729285,6635.322662530181,2628.999989318848,6615.840193171745,6636.934697557843,2630.999988555908,6606.290581349145,6636.042141700034,2762.9999382019046,6627.909377387902,6641.44242901244,2769.9999355316163,6640.163583152489,6643.0544197206345,2803.9999225616457,6626.236094385182,6639.442306751842,2808.999920654297,6610.486855457408,6636.97413882691,2836.9999099731444,6623.508790537031,6636.241758107406,2841.999908065796,6616.148888956812,6629.618601950057,2877.999894332886,6613.32360546505,6633.452416175077,2880.9998931884766,6623.467584130574,6633.236539108108,2877.999894332886,6597.603762569917,6633.228226915671,2881.9998928070067,6586.665015129749,6628.0972216279,2938.9998710632326,6605.2126921783765,6630.124718036495,2942.999869537354,6595.670869884157,6629.469112388055,2970.999858856201,6613.6003881773995,6631.91198765168,2976.9998565673827,1.5127384773162318,2705.513808467016,-1.5721486404399283,2786.234066792466,0.8605759001784002,2788.6667913330843,-1.0801424194197538,2837.1291923439085,-0.5003727481132426,2856.254334592563,0.28775422733673184,2857.0424615680126,-1.3276591597991494,2929.0737536600577,-0.6621062400488548,2973.33416411605
21,3.3543768955860287,1778188831.737828,0.01494212495163083,6628.9299752422285,6635.322662530181,2628.999989318848,6615.840193171745,6636.934697557843,2630.999988555908,6606.290581349145,6636.042141700034,2762.9999382019046,6627.909377387902,6641.44242901244,2769.9999355316163,6640.163583152489,6643.0544197206345,2803.9999225616457,6626.236094385182,6639.442306751842,2808.999920654297,6610.486855457408,6636.97413882691,2836.9999099731444,6623.508790537031,6636.241758107406,2841.999908065796,6616.148888956812,6629.618601950057,2877.999894332886,6613.32360546505,6633.452416175077,2880.9998931884766,6623.467584130574,6633.236539108108,2877.999894332886,6597.603762569917,6633.228226915671,2881.9998928070067,6586.665015129749,6628.0972216279,2938.9998710632326,6605.2126921783765,6630.124718036495,2942.999869537354,6595.670869884157,6629.469112388055,2970.999858856201,6613.6003881773995,6631.91198765168,2976.9998565673827,1.7954053135755519,2705.796475303275,-1.5721486404399283,2786.234066792466,0.8605759001784002,2788.6667913330843,-1.0801424194197538,2837.1291923439085,-0.5003727481132426,2856.254334592563,0.28775422733673184,2857.0424615680126,-1.3276591597991494,2929.0737536600577,-0.6621062400488548,2973.33416411605
22,3.516814437112771,1778188831.964902,0.1442107919137925,6624.717432833083,6636.753110003972,2628.999989318848,6608.446773848457,6637.812005990769,2630.999988555908,6618.447475318642,6635.090715835804,2762.9999382019046,6620.401228719014,6634.097217043129,2769.9999355316163,6633.856088577803,6638.560691689336,2803.9999225616457,6632.962733441331,6638.593951156891,2808.999920654297,6610.343153406486,6634.970124094507,2836.9999099731444,6596.459264296851,6633.748023963078,2841.999908065796,6601.045085123942,6628.069657975977,2877.999894332886,6590.079389919612,6626.122809242901,2880.9998931884766,6611.590870189811,6628.958495583336,2877.999894332886,6610.661545985267,6631.275627349697,2881.9998928070067,6603.423211174619,6630.873953907755,2938.9998710632326,6606.279668062474,6630.91852706544,2942.999869537354,6615.720912675366,6636.908902099826,2970.999858856201,6625.493156463001,6634.461668245867,2976.9998565673827,2.0627790370390344,2706.063849026739,-1.08419890542345,2786.7220165274825,0.16021677132081158,2787.9664322042267,1.3227705868473705,2839.5321053501757,-0.4489728719836222,2856.305734468692,-0.19500604020172202,2856.559701300474,-0.09252503467324612,2930.3088877851837,-0.5345748609744304,2973.461695495125
23,3.6649987080600113,1778188832.046719,0.011487916111946106,6628.41870281505,6636.753110003972,2628.999989318848,6608.446773848457,6637.812005990769,2630.999988555908,6618.447475318642,6635.090715835804,2762.9999382019046,6620.401228719014,6634.097217043129,2769.9999355316163,6633.856088577803,6638.560691689336,2803.9999225616457,6632.962733441331,6638.593951156891,2808.999920654297,6610.343153406486,6634.970124094507,2836.9999099731444,6596.459264296851,6633.748023963078,2841.999908065796,6601.045085123942,6628.069657975977,2877.999894332886,6590.079389919612,6626.122809242901,2880.9998931884766,6611.590870189811,6628.958495583336,2877.999894332886,6610.661545985267,6631.275627349697,2881.9998928070067,6603.423211174619,6630.873953907755,2938.9998710632326,6606.279668062474,6630.91852706544,2942.999869537354,6615.720912675366,6636.908902099826,2970.999858856201,6625.493156463001,6634.461668245867,2976.9998565673827,2.4397767761317577,2706.4408467658313,-1.08419890542345,2786.7220165274825,0.16021677132081158,2787.9664322042267,1.3227705868473705,2839.5321053501757,-0.4489728719836222,2856.305734468692,-0.19500604020172202,2856.559701300474,-0.09252503467324612,2930.3088877851837,-0.5345748609744304,2973.461695495125
24,3.8123356869909912,1778188832.2748458,0.17306170798838139,6608.10994284317,6636.012571446037,2628.999989318848,6608.379793379589,6635.048033132621,2630.999988555908,6628.107757434974,6634.3434483601795,2762.9999382019046,6627.859142036252,6640.657873582541,2769.9999355316163,6619.54044533423,6634.5250145184455,2803.9999225616457,6604.941522755755,6635.092348014793,2808.999920654297,6620.699121251948,6633.807775774063,2836.9999099731444,6627.237399517071,6636.980380230461,2841.999908065796,6621.28104807898,6631.6286212061,2877.999894332886,6614.7411437478995,6631.285614512334,2880.9998931884766,6599.368932053674,6630.122103187945,2877.999894332886,6575.979235565608,6627.981605892962,2881.9998928070067,6601.30073356359,6629.3671501054505,2938.9998710632326,6599.1916022251435,6629.325589143259,2942.999869537354,6609.5537488156,6627.901266925452,2970.999858856201,6611.801587859522,6629.069830669073,2976.9998565673827,0.17278206865601958,2704.173852058356,-0.7353078438507625,2787.070907589055,1.2229014323562695,2789.029116865262,-0.13618040159686476,2838.073154361731,-0.5101088361141062,2856.244598504562,0.18999114077180715,2856.9446984814476,0.34673329945793063,2930.7481461193147,-0.1036499654564281,2973.8926203906426
25,3.9809551250655204,1778188832.362987,0.012111749965697527,6613.118129718496,6636.012571446037,2628.999989318848,6608.379793379589,6635.048033132621,2630.999988555908,6628.107757434974,6634.3434483601795,2762.9999382019046,6627.859142036252,6640.657873582541,2769.9999355316163,6619.54044533423,6634.5250145184455,2803.9999225616457,6604.941522755755,6635.092348014793,2808.999920654297,6620.699121251948,6633.807775774063,2836.9999099731444,6627.237399517071,6636.980380230461,2841.999908065796,6621.28104807898,6631.6286212061,2877.999894332886,6614.7411437478995,6631.285614512334,2880.9998931884766,6599.368932053674,6630.122103187945,2877.999894332886,6575.979235565608,6627.981605892962,2881.9998928070067,6601.30073356359,6629.3671501054505,2938.9998710632326,6599.1916022251435,6629.325589143259,2942.999869537354,6609.5537488156,6627.901266925452,2970.999858856201,6611.801587859522,6629.069830669073,2976.9998565673827,0.6829544786202629,2704.68402446832,-0.7353078438507625,2787.070907589055,1.2229014323562695,2789.029116865262,-0.13618040159686476,2838.073154361731,-0.5101088361141062,2856.244598504562,0.18999114077180715,2856.9446984814476,0.34673329945793063,2930.7481461193147,-0.1036499654564281,2973.8926203906426
26,4.129184416029602,1778188832.590743,0.1711590001359582,6608.40522358407,6633.937741846746,2628.999989318848,6632.776886633861,6640.101840022007,2630.999988555908,6634.386089800409,6641.229400617415,2762.9999382019046,6611.678741938442,6635.790764740044,2769.9999355316163,6607.672379802549,6634.249249625577,2803.9999225616457,6623.778761805789,6635.797733594156,2808.999920654297,6624.787281841245,6635.692569612128,2836.9999099731444,6631.81036769875,6639.510008558243,2841.999908065796,6623.283956352966,6633.3437540116765,2877.999894332886,6591.720408350399,6627.032900327047,2880.9998931884766,6579.661391631262,6625.983099000519,2877.999894332886,6597.500330103615,6628.129817831708,2881.9998928070067,6595.38579790323,6627.149899135006,2938.9998710632326,6618.432587034264,6630.483271693614,2942.999869537354,6611.292661307576,6631.222763395177,2970.999858856201,6599.136991472323,6630.097933795885,2976.9998565673827,-1.5579040183773376,2702.4431659713223,-0.3414470455185786,2787.4647683873873,-0.9957424954568869,2786.810472937449,-0.1215179892531306,2838.087816774075,-0.09883248390866707,2856.6558748567672,-0.5997718493946262,2856.1549354912813,-1.6153059269128525,2928.786106892944,0.3658666785942287,2974.362137034693
27,4.289032020606101,1778188832.67083,0.011643459089100361,6612.750495155425,6633.937741846746,2628.999989318848,6632.776886633861,6640.101840022007,2630.999988555908,6634.386089800409,6641.229400617415,2762.9999382019046,6611.678741938442,6635.790764740044,2769.9999355316163,6607.672379802549,6634.249249625577,2803.9999225616457,6623.778761805789,6635.797733594156,2808.999920654297,6624.787281841245,6635.692569612128,2836.9999099731444,6631.81036769875,6639.510008558243,2841.999908065796,6623.283956352966,6633.3437540116765,2877.999894332886,6591.720408350399,6627.032900327047,2880.9998931884766,6579.661391631262,6625.983099000519,2877.999894332886,6597.500330103615,6628.129817831708,2881.9998928070067,6595.38579790323,6627.149899135006,2938.9998710632326,6618.432587034264,6630.483271693614,2942.999869537354,6611.292661307576,6631.222763395177,2970.999858856201,6599.136991472323,6630.097933795885,2976.9998565673827,-1.1151228157978716,2702.885947173902,-0.3414470455185786,2787.4647683873873,-0.9957424954568869,2786.810472937449,-0.1215179892531306,2838.087816774075,-0.09883248390866707,2856.6558748567672,-0.5997718493946262,2856.1549354912813,-1.6153059269128525,2928.786106892944,0.3658666785942287,2974.362137034693
28,4.43713875010144,1778188832.898896,0.17155799991451204,6606.979585536571,6632.854809426292,2628.999989318848,6632.881110737537,6640.960865910687,2630.999988555908,6632.857167527584,6641.880213650395,2762.9999382019046,6612.511113488401,6636.342288412752,2769.9999355316163,6605.714865360515,6628.9386129535105,2803.9999225616457,6620.39589968518,6633.712453770213,2808.999920654297,6626.039904331081,6635.844259864903,2836.9999099731444,6632.946234373568,6639.6392639911965,2841.999908065796,6623.306305590367,6632.630861631568,2877.999894332886,6589.212018216829,6623.975734327721,2880.9998931884766,6580.695086652199,6625.409169544885,2877.999894332886,6595.690180945686,6627.2252957178225,2881.9998928070067,6596.7596799828825,6628.111353424826,2938.9998710632326,6617.506912308587,6630.152818106794,2942.999869537354,6613.644316410428,6630.674762355961,2970.999858856201,6600.462736497846,6628.384084726595,2976.9998565673827,-1.5165198914671378,2702.484550098233,-0.4318084367977422,2787.374406996108,-0.6497029773539416,2787.156512455552,-0.11287836179562027,2838.0964564015326,-0.09450142131406407,2856.660205919362,-0.5460581947623778,2856.2086491459136,-1.5241203453862953,2928.877292474471,0.3606503903080018,2974.356920746407
29,4.6031296661822125,1778188832.987063,0.015906749991700053,6611.808052388667,6632.854809426292,2628.999989318848,6632.881110737537,6640.960865910687,2630.999988555908,6632.857167527584,6641.880213650395,2762.9999382019046,6612.511113488401,6636.342288412752,2769.9999355316163,6605.714865360515,6628.9386129535105,2803.9999225616457,6620.39589968518,6633.712453770213,2808.999920654297,6626.039904331081,6635.844259864903,2836.9999099731444,6632.946234373568,6639.6392639911965,2841.999908065796,6623.306305590367,6632.630861631568,2877.999894332886,6589.212018216829,6623.975734327721,2880.9998931884766,6580.695086652199,6625.409169544885,2877.999894332886,6595.690180945686,6627.2252957178225,2881.9998928070067,6596.7596799828825,6628.111353424826,2938.9998710632326,6617.506912308587,6630.152818106794,2942.999869537354,6613.644316410428,6630.674762355961,2970.999858856201,6600.462736497846,6628.384084726595,2976.9998565673827,-1.024420978053323,2702.9766490116463,-0.4318084367977422,2787.374406996108,-0.6497029773539416,2787.156512455552,-0.11287836179562027,2838.0964564015326,-0.09450142131406407,2856.660205919362,-0.5460581947623778,2856.2086491459136,-1.5241203453862953,2928.877292474471,0.3606503903080018,2974.356920746407
30,4.7620162080274895,1778188833.212605,0.14921900001354516,6629.632227893756,6610.710456337683,2628.999989318848,6630.378466852095,6637.671959531743,2630.999988555908,6630.923692575724,6639.175411865392,2762.9999382019046,6625.401271510224,6625.834433169299,2769.9999355316163,6629.613208729407,6612.260546504875,2803.9999225616457,6628.193078521869,6623.283199865515,2808.999920654297,6629.462304000977,6630.443631751077,2836.9999099731444,6632.362459883242,6634.41588776477,2841.999908065796,6620.091751994378,6631.604584772443,2877.999894332886,6608.107619891799,6603.804665770089,2880.9998931884766,6613.093101445731,6593.014573463336,2877.999894332886,6611.689965461381,6608.544131491275,2881.9998928070067,6618.39288901794,6605.851928660942,2938.9998710632326,6623.470131735795,6620.702092184491,2942.999869537354,6618.687485099489,6622.970151603142,2970.999858856201,6620.701890454504,6612.515614206682,2976.9998565673827,2.975811524812353,2706.976881514512,-1.2630261340684483,2786.5431892988377,1.023555596895025,2788.829771029801,0.26790897358294374,2838.477243736911,-0.9849598763642241,2855.7697474643114,0.09963614175861535,2856.8543434824346,1.0441008927826514,2931.4455137126397,-0.5458773685616252,2973.4503929875373
31,4.912434562109411,1778188833.2945101,0.012197041884064674,6632.757013173579,6610.710456337683,2628.999989318848,6630.378466852095,6637.671959531743,2630.999988555908,6630.923692575724,6639.175411865392,2762.9999382019046,6625.401271510224,6625.834433169299,2769.9999355316163,6629.613208729407,6612.260546504875,2803.9999225616457,6628.193078521869,6623.283199865515,2808.999920654297,6629.462304000977,6630.443631751077,2836.9999099731444,6632.362459883242,6634.41588776477,2841.999908065796,6620.091751994378,6631.604584772443,2877.999894332886,6608.107619891799,6603.804665770089,2880.9998931884766,6613.093101445731,6593.014573463336,2877.999894332886,6611.689965461381,6608.544131491275,2881.9998928070067,6618.39288901794,6605.851928660942,2938.9998710632326,6623.470131735795,6620.702092184491,2942.999869537354,6618.687485099489,6622.970151603142,2970.999858856201,6620.701890454504,6612.515614206682,2976.9998565673827,3.2953445027660035,2707.296414492466,-1.2630261340684483,2786.5431892988377,1.023555596895025,2788.829771029801,0.26790897358294374,2838.477243736911,-0.9849598763642241,2855.7697474643114,0.09963614175861535,2856.8543434824346,1.0441008927826514,2931.4455137126397,-0.5458773685616252,2973.4503929875373
32,5.0595766035839915,1778188833.522444,0.1737746251747012,6631.531220772075,6612.563800165051,2628.999989318848,6637.668919827612,6610.881957392181,2630.999988555908,6628.110023840818,6635.560357000946,2762.9999382019046,6626.902015771617,6640.877430693523,2769.9999355316163,6635.489766787908,6625.213494513557,2803.9999225616457,6633.961529174436,6608.5007778830595,2808.999920654297,6629.223680349665,6624.645745331172,2836.9999099731444,6629.762404865971,6627.672295748389,2841.999908065796,6621.1503728948255,6629.048473270777,2877.999894332886,6613.953230736314,6627.399659198582,2880.9998931884766,6621.30323990586,6607.6594155943385,2877.999894332886,6617.407581685361,6588.567966194945,2881.9998928070067,6622.745989852369,6608.987437723508,2938.9998710632326,6625.553029006327,6603.81185927805,2942.999869537354,6619.821953418711,6621.9095561940285,2970.999858856201,6621.111816486843,6619.802211388576,2976.9998565673827,-0.5019484824746727,2703.499121507225,-0.736710390988717,2787.069505041917,-1.0486609958096744,2786.757554437096,0.39716753147946027,2838.606502294808,-0.5239872722440819,2856.2307200684318,-0.5916420974989345,2856.163065243177,-0.5618295002600018,2929.839583319597,-0.19351442984413494,2973.802755926255
33,5.229958166135475,1778188833.612326,0.012782250065356493,6632.810833817281,6612.563800165051,2628.999989318848,6637.668919827612,6610.881957392181,2630.999988555908,6628.110023840818,6635.560357000946,2762.9999382019046,6626.902015771617,6640.877430693523,2769.9999355316163,6635.489766787908,6625.213494513557,2803.9999225616457,6633.961529174436,6608.5007778830595,2808.999920654297,6629.223680349665,6624.645745331172,2836.9999099731444,6629.762404865971,6627.672295748389,2841.999908065796,6621.1503728948255,6629.048473270777,2877.999894332886,6613.953230736314,6627.399659198582,2880.9998931884766,6621.30323990586,6607.6594155943385,2877.999894332886,6617.407581685361,6588.567966194945,2881.9998928070067,6622.745989852369,6608.987437723508,2938.9998710632326,6625.553029006327,6603.81185927805,2942.999869537354,6619.821953418711,6621.9095561940285,2970.999858856201,6621.111816486843,6619.802211388576,2976.9998565673827,-0.3711350244436851,2703.629934965256,-0.736710390988717,2787.069505041917,-1.0486609958096744,2786.757554437096,0.39716753147946027,2838.606502294808,-0.5239872722440819,2856.2307200684318,-0.5916420974989345,2856.163065243177,-0.5618295002600018,2929.839583319597,-0.19351442984413494,2973.802755926255
34,5.378850479144603,1778188833.8400068,0.1703535420820117,6633.2367515359,6636.012583672096,2628.999989318848,6638.879490784607,6640.718679891188,2630.999988555908,6635.195670446557,6624.738203380504,2762.9999382019046,6623.565597395849,6610.426935538099,2769.9999355316163,6632.675216248432,6625.679689458079,2803.9999225616457,6631.767183727115,6629.002494116209,2808.999920654297,6632.54862915304,6633.118227526973,2836.9999099731444,6633.320680380231,6639.5970611608645,2841.999908065796,6622.30749304643,6607.776548888956,2877.999894332886,6609.299384112234,6587.625729742947,2880.9998931884766,6616.704205764587,6606.312360546505,2877.999894332886,6618.199324510194,6601.61531313996,2881.9998928070067,6624.195895100405,6618.9364596387195,2938.9998710632326,6626.691544151358,6620.510149157931,2942.999869537354,6618.684167252499,6608.312514900511,2970.999858856201,6619.558432924781,6605.9534416358465,2976.9998565673827,0.20258505669886104,2704.2036550463986,-1.0757004667471888,2786.730514966159,0.40741001593248233,2788.2136254488382,0.6891100365334029,2838.8984447998614,-0.799626562901198,2855.9550807777746,-0.39718096031122174,2856.3575263803646,0.07757875386059519,2930.4789915737174,-0.1875876517135722,2973.8086827043853
35,5.544119228608906,1778188833.9264882,0.012784874998033047,6633.827799003577,6636.012583672096,2628.999989318848,6638.879490784607,6640.718679891188,2630.999988555908,6635.195670446557,6624.738203380504,2762.9999382019046,6623.565597395849,6610.426935538099,2769.9999355316163,6632.675216248432,6625.679689458079,2803.9999225616457,6631.767183727115,6629.002494116209,2808.999920654297,6632.54862915304,6633.118227526973,2836.9999099731444,6633.320680380231,6639.5970611608645,2841.999908065796,6622.30749304643,6607.776548888956,2877.999894332886,6609.299384112234,6587.625729742947,2880.9998931884766,6616.704205764587,6606.312360546505,2877.999894332886,6618.199324510194,6601.61531313996,2881.9998928070067,6624.195895100405,6618.9364596387195,2938.9998710632326,6626.691544151358,6620.510149157931,2942.999869537354,6618.684167252499,6608.312514900511,2970.999858856201,6619.558432924781,6605.9534416358465,2976.9998565673827,0.2627936946627971,2704.2638636843626,-1.0757004667471888,2786.730514966159,0.40741001593248233,2788.2136254488382,0.6891100365334029,2838.8984447998614,-0.799626562901198,2855.9550807777746,-0.39718096031122174,2856.3575263803646,0.07757875386059519,2930.4789915737174,-0.1875876517135722,2973.8086827043853
36,5.691952374530956,1778188834.154187,0.17251283302903175,6609.3099352018835,6634.451581746491,2628.999989318848,6607.6745377021125,6633.981361371763,2630.999988555908,6630.478187180977,6637.735256900082,2762.9999382019046,6627.1559357520555,6636.756378946724,2769.9999355316163,6621.689248708621,6635.862945869119,2803.9999225616457,6603.665988629764,6632.952989271634,2808.999920654297,6620.600622000794,6633.052865482777,2836.9999099731444,6625.387044961336,6635.861330500964,2841.999908065796,6618.406638750498,6631.094773359417,2877.999894332886,6614.605492557386,6626.804193538528,2880.9998931884766,6598.509311672829,6628.2683650701465,2877.999894332886,6576.427615612678,6621.666372222392,2881.9998928070067,6599.301500748846,6626.674925879513,2938.9998710632326,6599.250027508633,6627.860771158725,2942.999869537354,6610.656866460861,6628.451381544763,2970.999858856201,6610.200942934866,6627.889546718832,2976.9998565673827,0.41704330396455674,2704.418113293664,-0.8898910716760281,2786.9163243612297,1.2198728986641785,2789.02608833157,-0.00993256295336269,2838.1994022003746,-0.65406885688854,2856.1006384837874,0.06746547382989491,2856.822172814506,0.2715552016353006,2930.672968021492,-0.06574422141838764,2973.930526134681
37,5.8435113955056295,1778188834.225379,0.011781208915635943,6613.890764740044,6634.451581746491,2628.999989318848,6607.6745377021125,6633.981361371763,2630.999988555908,6630.478187180977,6637.735256900082,2762.9999382019046,6627.1559357520555,6636.756378946724,2769.9999355316163,6621.689248708621,6635.862945869119,2803.9999225616457,6603.665988629764,6632.952989271634,2808.999920654297,6620.600622000794,6633.052865482777,2836.9999099731444,6625.387044961336,6635.861330500964,2841.999908065796,6618.406638750498,6631.094773359417,2877.999894332886,6614.605492557386,6626.804193538528,2880.9998931884766,6598.509311672829,6628.2683650701465,2877.999894332886,6576.427615612678,6621.666372222392,2881.9998928070067,6599.301500748846,6626.674925879513,2938.9998710632326,6599.250027508633,6627.860771158725,2942.999869537354,6610.656866460861,6628.451381544763,2970.999858856201,6610.200942934866,6627.889546718832,2976.9998565673827,0.8837916039679258,2704.8848615936677,-0.8898910716760281,2786.9163243612297,1.2198728986641785,2789.02608833157,-0.00993256295336269,2838.1994022003746,-0.65406885688854,2856.1006384837874,0.06746547382989491,2856.822172814506,0.2715552016353006,2930.672968021492,-0.06574422141838764,2973.930526134681
38,5.991756249568425,1778188834.4534988,0.1715261668432504,6608.770481706759,6632.753123758291,2628.999989318848,6635.393778463795,6640.8301020876,2630.999988555908,6636.594392823305,6641.919674786807,2762.9999382019046,6611.325428676224,6634.8483280863165,2769.9999355316163,6604.271809762508,6631.820379313506,2803.9999225616457,6622.4620839319,6632.591933857017,2808.999920654297,6624.3929944677075,6634.25564843965,2836.9999099731444,6632.141160558732,6637.170478650243,2841.999908065796,6620.0688953754925,6633.16255157869,2877.999894332886,6591.150106978023,6622.598179845341,2880.9998931884766,6576.529735305803,6624.906279609988,2877.999894332886,6594.520168413974,6627.62653513464,2881.9998928070067,6597.788209493536,6628.281694531895,2938.9998710632326,6617.4599489562,6630.366635082678,2942.999869537354,6611.330933459669,6631.733025644161,2970.999858856201,6600.279255432955,6629.80262707461,2976.9998565673827,-1.5927413598867437,2702.4083286298132,-0.3072273982657493,2787.49898803464,-1.2096351251082644,2786.5965803077975,-0.269449028304961,2837.9398857350234,-0.2471059150392781,2856.5076014256365,-0.5908838590103018,2856.1638234816655,-1.4233376889920235,2928.978075130865,0.2919881529839227,2974.288258509083
39,6.161163874552585,1778188834.5434518,0.012622916838154197,6614.131199376471,6632.753123758291,2628.999989318848,6635.393778463795,6640.8301020876,2630.999988555908,6636.594392823305,6641.919674786807,2762.9999382019046,6611.325428676224,6634.8483280863165,2769.9999355316163,6604.271809762508,6631.820379313506,2803.9999225616457,6622.4620839319,6632.591933857017,2808.999920654297,6624.3929944677075,6634.25564843965,2836.9999099731444,6632.141160558732,6637.170478650243,2841.999908065796,6620.0688953754925,6633.16255157869,2877.999894332886,6591.150106978023,6622.598179845341,2880.9998931884766,6576.529735305803,6624.906279609988,2877.999894332886,6594.520168413974,6627.62653513464,2881.9998928070067,6597.788209493536,6628.281694531895,2938.9998710632326,6617.4599489562,6630.366635082678,2942.999869537354,6611.330933459669,6631.733025644161,2970.999858856201,6600.279255432955,6629.80262707461,2976.9998565673827,-1.046389098600732,2702.954680891099,-0.3072273982657493,2787.49898803464,-1.2096351251082644,2786.5965803077975,-0.269449028304961,2837.9398857350234,-0.2471059150392781,2856.5076014256365,-0.5908838590103018,2856.1638234816655,-1.4233376889920235,2928.978075130865,0.2919881529839227,2974.288258509083
40,6.309217645553872,1778188834.771107,0.17182254092767835,6632.622436348077,6606.865562245926,2628.999989318848,6635.691194180395,6639.674571323776,2630.999988555908,6632.885027661461,6638.55556285723,2762.9999382019046,6626.246865543906,6625.156284194762,2769.9999355316163,6632.984650181863,6610.034589051563,2803.9999225616457,6633.541512057952,6627.170931014458,2808.999920654297,6627.900146712718,6630.012410979002,2836.9999099731444,6631.999301586332,6634.323244796283,2841.999908065796,6622.657184338418,6632.628248311276,2877.999894332886,6613.154190482013,6604.285944615949,2880.9998931884766,6619.208468074701,6585.933717944799,2877.999894332886,6614.83029006327,6606.206479811719,2881.9998928070067,6625.401048384631,6603.36010789498,2938.9998710632326,6626.536774459761,6618.7608475716,2942.999869537354,6620.821935079623,6621.941655714155,2970.999858856201,6620.953476785769,6607.6195082067425,2976.9998565673827,3.339053464667723,2707.3401234543676,-1.2243382574458053,2786.5818771754602,1.3343944846922933,2789.1406099175983,0.18956783275561234,2838.3989025960836,-1.0504933777380088,2855.704213962938,0.26638721802734894,2857.021094558703,1.4515120628653577,2931.852924882722,-0.6235732148048668,2973.3726971412943
41,6.4622859376249835,1778188834.84465,0.012772124959155917,6634.090217623865,6606.865562245926,2628.999989318848,6635.691194180395,6639.674571323776,2630.999988555908,6632.885027661461,6638.55556285723,2762.9999382019046,6626.246865543906,6625.156284194762,2769.9999355316163,6632.984650181863,6610.034589051563,2803.9999225616457,6633.541512057952,6627.170931014458,2808.999920654297,6627.900146712718,6630.012410979002,2836.9999099731444,6631.999301586332,6634.323244796283,2841.999908065796,6622.657184338418,6632.628248311276,2877.999894332886,6613.154190482013,6604.285944615949,2880.9998931884766,6619.208468074701,6585.933717944799,2877.999894332886,6614.83029006327,6606.206479811719,2881.9998928070067,6625.401048384631,6603.36010789498,2938.9998710632326,6626.536774459761,6618.7608475716,2942.999869537354,6620.821935079623,6621.941655714155,2970.999858856201,6620.953476785769,6607.6195082067425,2976.9998565673827,3.4892325711441874,2707.490302560844,-1.2243382574458053,2786.5818771754602,1.3343944846922933,2789.1406099175983,0.18956783275561234,2838.3989025960836,-1.0504933777380088,2855.704213962938,0.26638721802734894,2857.021094558703,1.4515120628653577,2931.852924882722,-0.6235732148048668,2973.3726971412943
42,6.6161413750378415,1778188835.072754,0.1612650000024587,6632.08434300211,6633.00471314607,2628.999989318848,6638.878607451783,6639.76333404652,2630.999988555908,6607.045716294282,6632.8829752116635,2762.9999382019046,6580.028424060886,6631.270590213038,2769.9999355316163,6607.596489592566,6633.234294097869,2803.9999225616457,6603.026376195861,6634.876822447046,2808.999920654297,6621.184352171654,6633.694482990494,2836.9999099731444,6623.08780144879,6636.680578903934,2841.999908065796,6598.686636916587,6630.912106855763,2877.999894332886,6588.441267536754,6623.891426475532,2880.9998931884766,6620.915837332274,6626.352867011034,2877.999894332886,6624.017426720054,6631.385000152826,2881.9998928070067,6617.769768010514,6627.456190971056,2938.9998710632326,6606.461293822783,6629.676483173886,2942.999869537354,6611.662462939756,6630.130002750864,2970.999858856201,6616.27503132928,6625.778657884281,2976.9998565673827,0.2944071351705832,2704.2954771248706,-0.04191223962823727,2787.7643031932776,0.5543064192076114,2788.3605218521134,0.2683761414432177,2838.4777109047714,-0.5733700766871143,2856.1813372639886,-0.223065193550623,2856.5316421471252,1.378187546543575,2931.7796003664002,-0.40879572828725513,2973.587474627812
43,6.777685333159752,1778188835.160115,0.012866250006482005,6634.423278417948,6633.00471314607,2628.999989318848,6638.878607451783,6639.76333404652,2630.999988555908,6607.045716294282,6632.8829752116635,2762.9999382019046,6580.028424060886,6631.270590213038,2769.9999355316163,6607.596489592566,6633.234294097869,2803.9999225616457,6603.026376195861,6634.876822447046,2808.999920654297,6621.184352171654,6633.694482990494,2836.9999099731444,6623.08780144879,6636.680578903934,2841.999908065796,6598.686636916587,6630.912106855763,2877.999894332886,6588.441267536754,6623.891426475532,2880.9998931884766,6620.915837332274,6626.352867011034,2877.999894332886,6624.017426720054,6631.385000152826,2881.9998928070067,6617.769768010514,6627.456190971056,2938.9998710632326,6606.461293822783,6629.676483173886,2942.999869537354,6611.662462939756,6630.130002750864,2970.999858856201,6616.27503132928,6625.778657884281,2976.9998565673827,0.5327771188518095,2704.5338471085515,-0.04191223962823727,2787.7643031932776,0.5543064192076114,2788.3605218521134,0.2683761414432177,2838.4777109047714,-0.5733700766871143,2856.1813372639886,-0.223065193550623,2856.5316421471252,1.378187546543575,2931.7796003664002,-0.40879572828725513,2973.587474627812
44,6.944305333076045,1778188835.3879611,0.13535183388739824,6613.461061527647,6629.2998777394005,2628.999989318848,6600.915375798514,6633.143662316227,2630.999988555908,6606.096515572945,6632.488125439374,2762.9999382019046,6590.316022251429,6632.335825411865,2769.9999355316163,6616.291583886053,6632.558449735612,2803.9999225616457,6616.9035852920515,6633.88039398478,2808.999920654297,6611.706887856466,6632.3517605526185,2836.9999099731444,6610.567947855855,6632.570680380231,2841.999908065796,6616.325772534156,6632.708416113947,2877.999894332886,6611.933465782315,6630.326802579699,2880.9998931884766,6614.13306232234,6623.5842497784015,2877.999894332886,6599.1293257328,6627.027988507504,2881.9998928070067,6617.77486016444,6627.404545037748,2938.9998710632326,6620.011413026868,6629.467342665892,2942.999869537354,6620.757422746584,6629.685802488003,2970.999858856201,6620.319798575665,6625.928058807348,2976.9998565673827,1.9674750918431827,2705.9685450815427,-0.40159412553471413,2787.404621307371,0.1438518845068383,2787.950067317413,0.2939295206122138,2838.5032642839406,-0.6002175198374589,2856.1544898208385,0.12987309619753082,2856.8845804368734,0.1446662651453191,2930.546079085002,-0.1902331323078137,2973.8060372237915
45,7.088161270599812,1778188835.470114,0.01195070892572403,6619.044961335087,6629.2998777394005,2628.999989318848,6600.915375798514,6633.143662316227,2630.999988555908,6606.096515572945,6632.488125439374,2762.9999382019046,6590.316022251429,6632.335825411865,2769.9999355316163,6616.291583886053,6632.558449735612,2803.9999225616457,6616.9035852920515,6633.88039398478,2808.999920654297,6611.706887856466,6632.3517605526185,2836.9999099731444,6610.567947855855,6632.570680380231,2841.999908065796,6616.325772534156,6632.708416113947,2877.999894332886,6611.933465782315,6630.326802579699,2880.9998931884766,6614.13306232234,6623.5842497784015,2877.999894332886,6599.1293257328,6627.027988507504,2881.9998928070067,6617.77486016444,6627.404545037748,2938.9998710632326,6620.011413026868,6629.467342665892,2942.999869537354,6620.757422746584,6629.685802488003,2970.999858856201,6620.319798575665,6625.928058807348,2976.9998565673827,2.5368700206824157,2706.537940010382,-0.40159412553471413,2787.404621307371,0.1438518845068383,2787.950067317413,0.2939295206122138,2838.5032642839406,-0.6002175198374589,2856.1544898208385,0.12987309619753082,2856.8845804368734,0.1446662651453191,2930.546079085002,-0.1902331323078137,2973.8060372237915
46,7.236726583098061,1778188835.698106,0.1707996658515185,6631.947241495247,6635.389094354617,2628.999989318848,6641.115689091297,6638.226811749244,2630.999988555908,6633.177716477672,6624.545652107467,2762.9999382019046,6624.05302747807,6607.553375920774,2769.9999355316163,6630.998141638903,6622.816117003393,2803.9999225616457,6628.213633584988,6629.534778555491,2808.999920654297,6631.078639545191,6633.516332487697,2836.9999099731444,6629.124446006664,6638.041380627808,2841.999908065796,6623.872635021548,6607.375116911697,2877.999894332886,6612.376831616591,6585.36255769172,2880.9998931884766,6617.22191215576,6606.084456093163,2877.999894332886,6617.203852737109,6600.566959073265,2881.9998928070067,6624.27543631751,6619.55129901886,2938.9998710632326,6625.220550478344,6622.795509979522,2942.999869537354,6620.224420026285,6607.685952257236,2970.999858856201,6619.8283996087675,6605.183051624537,2976.9998565673827,-0.3467001348588599,2703.6543698548408,-1.267057510813563,2786.5391579220923,0.8015605290052096,2788.607775961911,0.7593609325444015,2838.9686956958726,-0.873143229547705,2855.8815641111282,-0.38238181375795377,2856.372325526918,0.3679740117267836,2930.7693868315837,-0.14382935845632225,2973.8524409976426
47,7.404869437566958,1778188835.787125,0.012555124936625361,6633.964969282024,6635.389094354617,2628.999989318848,6641.115689091297,6638.226811749244,2630.999988555908,6633.177716477672,6624.545652107467,2762.9999382019046,6624.05302747807,6607.553375920774,2769.9999355316163,6630.998141638903,6622.816117003393,2803.9999225616457,6628.213633584988,6629.534778555491,2808.999920654297,6631.078639545191,6633.516332487697,2836.9999099731444,6629.124446006664,6638.041380627808,2841.999908065796,6623.872635021548,6607.375116911697,2877.999894332886,6612.376831616591,6585.36255769172,2880.9998931884766,6617.22191215576,6606.084456093163,2877.999894332886,6617.203852737109,6600.566959073265,2881.9998928070067,6624.27543631751,6619.55129901886,2938.9998710632326,6625.220550478344,6622.795509979522,2942.999869537354,6620.224420026285,6607.685952257236,2970.999858856201,6619.8283996087675,6605.183051624537,2976.9998565673827,-0.14113956031836603,2703.8599304293816,-1.267057510813563,2786.5391579220923,0.8015605290052096,2788.607775961911,0.7593609325444015,2838.9686956958726,-0.873143229547705,2855.8815641111282,-0.38238181375795377,2856.372325526918,0.3679740117267836,2930.7693868315837,-0.14382935845632225,2973.8524409976426
48,7.553541666595265,1778188836.015083,0.17112183291465044,6608.93080508604,6634.8128816823055,2628.999989318848,6638.46798147752,6642.382881987956,2630.999988555908,6637.797927682857,6641.8507213375315,2762.9999382019046,6611.268143472812,6635.57729315035,2769.9999355316163,6606.7940993978655,6635.06775682367,2803.9999225616457,6622.1184644068835,6636.64271479659,2808.999920654297,6627.915906103861,6637.353406485924,2836.9999099731444,6630.310732952288,6637.940347525751,2841.999908065796,6623.408273986002,6634.134165724242,2877.999894332886,6591.08766696213,6626.458957117096,2880.9998931884766,6580.973305926583,6626.56391631262,2877.999894332886,6594.403542500841,6629.043899196136,2881.9998928070067,6598.633811168506,6626.879363939237,2938.9998710632326,6618.990300149769,6627.562508787481,2942.999869537354,6613.18601033102,6629.90066173549,2970.999858856201,6599.4954274536185,6630.064648347955,2976.9998565673827,-1.940473117285508,2702.0605968724144,-0.23174071897946127,2787.5744747139265,-0.9353163026541528,2786.870899130252,0.005990147698280332,2838.2153249110265,-0.11182337188473783,2856.642883968791,-0.4984756112834958,2856.2562317293923,-1.6113034194595826,2928.7901094003973,0.47513879144694876,2974.471409147546
49,7.722304687136784,1778188836.104471,0.012377541977912188,6613.210960662653,6634.8128816823055,2628.999989318848,6638.46798147752,6642.382881987956,2630.999988555908,6637.797927682857,6641.8507213375315,2762.9999382019046,6611.268143472812,6635.57729315035,2769.9999355316163,6606.7940993978655,6635.06775682367,2803.9999225616457,6622.1184644068835,6636.64271479659,2808.999920654297,6627.915906103861,6637.353406485924,2836.9999099731444,6630.310732952288,6637.940347525751,2841.999908065796,6623.408273986002,6634.134165724242,2877.999894332886,6591.08766696213,6626.458957117096,2880.9998931884766,6580.973305926583,6626.56391631262,2877.999894332886,6594.403542500841,6629.043899196136,2881.9998928070067,6598.633811168506,6626.879363939237,2938.9998710632326,6618.990300149769,6627.562508787481,2942.999869537354,6613.18601033102,6629.90066173549,2970.999858856201,6599.4954274536185,6630.064648347955,2976.9998565673827,-1.5043847332135492,2702.496685256486,-0.23174071897946127,2787.5744747139265,-0.9353163026541528,2786.870899130252,0.005990147698280332,2838.2153249110265,-0.11182337188473783,2856.642883968791,-0.4984756112834958,2856.2562317293923,-1.6113034194595826,2928.7901094003973,0.47513879144694876,2974.471409147546
50,7.8713727705180645,1778188836.332203,0.1697020409628749,6635.097837515665,6640.018924412385,2628.999989318848,6644.467863801694,6642.4812666197995,2630.999988555908,6624.087946633248,6638.17843934346,2762.9999382019046,6597.1776293669955,6633.133413821561,2769.9999355316163,6621.605023382339,6632.814718647797,2803.9999225616457,6625.386586484092,6636.559311672831,2808.999920654297,6628.072876486231,6636.218644741265,2836.9999099731444,6633.063078827521,6639.737153467618,2841.999908065796,6601.211721734879,6629.995785065868,2877.999894332886,6571.231462236758,6622.802115108354,2880.9998931884766,6596.4815829691,6628.201739157013,2877.999894332886,6591.022121527034,6626.825168872451,2881.9998928070067,6615.0170782773475,6630.409249014275,2938.9998710632326,6617.779420484762,6627.18479689458,2942.999869537354,6600.219017636091,6630.663340159549,2970.999858856201,6597.502463551059,6627.552304612282,2976.9998565673827,-0.4050387657645215,2703.5960312239354,-0.17208758872197605,2787.634127844184,0.08786853826814824,2787.894083971174,0.036275839558158704,2838.2456106028862,-0.151239913551017,2856.603467427125,-0.17681587649436428,2856.5778914641814,-0.3778995672822453,2930.0235132525745,-0.07643526092484619,2973.919835095174
51,8.02630762453191,1778188836.409208,0.01384416688233614,6635.607907204207,6640.018924412385,2628.999989318848,6644.467863801694,6642.4812666197995,2630.999988555908,6624.087946633248,6638.17843934346,2762.9999382019046,6597.1776293669955,6633.133413821561,2769.9999355316163,6621.605023382339,6632.814718647797,2803.9999225616457,6625.386586484092,6636.559311672831,2808.999920654297,6628.072876486231,6636.218644741265,2836.9999099731444,6633.063078827521,6639.737153467618,2841.999908065796,6601.211721734879,6629.995785065868,2877.999894332886,6571.231462236758,6622.802115108354,2880.9998931884766,6596.4815829691,6628.201739157013,2877.999894332886,6591.022121527034,6626.825168872451,2881.9998928070067,6615.0170782773475,6630.409249014275,2938.9998710632326,6617.779420484762,6627.18479689458,2942.999869537354,6600.219017636091,6630.663340159549,2970.999858856201,6597.502463551059,6627.552304612282,2976.9998565673827,-0.3531104972980399,2703.6479594924017,-0.17208758872197605,2787.634127844184,0.08786853826814824,2787.894083971174,0.036275839558158704,2838.2456106028862,-0.151239913551017,2856.603467427125,-0.17681587649436428,2856.5778914641814,-0.3778995672822453,2930.0235132525745,-0.07643526092484619,2973.919835095174
52,8.176898791571148,1778188836.6370811,0.16840591677464545,6635.751939358743,6641.861275483692,2628.999989318848,6642.578327780664,6626.655420729284,2630.999988555908,6631.629584008314,6609.437118317694,2762.9999382019046,6621.613532719993,6623.029003270471,2769.9999355316163,6631.754528226916,6627.797068802152,2803.9999225616457,6630.966491426475,6633.534767857689,2808.999920654297,6633.4831570743045,6635.416421126631,2836.9999099731444,6635.623758290798,6614.875424091451,2841.999908065796,6619.1389537549285,6589.046582816273,2877.999894332886,6607.311159336125,6603.785726075129,2880.9998931884766,6619.635872787847,6602.842780511661,2877.999894332886,6616.605598007152,6622.468977901398,2881.9998928070067,6623.7106244460065,6622.6814775193325,2938.9998710632326,6626.7247822233085,6607.494165112938,2942.999869537354,6621.0348060641245,6607.445639881407,2970.999858856201,6618.277902925086,6631.398867561207,2976.9998565673827,-1.9479845083589076,2702.053085481341,-0.10543820394900698,2787.7007772289567,0.5785023231528006,2788.3847177560588,-1.898389727881369,2836.310945035447,-0.06721923244627015,2856.6874881082294,0.221315051529795,2856.976022392206,-1.483687720576425,2928.9177250992807,0.9749966056248318,2974.971266961724
53,8.337566937087104,1778188836.719806,0.012521207798272371,6635.901155362655,6641.861275483692,2628.999989318848,6642.578327780664,6626.655420729284,2630.999988555908,6631.629584008314,6609.437118317694,2762.9999382019046,6621.613532719993,6623.029003270471,2769.9999355316163,6631.754528226916,6627.797068802152,2803.9999225616457,6630.966491426475,6633.534767857689,2808.999920654297,6633.4831570743045,6635.416421126631,2836.9999099731444,6635.623758290798,6614.875424091451,2841.999908065796,6619.1389537549285,6589.046582816273,2877.999894332886,6607.311159336125,6603.785726075129,2880.9998931884766,6619.635872787847,6602.842780511661,2877.999894332886,6616.605598007152,6622.468977901398,2881.9998928070067,6623.7106244460065,6622.6814775193325,2938.9998710632326,6626.7247822233085,6607.494165112938,2942.999869537354,6621.0348060641245,6607.445639881407,2970.999858856201,6618.277902925086,6631.398867561207,2976.9998565673827,-1.9327976043712323,2702.0682723853283,-0.10543820394900698,2787.7007772289567,0.5785023231528006,2788.3847177560588,-1.898389727881369,2836.310945035447,-0.06721923244627015,2856.6874881082294,0.221315051529795,2856.976022392206,-1.483687720576425,2928.9177250992807,0.9749966056248318,2974.971266961724
54,8.485507874633186,1778188836.94755,0.17212208290584385,6610.969459302503,6635.876260048292,2628.999989318848,6610.192870678851,6634.547654124767,2630.999988555908,6632.137968028854,6640.353631139774,2762.9999382019046,6629.014850077941,6640.546034171837,2769.9999355316163,6622.840592046948,6637.440677629367,2803.9999225616457,6605.778714429808,6633.207801754439,2808.999920654297,6619.959210807838,6632.000267445059,2836.9999099731444,6626.1503728948255,6636.3230766879615,2841.999908065796,6620.5566127701195,6630.265892349545,2877.999894332886,6614.081057248525,6630.245916496011,2880.9998931884766,6600.0355977015015,6629.81626371611,2877.999894332886,6575.856224592719,6624.401937830486,2881.9998928070067,6602.849688235474,6632.023909588288,2938.9998710632326,6599.3399654613795,6629.1894840602745,2942.999869537354,6612.301554237858,6632.91245988324,2970.999858856201,6614.462366659534,6632.3603401901155,2976.9998565673827,0.24239444490702883,2704.2434644346067,-0.8543030995458131,2786.9519123333603,1.049528714028308,2788.8557441469343,-0.00018670657598473094,2838.209148056752,-0.5045222414748087,2856.250185099201,0.13744269394109965,2856.892150034617,0.22249791417343345,2930.6239107340302,-0.16671822077874207,2973.8295521353202
55,8.653542916523293,1778188837.0362759,0.013508167117834091,6615.521181648684,6635.876260048292,2628.999989318848,6610.192870678851,6634.547654124767,2630.999988555908,6632.137968028854,6640.353631139774,2762.9999382019046,6629.014850077941,6640.546034171837,2769.9999355316163,6622.840592046948,6637.440677629367,2803.9999225616457,6605.778714429808,6633.207801754439,2808.999920654297,6619.959210807838,6632.000267445059,2836.9999099731444,6626.1503728948255,6636.3230766879615,2841.999908065796,6620.5566127701195,6630.265892349545,2877.999894332886,6614.081057248525,6630.245916496011,2880.9998931884766,6600.0355977015015,6629.81626371611,2877.999894332886,6575.856224592719,6624.401937830486,2881.9998928070067,6602.849688235474,6632.023909588288,2938.9998710632326,6599.3399654613795,6629.1894840602745,2942.999869537354,6612.301554237858,6632.91245988324,2970.999858856201,6614.462366659534,6632.3603401901155,2976.9998565673827,0.7060773939570573,2704.707147383657,-0.8543030995458131,2786.9519123333603,1.049528714028308,2788.8557441469343,-0.00018670657598473094,2838.209148056752,-0.5045222414748087,2856.250185099201,0.13744269394109965,2856.892150034617,0.22249791417343345,2930.6239107340302,-0.16671822077874207,2973.8295521353202
56,8.802358291577548,1778188837.26432,0.171960833016783,6635.548645963873,6605.168336033254,2628.999989318848,6636.120701775833,6638.84873918758,2630.999988555908,6633.8391998043835,6641.680588073478,2762.9999382019046,6627.133748509948,6622.219450132958,2769.9999355316163,6635.336421432282,6612.661076810221,2803.9999225616457,6631.891559433934,6623.88199559862,2808.999920654297,6629.742551273038,6627.727163248464,2836.9999099731444,6632.193663844485,6634.437549286304,2841.999908065796,6625.160033010361,6632.2082862120615,2877.999894332886,6615.106528715958,6607.687955802794,2880.9998931884766,6619.267310572485,6588.315927499466,2877.999894332886,6611.830610997342,6607.785603814531,2881.9998928070067,6625.865394137605,6604.712244398937,2938.9998710632326,6628.442513066601,6620.520720114924,2942.999869537354,6620.442378579943,6624.107519026805,2970.999858856201,6622.749492618517,6611.607636702633,2976.9998565673827,3.685135204872927,2707.6862051945727,-1.4446787798687613,2786.361536653037,1.1903742287022083,2788.996589661608,0.5580744806493911,2838.7674092439775,-0.9560600181341034,2855.798647322542,0.3143592779881625,2857.0690666186642,1.3579174126155162,2931.7593302324726,-0.6367882025147423,2973.3594821535844
57,8.994789500022307,1778188837.376749,0.011962249875068665,6637.236242626158,6605.168336033254,2628.999989318848,6636.120701775833,6638.84873918758,2630.999988555908,6633.8391998043835,6641.680588073478,2762.9999382019046,6627.133748509948,6622.219450132958,2769.9999355316163,6635.336421432282,6612.661076810221,2803.9999225616457,6631.891559433934,6623.88199559862,2808.999920654297,6629.742551273038,6627.727163248464,2836.9999099731444,6632.193663844485,6634.437549286304,2841.999908065796,6625.160033010361,6632.2082862120615,2877.999894332886,6615.106528715958,6607.687955802794,2880.9998931884766,6619.267310572485,6588.315927499466,2877.999894332886,6611.830610997342,6607.785603814531,2881.9998928070067,6625.865394137605,6604.712244398937,2938.9998710632326,6628.442513066601,6620.520720114924,2942.999869537354,6620.442378579943,6624.107519026805,2970.999858856201,6622.749492618517,6611.607636702633,2976.9998565673827,3.8578495499585874,2707.8589195396585,-1.4446787798687613,2786.361536653037,1.1903742287022083,2788.996589661608,0.5580744806493911,2838.7674092439775,-0.9560600181341034,2855.798647322542,0.3143592779881625,2857.0690666186642,1.3579174126155162,2931.7593302324726,-0.6367882025147423,2973.3594821535844
58,9.143004479119554,1778188837.60484,0.17170479195192456,6607.432405171623,6634.578184124461,2628.999989318848,6637.205200660207,6638.264943301649,2630.999988555908,6634.814254057524,6639.011399272548,2762.9999382019046,6612.860586239569,6634.714046214506,2769.9999355316163,6606.823875966622,6632.318736436714,2803.9999225616457,6620.382947703029,6631.994166641196,2808.999920654297,6627.089344988844,6633.097475318641,2836.9999099731444,6633.28834550845,6637.7857627533085,2841.999908065796,6622.231408747747,6629.764967753767,2877.999894332886,6591.19325427148,6626.698020906563,2880.9998931884766,6580.210023840817,6625.39526851484,2877.999894332886,6596.263405874622,6628.879813246936,2881.9998928070067,6599.819427209096,6629.612849588899,2938.9998710632326,6618.1533606382,6628.501618424673,2942.999869537354,6610.784777027232,6627.030115841917,2970.999858856201,6601.400563927011,6628.917736956323,2976.9998565673827,-2.359827156681927,2701.6412428330177,-0.32720970027706786,2787.479005732629,-0.945464426573551,2786.8607510063325,0.03269529003585957,2838.242030053364,-0.040300307218487444,2856.7144070334575,-0.5332002515364109,2856.2215070891393,-1.5897955061045577,2928.8116173137523,0.37497236390242333,2974.3712427200016
59,9.309666729066521,1778188837.693053,0.014804208185523748,6610.75948283767,6634.578184124461,2628.999989318848,6637.205200660207,6638.264943301649,2630.999988555908,6634.814254057524,6639.011399272548,2762.9999382019046,6612.860586239569,6634.714046214506,2769.9999355316163,6606.823875966622,6632.318736436714,2803.9999225616457,6620.382947703029,6631.994166641196,2808.999920654297,6627.089344988844,6633.097475318641,2836.9999099731444,6633.28834550845,6637.7857627533085,2841.999908065796,6622.231408747747,6629.764967753767,2877.999894332886,6591.19325427148,6626.698020906563,2880.9998931884766,6580.210023840817,6625.39526851484,2877.999894332886,6596.263405874622,6628.879813246936,2881.9998928070067,6599.819427209096,6629.612849588899,2938.9998710632326,6618.1533606382,6628.501618424673,2942.999869537354,6610.784777027232,6627.030115841917,2970.999858856201,6601.400563927011,6628.917736956323,2976.9998565673827,-2.020832177985397,2701.9802378117142,-0.32720970027706786,2787.479005732629,-0.945464426573551,2786.8607510063325,0.03269529003585957,2838.242030053364,-0.040300307218487444,2856.7144070334575,-0.5332002515364109,2856.2215070891393,-1.5897955061045577,2928.8116173137523,0.37497236390242333,2974.3712427200016
60,9.46026952052489,1778188837.920984,0.1694663749076426,6632.206495094293,6640.580421493413,2628.999989318848,6643.079848396858,6638.0836644557885,2630.999988555908,6615.896834978758,6636.58502154843,2762.9999382019046,6595.214483296147,6632.517565791485,2769.9999355316163,6621.815473606992,6630.565551548125,2803.9999225616457,6622.290601216494,6636.3787266558675,2808.999920654297,6627.6704618394115,6634.764793532415,2836.9999099731444,6634.456811443592,6636.497395849253,2841.999908065796,6596.428340006726,6627.473414432864,2877.999894332886,6572.324892257847,6625.636256380475,2880.9998931884766,6599.226814805758,6627.403102362686,2877.999894332886,6591.92265794541,6627.477175474523,2881.9998928070067,6614.1998639850835,6628.691230858576,2938.9998710632326,6618.441918574441,6631.042218112908,2942.999869537354,6601.98505822661,6633.1046443744835,2970.999858856201,6598.169584619616,6631.335498364764,2976.9998565673827,-1.0631051516576602,2702.9379648380423,-0.36490288193303066,2787.4413125509727,0.4888422469120209,2788.295057679818,-0.28931193681047507,2837.9200228265177,-0.1631628512114823,2856.5915444894645,-0.10656308276098801,2856.6481442579147,-0.010088647795882404,2930.391324172061,0.01790235655153546,2974.0141727126506
61,9.627801770577207,1778188838.0099578,0.012356040999293327,6633.445205856284,6640.580421493413,2628.999989318848,6643.079848396858,6638.0836644557885,2630.999988555908,6615.896834978758,6636.58502154843,2762.9999382019046,6595.214483296147,6632.517565791485,2769.9999355316163,6621.815473606992,6630.565551548125,2803.9999225616457,6622.290601216494,6636.3787266558675,2808.999920654297,6627.6704618394115,6634.764793532415,2836.9999099731444,6634.456811443592,6636.497395849253,2841.999908065796,6596.428340006726,6627.473414432864,2877.999894332886,6572.324892257847,6625.636256380475,2880.9998931884766,6599.226814805758,6627.403102362686,2877.999894332886,6591.92265794541,6627.477175474523,2881.9998928070067,6614.1998639850835,6628.691230858576,2938.9998710632326,6618.441918574441,6631.042218112908,2942.999869537354,6601.98505822661,6633.1046443744835,2970.999858856201,6598.169584619616,6631.335498364764,2976.9998565673827,-0.9370073507219389,2703.0640626389777,-0.36490288193303066,2787.4413125509727,0.4888422469120209,2788.295057679818,-0.28931193681047507,2837.9200228265177,-0.1631628512114823,2856.5915444894645,-0.10656308276098801,2856.6481442579147,-0.010088647795882404,2930.391324172061,0.01790235655153546,2974.0141727126506
62,9.778652812121436,1778188838.2377129,0.16615720791742206,6635.7614451202735,6610.859701378487,2628.999989318848,6634.9264862304,6627.402888406638,2630.999988555908,6628.138884983343,6627.616752758504,2762.9999382019046,6622.329906470642,6633.767550508909,2769.9999355316163,6632.68358957117,6634.54325427148,2803.9999225616457,6633.827611027907,6612.891050524192,2808.999920654297,6630.227210624446,6595.847548675,2836.9999099731444,6629.919508206744,6615.386343491153,2841.999908065796,6618.2411361066115,6601.289150900144,2877.999894332886,6608.840526331876,6617.956213894917,2880.9998931884766,6618.623512241342,6620.046443744842,2877.999894332886,6618.762090044931,6608.7611975425625,2881.9998928070067,6626.729429654307,6606.9489225784755,2938.9998710632326,6625.870203563897,6631.836892135587,2942.999869537354,6625.484217684994,6633.452701959226,2970.999858856201,6623.292396919033,6623.2766421126635,2976.9998565673827,2.0770588799807097,2706.0781288696803,-0.5365186895427718,2787.269696743363,-1.6155005936644196,2786.1907148392415,1.9902977032735334,2840.1996324666015,-0.07976593451158358,2856.674941406164,-0.5089241068723015,2856.2457832338036,2.4843707567814177,2932.8857835766385,-0.37092241629240796,2973.6253479398065
63,9.944476374657825,1778188838.326727,0.012543417047709227,6635.936768346731,6610.859701378487,2628.999989318848,6634.9264862304,6627.402888406638,2630.999988555908,6628.138884983343,6627.616752758504,2762.9999382019046,6622.329906470642,6633.767550508909,2769.9999355316163,6632.68358957117,6634.54325427148,2803.9999225616457,6633.827611027907,6612.891050524192,2808.999920654297,6630.227210624446,6595.847548675,2836.9999099731444,6629.919508206744,6615.386343491153,2841.999908065796,6618.2411361066115,6601.289150900144,2877.999894332886,6608.840526331876,6617.956213894917,2880.9998931884766,6618.623512241342,6620.046443744842,2877.999894332886,6618.762090044931,6608.7611975425625,2881.9998928070067,6626.729429654307,6606.9489225784755,2938.9998710632326,6625.870203563897,6631.836892135587,2942.999869537354,6625.484217684994,6633.452701959226,2970.999858856201,6623.292396919033,6623.2766421126635,2976.9998565673827,2.094986603939214,2706.096056593639,-0.5365186895427718,2787.269696743363,-1.6155005936644196,2786.1907148392415,1.9902977032735334,2840.1996324666015,-0.07976593451158358,2856.674941406164,-0.5089241068723015,2856.2457832338036,2.4843707567814177,2932.8857835766385,-0.37092241629240796,2973.6253479398065
64,10.093449332984164,1778188838.554304,0.16974766599014401,6636.726400647982,6640.810769630467,2628.999989318848,6644.1920026286025,6625.578879481615,2630.999988555908,6634.544372955956,6609.476278387381,2762.9999382019046,6624.128922272825,6624.671682917137,2769.9999355316163,6631.705147171195,6630.52731148944,2803.9999225616457,6630.1604976006365,6636.499183910506,2808.999920654297,6634.15382828499,6639.684317021731,2836.9999099731444,6637.429752116637,6614.756790047987,2841.999908065796,6620.828691505945,6590.287122902466,2877.999894332886,6609.487416327904,6604.313344744323,2880.9998931884766,6619.327809701378,6600.562620350276,2877.999894332886,6615.82436959379,6621.49025124553,2881.9998928070067,6626.883679738361,6621.696472781735,2938.9998710632326,6628.224473515298,6607.824789864596,2942.999869537354,6624.412106855762,6608.767759880185,2970.999858856201,6623.291343949629,6636.030261026378,2976.9998565673827,-2.016694764946388,2701.9843752247534,-0.03151432080060986,2787.7747011121055,0.6520374396231131,2788.458252872529,-2.4008778285064514,2835.8084569348216,-0.09327387344366694,2856.661433467232,0.2595424312837838,2857.01424977196,-1.214405562859011,2929.1870072569977,1.0396384904361238,2975.035908846535
65,10.252327374531887,1778188838.634506,0.012400666950270534,6638.4811993764715,6640.810769630467,2628.999989318848,6644.1920026286025,6625.578879481615,2630.999988555908,6634.544372955956,6609.476278387381,2762.9999382019046,6624.128922272825,6624.671682917137,2769.9999355316163,6631.705147171195,6630.52731148944,2803.9999225616457,6630.1604976006365,6636.499183910506,2808.999920654297,6634.15382828499,6639.684317021731,2836.9999099731444,6637.429752116637,6614.756790047987,2841.999908065796,6620.828691505945,6590.287122902466,2877.999894332886,6609.487416327904,6604.313344744323,2880.9998931884766,6619.327809701378,6600.562620350276,2877.999894332886,6615.82436959379,6621.49025124553,2881.9998928070067,6626.883679738361,6621.696472781735,2938.9998710632326,6628.224473515298,6607.824789864596,2942.999869537354,6624.412106855762,6608.767759880185,2970.999858856201,6623.291343949629,6636.030261026378,2976.9998565673827,-1.8380666362639753,2702.1630033534357,-0.03151432080060986,2787.7747011121055,0.6520374396231131,2788.458252872529,-2.4008778285064514,2835.8084569348216,-0.09327387344366694,2856.661433467232,0.2595424312837838,2857.01424977196,-1.214405562859011,2929.1870072569977,1.0396384904361238,2975.035908846535
66,10.40146520815324,1778188838.862159,0.16942741605453193,6632.500588379131,6637.553311733961,2628.999989318848,6640.699604181313,6639.059786960907,2630.999988555908,6620.501684139745,6633.466100192561,2762.9999382019046,6595.84926032338,6634.435194241526,2769.9999355316163,6621.23422074151,6632.291764220436,2803.9999225616457,6626.167733899808,6635.144635816241,2808.999920654297,6627.108134914571,6635.76994070361,2836.9999099731444,6633.295075954398,6639.529797964363,2841.999908065796,6597.8302243481985,6630.500099336738,2877.999894332886,6570.011258672862,6622.0731592138645,2880.9998931884766,6594.869671730293,6628.455542989883,2877.999894332886,6587.591764220435,6626.72077207568,2881.9998928070067,6613.814888284377,6630.403411070698,2938.9998710632326,6618.484258947947,6629.293154934744,2942.999869537354,6600.212566861264,6629.894996485008,2970.999858856201,6597.692832472416,6631.119104746768,2976.9998565673827,-0.3834259896050646,2703.6176440000945,-0.034699582372572556,2787.7715158505334,-0.06453822030320634,2787.7416772126026,-0.05062394456029619,2838.1587108187678,-0.2242324522927154,2856.530474888383,-0.14556398180488367,2856.609143358871,-0.35950119948665293,2930.0419116203702,0.08313778986428298,2974.0794081459635
67,10.556427187519148,1778188838.938185,0.011557375080883503,6634.68146682153,6637.553311733961,2628.999989318848,6640.699604181313,6639.059786960907,2630.999988555908,6620.501684139745,6633.466100192561,2762.9999382019046,6595.84926032338,6634.435194241526,2769.9999355316163,6621.23422074151,6632.291764220436,2803.9999225616457,6626.167733899808,6635.144635816241,2808.999920654297,6627.108134914571,6635.76994070361,2836.9999099731444,6633.295075954398,6639.529797964363,2841.999908065796,6597.8302243481985,6630.500099336738,2877.999894332886,6570.011258672862,6622.0731592138645,2880.9998931884766,6594.869671730293,6628.455542989883,2877.999894332886,6587.591764220435,6626.72077207568,2881.9998928070067,6613.814888284377,6630.403411070698,2938.9998710632326,6618.484258947947,6629.293154934744,2942.999869537354,6600.212566861264,6629.894996485008,2970.999858856201,6597.692832472416,6631.119104746768,2976.9998565673827,-0.16131651746712808,2703.8397534722326,-0.034699582372572556,2787.7715158505334,-0.06453822030320634,2787.7416772126026,-0.05062394456029619,2838.1587108187678,-0.2242324522927154,2856.530474888383,-0.14556398180488367,2856.609143358871,-0.35950119948665293,2930.0419116203702,0.08313778986428298,2974.0794081459635
68,10.705327478586696,1778188839.1661131,0.16960887494497,6632.127898340313,6639.642931809151,2628.999989318848,6641.462259681512,6640.1317862273445,2630.999988555908,6618.270975333925,6635.190971054802,2762.9999382019046,6596.398185958371,6634.8605327505575,2769.9999355316163,6620.34889506984,6634.78780603356,2803.9999225616457,6625.227519332458,6636.66187303237,2808.999920654297,6630.98515603509,6634.396581288015,2836.9999099731444,6634.574626341046,6635.96813277501,2841.999908065796,6598.775355319865,6628.758049332153,2877.999894332886,6570.571844912431,6625.697608277043,2880.9998931884766,6598.039855426842,6627.796186997584,2877.999894332886,6591.070694134547,6626.252520096586,2881.9998928070067,6615.326120976861,6627.095545129443,2938.9998710632326,6617.105599535409,6630.380213650395,2942.999869537354,6600.016769569336,6629.715770088946,2970.999858856201,6598.376822447046,6631.189832502981,2976.9998565673827,-0.6024371858512881,2703.3986328038486,-0.1845238407740015,2787.621691592132,-0.13339001527573038,2787.67282541763,-0.01315792799966025,2838.1961768353285,-0.1009953895289092,2856.6537119511468,-0.1481093668038806,2856.606597973872,0.2955409255185008,2930.6969537453756,0.05869141124867712,2974.054961767348
69,10.871550458134152,1778188839.253601,0.012140915961936116,6632.38177094477,6639.642931809151,2628.999989318848,6641.462259681512,6640.1317862273445,2630.999988555908,6618.270975333925,6635.190971054802,2762.9999382019046,6596.398185958371,6634.8605327505575,2769.9999355316163,6620.34889506984,6634.78780603356,2803.9999225616457,6625.227519332458,6636.66187303237,2808.999920654297,6630.98515603509,6634.396581288015,2836.9999099731444,6634.574626341046,6635.96813277501,2841.999908065796,6598.775355319865,6628.758049332153,2877.999894332886,6570.571844912431,6625.697608277043,2880.9998931884766,6598.039855426842,6627.796186997584,2877.999894332886,6591.070694134547,6626.252520096586,2881.9998928070067,6615.326120976861,6627.095545129443,2938.9998710632326,6617.105599535409,6630.380213650395,2942.999869537354,6600.016769569336,6629.715770088946,2970.999858856201,6598.376822447046,6631.189832502981,2976.9998565673827,-0.5765899112558048,2703.424480078444,-0.1845238407740015,2787.621691592132,-0.13339001527573038,2787.67282541763,-0.01315792799966025,2838.1961768353285,-0.1009953895289092,2856.6537119511468,-0.1481093668038806,2856.606597973872,0.2955409255185008,2930.6969537453756,0.05869141124867712,2974.054961767348
70,11.020374083076604,1778188839.481152,0.16959591605700552,6636.628272763395,6643.719622826054,2628.999989318848,6641.768999297002,6625.002581226885,2630.999988555908,6633.3586621634,6610.681344560931,2762.9999382019046,6619.768112907664,6625.304873613107,2769.9999355316163,6632.995150839012,6629.937789222728,2803.9999225616457,6630.885993520188,6633.103754928631,2808.999920654297,6635.317162331511,6639.815991686279,2836.9999099731444,6636.930947213987,6612.39281107681,2841.999908065796,6619.065785371519,6588.738509032002,2877.999894332886,6608.340954243971,6604.918872451631,2880.9998931884766,6621.097212458355,6602.310256135954,2877.999894332886,6618.874855579667,6621.117883669041,2881.9998928070067,6625.005096738698,6620.840147324021,2938.9998710632326,6625.596744811565,6608.978061863863,2942.999869537354,6622.6421860195,6606.286661368707,2970.999858856201,6621.184098480912,6633.389141730599,2976.9998565673827,-2.134204583929236,2701.8668654057706,0.06389838061554791,2787.8701138135216,0.48502270015051874,2788.2912381330566,-2.4780711787402407,2835.731263584588,-0.05984317950907861,2856.6948641611666,0.18670591192813685,2856.941413252604,-0.9647298448085553,2929.4366829750484,1.0470431765858774,2975.043313532685
71,11.169105062028393,1778188839.551054,0.011939541902393103,6638.207049851759,6643.719622826054,2628.999989318848,6641.768999297002,6625.002581226885,2630.999988555908,6633.3586621634,6610.681344560931,2762.9999382019046,6619.768112907664,6625.304873613107,2769.9999355316163,6632.995150839012,6629.937789222728,2803.9999225616457,6630.885993520188,6633.103754928631,2808.999920654297,6635.317162331511,6639.815991686279,2836.9999099731444,6636.930947213987,6612.39281107681,2841.999908065796,6619.065785371519,6588.738509032002,2877.999894332886,6608.340954243971,6604.918872451631,2880.9998931884766,6621.097212458355,6602.310256135954,2877.999894332886,6618.874855579667,6621.117883669041,2881.9998928070067,6625.005096738698,6620.840147324021,2938.9998710632326,6625.596744811565,6608.978061863863,2942.999869537354,6622.6421860195,6606.286661368707,2970.999858856201,6621.184098480912,6633.389141730599,2976.9998565673827,-1.973564781359847,2702.02750520834,0.06389838061554791,2787.8701138135216,0.48502270015051874,2788.2912381330566,-2.4780711787402407,2835.731263584588,-0.05984317950907861,2856.6948641611666,0.18670591192813685,2856.941413252604,-0.9647298448085553,2929.4366829750484,1.0470431765858774,2975.043313532685
72,11.318018458085135,1778188839.778775,0.1695529161952436,6635.304034599751,6641.584526393007,2628.999989318848,6641.396749396337,6644.354865971819,2630.999988555908,6620.236407677966,6639.646474309991,2762.9999382019046,6597.509939786655,6634.991290460617,2769.9999355316163,6622.689554360119,6633.461370235658,2803.9999225616457,6628.138449429959,6634.399590426995,2808.999920654297,6632.216450163524,6633.780401626065,2836.9999099731444,6634.075529541216,6639.7172418008995,2841.999908065796,6599.413155240395,6630.122425650274,2877.999894332886,6575.039731637987,6622.907545007183,2880.9998931884766,6597.5879955374885,6628.838233945656,2877.999894332886,6591.139011828714,6630.60246355106,2881.9998928070067,6617.5759605098265,6632.313578567718,2938.9998710632326,6619.761814958583,6629.70429440352,2942.999869537354,6600.162849588897,6628.881697588409,2970.999858856201,6599.003172662531,6630.975526484702,2976.9998565673827,-0.040152788572956996,2703.960917201127,-0.3115914059672613,2787.4946240269387,-0.2456931400073701,2787.5605222928984,0.5409550676181041,2838.7502898309463,-0.2726619813746382,2856.482045359301,-0.08897626577295721,2856.665731074903,-0.27057076903514876,2930.1308420508217,0.0640042986256486,2974.0602746547247
73,11.469213354052044,1778188839.851273,0.012160542188212276,6636.504309686097,6641.584526393007,2628.999989318848,6641.396749396337,6644.354865971819,2630.999988555908,6620.236407677966,6639.646474309991,2762.9999382019046,6597.509939786655,6634.991290460617,2769.9999355316163,6622.689554360119,6633.461370235658,2803.9999225616457,6628.138449429959,6634.399590426995,2808.999920654297,6632.216450163524,6633.780401626065,2836.9999099731444,6634.075529541216,6639.7172418008995,2841.999908065796,6599.413155240395,6630.122425650274,2877.999894332886,6575.039731637987,6622.907545007183,2880.9998931884766,6597.5879955374885,6628.838233945656,2877.999894332886,6591.139011828714,6630.60246355106,2881.9998928070067,6617.5759605098265,6632.313578567718,2938.9998710632326,6619.761814958583,6629.70429440352,2942.999869537354,6600.162849588897,6628.881697588409,2970.999858856201,6599.003172662531,6630.975526484702,2976.9998565673827,0.0820138797566503,2704.0830838694565,-0.3115914059672613,2787.4946240269387,-0.2456931400073701,2787.5605222928984,0.5409550676181041,2838.7502898309463,-0.2726619813746382,2856.482045359301,-0.08897626577295721,2856.665731074903,-0.27057076903514876,2930.1308420508217,0.0640042986256486,2974.0602746547247
74,11.61932424956467,1778188840.079239,0.1678624169435352,6635.536973133234,6641.434722009964,2628.999989318848,6628.386543692881,6636.238901794175,2630.999988555908,6605.244103982639,6631.934809120639,2762.9999382019046,6610.639299141119,6628.165835804017,2769.9999355316163,6627.493721918268,6632.268134303267,2803.9999225616457,6630.37086988416,6636.586329736834,2808.999920654297,6633.525622764924,6637.6685912522535,2836.9999099731444,6611.001647461565,6636.799209890883,2841.999908065796,6583.1363954519065,6625.869930005807,2877.999894332886,6589.517510774215,6625.649512485865,2880.9998931884766,6593.018686004219,6625.929784210044,2877.999894332886,6609.141785616041,6629.752225142892,2881.9998928070067,6616.489664394658,6630.512493504907,2938.9998710632326,6604.490300149769,6628.131657853715,2942.999869537354,6598.494603722835,6630.306513433383,2970.999858856201,6619.463245407588,6636.772242259377,2976.9998565673827,0.4977062187339775,2704.498776208434,-1.3124634426566444,2786.493751990249,0.19839233097306075,2788.004607763879,2.1396326108563435,2840.3489673741847,-0.7860704889030846,2855.9686368517728,-0.5273347982006584,2856.227372542475,1.027123266029029,2931.4285360858858,-0.6243051763366244,2973.3719651797624
75,11.789032500120811,1778188840.171225,0.012424249900504947,6636.611043188556,6641.434722009964,2628.999989318848,6628.386543692881,6636.238901794175,2630.999988555908,6605.244103982639,6631.934809120639,2762.9999382019046,6610.639299141119,6628.165835804017,2769.9999355316163,6627.493721918268,6632.268134303267,2803.9999225616457,6630.37086988416,6636.586329736834,2808.999920654297,6633.525622764924,6637.6685912522535,2836.9999099731444,6611.001647461565,6636.799209890883,2841.999908065796,6583.1363954519065,6625.869930005807,2877.999894332886,6589.517510774215,6625.649512485865,2880.9998931884766,6593.018686004219,6625.929784210044,2877.999894332886,6609.141785616041,6629.752225142892,2881.9998928070067,6616.489664394658,6630.512493504907,2938.9998710632326,6604.490300149769,6628.131657853715,2942.999869537354,6598.494603722835,6630.306513433383,2970.999858856201,6619.463245407588,6636.772242259377,2976.9998565673827,0.6070299241126067,2704.6080999138126,-1.3124634426566444,2786.493751990249,0.19839233097306075,2788.004607763879,2.1396326108563435,2840.3489673741847,-0.7860704889030846,2855.9686368517728,-0.5273347982006584,2856.227372542475,1.027123266029029,2931.4285360858858,-0.6243051763366244,2973.3719651797624
76,11.940542728989385,1778188840.3991191,0.16518704197369516,6631.510687104563,6624.514130268668,2628.999989318848,6629.920162300945,6631.21372833695,2630.999988555908,6629.042840113703,6632.407749793684,2762.9999382019046,6623.366375278907,6637.913068129717,2769.9999355316163,6633.363063544946,6612.952906745729,2803.9999225616457,6632.401228719015,6592.996801357093,2808.999920654297,6623.958683559006,6613.411704924045,2836.9999099731444,6629.824659962711,6605.4727771494945,2841.999908065796,6617.059806828254,6619.475158174649,2877.999894332886,6610.355682061314,6619.915219916252,2880.9998931884766,6620.68904392212,6607.567231103096,2877.999894332886,6617.519363022281,6604.536306812972,2881.9998928070067,6621.669292722438,6630.570198979125,2938.9998710632326,6625.709582174405,6636.77216737476,2942.999869537354,6621.212495033162,6621.9971268759355,2970.999858856201,6619.642077513219,6608.666086438243,2976.9998565673827,1.143959587523514,2705.1450295772233,-0.5654830506133085,2787.2407323822927,-1.3401705943516733,2786.4660448385544,-1.0920136024321565,2837.117321160896,-0.4894413100083496,2856.2652660306676,-0.26135515719947894,2856.4933521834764,0.354222801825745,2930.755635621683,-0.5188251688107921,2973.477445187288
77,12.094493124634027,1778188840.4771788,0.013411832973361015,6633.228107711587,6624.514130268668,2628.999989318848,6629.920162300945,6631.21372833695,2630.999988555908,6629.042840113703,6632.407749793684,2762.9999382019046,6623.366375278907,6637.913068129717,2769.9999355316163,6633.363063544946,6612.952906745729,2803.9999225616457,6632.401228719015,6592.996801357093,2808.999920654297,6623.958683559006,6613.411704924045,2836.9999099731444,6629.824659962711,6605.4727771494945,2841.999908065796,6617.059806828254,6619.475158174649,2877.999894332886,6610.355682061314,6619.915219916252,2880.9998931884766,6620.68904392212,6607.567231103096,2877.999894332886,6617.519363022281,6604.536306812972,2881.9998928070067,6621.669292722438,6630.570198979125,2938.9998710632326,6625.709582174405,6636.77216737476,2942.999869537354,6621.212495033162,6621.9971268759355,2970.999858856201,6619.642077513219,6608.666086438243,2976.9998565673827,1.3192129186227701,2705.3202829083225,-0.5654830506133085,2787.2407323822927,-1.3401705943516733,2786.4660448385544,-1.0920136024321565,2837.117321160896,-0.4894413100083496,2856.2652660306676,-0.26135515719947894,2856.4933521834764,0.354222801825745,2930.755635621683,-0.5188251688107921,2973.477445187288
78,12.24553656252101,1778188840.7052102,0.16738087497651577,6636.383904392213,6625.618524008925,2628.999989318848,6636.232460188892,6612.807300485986,2630.999988555908,6629.960873551977,6623.297832930892,2762.9999382019046,6621.531187150411,6629.524481156584,2769.9999355316163,6629.6721016596875,6633.387110676407,2803.9999225616457,6633.762033499404,6637.690055628572,2808.999920654297,6631.897545618485,6611.351453372864,2836.9999099731444,6629.876133202923,6593.781191735185,2841.999908065796,6617.759521044105,6607.55720114925,2877.999894332886,6608.731998655133,6597.220078246783,2880.9998931884766,6615.257752850201,6616.591006204726,2877.999894332886,6614.912666198,6619.892520707889,2881.9998928070067,6623.625191796314,6608.007387596663,2938.9998710632326,6627.881414860775,6605.000050432497,2942.999869537354,6617.786870739981,6631.350369838309,2970.999858856201,6622.337942048476,6635.201086591069,2976.9998565673827,-0.9981443089643897,2703.002925680735,-0.43687634658432023,2787.3693390863214,0.10681103724878853,2787.913026470155,-1.2577100821144145,2836.9516246812136,-0.6724083818563318,2856.0822989588196,-0.18621205060227636,2856.5684952900738,-0.49639462640293275,2929.905018193454,-0.08911943063191295,2973.9071509254672
79,12.412284458056092,1778188840.7943912,0.01225249981507659,6635.434459149679,6625.618524008925,2628.999989318848,6636.232460188892,6612.807300485986,2630.999988555908,6629.960873551977,6623.297832930892,2762.9999382019046,6621.531187150411,6629.524481156584,2769.9999355316163,6629.6721016596875,6633.387110676407,2803.9999225616457,6633.762033499404,6637.690055628572,2808.999920654297,6631.897545618485,6611.351453372864,2836.9999099731444,6629.876133202923,6593.781191735185,2841.999908065796,6617.759521044105,6607.55720114925,2877.999894332886,6608.731998655133,6597.220078246783,2880.9998931884766,6615.257752850201,6616.591006204726,2877.999894332886,6614.912666198,6619.892520707889,2881.9998928070067,6623.625191796314,6608.007387596663,2938.9998710632326,6627.881414860775,6605.000050432497,2942.999869537354,6617.786870739981,6631.350369838309,2970.999858856201,6622.337942048476,6635.201086591069,2976.9998565673827,-1.0950138267842908,2702.9060561629153,-0.43687634658432023,2787.3693390863214,0.10681103724878853,2787.913026470155,-1.2577100821144145,2836.9516246812136,-0.6724083818563318,2856.0822989588196,-0.18621205060227636,2856.5684952900738,-0.49639462640293275,2929.905018193454,-0.08911943063191295,2973.9071509254672
80,12.565169666078873,1778188841.02234,0.1623742498923093,6625.6191826879,6636.019720634531,2628.999989318848,6634.324528532567,6635.757311183787,2630.999988555908,6630.760442583366,6635.826970688021,2762.9999382019046,6598.543419323289,6633.6215285631315,2769.9999355316163,6588.555399333678,6627.327065439985,2803.9999225616457,6608.9184888590025,6631.7756456887855,2808.999920654297,6602.542050004586,6630.166884188648,2836.9999099731444,6621.442039306783,6633.073266191888,2841.999908065796,6609.635087263503,6628.0146498762115,2877.999894332886,6593.868163340159,6625.5083610966785,2880.9998931884766,6593.807755906715,6627.821725708347,2877.999894332886,6619.414821041049,6631.135470856131,2881.9998928070067,6633.241168200018,6631.842474860166,2938.9998710632326,6615.480374117431,6625.451065195464,2942.999869537354,6602.783806583732,6628.061558211327,2970.999858856201,6609.161442063759,6628.911675887153,2976.9998565673827,-0.6153862405622681,2703.3856837491376,0.12686394908458437,2787.9330793819904,-1.099179888127533,2786.7070355447786,-1.2858504396976307,2836.9234843236304,-0.3574681032716366,2856.3972392374044,-0.740625059804306,2856.0140822808717,1.1846168009818405,2931.586029620839,-0.2760466487096768,2973.7202237073893
81,12.732172479038127,1778188841.1155279,0.014751292066648602,6628.079307393711,6636.019720634531,2628.999989318848,6634.324528532567,6635.757311183787,2630.999988555908,6630.760442583366,6635.826970688021,2762.9999382019046,6598.543419323289,6633.6215285631315,2769.9999355316163,6588.555399333678,6627.327065439985,2803.9999225616457,6608.9184888590025,6631.7756456887855,2808.999920654297,6602.542050004586,6630.166884188648,2836.9999099731444,6621.442039306783,6633.073266191888,2841.999908065796,6609.635087263503,6628.0146498762115,2877.999894332886,6593.868163340159,6625.5083610966785,2880.9998931884766,6593.807755906715,6627.821725708347,2877.999894332886,6619.414821041049,6631.135470856131,2881.9998928070067,6633.241168200018,6631.842474860166,2938.9998710632326,6615.480374117431,6625.451065195464,2942.999869537354,6602.783806583732,6628.061558211327,2970.999858856201,6609.161442063759,6628.911675887153,2976.9998565673827,-0.3647792985540579,2703.636290691146,0.12686394908458437,2787.9330793819904,-1.099179888127533,2786.7070355447786,-1.2858504396976307,2836.9234843236304,-0.3574681032716366,2856.3972392374044,-0.740625059804306,2856.0140822808717,1.1846168009818405,2931.586029620839,-0.2760466487096768,2973.7202237073893
82,12.884113729000092,1778188841.343426,0.16666095796972513,6612.3143289421405,6630.816395146254,2628.999989318848,6617.344437142769,6631.409829752117,2630.999988555908,6620.453369807746,6632.021177063912,2762.9999382019046,6615.083505517008,6630.555335146865,2769.9999355316163,6631.753741174312,6634.56613687074,2803.9999225616457,6636.091886481035,6638.030685881958,2808.999920654297,6611.425399639331,6630.575396582817,2836.9999099731444,6588.881268148058,6627.976585567138,2841.999908065796,6597.039349573616,6625.935771922855,2877.999894332886,6581.484618088456,6621.137147354586,2880.9998931884766,6608.637596662285,6627.972596815111,2877.999894332886,6608.871386435186,6627.801866002385,2881.9998928070067,6611.756611241862,6628.436554390684,2938.9998710632326,6593.127044044381,6624.812533239601,2942.999869537354,6619.914257114037,6627.807334107651,2970.999858856201,6618.86742977657,6632.472285050586,2976.9998565673827,-0.1543046763367574,2703.846765313363,-0.8323820034163898,2786.9738334294893,0.02581981333024628,2787.832035246236,1.9872492897365828,2840.1965840530647,-0.4110432182194434,2856.3436641224566,-0.27283311023886336,2856.481874230437,1.5132372879580345,2931.914650107815,0.15933339596204832,2974.1556037520613
83,13.039878000039607,1778188841.4225438,0.013371000066399574,6616.049715744109,6630.816395146254,2628.999989318848,6617.344437142769,6631.409829752117,2630.999988555908,6620.453369807746,6632.021177063912,2762.9999382019046,6615.083505517008,6630.555335146865,2769.9999355316163,6631.753741174312,6634.56613687074,2803.9999225616457,6636.091886481035,6638.030685881958,2808.999920654297,6611.425399639331,6630.575396582817,2836.9999099731444,6588.881268148058,6627.976585567138,2841.999908065796,6597.039349573616,6625.935771922855,2877.999894332886,6581.484618088456,6621.137147354586,2880.9998931884766,6608.637596662285,6627.972596815111,2877.999894332886,6608.871386435186,6627.801866002385,2881.9998928070067,6611.756611241862,6628.436554390684,2938.9998710632326,6593.127044044381,6624.812533239601,2942.999869537354,6619.914257114037,6627.807334107651,2970.999858856201,6618.86742977657,6632.472285050586,2976.9998565673827,0.22650872205794778,2704.227578711758,-0.8323820034163898,2786.9738334294893,0.02581981333024628,2787.832035246236,1.9872492897365828,2840.1965840530647,-0.4110432182194434,2856.3436641224566,-0.27283311023886336,2856.481874230437,1.5132372879580345,2931.914650107815,0.15933339596204832,2974.1556037520613
84,13.19049685401842,1778188841.650499,0.16803820803761482,6633.879603875661,6637.309644832962,2628.999989318848,6607.245017880612,6631.043075465354,2630.999988555908,6616.577426108752,6630.487252804352,2762.9999382019046,6612.034538619066,6630.880986948681,2769.9999355316163,6622.183904392211,6626.151225662499,2803.9999225616457,6631.8817159275,6631.844290430052,2808.999920654297,6636.326658923496,6633.609841978176,2836.9999099731444,6612.563844484519,6628.191921630957,2841.999908065796,6574.154797200233,6620.840457560291,2877.999894332886,6592.177050157411,6620.723032368494,2880.9998931884766,6585.179091909404,6622.155931167283,2877.999894332886,6606.103021365039,6621.987526362442,2881.9998928070067,6616.876755203717,6627.738174343615,2938.9998710632326,6619.1327597273585,6629.441347006144,2942.999869537354,6585.222404254668,6622.470197450866,2970.999858856201,6622.553420240243,6631.676458721765,2976.9998565673827,2.3748593054594123,2706.375929295159,-0.7945539922884781,2787.0116614406174,-0.2081864239669622,2787.5980290089387,1.8405820805875053,2840.0499168439155,-1.03528133738974,2855.719426003286,-0.7152176735251998,2856.0394896671505,0.11055790763748566,2930.5119707274944,-1.1532475457487568,2972.8430228103502
85,13.35937331255991,1778188841.741614,0.012519375188276172,6636.741534981814,6637.309644832962,2628.999989318848,6607.245017880612,6631.043075465354,2630.999988555908,6616.577426108752,6630.487252804352,2762.9999382019046,6612.034538619066,6630.880986948681,2769.9999355316163,6622.183904392211,6626.151225662499,2803.9999225616457,6631.8817159275,6631.844290430052,2808.999920654297,6636.326658923496,6633.609841978176,2836.9999099731444,6612.563844484519,6628.191921630957,2841.999908065796,6574.154797200233,6620.840457560291,2877.999894332886,6592.177050157411,6620.723032368494,2880.9998931884766,6585.179091909404,6622.155931167283,2877.999894332886,6606.103021365039,6621.987526362442,2881.9998928070067,6616.876755203717,6627.738174343615,2938.9998710632326,6619.1327597273585,6629.441347006144,2942.999869537354,6585.222404254668,6622.470197450866,2970.999858856201,6622.553420240243,6631.676458721765,2976.9998565673827,2.6663406329627017,2706.6674106226624,-0.7945539922884781,2787.0116614406174,-0.2081864239669622,2787.5980290089387,1.8405820805875053,2840.0499168439155,-1.03528133738974,2855.719426003286,-0.7152176735251998,2856.0394896671505,0.11055790763748566,2930.5119707274944,-1.1532475457487568,2972.8430228103502
86,13.510274062631652,1778188841.969516,0.16651762509718537,6629.25898462573,6622.729596234373,2628.999989318848,6631.314189870709,6628.1172402726415,2630.999988555908,6625.063227068496,6620.605633157074,2762.9999382019046,6616.825735855977,6628.603444692361,2769.9999355316163,6629.8027569764945,6641.5722575419495,2803.9999225616457,6631.207665739525,6618.613729865208,2808.999920654297,6628.079432710823,6589.343665372742,2836.9999099731444,6622.855043249688,6613.929275300303,2841.999908065796,6618.634324663019,6593.203835926278,2877.999894332886,6606.605637741847,6611.317143992421,2880.9998931884766,6612.221430754653,6619.820038512089,2877.999894332886,6612.272359935201,6621.161665189352,2881.9998928070067,6621.806161934162,6594.6863923953915,2938.9998710632326,6619.79542592536,6632.723052235841,2942.999869537354,6617.052355044778,6631.833889109637,2970.999858856201,6620.271303909283,6606.906062597426,2976.9998565673827,0.6385454234765288,2704.639615413176,-0.37876931837090383,2787.427446114535,-1.728691451440893,2786.077523981465,2.903751151524411,2841.1130859148525,0.009469393994472759,2856.7641767346704,-0.23663043363929814,2856.5180769070366,3.7781872192632084,2934.17960003912,-1.1540222652118373,2972.842248090887
87,13.679894208093174,1778188842.061771,0.011792334029451013,6632.199289360271,6622.729596234373,2628.999989318848,6631.314189870709,6628.1172402726415,2630.999988555908,6625.063227068496,6620.605633157074,2762.9999382019046,6616.825735855977,6628.603444692361,2769.9999355316163,6629.8027569764945,6641.5722575419495,2803.9999225616457,6631.207665739525,6618.613729865208,2808.999920654297,6628.079432710823,6589.343665372742,2836.9999099731444,6622.855043249688,6613.929275300303,2841.999908065796,6618.634324663019,6593.203835926278,2877.999894332886,6606.605637741847,6611.317143992421,2880.9998931884766,6612.221430754653,6619.820038512089,2877.999894332886,6612.272359935201,6621.161665189352,2881.9998928070067,6621.806161934162,6594.6863923953915,2938.9998710632326,6619.79542592536,6632.723052235841,2942.999869537354,6617.052355044778,6631.833889109637,2970.999858856201,6620.271303909283,6606.906062597426,2976.9998565673827,0.9386682048406229,2704.9397381945405,-0.37876931837090383,2787.427446114535,-1.728691451440893,2786.077523981465,2.903751151524411,2841.1130859148525,0.009469393994472759,2856.7641767346704,-0.23663043363929814,2856.5180769070366,3.7781872192632084,2934.17960003912,-1.1540222652118373,2972.842248090887
88,13.83570491662249,1778188842.289671,0.1559673328883946,6597.231650212429,6625.959730415381,2628.999989318848,6620.369913194974,6628.597447810006,2630.999988555908,6620.893257327994,6630.501294434087,2762.9999382019046,6615.185539627717,6637.146353577651,2769.9999355316163,6594.535952257235,6626.495693370419,2803.9999225616457,6635.654355533821,6634.333016474617,2808.999920654297,6633.4518140416285,6630.048406027448,2836.9999099731444,6603.950490570652,6627.866995751445,2841.999908065796,6611.264191398967,6623.406857291318,2877.999894332886,6605.767341137634,6620.2051441146805,2880.9998931884766,6610.13306843537,6623.562922945258,2877.999894332886,6615.242354127824,6627.527010422717,2881.9998928070067,6627.543434605863,6625.311732432681,2938.9998710632326,6612.040255830301,6626.953617385458,2942.999869537354,6574.783766849037,6620.9647430999175,2970.999858856201,6602.356482868234,6625.604850689243,2976.9998565673827,-1.7937140938190623,2702.207355895881,-0.5226803863064046,2787.2835350465994,-2.395861310980383,2785.4103541219256,2.658001520387874,2840.867336283716,-0.5940101152721383,2856.1606972254035,-0.28884118879050663,2856.465866151885,1.7047138526916767,2932.1061266725487,-0.9521685298879731,2973.0441018262113
89,13.992382500087842,1778188842.374463,0.012199500110000372,6604.627802060092,6625.959730415381,2628.999989318848,6620.369913194974,6628.597447810006,2630.999988555908,6620.893257327994,6630.501294434087,2762.9999382019046,6615.185539627717,6637.146353577651,2769.9999355316163,6594.535952257235,6626.495693370419,2803.9999225616457,6635.654355533821,6634.333016474617,2808.999920654297,6633.4518140416285,6630.048406027448,2836.9999099731444,6603.950490570652,6627.866995751445,2841.999908065796,6611.264191398967,6623.406857291318,2877.999894332886,6605.767341137634,6620.2051441146805,2880.9998931884766,6610.13306843537,6623.562922945258,2877.999894332886,6615.242354127824,6627.527010422717,2881.9998928070067,6627.543434605863,6625.311732432681,2938.9998710632326,6612.040255830301,6626.953617385458,2942.999869537354,6574.783766849037,6620.9647430999175,2970.999858856201,6602.356482868234,6625.604850689243,2976.9998565673827,-1.0391421220659656,2702.9619278676337,-0.5226803863064046,2787.2835350465994,-2.395861310980383,2785.4103541219256,2.658001520387874,2840.867336283716,-0.5940101152721383,2856.1606972254035,-0.28884118879050663,2856.465866151885,1.7047138526916767,2932.1061266725487,-0.9521685298879731,2973.0441018262113
90,14.143187083071098,1778188842.602377,0.16641383385285735,6595.211900541003,6630.170457254639,2628.999989318848,6625.989094354617,6633.096758565883,2630.999988555908,6630.939429043005,6634.086699575144,2762.9999382019046,6610.378737353669,6627.200942934866,2769.9999355316163,6628.841684751047,6631.19322981936,2803.9999225616457,6637.491742824832,6635.628505058533,2808.999920654297,6620.298638322584,6630.731355258734,2836.9999099731444,6585.193431549347,6624.28752177767,2841.999908065796,6602.435053641838,6628.485307332579,2877.999894332886,6579.289988385242,6621.952319894856,2880.9998931884766,6605.206264327414,6625.945537488155,2877.999894332886,6613.504098786563,6624.3048430479585,2881.9998928070067,6623.943624109789,6627.169931534065,2938.9998710632326,6586.755822661001,6621.873935568665,2942.999869537354,6623.238750496683,6632.477115872482,2970.999858856201,6617.950421799066,6629.667423663539,2976.9998565673827,-2.5417940897865834,2701.4592758999133,-0.4728948722402858,2787.3333205606655,-0.2235530242621264,2787.582662408644,2.7825866148009206,2840.991921378129,-0.28457079747883784,2856.470136543197,-0.47654163804980126,2856.278165702626,3.03519213796928,2933.436604957826,0.0345049906301423,2974.030775346729
91,14.30641254154034,1778188842.6881778,0.011569667141884565,6601.8715514869955,6630.170457254639,2628.999989318848,6625.989094354617,6633.096758565883,2630.999988555908,6630.939429043005,6634.086699575144,2762.9999382019046,6610.378737353669,6627.200942934866,2769.9999355316163,6628.841684751047,6631.19322981936,2803.9999225616457,6637.491742824832,6635.628505058533,2808.999920654297,6620.298638322584,6630.731355258734,2836.9999099731444,6585.193431549347,6624.28752177767,2841.999908065796,6602.435053641838,6628.485307332579,2877.999894332886,6579.289988385242,6621.952319894856,2880.9998931884766,6605.206264327414,6625.945537488155,2877.999894332886,6613.504098786563,6624.3048430479585,2881.9998928070067,6623.943624109789,6627.169931534065,2938.9998710632326,6586.755822661001,6621.873935568665,2942.999869537354,6623.238750496683,6632.477115872482,2970.999858856201,6617.950421799066,6629.667423663539,2976.9998565673827,-1.8627930869800642,2702.1382769027196,-0.4728948722402858,2787.3333205606655,-0.2235530242621264,2787.582662408644,2.7825866148009206,2840.991921378129,-0.28457079747883784,2856.470136543197,-0.47654163804980126,2856.278165702626,3.03519213796928,2933.436604957826,0.0345049906301423,2974.030775346729
92,14.457248853519559,1778188842.91621,0.1659501250833273,6627.150001528258,6636.669994192622,2628.999989318848,6636.346495705597,6644.04879267659,2630.999988555908,6634.780693523246,6620.704586300699,2762.9999382019046,6621.253939847787,6588.330889140202,2769.9999355316163,6626.0641333251815,6618.86880673656,2803.9999225616457,6629.801387657794,6599.153647950608,2808.999920654297,6625.37398141639,6618.344968976373,2836.9999099731444,6629.109513402819,6632.758306079408,2841.999908065796,6618.997574655378,6629.247024482685,2877.999894332886,6613.224543815141,6588.543876272275,2880.9998931884766,6615.083326710885,6633.6116117003385,2877.999894332886,6618.620348748358,6628.769156707522,2881.9998928070067,6624.417200537947,6599.026661980011,2938.9998710632326,6618.613483815754,6625.5541568603485,2942.999869537354,6617.552148730018,6631.2485114772135,2970.999858856201,6617.555995354097,6620.005983128038,2976.9998565673827,0.11211407734515949,2704.113184067045,-1.6758532788451515,2786.1303621540605,-1.6703566256621627,2786.135858807244,1.1434004319138817,2839.352735195242,-1.4000986679634864,2855.3546086727124,-0.4429148790703865,2856.3117924616054,3.082138626323257,2933.48355144618,-0.4972453500779215,2973.4990250060214
93,14.626645729062147,1778188843.0087,0.01214670785702765,6630.0763838371495,6636.669994192622,2628.999989318848,6636.346495705597,6644.04879267659,2630.999988555908,6634.780693523246,6620.704586300699,2762.9999382019046,6621.253939847787,6588.330889140202,2769.9999355316163,6626.0641333251815,6618.86880673656,2803.9999225616457,6629.801387657794,6599.153647950608,2808.999920654297,6625.37398141639,6618.344968976373,2836.9999099731444,6629.109513402819,6632.758306079408,2841.999908065796,6618.997574655378,6629.247024482685,2877.999894332886,6613.224543815141,6588.543876272275,2880.9998931884766,6615.083326710885,6633.6116117003385,2877.999894332886,6618.620348748358,6628.769156707522,2881.9998928070067,6624.417200537947,6599.026661980011,2938.9998710632326,6618.613483815754,6625.5541568603485,2942.999869537354,6617.552148730018,6631.2485114772135,2970.999858856201,6617.555995354097,6620.005983128038,2976.9998565673827,0.41018834272248683,2704.411258332422,-1.6758532788451515,2786.1303621540605,-1.6703566256621627,2786.135858807244,1.1434004319138817,2839.352735195242,-1.4000986679634864,2855.3546086727124,-0.4429148790703865,2856.3117924616054,3.082138626323257,2933.48355144618,-0.4972453500779215,2973.4990250060214
94,14.777777750045061,1778188843.2367208,0.16591924987733364,6629.8132576336475,6631.991768805208,2628.999989318848,6636.229600819145,6634.8912644802385,2630.999988555908,6630.473793440719,6620.692433597212,2762.9999382019046,6618.240692911942,6635.794877280925,2769.9999355316163,6634.148856863404,6643.599920530612,2803.9999225616457,6634.371203044289,6623.849935813187,2808.999920654297,6630.994158999909,6587.899014273925,2836.9999099731444,6626.094706116087,6621.095595561941,2841.999908065796,6618.421394076475,6593.970414463431,2877.999894332886,6608.369913194974,6615.00081914601,2880.9998931884766,6614.83038634349,6627.483219732861,2877.999894332886,6617.880063881162,6627.938678668584,2881.9998928070067,6629.035267597885,6594.678861142526,2938.9998710632326,6623.116557141546,6634.082282911026,2942.999869537354,6619.1939129504535,6629.58522175016,2970.999858856201,6622.111240333771,6599.153301036158,2976.9998565673827,-0.060279216447566224,2703.940790773252,0.02895945616645348,2787.8351748890723,-1.399917985395113,2786.406297447511,3.6626852919040274,2841.872020055232,0.0295895284457902,2856.7842968691216,-0.31964442269554477,2856.4350629179803,4.256374241672814,2934.6577870615297,-1.3581470454735503,2972.6381233106254
95,14.971536520519294,1778188843.353546,0.012055875035002828,6633.746374973256,6631.991768805208,2628.999989318848,6636.229600819145,6634.8912644802385,2630.999988555908,6630.473793440719,6620.692433597212,2762.9999382019046,6618.240692911942,6635.794877280925,2769.9999355316163,6634.148856863404,6643.599920530612,2803.9999225616457,6634.371203044289,6623.849935813187,2808.999920654297,6630.994158999909,6587.899014273925,2836.9999099731444,6626.094706116087,6621.095595561941,2841.999908065796,6618.421394076475,6593.970414463431,2877.999894332886,6608.369913194974,6615.00081914601,2880.9998931884766,6614.83038634349,6627.483219732861,2877.999894332886,6617.880063881162,6627.938678668584,2881.9998928070067,6629.035267597885,6594.678861142526,2938.9998710632326,6623.116557141546,6634.082282911026,2942.999869537354,6619.1939129504535,6629.58522175016,2970.999858856201,6622.111240333771,6599.153301036158,2976.9998565673827,0.3406212553829368,2704.3416912450825,0.02895945616645348,2787.8351748890723,-1.399917985395113,2786.406297447511,3.6626852919040274,2841.872020055232,0.0295895284457902,2856.7842968691216,-0.31964442269554477,2856.4350629179803,4.256374241672814,2934.6577870615297,-1.3581470454735503,2972.6381233106254
96,15.122382333036512,1778188843.581563,0.16639391612261534,6627.701887397989,6633.352573585597,2628.999989318848,6642.224924351254,6639.835706207782,2630.999988555908,6634.296393312345,6623.378734297154,2762.9999382019046,6623.280054711618,6637.654525170401,2769.9999355316163,6638.307121679859,6641.713619830669,2803.9999225616457,6638.855463520495,6625.942416786381,2808.999920654297,6637.000455420729,6589.539554360119,2836.9999099731444,6631.767571904515,6623.731873338021,2841.999908065796,6622.317597884891,6594.078207048324,2877.999894332886,6612.235481553932,6614.448555796681,2880.9998931884766,6619.542759116057,6624.723834703671,2877.999894332886,6622.090893113671,6632.149465109882,2881.9998928070067,6629.734236024085,6592.720961579607,2938.9998710632326,6626.5839746920565,6634.041362288718,2942.999869537354,6621.102770730812,6632.171334474432,2970.999858856201,6622.469665617265,6597.805234281872,2976.9998565673827,-0.5209656544471722,2703.4801043352527,-0.046318709584142206,2787.7598967233216,-1.1279488248283933,2786.6782666080776,3.785053319849711,2841.994388083178,0.016244540613446462,2856.7709518812894,-0.16018494582987575,2856.594522394846,4.182200279800508,2934.583613099657,-1.450855681536697,2972.5454146745624
97,15.30290983314626,1778188843.6848571,0.011929749976843596,6630.31619188801,6633.352573585597,2628.999989318848,6642.224924351254,6639.835706207782,2630.999988555908,6634.296393312345,6623.378734297154,2762.9999382019046,6623.280054711618,6637.654525170401,2769.9999355316163,6638.307121679859,6641.713619830669,2803.9999225616457,6638.855463520495,6625.942416786381,2808.999920654297,6637.000455420729,6589.539554360119,2836.9999099731444,6631.767571904515,6623.731873338021,2841.999908065796,6622.317597884891,6594.078207048324,2877.999894332886,6612.235481553932,6614.448555796681,2880.9998931884766,6619.542759116057,6624.723834703671,2877.999894332886,6622.090893113671,6632.149465109882,2881.9998928070067,6629.734236024085,6592.720961579607,2938.9998710632326,6626.5839746920565,6634.041362288718,2942.999869537354,6621.102770730812,6632.171334474432,2970.999858856201,6622.469665617265,6597.805234281872,2976.9998565673827,-0.2545457120317321,2703.746524277668,-0.046318709584142206,2787.7598967233216,-1.1279488248283933,2786.6782666080776,3.785053319849711,2841.994388083178,0.016244540613446462,2856.7709518812894,-0.16018494582987575,2856.594522394846,4.182200279800508,2934.583613099657,-1.450855681536697,2972.5454146745624
98,15.457890166086145,1778188843.9129422,0.1581329999025911,6624.804846104472,6640.981671608033,2628.999989318848,6590.603889415288,6636.008842497785,2630.999988555908,6620.9986169269805,6639.224646208393,2762.9999382019046,6586.069804688695,6634.197375981906,2769.9999355316163,6617.500929180547,6636.5123238683245,2803.9999225616457,6637.088235473913,6638.347087141243,2808.999920654297,6635.339743864046,6642.845022465384,2836.9999099731444,6598.060219457775,6636.768018155699,2841.999908065796,6623.963451722348,6631.580817312101,2877.999894332886,6613.043566036004,6632.2483662927525,2880.9998931884766,6587.875781703702,6629.288894152887,2877.999894332886,6619.9869624354305,6635.503146682153,2881.9998928070067,6632.781787755601,6636.466989638415,2938.9998710632326,6621.970935599229,6633.624261087508,2942.999869537354,6619.635883485649,6640.909323898891,2970.999858856201,6626.919896384143,6640.188068893849,2976.9998565673827,3.2767688548557876,2707.2778388445554,0.12317030169436927,2787.9293857346,-1.2335623450756632,2786.57265308783,3.0084554813920916,2841.21779024472,-0.39398451730347034,2856.3607228233723,-0.8176792792585452,2855.937028061417,0.8776086702611564,2931.279021490118,-0.3713320362775515,2973.6249383198215
99,15.623269208124839,1778188844.005451,0.012400334002450109,6627.838750496684,6640.981671608033,2628.999989318848,6590.603889415288,6636.008842497785,2630.999988555908,6620.9986169269805,6639.224646208393,2762.9999382019046,6586.069804688695,6634.197375981906,2769.9999355316163,6617.500929180547,6636.5123238683245,2803.9999225616457,6637.088235473913,6638.347087141243,2808.999920654297,6635.339743864046,6642.845022465384,2836.9999099731444,6598.060219457775,6636.768018155699,2841.999908065796,6623.963451722348,6631.580817312101,2877.999894332886,6613.043566036004,6632.2483662927525,2880.9998931884766,6587.875781703702,6629.288894152887,2877.999894332886,6619.9869624354305,6635.503146682153,2881.9998928070067,6632.781787755601,6636.466989638415,2938.9998710632326,6621.970935599229,6633.624261087508,2942.999869537354,6619.635883485649,6640.909323898891,2970.999858856201,6626.919896384143,6640.188068893849,2976.9998565673827,3.585594424900803,2707.5866644146004,0.12317030169436927,2787.9293857346,-1.2335623450756632,2786.57265308783,3.0084554813920916,2841.21779024472,-0.39398451730347034,2856.3607228233723,-0.8176792792585452,2855.937028061417,0.8776086702611564,2931.279021490118,-0.3713320362775515,2973.6249383198215
100,15.776866562548093,1778188844.233365,0.1610273749101907,6626.002018828132,6644.494259864901,2628.999989318848,6589.922685454045,6633.762054895009,2630.999988555908,6621.607480820368,6640.765201577162,2762.9999382019046,6585.8874117431305,6636.004621450622,2769.9999355316163,6621.48189779014,6638.4480988476935,2803.9999225616457,6636.019265213804,6645.669474585078,2808.999920654297,6640.967969251459,6644.621430754654,2836.9999099731444,6601.031524895315,6638.972852034111,2841.999908065796,6632.528596753982,6634.867081333863,2877.999894332886,6612.945829385334,6633.208892930282,2880.9998931884766,6588.35383439802,6631.186433658343,2877.999894332886,6623.646038756609,6636.574213711526,2881.9998928070067,6634.3647965889295,6635.5158419170475,2938.9998710632326,6627.090272641134,6633.22731760247,2942.999869537354,6622.3789742335775,6640.117118012042,2970.999858856201,6626.926474004341,6639.126136259438,2976.9998565673827,2.8841044704621996,2706.885174460162,0.16172968217511818,2787.967945115081,-0.45541868076036335,2787.3507967521455,3.2876431984929604,2841.496977961821,-0.25743918084330353,2856.4972681598324,-0.9030117966527549,2855.851695544023,0.6092290154763388,2931.0106418353334,-0.2759132238704461,2973.720357132229
101,15.937322999583557,1778188844.319459,0.012309582903981209,6627.103534859554,6644.494259864901,2628.999989318848,6589.922685454045,6633.762054895009,2630.999988555908,6621.607480820368,6640.765201577162,2762.9999382019046,6585.8874117431305,6636.004621450622,2769.9999355316163,6621.48189779014,6638.4480988476935,2803.9999225616457,6636.019265213804,6645.669474585078,2808.999920654297,6640.967969251459,6644.621430754654,2836.9999099731444,6601.031524895315,6638.972852034111,2841.999908065796,6632.528596753982,6634.867081333863,2877.999894332886,6612.945829385334,6633.208892930282,2880.9998931884766,6588.35383439802,6631.186433658343,2877.999894332886,6623.646038756609,6636.574213711526,2881.9998928070067,6634.3647965889295,6635.5158419170475,2938.9998710632326,6627.090272641134,6633.22731760247,2942.999869537354,6622.3789742335775,6640.117118012042,2970.999858856201,6626.926474004341,6639.126136259438,2976.9998565673827,2.9961701255932,2706.997240115293,0.16172968217511818,2787.967945115081,-0.45541868076036335,2787.3507967521455,3.2876431984929604,2841.496977961821,-0.25743918084330353,2856.4972681598324,-0.9030117966527549,2855.851695544023,0.6092290154763388,2931.0106418353334,-0.2759132238704461,2973.720357132229
102,16.088580478564836,1778188844.547328,0.16552487504668534,6639.956724332917,6651.535055170095,2628.999989318848,6648.308157838432,6649.973868325335,2630.999988555908,6631.276328819879,6643.043452944951,2762.9999382019046,6631.7977702723365,6648.941467738485,2769.9999355316163,6645.208167007977,6647.840906867988,2803.9999225616457,6627.718189320537,6644.804216462389,2808.999920654297,6587.151566463918,6638.488201852248,2836.9999099731444,6625.758608674389,6642.312626463307,2841.999908065796,6584.939690375034,6634.221916740533,2877.999894332886,6609.811085979765,6634.922960540392,2880.9998931884766,6627.617848519118,6639.472173487789,2877.999894332886,6628.122989577285,6642.001358620901,2881.9998928070067,6598.544243054069,6637.8142189076025,2938.9998710632326,6637.185293578262,6637.704691750466,2942.999869537354,6620.863549530824,6639.5523489317475,2970.999858856201,6589.864976923313,6637.080879970657,2976.9998565673827,-0.7092479882990709,2703.2918220014008,-0.7792704332009514,2787.026944999705,1.1682993629258929,2788.974514795832,-2.992560033453594,2835.2167747298745,-1.1644882821170208,2855.590219058559,-0.22114581073465855,2856.5335615299414,-3.323589982837092,2927.07782283702,1.0428031230508574,2975.03907347915
103,16.254774416564032,1778188844.636696,0.011877582874149084,6641.871843384174,6651.535055170095,2628.999989318848,6648.308157838432,6649.973868325335,2630.999988555908,6631.276328819879,6643.043452944951,2762.9999382019046,6631.7977702723365,6648.941467738485,2769.9999355316163,6645.208167007977,6647.840906867988,2803.9999225616457,6627.718189320537,6644.804216462389,2808.999920654297,6587.151566463918,6638.488201852248,2836.9999099731444,6625.758608674389,6642.312626463307,2841.999908065796,6584.939690375034,6634.221916740533,2877.999894332886,6609.811085979765,6634.922960540392,2880.9998931884766,6627.617848519118,6639.472173487789,2877.999894332886,6628.122989577285,6642.001358620901,2881.9998928070067,6598.544243054069,6637.8142189076025,2938.9998710632326,6637.185293578262,6637.704691750466,2942.999869537354,6620.863549530824,6639.5523489317475,2970.999858856201,6589.864976923313,6637.080879970657,2976.9998565673827,-0.5146145140351536,2703.4864554756646,-0.7792704332009514,2787.026944999705,1.1682993629258929,2788.974514795832,-2.992560033453594,2835.2167747298745,-1.1644882821170208,2855.590219058559,-0.22114581073465855,2856.5335615299414,-3.323589982837092,2927.07782283702,1.0428031230508574,2975.03907347915
104,16.40408033307176,1778188844.864505,0.16888266592286527,6635.16558516979,6647.448736131063,2628.999989318848,6601.495415227556,6637.378350704527,2630.999988555908,6636.306296420822,6647.5493321514805,2762.9999382019046,6637.099411620869,6645.9139346517095,2769.9999355316163,6636.043364306019,6643.199931228412,2803.9999225616457,6643.280795916496,6645.798881315524,2808.999920654297,6647.431367484793,6645.108410000916,2836.9999099731444,6628.989748448819,6644.15182015466,2841.999908065796,6577.895837026622,6632.685177430694,2877.999894332886,6604.876496928203,6634.841748937861,2880.9998931884766,6584.043495736162,6630.482961457346,2877.999894332886,6620.019152122749,6638.12806339212,2881.9998928070067,6636.015615734939,6640.151040743345,2938.9998710632326,6637.758622428706,6642.048135525874,2942.999869537354,6594.365786899776,6636.426078185653,2970.999858856201,6626.982645108049,6644.44501329584,2976.9998565673827,2.703587419710602,2706.70465740941,-1.0649702088270325,2786.7412452240787,-0.2547337296807924,2787.551481703225,1.7586366746862747,2839.9679714380145,-1.17884944521143,2855.575857895464,-0.8696884586260436,2855.8850188820497,0.17431805228452227,2930.5757308721413,-1.0147470903024045,2972.9815232657966
105,16.55714887508657,1778188844.938883,0.011501999804750085,6635.317252498702,6647.448736131063,2628.999989318848,6601.495415227556,6637.378350704527,2630.999988555908,6636.306296420822,6647.5493321514805,2762.9999382019046,6637.099411620869,6645.9139346517095,2769.9999355316163,6636.043364306019,6643.199931228412,2803.9999225616457,6643.280795916496,6645.798881315524,2808.999920654297,6647.431367484793,6645.108410000916,2836.9999099731444,6628.989748448819,6644.15182015466,2841.999908065796,6577.895837026622,6632.685177430694,2877.999894332886,6604.876496928203,6634.841748937861,2880.9998931884766,6584.043495736162,6630.482961457346,2877.999894332886,6620.019152122749,6638.12806339212,2881.9998928070067,6636.015615734939,6640.151040743345,2938.9998710632326,6637.758622428706,6642.048135525874,2942.999869537354,6594.365786899776,6636.426078185653,2970.999858856201,6626.982645108049,6644.44501329584,2976.9998565673827,2.71901083967373,2706.7200808293737,-1.0649702088270325,2786.7412452240787,-0.2547337296807924,2787.551481703225,1.7586366746862747,2839.9679714380145,-1.17884944521143,2855.575857895464,-0.8696884586260436,2855.8850188820497,0.17431805228452227,2930.5757308721413,-1.0147470903024045,2972.9815232657966
106,16.70579781255219,1778188845.1668391,0.17011662502773106,6639.8438991961375,6643.980919705352,2628.999989318848,6642.635886542164,6640.252585811657,2630.999988555908,6641.259189412232,6600.252778372099,2762.9999382019046,6628.431333863128,6641.108746217562,2769.9999355316163,6643.199848702509,6645.060496072378,2803.9999225616457,6644.706812971849,6642.285506006052,2808.999920654297,6641.936294586912,6646.4207873582545,2836.9999099731444,6643.604888895682,6648.205639270105,2841.999908065796,6632.350261332029,6627.073712443072,2877.999894332886,6620.50630864688,6580.737463703886,2880.9998931884766,6622.232562582144,6621.527925848946,2877.999894332886,6623.5847785554915,6596.144420331938,2881.9998928070067,6632.180351193568,6634.628705260264,2938.9998710632326,6636.031370541308,6636.9352981630345,2942.999869537354,6631.5466485313445,6640.505701928661,2970.999858856201,6634.603079438825,6603.971889231898,2976.9998565673827,-0.36541809442385326,2703.6356518952757,1.0037514915672692,2788.809966924473,-0.22807024749556556,2787.5781451854104,0.180881045251168,2838.3902158085793,-1.393654751750213,2855.3610525889258,-0.8382134073443315,2855.9164939333314,0.021620075412674904,2930.4230328952694,-1.59992772273625,2972.396342633363
107,16.857445770525374,1778188845.239576,0.012294375104829669,6641.829075098573,6643.980919705352,2628.999989318848,6642.635886542164,6640.252585811657,2630.999988555908,6641.259189412232,6600.252778372099,2762.9999382019046,6628.431333863128,6641.108746217562,2769.9999355316163,6643.199848702509,6645.060496072378,2803.9999225616457,6644.706812971849,6642.285506006052,2808.999920654297,6641.936294586912,6646.4207873582545,2836.9999099731444,6643.604888895682,6648.205639270105,2841.999908065796,6632.350261332029,6627.073712443072,2877.999894332886,6620.50630864688,6580.737463703886,2880.9998931884766,6622.232562582144,6621.527925848946,2877.999894332886,6623.5847785554915,6596.144420331938,2881.9998928070067,6632.180351193568,6634.628705260264,2938.9998710632326,6636.031370541308,6636.9352981630345,2942.999869537354,6631.5466485313445,6640.505701928661,2970.999858856201,6634.603079438825,6603.971889231898,2976.9998565673827,-0.16343535370817455,2703.8376346359914,1.0037514915672692,2788.809966924473,-0.22807024749556556,2787.5781451854104,0.180881045251168,2838.3902158085793,-1.393654751750213,2855.3610525889258,-0.8382134073443315,2855.9164939333314,0.021620075412674904,2930.4230328952694,-1.59992772273625,2972.396342633363
108,17.00686643703375,1778188845.4676611,0.16961395810358226,6647.671012012104,6641.326487758658,2628.999989318848,6645.543226762845,6601.894207904147,2630.999988555908,6632.750395818688,6643.026145428982,2762.9999382019046,6634.0598022434815,6644.52137268087,2769.9999355316163,6643.4160528165785,6644.027962527127,2803.9999225616457,6641.566619800104,6645.324447534922,2808.999920654297,6643.608659106887,6647.435114772136,2836.9999099731444,6648.238609896996,6631.950790109118,2841.999908065796,6630.138310358529,6584.314732402115,2877.999894332886,6614.649870098115,6618.102125806156,2880.9998931884766,6628.0544823791915,6594.559262768591,2877.999894332886,6623.319214781307,6636.742198245561,2881.9998928070067,6636.3018935110185,6643.083494819208,2938.9998710632326,6642.218204603111,6643.158860836874,2942.999869537354,6635.238250756486,6610.129619158237,2970.999858856201,6626.106521074672,6635.219300363725,2976.9998565673827,-3.5254871645300088,2700.4755828251696,-0.9692668599369654,2786.836948572969,0.32551707157970056,2788.1317325044856,-1.6591680779866016,2836.5501666853415,0.42560517116534585,2857.1803125118413,0.7414346943107376,2857.4961420349864,-0.3641810021364281,2930.0372318177206,1.2670116008114667,2975.2632819569108
109,17.176782874623314,1778188845.5590458,0.012562166899442673,6647.461206712107,6641.326487758658,2628.999989318848,6645.543226762845,6601.894207904147,2630.999988555908,6632.750395818688,6643.026145428982,2762.9999382019046,6634.0598022434815,6644.52137268087,2769.9999355316163,6643.4160528165785,6644.027962527127,2803.9999225616457,6641.566619800104,6645.324447534922,2808.999920654297,6643.608659106887,6647.435114772136,2836.9999099731444,6648.238609896996,6631.950790109118,2841.999908065796,6630.138310358529,6584.314732402115,2877.999894332886,6614.649870098115,6618.102125806156,2880.9998931884766,6628.0544823791915,6594.559262768591,2877.999894332886,6623.319214781307,6636.742198245561,2881.9998928070067,6636.3018935110185,6643.083494819208,2938.9998710632326,6642.218204603111,6643.158860836874,2942.999869537354,6635.238250756486,6610.129619158237,2970.999858856201,6626.106521074672,6635.219300363725,2976.9998565673827,-3.5468424443754922,2700.454227545324,-0.9692668599369654,2786.836948572969,0.32551707157970056,2788.1317325044856,-1.6591680779866016,2836.5501666853415,0.42560517116534585,2857.1803125118413,0.7414346943107376,2857.4961420349864,-0.3641810021364281,2930.0372318177206,1.2670116008114667,2975.2632819569108
110,17.32702266657725,1778188845.787128,0.16824166709557176,6640.187592077515,6646.968831188678,2628.999989318848,6604.721070085888,6640.0695112632575,2630.999988555908,6635.430204480852,6645.050661735489,2762.9999382019046,6634.363700828316,6645.719473056821,2769.9999355316163,6638.956108445151,6643.120610080387,2803.9999225616457,6640.306846593514,6646.024291652658,2808.999920654297,6640.826625301832,6647.259647889476,2836.9999099731444,6628.916046703549,6644.410367698751,2841.999908065796,6572.608999908305,6629.108390133569,2877.999894332886,6606.103050401931,6634.868904545039,2880.9998931884766,6580.079339487117,6629.198629153039,2877.999894332886,6622.408686615521,6638.648864504692,2881.9998928070067,6634.615794541064,6640.373070574931,2938.9998710632326,6635.678012959623,6638.542300638813,2942.999869537354,6600.936973133234,6633.109932145368,2970.999858856201,6629.4424534645605,6635.227760797139,2976.9998565673827,3.207144852054368,2707.208214841754,-0.912384926562615,2786.8938305063434,0.2066733088231543,2788.012888741729,0.9937266263947776,2839.2030613897227,-1.242198056932122,2855.512509283744,-0.9670142454757181,2855.7876930952,-0.09936661234201986,2930.3020462075146,-1.0837973689114915,2972.912472987188
111,17.494194541475736,1778188845.876383,0.01241241698153317,6641.25844515084,6646.968831188678,2628.999989318848,6604.721070085888,6640.0695112632575,2630.999988555908,6635.430204480852,6645.050661735489,2762.9999382019046,6634.363700828316,6645.719473056821,2769.9999355316163,6638.956108445151,6643.120610080387,2803.9999225616457,6640.306846593514,6646.024291652658,2808.999920654297,6640.826625301832,6647.259647889476,2836.9999099731444,6628.916046703549,6644.410367698751,2841.999908065796,6572.608999908305,6629.108390133569,2877.999894332886,6606.103050401931,6634.868904545039,2880.9998931884766,6580.079339487117,6629.198629153039,2877.999894332886,6622.408686615521,6638.648864504692,2881.9998928070067,6634.615794541064,6640.373070574931,2938.9998710632326,6635.678012959623,6638.542300638813,2942.999869537354,6600.936973133234,6633.109932145368,2970.999858856201,6629.4424534645605,6635.227760797139,2976.9998565673827,3.316050370747747,2707.3171203604475,-0.912384926562615,2786.8938305063434,0.2066733088231543,2788.012888741729,0.9937266263947776,2839.2030613897227,-1.242198056932122,2855.512509283744,-0.9670142454757181,2855.7876930952,-0.09936661234201986,2930.3020462075146,-1.0837973689114915,2972.912472987188
112,17.64535914559383,1778188846.104256,0.1658245411235839,6640.359877128099,6642.547541033714,2628.999989318848,6644.1077589632305,6643.843021976342,2630.999988555908,6636.2322859675405,6636.707063606076,2762.9999382019046,6629.386091328667,6641.232993550753,2769.9999355316163,6640.506621939664,6643.114416052817,2803.9999225616457,6625.649131949753,6641.896379558028,2808.999920654297,6578.839225784761,6628.605324449063,2836.9999099731444,6623.217516887246,6641.953563896446,2841.999908065796,6577.314032460189,6630.409271938137,2877.999894332886,6614.444567044656,6633.767924931992,2880.9998931884766,6626.490711251032,6636.160463978971,2877.999894332886,6626.370519913195,6638.963763486873,2881.9998928070067,6614.949705046306,6635.63769752728,2938.9998710632326,6635.325657914846,6639.309398783507,2942.999869537354,6621.411440535501,6635.94606932176,2970.999858856201,6599.358738576276,6626.68951768194,2976.9998565673827,0.04856211036935648,2704.049632100069,-0.5586113921574761,2787.2476040407482,1.1080406056735532,2788.9142560385794,-2.6581773414267387,2835.5511574219013,-1.3719219634227675,2855.382785377253,-0.201932408877141,2856.552774931799,-1.3420366956675849,2929.0593761241894,0.4351805767469209,2974.431450932846
113,17.803089895634912,1778188846.185361,0.012577125104144216,6641.342711740074,6642.547541033714,2628.999989318848,6644.1077589632305,6643.843021976342,2630.999988555908,6636.2322859675405,6636.707063606076,2762.9999382019046,6629.386091328667,6641.232993550753,2769.9999355316163,6640.506621939664,6643.114416052817,2803.9999225616457,6625.649131949753,6641.896379558028,2808.999920654297,6578.839225784761,6628.605324449063,2836.9999099731444,6623.217516887246,6641.953563896446,2841.999908065796,6577.314032460189,6630.409271938137,2877.999894332886,6614.444567044656,6633.767924931992,2880.9998931884766,6626.490711251032,6636.160463978971,2877.999894332886,6626.370519913195,6638.963763486873,2881.9998928070067,6614.949705046306,6635.63769752728,2938.9998710632326,6635.325657914846,6639.309398783507,2942.999869537354,6621.411440535501,6635.94606932176,2970.999858856201,6599.358738576276,6626.68951768194,2976.9998565673827,0.14858270075783808,2704.1496526904575,-0.5586113921574761,2787.2476040407482,1.1080406056735532,2788.9142560385794,-2.6581773414267387,2835.5511574219013,-1.3719219634227675,2855.382785377253,-0.201932408877141,2856.552774931799,-1.3420366956675849,2929.0593761241894,0.4351805767469209,2974.431450932846
114,17.953142979065888,1778188846.413259,0.16826004185713828,6644.659843506434,6645.313159825167,2628.999989318848,6641.918935110187,6642.393809028947,2630.999988555908,6611.834193232877,6639.862941284347,2762.9999382019046,6625.386503958187,6642.976687960387,2769.9999355316163,6638.681699116666,6641.2270333465785,2803.9999225616457,6638.047545618487,6641.276302839503,2808.999920654297,6637.719708408472,6641.20392456521,2836.9999099731444,6637.128720542838,6645.063172051227,2841.999908065796,6615.056557752851,6634.392325090931,2877.999894332886,6560.439108108934,6621.223461808846,2880.9998931884766,6611.936690405599,6633.787778524927,2877.999894332886,6571.982506036617,6627.890298621513,2881.9998928070067,6622.445381605893,6633.176565699789,2938.9998710632326,6633.852980102088,6639.396185469328,2942.999869537354,6625.40572638078,6637.262340679158,2970.999858856201,6618.4636290002145,6637.813813919371,2976.9998565673827,0.28000064471873315,2704.2810706344185,-1.3595149797852133,2786.4467004531207,0.14205607262596706,2787.948271505532,0.5744288299446317,2838.783763593273,0.25188724857089073,2857.0065945892466,0.4638309937936594,2857.2185383344695,-0.30667999251398526,2930.094732827343,0.22829467852499863,2974.224565034624
115,18.12216127058491,1778188846.5045261,0.012763124890625477,6643.92604914876,6645.313159825167,2628.999989318848,6641.918935110187,6642.393809028947,2630.999988555908,6611.834193232877,6639.862941284347,2762.9999382019046,6625.386503958187,6642.976687960387,2769.9999355316163,6638.681699116666,6641.2270333465785,2803.9999225616457,6638.047545618487,6641.276302839503,2808.999920654297,6637.719708408472,6641.20392456521,2836.9999099731444,6637.128720542838,6645.063172051227,2841.999908065796,6615.056557752851,6634.392325090931,2877.999894332886,6560.439108108934,6621.223461808846,2880.9998931884766,6611.936690405599,6633.787778524927,2877.999894332886,6571.982506036617,6627.890298621513,2881.9998928070067,6622.445381605893,6633.176565699789,2938.9998710632326,6633.852980102088,6639.396185469328,2942.999869537354,6625.40572638078,6637.262340679158,2970.999858856201,6618.4636290002145,6637.813813919371,2976.9998565673827,0.2053553290695273,2704.206425318769,-1.3595149797852133,2786.4467004531207,0.14205607262596706,2787.948271505532,0.5744288299446317,2838.783763593273,0.25188724857089073,2857.0065945892466,0.4638309937936594,2857.2185383344695,-0.30667999251398526,2930.094732827343,0.22829467852499863,2974.224565034624
116,18.27277875004802,1778188846.732494,0.1674577498342842,6646.045523733839,6613.129435767338,2628.999989318848,6641.609958125746,6639.189277745514,2630.999988555908,6636.612459883241,6645.585698566494,2762.9999382019046,6630.7275789344985,6644.055458935722,2769.9999355316163,6638.696188525842,6641.6275071063965,2803.9999225616457,6641.8820093529375,6642.826220313599,2808.999920654297,6642.2153161964725,6632.875642632271,2836.9999099731444,6638.000835956843,6585.897018369656,2841.999908065796,6618.977256472172,6623.764729345601,2877.999894332886,6618.457716172021,6585.9144680135705,2880.9998931884766,6620.237686829477,6630.491562490449,2877.999894332886,6622.982944646514,6638.853923036954,2881.9998928070067,6633.581821377265,6638.2781443897675,2938.9998710632326,6638.250586850872,6620.205325977321,2942.999869537354,6626.260667237216,6634.958844026041,2970.999858856201,6628.10337897729,6637.0141470795015,2976.9998565673827,3.4163486336861104,2707.417418623386,-0.8161594457408933,2786.990055987165,-0.057070557857572236,2787.7491448750484,-3.754410909201198,2834.4549238541267,-1.4532722304996297,2855.301435110176,-0.14466645929038466,2856.6100408813854,-1.8884649166163032,2928.5129479032407,-0.05357256962016297,2973.942697786479
117,18.441931604174897,1778188846.824049,0.012268458027392626,6646.557272977351,6613.129435767338,2628.999989318848,6641.609958125746,6639.189277745514,2630.999988555908,6636.612459883241,6645.585698566494,2762.9999382019046,6630.7275789344985,6644.055458935722,2769.9999355316163,6638.696188525842,6641.6275071063965,2803.9999225616457,6641.8820093529375,6642.826220313599,2808.999920654297,6642.2153161964725,6632.875642632271,2836.9999099731444,6638.000835956843,6585.897018369656,2841.999908065796,6618.977256472172,6623.764729345601,2877.999894332886,6618.457716172021,6585.9144680135705,2880.9998931884766,6620.237686829477,6630.491562490449,2877.999894332886,6622.982944646514,6638.853923036954,2881.9998928070067,6633.581821377265,6638.2781443897675,2938.9998710632326,6638.250586850872,6620.205325977321,2942.999869537354,6626.260667237216,6634.958844026041,2970.999858856201,6628.10337897729,6637.0141470795015,2976.9998565673827,3.468659730855391,2707.4697297205553,-0.8161594457408933,2786.990055987165,-0.057070557857572236,2787.7491448750484,-3.754410909201198,2834.4549238541267,-1.4532722304996297,2855.301435110176,-0.14466645929038466,2856.6100408813854,-1.8884649166163032,2928.5129479032407,-0.05357256962016297,2973.942697786479
118,18.60826537455432,1778188847.051692,0.13488383311778307,6638.171210685576,6631.270250939878,2628.999989318848,6645.463809334596,6598.618835773452,2630.999988555908,6630.851014762969,6634.536100498211,2762.9999382019046,6626.322443989363,6643.152076901916,2769.9999355316163,6639.1157777302315,6640.766633554422,2803.9999225616457,6642.018686004219,6628.202842558914,2808.999920654297,6637.562440015894,6638.36310327964,2836.9999099731444,6641.822491365345,6624.454809426292,2841.999908065796,6625.250588379131,6610.839361799677,2877.999894332886,6616.489502399365,6618.299327566709,2880.9998931884766,6626.660159855734,6637.020944768776,2877.999894332886,6624.61256380475,6635.738756609714,2881.9998928070067,6633.721018125133,6637.5222009964245,2938.9998710632326,6639.73185499893,6635.011246446801,2942.999869537354,6630.8537931350675,6631.079307393709,2970.999858856201,6626.437132072012,6599.196289390838,2976.9998565673827,-3.797412449778626,2700.203657539921,-0.4938599522271873,2787.312355480679,-1.0641877974041507,2786.742027635502,-1.484615932753104,2836.724718830575,-0.2930206475394413,2856.4616866931365,-0.2478248944746183,2856.5068824462014,-0.6058331052274378,2929.7955797146296,-1.130930282068567,2972.8653400740304
119,18.75528043753002,1778188847.137341,0.012154124910011888,6637.468245866064,6631.270250939878,2628.999989318848,6645.463809334596,6598.618835773452,2630.999988555908,6630.851014762969,6634.536100498211,2762.9999382019046,6626.322443989363,6643.152076901916,2769.9999355316163,6639.1157777302315,6640.766633554422,2803.9999225616457,6642.018686004219,6628.202842558914,2808.999920654297,6637.562440015894,6638.36310327964,2836.9999099731444,6641.822491365345,6624.454809426292,2841.999908065796,6625.250588379131,6610.839361799677,2877.999894332886,6616.489502399365,6618.299327566709,2880.9998931884766,6626.660159855734,6637.020944768776,2877.999894332886,6624.61256380475,6635.738756609714,2881.9998928070067,6633.721018125133,6637.5222009964245,2938.9998710632326,6639.73185499893,6635.011246446801,2942.999869537354,6630.8537931350675,6631.079307393709,2970.999858856201,6626.437132072012,6599.196289390838,2976.9998565673827,-3.8690730606633017,2700.1319969290366,-0.4938599522271873,2787.312355480679,-1.0641877974041507,2786.742027635502,-1.484615932753104,2836.724718830575,-0.2930206475394413,2856.4616866931365,-0.2478248944746183,2856.5068824462014,-0.6058331052274378,2929.7955797146296,-1.130930282068567,2972.8653400740304
120,18.905284020584077,1778188847.365225,0.1679087090305984,6638.075330867745,6645.056010636671,2628.999989318848,6601.110809365161,6635.463778769447,2630.999988555908,6634.470868355902,6643.163936179966,2762.9999382019046,6628.4682504508355,6641.461752300027,2769.9999355316163,6637.3628511171555,6642.399031084757,2803.9999225616457,6641.722923862212,6641.920805697344,2808.999920654297,6642.760479261546,6644.15591435645,2836.9999099731444,6631.702891463155,6644.271546902222,2841.999908065796,6573.408000427912,6626.9251383073015,2877.999894332886,6608.191226273802,6632.838039856955,2880.9998931884766,6573.830783690437,6624.674504080448,2877.999894332886,6614.935660360056,6634.308782895743,2881.9998928070067,6631.714059968824,6637.720104227161,2938.9998710632326,6632.792963902558,6638.949857872054,2942.999869537354,6600.665152672921,6635.166156738087,2970.999858856201,6626.748060641257,6635.5324280954865,2976.9998565673827,3.087740493116919,2707.088810482817,-0.8180806476870295,2786.988134785219,-0.2695973902515899,2787.5366180426545,1.185321438960865,2839.394656202289,-1.266849124252529,2855.4878582164233,-0.93749408865967,2855.8172132520162,0.17403952487043384,2930.575452344727,-1.0574466566229987,2972.938823699476
121,19.077182853478007,1778188847.458965,0.011596875032410026,6638.702944952167,6645.056010636671,2628.999989318848,6601.110809365161,6635.463778769447,2630.999988555908,6634.470868355902,6643.163936179966,2762.9999382019046,6628.4682504508355,6641.461752300027,2769.9999355316163,6637.3628511171555,6642.399031084757,2803.9999225616457,6641.722923862212,6641.920805697344,2808.999920654297,6642.760479261546,6644.15591435645,2836.9999099731444,6631.702891463155,6644.271546902222,2841.999908065796,6573.408000427912,6626.9251383073015,2877.999894332886,6608.191226273802,6632.838039856955,2880.9998931884766,6573.830783690437,6624.674504080448,2877.999894332886,6614.935660360056,6634.308782895743,2881.9998928070067,6631.714059968824,6637.720104227161,2938.9998710632326,6632.792963902558,6638.949857872054,2942.999869537354,6600.665152672921,6635.166156738087,2970.999858856201,6626.748060641257,6635.5324280954865,2976.9998565673827,3.1515870788538924,2707.1526570685537,-0.8180806476870295,2786.988134785219,-0.2695973902515899,2787.5366180426545,1.185321438960865,2839.394656202289,-1.266849124252529,2855.4878582164233,-0.93749408865967,2855.8172132520162,0.17403952487043384,2930.575452344727,-1.0574466566229987,2972.938823699476
122,19.226904812152497,1778188847.686852,0.16792645794339478,6634.909328483662,6641.516046703548,2628.999989318848,6597.218462878625,6634.953090136626,2630.999988555908,6631.014541369931,6641.070561176147,2762.9999382019046,6625.1146040284875,6644.3589785127,2769.9999355316163,6639.043474340557,6643.728413363084,2803.9999225616457,6636.2885564079825,6640.371478130636,2808.999920654297,6636.579107191979,6640.616184246722,2836.9999099731444,6627.872060396736,6639.411504722315,2841.999908065796,6571.483629305864,6624.698797261362,2877.999894332886,6604.413815447627,6630.915568358958,2880.9998931884766,6573.478413363084,6628.590103004554,2877.999894332886,6619.80010239325,6627.6865773145455,2881.9998928070067,6628.832153009139,6637.418103738119,2938.9998710632326,6627.816581593666,6636.971008955588,2942.999869537354,6597.855206773236,6632.189270104226,2970.999858856201,6626.568542348015,6637.626231011401,2976.9998565673827,3.4702310592867516,2707.4713010489863,-0.6390933608140726,2787.167122072092,0.04638141921204159,2787.852596852118,0.8524577865350319,2839.061792549863,-1.2205839291068932,2855.534123411569,-1.2730322025258822,2855.48167513815,0.21175034404682017,2930.6131631639037,-0.9636980002724465,2973.0325723558267
123,19.382797770551406,1778188847.764874,0.012185875093564391,6637.057379955375,6641.516046703548,2628.999989318848,6597.218462878625,6634.953090136626,2630.999988555908,6631.014541369931,6641.070561176147,2762.9999382019046,6625.1146040284875,6644.3589785127,2769.9999355316163,6639.043474340557,6643.728413363084,2803.9999225616457,6636.2885564079825,6640.371478130636,2808.999920654297,6636.579107191979,6640.616184246722,2836.9999099731444,6627.872060396736,6639.411504722315,2841.999908065796,6571.483629305864,6624.698797261362,2877.999894332886,6604.413815447627,6630.915568358958,2880.9998931884766,6573.478413363084,6628.590103004554,2877.999894332886,6619.80010239325,6627.6865773145455,2881.9998928070067,6628.832153009139,6637.418103738119,2938.9998710632326,6627.816581593666,6636.971008955588,2942.999869537354,6597.855206773236,6632.189270104226,2970.999858856201,6626.568542348015,6637.626231011401,2976.9998565673827,3.6888667707678917,2707.689936760468,-0.6390933608140726,2787.167122072092,0.04638141921204159,2787.852596852118,0.8524577865350319,2839.061792549863,-1.2205839291068932,2855.534123411569,-1.2730322025258822,2855.48167513815,0.21175034404682017,2930.6131631639037,-0.9636980002724465,2973.0325723558267
124,19.535708333016373,1778188847.9928262,0.16226333403028548,6640.754072806187,6642.010375340037,2628.999989318848,6638.7399165571405,6642.471811290767,2630.999988555908,6622.759316257604,6638.611096677569,2762.9999382019046,6570.843891554849,6628.969433322127,2769.9999355316163,6621.858358040163,6638.7926949292405,2803.9999225616457,6583.668530121955,6630.590199284777,2808.999920654297,6630.15556285723,6640.892679646667,2836.9999099731444,6635.818782284439,6640.991001619953,2841.999908065796,6623.9037151939365,6636.134245193631,2877.999894332886,6586.270283033284,6628.751644405049,2880.9998931884766,6617.380485680228,6633.301112571446,2877.999894332886,6617.135091848274,6634.681688418865,2881.9998928070067,6591.560031482103,6628.544518140417,2938.9998710632326,6627.663369196441,6636.539121863252,2942.999869537354,6622.68878259009,6633.497921569826,2970.999858856201,6622.6721918268795,6635.224170920318,2976.9998565673827,0.55006022876425,2704.551130218464,0.5793230095038437,2788.3855384424096,2.3322153518650093,2790.138430784771,-0.33529870878856133,2837.8740360545394,0.00888521396481418,2856.7635925546406,-0.22956875468624907,2856.5251385859897,-2.3712508307436813,2928.0301619891134,0.005674700282366805,2974.0019450563814
125,19.70728102058638,1778188848.089225,0.011919040931388736,6642.585724546871,6642.010375340037,2628.999989318848,6638.7399165571405,6642.471811290767,2630.999988555908,6622.759316257604,6638.611096677569,2762.9999382019046,6570.843891554849,6628.969433322127,2769.9999355316163,6621.858358040163,6638.7926949292405,2803.9999225616457,6583.668530121955,6630.590199284777,2808.999920654297,6630.15556285723,6640.892679646667,2836.9999099731444,6635.818782284439,6640.991001619953,2841.999908065796,6623.9037151939365,6636.134245193631,2877.999894332886,6586.270283033284,6628.751644405049,2880.9998931884766,6617.380485680228,6633.301112571446,2877.999894332886,6617.135091848274,6634.681688418865,2881.9998928070067,6591.560031482103,6628.544518140417,2938.9998710632326,6627.663369196441,6636.539121863252,2942.999869537354,6622.68878259009,6633.497921569826,2970.999858856201,6622.6721918268795,6635.224170920318,2976.9998565673827,0.7364778646515603,2704.7375478543513,0.5793230095038437,2788.3855384424096,2.3322153518650093,2790.138430784771,-0.33529870878856133,2837.8740360545394,0.00888521396481418,2856.7635925546406,-0.22956875468624907,2856.5251385859897,-2.3712508307436813,2928.0301619891134,0.005674700282366805,2974.0019450563814
126,19.859341645613313,1778188848.3171751,0.16369495913386345,6642.755131888621,6642.4562031971145,2628.999989318848,6637.612033499403,6642.415649356604,2630.999988555908,6635.367953968885,6644.343076993612,2762.9999382019046,6630.424244276675,6642.429064400771,2769.9999355316163,6628.291568603478,6637.496258825687,2803.9999225616457,6585.6075587615005,6634.5386190665395,2808.999920654297,6622.6450148240965,6639.562557691718,2836.9999099731444,6586.876203502767,6634.122066509766,2841.999908065796,6622.7773283002725,6633.303855793625,2877.999894332886,6619.84911361066,6634.668574441423,2880.9998931884766,6624.133401595502,6635.655275544824,2877.999894332886,6588.567035486139,6630.868446067795,2881.9998928070067,6629.631743436134,6637.956160405905,2938.9998710632326,6628.032830027203,6636.341878839747,2942.999869537354,6582.5621679860615,6629.21093773879,2970.999858856201,6620.563538833024,6634.591363816976,2976.9998565673827,0.8174146539796754,2704.8184846436793,-0.8647228999303681,2786.9414925329756,3.056536839346325,2790.8627522722522,2.930696970734512,2841.1400317340626,-0.5512526084290651,2856.203454732247,0.39328184634650654,2857.147989187022,0.15937853161012974,2930.560791351467,-1.3263334685939583,2972.669936887505
127,20.03136224951595,1778188848.413804,0.012916082981973886,6642.004435003209,6642.4562031971145,2628.999989318848,6637.612033499403,6642.415649356604,2630.999988555908,6635.367953968885,6644.343076993612,2762.9999382019046,6630.424244276675,6642.429064400771,2769.9999355316163,6628.291568603478,6637.496258825687,2803.9999225616457,6585.6075587615005,6634.5386190665395,2808.999920654297,6622.6450148240965,6639.562557691718,2836.9999099731444,6586.876203502767,6634.122066509766,2841.999908065796,6622.7773283002725,6633.303855793625,2877.999894332886,6619.84911361066,6634.668574441423,2880.9998931884766,6624.133401595502,6635.655275544824,2877.999894332886,6588.567035486139,6630.868446067795,2881.9998928070067,6629.631743436134,6637.956160405905,2938.9998710632326,6628.032830027203,6636.341878839747,2942.999869537354,6582.5621679860615,6629.21093773879,2970.999858856201,6620.563538833024,6634.591363816976,2976.9998565673827,0.7410170818617732,2704.7420870715614,-0.8647228999303681,2786.9414925329756,3.056536839346325,2790.8627522722522,2.930696970734512,2841.1400317340626,-0.5512526084290651,2856.203454732247,0.39328184634650654,2857.147989187022,0.15937853161012974,2930.560791351467,-1.3263334685939583,2972.669936887505
128,20.18391258304473,1778188848.641631,0.1634625841397792,6641.564662102271,6641.63498487025,2628.999989318848,6644.880467341138,6644.600189503927,2630.999988555908,6624.345759085491,6639.33706024391,2762.9999382019046,6572.393176330348,6630.01728917688,2769.9999355316163,6625.086276247821,6639.556988721459,2803.9999225616457,6584.8074792921125,6632.445248647493,2808.999920654297,6630.201759024361,6640.578179539688,2836.9999099731444,6635.956197084085,6642.096642418315,2841.999908065796,6627.874303878719,6638.637063300424,2877.999894332886,6579.21926674206,6624.127771494942,2880.9998931884766,6622.700267445059,6636.068386465752,2877.999894332886,6614.461081394993,6634.459288748969,2881.9998928070067,6591.523417489379,6632.021855610234,2938.9998710632326,6626.362857230185,6635.887147354586,2942.999869537354,6619.512973377755,6635.138533484121,2970.999858856201,6623.847380566678,6638.787864107345,2976.9998565673827,0.26245957957074645,2704.2635295692703,0.5922052203267587,2788.3984206532327,2.5685895763165867,2790.3748050092227,-0.21466735757341254,2837.9946674057546,0.09359712330423257,2856.84830446398,-0.12262119745025431,2856.6320861432255,-2.627322533771723,2927.774090286085,-0.08854116857869562,2973.9077291875205
129,20.35794549959246,1778188848.739746,0.011633082991465926,6642.058324418498,6641.63498487025,2628.999989318848,6644.880467341138,6644.600189503927,2630.999988555908,6624.345759085491,6639.33706024391,2762.9999382019046,6572.393176330348,6630.01728917688,2769.9999355316163,6625.086276247821,6639.556988721459,2803.9999225616457,6584.8074792921125,6632.445248647493,2808.999920654297,6630.201759024361,6640.578179539688,2836.9999099731444,6635.956197084085,6642.096642418315,2841.999908065796,6627.874303878719,6638.637063300424,2877.999894332886,6579.21926674206,6624.127771494942,2880.9998931884766,6622.700267445059,6636.068386465752,2877.999894332886,6614.461081394993,6634.459288748969,2881.9998928070067,6591.523417489379,6632.021855610234,2938.9998710632326,6626.362857230185,6635.887147354586,2942.999869537354,6619.512973377755,6635.138533484121,2970.999858856201,6623.847380566678,6638.787864107345,2976.9998565673827,0.3127052465460024,2704.313775236246,0.5922052203267587,2788.3984206532327,2.5685895763165867,2790.3748050092227,-0.21466735757341254,2837.9946674057546,0.09359712330423257,2856.84830446398,-0.12262119745025431,2856.6320861432255,-2.627322533771723,2927.774090286085,-0.08854116857869562,2973.9077291875205
130,20.510508229141124,1778188848.9678311,0.16267020790837705,6642.909200110034,6642.842788152948,2628.999989318848,6642.909149677538,6644.605469633524,2630.999988555908,6637.124872390501,6644.804199651558,2762.9999382019046,6613.824111318276,6641.210997340832,2769.9999355316163,6582.407833847846,6629.763624415442,2803.9999225616457,6617.8316364581115,6640.954691750466,2808.999920654297,6585.909213864352,6633.7134532506025,2836.9999099731444,6631.470865299387,6639.20977931962,2841.999908065796,6626.676558058502,6637.79168322279,2877.999894332886,6612.548615398722,6633.309466026837,2880.9998931884766,6577.694313353914,6628.775213191919,2877.999894332886,6616.5146498762115,6638.242626157657,2881.9998928070067,6626.786314454259,6638.430264082893,2938.9998710632326,6594.09582021579,6631.228161200599,2942.999869537354,6616.240702081486,6633.889913500626,2970.999858856201,6627.3437891615995,6636.318741021489,2976.9998565673827,0.4774664855240791,2704.478536475224,-0.2525031296733493,2787.5537123032327,-1.7218178483806716,2786.084397584525,-3.4751554919142826,2834.7341792714137,-0.4356854032133045,2856.3190219374624,-0.8919007625511935,2855.8628065781245,2.4557219078459305,2932.857134727703,-0.3977505657337615,2973.598519790365
131,20.682041749591008,1778188849.063616,0.011177917011082172,6644.034616560198,6642.842788152948,2628.999989318848,6642.909149677538,6644.605469633524,2630.999988555908,6637.124872390501,6644.804199651558,2762.9999382019046,6613.824111318276,6641.210997340832,2769.9999355316163,6582.407833847846,6629.763624415442,2803.9999225616457,6617.8316364581115,6640.954691750466,2808.999920654297,6585.909213864352,6633.7134532506025,2836.9999099731444,6631.470865299387,6639.20977931962,2841.999908065796,6626.676558058502,6637.79168322279,2877.999894332886,6612.548615398722,6633.309466026837,2880.9998931884766,6577.694313353914,6628.775213191919,2877.999894332886,6616.5146498762115,6638.242626157657,2881.9998928070067,6626.786314454259,6638.430264082893,2938.9998710632326,6594.09582021579,6631.228161200599,2942.999869537354,6616.240702081486,6633.889913500626,2970.999858856201,6627.3437891615995,6636.318741021489,2976.9998565673827,0.5919921782116139,2704.5930621679113,-0.2525031296733493,2787.5537123032327,-1.7218178483806716,2786.084397584525,-3.4751554919142826,2834.7341792714137,-0.4356854032133045,2856.3190219374624,-0.8919007625511935,2855.8628065781245,2.4557219078459305,2932.857134727703,-0.3977505657337615,2973.598519790365
132,20.832871395512484,1778188849.291691,0.16566437506116927,6632.503264357979,6641.755478803068,2628.999989318848,6644.955625515786,6644.657560289757,2630.999988555908,6638.871248892014,6643.081986429073,2762.9999382019046,6630.215184766329,6641.653935263012,2769.9999355316163,6641.296431518781,6642.683187639453,2803.9999225616457,6623.913187333802,6640.530199896079,2808.999920654297,6584.606068710456,6629.623496958768,2836.9999099731444,6616.83678668582,6638.48829201944,2841.999908065796,6579.867940214567,6626.625220833206,2877.999894332886,6615.227427637008,6635.071823516826,2880.9998931884766,6624.0786945624595,6636.2449766176605,2877.999894332886,6621.755330562092,6635.154529755174,2881.9998928070067,6585.193182443378,6630.194932298194,2938.9998710632326,6630.353640309319,6638.066020723172,2942.999869537354,6618.090245132499,6637.450712167985,2970.999858856201,6583.42455145643,6630.652382553414,2976.9998565673827,-0.6738789528199562,2703.32719103688,-0.710687475377753,2787.0955279575282,1.22687628874836,2789.0330917216543,-1.9592602563740995,2836.250074506954,-1.2247276202362845,2855.5299797204398,-0.23784616565842387,2856.5168611750173,-3.196885714970217,2927.204527104887,1.018810673986954,2975.015081030086
133,21.005524062085897,1778188849.387462,0.011907957959920168,6635.1238148363245,6641.755478803068,2628.999989318848,6644.955625515786,6644.657560289757,2630.999988555908,6638.871248892014,6643.081986429073,2762.9999382019046,6630.215184766329,6641.653935263012,2769.9999355316163,6641.296431518781,6642.683187639453,2803.9999225616457,6623.913187333802,6640.530199896079,2808.999920654297,6584.606068710456,6629.623496958768,2836.9999099731444,6616.83678668582,6638.48829201944,2841.999908065796,6579.867940214567,6626.625220833206,2877.999894332886,6615.227427637008,6635.071823516826,2880.9998931884766,6624.0786945624595,6636.2449766176605,2877.999894332886,6621.755330562092,6635.154529755174,2881.9998928070067,6585.193182443378,6630.194932298194,2938.9998710632326,6630.353640309319,6638.066020723172,2942.999869537354,6618.090245132499,6637.450712167985,2970.999858856201,6583.42455145643,6630.652382553414,2976.9998565673827,-0.4071603609126759,2703.593909628787,-0.710687475377753,2787.0955279575282,1.22687628874836,2789.0330917216543,-1.9592602563740995,2836.250074506954,-1.2247276202362845,2855.5299797204398,-0.23784616565842387,2856.5168611750173,-3.196885714970217,2927.204527104887,1.018810673986954,2975.015081030086
134,21.17093410412781,1778188849.615222,0.13660304201766849,6640.931978787788,6642.89096647003,2628.999989318848,6645.2487942048465,6623.544096341351,2630.999988555908,6635.306256686128,6592.44124614115,2762.9999382019046,6620.537566097136,6621.347987284897,2769.9999355316163,6635.6816502124275,6595.618438426507,2803.9999225616457,6626.306991777975,6637.041510529695,2808.999920654297,6631.638068893847,6637.7424274841815,2836.9999099731444,6635.372353822172,6638.507934712839,2841.999908065796,6619.537663905615,6593.62809395727,2877.999894332886,6611.625080233518,6631.56954641318,2880.9998931884766,6627.838807042211,6631.968846471253,2877.999894332886,6626.177870831678,6603.362086988416,2881.9998928070067,6615.150146712718,6628.742725494392,2938.9998710632326,6632.254645902741,6636.030540697497,2942.999869537354,6621.631534064858,6638.932631353729,2970.999858856201,6617.770061435952,6636.956820613137,2976.9998565673827,-2.11638888366337,2701.8846811060366,0.6387861389409683,2788.4450015718467,3.8999277418171614,2791.706143174723,-0.09952170795312537,2838.109813055375,0.3478280156111348,2857.102535356287,-0.8416515165928002,2855.913055824083,-0.723647321122305,2929.6777654987345,0.011493775693013313,2974.007764131792
135,21.320770916645415,1778188849.7031722,0.012832083040848374,6641.469647278174,6642.89096647003,2628.999989318848,6645.2487942048465,6623.544096341351,2630.999988555908,6635.306256686128,6592.44124614115,2762.9999382019046,6620.537566097136,6621.347987284897,2769.9999355316163,6635.6816502124275,6595.618438426507,2803.9999225616457,6626.306991777975,6637.041510529695,2808.999920654297,6631.638068893847,6637.7424274841815,2836.9999099731444,6635.372353822172,6638.507934712839,2841.999908065796,6619.537663905615,6593.62809395727,2877.999894332886,6611.625080233518,6631.56954641318,2880.9998931884766,6627.838807042211,6631.968846471253,2877.999894332886,6626.177870831678,6603.362086988416,2881.9998928070067,6615.150146712718,6628.742725494392,2938.9998710632326,6632.254645902741,6636.030540697497,2942.999869537354,6621.631534064858,6638.932631353729,2970.999858856201,6617.770061435952,6636.956820613137,2976.9998565673827,-2.061674551297122,2701.9393954384027,0.6387861389409683,2788.4450015718467,3.8999277418171614,2791.706143174723,-0.09952170795312537,2838.109813055375,0.3478280156111348,2857.102535356287,-0.8416515165928002,2855.913055824083,-0.723647321122305,2929.6777654987345,0.011493775693013313,2974.007764131792
136,21.47222612448968,1778188849.930995,0.1655660830438137,6635.722321728766,6640.071284041935,2628.999989318848,6644.211741602226,6643.467224990066,2630.999988555908,6635.740393373477,6643.541126937065,2762.9999382019046,6628.338421921326,6640.019905553687,2769.9999355316163,6638.720810282115,6640.918617232632,2803.9999225616457,6617.904902649998,6634.612774704283,2808.999920654297,6576.552955649968,6627.0242259375855,2836.9999099731444,6616.495318947336,6635.367000336216,2841.999908065796,6578.019691597639,6628.574620228016,2877.999894332886,6611.88144236941,6630.859209279579,2880.9998931884766,6625.997012256626,6635.314208209798,2877.999894332886,6622.929770455727,6638.024957972919,2881.9998928070067,6592.412521013541,6630.127047100896,2938.9998710632326,6633.608530733257,6636.868560687105,2942.999869537354,6616.038172815354,6635.5025949812025,2970.999858856201,6586.473009444632,6629.09864749213,2976.9998565673827,-0.22037353035762894,2703.780696459342,-0.8333831279329659,2786.972832304973,1.1742578392493002,2788.980473272155,-2.7094508917703664,2835.499883871558,-1.3247288096812326,2855.4299785309945,-0.1410247372826625,2856.613682603393,-2.9412083148736716,2927.4602045049833,0.8366378353745105,2974.8329081914735
137,21.63214668701403,1778188850.0140002,0.01173629192635417,6636.268167924932,6640.071284041935,2628.999989318848,6644.211741602226,6643.467224990066,2630.999988555908,6635.740393373477,6643.541126937065,2762.9999382019046,6628.338421921326,6640.019905553687,2769.9999355316163,6638.720810282115,6640.918617232632,2803.9999225616457,6617.904902649998,6634.612774704283,2808.999920654297,6576.552955649968,6627.0242259375855,2836.9999099731444,6616.495318947336,6635.367000336216,2841.999908065796,6578.019691597639,6628.574620228016,2877.999894332886,6611.88144236941,6630.859209279579,2880.9998931884766,6625.997012256626,6635.314208209798,2877.999894332886,6622.929770455727,6638.024957972919,2881.9998928070067,6592.412521013541,6630.127047100896,2938.9998710632326,6633.608530733257,6636.868560687105,2942.999869537354,6616.038172815354,6635.5025949812025,2970.999858856201,6586.473009444632,6629.09864749213,2976.9998565673827,-0.1648034289731965,2703.8362665607265,-0.8333831279329659,2786.972832304973,1.1742578392493002,2788.980473272155,-2.7094508917703664,2835.499883871558,-1.3247288096812326,2855.4299785309945,-0.1410247372826625,2856.613682603393,-2.9412083148736716,2927.4602045049833,0.8366378353745105,2974.8329081914735
138,21.783746208180673,1778188850.2418299,0.16419408400543034,6637.514564293793,6632.486487147355,2628.999989318848,6636.895416755814,6628.06916434881,2630.999988555908,6626.6750084054165,6635.674889201332,2762.9999382019046,6625.8209936730145,6641.110199590426,2769.9999355316163,6634.1269813858235,6622.559345294496,2803.9999225616457,6629.079504538926,6587.73156921478,2808.999920654297,6626.216392089741,6615.59816150625,2836.9999099731444,6628.37378732769,6595.059432405173,2841.999908065796,6616.520007946939,6617.228240669989,2877.999894332886,6610.908327475013,6624.08054528227,2880.9998931884766,6619.4875706819075,6625.333737812146,2877.999894332886,6619.3524085337895,6593.083612495034,2881.9998928070067,6619.9415594339325,6634.681275789345,2938.9998710632326,6632.370015588227,6636.083048568023,2942.999869537354,6620.828158144084,6600.633707246996,2970.999858856201,6617.2394489103535,6624.186639973103,2976.9998565673827,-0.08958507225682955,2703.911484917443,-0.7454235427594428,2787.0607918901464,-2.152034586451573,2785.6541808464544,-1.9094994628868756,2836.2998353004414,-0.3747620175415138,2856.3799453231345,-0.9533442064827777,2855.8013631341933,-0.831399095838432,2929.5700137240183,0.9937449552411677,2974.9900153113404
139,21.94322922860738,1778188850.32494,0.011451875092461705,6638.575182626769,6632.486487147355,2628.999989318848,6636.895416755814,6628.06916434881,2630.999988555908,6626.6750084054165,6635.674889201332,2762.9999382019046,6625.8209936730145,6641.110199590426,2769.9999355316163,6634.1269813858235,6622.559345294496,2803.9999225616457,6629.079504538926,6587.73156921478,2808.999920654297,6626.216392089741,6615.59816150625,2836.9999099731444,6628.37378732769,6595.059432405173,2841.999908065796,6616.520007946939,6617.228240669989,2877.999894332886,6610.908327475013,6624.08054528227,2880.9998931884766,6619.4875706819075,6625.333737812146,2877.999894332886,6619.3524085337895,6593.083612495034,2881.9998928070067,6619.9415594339325,6634.681275789345,2938.9998710632326,6632.370015588227,6636.083048568023,2942.999869537354,6620.828158144084,6600.633707246996,2970.999858856201,6617.2394489103535,6624.186639973103,2976.9998565673827,0.018515103122685138,2704.0195850928226,-0.7454235427594428,2787.0607918901464,-2.152034586451573,2785.6541808464544,-1.9094994628868756,2836.2998353004414,-0.3747620175415138,2856.3799453231345,-0.9533442064827777,2855.8013631341933,-0.831399095838432,2929.5700137240183,0.9937449552411677,2974.9900153113404
140,22.093997854040936,1778188850.553053,0.16613470809534192,6620.804606168046,6636.543067824066,2628.999989318848,6611.636730140293,6633.382643579791,2630.999988555908,6615.345499281719,6632.701274566738,2762.9999382019046,6617.76355870037,6634.416133814225,2769.9999355316163,6631.523157685607,6636.475937585965,2803.9999225616457,6630.185243145766,6636.100233823394,2808.999920654297,6610.489447382095,6637.09466790965,2836.9999099731444,6592.554159916863,6632.517770577988,2841.999908065796,6598.025865757864,6632.306571507169,2877.999894332886,6583.528547849742,6626.617616223982,2880.9998931884766,6611.160366170492,6627.773012501147,2877.999894332886,6605.516097136046,6629.209976464836,2881.9998928070067,6605.539973102667,6626.267686523826,2938.9998710632326,6603.2762539352625,6625.958509337654,2942.999869537354,6615.833519271326,6631.30584252835,2970.999858856201,6624.641999572088,6632.016520463369,2976.9998565673827,0.9111031174262387,2704.912173107126,-1.0020004144519459,2786.8042150184538,0.16292165891519966,2787.9691370918213,1.38762687996688,2839.596961643295,-0.45306438780063185,2856.301642952875,-0.11301853554225239,2856.6416888051335,0.33671828893578565,2930.7381311087925,-0.37545185655021057,2973.620818499549
141,22.263961083022878,1778188850.6455522,0.011210415977984667,6623.072926918727,6636.543067824066,2628.999989318848,6611.636730140293,6633.382643579791,2630.999988555908,6615.345499281719,6632.701274566738,2762.9999382019046,6617.76355870037,6634.416133814225,2769.9999355316163,6631.523157685607,6636.475937585965,2803.9999225616457,6630.185243145766,6636.100233823394,2808.999920654297,6610.489447382095,6637.09466790965,2836.9999099731444,6592.554159916863,6632.517770577988,2841.999908065796,6598.025865757864,6632.306571507169,2877.999894332886,6583.528547849742,6626.617616223982,2880.9998931884766,6611.160366170492,6627.773012501147,2877.999894332886,6605.516097136046,6629.209976464836,2881.9998928070067,6605.539973102667,6626.267686523826,2938.9998710632326,6603.2762539352625,6625.958509337654,2942.999869537354,6615.833519271326,6631.30584252835,2970.999858856201,6624.641999572088,6632.016520463369,2976.9998565673827,1.142153233655574,2705.1432232233556,-1.0020004144519459,2786.8042150184538,0.16292165891519966,2787.9691370918213,1.38762687996688,2839.596961643295,-0.45306438780063185,2856.301642952875,-0.11301853554225239,2856.6416888051335,0.33671828893578565,2930.7381311087925,-0.37545185655021057,2973.620818499549
142,22.41446158301551,1778188850.8734138,0.16592883388511837,6640.6593758596455,6611.349396338295,2628.999989318848,6637.894353088607,6625.9862365131285,2630.999988555908,6633.060410489959,6633.031712870984,2762.9999382019046,6623.579512180212,6635.549321453678,2769.9999355316163,6633.036209004492,6631.995775896323,2803.9999225616457,6629.314857719229,6610.0648898126365,2808.999920654297,6632.355191490664,6593.056531772473,2836.9999099731444,6630.120235657303,6614.612239814164,2841.999908065796,6620.080021089952,6602.831705229697,2877.999894332886,6611.543428492832,6619.038881926828,2880.9998931884766,6619.031928355289,6617.7067289176875,2877.999894332886,6619.8174985481555,6608.949000519608,2881.9998928070067,6627.662548522174,6601.440478955895,2938.9998710632326,6625.147090197756,6631.0103738117805,2942.999869537354,6620.852619433322,6634.485200354555,2970.999858856201,6625.897478375157,6623.414678913103,2976.9998565673827,2.080121526417426,2706.081191516117,-0.5352313225025828,2787.2709841104033,-1.2733297523824074,2786.5328856805236,2.352804840800094,2840.5621396041283,-0.10845663864418786,2856.6462507020315,-0.4687143719005154,2856.285992968775,3.0589912843353457,2933.460404104192,-0.6858985719139257,2973.310371784185
143,22.585792687605135,1778188850.968389,0.013221875065937638,6641.160326435798,6611.349396338295,2628.999989318848,6637.894353088607,6625.9862365131285,2630.999988555908,6633.060410489959,6633.031712870984,2762.9999382019046,6623.579512180212,6635.549321453678,2769.9999355316163,6633.036209004492,6631.995775896323,2803.9999225616457,6629.314857719229,6610.0648898126365,2808.999920654297,6632.355191490664,6593.056531772473,2836.9999099731444,6630.120235657303,6614.612239814164,2841.999908065796,6620.080021089952,6602.831705229697,2877.999894332886,6611.543428492832,6619.038881926828,2880.9998931884766,6619.031928355289,6617.7067289176875,2877.999894332886,6619.8174985481555,6608.949000519608,2881.9998928070067,6627.662548522174,6601.440478955895,2938.9998710632326,6625.147090197756,6631.0103738117805,2942.999869537354,6620.852619433322,6634.485200354555,2970.999858856201,6625.897478375157,6623.414678913103,2976.9998565673827,2.131342568959915,2706.13241255866,-0.5352313225025828,2787.2709841104033,-1.2733297523824074,2786.5328856805236,2.352804840800094,2840.5621396041283,-0.10845663864418786,2856.6462507020315,-0.4687143719005154,2856.285992968775,3.0589912843353457,2933.460404104192,-0.6858985719139257,2973.310371784185
144,22.752815916086547,1778188851.196074,0.13454449991695583,6633.61073753706,6594.516120059908,2628.999989318848,6627.902403949016,6611.39842895131,2630.999988555908,6630.193700522665,6608.890012837362,2762.9999382019046,6618.115047223156,6623.0986031726625,2769.9999355316163,6629.650987254332,6624.129108720236,2803.9999225616457,6632.2123146987815,6614.008828743467,2808.999920654297,6628.859553137513,6601.071653880246,2836.9999099731444,6626.7489072959015,6625.822031359845,2841.999908065796,6619.112499617937,6622.227424580493,2877.999894332886,6612.15134639484,6607.8423969190335,2880.9998931884766,6618.591424947275,6604.065436928814,2877.999894332886,6615.880485680228,6612.458611730905,2881.9998928070067,6622.498063697771,6615.512852645414,2938.9998710632326,6626.125911605586,6630.008231194792,2942.999869537354,6616.952246538496,6629.062643274138,2970.999858856201,6620.696503346885,6609.933861601004,2976.9998565673827,2.6181888274204246,2706.61925881712,-0.006831472101563091,2787.7993839608043,-0.8590112209260792,2786.9472042119796,2.6265633611155126,2840.8358981244437,-0.804126360566979,2855.950580980109,-0.026014158745417463,2856.7286931819303,1.1402358823810026,2931.541648702238,-0.9493482122522117,2973.046922143847
145,22.896167707978748,1778188851.278471,0.012636583996936679,6636.118054833879,6594.516120059908,2628.999989318848,6627.902403949016,6611.39842895131,2630.999988555908,6630.193700522665,6608.890012837362,2762.9999382019046,6618.115047223156,6623.0986031726625,2769.9999355316163,6629.650987254332,6624.129108720236,2803.9999225616457,6632.2123146987815,6614.008828743467,2808.999920654297,6628.859553137513,6601.071653880246,2836.9999099731444,6626.7489072959015,6625.822031359845,2841.999908065796,6619.112499617937,6622.227424580493,2877.999894332886,6612.15134639484,6607.8423969190335,2880.9998931884766,6618.591424947275,6604.065436928814,2877.999894332886,6615.880485680228,6612.458611730905,2881.9998928070067,6622.498063697771,6615.512852645414,2938.9998710632326,6626.125911605586,6630.008231194792,2942.999869537354,6616.952246538496,6629.062643274138,2970.999858856201,6620.696503346885,6609.933861601004,2976.9998565673827,2.8752106536883733,2706.8762806433883,-0.006831472101563091,2787.7993839608043,-0.8590112209260792,2786.9472042119796,2.6265633611155126,2840.8358981244437,-0.804126360566979,2855.950580980109,-0.026014158745417463,2856.7286931819303,1.1402358823810026,2931.541648702238,-0.9493482122522117,2973.046922143847
146,23.048174874624237,1778188851.50643,0.16453333292156458,6635.558067671242,6622.166871962589,2628.999989318848,6632.34077849436,6628.051179814775,2630.999988555908,6630.156297949079,6631.9612174099075,2762.9999382019046,6620.636131063361,6631.390017422136,2769.9999355316163,6633.903113060488,6611.578962007518,2803.9999225616457,6627.27414493994,6592.454115597396,2808.999920654297,6627.440336827948,6612.735108659106,2836.9999099731444,6630.804460983587,6603.951983678211,2841.999908065796,6616.061992236452,6614.885319558639,2877.999894332886,6608.509114527615,6612.4165663110925,2880.9998931884766,6616.064920377785,6607.7097105480325,2877.999894332886,6616.226082770425,6598.868507198093,2881.9998928070067,6620.4264098175245,6625.210282116333,2938.9998710632326,6630.21866002384,6633.724507136963,2942.999869537354,6622.734125989546,6621.7484090839625,2970.999858856201,6619.155416144512,6606.505073814837,2976.9998565673827,1.2276173821608811,2705.228687371861,-0.647045197073252,2787.159170235833,-0.8523835148889272,2786.953831918017,-0.9414446790728161,2837.267890084255,-0.5338020769970359,2856.220905263679,-0.4576212639928712,2856.297086076683,0.04504391082205969,2930.446456730679,-0.5153912805111465,2973.480879075588
147,23.219361791037954,1778188851.601495,0.012294249841943383,6637.345487055658,6622.166871962589,2628.999989318848,6632.34077849436,6628.051179814775,2630.999988555908,6630.156297949079,6631.9612174099075,2762.9999382019046,6620.636131063361,6631.390017422136,2769.9999355316163,6633.903113060488,6611.578962007518,2803.9999225616457,6627.27414493994,6592.454115597396,2808.999920654297,6627.440336827948,6612.735108659106,2836.9999099731444,6630.804460983587,6603.951983678211,2841.999908065796,6616.061992236452,6614.885319558639,2877.999894332886,6608.509114527615,6612.4165663110925,2880.9998931884766,6616.064920377785,6607.7097105480325,2877.999894332886,6616.226082770425,6598.868507198093,2881.9998928070067,6620.4264098175245,6625.210282116333,2938.9998710632326,6630.21866002384,6633.724507136963,2942.999869537354,6622.734125989546,6621.7484090839625,2970.999858856201,6619.155416144512,6606.505073814837,2976.9998565673827,1.41007835489843,2705.411148344598,-0.647045197073252,2787.159170235833,-0.8523835148889272,2786.953831918017,-0.9414446790728161,2837.267890084255,-0.5338020769970359,2856.220905263679,-0.4576212639928712,2856.297086076683,0.04504391082205969,2930.446456730679,-0.5153912805111465,2973.480879075588
148,23.371540312073193,1778188851.829432,0.16380595811642706,6629.4917443530885,6626.7735000152825,2628.999989318848,6634.461900541003,6631.636424488798,2630.999988555908,6625.20583641532,6631.241247669406,2762.9999382019046,6619.421594278205,6607.891023015558,2769.9999355316163,6627.6414096647,6588.226041507473,2803.9999225616457,6623.177664516918,6606.52555857811,2808.999920654297,6627.765268820491,6603.19402451325,2836.9999099731444,6627.175130666015,6624.586901305132,2841.999908065796,6617.156250573096,6615.726970688021,2877.999894332886,6608.92006754898,6605.215421646239,2880.9998931884766,6618.808914325886,6600.3044747379045,2877.999894332886,6614.527554482379,6621.732282911025,2881.9998928070067,6627.0445227251885,6627.848785035303,2938.9998710632326,6630.207208790537,6618.6715407891925,2942.999869537354,6619.646277164776,6607.82389583397,2970.999858856201,6619.366815417062,6616.297056576093,2976.9998565673827,0.28740416513486455,2704.2884741548346,-1.6232053501314077,2786.1830100827747,1.8055338610651523,2789.611749293971,2.180385368025296,2840.3897201313534,-0.6929758268767612,2856.0617315137993,0.2868674159973248,2857.041574756673,-0.9520465156968498,2929.44936630416,0.2787533122832312,2974.2750236683823
149,23.53413997858297,1778188851.916013,0.01177412481047213,6632.5349390225265,6626.7735000152825,2628.999989318848,6634.461900541003,6631.636424488798,2630.999988555908,6625.20583641532,6631.241247669406,2762.9999382019046,6619.421594278205,6607.891023015558,2769.9999355316163,6627.6414096647,6588.226041507473,2803.9999225616457,6623.177664516918,6606.52555857811,2808.999920654297,6627.765268820491,6603.19402451325,2836.9999099731444,6627.175130666015,6624.586901305132,2841.999908065796,6617.156250573096,6615.726970688021,2877.999894332886,6608.92006754898,6605.215421646239,2880.9998931884766,6618.808914325886,6600.3044747379045,2877.999894332886,6614.527554482379,6621.732282911025,2881.9998928070067,6627.0445227251885,6627.848785035303,2938.9998710632326,6630.207208790537,6618.6715407891925,2942.999869537354,6619.646277164776,6607.82389583397,2970.999858856201,6619.366815417062,6616.297056576093,2976.9998565673827,0.5978395729001177,2704.5989095626,-1.6232053501314077,2786.1830100827747,1.8055338610651523,2789.611749293971,2.180385368025296,2840.3897201313534,-0.6929758268767612,2856.0617315137993,0.2868674159973248,2857.041574756673,-0.9520465156968498,2929.44936630416,0.2787533122832312,2974.2750236683823
150,23.685599853517488,1778188852.1440241,0.1648636250756681,6633.9959455329035,6630.886349604181,2628.999989318848,6634.604002506341,6635.0881880979305,2630.999988555908,6628.057340220681,6633.121866308034,2762.9999382019046,6621.425092459578,6612.44275605954,2769.9999355316163,6631.782608429867,6590.004969893327,2803.9999225616457,6625.516691628206,6612.286227343584,2808.999920654297,6629.538207965279,6605.01833908977,2836.9999099731444,6627.489714827154,6625.8144267506195,2841.999908065796,6619.218273374699,6620.203680044014,2877.999894332886,6611.258683559006,6607.348306690712,2880.9998931884766,6615.972171959531,6602.510838402054,2877.999894332886,6618.029366995751,6623.670102698903,2881.9998928070067,6625.398785035302,6630.445671974815,2938.9998710632326,6631.6686890607325,6620.020096585873,2942.999869537354,6619.008214383958,6609.715134333832,2970.999858856201,6620.205970901979,6621.283721001315,2976.9998565673827,0.664473455191313,2704.6655434448912,-1.4932340085369387,2786.312981424369,2.239577164246702,2790.0457925971527,2.2582698661336744,2840.4676046294617,-0.749554984216955,2856.005152356459,0.14509441576480142,2856.899801756441,-1.3438766832343374,2929.0575361366227,0.34132705503553923,2974.3375974111345
151,23.85583758307621,1778188852.237804,0.011961500160396099,6635.329142341901,6630.886349604181,2628.999989318848,6634.604002506341,6635.0881880979305,2630.999988555908,6628.057340220681,6633.121866308034,2762.9999382019046,6621.425092459578,6612.44275605954,2769.9999355316163,6631.782608429867,6590.004969893327,2803.9999225616457,6625.516691628206,6612.286227343584,2808.999920654297,6629.538207965279,6605.01833908977,2836.9999099731444,6627.489714827154,6625.8144267506195,2841.999908065796,6619.218273374699,6620.203680044014,2877.999894332886,6611.258683559006,6607.348306690712,2880.9998931884766,6615.972171959531,6602.510838402054,2877.999894332886,6618.029366995751,6623.670102698903,2881.9998928070067,6625.398785035302,6630.445671974815,2938.9998710632326,6631.6686890607325,6620.020096585873,2942.999869537354,6619.008214383958,6609.715134333832,2970.999858856201,6620.205970901979,6621.283721001315,2976.9998565673827,0.8003881216926936,2704.8014581113925,-1.4932340085369387,2786.312981424369,2.239577164246702,2790.0457925971527,2.2582698661336744,2840.4676046294617,-0.749554984216955,2856.005152356459,0.14509441576480142,2856.899801756441,-1.3438766832343374,2929.0575361366227,0.34132705503553923,2974.3375974111345
152,24.007585374987684,1778188852.465386,0.163624000037089,6623.825796986277,6633.717976892747,2628.999989318848,6632.661704924045,6639.499303114589,2630.999988555908,6625.311348840053,6635.326182107162,2762.9999382019046,6621.870723171441,6638.223561145582,2769.9999355316163,6611.261555154812,6632.987883974693,2803.9999225616457,6587.878005318336,6629.934151969925,2808.999920654297,6606.975625821438,6634.666609102302,2836.9999099731444,6603.643958798179,6631.135632851423,2841.999908065796,6609.841087202372,6628.403854265367,2877.999894332886,6602.229382278327,6625.804613809336,2880.9998931884766,6597.730916648837,6629.54402451325,2877.999894332886,6594.113705413089,6629.360425772534,2881.9998928070067,6627.6517422135275,6629.908819573922,2938.9998710632326,6633.661348840052,6637.576244765718,2942.999869537354,6603.947322492893,6635.57464773665,2970.999858856201,6600.866959073265,6630.901943943516,2976.9998565673827,-0.013746027356069012,2703.987323962344,-0.7434256282931208,2787.0627898046127,1.6102948696796544,2789.4165103025857,0.1536384193233505,2838.3629731826513,-0.5354034659529711,2856.2193038747228,-0.19083986978161377,2856.5638674708944,0.3094081621169674,2930.710820981974,-0.12252844778715097,2973.873741908312
153,24.17728818708565,1778188852.5592089,0.011869792127981782,6626.110419659504,6633.717976892747,2628.999989318848,6632.661704924045,6639.499303114589,2630.999988555908,6625.311348840053,6635.326182107162,2762.9999382019046,6621.870723171441,6638.223561145582,2769.9999355316163,6611.261555154812,6632.987883974693,2803.9999225616457,6587.878005318336,6629.934151969925,2808.999920654297,6606.975625821438,6634.666609102302,2836.9999099731444,6603.643958798179,6631.135632851423,2841.999908065796,6609.841087202372,6628.403854265367,2877.999894332886,6602.229382278327,6625.804613809336,2880.9998931884766,6597.730916648837,6629.54402451325,2877.999894332886,6594.113705413089,6629.360425772534,2881.9998928070067,6627.6517422135275,6629.908819573922,2938.9998710632326,6633.661348840052,6637.576244765718,2942.999869537354,6603.947322492893,6635.57464773665,2970.999858856201,6600.866959073265,6630.901943943516,2976.9998565673827,0.21906369936542106,2704.2201336890653,-0.7434256282931208,2787.0627898046127,1.6102948696796544,2789.4165103025857,0.1536384193233505,2838.3629731826513,-0.5354034659529711,2856.2193038747228,-0.19083986978161377,2856.5638674708944,0.3094081621169674,2930.710820981974,-0.12252844778715097,2973.873741908312
154,24.32996141607873,1778188852.787227,0.1625560000538826,6632.90486597182,6637.817250970443,2628.999989318848,6634.533511630039,6636.4346883883,2630.999988555908,6628.492997524224,6635.853401901152,2762.9999382019046,6596.984488186569,6631.4476709355995,2769.9999355316163,6587.012229116362,6630.205303053459,2803.9999225616457,6606.800047375982,6631.965012073235,2808.999920654297,6602.642652138032,6632.109024360424,2836.9999099731444,6622.031436256382,6631.284728122994,2841.999908065796,6610.2413790995515,6627.636736253325,2877.999894332886,6592.148619983495,6625.295804933216,2880.9998931884766,6594.466772625851,6628.726602377968,2877.999894332886,6618.481824433782,6632.776582510621,2881.9998928070067,6626.670443500321,6631.69267811841,2938.9998710632326,6616.115455267903,6630.471747103952,2942.999869537354,6595.792195189044,6632.94284164196,2970.999858856201,6609.56957697833,6626.874030320629,2976.9998565673827,-0.008489595998365811,2703.9925803937012,0.02042174553031587,2787.826637178436,-1.2558765498819122,2786.550338883024,-1.6688219628331786,2836.540512800495,-0.3037321308035041,2856.4509752098725,-0.6908849136579649,2856.063822427018,1.0008415174148482,2931.4022543372716,-0.8297721145045446,2973.1664982415946
155,24.489175729104318,1778188852.8710442,0.011764208087697625,6635.333569703825,6637.817250970443,2628.999989318848,6634.533511630039,6636.4346883883,2630.999988555908,6628.492997524224,6635.853401901152,2762.9999382019046,6596.984488186569,6631.4476709355995,2769.9999355316163,6587.012229116362,6630.205303053459,2803.9999225616457,6606.800047375982,6631.965012073235,2808.999920654297,6602.642652138032,6632.109024360424,2836.9999099731444,6622.031436256382,6631.284728122994,2841.999908065796,6610.2413790995515,6627.636736253325,2877.999894332886,6592.148619983495,6625.295804933216,2880.9998931884766,6594.466772625851,6628.726602377968,2877.999894332886,6618.481824433782,6632.776582510621,2881.9998928070067,6626.670443500321,6631.69267811841,2938.9998710632326,6616.115455267903,6630.471747103952,2942.999869537354,6595.792195189044,6632.94284164196,2970.999858856201,6609.56957697833,6626.874030320629,2976.9998565673827,0.23884956961231096,2704.239919559312,0.02042174553031587,2787.826637178436,-1.2558765498819122,2786.550338883024,-1.6688219628331786,2836.540512800495,-0.3037321308035041,2856.4509752098725,-0.6908849136579649,2856.063822427018,1.0008415174148482,2931.4022543372716,-0.8297721145045446,2973.1664982415946
156,24.641161499544978,1778188853.0989041,0.16350883292034268,6621.350013754318,6635.014666687044,2628.999989318848,6633.11057401351,6635.285943087691,2630.999988555908,6625.794690833512,6632.001389186049,2762.9999382019046,6622.289756090106,6637.061903597518,2769.9999355316163,6607.373183665984,6633.6143533942595,2803.9999225616457,6590.49842283828,6629.304138521258,2808.999920654297,6606.287997065747,6632.090919094048,2836.9999099731444,6600.860590824343,6630.770599382585,2841.999908065796,6609.06858819574,6627.694513555645,2877.999894332886,6598.723351774306,6624.276694073417,2880.9998931884766,6598.963797108538,6630.499524711924,2877.999894332886,6592.560717669713,6623.737037320049,2881.9998928070067,6626.699196136566,6627.384298682642,2938.9998710632326,6631.679047589937,6632.558529205,2942.999869537354,6606.600197145215,6630.8795977626305,2970.999858856201,6596.980135709266,6627.744715285631,2976.9998565673827,-0.8724403644689339,2703.128629625231,-0.6615913407534029,2787.1446240921523,1.030916935946427,2788.8371323688525,0.5447190678925049,2838.7540538312205,-0.49400938819009393,2856.2606979524858,-0.2711970255950786,2856.483510315081,0.17802143641423038,2930.5794342562713,0.19013041858712906,2974.1864007746863
157,24.80980652058497,1778188853.191732,0.011878209188580513,6625.0373521410875,6635.014666687044,2628.999989318848,6633.11057401351,6635.285943087691,2630.999988555908,6625.794690833512,6632.001389186049,2762.9999382019046,6622.289756090106,6637.061903597518,2769.9999355316163,6607.373183665984,6633.6143533942595,2803.9999225616457,6590.49842283828,6629.304138521258,2808.999920654297,6606.287997065747,6632.090919094048,2836.9999099731444,6600.860590824343,6630.770599382585,2841.999908065796,6609.06858819574,6627.694513555645,2877.999894332886,6598.723351774306,6624.276694073417,2880.9998931884766,6598.963797108538,6630.499524711924,2877.999894332886,6592.560717669713,6623.737037320049,2881.9998928070067,6626.699196136566,6627.384298682642,2938.9998710632326,6631.679047589937,6632.558529205,2942.999869537354,6606.600197145215,6630.8795977626305,2970.999858856201,6596.980135709266,6627.744715285631,2976.9998565673827,-0.49676324083583523,2703.504306748864,-0.6615913407534029,2787.1446240921523,1.030916935946427,2788.8371323688525,0.5447190678925049,2838.7540538312205,-0.49400938819009393,2856.2606979524858,-0.2711970255950786,2856.483510315081,0.17802143641423038,2930.5794342562713,0.19013041858712906,2974.1864007746863
158,24.961886520613916,1778188853.4197462,0.16374145890586078,6627.421250420271,6629.435889598679,2628.999989318848,6632.056788519729,6630.056566922394,2630.999988555908,6627.0347541033725,6628.982912553106,2762.9999382019046,6617.803415655469,6608.395392303694,2769.9999355316163,6626.107433444386,6588.544904789558,2803.9999225616457,6622.827245774369,6607.21315218388,2808.999920654297,6624.979828529511,6601.6045740746395,2836.9999099731444,6626.535561023321,6625.011487911484,2841.999908065796,6616.200875691537,6613.659576061375,2877.999894332886,6608.773784271174,6607.172923862212,2880.9998931884766,6614.5695189045455,6600.446595042333,2877.999894332886,6610.9742014854655,6629.30605495614,2881.9998928070067,6625.62441696977,6626.454795671974,2938.9998710632326,6629.151814041628,6614.506777821928,2942.999869537354,6614.524271785309,6608.242937922181,2970.999858856201,6616.465537793808,6615.050192560443,2976.9998565673827,-0.11123972703268326,2703.889830262667,-1.3946612448969231,2786.411554188009,1.7440576036159234,2789.550273036522,2.168545348724151,2840.3778801120525,-0.6233989953254805,2856.1313083453506,0.4303619253959164,2857.185069266072,-1.235625761258087,2929.1657870585987,0.1275346000999202,2974.123804956199
159,25.127713728579693,1778188853.5096262,0.011851874878630042,6628.8255601063665,6629.435889598679,2628.999989318848,6632.056788519729,6630.056566922394,2630.999988555908,6627.0347541033725,6628.982912553106,2762.9999382019046,6617.803415655469,6608.395392303694,2769.9999355316163,6626.107433444386,6588.544904789558,2803.9999225616457,6622.827245774369,6607.21315218388,2808.999920654297,6624.979828529511,6601.6045740746395,2836.9999099731444,6626.535561023321,6625.011487911484,2841.999908065796,6616.200875691537,6613.659576061375,2877.999894332886,6608.773784271174,6607.172923862212,2880.9998931884766,6614.5695189045455,6600.446595042333,2877.999894332886,6610.9742014854655,6629.30605495614,2881.9998928070067,6625.62441696977,6626.454795671974,2938.9998710632326,6629.151814041628,6614.506777821928,2942.999869537354,6614.524271785309,6608.242937922181,2970.999858856201,6616.465537793808,6615.050192560443,2976.9998565673827,0.03195596707712251,2704.033025956777,-1.3946612448969231,2786.411554188009,1.7440576036159234,2789.550273036522,2.168545348724151,2840.3778801120525,-0.6233989953254805,2856.1313083453506,0.4303619253959164,2857.185069266072,-1.235625761258087,2929.1657870585987,0.1275346000999202,2974.123804956199
160,25.287762416526675,1778188853.737706,0.14791083289310336,6634.278818351316,6636.968982486169,2628.999989318848,6638.088481523368,6637.751089647584,2630.999988555908,6635.417749182384,6619.303294923129,2762.9999382019046,6621.382229422013,6607.414824097563,2769.9999355316163,6628.697736650671,6616.317495491641,2803.9999225616457,6625.013424213712,6626.404810954549,2808.999920654297,6631.099231286486,6628.962814438976,2836.9999099731444,6630.675835192713,6629.3510468563745,2841.999908065796,6620.611827184644,6604.726290613444,2877.999894332886,6609.724268728796,6584.334477488768,2880.9998931884766,6612.303903169605,6604.8289024054775,2877.999894332886,6614.053128343063,6601.475890209983,2881.9998928070067,6621.166439465722,6616.60616957545,2938.9998710632326,6627.9791637375065,6621.2869945288385,2942.999869537354,6614.375379771984,6613.493286364886,2970.999858856201,6618.912909190942,6606.153443164105,2976.9998565673827,-0.010230146594000662,2703.9908398431057,-0.8978586174577393,2786.9083568154483,1.1216703343885772,2788.9278857672944,0.2443359237295124,2838.4536706870576,-0.851071381380329,2855.9036359592956,-0.37372731935914716,2856.3809800213166,-0.031293936204547027,2930.370118883652,-0.523638858405749,2973.4726314976933
161,25.453093270538375,1778188853.835505,0.012849959079176188,6636.308188403583,6636.968982486169,2628.999989318848,6638.088481523368,6637.751089647584,2630.999988555908,6635.417749182384,6619.303294923129,2762.9999382019046,6621.382229422013,6607.414824097563,2769.9999355316163,6628.697736650671,6616.317495491641,2803.9999225616457,6625.013424213712,6626.404810954549,2808.999920654297,6631.099231286486,6628.962814438976,2836.9999099731444,6630.675835192713,6629.3510468563745,2841.999908065796,6620.611827184644,6604.726290613444,2877.999894332886,6609.724268728796,6584.334477488768,2880.9998931884766,6612.303903169605,6604.8289024054775,2877.999894332886,6614.053128343063,6601.475890209983,2881.9998928070067,6621.166439465722,6616.60616957545,2938.9998710632326,6627.9791637375065,6621.2869945288385,2942.999869537354,6614.375379771984,6613.493286364886,2970.999858856201,6618.912909190942,6606.153443164105,2976.9998565673827,0.19646729531003707,2704.1975372850097,-0.8978586174577393,2786.9083568154483,1.1216703343885772,2788.9278857672944,0.2443359237295124,2838.4536706870576,-0.851071381380329,2855.9036359592956,-0.37372731935914716,2856.3809800213166,-0.031293936204547027,2930.370118883652,-0.523638858405749,2973.4726314976933
162,25.605321291601285,1778188854.0626812,0.16274033300578594,6632.157379955375,6637.792019439435,2628.999989318848,6633.541825350735,6634.584248250145,2630.999988555908,6606.960988171288,6633.409712076291,2762.9999382019046,6578.60866980469,6628.864394657212,2769.9999355316163,6607.185336369471,6632.356177216738,2803.9999225616457,6602.792681174925,6630.8394229299765,2808.999920654297,6621.074248861449,6632.822858147139,2836.9999099731444,6622.0167833236555,6634.714124155638,2841.999908065796,6598.974983953296,6629.502193049486,2877.999894332886,6582.7529052174705,6623.947742763701,2880.9998931884766,6619.500482929364,6628.678029770456,2877.999894332886,6621.789918085398,6631.843271082313,2881.9998928070067,6616.215517926459,6625.674750129901,2938.9998710632326,6604.346969465415,6630.344849772288,2942.999869537354,6604.4152214445085,6629.204422777149,2970.999858856201,6614.305044777944,6632.53031451539,2976.9998565673827,-0.16949025677070412,2703.831579732929,-0.09989626979032994,2787.7063191631155,0.30630294203278546,2788.1125183749386,0.25643137839406777,2838.4657661417223,-0.4129507977341708,2856.3417565429418,-0.24559434679597145,2856.50911299388,1.648688240989193,2932.050101060846,-0.31643103346043866,2973.6798393226386
163,25.777838728623465,1778188854.159588,0.011525874957442284,6634.390909924504,6637.792019439435,2628.999989318848,6633.541825350735,6634.584248250145,2630.999988555908,6606.960988171288,6633.409712076291,2762.9999382019046,6578.60866980469,6628.864394657212,2769.9999355316163,6607.185336369471,6632.356177216738,2803.9999225616457,6602.792681174925,6630.8394229299765,2808.999920654297,6621.074248861449,6632.822858147139,2836.9999099731444,6622.0167833236555,6634.714124155638,2841.999908065796,6598.974983953296,6629.502193049486,2877.999894332886,6582.7529052174705,6623.947742763701,2880.9998931884766,6619.500482929364,6628.678029770456,2877.999894332886,6621.789918085398,6631.843271082313,2881.9998928070067,6616.215517926459,6625.674750129901,2938.9998710632326,6604.346969465415,6630.344849772288,2942.999869537354,6604.4152214445085,6629.204422777149,2970.999858856201,6614.305044777944,6632.53031451539,2976.9998565673827,0.057973279262894105,2704.059043268963,-0.09989626979032994,2787.7063191631155,0.30630294203278546,2788.1125183749386,0.25643137839406777,2838.4657661417223,-0.4129507977341708,2856.3417565429418,-0.24559434679597145,2856.50911299388,1.648688240989193,2932.050101060846,-0.31643103346043866,2973.6798393226386
164,25.930099166580476,1778188854.387476,0.16277808300219476,6634.511163920897,6632.622584589051,2628.999989318848,6633.545010239324,6632.505353485956,2630.999988555908,6628.347618974845,6631.849257266864,2762.9999382019046,6620.888166702326,6609.592636855457,2769.9999355316163,6630.029509123697,6590.845344927713,2803.9999225616457,6625.656330042487,6609.48094568573,2808.999920654297,6628.858804291347,6605.745198214994,2836.9999099731444,6629.096619494453,6624.406602072317,2841.999908065796,6618.526278387382,6617.8305345844665,2877.999894332886,6609.05456796161,6604.608498639852,2880.9998931884766,6618.429585536571,6602.226315065562,2877.999894332886,6617.547382094934,6629.82309502705,2881.9998928070067,6627.804626035395,6627.697061160865,2938.9998710632326,6630.920999786043,6617.076105694288,2942.999869537354,6616.860439526851,6606.498875202493,2970.999858856201,6619.380245743804,6619.452565944312,2976.9998565673827,0.38465159312580893,2704.3857215828257,-1.521276790723056,2786.2849386421826,1.823260240513838,2789.6294756734196,1.8548568233815186,2840.0641915867095,-0.7248812545200186,2856.029826086156,0.3455178828245017,2857.1002252235003,-1.0784684586835565,2929.3229443611735,0.34404299886558154,2974.3403133549646
165,26.08678914560005,1778188854.4687848,0.012017541099339724,6634.562149646973,6632.622584589051,2628.999989318848,6633.545010239324,6632.505353485956,2630.999988555908,6628.347618974845,6631.849257266864,2762.9999382019046,6620.888166702326,6609.592636855457,2769.9999355316163,6630.029509123697,6590.845344927713,2803.9999225616457,6625.656330042487,6609.48094568573,2808.999920654297,6628.858804291347,6605.745198214994,2836.9999099731444,6629.096619494453,6624.406602072317,2841.999908065796,6618.526278387382,6617.8305345844665,2877.999894332886,6609.05456796161,6604.608498639852,2880.9998931884766,6618.429585536571,6602.226315065562,2877.999894332886,6617.547382094934,6629.82309502705,2881.9998928070067,6627.804626035395,6627.697061160865,2938.9998710632326,6630.920999786043,6617.076105694288,2942.999869537354,6616.860439526851,6606.498875202493,2970.999858856201,6619.380245743804,6619.452565944312,2976.9998565673827,0.38984804567168324,2704.3909180353717,-1.521276790723056,2786.2849386421826,1.823260240513838,2789.6294756734196,1.8548568233815186,2840.0641915867095,-0.7248812545200186,2856.029826086156,0.3455178828245017,2857.1002252235003,-1.0784684586835565,2929.3229443611735,0.34404299886558154,2974.3403133549646
166,26.23880270810332,1778188854.696505,0.16342966607771814,6635.529423541278,6634.257277562125,2628.999989318848,6632.3642632270685,6632.222457743681,2630.999988555908,6630.656673900419,6633.77780817312,2762.9999382019046,6621.540468258094,6604.240480484152,2769.9999355316163,6627.072711434422,6589.116642723966,2803.9999225616457,6624.9852125806165,6608.360139988386,2808.999920654297,6627.601500748846,6603.831618119019,2836.9999099731444,6626.315154201181,6627.319451661216,2841.999908065796,6618.860904117127,6616.896066265244,2877.999894332886,6610.725783231959,6604.955437540118,2880.9998931884766,6616.8492970015595,6598.3119127670625,2877.999894332886,6612.645283797416,6629.870739982272,2881.9998928070067,6626.554352477305,6628.366407372315,2938.9998710632326,6629.270695662804,6617.533563590795,2942.999869537354,6617.170205092154,6607.083138735214,2970.999858856201,6617.934038878871,6617.990839624661,2976.9998565673827,0.4133026906806003,2704.4143726803804,-1.7292158415277736,2786.0769995913784,1.6978343659344148,2789.5040497988402,2.4341820754025747,2840.6435168387306,-0.7261177892037053,2856.028589551472,0.5015327812580922,2857.256240121934,-1.061131947405564,2929.3402808724513,0.3327319772368577,2974.329002333336
167,26.391623604111373,1778188854.773961,0.01270079193636775,6636.411946388728,6634.257277562125,2628.999989318848,6632.3642632270685,6632.222457743681,2630.999988555908,6630.656673900419,6633.77780817312,2762.9999382019046,6621.540468258094,6604.240480484152,2769.9999355316163,6627.072711434422,6589.116642723966,2803.9999225616457,6624.9852125806165,6608.360139988386,2808.999920654297,6627.601500748846,6603.831618119019,2836.9999099731444,6626.315154201181,6627.319451661216,2841.999908065796,6618.860904117127,6616.896066265244,2877.999894332886,6610.725783231959,6604.955437540118,2880.9998931884766,6616.8492970015595,6598.3119127670625,2877.999894332886,6612.645283797416,6629.870739982272,2881.9998928070067,6626.554352477305,6628.366407372315,2938.9998710632326,6629.270695662804,6617.533563590795,2942.999869537354,6617.170205092154,6607.083138735214,2970.999858856201,6617.934038878871,6617.990839624661,2976.9998565673827,0.5032270372492469,2704.504297026949,-1.7292158415277736,2786.0769995913784,1.6978343659344148,2789.5040497988402,2.4341820754025747,2840.6435168387306,-0.7261177892037053,2856.028589551472,0.5015327812580922,2857.256240121934,-1.061131947405564,2929.3402808724513,0.3327319772368577,2974.329002333336
168,26.544832145562395,1778188855.001714,0.1617872091010213,6630.064015649358,6632.167081333862,2628.999989318848,6634.59872543326,6630.731240639424,2630.999988555908,6626.598214995263,6607.592454992817,2762.9999382019046,6617.396726472475,6585.595430510131,2769.9999355316163,6624.098005623988,6608.739872237675,2803.9999225616457,6630.49996332182,6602.160084971116,2808.999920654297,6623.229302808936,6623.00559342238,2836.9999099731444,6626.43117033958,6618.637122902468,2841.999908065796,6615.643937402575,6610.54785891127,2877.999894332886,6607.551586331266,6596.688357734512,2880.9998931884766,6611.946993917535,6626.455868508727,2877.999894332886,6618.257126264633,6631.899929700157,2881.9998928070067,6627.25120732341,6609.473003331603,2938.9998710632326,6623.661752300027,6608.329672647247,2942.999869537354,6610.671465904574,6615.8121404774265,2970.999858856201,6616.635657303543,6622.538970565761,2976.9998565673827,-0.3105126901125894,2703.690557299587,-1.4519525471095809,2786.3542628857963,-0.8837422808224642,2786.9224731520835,-0.5198696171530721,2837.689465146175,-0.7688791170159791,2855.98582822366,-0.28294793154634457,2856.4717594091294,0.38121978575735493,2930.7826326056143,-0.032314990539579654,2973.9639553655597
169,26.701099000056274,1778188855.0834858,0.01279925019480288,6632.917396154905,6632.167081333862,2628.999989318848,6634.59872543326,6630.731240639424,2630.999988555908,6626.598214995263,6607.592454992817,2762.9999382019046,6617.396726472475,6585.595430510131,2769.9999355316163,6624.098005623988,6608.739872237675,2803.9999225616457,6630.49996332182,6602.160084971116,2808.999920654297,6623.229302808936,6623.00559342238,2836.9999099731444,6626.43117033958,6618.637122902468,2841.999908065796,6615.643937402575,6610.54785891127,2877.999894332886,6607.551586331266,6596.688357734512,2880.9998931884766,6611.946993917535,6626.455868508727,2877.999894332886,6618.257126264633,6631.899929700157,2881.9998928070067,6627.25120732341,6609.473003331603,2938.9998710632326,6623.661752300027,6608.329672647247,2942.999869537354,6610.671465904574,6615.8121404774265,2970.999858856201,6616.635657303543,6622.538970565761,2976.9998565673827,-0.019676883761627583,2703.981393105938,-1.4519525471095809,2786.3542628857963,-0.8837422808224642,2786.9224731520835,-0.5198696171530721,2837.689465146175,-0.7688791170159791,2855.98582822366,-0.28294793154634457,2856.4717594091294,0.38121978575735493,2930.7826326056143,-0.032314990539579654,2973.9639553655597
170,26.870008791564032,1778188855.3114822,0.13096791692078114,6598.237790750985,6627.863084940551,2628.999989318848,6621.682524375707,6624.756478283462,2630.999988555908,6616.698902711129,6622.105741663354,2762.9999382019046,6612.391863557171,6622.63323807195,2769.9999355316163,6592.839091298102,6620.786340434637,2803.9999225616457,6631.880348137054,6625.169569337042,2808.999920654297,6624.469178103127,6625.3164516917805,2836.9999099731444,6603.193338325642,6625.506155821134,2841.999908065796,6610.590132041447,6618.682351682612,2877.999894332886,6601.189499342849,6612.965811351898,2880.9998931884766,6607.489242595591,6622.974430724088,2877.999894332886,6615.005738606841,6626.825719045146,2881.9998928070067,6628.414018705871,6621.467596356635,2938.9998710632326,6616.885833053153,6621.473279946205,2942.999869537354,6581.650861937218,6620.728388910963,2970.999858856201,6607.855579668064,6624.495937891617,2976.9998565673827,-2.409770768317926,2701.5912992213816,-0.7980709363331739,2787.0081444965726,-2.5007778850747604,2785.305437547831,2.1257169859937677,2840.335051749322,-0.5639107966580491,2856.1907965440178,-0.34271278769376823,2856.411994552982,1.2001797931961509,2931.601592613053,-0.9327108518584833,2973.0635595042404
171,27.019165166071616,1778188855.4011679,0.012032000115141273,6605.081624232051,6627.863084940551,2628.999989318848,6621.682524375707,6624.756478283462,2630.999988555908,6616.698902711129,6622.105741663354,2762.9999382019046,6612.391863557171,6622.63323807195,2769.9999355316163,6592.839091298102,6620.786340434637,2803.9999225616457,6631.880348137054,6625.169569337042,2808.999920654297,6624.469178103127,6625.3164516917805,2836.9999099731444,6603.193338325642,6625.506155821134,2841.999908065796,6610.590132041447,6618.682351682612,2877.999894332886,6601.189499342849,6612.965811351898,2880.9998931884766,6607.489242595591,6622.974430724088,2877.999894332886,6615.005738606841,6626.825719045146,2881.9998928070067,6628.414018705871,6621.467596356635,2938.9998710632326,6616.885833053153,6621.473279946205,2942.999869537354,6581.650861937218,6620.728388910963,2970.999858856201,6607.855579668064,6624.495937891617,2976.9998565673827,-1.7117480650214383,2702.2893219246785,-0.7980709363331739,2787.0081444965726,-2.5007778850747604,2785.305437547831,2.1257169859937677,2840.335051749322,-0.5639107966580491,2856.1907965440178,-0.34271278769376823,2856.411994552982,1.2001797931961509,2931.601592613053,-0.9327108518584833,2973.0635595042404
172,27.17236704158131,1778188855.629089,0.16145866713486612,6644.1876516795555,6644.753507350919,2628.999989318848,6642.375370602439,6643.747178836691,2630.999988555908,6629.9379817831705,6639.883696549194,2762.9999382019046,6577.829548858392,6631.222277409298,2769.9999355316163,6627.184891646543,6635.843142708683,2803.9999225616457,6582.364918849528,6631.239476418987,2808.999920654297,6620.476723110311,6634.069256044259,2836.9999099731444,6634.148994406578,6640.35257817037,2841.999908065796,6622.9926506097745,6637.282822385916,2877.999894332886,6597.972526515268,6628.694648042302,2880.9998931884766,6625.2371702784485,6634.506406455359,2877.999894332886,6618.370683436746,6636.355167038542,2881.9998928070067,6600.477924320689,6625.5659916862805,2938.9998710632326,6630.480647675521,6635.939088241587,2942.999869537354,6620.396235901824,6638.399830363419,2970.999858856201,6616.147588409696,6633.799352018829,2976.9998565673827,0.3801451491745576,2704.3812151388743,0.6215529857602046,2788.427768418666,3.094740953803808,2790.90095638671,-0.5022831461245237,2837.7070516172034,-0.2889750196982342,2856.4657323209776,-0.07829359370926271,2856.676413746967,-1.6084056481131448,2928.7930071717437,-0.07483963823672342,2973.921430717862
173,27.33913327055052,1778188855.7212641,0.01228554081171751,6643.775827551426,6644.753507350919,2628.999989318848,6642.375370602439,6643.747178836691,2630.999988555908,6629.9379817831705,6639.883696549194,2762.9999382019046,6577.829548858392,6631.222277409298,2769.9999355316163,6627.184891646543,6635.843142708683,2803.9999225616457,6582.364918849528,6631.239476418987,2808.999920654297,6620.476723110311,6634.069256044259,2836.9999099731444,6634.148994406578,6640.35257817037,2841.999908065796,6622.9926506097745,6637.282822385916,2877.999894332886,6597.972526515268,6628.694648042302,2880.9998931884766,6625.2371702784485,6634.506406455359,2877.999894332886,6618.370683436746,6636.355167038542,2881.9998928070067,6600.477924320689,6625.5659916862805,2938.9998710632326,6630.480647675521,6635.939088241587,2942.999869537354,6620.396235901824,6638.399830363419,2970.999858856201,6616.147588409696,6633.799352018829,2976.9998565673827,0.3382487638386044,2704.3393187535385,0.6215529857602046,2788.427768418666,3.094740953803808,2790.90095638671,-0.5022831461245237,2837.7070516172034,-0.2889750196982342,2856.4657323209776,-0.07829359370926271,2856.676413746967,-1.6084056481131448,2928.7930071717437,-0.07483963823672342,2973.921430717862
174,27.49134425004013,1778188855.9489229,0.16317499987781048,6631.441322554025,6635.5196595042335,2628.999989318848,6631.0831586025615,6639.022307974448,2630.999988555908,6630.074837240578,6638.829392976128,2762.9999382019046,6625.202214445089,6640.227834153498,2769.9999355316163,6633.226451080477,6638.143274138827,2803.9999225616457,6589.785564079837,6632.966865849559,2808.999920654297,6627.361539872238,6638.933818809793,2836.9999099731444,6586.45542989883,6632.619251459488,2841.999908065796,6622.355411559739,6631.950736620105,2877.999894332886,6610.7088868172505,6627.978764862304,2880.9998931884766,6624.4160329492315,6634.391787144299,2877.999894332886,6622.319040559954,6634.502416175077,2881.9998928070067,6629.126571812818,6632.635875844363,2938.9998710632326,6636.365569887214,6635.827731760248,2942.999869537354,6621.3646636305275,6639.3656478283465,2970.999858856201,6626.1398905767655,6633.924504080448,2976.9998565673827,0.6910260195050959,2704.6920960092048,-0.7458603381823443,2787.0603550947235,2.9480797889487143,2790.7542952218546,3.3189802783335884,2841.5283150416617,-0.47806425445548023,2856.2766430862202,-0.21708611778551232,2856.5376212228903,-0.2035717587327601,2930.197841061124,-0.4567709605882503,2973.539499395511
175,27.648542249575257,1778188856.030617,0.012174416799098253,6633.512736497845,6635.5196595042335,2628.999989318848,6631.0831586025615,6639.022307974448,2630.999988555908,6630.074837240578,6638.829392976128,2762.9999382019046,6625.202214445089,6640.227834153498,2769.9999355316163,6633.226451080477,6638.143274138827,2803.9999225616457,6589.785564079837,6632.966865849559,2808.999920654297,6627.361539872238,6638.933818809793,2836.9999099731444,6586.45542989883,6632.619251459488,2841.999908065796,6622.355411559739,6631.950736620105,2877.999894332886,6610.7088868172505,6627.978764862304,2880.9998931884766,6624.4160329492315,6634.391787144299,2877.999894332886,6622.319040559954,6634.502416175077,2881.9998928070067,6629.126571812818,6632.635875844363,2938.9998710632326,6636.365569887214,6635.827731760248,2942.999869537354,6621.3646636305275,6639.3656478283465,2970.999858856201,6626.1398905767655,6633.924504080448,2976.9998565673827,0.9020518401499504,2704.9031218298496,-0.7458603381823443,2787.0603550947235,2.9480797889487143,2790.7542952218546,3.3189802783335884,2841.5283150416617,-0.47806425445548023,2856.2766430862202,-0.21708611778551232,2856.5376212228903,-0.2035717587327601,2930.197841061124,-0.4567709605882503,2973.539499395511
176,27.80186827061698,1778188856.258643,0.16156879113987088,6616.107427331357,6613.561231164225,2628.999989318848,6628.923981416388,6619.251676498457,2630.999988555908,6623.402564416053,6618.733126509153,2762.9999382019046,6585.072725188739,6612.676154598526,2769.9999355316163,6625.939063789467,6614.6347754989765,2803.9999225616457,6583.275796986277,6609.761490968,2808.999920654297,6629.2882263043675,6618.801543540055,2836.9999099731444,6628.8375722101655,6621.413413515909,2841.999908065796,6620.1396399425375,6613.847265947368,2877.999894332886,6607.060609163431,6612.051253171134,2880.9998931884766,6616.356310175138,6614.915368157226,2877.999894332886,6615.236315982516,6613.551511446649,2881.9998928070067,6617.00569581563,6609.660437998595,2938.9998710632326,6626.437434666992,6618.205189962406,2942.999869537354,6612.013236238041,6617.359765565302,2970.999858856201,6618.664866888774,6616.521598862977,2976.9998565673827,-0.4294031211100414,2703.5716668685895,0.21349370621468264,2788.0197091391206,2.9216501663205348,2790.7278655992263,0.4499496380742233,2838.659284401402,-0.39982267295013474,2856.354884667726,-0.2694288541835055,2856.4852784864925,0.08144719799875984,2930.4828600178557,-0.35248807083474215,2973.6437822852645
177,27.973955458030105,1778188856.356299,0.01270974986255169,6619.600930708805,6613.561231164225,2628.999989318848,6628.923981416388,6619.251676498457,2630.999988555908,6623.402564416053,6618.733126509153,2762.9999382019046,6585.072725188739,6612.676154598526,2769.9999355316163,6625.939063789467,6614.6347754989765,2803.9999225616457,6583.275796986277,6609.761490968,2808.999920654297,6629.2882263043675,6618.801543540055,2836.9999099731444,6628.8375722101655,6621.413413515909,2841.999908065796,6620.1396399425375,6613.847265947368,2877.999894332886,6607.060609163431,6612.051253171134,2880.9998931884766,6616.356310175138,6614.915368157226,2877.999894332886,6615.236315982516,6613.551511446649,2881.9998928070067,6617.00569581563,6609.660437998595,2938.9998710632326,6626.437434666992,6618.205189962406,2942.999869537354,6612.013236238041,6617.359765565302,2970.999858856201,6618.664866888774,6616.521598862977,2976.9998565673827,-0.0723199101732475,2703.9287500795267,0.21349370621468264,2788.0197091391206,2.9216501663205348,2790.7278655992263,0.4499496380742233,2838.659284401402,-0.39982267295013474,2856.354884667726,-0.2694288541835055,2856.4852784864925,0.08144719799875984,2930.4828600178557,-0.35248807083474215,2973.6437822852645
178,28.126814812072553,1778188856.58427,0.16293270816095173,6632.648213467005,6617.623435828468,2628.999989318848,6612.038099458997,6613.845913439497,2630.999988555908,6619.095172234619,6615.29878045053,2762.9999382019046,6614.57967723202,6609.763720695662,2769.9999355316163,6597.030393984778,6607.868858697313,2803.9999225616457,6625.7630452058565,6617.757341748938,2808.999920654297,6583.84415135862,6610.118646269523,2836.9999099731444,6625.4412568389525,6615.160256135954,2841.999908065796,6618.067001864474,6611.770539780543,2877.999894332886,6612.0885212580615,6612.179263074242,2880.9998931884766,6611.747979643611,6610.230624751659,2877.999894332886,6616.370579515236,6615.546509459915,2881.9998928070067,6624.3598618455235,6610.774935049058,2938.9998710632326,6614.8345355625515,6610.568644741266,2942.999869537354,6614.562524070054,6617.2773955436005,2970.999858856201,6616.626107222544,6612.882570223432,2976.9998565673827,2.017698948455221,2706.018768938155,-1.0137160971286479,2786.7924993357774,-1.3201884024948725,2786.486027030411,-3.166415736022448,2835.0429190273057,-0.5056122518821574,2856.2490950887936,-0.2493354093161984,2856.5053719313596,1.0018934635761063,2931.403306283433,-0.312535113491889,2973.6837352426073
179,28.292084479122423,1778188856.673846,0.011545291868969798,6632.695922609042,6617.623435828468,2628.999989318848,6612.038099458997,6613.845913439497,2630.999988555908,6619.095172234619,6615.29878045053,2762.9999382019046,6614.57967723202,6609.763720695662,2769.9999355316163,6597.030393984778,6607.868858697313,2803.9999225616457,6625.7630452058565,6617.757341748938,2808.999920654297,6583.84415135862,6610.118646269523,2836.9999099731444,6625.4412568389525,6615.160256135954,2841.999908065796,6618.067001864474,6611.770539780543,2877.999894332886,6612.0885212580615,6612.179263074242,2880.9998931884766,6611.747979643611,6610.230624751659,2877.999894332886,6616.370579515236,6615.546509459915,2881.9998928070067,6624.3598618455235,6610.774935049058,2938.9998710632326,6614.8345355625515,6610.568644741266,2942.999869537354,6614.562524070054,6617.2773955436005,2970.999858856201,6616.626107222544,6612.882570223432,2976.9998565673827,2.022572473458624,2706.0236424631585,-1.0137160971286479,2786.7924993357774,-1.3201884024948725,2786.486027030411,-3.166415736022448,2835.0429190273057,-0.5056122518821574,2856.2490950887936,-0.2493354093161984,2856.5053719313596,1.0018934635761063,2931.403306283433,-0.312535113491889,2973.6837352426073
180,28.463152999524027,1778188856.90145,0.12461508298292756,6621.075292661308,6626.942224225937,2628.999989318848,6618.208634654768,6627.387205428371,2630.999988555908,6613.774973255495,6619.709042699515,2762.9999382019046,6606.376634471376,6624.126172937616,2769.9999355316163,6611.446945013295,6622.396402481891,2803.9999225616457,6617.063923953909,6629.760946908335,2808.999920654297,6604.800079469389,6615.330303817587,2836.9999099731444,6612.211405385579,6613.112155760003,2841.999908065796,6604.56949750894,6619.954392212001,2877.999894332886,6602.468530121955,6606.411793562979,2880.9998931884766,6601.926567228047,6619.801641348536,2877.999894332886,6605.20043708164,6604.342766757343,2881.9998928070067,6608.753788550294,6618.844215545437,2938.9998710632326,6613.058778310969,6625.974883088304,2942.999869537354,6608.792493199253,6626.6207522083305,2970.999858856201,6609.698057584743,6625.934613503685,2976.9998565673827,0.6358793797145252,2704.636949369414,-0.5413528614490649,2787.264862571457,0.22072012560210677,2788.026935558508,-0.7080275333699523,2837.501307229958,-0.8905520924329304,2855.8641552482427,-0.66495573105017,2856.0897516096256,0.4141177108174404,2930.8155305306746,-0.12334131114698843,2973.872929044952
181,28.601957333041355,1778188856.983573,0.011255249846726656,6623.127704251613,6626.942224225937,2628.999989318848,6618.208634654768,6627.387205428371,2630.999988555908,6613.774973255495,6619.709042699515,2762.9999382019046,6606.376634471376,6624.126172937616,2769.9999355316163,6611.446945013295,6622.396402481891,2803.9999225616457,6617.063923953909,6629.760946908335,2808.999920654297,6604.800079469389,6615.330303817587,2836.9999099731444,6612.211405385579,6613.112155760003,2841.999908065796,6604.56949750894,6619.954392212001,2877.999894332886,6602.468530121955,6606.411793562979,2880.9998931884766,6601.926567228047,6619.801641348536,2877.999894332886,6605.20043708164,6604.342766757343,2881.9998928070067,6608.753788550294,6618.844215545437,2938.9998710632326,6613.058778310969,6625.974883088304,2942.999869537354,6608.792493199253,6626.6207522083305,2970.999858856201,6609.698057584743,6625.934613503685,2976.9998565673827,0.8452399617055281,2704.846309951405,-0.5413528614490649,2787.264862571457,0.22072012560210677,2788.026935558508,-0.7080275333699523,2837.501307229958,-0.8905520924329304,2855.8641552482427,-0.66495573105017,2856.0897516096256,0.4141177108174404,2930.8155305306746,-0.12334131114698843,2973.872929044952
182,28.75541043712292,1778188857.2112699,0.15974070806987584,6628.651147721369,6618.851398355595,2628.999989318848,6623.284022068037,6632.643588959868,2630.999988555908,6623.271814347281,6622.898995934835,2762.9999382019046,6610.975068007459,6631.400640339884,2769.9999355316163,6623.580779105663,6610.279600819145,2803.9999225616457,6619.668838829966,6632.858630069994,2808.999920654297,6626.079079683344,6636.445010239326,2836.9999099731444,6624.35922761867,6638.67788152948,2841.999908065796,6613.7270333465785,6632.711469572394,2877.999894332886,6607.401664272396,6625.884083198337,2880.9998931884766,6613.895843139651,6627.592612403338,2877.999894332886,6612.4646728000735,6627.23637558456,2881.9998928070067,6615.486924228993,6622.473067518416,2938.9998710632326,6622.8124583549825,6633.825612067121,2942.999869537354,6615.7798667359475,6631.487022037472,2970.999858856201,6614.617972307975,6628.351207323411,2976.9998565673827,2.2529193028290218,2706.253989292529,-0.21147088465274266,2787.594744548253,2.0722481186419164,2789.8784635515476,0.5294562743339134,2838.738791037662,-0.6540973007320561,2856.1006100399436,-0.24121729427024036,2856.5134900464054,0.5217982393999135,2930.9232110592566,-0.13791690913765853,2973.8583534469612
183,28.919638916035183,1778188857.301395,0.011532500153407454,6631.93526454137,6618.851398355595,2628.999989318848,6623.284022068037,6632.643588959868,2630.999988555908,6623.271814347281,6622.898995934835,2762.9999382019046,6610.975068007459,6631.400640339884,2769.9999355316163,6623.580779105663,6610.279600819145,2803.9999225616457,6619.668838829966,6632.858630069994,2808.999920654297,6626.079079683344,6636.445010239326,2836.9999099731444,6624.35922761867,6638.67788152948,2841.999908065796,6613.7270333465785,6632.711469572394,2877.999894332886,6607.401664272396,6625.884083198337,2880.9998931884766,6613.895843139651,6627.592612403338,2877.999894332886,6612.4646728000735,6627.23637558456,2881.9998928070067,6615.486924228993,6622.473067518416,2938.9998710632326,6622.8124583549825,6633.825612067121,2942.999869537354,6615.7798667359475,6631.487022037472,2970.999858856201,6614.617972307975,6628.351207323411,2976.9998565673827,2.5883320850205136,2706.5894020747205,-0.21147088465274266,2787.594744548253,2.0722481186419164,2789.8784635515476,0.5294562743339134,2838.738791037662,-0.6540973007320561,2856.1006100399436,-0.24121729427024036,2856.5134900464054,0.5217982393999135,2930.9232110592566,-0.13791690913765853,2973.8583534469612
184,29.07728897908237,1778188857.5291898,0.15182345802895725,6641.140515634074,6637.3346731057245,2628.999989318848,6639.723383867715,6636.6265611150175,2630.999988555908,6628.908388605312,6637.021782253873,2762.9999382019046,6623.943107558762,6639.538591557905,2769.9999355316163,6631.951914906623,6635.60550783996,2803.9999225616457,6632.604833878412,6629.261669774123,2808.999920654297,6628.692176849955,6635.398893541584,2836.9999099731444,6632.498632209555,6638.9641119295775,2841.999908065796,6620.778037411743,6637.471501054499,2877.999894332886,6614.334842742304,6628.639372497479,2880.9998931884766,6623.827394015343,6625.564530672129,2877.999894332886,6620.643720390011,6633.513940764741,2881.9998928070067,6625.454409022832,6617.822098603172,2938.9998710632326,6628.1437983311425,6630.111668245865,2942.999869537354,6617.498795733105,6610.774389461136,2970.999858856201,6615.7135113243885,6632.702949536938,2976.9998565673827,0.3703096520603837,2704.37137964176,-0.7014211641389506,2787.104794268767,-0.4312855141778146,2787.374929918728,0.14817954169774236,2838.3575143050257,-0.6947225570332272,2856.0599847836424,-0.026590354943812494,2856.728116985732,1.0260354277092172,2931.427448247566,0.8576913684997632,2974.853961724599
185,29.231841603992507,1778188857.614142,0.012623541988432407,6639.589916557142,6637.3346731057245,2628.999989318848,6639.723383867715,6636.6265611150175,2630.999988555908,6628.908388605312,6637.021782253873,2762.9999382019046,6623.943107558762,6639.538591557905,2769.9999355316163,6631.951914906623,6635.60550783996,2803.9999225616457,6632.604833878412,6629.261669774123,2808.999920654297,6628.692176849955,6635.398893541584,2836.9999099731444,6632.498632209555,6638.9641119295775,2841.999908065796,6620.778037411743,6637.471501054499,2877.999894332886,6614.334842742304,6628.639372497479,2880.9998931884766,6623.827394015343,6625.564530672129,2877.999894332886,6620.643720390011,6633.513940764741,2881.9998928070067,6625.454409022832,6617.822098603172,2938.9998710632326,6628.1437983311425,6630.111668245865,2942.999869537354,6617.498795733105,6610.774389461136,2970.999858856201,6615.7135113243885,6632.702949536938,2976.9998565673827,0.21238517509013913,2704.21345516479,-0.7014211641389506,2787.104794268767,-0.4312855141778146,2787.374929918728,0.14817954169774236,2838.3575143050257,-0.6947225570332272,2856.0599847836424,-0.026590354943812494,2856.728116985732,1.0260354277092172,2931.427448247566,0.8576913684997632,2974.853961724599
186,29.386675312067382,1778188857.8420968,0.15886229206807911,6631.476724638567,6631.0730537640975,2628.999989318848,6635.783033285447,6634.826906501208,2630.999988555908,6617.272436348077,6627.984019011523,2762.9999382019046,6618.640086193722,6635.561978482135,2769.9999355316163,6605.2510651954635,6630.022427178531,2803.9999225616457,6632.311322859676,6636.290404071279,2808.999920654297,6634.719028333893,6638.166685515175,2836.9999099731444,6632.834399547636,6634.398129412844,2841.999908065796,6620.90115841917,6627.8177063911735,2877.999894332886,6612.415820521441,6623.884243665374,2880.9998931884766,6618.631824433782,6627.599876211144,2877.999894332886,6611.455281657853,6628.497868080815,2881.9998928070067,6626.535947672464,6624.09436531467,2938.9998710632326,6630.92644955222,6629.719283552893,2942.999869537354,6619.669005410031,6630.600351499221,2970.999858856201,6623.394082587035,6631.241758107407,2976.9998565673827,0.24186730801557613,2704.2429372977153,-0.7483124771733843,2787.0579029557325,-1.4621508636870588,2786.344064569219,-0.0007609762088821615,2838.2085737871193,-0.5453792885612123,2856.2093280521144,-0.09173149191566832,2856.66297584876,0.2718904484553202,2930.6733032683123,-0.18120660479786163,2973.8150637513013
187,29.549813437042758,1778188857.931455,0.011305958032608032,6634.209521044106,6631.0730537640975,2628.999989318848,6635.783033285447,6634.826906501208,2630.999988555908,6617.272436348077,6627.984019011523,2762.9999382019046,6618.640086193722,6635.561978482135,2769.9999355316163,6605.2510651954635,6630.022427178531,2803.9999225616457,6632.311322859676,6636.290404071279,2808.999920654297,6634.719028333893,6638.166685515175,2836.9999099731444,6632.834399547636,6634.398129412844,2841.999908065796,6620.90115841917,6627.8177063911735,2877.999894332886,6612.415820521441,6623.884243665374,2880.9998931884766,6618.631824433782,6627.599876211144,2877.999894332886,6611.455281657853,6628.497868080815,2881.9998928070067,6626.535947672464,6624.09436531467,2938.9998710632326,6630.92644955222,6629.719283552893,2942.999869537354,6619.669005410031,6630.600351499221,2970.999858856201,6623.394082587035,6631.241758107407,2976.9998565673827,0.5204583244996986,2704.5215283141993,-0.7483124771733843,2787.0579029557325,-1.4621508636870588,2786.344064569219,-0.0007609762088821615,2838.2085737871193,-0.5453792885612123,2856.2093280521144,-0.09173149191566832,2856.66297584876,0.2718904484553202,2930.6733032683123,-0.18120660479786163,2973.8150637513013
188,29.705186979146674,1778188858.159232,0.15611020801588893,6586.197024482685,6627.027959470613,2628.999989318848,6613.945167649846,6627.567712504203,2630.999988555908,6590.241314912737,6626.603128343062,2762.9999382019046,6602.481560045237,6626.063497570071,2769.9999355316163,6615.501538955282,6626.419899440657,2803.9999225616457,6618.170481706758,6626.568125133723,2808.999920654297,6594.582816272885,6624.726758260232,2836.9999099731444,6629.341574716508,6633.126006357551,2841.999908065796,6616.742060702387,6628.694510499129,2877.999894332886,6587.338259926032,6616.150547116178,2880.9998931884766,6600.921987040378,6618.472005379466,2877.999894332886,6606.089948650549,6624.361330500964,2881.9998928070067,6613.3244261393165,6620.838417336553,2938.9998710632326,6622.713098694867,6624.966153681572,2942.999869537354,6615.0799935813175,6629.617168444539,2970.999858856201,6601.2003881774,6623.533233487178,2976.9998565673827,-2.477395113827971,2701.5236748758716,-1.4460330694319967,2786.360182363474,-0.09728871490487802,2787.708926718001,-2.231353082594929,2835.977981680733,-0.2789694402932844,2856.4757379003827,-0.24911488151530148,2856.5055924591607,-0.31378581979024855,2930.0876270000667,0.24119321123054172,2974.2374635673295
189,29.868309520650655,1778188858.250798,0.012997291050851345,6593.072966653423,6627.027959470613,2628.999989318848,6613.945167649846,6627.567712504203,2630.999988555908,6590.241314912737,6626.603128343062,2762.9999382019046,6602.481560045237,6626.063497570071,2769.9999355316163,6615.501538955282,6626.419899440657,2803.9999225616457,6618.170481706758,6626.568125133723,2808.999920654297,6594.582816272885,6624.726758260232,2836.9999099731444,6629.341574716508,6633.126006357551,2841.999908065796,6616.742060702387,6628.694510499129,2877.999894332886,6587.338259926032,6616.150547116178,2880.9998931884766,6600.921987040378,6618.472005379466,2877.999894332886,6606.089948650549,6624.361330500964,2881.9998928070067,6613.3244261393165,6620.838417336553,2938.9998710632326,6622.713098694867,6624.966153681572,2942.999869537354,6615.0799935813175,6629.617168444539,2970.999858856201,6601.2003881774,6623.533233487178,2976.9998565673827,-1.7760091746594158,2702.2250608150403,-1.4460330694319967,2786.360182363474,-0.09728871490487802,2787.708926718001,-2.231353082594929,2835.977981680733,-0.2789694402932844,2856.4757379003827,-0.24911488151530148,2856.5055924591607,-0.31378581979024855,2930.0876270000667,0.24119321123054172,2974.2374635673295
190,30.044029854005203,1778188858.478857,0.11767429206520319,6620.089112693708,6637.02967723202,2628.999989318848,6629.2367347250665,6636.513868936639,2630.999988555908,6624.149978604396,6633.1428691505935,2762.9999382019046,6615.845184460678,6632.403751872114,2769.9999355316163,6606.911989179936,6629.574947275117,2803.9999225616457,6596.475202494116,6628.789193691354,2808.999920654297,6604.26281291072,6627.998219580035,2836.9999099731444,6607.399850230768,6630.772479139286,2841.999908065796,6615.594148302106,6629.142587951219,2877.999894332886,6599.8265473607,6620.077005837944,2880.9998931884766,6600.793978665524,6623.584518751719,2877.999894332886,6595.733264052328,6627.496449857873,2881.9998928070067,6621.437184032766,6625.6726273802615,2938.9998710632326,6626.7181251337215,6630.835383745453,2942.999869537354,6603.307966806246,6629.227167833235,2970.999858856201,6599.385515175597,6630.481391936914,2976.9998565673827,-0.6860513397803861,2703.3150186499192,-0.6979038608516515,2787.1083115720544,0.8122669626886633,2788.6184823955946,0.13651350914092233,2838.345848272469,-0.4985882821360848,2856.2561190585398,-0.07277789604804157,2856.6819294446277,0.14964402739144694,2930.551056847248,0.13869157236616322,2974.134961928465
191,30.182873624609783,1778188858.564438,0.011149417143315077,6622.880372589175,6637.02967723202,2628.999989318848,6629.2367347250665,6636.513868936639,2630.999988555908,6624.149978604396,6633.1428691505935,2762.9999382019046,6615.845184460678,6632.403751872114,2769.9999355316163,6606.911989179936,6629.574947275117,2803.9999225616457,6596.475202494116,6628.789193691354,2808.999920654297,6604.26281291072,6627.998219580035,2836.9999099731444,6607.399850230768,6630.772479139286,2841.999908065796,6615.594148302106,6629.142587951219,2877.999894332886,6599.8265473607,6620.077005837944,2880.9998931884766,6600.793978665524,6623.584518751719,2877.999894332886,6595.733264052328,6627.496449857873,2881.9998928070067,6621.437184032766,6625.6726273802615,2938.9998710632326,6626.7181251337215,6630.835383745453,2942.999869537354,6603.307966806246,6629.227167833235,2970.999858856201,6599.385515175597,6630.481391936914,2976.9998565673827,-0.4017557263008488,2703.599314263399,-0.6979038608516515,2787.1083115720544,0.8122669626886633,2788.6184823955946,0.13651350914092233,2838.345848272469,-0.4985882821360848,2856.2561190585398,-0.07277789604804157,2856.6819294446277,0.14964402739144694,2930.551056847248,0.13869157236616322,2974.134961928465
192,30.337287645670585,1778188858.7923121,0.15806754096411169,6632.948292936393,6593.343810557203,2628.999989318848,6632.1347449338255,6608.6709676926375,2630.999988555908,6626.115085429594,6602.855643854877,2762.9999382019046,6618.063578567717,6625.168947336248,2769.9999355316163,6628.304939328176,6617.186623162272,2803.9999225616457,6627.650151297491,6616.025443958798,2808.999920654297,6629.038266039062,6602.251846135036,2836.9999099731444,6624.989369440964,6634.423078216218,2841.999908065796,6623.764142494729,6633.0780511660605,2877.999894332886,6615.98551976037,6609.873373169912,2880.9998931884766,6621.513531191736,6603.7815187822835,2877.999894332886,6615.895354097258,6614.909793073937,2881.9998928070067,6621.92960998869,6622.639077543785,2938.9998710632326,6627.983337408687,6627.612858758444,2942.999869537354,6616.751306660146,6627.894909374331,2970.999858856201,6620.84799186967,6609.567584130576,2976.9998565673827,1.958567652818506,2705.9596376425184,0.1440972930421701,2787.950312725948,0.05305105196052296,2787.8592664848666,3.477143792168806,2841.6864785554967,-0.9765580311273503,2855.7781493095486,0.09492639465755826,2856.8496337353336,0.06328024217414827,2930.464693062031,-0.9321046029249416,2973.064165753174
193,30.513577645644546,1778188858.895395,0.011654125060886145,6634.181610477734,6593.343810557203,2628.999989318848,6632.1347449338255,6608.6709676926375,2630.999988555908,6626.115085429594,6602.855643854877,2762.9999382019046,6618.063578567717,6625.168947336248,2769.9999355316163,6628.304939328176,6617.186623162272,2803.9999225616457,6627.650151297491,6616.025443958798,2808.999920654297,6629.038266039062,6602.251846135036,2836.9999099731444,6624.989369440964,6634.423078216218,2841.999908065796,6623.764142494729,6633.0780511660605,2877.999894332886,6615.98551976037,6609.873373169912,2880.9998931884766,6621.513531191736,6603.7815187822835,2877.999894332886,6615.895354097258,6614.909793073937,2881.9998928070067,6621.92960998869,6622.639077543785,2938.9998710632326,6627.983337408687,6627.612858758444,2942.999869537354,6616.751306660146,6627.894909374331,2970.999858856201,6620.84799186967,6609.567584130576,2976.9998565673827,2.0850159043452083,2706.086085894045,0.1440972930421701,2787.950312725948,0.05305105196052296,2787.8592664848666,3.477143792168806,2841.6864785554967,-0.9765580311273503,2855.7781493095486,0.09492639465755826,2856.8496337353336,0.06328024217414827,2930.464693062031,-0.9321046029249416,2973.064165753174
194,30.670373874600045,1778188859.1232488,0.15376808284781873,6632.469207140019,6601.487466760399,2628.999989318848,6630.16258825687,6626.0071614145545,2630.999988555908,6626.864001895039,6620.657005532293,2762.9999382019046,6615.294761133356,6610.5510346303145,2769.9999355316163,6625.6263930066925,6601.19298071339,2803.9999225616457,6626.094374484213,6628.105778341535,2808.999920654297,6629.8085781092395,6628.715372741999,2836.9999099731444,6633.823293700523,6621.144753492069,2841.999908065796,6618.910865910689,6609.017755295412,2877.999894332886,6608.055141058166,6613.481740379619,2880.9998931884766,6615.659293333741,6622.049203777853,2877.999894332886,6618.80140141211,6626.586406149708,2881.9998928070067,6622.125145948589,6621.923339548249,2938.9998710632326,6627.3929868264195,6611.119407341748,2942.999869537354,6613.425512730384,6589.3525139835565,2970.999858856201,6614.141159030475,6607.073065990158,2976.9998565673827,3.0467325415309654,2707.047802531231,-0.9223915738859652,2786.88382385902,2.074268476486653,2789.8804839093928,-0.8856728951097417,2837.3236618682186,-0.3124522388223632,2856.4422551018533,-0.23448278971046718,2856.5202245509654,-1.2903427167085215,2929.1110701031484,0.6020377794008336,2974.5983081355
195,30.823202020605095,1778188859.20561,0.012837791116908193,6633.527777607972,6601.487466760399,2628.999989318848,6630.16258825687,6626.0071614145545,2630.999988555908,6626.864001895039,6620.657005532293,2762.9999382019046,6615.294761133356,6610.5510346303145,2769.9999355316163,6625.6263930066925,6601.19298071339,2803.9999225616457,6626.094374484213,6628.105778341535,2808.999920654297,6629.8085781092395,6628.715372741999,2836.9999099731444,6633.823293700523,6621.144753492069,2841.999908065796,6618.910865910689,6609.017755295412,2877.999894332886,6608.055141058166,6613.481740379619,2880.9998931884766,6615.659293333741,6622.049203777853,2877.999894332886,6618.80140141211,6626.586406149708,2881.9998928070067,6622.125145948589,6621.923339548249,2938.9998710632326,6627.3929868264195,6611.119407341748,2942.999869537354,6613.425512730384,6589.3525139835565,2970.999858856201,6614.141159030475,6607.073065990158,2976.9998565673827,3.155130627423621,2707.1562006171234,-0.9223915738859652,2786.88382385902,2.074268476486653,2789.8804839093928,-0.8856728951097417,2837.3236618682186,-0.3124522388223632,2856.4422551018533,-0.23448278971046718,2856.5202245509654,-1.2903427167085215,2929.1110701031484,0.6020377794008336,2974.5983081355
196,30.97827052057255,1778188859.4335701,0.1586186250206083,6611.76442675062,6630.836091328667,2628.999989318848,6592.177643121313,6629.230206009108,2630.999988555908,6607.471618730325,6630.439063789467,2762.9999382019046,6587.779180548338,6627.706825197909,2769.9999355316163,6618.650424855579,6630.167061466515,2803.9999225616457,6617.071169422625,6632.116335544213,2808.999920654297,6612.659722774093,6632.912932114802,2836.9999099731444,6604.971397132989,6632.637969557111,2841.999908065796,6621.441417305988,6633.600171164838,2877.999894332886,6612.105481859583,6629.911743130482,2880.9998931884766,6604.328560075801,6625.347831402634,2877.999894332886,6597.896787602776,6625.184981813737,2881.9998928070067,6612.482524375706,6619.205428370573,2938.9998710632326,6622.077005837944,6630.953829813247,2942.999869537354,6618.052775315586,6629.403910810894,2970.999858856201,6620.39822874958,6633.744117736957,2976.9998565673827,2.132148975601137,2706.133218965301,-0.35187776490953493,2787.4543376679962,0.3543081464188695,2788.160523579325,0.845065434906402,2839.0544001982344,-0.5217910580918305,2856.232916282584,-0.13020064891024363,2856.6245066917654,0.3533697217775403,2930.7547825416345,0.015266868469501265,2974.0115372245687
197,31.13979141646996,1778188859.521471,0.011381166987121105,6617.356325457714,6630.836091328667,2628.999989318848,6592.177643121313,6629.230206009108,2630.999988555908,6607.471618730325,6630.439063789467,2762.9999382019046,6587.779180548338,6627.706825197909,2769.9999355316163,6618.650424855579,6630.167061466515,2803.9999225616457,6617.071169422625,6632.116335544213,2808.999920654297,6612.659722774093,6632.912932114802,2836.9999099731444,6604.971397132989,6632.637969557111,2841.999908065796,6621.441417305988,6633.600171164838,2877.999894332886,6612.105481859583,6629.911743130482,2880.9998931884766,6604.328560075801,6625.347831402634,2877.999894332886,6597.896787602776,6625.184981813737,2881.9998928070067,6612.482524375706,6619.205428370573,2938.9998710632326,6622.077005837944,6630.953829813247,2942.999869537354,6618.052775315586,6629.403910810894,2970.999858856201,6620.39822874958,6633.744117736957,2976.9998565673827,2.7022274541256963,2706.7032974438252,-0.35187776490953493,2787.4543376679962,0.3543081464188695,2788.160523579325,0.845065434906402,2839.0544001982344,-0.5217910580918305,2856.232916282584,-0.13020064891024363,2856.6245066917654,0.3533697217775403,2930.7547825416345,0.015266868469501265,2974.0115372245687
198,31.293827645597048,1778188859.749259,0.15888387500308454,6611.992454992816,6633.435593116728,2628.999989318848,6590.0533805055475,6624.972845921082,2630.999988555908,6604.660711556683,6632.131991013845,2762.9999382019046,6590.852053978054,6630.151980621695,2769.9999355316163,6621.525694593025,6633.544096341351,2803.9999225616457,6616.605561328974,6630.654450285784,2808.999920654297,6605.307381483632,6632.90797750405,2836.9999099731444,6601.668921355869,6631.16552403949,2841.999908065796,6621.611857749794,6632.122790903811,2877.999894332886,6613.131634929853,6625.336594125378,2880.9998931884766,6605.164217379344,6623.367273894306,2877.999894332886,6595.586861570437,6628.122766451692,2881.9998928070067,6611.0153482898795,6620.650857352448,2938.9998710632326,6620.162012103798,6628.476208087539,2942.999869537354,6612.954274536173,6631.797779441879,2970.999858856201,6619.074699697405,6630.631997126877,2976.9998565673827,1.676012772015791,2705.6770827617156,-0.5408162883229001,2787.265399144583,0.24313235056184754,2788.049347783468,0.34365521087255396,2838.5529899742005,-0.6069112896534464,2856.1477960510224,0.04172837947744953,2856.796435720153,0.04058292877544191,2930.4419957486325,-0.34387889502127095,2973.652391461078
199,31.45233660354279,1778188859.834642,0.01261237496510148,6617.508943362777,6633.435593116728,2628.999989318848,6590.0533805055475,6624.972845921082,2630.999988555908,6604.660711556683,6632.131991013845,2762.9999382019046,6590.852053978054,6630.151980621695,2769.9999355316163,6621.525694593025,6633.544096341351,2803.9999225616457,6616.605561328974,6630.654450285784,2808.999920654297,6605.307381483632,6632.90797750405,2836.9999099731444,6601.668921355869,6631.16552403949,2841.999908065796,6621.611857749794,6632.122790903811,2877.999894332886,6613.131634929853,6625.336594125378,2880.9998931884766,6605.164217379344,6623.367273894306,2877.999894332886,6595.586861570437,6628.122766451692,2881.9998928070067,6611.0153482898795,6620.650857352448,2938.9998710632326,6620.162012103798,6628.476208087539,2942.999869537354,6612.954274536173,6631.797779441879,2970.999858856201,6619.074699697405,6630.631997126877,2976.9998565673827,2.238182988102417,2706.239252977802,-0.5408162883229001,2787.265399144583,0.24313235056184754,2788.049347783468,0.34365521087255396,2838.5529899742005,-0.6069112896534464,2856.1477960510224,0.04172837947744953,2856.796435720153,0.04058292877544191,2930.4419957486325,-0.34387889502127095,2973.652391461078
200,31.62365818757098,1778188860.0613592,0.12341837515123188,6626.157103340772,6634.719430265612,2628.999989318848,6623.853213925482,6631.059530213652,2630.999988555908,6608.723857627534,6628.902973989057,2762.9999382019046,6591.200828315555,6628.955484916098,2769.9999355316163,6617.520998257785,6632.640286395452,2803.9999225616457,6623.864900510438,6636.624667603997,2808.999920654297,6618.140127456674,6633.790471314607,2836.9999099731444,6622.735318030382,6629.097450866522,2841.999908065796,6603.353233792829,6626.380887611946,2877.999894332886,6577.869937647095,6619.548951615368,2880.9998931884766,6595.042190604273,6620.50765656998,2877.999894332886,6588.778263593851,6623.8889766787925,2881.9998928070067,6614.386114252529,6619.7629550386655,2938.9998710632326,6615.86654950026,6626.28086621634,2942.999869537354,6599.340992450407,6629.829756701409,2970.999858856201,6597.840037289483,6626.121501054498,2976.9998565673827,0.16037614613878984,2704.1614461358386,-0.3297220937583301,2787.4764933391475,-0.08563501362710899,2787.7205804192786,-0.6741541167971293,2837.535180646531,-0.24044914562599543,2856.51425819505,-0.05828521303525178,2856.6964221276407,0.6138231804442357,2931.0152360003012,-0.14661799802846498,2973.8496523580707
