save_id,timestamp_epoch_s,block_index,frequency_minus_mhz,frequency_plus_mhz,intensity_minus,intensity_plus,delta_B_projection_mT,delta_B_projection_uT,delta_Bx_uT,delta_By_uT,delta_Bz_uT,measurement_axis_x,measurement_axis_y,measurement_axis_z,sensitivity_norm_mhz_per_mT,slope_denom_abs,transition_index
000000,0.0060851663583889,1,2762.6782471497686,2772.902259762475,0.999257065612016,0.9993924481006392,-0.005619459853533985,-5.619459853533985,4.573234521868513,0.268663787526089,3.254485339150017,-0.8138210150202394,-0.04780953944481529,-0.5791455805317881,28.057776830812678,0.003214665552417328,0
000000,0.0060851663583889,2,2798.5743886005043,2811.2059239306122,1.0000196572731423,1.000056195710391,-0.012003429353266365,-12.003429353266366,-1.074712261481451,-9.908102085282271,6.690054025305258,0.08953376821341487,0.8254392801992112,-0.5573452243033168,28.128993772385627,0.0011798185940266137,1
000000,0.0060851663583889,3,2834.900998297384,2846.566788581379,1.0003618427324117,1.0000492444810571,0.000910144199095308,0.9101441990953081,-0.68680447982975,-0.04220676390531335,0.5957186069892961,-0.7546106216052798,-0.0463737108331485,0.6545321143412726,28.137665297567242,0.0009382782073639079,2
000000,0.0060851663583889,4,2869.0592264031256,2875.751831132393,0.9994164217734633,0.9992824555290402,0.010333325225906286,10.333325225906286,0.884501915942667,7.950624022412126,6.54085959483065,0.08559702676590164,0.7694158316511145,0.6329869090379842,24.503188789884803,0.003501258611740536,3
000000,0.0060851663583889,5,2877.1583926076537,2884.3827511279114,0.9996467728451922,0.9988581250659853,-0.027180420998097955,-27.180420998097954,-3.2226377582917705,23.501128893557024,13.269771371093608,0.1185646741276482,-0.8646344696133146,-0.4882106635516134,24.648424874504606,0.003708329692425451,4
000000,0.0060851663583889,6,2904.4342455818605,2920.419747695074,0.9998737043422375,0.9999884804873426,-0.02767027895385049,-27.67027895385049,-24.070264684582153,1.317506262561563,13.584214097479826,0.869895989293329,-0.04761449151846096,-0.49093159198489034,28.149854264219062,0.0007143761320573302,5
000000,0.0060851663583889,7,2937.7002853231734,2949.15820684722,1.0001580366284097,0.9998170524082222,-0.0004098148441400003,-0.4098148441400003,-0.03656792792818422,0.32813141840783344,-0.2427771928707374,0.0892303645196706,-0.8006821204742347,0.5924070256171595,28.13207628590776,0.001246223926997528,6
000000,0.0060851663583889,8,2969.468369204371,2979.433000494655,0.9993939499099647,0.9993283916371758,-0.0032076306492698466,-3.2076306492698468,-2.6215961444680618,0.1500696533174484,-1.8421745673520389,0.8172998799175385,-0.046785203699063284,0.5743100652100869,28.0579231763767,0.0031239019448423113,7
000001,0.0766809784108772,1,2762.6782471497686,2772.902259762475,0.9996699512310409,0.9992153852192217,0.000921252474876008,0.921252474876008,-0.7497346241935005,-0.04404465653621821,-0.5335392993784123,-0.8138210150202394,-0.04780953944481529,-0.5791455805317881,28.057776830812678,0.003214665552417328,0
000001,0.0766809784108772,2,2798.5743886005043,2811.2059239306122,0.9995967177854973,1.0001388595455318,-0.027238360160869057,-27.238360160869057,-2.438753025156764,-22.483612404994624,15.181169953514091,0.08953376821341487,0.8254392801992112,-0.5573452243033168,28.128993772385627,0.0011798185940266137,1
000001,0.0766809784108772,3,2834.900998297384,2846.566788581379,1.0001445423831823,1.0001729059559272,-0.012004607686051792,-12.004607686051791,9.058804468099064,0.5566982054983577,-7.857401250588971,-0.7546106216052798,-0.0463737108331485,0.6545321143412726,28.137665297567242,0.0009382782073639079,2
000001,0.0766809784108772,4,2869.0592264031256,2875.751831132393,0.9997183472155398,0.999707421351115,0.008899154453569556,8.899154453569556,0.7617411619560861,6.8471503248849395,5.633048270616604,0.08559702676590164,0.7694158316511145,0.6329869090379842,24.503188789884803,0.003501258611740536,3
000001,0.0766809784108772,5,2877.1583926076537,2884.3827511279114,0.9994745050568152,0.9987809377029558,-0.028220637180929584,-28.220637180929582,-3.345970651031509,24.400535661082834,13.777616003950966,0.1185646741276482,-0.8646344696133146,-0.4882106635516134,24.648424874504606,0.003708329692425451,4
000001,0.0766809784108772,6,2904.4342455818605,2920.419747695074,0.9995285483401406,1.0003005064621964,-0.06035031732330693,-60.35031732330693,-52.49849899212442,2.8735496723270253,29.62787736032438,0.869895989293329,-0.04761449151846096,-0.49093159198489034,28.149854264219062,0.0007143761320573302,5
000001,0.0766809784108772,7,2937.7002853231734,2949.15820684722,1.0003298118127122,1.000322615194782,-0.009930590464801358,-9.930590464801359,-0.8861102070697903,7.951246230918368,-5.8829515598750985,0.0892303645196706,-0.8006821204742347,0.5924070256171595,28.13207628590776,0.001246223926997528,6
000001,0.0766809784108772,8,2969.468369204371,2979.433000494655,0.9990592875189678,0.9994153468530281,-0.00801786043884753,-8.01786043884753,-6.5529963738656685,0.37511723386214263,-4.6047379514799,0.8172998799175385,-0.046785203699063284,0.5743100652100869,28.0579231763767,0.0031239019448423113,7
000002,0.153845686931163,1,2762.6782471497686,2772.902259762475,1.0015433245541197,1.00057588398233,0.0066074521258821855,6.607452125882186,-5.3772833957830795,-0.315899243042093,-3.826676697280036,-0.8138210150202394,-0.04780953944481529,-0.5791455805317881,28.057776830812678,0.003214665552417328,0
000002,0.153845686931163,2,2798.5743886005043,2811.2059239306122,0.9989831183262947,0.9991768986886546,-0.016741471492552486,-16.741471492552485,-1.498927028165687,-13.819068178288138,9.330779184184248,0.08953376821341487,0.8254392801992112,-0.5573452243033168,28.128993772385627,0.0011798185940266137,1
000002,0.153845686931163,3,2834.900998297384,2846.566788581379,1.0001636006982,0.9994132989422634,0.01748922068622493,17.489220686224932,-13.197551693424113,-0.8110400628001139,11.447256593935926,-0.7546106216052798,-0.0463737108331485,0.6545321143412726,28.137665297567242,0.0009382782073639079,2
000002,0.153845686931163,4,2869.0592264031256,2875.751831132393,1.0033578646808372,0.998917448485689,0.06052972946278436,60.52972946278436,5.181164872958738,46.57253213422519,38.31452635755328,0.08559702676590164,0.7694158316511145,0.6329869090379842,24.503188789884803,0.003501258611740536,3
000002,0.153845686931163,5,2877.1583926076537,2884.3827511279114,1.0008649886977483,1.0024464305917768,-0.053110107617079204,-53.1101076170792,-6.296982602503323,45.92082973059934,25.928920881031836,0.1185646741276482,-0.8646344696133146,-0.4882106635516134,24.648424874504606,0.003708329692425451,4
000002,0.153845686931163,6,2904.4342455818605,2920.419747695074,0.9979720366544231,0.9993665729141505,-0.09130959213710571,-91.30959213710571,-79.42984798407794,4.347659800366349,44.826763431360334,0.869895989293329,-0.04761449151846096,-0.49093159198489034,28.149854264219062,0.0007143761320573302,5
000002,0.153845686931163,7,2937.7002853231734,2949.15820684722,1.0005180820726107,0.9995521303615713,0.017416417197938187,17.416417197938188,1.5540732551986844,-13.945013853109076,10.317607909138104,0.0892303645196706,-0.8006821204742347,0.5924070256171595,28.13207628590776,0.001246223926997528,6
000002,0.153845686931163,8,2969.468369204371,2979.433000494655,1.0025878722072243,1.000337713652016,0.02171644554229239,21.716445542292387,17.748848333951333,-1.0160083283157642,12.471973255525242,0.8172998799175385,-0.046785203699063284,0.5743100652100869,28.0579231763767,0.0031239019448423113,7
000003,0.2271665413863957,1,2762.6782471497686,2772.902259762475,0.9993355288059544,0.99940055172543,-0.00483938887954073,-4.8393888795407305,3.9383963700254956,0.23136895352520298,2.8027106820606957,-0.8138210150202394,-0.04780953944481529,-0.5791455805317881,28.057776830812678,0.003214665552417328,0
000003,0.2271665413863957,2,2798.5743886005043,2811.2059239306122,0.9997133521006716,1.0003983310727798,-0.031542356880476574,-31.542356880476575,-2.824106069841401,-26.03630035920722,17.579981970604482,0.08953376821341487,0.8254392801992112,-0.5573452243033168,28.128993772385627,0.0011798185940266137,1
000003,0.2271665413863957,3,2834.900998297384,2846.566788581379,0.9997888215783469,1.0003268848167421,-0.03131071251230721,-31.31071251230721,23.627396231816352,1.4519939280255791,-20.493866862212176,-0.7546106216052798,-0.0463737108331485,0.6545321143412726,28.137665297567242,0.0009382782073639079,2
000003,0.2271665413863957,4,2869.0592264031256,2875.751831132393,0.9993683337958522,0.9998428891206151,0.0032403379572204147,3.2403379572204147,0.27736329485476285,2.4931673241854186,2.051091507779406,0.08559702676590164,0.7694158316511145,0.6329869090379842,24.503188789884803,0.003501258611740536,3
000003,0.2271665413863957,5,2877.1583926076537,2884.3827511279114,0.9998438600901152,0.9994124208844727,-0.03108841927965486,-31.08841927965486,-3.6859883010359744,26.880118914980724,15.17769780529107,0.1185646741276482,-0.8646344696133146,-0.4882106635516134,24.648424874504606,0.003708329692425451,4
000003,0.2271665413863957,6,2904.4342455818605,2920.419747695074,0.9993161980524755,0.9999934107223958,-0.05563885973664859,-55.63885973664859,-48.400020933764694,2.649216015027493,27.314873986736906,0.869895989293329,-0.04761449151846096,-0.49093159198489034,28.149854264219062,0.0007143761320573302,5
000003,0.2271665413863957,7,2937.7002853231734,2949.15820684722,0.9999530556606404,0.9999846433226645,-0.011036852125080432,-11.036852125080433,-0.984822338270628,8.837010162869964,-6.538308739595324,0.0892303645196706,-0.8006821204742347,0.5924070256171595,28.13207628590776,0.001246223926997528,6
000003,0.2271665413863957,8,2969.468369204371,2979.433000494655,0.9993420709145956,0.9993726376083936,-0.004304319142081152,-4.304319142081153,-3.5179195179496885,0.20137844784804404,-2.472013807173652,0.8172998799175385,-0.046785203699063284,0.5743100652100869,28.0579231763767,0.0031239019448423113,7
000004,0.3540402079233899,1,2762.6782471497686,2772.902259762475,0.9991937398912886,0.9993147893556235,-0.0054605507477463395,-5.460550747746339,4.4439109521004525,0.2610664163647942,3.1624538328268437,-0.8138210150202394,-0.04780953944481529,-0.5791455805317881,28.057776830812678,0.003214665552417328,0
000004,0.3540402079233899,2,2798.5743886005043,2811.2059239306122,0.9995994222817649,1.0001051485723544,-0.026141082646425427,-26.141082646425428,-2.3405096345127756,-21.577876443293494,14.569607571103521,0.08953376821341487,0.8254392801992112,-0.5573452243033168,28.128993772385627,0.0011798185940266137,1
000004,0.3540402079233899,3,2834.900998297384,2846.566788581379,1.0001815493498973,0.9999617114458673,-0.002603377801909717,-2.603377801909717,1.9645365413724787,0.12072828937519897,-1.7039943771131016,-0.7546106216052798,-0.0463737108331485,0.6545321143412726,28.137665297567242,0.0009382782073639079,2
000004,0.3540402079233899,4,2869.0592264031256,2875.751831132393,0.9996672353379622,0.9994129431315147,0.011735856475327773,11.735856475327774,1.0045544208394115,9.029753770102436,7.428643515231139,0.08559702676590164,0.7694158316511145,0.6329869090379842,24.503188789884803,0.003501258611740536,3
000004,0.3540402079233899,5,2877.1583926076537,2884.3827511279114,0.999663339559602,0.9993975918540683,-0.032901147600345494,-32.901147600345496,-3.9009138436606183,28.447466305094103,16.062691101574245,0.1185646741276482,-0.8646344696133146,-0.4882106635516134,24.648424874504606,0.003708329692425451,4
000004,0.3540402079233899,6,2904.4342455818605,2920.419747695074,0.9992995603480456,1.0000148107778968,-0.05753038369444046,-57.53038369444046,-50.04545003830009,2.73927996647274,28.24348285461323,0.869895989293329,-0.04761449151846096,-0.49093159198489034,28.149854264219062,0.0007143761320573302,5
000004,0.3540402079233899,7,2937.7002853231734,2949.15820684722,1.0002612839335896,0.9998688924357132,0.001056498322779116,1.056498322779116,0.09427173045600114,-0.8459193173602552,0.6258770289670939,0.0892303645196706,-0.8006821204742347,0.5924070256171595,28.13207628590776,0.001246223926997528,6
000004,0.3540402079233899,8,2969.468369204371,2979.433000494655,0.9991859113982672,0.9989092593869315,-0.0007992649333804111,-0.799264933380411,-0.6532391340741094,0.03739377271772078,-0.4590258960098396,0.8172998799175385,-0.046785203699063284,0.5743100652100869,28.0579231763767,0.0031239019448423113,7
000005,0.4403287288732826,1,2762.6782471497686,2772.902259762475,0.9992519301643819,0.9994550448197922,-0.00637040102552153,-6.37040102552153,5.184366228675906,0.3045659391089633,3.6893896001459647,-0.8138210150202394,-0.04780953944481529,-0.5791455805317881,28.057776830812678,0.003214665552417328,0
000005,0.4403287288732826,2,2798.5743886005043,2811.2059239306122,0.9999505536148271,1.0000150045568734,-0.012844493998402465,-12.844493998402465,-1.1500159484715646,-10.602349880564418,7.158817388602228,0.08953376821341487,0.8254392801992112,-0.5573452243033168,28.128993772385627,0.0011798185940266137,1
000005,0.4403287288732826,3,2834.900998297384,2846.566788581379,1.000008577951652,0.9999320214349167,-0.008030506107421311,-8.030506107421312,6.059905205526191,0.3724043680693888,-5.256224141720973,-0.7546106216052798,-0.0463737108331485,0.6545321143412726,28.137665297567242,0.0009382782073639079,2
000005,0.4403287288732826,4,2869.0592264031256,2875.751831132393,0.9996626387898366,0.9997542564814609,0.007703896677392289,7.703896677392289,0.6594306500964885,5.927500068990046,4.876465745370541,0.08559702676590164,0.7694158316511145,0.6329869090379842,24.503188789884803,0.003501258611740536,3
000005,0.4403287288732826,5,2877.1583926076537,2884.3827511279114,0.9994548587723162,0.9992481840352316,-0.03354742844652415,-33.54742844652415,-3.9775399215827316,29.006263001751027,16.378212302327825,0.1185646741276482,-0.8646344696133146,-0.4882106635516134,24.648424874504606,0.003708329692425451,4
000005,0.4403287288732826,6,2904.4342455818605,2920.419747695074,0.9993540524282801,1.0000470380449262,-0.05642320946363185,-56.42320946363185,-49.082323615470756,2.686562428450445,27.699936046877713,0.869895989293329,-0.04761449151846096,-0.49093159198489034,28.149854264219062,0.0007143761320573302,5
000005,0.4403287288732826,7,2937.7002853231734,2949.15820684722,1.0002692418004095,0.9999229172086095,-0.00025748899527816766,-0.25748899527816765,-0.022975836908474642,0.2061668347381035,-0.15253828982189013,0.0892303645196706,-0.8006821204742347,0.5924070256171595,28.13207628590776,0.001246223926997528,6
000005,0.4403287288732826,8,2969.468369204371,2979.433000494655,0.999416855271623,0.9989820434837329,0.0010051778990263437,1.0051778990263438,0.8215317761699944,-0.04702745275974396,0.5772837847375576,0.8172998799175385,-0.046785203699063284,0.5743100652100869,28.0579231763767,0.0031239019448423113,7
000006,0.5230972704011947,1,2762.6782471497686,2772.902259762475,0.9995195101632485,0.9992231172729168,-0.0008324004032318975,-0.8324004032318975,0.6774249410614395,0.03979667991219555,0.4820810147646318,-0.8138210150202394,-0.04780953944481529,-0.5791455805317881,28.057776830812678,0.003214665552417328,0
000006,0.5230972704011947,2,2798.5743886005043,2811.2059239306122,0.9997510960628474,0.9999702873783007,-0.017507158929101735,-17.507158929101735,-1.5674819096336112,-14.45109666477093,9.757531420254022,0.08953376821341487,0.8254392801992112,-0.5573452243033168,28.128993772385627,0.0011798185940266137,1
000006,0.5230972704011947,3,2834.900998297384,2846.566788581379,1.0000494262927406,1.000244173360697,-0.018306784078130214,-18.306784078130214,13.81449371279148,0.8489535111240976,-11.982378089447714,-0.7546106216052798,-0.0463737108331485,0.6545321143412726,28.137665297567242,0.0009382782073639079,2
000006,0.5230972704011947,4,2869.0592264031256,2875.751831132393,0.999646857966424,0.9993606133743573,0.012108296625156284,12.108296625156283,1.0364341903129788,9.316315117723006,7.664393254472731,0.08559702676590164,0.7694158316511145,0.6329869090379842,24.503188789884803,0.003501258611740536,3
000006,0.5230972704011947,5,2877.1583926076537,2884.3827511279114,0.9994280355917983,0.9987717431812558,-0.028628439303298024,-28.628439303298023,-3.3943215767786863,24.753135432864056,13.976709348710218,0.1185646741276482,-0.8646344696133146,-0.4882106635516134,24.648424874504606,0.003708329692425451,4
000006,0.5230972704011947,6,2904.4342455818605,2920.419747695074,0.9992114360283825,0.9997219857767244,-0.047351123823354276,-47.35112382335428,-41.190552702467684,2.254599683676697,23.24616260087298,0.869895989293329,-0.04761449151846096,-0.49093159198489034,28.149854264219062,0.0007143761320573302,5
000006,0.5230972704011947,7,2937.7002853231734,2949.15820684722,1.0002861579056537,0.9997034616726609,0.006484646852980335,6.484646852980335,0.5786274024727701,-5.192140792770868,3.841550354351754,0.0892303645196706,-0.8006821204742347,0.5924070256171595,28.13207628590776,0.001246223926997528,6
000006,0.5230972704011947,8,2969.468369204371,2979.433000494655,0.9990152677899813,0.999439917126626,-0.008800402885697334,-8.800402885697334,-7.19256822170639,0.4117286416411741,-5.054159955159872,0.8172998799175385,-0.046785203699063284,0.5743100652100869,28.0579231763767,0.0031239019448423113,7
000007,0.6253439160063863,1,2762.6782471497686,2772.902259762475,0.999521946059933,0.9991569953741549,-7.23055516490795e-05,-0.07230555164907951,0.05884377743465223,0.0034568951236457956,0.04187544068547734,-0.8138210150202394,-0.04780953944481529,-0.5791455805317881,28.057776830812678,0.003214665552417328,0
000007,0.6253439160063863,2,2798.5743886005043,2811.2059239306122,0.9998641257083312,0.9997924433033085,-0.008742499352133795,-8.742499352133795,-0.7827489105998768,-7.21640237236739,4.872590262386612,0.08953376821341487,0.8254392801992112,-0.5573452243033168,28.128993772385627,0.0011798185940266137,1
000007,0.6253439160063863,3,2834.900998297384,2846.566788581379,1.0002819152275608,1.0002458259367215,-0.009563299942358525,-9.563299942358526,7.216567714100903,0.44348570613759997,-6.259486931351695,-0.7546106216052798,-0.0463737108331485,0.6545321143412726,28.137665297567242,0.0009382782073639079,2
000007,0.6253439160063863,4,2869.0592264031256,2875.751831132393,0.9995576953120363,0.9994326755130795,0.010229044577518397,10.229044577518398,0.8755758024914433,7.870388840607641,6.474851309535123,0.08559702676590164,0.7694158316511145,0.6329869090379842,24.503188789884803,0.003501258611740536,3
000007,0.6253439160063863,5,2877.1583926076537,2884.3827511279114,0.9993564185561735,0.9992475524936172,-0.034617492717836346,-34.61749271783635,-4.1044117432065015,29.93147745542921,16.900629090268026,0.1185646741276482,-0.8646344696133146,-0.4882106635516134,24.648424874504606,0.003708329692425451,4
000007,0.6253439160063863,6,2904.4342455818605,2920.419747695074,0.9995262072107857,0.9999879301918643,-0.0449230891486558,-44.923089148655805,-39.078415077082354,2.1389900472517374,22.054163672628746,0.869895989293329,-0.04761449151846096,-0.49093159198489034,28.149854264219062,0.0007143761320573302,5
000007,0.6253439160063863,7,2937.7002853231734,2949.15820684722,0.9999373612769537,0.9999108261297104,-0.009378988796022536,-9.378988796022536,-0.8368905890949974,7.5095886371034135,-5.5561788559483745,0.0892303645196706,-0.8006821204742347,0.5924070256171595,28.13207628590776,0.001246223926997528,6
000007,0.6253439160063863,8,2969.468369204371,2979.433000494655,0.9994699238176489,0.9993321213490685,-0.002383397559675783,-2.383397559675783,-1.9479505393187717,0.11150774032528185,-1.3688092079189609,0.8172998799175385,-0.046785203699063284,0.5743100652100869,28.0579231763767,0.0031239019448423113,7
000008,0.7104016038356349,1,2762.6782471497686,2772.902259762475,0.9994200119764638,0.9993765206516615,-0.003636300042423832,-3.6363000424238323,2.959297391443503,0.17384983031144569,2.105947099057316,-0.8138210150202394,-0.04780953944481529,-0.5791455805317881,28.057776830812678,0.003214665552417328,0
000008,0.7104016038356349,2,2798.5743886005043,2811.2059239306122,0.9998726763791936,0.9996682472707468,-0.004742551664958229,-4.7425516649582296,-0.4246185215105149,-3.914688432630691,2.643238521476213,0.08953376821341487,0.8254392801992112,-0.5573452243033168,28.128993772385627,0.0011798185940266137,1
000008,0.7104016038356349,3,2834.900998297384,2846.566788581379,1.0004208397215772,1.0001265027233504,0.00021845516945588955,0.21845516945588955,-0.16484859121599557,-0.010130576858353876,0.14298592395274437,-0.7546106216052798,-0.0463737108331485,0.6545321143412726,28.137665297567242,0.0009382782073639079,2
000008,0.7104016038356349,4,2869.0592264031256,2875.751831132393,0.9997861290936066,0.9994852121626397,0.012279318850646181,12.279318850646181,1.0510731843258019,9.44790232557914,7.772648084362379,0.08559702676590164,0.7694158316511145,0.6329869090379842,24.503188789884803,0.003501258611740536,3
000008,0.7104016038356349,5,2877.1583926076537,2884.3827511279114,0.9996713434966773,0.999344176603226,-0.03222919821670845,-32.22919821670845,-3.821244383959418,27.866475706166096,15.734638247115708,0.1185646741276482,-0.8646344696133146,-0.4882106635516134,24.648424874504606,0.003708329692425451,4
000008,0.7104016038356349,6,2904.4342455818605,2920.419747695074,0.9995935732419257,0.9997792020716003,-0.031193608155692155,-31.193608155692154,-27.135194626224283,1.4852677909593985,15.313927711626809,0.869895989293329,-0.04761449151846096,-0.49093159198489034,28.149854264219062,0.0007143761320573302,5
000008,0.7104016038356349,7,2937.7002853231734,2949.15820684722,1.000321848962841,0.9996585257395318,0.008784407175351285,8.784407175351285,0.7838358543458052,-7.03351776426935,5.203944526559889,0.0892303645196706,-0.8006821204742347,0.5924070256171595,28.13207628590776,0.001246223926997528,6
000008,0.7104016038356349,8,2969.468369204371,2979.433000494655,0.9993462717371018,0.999371790483818,-0.004246727179519485,-4.2467271795194845,-3.470849613863822,0.1986839961481676,-2.4389381633992837,0.8172998799175385,-0.046785203699063284,0.5743100652100869,28.0579231763767,0.0031239019448423113,7
000009,0.8230094999307767,1,2762.6782471497686,2772.902259762475,0.9997386798967487,0.9991808344340982,0.002066303571399446,2.066303571399446,-1.6816012698162428,-0.0987890221017845,-1.196690581413039,-0.8138210150202394,-0.04780953944481529,-0.5791455805317881,28.057776830812678,0.003214665552417328,0
000009,0.8230094999307767,2,2798.5743886005043,2811.2059239306122,0.9999281652284271,0.9997328151114139,-0.0050161214776177,-5.0161214776177,-0.44911225770735524,-4.140503701876558,2.7957113500755217,0.08953376821341487,0.8254392801992112,-0.5573452243033168,28.128993772385627,0.0011798185940266137,1
000009,0.8230094999307767,3,2834.900998297384,2846.566788581379,1.0002731827409623,0.9999905132206192,-0.00022347871094765873,-0.22347871094765873,0.1686394089837594,0.010363537118851504,-0.14627399318683315,-0.7546106216052798,-0.0463737108331485,0.6545321143412726,28.137665297567242,0.0009382782073639079,2
000009,0.8230094999307767,4,2869.0592264031256,2875.751831132393,0.9994392508281438,0.9996086631032304,0.006797115360159423,6.797115360159423,0.5818128654144874,5.229808167665627,4.302485042201918,0.08559702676590164,0.7694158316511145,0.6329869090379842,24.503188789884803,0.003501258611740536,3
000009,0.8230094999307767,5,2877.1583926076537,2884.3827511279114,0.9998028787624557,0.999111899119285,-0.028248947724609442,-28.24894772460944,-3.349327281417288,24.425013933001935,13.791437513266416,0.1185646741276482,-0.8646344696133146,-0.4882106635516134,24.648424874504606,0.003708329692425451,4
000009,0.8230094999307767,6,2904.4342455818605,2920.419747695074,0.9993416103352643,0.999904737437195,-0.04996566590288268,-49.96566590288268,-43.46493237128808,2.379089775347061,24.529723906287348,0.869895989293329,-0.04761449151846096,-0.49093159198489034,28.149854264219062,0.0007143761320573302,5
000009,0.8230094999307767,7,2937.7002853231734,2949.15820684722,1.000331437910127,0.9999740070457959,5.9300268416123385e-05,0.05930026841612338,0.0052913845668849996,-0.047480664660112956,0.03512989563069484,0.0892303645196706,-0.8006821204742347,0.5924070256171595,28.13207628590776,0.001246223926997528,6
000009,0.8230094999307767,8,2969.468369204371,2979.433000494655,0.9995295459442023,0.9989894172032339,0.0022067376460928796,2.2067376460928796,1.803566413161222,-0.1032426702828468,1.2673516414291552,0.8172998799175385,-0.046785203699063284,0.5743100652100869,28.0579231763767,0.0031239019448423113,7
000010,0.9217775829602032,1,2762.6782471497686,2772.902259762475,0.9990611174307295,0.9998356102627517,-0.012705225643513807,-12.705225643513806,10.33977962926558,0.6074309865588521,7.358175281100165,-0.8138210150202394,-0.04780953944481529,-0.5791455805317881,28.057776830812678,0.003214665552417328,0
000010,0.9217775829602032,2,2798.5743886005043,2811.2059239306122,0.9998750997445831,1.000137907844566,-0.018821427772702088,-18.821427772702087,-1.685153351646638,-15.535945793020655,10.490032883685322,0.08953376821341487,0.8254392801992112,-0.5573452243033168,28.128993772385627,0.0011798185940266137,1
000010,0.9217775829602032,3,2834.900998297384,2846.566788581379,1.0000032908808483,1.000065102003148,-0.013271514339915386,-13.271514339915386,10.014825685686935,0.6154493683172199,-8.686632341415335,-0.7546106216052798,-0.0463737108331485,0.6545321143412726,28.137665297567242,0.0009382782073639079,2
000010,0.9217775829602032,4,2869.0592264031256,2875.751831132393,0.9995776897126827,0.9997150720683124,0.007170459252025424,7.170459252025424,0.6137699925194272,5.517064868717569,4.5388068383223885,0.08559702676590164,0.7694158316511145,0.6329869090379842,24.503188789884803,0.003501258611740536,3
000010,0.9217775829602032,5,2877.1583926076537,2884.3827511279114,0.9999237572684583,0.9992284214036414,-0.02820128899532002,-28.20128899532002,-3.3436766397097495,24.38380655288033,13.768170013415999,0.1185646741276482,-0.8646344696133146,-0.4882106635516134,24.648424874504606,0.003708329692425451,4
000010,0.9217775829602032,6,2904.4342455818605,2920.419747695074,0.999180650109164,1.0000660571172697,-0.06599185053498416,-65.99185053498415,-57.40604610642755,3.1421684075855465,32.397484241168705,0.869895989293329,-0.04761449151846096,-0.49093159198489034,28.149854264219062,0.0007143761320573302,5
000010,0.9217775829602032,7,2937.7002853231734,2949.15820684722,1.0000479836720004,1.0000791796626833,-0.011025680305244112,-11.025680305244112,-0.9838254727142852,8.828065086473863,-6.53169047503536,0.0892303645196706,-0.8006821204742347,0.5924070256171595,28.13207628590776,0.001246223926997528,6
000010,0.9217775829602032,8,2969.468369204371,2979.433000494655,0.9991847219077303,0.9994324990801178,-0.006782470665513945,-6.782470665513944,-5.5433124604687745,0.3173192716689912,-3.895241170196815,0.8172998799175385,-0.046785203699063284,0.5743100652100869,28.0579231763767,0.0031239019448423113,7
000011,0.9999343119561672,1,2762.6782471497686,2772.902259762475,0.9990898476896445,0.9993339196843932,-0.006824491804883906,-6.824491804883906,5.553914847647926,0.3262758101364158,3.9523742681739202,-0.8138210150202394,-0.04780953944481529,-0.5791455805317881,28.057776830812678,0.003214665552417328,0
000011,0.9999343119561672,2,2798.5743886005043,2811.2059239306122,1.000205057903351,0.9996984059208482,0.004364082661230631,4.364082661230631,0.39073276545480606,3.6022852506160703,-2.4323006297018015,0.08953376821341487,0.8254392801992112,-0.5573452243033168,28.128993772385627,0.0011798185940266137,1
000011,0.9999343119561672,3,2834.900998297384,2846.566788581379,0.9999977731576906,1.0002214562796217,-0.019402806949914673,-19.402806949914673,14.641564213362354,0.899780158846747,-12.69976025708319,-0.7546106216052798,-0.0463737108331485,0.6545321143412726,28.137665297567242,0.0009382782073639079,2
000011,0.9999343119561672,4,2869.0592264031256,2875.751831132393,0.9996101827666537,0.9998926452240845,0.0054793913143832106,5.479391314383211,0.46901960499810863,4.215930425098051,3.468382971501006,0.08559702676590164,0.7694158316511145,0.6329869090379842,24.503188789884803,0.003501258611740536,3
000011,0.9999343119561672,5,2877.1583926076537,2884.3827511279114,0.9997557984071683,0.9992866179244634,-0.030675515287927876,-30.675515287927876,-3.637032473810859,26.523107891092643,14.97611367350693,0.1185646741276482,-0.8646344696133146,-0.4882106635516134,24.648424874504606,0.003708329692425451,4
000011,0.9999343119561672,6,2904.4342455818605,2920.419747695074,0.9998698624268477,0.999852967003057,-0.02112257668172815,-21.12257668172815,-18.374444738976113,1.0057407482601861,10.369740197183724,0.869895989293329,-0.04761449151846096,-0.49093159198489034,28.149854264219062,0.0007143761320573302,5
000011,0.9999343119561672,7,2937.7002853231734,2949.15820684722,1.000250594493647,1.0000244425825833,-0.0036852290350097385,-3.6852290350097388,-0.3288343301323929,2.9506969981848155,-2.1831555713481143,0.0892303645196706,-0.8006821204742347,0.5924070256171595,28.13207628590776,0.001246223926997528,6
000011,0.9999343119561672,8,2969.468369204371,2979.433000494655,0.9996805592103695,0.999445823663026,-0.001277489325563321,-1.277489325563321,-1.0440918723788395,0.05976759831985895,-0.7336749778694608,0.8172998799175385,-0.046785203699063284,0.5743100652100869,28.0579231763767,0.0031239019448423113,7
000012,1.080227416474372,1,2762.6782471497686,2772.902259762475,0.9991525425393722,0.9995678667294993,-0.008723151339975695,-8.723151339975695,7.099083877674182,0.41704984807166134,5.0519745468568695,-0.8138210150202394,-0.04780953944481529,-0.5791455805317881,28.057776830812678,0.003214665552417328,0
000012,1.080227416474372,2,2798.5743886005043,2811.2059239306122,0.9998366508922701,1.0004357007004365,-0.02895312376429535,-28.95312376429535,-2.5922822721667336,-23.89904563951863,16.13688525869288,0.08953376821341487,0.8254392801992112,-0.5573452243033168,28.128993772385627,0.0011798185940266137,1
000012,1.080227416474372,3,2834.900998297384,2846.566788581379,1.0000830187152567,0.9998568593179521,-0.0023639359893227684,-2.3639359893227683,1.7838512063379464,0.10962448399692688,-1.5472720212588595,-0.7546106216052798,-0.0463737108331485,0.6545321143412726,28.137665297567242,0.0009382782073639079,2
000012,1.080227416474372,4,2869.0592264031256,2875.751831132393,0.9996708766975778,0.9992636905905548,0.01351800282010389,13.51800282010389,1.1571008492139665,10.400965382092345,8.556718821464315,0.08559702676590164,0.7694158316511145,0.6329869090379842,24.503188789884803,0.003501258611740536,3
000012,1.080227416474372,5,2877.1583926076537,2884.3827511279114,0.9998813685456074,0.9993357239505987,-0.029838968682951175,-29.838968682951176,-3.537847598199206,25.799800860991795,14.567702700399405,0.1185646741276482,-0.8646344696133146,-0.4882106635516134,24.648424874504606,0.003708329692425451,4
000012,1.080227416474372,6,2904.4342455818605,2920.419747695074,0.9997017630066868,0.9998059307697359,-0.027142750286321352,-27.142750286321352,-23.6113696124613,1.2923882532957518,13.325233608912079,0.869895989293329,-0.04761449151846096,-0.49093159198489034,28.149854264219062,0.0007143761320573302,5
000012,1.080227416474372,7,2937.7002853231734,2949.15820684722,0.9999973620430412,0.9999338381641801,-0.008323942377747246,-8.323942377747246,-0.7427484126071204,6.664831833720008,-4.9311619454098725,0.0892303645196706,-0.8006821204742347,0.5924070256171595,28.13207628590776,0.001246223926997528,6
000012,1.080227416474372,8,2969.468369204371,2979.433000494655,0.9995013106411419,0.9993173952363454,-0.0018572956705044487,-1.8572956705044488,-1.51796752847465,0.08689395627393896,-1.066663597641822,0.8172998799175385,-0.046785203699063284,0.5743100652100869,28.0579231763767,0.0031239019448423113,7
000013,1.1552794993622229,1,2762.6782471497686,2772.902259762475,0.999503007696572,0.9990714250247404,0.000666438003625753,0.666438003625753,-0.5423612525587723,-0.031862094021869396,-0.38596462449828267,-0.8138210150202394,-0.04780953944481529,-0.5791455805317881,28.057776830812678,0.003214665552417328,0
000013,1.1552794993622229,2,2798.5743886005043,2811.2059239306122,0.9997622203262941,1.0003783172046892,-0.02946678916897431,-29.46678916897431,-2.63827267144851,-24.323045241420065,16.423174218880533,0.08953376821341487,0.8254392801992112,-0.5573452243033168,28.128993772385627,0.0011798185940266137,1
000013,1.1552794993622229,3,2834.900998297384,2846.566788581379,1.0003496701126593,0.9996622573609826,0.015107147888293922,15.107147888293923,-11.400014258668365,-0.7005745076853523,9.888113448991312,-0.7546106216052798,-0.0463737108331485,0.6545321143412726,28.137665297567242,0.0009382782073639079,2
000013,1.1552794993622229,4,2869.0592264031256,2875.751831132393,0.9998055246735534,0.9997212955677054,0.009753584246196701,9.7535842461967,0.8348778117851756,7.504562134366643,6.173891144041627,0.08559702676590164,0.7694158316511145,0.6329869090379842,24.503188789884803,0.003501258611740536,3
000013,1.1552794993622229,5,2877.1583926076537,2884.3827511279114,0.9996121246640408,0.9992438698762501,-0.03177968095325367,-31.779680953253667,-3.7679475161031495,27.47780758549684,15.515179125646544,0.1185646741276482,-0.8646344696133146,-0.4882106635516134,24.648424874504606,0.003708329692425451,4
000013,1.1552794993622229,6,2904.4342455818605,2920.419747695074,0.9994358532199672,1.0000358202758124,-0.05179762592260142,-51.79762592260142,-45.058547044987144,2.4663176201681187,25.429090955220538,0.869895989293329,-0.04761449151846096,-0.49093159198489034,28.149854264219062,0.0007143761320573302,5
000013,1.1552794993622229,7,2937.7002853231734,2949.15820684722,1.0002043364696793,0.9999568410707614,-0.003076439021699079,-3.076439021699079,-0.2745117753287476,2.4632497194036986,-1.8225040903373155,0.0892303645196706,-0.8006821204742347,0.5924070256171595,28.13207628590776,0.001246223926997528,6
000013,1.1552794993622229,8,2969.468369204371,2979.433000494655,0.9993275577889684,0.9993111532704285,-0.003768425191805418,-3.768425191805418,-3.0799334567407954,0.1763065402232981,-2.1642445176451037,0.8172998799175385,-0.046785203699063284,0.5743100652100869,28.0579231763767,0.0031239019448423113,7
000014,1.2511235409183428,1,2762.6782471497686,2772.902259762475,0.9990501291927836,0.9993037610250847,-0.006930480967140252,-6.930480967140252,5.6401710552565305,0.33134310317003346,4.013757423078949,-0.8138210150202394,-0.04780953944481529,-0.5791455805317881,28.057776830812678,0.003214665552417328,0
000014,1.2511235409183428,2,2798.5743886005043,2811.2059239306122,0.9999538749372794,1.000093227813888,-0.01510145264362277,-15.10145264362277,-1.3520899606799823,-12.465332200114453,8.41672251096585,0.08953376821341487,0.8254392801992112,-0.5573452243033168,28.128993772385627,0.0011798185940266137,1
000014,1.2511235409183428,3,2834.900998297384,2846.566788581379,1.00022989614151,1.0004368251103524,-0.018768202971134077,-18.768202971134077,14.162685310461544,0.8703512174412102,-12.284391573082543,-0.7546106216052798,-0.0463737108331485,0.6545321143412726,28.137665297567242,0.0009382782073639079,2
000014,1.2511235409183428,4,2869.0592264031256,2875.751831132393,0.999332767914056,0.9992438727609537,0.009807972151975776,9.807972151975775,0.8395332548118883,7.546409050123413,6.208317976409772,0.08559702676590164,0.7694158316511145,0.6329869090379842,24.503188789884803,0.003501258611740536,3
000014,1.2511235409183428,5,2877.1583926076537,2884.3827511279114,0.999457299881172,0.9992164796853947,-0.03317386408169767,-33.173864081697666,-3.9332483844013773,28.68326637530285,16.19583419589665,0.1185646741276482,-0.8646344696133146,-0.4882106635516134,24.648424874504606,0.003708329692425451,4
000014,1.2511235409183428,6,2904.4342455818605,2920.419747695074,0.9993641057892843,0.9997855170207702,-0.042918485295185174,-42.91848529518517,-37.3346182248263,2.0435418540727857,21.070040311545362,0.869895989293329,-0.04761449151846096,-0.49093159198489034,28.149854264219062,0.0007143761320573302,5
000014,1.2511235409183428,7,2937.7002853231734,2949.15820684722,0.9999570957693565,0.9996075034618159,-0.00016428245271189108,-0.1642824527118911,-0.014658983139667589,0.13153802259406516,-0.09732207917214306,0.0892303645196706,-0.8006821204742347,0.5924070256171595,28.13207628590776,0.001246223926997528,6
000014,1.2511235409183428,8,2969.468369204371,2979.433000494655,0.999097569957648,0.9994056538200689,-0.0074705089072692734,-7.470508907269274,-6.105646032834079,0.3495092809622596,-4.290388457686351,0.8172998799175385,-0.046785203699063284,0.5743100652100869,28.0579231763767,0.0031239019448423113,7
000015,1.3259007289307192,1,2762.6782471497686,2772.902259762475,0.9993795262241201,0.999105314470118,-0.0010783209060218316,-1.0783209060218315,0.8775602142562311,0.05155402589061971,0.6245047871175774,-0.8138210150202394,-0.04780953944481529,-0.5791455805317881,28.057776830812678,0.003214665552417328,0
000015,1.3259007289307192,2,2798.5743886005043,2811.2059239306122,0.9995950501504045,1.0001692121640515,-0.02820320023656366,-28.20320023656366,-2.525138792857018,-23.28002930258333,15.718918961918929,0.08953376821341487,0.8254392801992112,-0.5573452243033168,28.128993772385627,0.0011798185940266137,1
000015,1.3259007289307192,3,2834.900998297384,2846.566788581379,1.0002878044069399,1.0000361294985345,-0.0013974744332256853,-1.3974744332256852,1.0545490507339204,0.06480607526312601,-0.9146918955170793,-0.7546106216052798,-0.0463737108331485,0.6545321143412726,28.137665297567242,0.0009382782073639079,2
000015,1.3259007289307192,4,2869.0592264031256,2875.751831132393,0.9994023504054759,0.9993313972696294,0.009598838233945311,9.598838233945312,0.8216320132325768,7.385498102655546,6.075938944060665,0.08559702676590164,0.7694158316511145,0.6329869090379842,24.503188789884803,0.003501258611740536,3
000015,1.3259007289307192,5,2877.1583926076537,2884.3827511279114,0.9996574444585465,0.9987832112420136,-0.026244083612187614,-26.244083612187616,-3.111621221257777,22.69153931451132,12.812641474610139,0.1185646741276482,-0.8646344696133146,-0.4882106635516134,24.648424874504606,0.003708329692425451,4
000015,1.3259007289307192,6,2904.4342455818605,2920.419747695074,0.9994515276920436,0.9998068119300852,-0.039630153054175866,-39.630153054175864,-34.47411119690836,1.8869695864733664,19.455694129491423,0.869895989293329,-0.04761449151846096,-0.49093159198489034,28.149854264219062,0.0007143761320573302,5
000015,1.3259007289307192,7,2937.7002853231734,2949.15820684722,1.000334457166527,0.9998283900648268,0.004298919282183729,4.2989192821837285,0.3835941345898948,-3.4420678066064427,2.546709985326717,0.0892303645196706,-0.8006821204742347,0.5924070256171595,28.13207628590776,0.001246223926997528,6
000015,1.3259007289307192,8,2969.468369204371,2979.433000494655,0.9996616501393434,0.999313557304996,1.580248662343086e-05,0.01580248662343086,0.012915370419728551,-0.0007393225556289356,0.009075527123184103,0.8172998799175385,-0.046785203699063284,0.5743100652100869,28.0579231763767,0.0031239019448423113,7
000016,1.4025220203911886,1,2762.6782471497686,2772.902259762475,0.9994301435805683,0.9996128282668296,-0.006143895574653329,-6.143895574653329,5.000031332742729,0.2937368178212144,3.5582099693092863,-0.8138210150202394,-0.04780953944481529,-0.5791455805317881,28.057776830812678,0.003214665552417328,0
000016,1.4025220203911886,2,2798.5743886005043,2811.2059239306122,0.9995021713262918,1.0002526244122163,-0.03351523472507685,-33.51523472507685,-3.000745257493224,-27.664791227175044,18.679556015426268,0.08953376821341487,0.8254392801992112,-0.5573452243033168,28.128993772385627,0.0011798185940266137,1
000016,1.4025220203911886,3,2834.900998297384,2846.566788581379,1.0002281603641714,0.9996987780991367,0.0091213618529789,9.1213618529789,-6.883076537763095,-0.4229913969745551,5.970224259302107,-0.7546106216052798,-0.0463737108331485,0.6545321143412726,28.137665297567242,0.0009382782073639079,2
000016,1.4025220203911886,4,2869.0592264031256,2875.751831132393,0.9995617499446131,0.9993785220590388,0.010907523760868726,10.907523760868726,0.9336516033087885,8.392421465723103,6.9043197506506635,0.08559702676590164,0.7694158316511145,0.6329869090379842,24.503188789884803,0.003501258611740536,3
000016,1.4025220203911886,5,2877.1583926076537,2884.3827511279114,0.9998516177673572,0.9989068881134726,-0.025472825651391365,-25.472825651391364,-3.0201772724676155,22.02468309664321,12.436105113800338,0.1185646741276482,-0.8646344696133146,-0.4882106635516134,24.648424874504606,0.003708329692425451,4
000016,1.4025220203911886,6,2904.4342455818605,2920.419747695074,0.9994508662558359,1.000115172099316,-0.05499703510041942,-54.997035100419424,-47.8417002568793,2.61865586132942,26.999781996297802,0.869895989293329,-0.04761449151846096,-0.49093159198489034,28.149854264219062,0.0007143761320573302,5
000016,1.4025220203911886,7,2937.7002853231734,2949.15820684722,1.0002688841078347,0.9999976297265908,-0.0023987507607475668,-2.398750760747567,-0.21404140477334255,1.9206368456045455,-1.4210368033713647,0.0892303645196706,-0.8006821204742347,0.5924070256171595,28.13207628590776,0.001246223926997528,6
000016,1.4025220203911886,8,2969.468369204371,2979.433000494655,0.9992972934789313,0.9993883532448683,-0.004994483814854114,-4.994483814854114,-4.081991022130357,0.23366794264962437,-2.8683823253995895,0.8172998799175385,-0.046785203699063284,0.5743100652100869,28.0579231763767,0.0031239019448423113,7
000017,1.480246978928335,1,2762.6782471497686,2772.902259762475,0.9995951267319931,0.9993299981267492,-0.0011790250573478981,-1.1790250573478982,0.9595153689051624,0.05636864498569994,0.6828271512992733,-0.8138210150202394,-0.04780953944481529,-0.5791455805317881,28.057776830812678,0.003214665552417328,0
000017,1.480246978928335,2,2798.5743886005043,2811.2059239306122,0.9997966591950472,1.0001979166093662,-0.022993207563720496,-22.993207563720496,-2.0586685164930882,-18.979496700868506,12.81515442705452,0.08953376821341487,0.8254392801992112,-0.5573452243033168,28.128993772385627,0.0011798185940266137,1
000017,1.480246978928335,3,2834.900998297384,2846.566788581379,0.9999585909667073,1.0000315675692617,-0.013694433848720506,-13.694433848720506,10.333965239115365,0.6350617153242456,-8.963446741709722,-0.7546106216052798,-0.0463737108331485,0.6545321143412726,28.137665297567242,0.0009382782073639079,2
000017,1.480246978928335,4,2869.0592264031256,2875.751831132393,0.9997365978814243,0.9998454146219978,0.007503422871026236,7.5034228710262365,0.6422706883271112,5.773252348540645,4.749568450335815,0.08559702676590164,0.7694158316511145,0.6329869090379842,24.503188789884803,0.003501258611740536,3
000017,1.480246978928335,5,2877.1583926076537,2884.3827511279114,0.9997729026134073,0.9988477021315464,-0.025686482255282545,-25.686482255282545,-3.045509398083193,22.20941796102804,12.540414546158235,0.1185646741276482,-0.8646344696133146,-0.4882106635516134,24.648424874504606,0.003708329692425451,4
000017,1.480246978928335,6,2904.4342455818605,2920.419747695074,0.9994544881859347,1.000132022211717,-0.055654839970839656,-55.65483997083965,-48.413922075395476,2.6499769057528466,27.32271918854862,0.869895989293329,-0.04761449151846096,-0.49093159198489034,28.149854264219062,0.0007143761320573302,5
000017,1.480246978928335,7,2937.7002853231734,2949.15820684722,1.0002694449194045,0.999575183402802,0.00966687418892629,9.66687418892629,0.862578707643688,-7.74009332394715,5.7267241852771145,0.0892303645196706,-0.8006821204742347,0.5924070256171595,28.13207628590776,0.001246223926997528,6
000017,1.480246978928335,8,2969.468369204371,2979.433000494655,0.999298122125269,0.9989913127546913,-0.0004552000142580722,-0.4552000142580722,-0.3720349169915842,0.02129662539088042,-0.2614259498721859,0.8172998799175385,-0.046785203699063284,0.5743100652100869,28.0579231763767,0.0031239019448423113,7
000018,1.580273374915123,1,2762.6782471497686,2772.902259762475,0.9992986439233318,0.9993962574892551,-0.005200718797070868,-5.200718797070867,4.232454250267052,0.24864397046995196,3.0119733069121906,-0.8138210150202394,-0.04780953944481529,-0.5791455805317881,28.057776830812678,0.003214665552417328,0
000018,1.580273374915123,2,2798.5743886005043,2811.2059239306122,0.9999663106974356,0.9998781388155892,-0.008245635452823736,-8.245635452823736,-0.7382628134054366,-6.806271392963922,4.595665540977427,0.08953376821341487,0.8254392801992112,-0.5573452243033168,28.128993772385627,0.0011798185940266137,1
000018,1.580273374915123,3,2834.900998297384,2846.566788581379,1.0004234548468858,1.0000943071197659,0.0015369955303351584,1.5369955303351583,-1.1598331525507506,-0.07127618627560435,1.0060129342033568,-0.7546106216052798,-0.0463737108331485,0.6545321143412726,28.137665297567242,0.0009382782073639079,2
000018,1.580273374915123,4,2869.0592264031256,2875.751831132393,0.9998046457432278,0.9994870861614977,0.012473307225024235,12.473307225024234,1.0676780123997136,9.597160051981877,7.895440185849246,0.08559702676590164,0.7694158316511145,0.6329869090379842,24.503188789884803,0.003501258611740536,3
000018,1.580273374915123,5,2877.1583926076537,2884.3827511279114,0.9998572161431969,0.9989835531281481,-0.02625032183429389,-26.250321834293892,-3.112360854028944,22.69693309637351,12.815687041164026,0.1185646741276482,-0.8646344696133146,-0.4882106635516134,24.648424874504606,0.003708329692425451,4
000018,1.580273374915123,6,2904.4342455818605,2920.419747695074,0.999657690189757,1.0001553422828187,-0.04670975524627721,-46.70975524627721,-40.63262874960958,2.2240612450032535,22.931294504279457,0.869895989293329,-0.04761449151846096,-0.49093159198489034,28.149854264219062,0.0007143761320573302,5
000018,1.580273374915123,7,2937.7002853231734,2949.15820684722,1.000321830377315,0.9999312884786311,0.0010037413636181226,1.0037413636181227,0.08956420775911632,-0.8036777634294583,0.5946234357099238,0.0892303645196706,-0.8006821204742347,0.5924070256171595,28.13207628590776,0.001246223926997528,6
000018,1.580273374915123,8,2969.468369204371,2979.433000494655,0.9992650239809358,0.9994350116504028,-0.005894971239054263,-5.8949712390542635,-4.817959285796393,0.27579743021927317,-3.3855413167128408,0.8172998799175385,-0.046785203699063284,0.5743100652100869,28.0579231763767,0.0031239019448423113,7
000019,1.699389582965523,1,2762.6782471497686,2772.902259762475,0.9993467582391031,0.9991270116403174,-0.0016821717708433888,-1.6821717708433888,1.3689867379861602,0.08042385763109178,0.9742223467792803,-0.8138210150202394,-0.04780953944481529,-0.5791455805317881,28.057776830812678,0.003214665552417328,0
000019,1.699389582965523,2,2798.5743886005043,2811.2059239306122,0.9995782411473246,0.9999591324591097,-0.022379532477064864,-22.379532477064863,-2.003723873526116,-18.47294517906329,12.473125548233078,0.08953376821341487,0.8254392801992112,-0.5573452243033168,28.128993772385627,0.0011798185940266137,1
000019,1.699389582965523,3,2834.900998297384,2846.566788581379,0.9999030616315125,1.000034038879652,-0.01589134826542215,-15.891348265422149,11.991780192716192,0.7369407892095428,-10.401397779900273,-0.7546106216052798,-0.0463737108331485,0.6545321143412726,28.137665297567242,0.0009382782073639079,2
000019,1.699389582965523,4,2869.0592264031256,2875.751831132393,1.0001638721105648,0.9998598102053823,0.012315976979464007,12.315976979464008,1.0542110111594092,9.47610767025028,7.795852200013891,0.08559702676590164,0.7694158316511145,0.6329869090379842,24.503188789884803,0.003501258611740536,3
000019,1.699389582965523,5,2877.1583926076537,2884.3827511279114,0.999503727260374,0.998523002497077,-0.025079025400954698,-25.0790254009547,-2.9734864741032054,21.68418982597331,12.24384763222786,0.1185646741276482,-0.8646344696133146,-0.4882106635516134,24.648424874504606,0.003708329692425451,4
000019,1.699389582965523,6,2904.4342455818605,2920.419747695074,0.9996371014097185,1.000109625068745,-0.04546018021647164,-45.46018021647164,-39.545628442860625,2.1645633653448955,22.317838645592442,0.869895989293329,-0.04761449151846096,-0.49093159198489034,28.149854264219062,0.0007143761320573302,5
000019,1.699389582965523,7,2937.7002853231734,2949.15820684722,1.0003261458358463,0.9999462579595023,0.0006998518378576456,0.6998518378576456,0.062448034601799124,-0.56035885355365,0.4145971456379504,0.0892303645196706,-0.8006821204742347,0.5924070256171595,28.13207628590776,0.001246223926997528,6
000019,1.699389582965523,8,2969.468369204371,2979.433000494655,0.999542197250528,0.9990821706890652,0.0012928529225683246,1.2928529225683245,1.0566485383661304,-0.060486387335288355,0.7424984462672659,0.8172998799175385,-0.046785203699063284,0.5743100652100869,28.0579231763767,0.0031239019448423113,7
000020,1.7784164788899943,1,2762.6782471497686,2772.902259762475,0.9991970919004551,0.9990527678607943,-0.002518375713965466,-2.518375713965466,2.0495070797416957,0.12040238303369681,1.4585061648616862,-0.8138210150202394,-0.04780953944481529,-0.5791455805317881,28.057776830812678,0.003214665552417328,0
000020,1.7784164788899943,2,2798.5743886005043,2811.2059239306122,0.9997069092153819,1.0000370259423863,-0.020849583501144953,-20.849583501144952,-1.8667417765377512,-17.21006519763844,11.620415793076367,0.08953376821341487,0.8254392801992112,-0.5573452243033168,28.128993772385627,0.0011798185940266137,1
000020,1.7784164788899943,3,2834.900998297384,2846.566788581379,1.000596757823502,0.9999255704171374,0.014492573780151608,14.492573780151607,-10.936250108900584,-0.6720744257088206,9.48585495856952,-0.7546106216052798,-0.0463737108331485,0.6545321143412726,28.137665297567242,0.0009382782073639079,2
000020,1.7784164788899943,4,2869.0592264031256,2875.751831132393,0.9993939362746422,0.9993421066430562,0.009375932787169385,9.375932787169384,0.8025519697386327,7.2139911229448845,5.934842714298242,0.08559702676590164,0.7694158316511145,0.6329869090379842,24.503188789884803,0.003501258611740536,3
000020,1.7784164788899943,5,2877.1583926076537,2884.3827511279114,0.9992579383118038,0.9992374019600666,-0.03558385350432925,-35.58385350432925,-4.218987994946771,30.76702630151361,17.37241673107199,0.1185646741276482,-0.8646344696133146,-0.4882106635516134,24.648424874504606,0.003708329692425451,4
000020,1.7784164788899943,6,2904.4342455818605,2920.419747695074,0.9995416061145568,0.9998653598573628,-0.038062219315503604,-38.062219315503604,-33.110171926159666,1.8123132187718471,18.68594592303823,0.869895989293329,-0.04761449151846096,-0.49093159198489034,28.149854264219062,0.0007143761320573302,5
000020,1.7784164788899943,7,2937.7002853231734,2949.15820684722,1.0000697069061206,1.000134854646769,-0.011994101514311942,-11.994101514311943,-1.0702380502079878,9.603462633662515,-7.105390003043806,0.0892303645196706,-0.8006821204742347,0.5924070256171595,28.13207628590776,0.001246223926997528,6
000020,1.7784164788899943,8,2969.468369204371,2979.433000494655,0.9995323152522545,0.999452276556967,-0.0030424236974323417,-3.0424236974323415,-2.4865725225697264,0.14234041242322937,-1.7472945520690817,0.8172998799175385,-0.046785203699063284,0.5743100652100869,28.0579231763767,0.0031239019448423113,7
000021,1.8789943744195623,1,2762.6782471497686,2772.902259762475,1.000018582097049,0.9993201136041804,0.0036253799767416556,3.6253799767416557,-2.950410412505946,-0.1733277470004737,-2.099622791278367,-0.8138210150202394,-0.04780953944481529,-0.5791455805317881,28.057776830812678,0.003214665552417328,0
000021,1.8789943744195623,2,2798.5743886005043,2811.2059239306122,0.999891598886393,0.9997821142312612,-0.007603435111788369,-7.603435111788369,-0.6807641969246,-6.276174005716,4.237738247855403,0.08953376821341487,0.8254392801992112,-0.5573452243033168,28.128993772385627,0.0011798185940266137,1
000021,1.8789943744195623,3,2834.900998297384,2846.566788581379,1.0002932455588707,1.000172403322276,-0.006353077598975829,-6.35307759897583,4.794099836069729,0.29461578347545847,-4.158293313431825,-0.7546106216052798,-0.0463737108331485,0.6545321143412726,28.137665297567242,0.0009382782073639079,2
000021,1.8789943744195623,4,2869.0592264031256,2875.751831132393,0.9994929717002476,0.9994847416842368,0.008867731379274903,8.867731379274904,0.7590514402246197,6.8229729140434845,5.613157875946361,0.08559702676590164,0.7694158316511145,0.6329869090379842,24.503188789884803,0.003501258611740536,3
000021,1.8789943744195623,5,2877.1583926076537,2884.3827511279114,0.9996878831980583,0.9988912017432673,-0.027092529517599634,-27.092529517599633,-3.2122169335478907,23.425134889932828,13.22686181307899,0.1185646741276482,-0.8646344696133146,-0.4882106635516134,24.648424874504606,0.003708329692425451,4
000021,1.8789943744195623,6,2904.4342455818605,2920.419747695074,0.9999714274124268,0.9998907960863365,-0.017953147504241977,-17.953147504241976,-15.617371009131636,0.8548299895704081,8.813767285397073,0.869895989293329,-0.04761449151846096,-0.49093159198489034,28.149854264219062,0.0007143761320573302,5
000021,1.8789943744195623,7,2937.7002853231734,2949.15820684722,1.0001288645142004,0.9998881082189521,-0.0032686615413172913,-3.2686615413172913,-0.29166386082317025,2.6171588540145088,-1.9363780614409767,0.0892303645196706,-0.8006821204742347,0.5924070256171595,28.13207628590776,0.001246223926997528,6
000021,1.8789943744195623,8,2969.468369204371,2979.433000494655,0.9995236216349009,0.9993921722335553,-0.002455879621077521,-2.455879621077521,-2.0071901193985875,0.11489882833249015,-1.4104363853291544,0.8172998799175385,-0.046785203699063284,0.5743100652100869,28.0579231763767,0.0031239019448423113,7
000022,1.9646702284226192,1,2762.6782471497686,2772.902259762475,0.9989967747747662,0.9996881279283126,-0.01178346260897906,-11.78346260897906,9.589629500892377,0.5633619204004904,6.824340293351796,-0.8138210150202394,-0.04780953944481529,-0.5791455805317881,28.057776830812678,0.003214665552417328,0
000022,1.9646702284226192,2,2798.5743886005043,2811.2059239306122,0.9996487926182089,0.9999535106809989,-0.020084266355322084,-20.084266355322086,-1.7982200485938942,-16.578342363666298,11.193869936774545,0.08953376821341487,0.8254392801992112,-0.5573452243033168,28.128993772385627,0.0011798185940266137,1
000022,1.9646702284226192,3,2834.900998297384,2846.566788581379,1.00057305380205,1.0000347136080614,0.009460665029076486,9.460665029076486,-7.139118318390739,-0.43872614434767343,6.192309084555969,-0.7546106216052798,-0.0463737108331485,0.6545321143412726,28.137665297567242,0.0009382782073639079,2
000022,1.9646702284226192,4,2869.0592264031256,2875.751831132393,0.9994797023131273,0.99908851415161,0.01333152919362364,13.33152919362364,1.1411392612170017,10.257489621693043,8.438683457021478,0.08559702676590164,0.7694158316511145,0.6329869090379842,24.503188789884803,0.003501258611740536,3
000022,1.9646702284226192,5,2877.1583926076537,2884.3827511279114,0.9996907488068254,0.9991529568669894,-0.029924879730981797,-29.924879730981797,-3.5480336136129216,25.874082514439674,14.60964539016485,0.1185646741276482,-0.8646344696133146,-0.4882106635516134,24.648424874504606,0.003708329692425451,4
000022,1.9646702284226192,6,2904.4342455818605,2920.419747695074,0.9996293073315996,0.9998763519916564,-0.03424766588060395,-34.24766588060395,-29.79190719219536,1.6306851965991014,16.813261132531505,0.869895989293329,-0.04761449151846096,-0.49093159198489034,28.149854264219062,0.0007143761320573302,5
000022,1.9646702284226192,7,2937.7002853231734,2949.15820684722,1.0002657623521591,0.9999792412425278,-0.001963290922048476,-1.9632909220484762,-0.17518516463254571,1.5719719385735893,-1.1630673355519083,0.0892303645196706,-0.8006821204742347,0.5924070256171595,28.13207628590776,0.001246223926997528,6
000022,1.9646702284226192,8,2969.468369204371,2979.433000494655,0.9994059332126288,0.9995123533326825,-0.005169729895070042,-5.169729895070042,-4.225219622446854,0.24186686620998896,-2.9690279131562116,0.8172998799175385,-0.046785203699063284,0.5743100652100869,28.0579231763767,0.0031239019448423113,7
000023,2.0480931454803795,1,2762.6782471497686,2772.902259762475,0.9993945634991259,0.9990965345014617,-0.0008142610107386846,-0.8142610107386846,0.6626627222507624,0.038929443911286304,0.47157566576865606,-0.8138210150202394,-0.04780953944481529,-0.5791455805317881,28.057776830812678,0.003214665552417328,0
000023,2.0480931454803795,2,2798.5743886005043,2811.2059239306122,0.9998312735715962,1.0001250981170804,-0.019756020920758233,-19.756020920758232,-1.7688309979385426,-16.307395688431235,11.010923911421015,0.08953376821341487,0.8254392801992112,-0.5573452243033168,28.128993772385627,0.0011798185940266137,1
000023,2.0480931454803795,3,2834.900998297384,2846.566788581379,0.9999845151408219,0.9997914766276873,-0.003618469403445752,-3.618469403445752,2.730535445793885,0.16780185377398865,-2.368404429316551,-0.7546106216052798,-0.0463737108331485,0.6545321143412726,28.137665297567242,0.0009382782073639079,2
000023,2.0480931454803795,4,2869.0592264031256,2875.751831132393,0.9997658167216592,0.9994958782740502,0.011918230601375998,11.918230601375997,1.0201651037881692,9.170075309967475,7.544083949566907,0.08559702676590164,0.7694158316511145,0.6329869090379842,24.503188789884803,0.003501258611740536,3
000023,2.0480931454803795,5,2877.1583926076537,2884.3827511279114,0.999589906659765,0.999114288569793,-0.0306050854046642,-30.605085404664198,-3.628681977652853,26.462211786332023,14.941729053464908,0.1185646741276482,-0.8646344696133146,-0.4882106635516134,24.648424874504606,0.003708329692425451,4
000023,2.0480931454803795,6,2904.4342455818605,2920.419747695074,0.9993614747962323,1.0001437817572394,-0.06086493955256911,-60.86493955256911,-52.946166805360775,2.898053148097441,29.88052167060687,0.869895989293329,-0.04761449151846096,-0.49093159198489034,28.149854264219062,0.0007143761320573302,5
000023,2.0480931454803795,7,2937.7002853231734,2949.15820684722,1.0000641862937285,1.0002168890118373,-0.014491471965565836,-14.491471965565836,-1.293079325914027,11.60306250218218,-8.58484980393531,0.0892303645196706,-0.8006821204742347,0.5924070256171595,28.13207628590776,0.001246223926997528,6
000023,2.0480931454803795,8,2969.468369204371,2979.433000494655,0.9995035495181773,0.9991768936642468,-0.00022877174396914623,-0.22877174396914624,-0.18697511887450907,0.01070313264218646,-0.13138591519714565,0.8172998799175385,-0.046785203699063284,0.5743100652100869,28.0579231763767,0.0031239019448423113,7
000024,2.1406761038815603,1,2762.6782471497686,2772.902259762475,0.9992888365300238,0.9992175104343533,-0.0033276981410042417,-3.327698141004242,2.7081506787930354,0.15909571553278082,1.9272216717064536,-0.8138210150202394,-0.04780953944481529,-0.5791455805317881,28.057776830812678,0.003214665552417328,0
000024,2.1406761038815603,2,2798.5743886005043,2811.2059239306122,0.9999520944310365,0.9996844078722511,-0.0028364667253600842,-2.836466725360084,-0.25395955433345363,-2.3413310520902417,1.5808911832747106,0.08953376821341487,0.8254392801992112,-0.5573452243033168,28.128993772385627,0.0011798185940266137,1
000024,2.1406761038815603,3,2834.900998297384,2846.566788581379,0.9998406288450783,0.9999287309531076,-0.014267348868932942,-14.267348868932942,10.766292998644873,0.6616299108035446,-9.338438021227242,-0.7546106216052798,-0.0463737108331485,0.6545321143412726,28.137665297567242,0.0009382782073639079,2
000024,2.1406761038815603,4,2869.0592264031256,2875.751831132393,0.999791497684161,0.9995595681725232,0.011475194704881553,11.475194704881554,0.9822425482976791,8.829196477214905,7.263648026852017,0.08559702676590164,0.7694158316511145,0.6329869090379842,24.503188789884803,0.003501258611740536,3
000024,2.1406761038815603,5,2877.1583926076537,2884.3827511279114,0.9994452122386551,0.9994102341468554,-0.03542585534996205,-35.42585534996205,-4.200254995261454,30.630415651112443,17.295280347288447,0.1185646741276482,-0.8646344696133146,-0.4882106635516134,24.648424874504606,0.003708329692425451,4
000024,2.1406761038815603,6,2904.4342455818605,2920.419747695074,0.9992574266532971,0.9999688659381201,-0.05734086485472414,-57.34086485472414,-49.880588359735334,2.730256123286478,28.15044206892017,0.869895989293329,-0.04761449151846096,-0.49093159198489034,28.149854264219062,0.0007143761320573302,5
000024,2.1406761038815603,7,2937.7002853231734,2949.15820684722,1.0000877028914383,0.9997616746604203,-0.0008364113267699111,-0.836411326769911,-0.07463328757606048,0.6696995947068005,-0.49549594628426513,0.0892303645196706,-0.8006821204742347,0.5924070256171595,28.13207628590776,0.001246223926997528,6
000024,2.1406761038815603,8,2969.468369204371,2979.433000494655,0.9995429278390864,0.9994985865124996,-0.003449694512370028,-3.449694512370028,-2.819434910712215,0.16139466046077255,-1.9811942803541096,0.8172998799175385,-0.046785203699063284,0.5743100652100869,28.0579231763767,0.0031239019448423113,7
000025,2.2206901664612815,1,2762.6782471497686,2772.902259762475,0.9991031421474766,0.9988905032368819,-0.0017609741472246775,-1.7609741472246776,1.4331177679187876,0.08419136295303818,1.0198603947959064,-0.8138210150202394,-0.04780953944481529,-0.5791455805317881,28.057776830812678,0.003214665552417328,0
000025,2.2206901664612815,2,2798.5743886005043,2811.2059239306122,0.9999012618923057,0.9998432824820759,-0.009155400470694386,-9.155400470694385,-0.8197175036441404,-7.557227174465493,5.102718728925854,0.08953376821341487,0.8254392801992112,-0.5573452243033168,28.128993772385627,0.0011798185940266137,1
000025,2.2206901664612815,3,2834.900998297384,2846.566788581379,1.0003667819356932,1.0002752313797703,-0.007462570690094539,-7.462570690094539,5.631335107225582,0.34606709525437357,-4.8844921722087875,-0.7546106216052798,-0.0463737108331485,0.6545321143412726,28.137665297567242,0.0009382782073639079,2
000025,2.2206901664612815,4,2869.0592264031256,2875.751831132393,0.9995451036589473,0.9993918399215932,0.01055825870173991,10.558258701739911,0.903755552694145,8.123691399786829,6.683239540437746,0.08559702676590164,0.7694158316511145,0.6329869090379842,24.503188789884803,0.003501258611740536,3
000025,2.2206901664612815,5,2877.1583926076537,2884.3827511279114,0.9998471834230835,0.9993257190102592,-0.030103509115118002,-30.103509115118,-3.569212748332653,26.028531637249635,14.696854160323804,0.1185646741276482,-0.8646344696133146,-0.4882106635516134,24.648424874504606,0.003708329692425451,4
000025,2.2206901664612815,6,2904.4342455818605,2920.419747695074,0.9993855392992206,0.9999228134473233,-0.04868006229125432,-48.68006229125432,-42.34659094571156,2.31787641308508,23.898580478569112,0.869895989293329,-0.04761449151846096,-0.49093159198489034,28.149854264219062,0.0007143761320573302,5
000025,2.2206901664612815,7,2937.7002853231734,2949.15820684722,1.0000694460755166,0.9998187478103943,-0.002985082211950598,-2.985082211950598,-0.2663599738935365,2.390101955254524,-1.7683836744043453,0.0892303645196706,-0.8006821204742347,0.5924070256171595,28.13207628590776,0.001246223926997528,6
000025,2.2206901664612815,8,2969.468369204371,2979.433000494655,0.9996953082575509,0.9995857359232209,-0.002705474793948823,-2.7054747939488233,-2.2111842242143003,0.12657618933757697,-1.553781405336995,0.8172998799175385,-0.046785203699063284,0.5743100652100869,28.0579231763767,0.0031239019448423113,7
000026,2.3013447914272547,1,2762.6782471497686,2772.902259762475,0.9995814775495694,0.9993353903583416,-0.0013901357073669777,-1.3901357073669778,1.1313216523852723,0.06646174793500773,0.8050909512610162,-0.8138210150202394,-0.04780953944481529,-0.5791455805317881,28.057776830812678,0.003214665552417328,0
000026,2.3013447914272547,2,2798.5743886005043,2811.2059239306122,0.9998391674768277,1.0001690724364452,-0.02084320248792325,-20.84320248792325,-1.8661704603789921,-17.204798058677774,11.616859365831035,0.08953376821341487,0.8254392801992112,-0.5573452243033168,28.128993772385627,0.0011798185940266137,1
000026,2.3013447914272547,3,2834.900998297384,2846.566788581379,1.00019692564554,1.000326935413793,-0.015854702630026047,-15.854702630026047,11.96412700701082,0.7352413951103869,-10.377412034683083,-0.7546106216052798,-0.0463737108331485,0.6545321143412726,28.137665297567242,0.0009382782073639079,2
000026,2.3013447914272547,4,2869.0592264031256,2875.751831132393,0.999561358438726,0.9997631154562623,0.006420101860520116,6.420101860520116,0.5495416307947553,4.9397280122969525,4.0638404323996395,0.08559702676590164,0.7694158316511145,0.6329869090379842,24.503188789884803,0.003501258611740536,3
000026,2.3013447914272547,5,2877.1583926076537,2884.3827511279114,0.9993206350140644,0.9994042537014947,-0.03672334942969279,-36.72334942969279,-4.354091958007281,31.75227375656684,17.92873079290808,0.1185646741276482,-0.8646344696133146,-0.4882106635516134,24.648424874504606,0.003708329692425451,4
000026,2.3013447914272547,6,2904.4342455818605,2920.419747695074,0.9994889528248065,0.9999957690016471,-0.04716546252374403,-47.16546252374403,-41.02904668256975,2.2457595153010983,23.155015603485342,0.869895989293329,-0.04761449151846096,-0.49093159198489034,28.149854264219062,0.0007143761320573302,5
000026,2.3013447914272547,7,2937.7002853231734,2949.15820684722,1.0001910075140008,1.000055938615872,-0.006283231247026319,-6.283231247026319,-0.5606550145335429,5.030870918299002,-3.7222303343156575,0.0892303645196706,-0.8006821204742347,0.5924070256171595,28.13207628590776,0.001246223926997528,6
000026,2.3013447914272547,8,2969.468369204371,2979.433000494655,0.9996006720730178,0.9991266589353686,0.0014524255882584207,1.4524255882584207,1.1870672588727673,-0.06795202700440203,0.8341426343054924,0.8172998799175385,-0.046785203699063284,0.5743100652100869,28.0579231763767,0.0031239019448423113,7
000027,2.373697895440273,1,2762.6782471497686,2772.902259762475,0.9993434174198231,0.998839111114439,0.0014727191725541734,1.4727191725541733,-1.1985298118478045,-0.07041002537136448,-0.8529188001491813,-0.8138210150202394,-0.04780953944481529,-0.5791455805317881,28.057776830812678,0.003214665552417328,0
000027,2.373697895440273,2,2798.5743886005043,2811.2059239306122,0.99989524358691,1.0001501030552313,-0.018581918165226814,-18.581918165226813,-1.663709153966061,-15.338245155025469,10.356543347784216,0.08953376821341487,0.8254392801992112,-0.5573452243033168,28.128993772385627,0.0011798185940266137,1
000027,2.373697895440273,3,2834.900998297384,2846.566788581379,1.0001865015630718,1.000275938253067,-0.01431789938146032,-14.31789938146032,10.804438952325624,0.6639741256539566,-9.371524955072822,-0.7546106216052798,-0.0463737108331485,0.6545321143412726,28.137665297567242,0.0009382782073639079,2
000027,2.373697895440273,4,2869.0592264031256,2875.751831132393,0.9995376152511912,0.9993804892711293,0.010603277382657638,10.603277382657637,0.9076090179296253,8.158329485604979,6.7117357761208245,0.08559702676590164,0.7694158316511145,0.6329869090379842,24.503188789884803,0.003501258611740536,3
000027,2.373697895440273,5,2877.1583926076537,2884.3827511279114,0.9999201812462941,0.9991100900483081,-0.02694582180328268,-26.94582180328268,-3.194822581207889,23.298286343176212,13.15523754252417,0.1185646741276482,-0.8646344696133146,-0.4882106635516134,24.648424874504606,0.003708329692425451,4
000027,2.373697895440273,6,2904.4342455818605,2920.419747695074,0.9996628401801951,0.9998913020802433,-0.03332359107120732,-33.32359107120732,-28.988058221694235,1.586685844424662,16.359603615241284,0.869895989293329,-0.04761449151846096,-0.49093159198489034,28.149854264219062,0.0007143761320573302,5
000027,2.373697895440273,7,2937.7002853231734,2949.15820684722,1.0001668141912419,0.9997031769384682,0.0030886733997265393,3.0886733997265394,0.2756034533398094,-2.473045567145409,1.8297518218348392,0.0892303645196706,-0.8006821204742347,0.5924070256171595,28.13207628590776,0.001246223926997528,6
000027,2.373697895440273,8,2969.468369204371,2979.433000494655,0.9998472269511421,0.999262412991272,0.00271655072700496,2.71655072700496,2.2202365829710557,-0.12709437912176552,1.5601424251727276,0.8172998799175385,-0.046785203699063284,0.5743100652100869,28.0579231763767,0.0031239019448423113,7
000028,2.4650766039267182,1,2762.6782471497686,2772.902259762475,0.9995279529261919,0.9995691261189387,-0.004574968847068413,-4.574968847068413,3.7232057908071905,0.2187271535527184,2.6495729888502813,-0.8138210150202394,-0.04780953944481529,-0.5791455805317881,28.057776830812678,0.003214665552417328,0
000028,2.4650766039267182,2,2798.5743886005043,2811.2059239306122,0.9996400461869115,0.9999239249492257,-0.019456332782657983,-19.456332782657984,-1.741998789645565,-16.06002132743352,10.843894158870489,0.08953376821341487,0.8254392801992112,-0.5573452243033168,28.128993772385627,0.0011798185940266137,1
000028,2.4650766039267182,3,2834.900998297384,2846.566788581379,1.0001401238251357,1.0001041971992977,-0.00956946127181834,-9.56946127181834,7.221217118754489,0.4437714298483172,-6.263519719350182,-0.7546106216052798,-0.0463737108331485,0.6545321143412726,28.137665297567242,0.0009382782073639079,2
000028,2.4650766039267182,4,2869.0592264031256,2875.751831132393,0.9996672502049823,0.9996675606419219,0.008768183019588946,8.768183019588946,0.7505303966160793,6.746378830086209,5.550145067448945,0.08559702676590164,0.7694158316511145,0.6329869090379842,24.503188789884803,0.003501258611740536,3
000028,2.4650766039267182,5,2877.1583926076537,2884.3827511279114,0.9997292787416366,0.9988195879295453,-0.025856163968692378,-25.85616396869238,-3.065627655139051,22.35613061930523,12.623254968054622,0.1185646741276482,-0.8646344696133146,-0.4882106635516134,24.648424874504606,0.003708329692425451,4
000028,2.4650766039267182,6,2904.4342455818605,2920.419747695074,0.9998731648589658,1.0000379091677345,-0.03015507245557752,-30.15507245557752,-26.231776585956624,1.4358184416746715,14.804077727036388,0.869895989293329,-0.04761449151846096,-0.49093159198489034,28.149854264219062,0.0007143761320573302,5
000028,2.4650766039267182,7,2937.7002853231734,2949.15820684722,1.0004853198533052,1.0000308284789405,0.002827801349367146,2.827801349367146,0.2523257451932468,-2.2641699806911886,1.675209386414781,0.0892303645196706,-0.8006821204742347,0.5924070256171595,28.13207628590776,0.001246223926997528,6
000028,2.4650766039267182,8,2969.468369204371,2979.433000494655,0.9991913526126013,0.9991513083353843,-0.0034987194927088862,-3.498719492708886,-2.8595030212561237,0.1636883041522686,-2.0093498200094424,0.8172998799175385,-0.046785203699063284,0.5743100652100869,28.0579231763767,0.0031239019448423113,7
000029,2.5366083123954013,1,2762.6782471497686,2772.902259762475,0.999124135042608,0.9995973312997475,-0.00936477436621472,-9.36477436621472,7.621250180148382,0.4477255494533377,5.423567686870632,-0.8138210150202394,-0.04780953944481529,-0.5791455805317881,28.057776830812678,0.003214665552417328,0
000029,2.5366083123954013,2,2798.5743886005043,2811.2059239306122,0.9995955722748707,1.0001762184863079,-0.02839858325764704,-28.39858325764704,-2.5426321709795343,-23.44130612286954,15.827814755629706,0.08953376821341487,0.8254392801992112,-0.5573452243033168,28.128993772385627,0.0011798185940266137,1
000029,2.5366083123954013,3,2834.900998297384,2846.566788581379,1.0002284541379458,1.0005687131411132,-0.023818399768656077,-23.818399768656075,17.973617455068617,1.104547583379988,-15.58990756080414,-0.7546106216052798,-0.0463737108331485,0.6545321143412726,28.137665297567242,0.0009382782073639079,2
000029,2.5366083123954013,4,2869.0592264031256,2875.751831132393,0.9998774818453019,0.9993722486134071,0.014660849752179721,14.660849752179722,1.25492514864819,11.280289904785397,9.280125968502537,0.08559702676590164,0.7694158316511145,0.6329869090379842,24.503188789884803,0.003501258611740536,3
000029,2.5366083123954013,5,2877.1583926076537,2884.3827511279114,0.9997191924174207,0.9990467792292038,-0.028452071835909466,-28.452071835909464,-3.373410625481043,24.600642041241507,13.89060487042753,0.1185646741276482,-0.8646344696133146,-0.4882106635516134,24.648424874504606,0.003708329692425451,4
000029,2.5366083123954013,6,2904.4342455818605,2920.419747695074,0.9992307683359513,0.9999615743808695,-0.05830392605421502,-58.30392605421502,-50.71835143461648,2.776111792601396,28.623239236765105,0.869895989293329,-0.04761449151846096,-0.49093159198489034,28.149854264219062,0.0007143761320573302,5
000029,2.5366083123954013,7,2937.7002853231734,2949.15820684722,1.0006443927379147,0.9997586265896914,0.015129247912963344,15.129247912963343,1.349988306182185,-12.11371830013188,8.962672755943233,0.0892303645196706,-0.8006821204742347,0.5924070256171595,28.13207628590776,0.001246223926997528,6
000029,2.5366083123954013,8,2969.468369204371,2979.433000494655,0.999616920757846,0.9993881616622353,-0.0013456745856039668,-1.345674585603967,-1.0998196772222055,0.06295765960013415,-0.7728344590097709,0.8172998799175385,-0.046785203699063284,0.5743100652100869,28.0579231763767,0.0031239019448423113,7
000030,2.608341082930565,1,2762.6782471497686,2772.902259762475,0.9995715974013547,0.9994673130887665,-0.0029622929987679473,-2.962292998767947,2.4107762950446796,0.14162586397169633,1.7155988984767143,-0.8138210150202394,-0.04780953944481529,-0.5791455805317881,28.057776830812678,0.003214665552417328,0
000030,2.608341082930565,2,2798.5743886005043,2811.2059239306122,0.9997133181003033,1.0000368630535799,-0.020651561626059814,-20.651561626059813,-1.8490121318726924,-17.046610163604463,11.510049246690077,0.08953376821341487,0.8254392801992112,-0.5573452243033168,28.128993772385627,0.0011798185940266137,1
000030,2.608341082930565,3,2834.900998297384,2846.566788581379,1.000139476733282,1.0002954020964374,-0.016836318325583105,-16.836318325583104,12.704864637212632,0.7807625575254299,-11.019911031366624,-0.7546106216052798,-0.0463737108331485,0.6545321143412726,28.137665297567242,0.0009382782073639079,2
000030,2.608341082930565,4,2869.0592264031256,2875.751831132393,0.9994978237808778,0.9993339254791435,0.010682216230242637,10.682216230242638,0.9143659485792279,8.219066284669173,6.7617030332566745,0.08559702676590164,0.7694158316511145,0.6329869090379842,24.503188789884803,0.003501258611740536,3
000030,2.608341082930565,5,2877.1583926076537,2884.3827511279114,0.999376525048269,0.9991524631063547,-0.03335720578216462,-33.35720578216462,-3.954986233371251,28.841789929244094,16.285343569138302,0.1185646741276482,-0.8646344696133146,-0.4882106635516134,24.648424874504606,0.003708329692425451,4
000030,2.608341082930565,6,2904.4342455818605,2920.419747695074,0.9995575697419916,0.9998357081403333,-0.03579388077364721,-35.79388077364721,-31.136953326239308,1.7043074325096277,17.572346871523983,0.869895989293329,-0.04761449151846096,-0.49093159198489034,28.149854264219062,0.0007143761320573302,5
000030,2.608341082930565,7,2937.7002853231734,2949.15820684722,1.0000242423885988,0.9995047039023427,0.004683169712067281,4.683169712067281,0.4178809405152443,-3.749730255598742,2.7743426395861475,0.0892303645196706,-0.8006821204742347,0.5924070256171595,28.13207628590776,0.001246223926997528,6
000030,2.608341082930565,8,2969.468369204371,2979.433000494655,0.9996107165175215,0.9992419689923288,0.0002514515856773247,0.2514515856773247,0.2055113507791521,-0.0117642136563661,0.1444111765675241,0.8172998799175385,-0.046785203699063284,0.5743100652100869,28.0579231763767,0.0031239019448423113,7
000031,2.681083103409037,1,2762.6782471497686,2772.902259762475,0.999412287404771,0.9992943729003004,-0.002811176140235145,-2.811176140235145,2.2877942198468446,0.13440103656289576,1.6280802377135943,-0.8138210150202394,-0.04780953944481529,-0.5791455805317881,28.057776830812678,0.003214665552417328,0
000031,2.681083103409037,2,2798.5743886005043,2811.2059239306122,0.9999571955812633,0.9998129933797563,-0.0065573197225116744,-6.557319722511674,-0.5871015441366142,-5.412669271786128,3.6546908315718323,0.08953376821341487,0.8254392801992112,-0.5573452243033168,28.128993772385627,0.0011798185940266137,1
000031,2.681083103409037,3,2834.900998297384,2846.566788581379,1.0002489544092206,0.9999220813543662,0.0014508368291165372,1.4508368291165372,-1.0948168814674633,-0.06728068757953237,0.9496192973258346,-0.7546106216052798,-0.0463737108331485,0.6545321143412726,28.137665297567242,0.0009382782073639079,2
000031,2.681083103409037,4,2869.0592264031256,2875.751831132393,0.9997234143032638,0.9994217564659239,0.012287954928210741,12.287954928210741,1.0518124068882477,9.454547060380678,7.778114608406181,0.08559702676590164,0.7694158316511145,0.6329869090379842,24.503188789884803,0.003501258611740536,3
000031,2.681083103409037,5,2877.1583926076537,2884.3827511279114,0.9998598218221642,0.9990566115361857,-0.02702110160979181,-27.02110160979181,-3.203748106935036,23.363375858749823,13.19198994681203,0.1185646741276482,-0.8646344696133146,-0.4882106635516134,24.648424874504606,0.003708329692425451,4
000031,2.681083103409037,6,2904.4342455818605,2920.419747695074,0.999676216375418,0.9996093384811771,-0.018637071738797806,-18.637071738797808,-16.21231395775226,0.8873946942359365,9.149527298664616,0.869895989293329,-0.04761449151846096,-0.49093159198489034,28.149854264219062,0.0007143761320573302,5
000031,2.681083103409037,7,2937.7002853231734,2949.15820684722,0.9997927888397071,1.00004462612278,-0.017319132258795465,-17.319132258795467,-1.5453924846167055,13.867119541746076,-10.259975627703218,0.0892303645196706,-0.8006821204742347,0.5924070256171595,28.13207628590776,0.001246223926997528,6
000031,2.681083103409037,8,2969.468369204371,2979.433000494655,0.9995077049775161,0.9992736692075501,-0.00128547307655613,-1.28547307655613,-1.050616991106554,0.060141119736340114,-0.7382601264227621,0.8172998799175385,-0.046785203699063284,0.5743100652100869,28.0579231763767,0.0031239019448423113,7
000032,2.808311832835898,1,2762.6782471497686,2772.902259762475,0.9991981049374983,0.9995463036832848,-0.007978936851730092,-7.978936851730092,6.493426487457377,0.38146929614048014,4.620966015021701,-0.8138210150202394,-0.04780953944481529,-0.5791455805317881,28.057776830812678,0.003214665552417328,0
000032,2.808311832835898,2,2798.5743886005043,2811.2059239306122,0.9995531496419624,1.0001417525925829,-0.028638337162435138,-28.63833716243514,-2.5640982415190927,-23.63920841346278,15.961440449471425,0.08953376821341487,0.8254392801992112,-0.5573452243033168,28.128993772385627,0.0011798185940266137,1
000032,2.808311832835898,3,2834.900998297384,2846.566788581379,0.9998184914385768,1.0003923256550227,-0.03266562462727216,-32.66562462727216,24.64982730511058,1.5148262306492934,-21.380700353566795,-0.7546106216052798,-0.0463737108331485,0.6545321143412726,28.137665297567242,0.0009382782073639079,2
000032,2.808311832835898,4,2869.0592264031256,2875.751831132393,0.9997383895911072,0.9994760580970109,0.011829563202960405,11.829563202960404,1.012575438112727,9.101853209875202,7.487958647111382,0.08559702676590164,0.7694158316511145,0.6329869090379842,24.503188789884803,0.003501258611740536,3
000032,2.808311832835898,5,2877.1583926076537,2884.3827511279114,0.9996271735003663,0.9991040610490517,-0.0300854789443303,-30.0854789443303,-3.567075007008744,26.01294213009357,14.688051638679589,0.1185646741276482,-0.8646344696133146,-0.4882106635516134,24.648424874504606,0.003708329692425451,4
000032,2.808311832835898,6,2904.4342455818605,2920.419747695074,0.9993012963105251,1.0000976724488493,-0.06156456503025093,-61.564565030250925,-53.554768202403615,2.9313654594706207,30.2239899201584,0.869895989293329,-0.04761449151846096,-0.49093159198489034,28.149854264219062,0.0007143761320573302,5
000032,2.808311832835898,7,2937.7002853231734,2949.15820684722,1.0002418402636695,1.0001567663640107,-0.0077092613313356545,-7.709261331335655,-0.6879001987724815,6.172667710063854,-4.567020575001938,0.0892303645196706,-0.8006821204742347,0.5924070256171595,28.13207628590776,0.001246223926997528,6
000032,2.808311832835898,8,2969.468369204371,2979.433000494655,0.9995554220216372,0.9994870676484683,-0.0031757299764229945,-3.1757299764229945,-2.5955237283810404,0.14857717384017124,-1.8238536898491176,0.8172998799175385,-0.046785203699063284,0.5743100652100869,28.0579231763767,0.0031239019448423113,7
000033,2.880210457951762,1,2762.6782471497686,2772.902259762475,0.9994025826442609,0.9996532428550385,-0.006897534834521997,-6.897534834521997,5.61335880016815,0.32976796374306694,3.9946768159774733,-0.8138210150202394,-0.04780953944481529,-0.5791455805317881,28.057776830812678,0.003214665552417328,0
000033,2.880210457951762,2,2798.5743886005043,2811.2059239306122,0.9999148254440691,0.9997434166852384,-0.00573752681439611,-5.7375268143961105,-0.5137023959183938,-4.735980003798799,3.197783169315895,0.08953376821341487,0.8254392801992112,-0.5573452243033168,28.128993772385627,0.0011798185940266137,1
000033,2.880210457951762,3,2834.900998297384,2846.566788581379,0.9999956037757062,1.000202777848953,-0.01877748689192976,-18.777486891929758,14.16969105570411,0.870781747299587,-12.290468197390314,-0.7546106216052798,-0.0463737108331485,0.6545321143412726,28.137665297567242,0.0009382782073639079,2
000033,2.880210457951762,4,2869.0592264031256,2875.751831132393,0.9998064856785323,0.9994626964990605,0.012779041996419944,12.779041996419945,1.0938479998101391,9.83239722537997,8.088966293780452,0.08559702676590164,0.7694158316511145,0.6329869090379842,24.503188789884803,0.003501258611740536,3
000033,2.880210457951762,5,2877.1583926076537,2884.3827511279114,0.9997662173449556,0.9988830851869112,-0.026146725791831114,-26.146725791831113,-3.1000780230134306,22.607360387144666,12.765110348531953,0.1185646741276482,-0.8646344696133146,-0.4882106635516134,24.648424874504606,0.003708329692425451,4
000033,2.880210457951762,6,2904.4342455818605,2920.419747695074,0.999270858388244,1.0000139154041108,-0.05891313661491398,-58.91313661491398,-51.24830125800364,2.8051190436767532,28.922319947183052,0.869895989293329,-0.04761449151846096,-0.49093159198489034,28.149854264219062,0.0007143761320573302,5
000033,2.880210457951762,7,2937.7002853231734,2949.15820684722,1.0001684642092121,1.000008113322812,-0.005562101594673116,-5.562101594673116,-0.49630835278812335,4.4534752991159925,-3.295028061880761,0.0892303645196706,-0.8006821204742347,0.5924070256171595,28.13207628590776,0.001246223926997528,6
000033,2.880210457951762,8,2969.468369204371,2979.433000494655,0.9993884166284097,0.9990064527401383,0.0004022369000423313,0.4022369000423313,0.3287481701030003,-0.01881873530376023,0.23100870029321446,0.8172998799175385,-0.046785203699063284,0.5743100652100869,28.0579231763767,0.0031239019448423113,7
000034,2.953862728900276,1,2762.6782471497686,2772.902259762475,0.9995659102417037,0.9991717928452363,0.00025106346114049823,0.2510634611404982,-0.2043207207798547,-0.0120032284485485,-0.14540229395253387,-0.8138210150202394,-0.04780953944481529,-0.5791455805317881,28.057776830812678,0.003214665552417328,0
000034,2.953862728900276,2,2798.5743886005043,2811.2059239306122,0.999844237375575,0.9997216944556163,-0.0072099611132218295,-7.209961113221829,-0.6455349871389379,-5.95138511156213,4.0184373938668125,0.08953376821341487,0.8254392801992112,-0.5573452243033168,28.128993772385627,0.0011798185940266137,1
000034,2.953862728900276,3,2834.900998297384,2846.566788581379,1.0001212790934384,1.0002642378886917,-0.016345178275815594,-16.345178275815595,12.334245138962322,0.7579865708789332,-10.698444096154617,-0.7546106216052798,-0.0463737108331485,0.6545321143412726,28.137665297567242,0.0009382782073639079,2
000034,2.953862728900276,4,2869.0592264031256,2875.751831132393,0.9999525656421991,0.9993042364185796,0.016328790707602982,16.328790707602984,1.3976959352534986,12.563630082147338,10.33591075833377,0.08559702676590164,0.7694158316511145,0.6329869090379842,24.503188789884803,0.003501258611740536,3
000034,2.953862728900276,5,2877.1583926076537,2884.3827511279114,0.9998195060935047,0.999099264826197,-0.02792881437590024,-27.92881437590024,-3.3113707752501886,24.148215604835222,13.635144998668096,0.1185646741276482,-0.8646344696133146,-0.4882106635516134,24.648424874504606,0.003708329692425451,4
000034,2.953862728900276,6,2904.4342455818605,2920.419747695074,0.9994580559856476,1.0002562854130945,-0.06165672452604426,-61.65672452604426,-53.63493737816953,2.935753587001418,30.26923392814474,0.869895989293329,-0.04761449151846096,-0.49093159198489034,28.149854264219062,0.0007143761320573302,5
000034,2.953862728900276,7,2937.7002853231734,2949.15820684722,1.00001932990012,0.9998332219464151,-0.004827421046930179,-4.827421046930179,-0.43075253970750976,3.8652297202780055,-2.8597981438135816,0.0892303645196706,-0.8006821204742347,0.5924070256171595,28.13207628590776,0.001246223926997528,6
000034,2.953862728900276,8,2969.468369204371,2979.433000494655,0.9993934235468458,0.9994975735196975,-0.005143829815186309,-5.143829815186309,-4.204051490268024,0.24065512569680653,-2.9541532365892382,0.8172998799175385,-0.046785203699063284,0.5743100652100869,28.0579231763767,0.0031239019448423113,7
000035,3.034058374352753,1,2762.6782471497686,2772.902259762475,0.9991982552496315,0.9993429934009909,-0.005723185345764487,-5.723185345764487,4.657648507239014,0.27362285553831606,3.3145574995637963,-0.8138210150202394,-0.04780953944481529,-0.5791455805317881,28.057776830812678,0.003214665552417328,0
000035,3.034058374352753,2,2798.5743886005043,2811.2059239306122,1.000427221836348,0.9998338521945322,0.00697707486260682,6.97707486260682,0.6246838035562824,5.759151652486183,-3.888639354280631,0.08953376821341487,0.8254392801992112,-0.5573452243033168,28.128993772385627,0.0011798185940266137,1
000035,3.034058374352753,3,2834.900998297384,2846.566788581379,1.0002626616907804,1.000508225338164,-0.020231584652765432,-20.23158465276543,15.266968670883163,0.9382136563837092,-13.242221879248998,-0.7546106216052798,-0.0463737108331485,0.6545321143412726,28.137665297567242,0.0009382782073639079,2
000035,3.034058374352753,4,2869.0592264031256,2875.751831132393,0.9994772441228122,0.9995099888970229,0.008390125193898956,8.390125193898957,0.7181697707914346,6.455495153720734,5.310839412927817,0.08559702676590164,0.7694158316511145,0.6329869090379842,24.503188789884803,0.003501258611740536,3
000035,3.034058374352753,5,2877.1583926076537,2884.3827511279114,0.9996609758120213,0.9994399789896872,-0.03339073936153102,-33.390739361531026,-3.958962131281162,28.8707842178538,16.301715020172036,0.1185646741276482,-0.8646344696133146,-0.4882106635516134,24.648424874504606,0.003708329692425451,4
000035,3.034058374352753,6,2904.4342455818605,2920.419747695074,0.9992414176713884,0.9997853887542207,-0.04901308433324388,-49.01308433324388,-42.63628548438455,2.3337330882788523,24.062071519809106,0.869895989293329,-0.04761449151846096,-0.49093159198489034,28.149854264219062,0.0007143761320573302,5
000035,3.034058374352753,7,2937.7002853231734,2949.15820684722,1.0003003635050627,1.000005720833174,-0.001731635907249358,-1.731635907249358,-0.15451450321921073,1.386489910105741,-1.0258332772654637,0.0892303645196706,-0.8006821204742347,0.5924070256171595,28.13207628590776,0.001246223926997528,6
000035,3.034058374352753,8,2969.468369204371,2979.433000494655,0.9994730666713332,0.9990391127962746,0.0009953899826960974,0.9953899826960975,0.8135321133286412,-0.046569523100443995,0.5716624858716629,0.8172998799175385,-0.046785203699063284,0.5743100652100869,28.0579231763767,0.0031239019448423113,7
000036,3.111441041342914,1,2762.6782471497686,2772.902259762475,0.999387053071094,0.9994431666159569,-0.004740611348411332,-4.740611348411332,3.8580091393805764,0.22664644525441058,2.7455041114512637,-0.8138210150202394,-0.04780953944481529,-0.5791455805317881,28.057776830812678,0.003214665552417328,0
000036,3.111441041342914,2,2798.5743886005043,2811.2059239306122,0.9999928488248379,0.9998103304012228,-0.005402768384897224,-5.402768384897224,-0.48373021228415386,-4.459657246712619,3.011207157339412,0.08953376821341487,0.8254392801992112,-0.5573452243033168,28.128993772385627,0.0011798185940266137,1
000036,3.111441041342914,3,2834.900998297384,2846.566788581379,0.9997281540377072,1.0002963508954352,-0.03245209606195343,-32.452096061953426,24.48869638170493,1.5049241187065856,-21.24093905023646,-0.7546106216052798,-0.0463737108331485,0.6545321143412726,28.137665297567242,0.0009382782073639079,2
000036,3.111441041342914,4,2869.0592264031256,2875.751831132393,0.9994439999963068,0.9995820222687444,0.007163000318767613,7.1630003187676135,0.6131315300097133,5.511325847381781,4.534085431214806,0.08559702676590164,0.7694158316511145,0.6329869090379842,24.503188789884803,0.003501258611740536,3
000036,3.111441041342914,5,2877.1583926076537,2884.3827511279114,0.999490744995185,0.9995006791406675,-0.0359172123864652,-35.917212386465195,-4.2585125821747765,31.055259881760108,17.535166092120402,0.1185646741276482,-0.8646344696133146,-0.4882106635516134,24.648424874504606,0.003708329692425451,4
000036,3.111441041342914,6,2904.4342455818605,2920.419747695074,0.9992682836892381,1.0000852456262548,-0.06258824601166958,-62.58824601166958,-54.44526418245557,2.9801075088779894,30.726547254050914,0.869895989293329,-0.04761449151846096,-0.49093159198489034,28.149854264219062,0.0007143761320573302,5
000036,3.111441041342914,7,2937.7002853231734,2949.15820684722,1.00001273919283,1.0001368395327745,-0.013675633321839674,-13.675633321839674,-1.2202817463451079,10.949835086958691,-8.101541259621957,0.0892303645196706,-0.8006821204742347,0.5924070256171595,28.13207628590776,0.001246223926997528,6
000036,3.111441041342914,8,2969.468369204371,2979.433000494655,0.9992940628818537,0.9990722930696271,-0.0014254152287735172,-1.4254152287735173,-1.1649916953092263,0.06668834183391589,-0.8186303129883696,0.8172998799175385,-0.046785203699063284,0.5743100652100869,28.0579231763767,0.0031239019448423113,7
000037,3.183670582948253,1,2762.6782471497686,2772.902259762475,0.9990488346831609,0.9995632875359786,-0.00982218297692974,-9.82218297692974,7.993498919999477,0.46959404446971564,5.688473862263422,-0.8138210150202394,-0.04780953944481529,-0.5791455805317881,28.057776830812678,0.003214665552417328,0
000037,3.183670582948253,2,2798.5743886005043,2811.2059239306122,0.9996599498877898,0.9999315721711667,-0.019087018341593584,-19.087018341593584,-1.7089326760814383,-15.75517468103415,10.638058518876997,0.08953376821341487,0.8254392801992112,-0.5573452243033168,28.128993772385627,0.0011798185940266137,1
000037,3.183670582948253,3,2834.900998297384,2846.566788581379,1.0000624925954285,1.0002555198405634,-0.018241641638548883,-18.241641638548884,13.765336535966126,0.8459326144679871,-11.939740270735195,-0.7546106216052798,-0.0463737108331485,0.6545321143412726,28.137665297567242,0.0009382782073639079,2
000037,3.183670582948253,4,2869.0592264031256,2875.751831132393,0.9994620239586861,0.9991183236064022,0.012778006617980993,12.778006617980992,1.0937593744941874,9.83160058881729,8.088310912782694,0.08559702676590164,0.7694158316511145,0.6329869090379842,24.503188789884803,0.003501258611740536,3
000037,3.183670582948253,5,2877.1583926076537,2884.3827511279114,0.9996755802809516,0.9987728215163546,-0.02593200321696487,-25.93200321696487,-3.0746195108965644,22.42170384751119,12.660280497776993,0.1185646741276482,-0.8646344696133146,-0.4882106635516134,24.648424874504606,0.003708329692425451,4
000037,3.183670582948253,6,2904.4342455818605,2920.419747695074,0.9994384849558977,1.0002640956411324,-0.063018326923086,-63.01832692308599,-54.819389842368324,3.000585592786878,30.937687560574883,0.869895989293329,-0.04761449151846096,-0.49093159198489034,28.149854264219062,0.0007143761320573302,5
000037,3.183670582948253,7,2937.7002853231734,2949.15820684722,1.0002710549849925,0.9999143155782684,3.95775085459415e-05,0.0395775085459415,0.0035315155143347387,-0.03168900346565159,0.023445994119038915,0.0892303645196706,-0.8006821204742347,0.5924070256171595,28.13207628590776,0.001246223926997528,6
000037,3.183670582948253,8,2969.468369204371,2979.433000494655,0.9994626289690255,0.9992167060013746,-0.0011498521928692705,-1.1498521928692704,-0.9397740591549731,0.053796069067203425,-0.6603716878687121,0.8172998799175385,-0.046785203699063284,0.5743100652100869,28.0579231763767,0.0031239019448423113,7
000038,3.2562544578686357,1,2762.6782471497686,2772.902259762475,0.9992427893682185,0.9994052889782976,-0.005920105232722816,-5.920105232722816,4.817906049521112,0.2830375046413188,3.428602781814532,-0.8138210150202394,-0.04780953944481529,-0.5791455805317881,28.057776830812678,0.003214665552417328,0
000038,3.2562544578686357,2,2798.5743886005043,2811.2059239306122,0.9999621632804722,0.9997402906404116,-0.004216940014087855,-4.216940014087855,-0.37755852979121646,-3.4808279298719307,2.3502913780254273,0.08953376821341487,0.8254392801992112,-0.5573452243033168,28.128993772385627,0.0011798185940266137,1
000038,3.2562544578686357,3,2834.900998297384,2846.566788581379,1.0004474108293766,1.0000506609590738,0.004097589838561091,4.097589838561091,-3.092084815160063,-0.19002044628627965,2.6820041407367046,-0.7546106216052798,-0.0463737108331485,0.6545321143412726,28.137665297567242,0.0009382782073639079,2
000038,3.2562544578686357,4,2869.0592264031256,2875.751831132393,0.9996188673782678,0.9994937848274396,0.010229776019503731,10.229776019503731,0.8756384117506396,7.8709516236510915,6.47531430273656,0.08559702676590164,0.7694158316511145,0.6329869090379842,24.503188789884803,0.003501258611740536,3
000038,3.2562544578686357,5,2877.1583926076537,2884.3827511279114,0.9997148928188596,0.9990649122090716,-0.028697492815243555,-28.697492815243553,-3.402508883919878,24.81284147954002,14.010422009597715,0.1185646741276482,-0.8646344696133146,-0.4882106635516134,24.648424874504606,0.003708329692425451,4
000038,3.2562544578686357,6,2904.4342455818605,2920.419747695074,0.9990519070105911,1.000014895360316,-0.069849779251526,-69.849779251526,-60.762042823926855,3.3258617217381548,34.29146332774482,0.869895989293329,-0.04761449151846096,-0.49093159198489034,28.149854264219062,0.0007143761320573302,5
000038,3.2562544578686357,7,2937.7002853231734,2949.15820684722,1.000425051100935,0.9998193208335989,0.00714165709283763,7.14165709283763,0.6372526656683928,-5.718197144793092,4.23076783634563,0.0892303645196706,-0.8006821204742347,0.5924070256171595,28.13207628590776,0.001246223926997528,6
000038,3.2562544578686357,8,2969.468369204371,2979.433000494655,0.9993145033610429,0.9990344555254603,-0.0007605220187409409,-0.7605220187409409,-0.621574554591615,0.03558117756441774,-0.4367754501768167,0.8172998799175385,-0.046785203699063284,0.5743100652100869,28.0579231763767,0.0031239019448423113,7
000039,3.347014582948759,1,2762.6782471497686,2772.902259762475,0.999392786742407,0.9996411108480424,-0.006871634621719146,-6.871634621719147,5.5922806626956945,0.32852968649743985,3.9796768221978693,-0.8138210150202394,-0.04780953944481529,-0.5791455805317881,28.057776830812678,0.003214665552417328,0
000039,3.347014582948759,2,2798.5743886005043,2811.2059239306122,0.999604909255076,1.00009026519207,-0.025527279466012045,-25.527279466012043,-2.2855535228289874,-21.071219187869087,14.227507299837937,0.08953376821341487,0.8254392801992112,-0.5573452243033168,28.128993772385627,0.0011798185940266137,1
000039,3.347014582948759,3,2834.900998297384,2846.566788581379,1.0001043863795218,1.0003735466584065,-0.021125364013446734,-21.125364013446735,15.94142406982485,0.9796615220045803,-13.827229173950323,-0.7546106216052798,-0.0463737108331485,0.6545321143412726,28.137665297567242,0.0009382782073639079,2
000039,3.347014582948759,4,2869.0592264031256,2875.751831132393,0.9996303269631124,0.9993037975240542,0.01257786076437601,12.57786076437601,1.0766274845060773,9.67760520041429,7.961621207552507,0.08559702676590164,0.7694158316511145,0.6329869090379842,24.503188789884803,0.003501258611740536,3
000039,3.347014582948759,5,2877.1583926076537,2884.3827511279114,0.9998599293787366,0.9987719869794326,-0.023906023495969316,-23.906023495969315,-2.8344098854875033,20.669971946000867,11.67117559384764,0.1185646741276482,-0.8646344696133146,-0.4882106635516134,24.648424874504606,0.003708329692425451,4
000039,3.347014582948759,6,2904.4342455818605,2920.419747695074,0.9997227053758407,0.9997598817295851,-0.02381143277718642,-23.81143277718642,-20.71346987220218,1.133769264011746,11.689784600745329,0.869895989293329,-0.04761449151846096,-0.49093159198489034,28.149854264219062,0.0007143761320573302,5
000039,3.347014582948759,7,2937.7002853231734,2949.15820684722,1.0001936361884296,1.0000143037236908,-0.005020681400913821,-5.020681400913821,-0.4479972315406707,4.019969830309229,-2.9742869352867505,0.0892303645196706,-0.8006821204742347,0.5924070256171595,28.13207628590776,0.001246223926997528,6
000039,3.347014582948759,8,2969.468369204371,2979.433000494655,0.9997105455967636,0.9992902922893458,0.0008390803847821619,0.839080384782162,0.6857802977236229,-0.03925654672192185,0.4818923105007482,0.8172998799175385,-0.046785203699063284,0.5743100652100869,28.0579231763767,0.0031239019448423113,7
000040,3.4216680829413235,1,2762.6782471497686,2772.902259762475,0.9997397377135291,0.9991070117845269,0.002896497374852855,2.896497374852855,-2.357230433606209,-0.1384802054948315,-1.677493653667957,-0.8138210150202394,-0.04780953944481529,-0.5791455805317881,28.057776830812678,0.003214665552417328,0
000040,3.4216680829413235,2,2798.5743886005043,2811.2059239306122,1.0000637686940248,1.000128997219273,-0.012867924276141574,-12.867924276141574,-1.1521137495278342,-10.621690152156258,7.171876142004221,0.08953376821341487,0.8254392801992112,-0.5573452243033168,28.128993772385627,0.0011798185940266137,1
000040,3.4216680829413235,3,2834.900998297384,2846.566788581379,0.9999935758827067,1.000427320130994,-0.027359379022958312,-27.35937902295831,20.64567801124902,1.2687559313851777,-17.907592198961165,-0.7546106216052798,-0.0463737108331485,0.6545321143412726,28.137665297567242,0.0009382782073639079,2
000040,3.4216680829413235,4,2869.0592264031256,2875.751831132393,0.999433816289795,0.9993315472373727,0.009963859637995792,9.963859637995792,0.8528767601252129,7.666351349823504,6.306992714343284,0.08559702676590164,0.7694158316511145,0.6329869090379842,24.503188789884803,0.003501258611740536,3
000040,3.4216680829413235,5,2877.1583926076537,2884.3827511279114,0.9993209479988971,0.9990335979814389,-0.032664810053806226,-32.66481005380623,-3.872892559471062,28.24312071589241,15.947308591156153,0.1185646741276482,-0.8646344696133146,-0.4882106635516134,24.648424874504606,0.003708329692425451,4
000040,3.4216680829413235,6,2904.4342455818605,2920.419747695074,0.9994676898496196,0.9999294997612959,-0.044927411992807025,-44.92741199280702,-39.08217550187184,2.139195877277911,22.05628589338981,0.869895989293329,-0.04761449151846096,-0.49093159198489034,28.149854264219062,0.0007143761320573302,5
000040,3.4216680829413235,7,2937.7002853231734,2949.15820684722,1.0002447688722846,0.9997995154197482,0.0025643039026872158,2.564303902687216,0.2288137719759942,-2.053192286343956,1.5191116477694075,0.0892303645196706,-0.8006821204742347,0.5924070256171595,28.13207628590776,0.001246223926997528,6
000040,3.4216680829413235,8,2969.468369204371,2979.433000494655,0.9991147305242575,0.9996768231140958,-0.010368491172684954,-10.368491172684953,-8.47416659036147,0.4850919715660051,-5.954728841514906,0.8172998799175385,-0.046785203699063284,0.5743100652100869,28.0579231763767,0.0031239019448423113,7
000041,3.4956623120233417,1,2762.6782471497686,2772.902259762475,0.9993692670889696,0.9990612024048415,-0.0007029961492652868,-0.7029961492652868,0.5721130397503954,0.033609922127851986,0.4071371129778561,-0.8138210150202394,-0.04780953944481529,-0.5791455805317881,28.057776830812678,0.003214665552417328,0
000041,3.4956623120233417,2,2798.5743886005043,2811.2059239306122,0.9999180567578912,0.9999199228035275,-0.010958674575469991,-10.95867457546999,-0.9811714293663728,-9.045720453513345,6.107764939332378,0.08953376821341487,0.8254392801992112,-0.5573452243033168,28.128993772385627,0.0011798185940266137,1
000041,3.4956623120233417,3,2834.900998297384,2846.566788581379,0.9999862888862017,1.0004483243803521,-0.028430978231492383,-28.430978231492382,21.45431815611265,1.3184499632107676,-18.608988294649407,-0.7546106216052798,-0.0463737108331485,0.6545321143412726,28.137665297567242,0.0009382782073639079,2
000041,3.4956623120233417,4,2869.0592264031256,2875.751831132393,0.9994299620324908,0.9995734373969826,0.007099438541380756,7.0994385413807555,0.6076908308494422,5.46242040957245,4.49385165821374,0.08559702676590164,0.7694158316511145,0.6329869090379842,24.503188789884803,0.003501258611740536,3
000041,3.4956623120233417,5,2877.1583926076537,2884.3827511279114,0.9993382585591666,0.9990489963538994,-0.0326438899885443,-32.643889988544295,-3.870412178750552,28.22503250636039,15.93709519221308,0.1185646741276482,-0.8646344696133146,-0.4882106635516134,24.648424874504606,0.003708329692425451,4
000041,3.4956623120233417,6,2904.4342455818605,2920.419747695074,0.9994705508308755,0.9998213781746897,-0.039408522699920456,-39.408522699920454,-34.28131584063592,1.8764167698504388,19.346888786844637,0.869895989293329,-0.04761449151846096,-0.49093159198489034,28.149854264219062,0.0007143761320573302,5
000041,3.4956623120233417,7,2937.7002853231734,2949.15820684722,1.0001120977857467,1.0003021626118513,-0.015557168368122484,-15.557168368122484,-1.3881718043814582,12.456346557563,-9.2161758399848,0.0892303645196706,-0.8006821204742347,0.5924070256171595,28.13207628590776,0.001246223926997528,6
000041,3.4956623120233417,8,2969.468369204371,2979.433000494655,0.9996475805403854,0.9991708663798242,0.001483241523508829,1.483241523508829,1.2122531190524728,-0.06939375681226953,0.8518405360886641,0.8172998799175385,-0.046785203699063284,0.5743100652100869,28.0579231763767,0.0031239019448423113,7
000042,3.5703661454608664,1,2762.6782471497686,2772.902259762475,0.9993391160323093,0.9990256946126063,-0.000643606445945125,-0.6436064459451251,0.5237804511126305,0.030770527764350835,0.37274182877089035,-0.8138210150202394,-0.04780953944481529,-0.5791455805317881,28.057776830812678,0.003214665552417328,0
000042,3.5703661454608664,2,2798.5743886005043,2811.2059239306122,0.9993667318449989,1.0001122890684109,-0.03336771170997746,-33.36771170997746,-2.9875369660531708,-27.543019935778585,18.597334767485798,0.08953376821341487,0.8254392801992112,-0.5573452243033168,28.128993772385627,0.0011798185940266137,1
000042,3.5703661454608664,3,2834.900998297384,2846.566788581379,1.0000039487983774,1.0000334377148388,-0.012047232794952623,-12.047232794952622,9.090969828022711,0.5586748899727563,-7.885300753241859,-0.7546106216052798,-0.0463737108331485,0.6545321143412726,28.137665297567242,0.0009382782073639079,2
000042,3.5703661454608664,4,2869.0592264031256,2875.751831132393,0.9996763420208055,0.9993353805376174,0.012746082090386242,12.746082090386242,1.0910267298511707,9.807037351867907,8.068103104737997,0.08559702676590164,0.7694158316511145,0.6329869090379842,24.503188789884803,0.003501258611740536,3
000042,3.5703661454608664,5,2877.1583926076537,2884.3827511279114,0.999637611514464,0.9985621847870773,-0.024042949728890414,-24.042949728890413,-2.85064449967332,20.788363086778748,11.738024440879673,0.1185646741276482,-0.8646344696133146,-0.4882106635516134,24.648424874504606,0.003708329692425451,4
000042,3.5703661454608664,6,2904.4342455818605,2920.419747695074,0.9990593542871836,0.9999333713822502,-0.06542545825979064,-65.42545825979064,-56.91334373786998,3.1151999274022226,32.11942437982001,0.869895989293329,-0.04761449151846096,-0.49093159198489034,28.149854264219062,0.0007143761320573302,5
000042,3.5703661454608664,7,2937.7002853231734,2949.15820684722,1.000025121706952,1.000463265483846,-0.02263323713371075,-22.63323713371075,-2.019571999701155,18.122028301415714,-13.408088690469432,0.0892303645196706,-0.8006821204742347,0.5924070256171595,28.13207628590776,0.001246223926997528,6
000042,3.5703661454608664,8,2969.468369204371,2979.433000494655,0.9995728026789272,0.999102848545182,0.0014061164655407442,1.406116465540744,1.149218818436524,-0.06578544526493062,0.8075468390176817,0.8172998799175385,-0.046785203699063284,0.5743100652100869,28.0579231763767,0.0031239019448423113,7
000043,3.659912187489681,1,2762.6782471497686,2772.902259762475,0.9994012246745638,0.9993645217978347,-0.0037115630288879387,-3.7115630288879387,3.0205479914811764,0.177448119031536,2.149535325045627,-0.8138210150202394,-0.04780953944481529,-0.5791455805317881,28.057776830812678,0.003214665552417328,0
000043,3.659912187489681,2,2798.5743886005043,2811.2059239306122,0.999723249794224,1.000149499048973,-0.02374626622165873,-23.746266221658733,-2.1260926958240356,-19.601100897424825,13.23486807367666,0.08953376821341487,0.8254392801992112,-0.5573452243033168,28.128993772385627,0.0011798185940266137,1
000043,3.659912187489681,3,2834.900998297384,2846.566788581379,0.999786948233956,1.000030655693384,-0.020161277054655195,-20.161277054655194,15.213913810569622,0.9349532321595719,-13.196203298403649,-0.7546106216052798,-0.0463737108331485,0.6545321143412726,28.137665297567242,0.0009382782073639079,2
000043,3.659912187489681,4,2869.0592264031256,2875.751831132393,0.9997223333959633,0.9999140194435086,0.0065374900773839005,6.5374900773839,0.5595897131356461,5.030048364801242,4.1381456369497265,0.08559702676590164,0.7694158316511145,0.6329869090379842,24.503188789884803,0.003501258611740536,3
000043,3.659912187489681,5,2877.1583926076537,2884.3827511279114,0.999733014076864,0.9992970010659217,-0.0310383801020574,-31.038380102057403,-3.680055422250516,26.83685331719886,15.153268145192639,0.1185646741276482,-0.8646344696133146,-0.4882106635516134,24.648424874504606,0.003708329692425451,4
000043,3.659912187489681,6,2904.4342455818605,2920.419747695074,0.9991981972108492,0.9998094845692179,-0.052360556638592674,-52.360556638592676,-45.54823821707796,2.4931212799701656,25.70545142779932,0.869895989293329,-0.04761449151846096,-0.49093159198489034,28.149854264219062,0.0007143761320573302,5
000043,3.659912187489681,7,2937.7002853231734,2949.15820684722,1.0003522656588495,0.9996985571208039,0.00851016313381697,8.51016313381697,0.7593649585523506,-6.813935463566231,5.041480429621317,0.0892303645196706,-0.8006821204742347,0.5924070256171595,28.13207628590776,0.001246223926997528,6
000043,3.659912187489681,8,2969.468369204371,2979.433000494655,0.999666530821889,0.9991955959732369,0.0014173054291510433,1.4173054291510432,1.158363557051623,-0.06630892320661987,0.8139727734383458,0.8172998799175385,-0.046785203699063284,0.5743100652100869,28.0579231763767,0.0031239019448423113,7
000044,3.769881436950527,1,2762.6782471497686,2772.902259762475,0.9993600368407397,0.9992650546065092,-0.0030654244052354773,-3.0654244052354773,2.49470680093655,0.14655652901720498,1.7753269967464118,-0.8138210150202394,-0.04780953944481529,-0.5791455805317881,28.057776830812678,0.003214665552417328,0
000044,3.769881436950527,2,2798.5743886005043,2811.2059239306122,1.0002488174643591,0.999638076911518,0.007500498296773071,7.500498296773071,0.6715478759883932,6.191205915223773,-4.180366905601632,0.08953376821341487,0.8254392801992112,-0.5573452243033168,28.128993772385627,0.0011798185940266137,1
000044,3.769881436950527,3,2834.900998297384,2846.566788581379,0.9999319048616043,0.9999930801937158,-0.013247432252271608,-13.247432252271608,9.99665308656051,0.6143325925485686,-8.6708698416721,-0.7546106216052798,-0.0463737108331485,0.6545321143412726,28.137665297567242,0.0009382782073639079,2
000044,3.769881436950527,4,2869.0592264031256,2875.751831132393,0.9996549027992895,0.9994716552892122,0.01090775250600506,10.90775250600506,0.9336711832123459,8.392597465852413,6.904464543327469,0.08559702676590164,0.7694158316511145,0.6329869090379842,24.503188789884803,0.003501258611740536,3
000044,3.769881436950527,5,2877.1583926076537,2884.3827511279114,0.9993615472590917,0.9992311673804165,-0.03438212334922606,-34.382123349226056,-4.076505250717592,29.727968986237634,16.785719254639076,0.1185646741276482,-0.8646344696133146,-0.4882106635516134,24.648424874504606,0.003708329692425451,4
000044,3.769881436950527,6,2904.4342455818605,2920.419747695074,0.9991400260713355,0.9999238035794223,-0.060938066230835725,-60.93806623083572,-53.00977940949525,2.9015350376995395,29.91642186718487,0.869895989293329,-0.04761449151846096,-0.49093159198489034,28.149854264219062,0.0007143761320573302,5
000044,3.769881436950527,7,2937.7002853231734,2949.15820684722,1.0002325111045378,0.9999421612716505,-0.0018540825069143943,-1.8540825069143942,-0.1654404579415161,1.4845307131704022,-1.0983715031699628,0.0892303645196706,-0.8006821204742347,0.5924070256171595,28.13207628590776,0.001246223926997528,6
000044,3.769881436950527,8,2969.468369204371,2979.433000494655,0.9992231384910109,0.9989919986265792,-0.0013185124251089738,-1.318512425108974,-1.0776200467113468,0.06168687238846926,-0.7572349568446445,0.8172998799175385,-0.046785203699063284,0.5743100652100869,28.0579231763767,0.0031239019448423113,7
000045,3.843637353973463,1,2762.6782471497686,2772.902259762475,0.999093454559021,0.9989184199779533,-0.002177890372208185,-2.177890372208185,1.772412953313272,0.10412393565657066,1.2613155839471013,-0.8138210150202394,-0.04780953944481529,-0.5791455805317881,28.057776830812678,0.003214665552417328,0
000045,3.843637353973463,2,2798.5743886005043,2811.2059239306122,1.0000495566230208,1.000054756112609,-0.01105911851179467,-11.05911851179467,-0.9901645534797096,-9.128630824013564,6.163746887553163,0.08953376821341487,0.8254392801992112,-0.5573452243033168,28.128993772385627,0.0011798185940266137,1
000045,3.843637353973463,3,2834.900998297384,2846.566788581379,1.0003106848288161,1.000007749622097,0.0005441330650037737,0.5441330650037737,-0.41060859041848374,-0.025233469411239794,0.3561525655199171,-0.7546106216052798,-0.0463737108331485,0.6545321143412726,28.137665297567242,0.0009382782073639079,2
000045,3.843637353973463,4,2869.0592264031256,2875.751831132393,0.9996833707171191,0.9994694927928051,0.011264783627361514,11.264783627361513,0.9642319856633541,8.667302863016218,7.130460569265256,0.08559702676590164,0.7694158316511145,0.6329869090379842,24.503188789884803,0.003501258611740536,3
000045,3.843637353973463,5,2877.1583926076537,2884.3827511279114,0.9994029187894025,0.9989688530245594,-0.031059683718411613,-31.059683718411613,-3.682581278581294,26.855273158226126,15.163668797868977,0.1185646741276482,-0.8646344696133146,-0.4882106635516134,24.648424874504606,0.003708329692425451,4
000045,3.843637353973463,6,2904.4342455818605,2920.419747695074,0.9998752720334142,1.000026402890765,-0.029478109102536145,-29.478109102536145,-25.642888880247366,1.403585175842974,14.471735030412356,0.869895989293329,-0.04761449151846096,-0.49093159198489034,28.149854264219062,0.0007143761320573302,5
000045,3.843637353973463,7,2937.7002853231734,2949.15820684722,0.9999602047742717,1.0003442686509367,-0.02109069153829364,-21.09069153829364,-1.881930093933874,16.88693962314895,-12.49427384240953,0.0892303645196706,-0.8006821204742347,0.5924070256171595,28.13207628590776,0.001246223926997528,6
000045,3.843637353973463,8,2969.468369204371,2979.433000494655,0.9990818189722348,0.9991373260045222,-0.004588863139331531,-4.588863139331531,-3.750477292733679,0.2146908967207487,-2.6354302887896557,0.8172998799175385,-0.046785203699063284,0.5743100652100869,28.0579231763767,0.0031239019448423113,7
000046,3.932510687387549,1,2762.6782471497686,2772.902259762475,0.999006746704872,0.9990459484872333,-0.004553111976166834,-4.553111976166834,3.7054182099449013,0.21768218662120914,2.6369146786633784,-0.8138210150202394,-0.04780953944481529,-0.5791455805317881,28.057776830812678,0.003214665552417328,0
000046,3.932510687387549,2,2798.5743886005043,2811.2059239306122,0.9998264431215017,0.9996250052905885,-0.004832685380853746,-4.8326853808537455,-0.43268853273771785,-3.9890883422011667,2.693474117579291,0.08953376821341487,0.8254392801992112,-0.5573452243033168,28.128993772385627,0.0011798185940266137,1
000046,3.932510687387549,3,2834.900998297384,2846.566788581379,1.0003821179627996,1.0000622087376654,0.0011870649735928414,1.1870649735928414,-0.8957718376087491,-0.055048607825553486,0.7769721470261893,-0.7546106216052798,-0.0463737108331485,0.6545321143412726,28.137665297567242,0.0009382782073639079,2
000046,3.932510687387549,4,2869.0592264031256,2875.751831132393,0.9992513264631496,0.9995022444205035,0.005847077110207833,5.847077110207834,0.5004924159047507,4.498833697478755,3.701123266897205,0.08559702676590164,0.7694158316511145,0.6329869090379842,24.503188789884803,0.003501258611740536,3
000046,3.932510687387549,5,2877.1583926076537,2884.3827511279114,0.9998056041061695,0.9989010639107117,-0.025912513682675845,-25.912513682675844,-3.072308740614687,22.404852524368188,12.650765499309436,0.1185646741276482,-0.8646344696133146,-0.4882106635516134,24.648424874504606,0.003708329692425451,4
000046,3.932510687387549,6,2904.4342455818605,2920.419747695074,0.9993382260413681,0.9997851227630836,-0.04418581584863306,-44.18581584863306,-38.437063990379514,2.103885153961017,21.692212917720628,0.869895989293329,-0.04761449151846096,-0.49093159198489034,28.149854264219062,0.0007143761320573302,5
000046,3.932510687387549,7,2937.7002853231734,2949.15820684722,0.9999756277507468,1.000134106350051,-0.014656220052380643,-14.656220052380643,-1.3077798577544304,11.734973349677132,-8.682447728021385,0.0892303645196706,-0.8006821204742347,0.5924070256171595,28.13207628590776,0.001246223926997528,6
000046,3.932510687387549,8,2969.468369204371,2979.433000494655,0.9990855599605165,0.9992013902881667,-0.005277090831073127,-5.277090831073127,-4.312965702550009,0.24688976947021538,-3.030686379313159,0.8172998799175385,-0.046785203699063284,0.5743100652100869,28.0579231763767,0.0031239019448423113,7
000047,4.008989624911919,1,2762.6782471497686,2772.902259762475,0.9993789779834998,0.998822477548454,0.002051391356809465,2.051391356809465,-1.6694653962024248,-0.09807607599013526,-1.1880542382373098,-0.8138210150202394,-0.04780953944481529,-0.5791455805317881,28.057776830812678,0.003214665552417328,0
000047,4.008989624911919,2,2798.5743886005043,2811.2059239306122,0.9994341754343271,1.0000676227993155,-0.02998959717045549,-29.98959717045549,-2.6850816418732446,-24.754591501845077,16.714558761733628,0.08953376821341487,0.8254392801992112,-0.5573452243033168,28.128993772385627,0.0011798185940266137,1
000047,4.008989624911919,3,2834.900998297384,2846.566788581379,1.0001523935783974,1.0004072812936464,-0.020584756223686603,-20.584756223686604,15.533475689549299,0.9545915326880964,-13.473384014289262,-0.7546106216052798,-0.0463737108331485,0.6545321143412726,28.137665297567242,0.0009382782073639079,2
000047,4.008989624911919,4,2869.0592264031256,2875.751831132393,0.9997329456151308,0.9996574708407374,0.009651542897626795,9.651542897626795,0.8261433757404086,7.426049905293928,6.109300306216294,0.08559702676590164,0.7694158316511145,0.6329869090379842,24.503188789884803,0.003501258611740536,3
000047,4.008989624911919,5,2877.1583926076537,2884.3827511279114,0.9995143328561644,0.9994650311312318,-0.03526914933053334,-35.269149330533345,-4.181675197134048,30.494922225118486,17.218774797560624,0.1185646741276482,-0.8646344696133146,-0.4882106635516134,24.648424874504606,0.003708329692425451,4
000047,4.008989624911919,6,2904.4342455818605,2920.419747695074,0.9996414357237006,0.9997373785318483,-0.026733743570995176,-26.733743570995177,-23.255576311205022,1.27291360651786,13.124439291024489,0.869895989293329,-0.04761449151846096,-0.49093159198489034,28.149854264219062,0.0007143761320573302,5
000047,4.008989624911919,7,2937.7002853231734,2949.15820684722,1.0001868433687662,1.0000837462434922,-0.007195176668264884,-7.1951766682648834,-0.6420282368927047,5.761049311933066,-4.262473208836783,0.0892303645196706,-0.8006821204742347,0.5924070256171595,28.13207628590776,0.001246223926997528,6
000047,4.008989624911919,8,2969.468369204371,2979.433000494655,0.9995915367424949,0.999226446721435,0.00020972316862420595,0.20972316862420595,0.1714067205324892,-0.009811941164496471,0.12044612664863376,0.8172998799175385,-0.046785203699063284,0.5743100652100869,28.0579231763767,0.0031239019448423113,7
000048,4.088870207895525,1,2762.6782471497686,2772.902259762475,0.9994202709184824,0.9990801235270469,-0.00034729771277896394,-0.34729771277896393,0.282638177127984,0.016604143698200007,0.20113593548473527,-0.8138210150202394,-0.04780953944481529,-0.5791455805317881,28.057776830812678,0.003214665552417328,0
000048,4.088870207895525,2,2798.5743886005043,2811.2059239306122,0.9995693948531739,1.0002150329544481,-0.030356930642051208,-30.356930642051207,-2.717970391776124,-25.05780297823213,16.91929031785426,0.08953376821341487,0.8254392801992112,-0.5573452243033168,28.128993772385627,0.0011798185940266137,1
000048,4.088870207895525,3,2834.900998297384,2846.566788581379,1.0005895636426267,1.0000876545291602,0.00808074994006828,8.08074994006828,-6.097819735311752,-0.3747343610357085,5.289110343736003,-0.7546106216052798,-0.0463737108331485,0.6545321143412726,28.137665297567242,0.0009382782073639079,2
000048,4.088870207895525,4,2869.0592264031256,2875.751831132393,0.9992398015760638,0.999701464472455,0.003390613370507259,3.390613370507259,0.2902264234281339,2.608791606276231,2.146213877140251,0.08559702676590164,0.7694158316511145,0.6329869090379842,24.503188789884803,0.003501258611740536,3
000048,4.088870207895525,5,2877.1583926076537,2884.3827511279114,0.9995023063427471,0.9989179714955038,-0.029415682540244886,-29.415682540244884,-3.487660814626486,25.433813071498275,14.361049891796565,0.1185646741276482,-0.8646344696133146,-0.4882106635516134,24.648424874504606,0.003708329692425451,4
000048,4.088870207895525,6,2904.4342455818605,2920.419747695074,0.9992993522268587,1.000046538275762,-0.059118463241013906,-59.118463241013906,-51.42691406654309,2.8148955665737025,29.023121274611178,0.869895989293329,-0.04761449151846096,-0.49093159198489034,28.149854264219062,0.0007143761320573302,5
000048,4.088870207895525,7,2937.7002853231734,2949.15820684722,1.000392845319142,1.0001205477568573,-0.0023689956333739033,-2.368995633373903,-0.21138634391146133,1.8968124471240195,-1.4034096568670729,0.0892303645196706,-0.8006821204742347,0.5924070256171595,28.13207628590776,0.001246223926997528,6
000048,4.088870207895525,8,2969.468369204371,2979.433000494655,0.9995044481735635,0.9995072444281309,-0.003987486562305551,-3.987486562305551,-3.2589722885451256,0.18655537106474282,-2.2900536676220464,0.8172998799175385,-0.046785203699063284,0.5743100652100869,28.0579231763767,0.0031239019448423113,7
000049,4.164019915973768,1,2762.6782471497686,2772.902259762475,0.9994337946240885,0.9991181214589704,-0.0006186415227592547,-0.6186415227592547,0.5034634719856032,0.02957696628455918,0.35828350383947793,-0.8138210150202394,-0.04780953944481529,-0.5791455805317881,28.057776830812678,0.003214665552417328,0
000049,4.164019915973768,2,2798.5743886005043,2811.2059239306122,0.9998373757552427,0.9998956051855833,-0.012657026281946659,-12.657026281946658,-1.1332312573989123,-10.447606663632548,7.054333152124537,0.08953376821341487,0.8254392801992112,-0.5573452243033168,28.128993772385627,0.0011798185940266137,1
000049,4.164019915973768,3,2834.900998297384,2846.566788581379,1.0000594598480756,1.000248626421284,-0.01809540937288813,-18.09540937288813,13.654988115077117,0.8391512816657591,-11.84402655670735,-0.7546106216052798,-0.0463737108331485,0.6545321143412726,28.137665297567242,0.0009382782073639079,2
000049,4.164019915973768,4,2869.0592264031256,2875.751831132393,0.9999083492364259,0.9994097885066336,0.0145830744113209,14.5830744113209,1.2482678107149703,11.220448326216559,9.230895195892936,0.08559702676590164,0.7694158316511145,0.6329869090379842,24.503188789884803,0.003501258611740536,3
000049,4.164019915973768,5,2877.1583926076537,2884.3827511279114,0.9996237012412573,0.9994434856313344,-0.03383690140751055,-33.836901407510545,-4.011861188870849,29.2565513018409,16.519536088691247,0.1185646741276482,-0.8646344696133146,-0.4882106635516134,24.648424874504606,0.003708329692425451,4
000049,4.164019915973768,6,2904.4342455818605,2920.419747695074,0.999292769048053,1.000044372012974,-0.0593381055775297,-59.3381055775297,-51.6179800541572,2.8253537247428286,29.130950636544156,0.869895989293329,-0.04761449151846096,-0.49093159198489034,28.149854264219062,0.0007143761320573302,5
000049,4.164019915973768,7,2937.7002853231734,2949.15820684722,0.9997202393216832,1.0001095714285033,-0.02124095966354962,-21.24095966354962,-1.8953385735261528,17.0072566243186,-12.583293735537493,0.0892303645196706,-0.8006821204742347,0.5924070256171595,28.13207628590776,0.001246223926997528,6
000049,4.164019915973768,8,2969.468369204371,2979.433000494655,0.9993686520588079,0.9992881379499574,-0.0030369997102795846,-3.0369997102795847,-2.4821394985211036,0.14208665007942656,-1.7441795016536832,0.8172998799175385,-0.046785203699063284,0.5743100652100869,28.0579231763767,0.0031239019448423113,7
000050,4.253659791429527,1,2762.6782471497686,2772.902259762475,0.9993475822837323,0.9988679769554695,0.0011988613943588501,1.1988613943588502,-0.9756585968256989,-0.0573170111224657,-0.6943152782131052,-0.8138210150202394,-0.04780953944481529,-0.5791455805317881,28.057776830812678,0.003214665552417328,0
000050,4.253659791429527,2,2798.5743886005043,2811.2059239306122,1.0001256138711552,0.9998633720072132,-0.0030005272555620327,-3.000527255562033,-0.26864851181752486,-2.476753058049239,1.6723295362794366,0.08953376821341487,0.8254392801992112,-0.5573452243033168,28.128993772385627,0.0011798185940266137,1
000050,4.253659791429527,3,2834.900998297384,2846.566788581379,1.0001762306149873,1.0002094761738356,-0.012189524690758641,-12.189524690758642,9.198344803966284,0.5652734932027651,-7.978435368657401,-0.7546106216052798,-0.0463737108331485,0.6545321143412726,28.137665297567242,0.0009382782073639079,2
000050,4.253659791429527,4,2869.0592264031256,2875.751831132393,0.9995193028904943,0.999463145863089,0.009426373338510012,9.426373338510011,0.8068695309618231,7.252800881703573,5.966770922981516,0.08559702676590164,0.7694158316511145,0.6329869090379842,24.503188789884803,0.003501258611740536,3
000050,4.253659791429527,5,2877.1583926076537,2884.3827511279114,0.9999343563657096,0.9996261903815061,-0.03243707542398645,-32.43707542398645,-3.8458912772989002,28.04621350502561,15.836126116418159,0.1185646741276482,-0.8646344696133146,-0.4882106635516134,24.648424874504606,0.003708329692425451,4
000050,4.253659791429527,6,2904.4342455818605,2920.419747695074,0.9997709610203663,1.0000469180254463,-0.03568540546849398,-35.68540546849398,-31.042591093349145,1.699142436012447,17.51909291727406,0.869895989293329,-0.04761449151846096,-0.49093159198489034,28.149854264219062,0.0007143761320573302,5
000050,4.253659791429527,7,2937.7002853231734,2949.15820684722,0.9998245230435492,0.9999987024300951,-0.015104060749233194,-15.104060749233193,-1.347740846381327,12.093551388467692,-8.947751703194122,0.0892303645196706,-0.8006821204742347,0.5924070256171595,28.13207628590776,0.001246223926997528,6
000050,4.253659791429527,8,2969.468369204371,2979.433000494655,0.999484069062342,0.9991396269291465,-2.5848315307224866e-05,-0.025848315307224867,-0.021125824996665554,0.0012093186969261308,-0.014844947649663199,0.8172998799175385,-0.046785203699063284,0.5743100652100869,28.0579231763767,0.0031239019448423113,7
000051,4.32655197835993,1,2762.6782471497686,2772.902259762475,0.9993008556500927,0.9989815662546842,-0.0005785486637634298,-0.5785486637634297,0.4708350607825576,0.027660145160942874,0.3350639017411618,-0.8138210150202394,-0.04780953944481529,-0.5791455805317881,28.057776830812678,0.003214665552417328,0
000051,4.32655197835993,2,2798.5743886005043,2811.2059239306122,0.9995077266674576,1.000047017430817,-0.027152453413184258,-27.152453413184258,-2.4310614703215845,-22.412701601021432,15.133290237956539,0.08953376821341487,0.8254392801992112,-0.5573452243033168,28.128993772385627,0.0011798185940266137,1
000051,4.32655197835993,3,2834.900998297384,2846.566788581379,1.0004487122149808,1.000312887910988,-0.005785595642055927,-5.7855956420559265,4.365871923808621,0.2682995393022257,-3.7868581483185184,-0.7546106216052798,-0.0463737108331485,0.6545321143412726,28.137665297567242,0.0009382782073639079,2
000051,4.32655197835993,4,2869.0592264031256,2875.751831132393,0.9998604259581549,0.9993415024500885,0.014820424957904291,14.820424957904292,1.2685843118037703,11.403069594408864,9.381134984733233,0.08559702676590164,0.7694158316511145,0.6329869090379842,24.503188789884803,0.003501258611740536,3
000051,4.32655197835993,5,2877.1583926076537,2884.3827511279114,0.9997171883023283,0.9989532184745625,-0.027450407216128285,-27.450407216128283,-3.2546485862514927,23.734568283986583,13.401581521747987,0.1185646741276482,-0.8646344696133146,-0.4882106635516134,24.648424874504606,0.003708329692425451,4
000051,4.32655197835993,6,2904.4342455818605,2920.419747695074,0.9990501510339209,0.9999264926262839,-0.06554104977553135,-65.54104977553135,-57.013896333809164,3.1207037586480646,32.176171906662546,0.869895989293329,-0.04761449151846096,-0.49093159198489034,28.149854264219062,0.0007143761320573302,5
000051,4.32655197835993,7,2937.7002853231734,2949.15820684722,1.0005184074589093,1.0003052221096689,-0.004055080176444746,-4.055080176444746,-0.3618362823006549,3.246830194368813,-2.4022579859667386,0.0892303645196706,-0.8006821204742347,0.5924070256171595,28.13207628590776,0.001246223926997528,6
000051,4.32655197835993,8,2969.468369204371,2979.433000494655,0.9994406784668592,0.9997878534995533,-0.007916499560180965,-7.916499560180965,-6.470154139903149,0.37037504450661135,-4.546525378643154,0.8172998799175385,-0.046785203699063284,0.5743100652100869,28.0579231763767,0.0031239019448423113,7
000052,4.400165457976982,1,2762.6782471497686,2772.902259762475,0.9992678863201677,0.9997141333055992,-0.009065989923894863,-9.065989923894863,7.378093122027381,0.4334408028727494,5.250527997569432,-0.8138210150202394,-0.04780953944481529,-0.5791455805317881,28.057776830812678,0.003214665552417328,0
000052,4.400165457976982,2,2798.5743886005043,2811.2059239306122,1.0002740789292883,0.9998216550764766,0.0027300708451760756,2.730070845176076,0.24443353025819642,2.253507713334992,-1.5215919475686055,0.08953376821341487,0.8254392801992112,-0.5573452243033168,28.128993772385627,0.0011798185940266137,1
000052,4.400165457976982,3,2834.900998297384,2846.566788581379,1.0002584912771315,1.0004169409176948,-0.016931931423910355,-16.931931423910356,12.777015296774962,0.7851964916991192,-11.082492874773479,-0.7546106216052798,-0.0463737108331485,0.6545321143412726,28.137665297567242,0.0009382782073639079,2
000052,4.400165457976982,4,2869.0592264031256,2875.751831132393,0.9996906879722395,0.9992685353527231,0.013692453961932449,13.692453961932449,1.1720333482704077,10.535190852464853,8.66714411050852,0.08559702676590164,0.7694158316511145,0.6329869090379842,24.503188789884803,0.003501258611740536,3
000052,4.400165457976982,5,2877.1583926076537,2884.3827511279114,0.9992872387299864,0.9990509066960283,-0.03322296628689318,-33.22296628689318,-3.939070171359332,28.72572183444892,16.219806416077002,0.1185646741276482,-0.8646344696133146,-0.4882106635516134,24.648424874504606,0.003708329692425451,4
000052,4.400165457976982,6,2904.4342455818605,2920.419747695074,0.9995632299900997,0.9998522997936615,-0.036337472586197184,-36.33747258619719,-31.609821663789223,1.7301902802577933,17.839213265449093,0.869895989293329,-0.04761449151846096,-0.49093159198489034,28.149854264219062,0.0007143761320573302,5
000052,4.400165457976982,7,2937.7002853231734,2949.15820684722,1.0003794953551202,1.0002507738526094,-0.006464280899697247,-6.464280899697247,-0.5768101410375296,5.175834138110685,-3.829485420543462,0.0892303645196706,-0.8006821204742347,0.5924070256171595,28.13207628590776,0.001246223926997528,6
000052,4.400165457976982,8,2969.468369204371,2979.433000494655,0.9994387158810166,0.9992254229422944,-0.001522127768267314,-1.522127768267314,-1.2440348422240266,0.07121305769438688,-0.8741732978516851,0.8172998799175385,-0.046785203699063284,0.5743100652100869,28.0579231763767,0.0031239019448423113,7
000053,4.475679958006367,1,2762.6782471497686,2772.902259762475,0.9993997602345622,0.9992464112570444,-0.0024183169422923407,-2.4183169422923405,1.9680771486169946,0.11561861924259076,1.4005575694537564,-0.8138210150202394,-0.04780953944481529,-0.5791455805317881,28.057776830812678,0.003214665552417328,0
000053,4.475679958006367,2,2798.5743886005043,2811.2059239306122,1.000023456524575,0.9999220354889005,-0.007846409552334156,-7.846409552334157,-0.7025186141662106,-6.476734653026921,4.373158891921368,0.08953376821341487,0.8254392801992112,-0.5573452243033168,28.128993772385627,0.0011798185940266137,1
000053,4.475679958006367,3,2834.900998297384,2846.566788581379,1.0004331028096745,0.9998972585261694,0.009366126396463647,9.366126396463647,-7.067778462069053,-0.43434203713632435,6.1304305134649555,-0.7546106216052798,-0.0463737108331485,0.6545321143412726,28.137665297567242,0.0009382782073639079,2
000053,4.475679958006367,4,2869.0592264031256,2875.751831132393,0.9994060661276857,0.9997247274238164,0.00505745408973753,5.05745408973753,0.43290303308658207,3.891285244492732,3.201302231864471,0.08559702676590164,0.7694158316511145,0.6329869090379842,24.503188789884803,0.003501258611740536,3
000053,4.475679958006367,5,2877.1583926076537,2884.3827511279114,0.9994543264842786,0.9985161145243343,-0.0255441317134614,-25.5441317134614,-3.0286316524802745,22.086336775801346,12.470917493678801,0.1185646741276482,-0.8646344696133146,-0.4882106635516134,24.648424874504606,0.003708329692425451,4
000053,4.475679958006367,6,2904.4342455818605,2920.419747695074,0.9994957649816112,0.9999445379384115,-0.04427911639051279,-44.27911639051279,-38.518225757559584,2.1083276118210166,21.738017101278697,0.869895989293329,-0.04761449151846096,-0.49093159198489034,28.149854264219062,0.0007143761320573302,5
000053,4.475679958006367,7,2937.7002853231734,2949.15820684722,1.0003776537156186,1.000045557534585,-0.000663332428138314,-0.663332428138314,-0.05918939436049996,0.5311184151411081,-0.3929627907488268,0.0892303645196706,-0.8006821204742347,0.5924070256171595,28.13207628590776,0.001246223926997528,6
000053,4.475679958006367,8,2969.468369204371,2979.433000494655,0.999461042954013,0.9996780855941695,-0.0064318207872732245,-6.4318207872732245,-5.2567263570895335,0.3009140456884474,-3.6938594157584776,0.8172998799175385,-0.046785203699063284,0.5743100652100869,28.0579231763767,0.0031239019448423113,7
000054,4.563088436960243,1,2762.6782471497686,2772.902259762475,0.9996260633888903,0.9992655700229046,-0.00012172350337961593,-0.12172350337961593,0.09906114507221858,0.005819544636188855,0.07049562902915074,-0.8138210150202394,-0.04780953944481529,-0.5791455805317881,28.057776830812678,0.003214665552417328,0
000054,4.563088436960243,2,2798.5743886005043,2811.2059239306122,0.9995135134100646,0.9999844502846077,-0.02509280166721138,-25.092801667211383,-2.2466530882972937,-20.71258414636453,13.98535317361057,0.08953376821341487,0.8254392801992112,-0.5573452243033168,28.128993772385627,0.0011798185940266137,1
000054,4.563088436960243,3,2834.900998297384,2846.566788581379,1.0002941179654337,0.9998890817464343,0.004411455291775006,4.411455291775006,-3.328931019910238,-0.20457555205413686,2.8874391594474904,-0.7546106216052798,-0.0463737108331485,0.6545321143412726,28.137665297567242,0.0009382782073639079,2
000054,4.563088436960243,4,2869.0592264031256,2875.751831132393,0.9997851001165874,0.9996887936612988,0.00989435901928442,9.894359019284419,0.8469277138051288,7.612876473477428,6.262999732528946,0.08559702676590164,0.7694158316511145,0.6329869090379842,24.503188789884803,0.003501258611740536,3
000054,4.563088436960243,5,2877.1583926076537,2884.3827511279114,0.9995847531294468,0.9991649338262928,-0.031215545452757395,-31.215545452757397,-3.701060974322971,26.990036586235206,15.239762158616237,0.1185646741276482,-0.8646344696133146,-0.4882106635516134,24.648424874504606,0.003708329692425451,4
000054,4.563088436960243,6,2904.4342455818605,2920.419747695074,0.9996342213031361,0.9994892686389742,-0.014754606050164784,-14.754606050164783,-12.83497262664143,0.7025330646338038,7.243502237317292,0.869895989293329,-0.04761449151846096,-0.49093159198489034,28.149854264219062,0.0007143761320573302,5
000054,4.563088436960243,7,2937.7002853231734,2949.15820684722,1.0002970233683504,0.9997698477918072,0.0049010059124716876,4.901005912471687,0.43731854408290954,-3.9241478064545925,2.9033903351394654,0.0892303645196706,-0.8006821204742347,0.5924070256171595,28.13207628590776,0.001246223926997528,6
000054,4.563088436960243,8,2969.468369204371,2979.433000494655,0.9991159668618335,0.9993599290319626,-0.006738945354397483,-6.738945354397483,-5.507739228919917,0.3152829311223425,-3.8702441459312307,0.8172998799175385,-0.046785203699063284,0.5743100652100869,28.0579231763767,0.0031239019448423113,7
000055,4.685193666489795,1,2762.6782471497686,2772.902259762475,0.9997062694599309,0.9991568507026344,0.001972877356136391,1.9728773561363908,-1.605569052481364,-0.09432235777798567,-1.1425832017376294,-0.8138210150202394,-0.04780953944481529,-0.5791455805317881,28.057776830812678,0.003214665552417328,0
000055,4.685193666489795,2,2798.5743886005043,2811.2059239306122,0.9999147826016384,0.9998511502915995,-0.008985066270795683,-8.985066270795683,-0.8044668408715926,-7.416626635107799,5.007783776076786,0.08953376821341487,0.8254392801992112,-0.5573452243033168,28.128993772385627,0.0011798185940266137,1
000055,4.685193666489795,3,2834.900998297384,2846.566788581379,0.9998165129029121,1.0000904656014946,-0.021306888474406142,-21.306888474406144,16.07840435614599,0.988079484866255,-13.946042763186744,-0.7546106216052798,-0.0463737108331485,0.6545321143412726,28.137665297567242,0.0009382782073639079,2
000055,4.685193666489795,4,2869.0592264031256,2875.751831132393,0.9995889092589232,0.999780006360112,0.006544354894047516,6.544354894047516,0.5601773210313447,5.035330263423611,4.142490976030742,0.08559702676590164,0.7694158316511145,0.6329869090379842,24.503188789884803,0.003501258611740536,3
000055,4.685193666489795,5,2877.1583926076537,2884.3827511279114,0.999415158220297,0.9989531416015333,-0.030753890696703888,-30.753890696703888,-3.6463250286120084,26.590873971090417,15.014377383831595,0.1185646741276482,-0.8646344696133146,-0.4882106635516134,24.648424874504606,0.003708329692425451,4
000055,4.685193666489795,6,2904.4342455818605,2920.419747695074,0.9990377617433489,1.0002324523995356,-0.0813717633153538,-81.3717633153538,-70.78497054975232,3.874475134221126,39.94796930702434,0.869895989293329,-0.04761449151846096,-0.49093159198489034,28.149854264219062,0.0007143761320573302,5
000055,4.685193666489795,7,2937.7002853231734,2949.15820684722,1.0002203089416535,1.0002860399875644,-0.012010739395663432,-12.010739395663432,-1.0717226544258163,9.616784287783226,-7.115246400847814,0.0892303645196706,-0.8006821204742347,0.5924070256171595,28.13207628590776,0.001246223926997528,6
000055,4.685193666489795,8,2969.468369204371,2979.433000494655,0.9994750214896976,0.9987976425846222,0.0037726229822042582,3.772622982204258,3.0833643103296864,-0.17650293470219383,2.1666553509227997,0.8172998799175385,-0.046785203699063284,0.5743100652100869,28.0579231763767,0.0031239019448423113,7
000056,4.757831790950149,1,2762.6782471497686,2772.902259762475,0.9998342760105717,0.9993053572778866,0.0017455952059012936,1.7455952059012936,-1.4206020622810547,-0.08345610285121835,-1.0109537488952107,-0.8138210150202394,-0.04780953944481529,-0.5791455805317881,28.057776830812678,0.003214665552417328,0
000056,4.757831790950149,2,2798.5743886005043,2811.2059239306122,0.9998188453269694,0.9998172576285563,-0.010854605734845148,-10.854605734845148,-0.9718537539116292,-8.959817944616809,6.049762668011337,0.08953376821341487,0.8254392801992112,-0.5573452243033168,28.128993772385627,0.0011798185940266137,1
000056,4.757831790950149,3,2834.900998297384,2846.566788581379,1.0000002323621402,0.9999590280052111,-0.009369554470705296,-9.369554470705296,7.070365323303452,0.43450100965992117,-6.132674298146461,-0.7546106216052798,-0.0463737108331485,0.6545321143412726,28.137665297567242,0.0009382782073639079,2
000056,4.757831790950149,4,2869.0592264031256,2875.751831132393,1.0002618217062695,0.9991374228922693,0.021877904682470337,21.877904682470337,1.8726835926872583,16.833206226046727,13.84842726118454,0.08559702676590164,0.7694158316511145,0.6329869090379842,24.503188789884803,0.003501258611740536,3
000056,4.757831790950149,5,2877.1583926076537,2884.3827511279114,0.9995688872709838,0.9989268238458386,-0.02878410984033453,-28.78410984033453,-3.4127786032736958,24.887733545089034,14.052709364892246,0.1185646741276482,-0.8646344696133146,-0.4882106635516134,24.648424874504606,0.003708329692425451,4
000056,4.757831790950149,6,2904.4342455818605,2920.419747695074,0.9994306699637782,1.0002368189323787,-0.06205054376918671,-62.05054376918671,-53.97751915828569,2.9545050900138308,30.46257223613495,0.869895989293329,-0.04761449151846096,-0.49093159198489034,28.149854264219062,0.0007143761320573302,5
000056,4.757831790950149,7,2937.7002853231734,2949.15820684722,0.9998300736068642,0.9999170106334145,-0.012615607228138986,-12.615607228138986,-1.1256952316038331,10.101091146496406,-7.473574354376155,0.0892303645196706,-0.8006821204742347,0.5924070256171595,28.13207628590776,0.001246223926997528,6
000056,4.757831790950149,8,2969.468369204371,2979.433000494655,0.999404046726276,0.9996494220869581,-0.006755068427024286,-6.755068427024286,-5.520916614241705,0.31603725235944224,-3.8795037888229165,0.8172998799175385,-0.046785203699063284,0.5743100652100869,28.0579231763767,0.0031239019448423113,7
000057,4.8560276658972725,1,2762.6782471497686,2772.902259762475,0.999576020949454,0.9990706088517738,0.0014849790042142234,1.4849790042142235,-1.2085071204933637,-0.07099616227670244,-0.8600190274731631,-0.8138210150202394,-0.04780953944481529,-0.5791455805317881,28.057776830812678,0.003214665552417328,0
000057,4.8560276658972725,2,2798.5743886005043,2811.2059239306122,0.9996453160201696,0.9999986189205624,-0.021548233473060775,-21.548233473060776,-1.929294541185571,-17.786758327567835,12.009805018383297,0.08953376821341487,0.8254392801992112,-0.5573452243033168,28.128993772385627,0.0011798185940266137,1
000057,4.8560276658972725,3,2834.900998297384,2846.566788581379,1.0001599302510253,1.0000290164072017,-0.005971591170716524,-5.971591170716525,4.506226125306997,0.27692484216459085,-3.9085981949507613,-0.7546106216052798,-0.0463737108331485,0.6545321143412726,28.137665297567242,0.0009382782073639079,2
000057,4.8560276658972725,4,2869.0592264031256,2875.751831132393,0.9997686332911805,0.9995234006162892,0.011630257684352973,11.630257684352973,0.9955154783018946,8.948504388523208,7.361800862933852,0.08559702676590164,0.7694158316511145,0.6329869090379842,24.503188789884803,0.003501258611740536,3
000057,4.8560276658972725,5,2877.1583926076537,2884.3827511279114,0.9994413510306236,0.9991488487367071,-0.03260844218070609,-32.60844218070609,-3.866209320965676,28.194383109831243,15.91978919442694,0.1185646741276482,-0.8646344696133146,-0.4882106635516134,24.648424874504606,0.003708329692425451,4
000057,4.8560276658972725,6,2904.4342455818605,2920.419747695074,0.9997681498191998,0.9998119606353958,-0.02414134822691655,-24.141348226916552,-21.000461998728326,1.1494780203947306,11.851750517701753,0.869895989293329,-0.04761449151846096,-0.49093159198489034,28.149854264219062,0.0007143761320573302,5
000057,4.8560276658972725,7,2937.7002853231734,2949.15820684722,1.0001519652213529,1.000004565434859,-0.005931511708813555,-5.931511708813555,-0.5292709519301279,4.749255372630588,-3.5138692088315935,0.0892303645196706,-0.8006821204742347,0.5924070256171595,28.13207628590776,0.001246223926997528,6
000057,4.8560276658972725,8,2969.468369204371,2979.433000494655,0.9995158852805428,0.9991823693167129,-0.00015050483940530948,-0.15050483940530948,-0.12300758717296786,0.00704139956927221,-0.08643644413329693,0.8172998799175385,-0.046785203699063284,0.5743100652100869,28.0579231763767,0.0031239019448423113,7
000058,4.933991853380576,1,2762.6782471497686,2772.902259762475,0.999301223383382,0.9992242098781429,-0.003264642281290414,-3.264642281290414,2.6568344950377547,0.1560810439205658,1.8907031492265578,-0.8138210150202394,-0.04780953944481529,-0.5791455805317881,28.057776830812678,0.003214665552417328,0
000058,4.933991853380576,2,2798.5743886005043,2811.2059239306122,0.9997129587110344,0.9997001004446916,-0.010514998942655871,-10.514998942655872,-0.9414474780960532,-8.67949315852133,5.860484444243676,0.08953376821341487,0.8254392801992112,-0.5573452243033168,28.128993772385627,0.0011798185940266137,1
000058,4.933991853380576,3,2834.900998297384,2846.566788581379,1.0004832745393923,1.0001322229466818,0.002366657297237974,2.3666572972379742,-1.785904734195419,-0.10975068114327459,1.5490532046823726,-0.7546106216052798,-0.0463737108331485,0.6545321143412726,28.137665297567242,0.0009382782073639079,2
000058,4.933991853380576,4,2869.0592264031256,2875.751831132393,0.9996456654713273,0.999571656178184,0.009634461104020749,9.63446110402075,0.8246812249959022,7.412906902860439,6.098487754480778,0.08559702676590164,0.7694158316511145,0.6329869090379842,24.503188789884803,0.003501258611740536,3
000058,4.933991853380576,5,2877.1583926076537,2884.3827511279114,0.999774246561602,0.9989715340042701,-0.027026546951363188,-27.026546951363187,-3.2043937320839606,23.368084088771255,13.194648420633857,0.1185646741276482,-0.8646344696133146,-0.4882106635516134,24.648424874504606,0.003708329692425451,4
000058,4.933991853380576,6,2904.4342455818605,2920.419747695074,0.9997416560865635,1.0001362923555723,-0.041587032468139766,-41.58703246813977,-36.17639275064624,1.9801454047322014,20.41638805551118,0.869895989293329,-0.04761449151846096,-0.49093159198489034,28.149854264219062,0.0007143761320573302,5
000058,4.933991853380576,7,2937.7002853231734,2949.15820684722,0.9999604995507961,0.9999392725846674,-0.009530396460668198,-9.530396460668198,-0.8504007502024019,7.6308180470879545,-5.645873820216751,0.0892303645196706,-0.8006821204742347,0.5924070256171595,28.13207628590776,0.001246223926997528,6
000058,4.933991853380576,8,2969.468369204371,2979.433000494655,0.9994677767066295,0.9992615625132012,-0.0016028890812024223,-1.6028890812024224,-1.3100410535878733,0.07499149217105971,-0.9205553327498993,0.8172998799175385,-0.046785203699063284,0.5743100652100869,28.0579231763767,0.0031239019448423113,7
000059,5.012339436914772,1,2762.6782471497686,2772.902259762475,0.9996022279512233,0.999591589012908,-0.0040005318510511366,-4.000531851051137,3.255716891643233,0.19126358533306922,2.316890341312919,-0.8138210150202394,-0.04780953944481529,-0.5791455805317881,28.057776830812678,0.003214665552417328,0
000059,5.012339436914772,2,2798.5743886005043,2811.2059239306122,0.9996544950818911,0.9999805182460305,-0.02072623552419446,-20.72623552419446,-1.855697967359872,-17.108248932330397,11.551668387195535,0.08953376821341487,0.8254392801992112,-0.5573452243033168,28.128993772385627,0.0011798185940266137,1
000059,5.012339436914772,3,2834.900998297384,2846.566788581379,0.9999793054319749,1.0001618013438718,-0.017842741978306396,-17.842741978306396,13.46432261539241,0.8274341569724608,-11.678647632706667,-0.7546106216052798,-0.0463737108331485,0.6545321143412726,28.137665297567242,0.0009382782073639079,2
000059,5.012339436914772,4,2869.0592264031256,2875.751831132393,0.9997393053359178,0.9990421953917189,0.01689738358507384,16.89738358507384,1.4463657950052724,13.001114443837478,10.69582260634506,0.08559702676590164,0.7694158316511145,0.6329869090379842,24.503188789884803,0.003501258611740536,3
000059,5.012339436914772,5,2877.1583926076537,2884.3827511279114,0.9997621110654843,0.9994812593172736,-0.03273590360231562,-32.73590360231562,-3.881321742882656,28.304590648500756,15.982017219648158,0.1185646741276482,-0.8646344696133146,-0.4882106635516134,24.648424874504606,0.003708329692425451,4
000059,5.012339436914772,6,2904.4342455818605,2920.419747695074,0.9993931429819849,0.9997013085300697,-0.03728705684990363,-37.287056849903635,-32.43586120628352,1.7754042521281082,18.305394179754302,0.869895989293329,-0.04761449151846096,-0.49093159198489034,28.149854264219062,0.0007143761320573302,5
000059,5.012339436914772,7,2937.7002853231734,2949.15820684722,1.0000731629745674,0.9994238679303729,0.008384275040985288,8.384275040985289,0.7481319181402935,-6.7131391184553015,4.966903438986283,0.0892303645196706,-0.8006821204742347,0.5924070256171595,28.13207628590776,0.001246223926997528,6
000059,5.012339436914772,8,2969.468369204371,2979.433000494655,0.9991708055600195,0.9996466113180337,-0.00938404583134749,-9.384045831347489,-7.669579531100981,0.439034495740938,-5.389351973335621,0.8172998799175385,-0.046785203699063284,0.5743100652100869,28.0579231763767,0.0031239019448423113,7
000060,5.08603966597002,1,2762.6782471497686,2772.902259762475,0.999462497102042,0.99925945692387,-0.0018673945338296776,-1.8673945338296776,1.5197249149645151,0.08927927262416244,1.0814932913766764,-0.8138210150202394,-0.04780953944481529,-0.5791455805317881,28.057776830812678,0.003214665552417328,0
000060,5.08603966597002,2,2798.5743886005043,2811.2059239306122,0.9993945893900364,0.9994401843005423,-0.012276320644155654,-12.276320644155655,-1.0991452470673924,-10.13335727600656,6.842148683036371,0.08953376821341487,0.8254392801992112,-0.5573452243033168,28.128993772385627,0.0011798185940266137,1
000060,5.08603966597002,3,2834.900998297384,2846.566788581379,1.00025678889493,1.0001404508613287,-0.006523685156733331,-6.523685156733331,4.922842111279675,0.30252748902485455,-4.269961438933444,-0.7546106216052798,-0.0463737108331485,0.6545321143412726,28.137665297567242,0.0009382782073639079,2
000060,5.08603966597002,4,2869.0592264031256,2875.751831132393,0.9999259916429694,0.9995879142711349,0.01271246460474785,12.71246460474785,1.088149173033179,9.781171526197424,8.046823676414121,0.08559702676590164,0.7694158316511145,0.6329869090379842,24.503188789884803,0.003501258611740536,3
000060,5.08603966597002,5,2877.1583926076537,2884.3827511279114,0.9998032401294834,0.9986395807882681,-0.023077651220574265,-23.077651220574264,-2.7361941965989107,19.95373272302229,11.266755415609262,0.1185646741276482,-0.8646344696133146,-0.4882106635516134,24.648424874504606,0.003708329692425451,4
000060,5.08603966597002,6,2904.4342455818605,2920.419747695074,0.9996851514747794,0.9995202455127269,-0.013762377773163376,-13.762377773163376,-11.971837228014477,0.6552886197541431,6.756386029676566,0.869895989293329,-0.04761449151846096,-0.49093159198489034,28.149854264219062,0.0007143761320573302,5
000060,5.08603966597002,7,2937.7002853231734,2949.15820684722,1.0000297722817404,0.9997264768930918,-0.0014848305309447588,-1.4848305309447587,-0.13249196952613687,1.1888772580617333,-0.8796240383825322,0.0892303645196706,-0.8006821204742347,0.5924070256171595,28.13207628590776,0.001246223926997528,6
000060,5.08603966597002,8,2969.468369204371,2979.433000494655,0.9995505022282796,0.9994364817620212,-0.002654726114666651,-2.654726114666651,-2.169707334731007,0.12420190203990208,-1.5246359280291248,0.8172998799175385,-0.046785203699063284,0.5743100652100869,28.0579231763767,0.0031239019448423113,7
000061,5.1774563329527155,1,2762.6782471497686,2772.902259762475,0.9995827662008016,0.9993702025421805,-0.0017618084599001678,-1.7618084599001678,1.4337967491071992,0.08423125105780634,1.0203435832946983,-0.8138210150202394,-0.04780953944481529,-0.5791455805317881,28.057776830812678,0.003214665552417328,0
000061,5.1774563329527155,2,2798.5743886005043,2811.2059239306122,1.0000207686360947,0.9997161033934568,-0.0017222183324815661,-1.722218332481566,-0.1541966969932984,-1.4215866607094696,0.9598701628162227,0.08953376821341487,0.8254392801992112,-0.5573452243033168,28.128993772385627,0.0011798185940266137,1
000061,5.1774563329527155,3,2834.900998297384,2846.566788581379,1.0001931599051295,1.0000133706271144,-0.00412031615619552,-4.1203161561955195,3.109234335836978,0.19107434996856099,-2.6968792454691584,-0.7546106216052798,-0.0463737108331485,0.6545321143412726,28.137665297567242,0.0009382782073639079,2
000061,5.1774563329527155,4,2869.0592264031256,2875.751831132393,0.9997017701048889,0.9995998391378047,0.009959918882039046,9.959918882039046,0.8525394431321054,7.66331926980171,6.304498267410951,0.08559702676590164,0.7694158316511145,0.6329869090379842,24.503188789884803,0.003501258611740536,3
000061,5.1774563329527155,5,2877.1583926076537,2884.3827511279114,0.9993231289565186,0.9988810043546276,-0.03097151696188408,-30.97151696188408,-3.672127815824715,26.779041141458418,15.120624847161478,0.1185646741276482,-0.8646344696133146,-0.4882106635516134,24.648424874504606,0.003708329692425451,4
000061,5.1774563329527155,6,2904.4342455818605,2920.419747695074,0.9995657310088113,0.9999960234537292,-0.04336012612816796,-43.36012612816796,-37.718799814146195,2.064570357769051,21.286855748767135,0.869895989293329,-0.04761449151846096,-0.49093159198489034,28.149854264219062,0.0007143761320573302,5
000061,5.1774563329527155,7,2937.7002853231734,2949.15820684722,1.000032027252014,0.9998357493418538,-0.004537338752599842,-4.537338752599842,-0.4048683908437114,3.6329660137415605,-2.6879513546451452,0.0892303645196706,-0.8006821204742347,0.5924070256171595,28.13207628590776,0.001246223926997528,6
000061,5.1774563329527155,8,2969.468369204371,2979.433000494655,0.9991355211530685,0.9992313967262678,-0.00504942729723644,-5.04942729723644,-4.126896323683684,0.23623848466481742,-2.8999369203494525,0.8172998799175385,-0.046785203699063284,0.5743100652100869,28.0579231763767,0.0031239019448423113,7
000062,5.250499707995914,1,2762.6782471497686,2772.902259762475,0.9994216968572401,0.9991746364203736,-0.0013793454100051756,-1.3793454100051756,1.1225402816339203,0.06594586878766735,0.7988417982313047,-0.8138210150202394,-0.04780953944481529,-0.5791455805317881,28.057776830812678,0.003214665552417328,0
000062,5.250499707995914,2,2798.5743886005043,2811.2059239306122,0.9998617528560134,1.0000522428707377,-0.016642326142231684,-16.642326142231685,-1.4900501713506262,-13.737229711684236,9.275520996671071,0.08953376821341487,0.8254392801992112,-0.5573452243033168,28.128993772385627,0.0011798185940266137,1
000062,5.250499707995914,3,2834.900998297384,2846.566788581379,0.9997026639216957,1.0002342482008841,-0.031065306297547463,-31.065306297547462,23.442210095550703,1.4406135311856532,-20.33324061359299,-0.7546106216052798,-0.0463737108331485,0.6545321143412726,28.137665297567242,0.0009382782073639079,2
000062,5.250499707995914,4,2869.0592264031256,2875.751831132393,0.999783591631701,0.9994404871574689,0.012771061004794774,12.771061004794774,1.0931648506563811,9.826256524071288,8.083914430560576,0.08559702676590164,0.7694158316511145,0.6329869090379842,24.503188789884803,0.003501258611740536,3
000062,5.250499707995914,5,2877.1583926076537,2884.3827511279114,0.9996521078114899,0.9991402578412908,-0.030208694791044766,-30.208694791044767,-3.5816840537218066,26.11947879836549,14.748206928964132,0.1185646741276482,-0.8646344696133146,-0.4882106635516134,24.648424874504606,0.003708329692425451,4
000062,5.250499707995914,6,2904.4342455818605,2920.419747695074,0.9994538805393862,1.0001333047058771,-0.05574883200508787,-55.74883200508787,-48.495685369013515,2.6544522886703614,27.368862847555995,0.869895989293329,-0.04761449151846096,-0.49093159198489034,28.149854264219062,0.0007143761320573302,5
000062,5.250499707995914,7,2937.7002853231734,2949.15820684722,1.0002950341372072,1.000019982921243,-0.0022904519168235197,-2.29045191682352,-0.2043778594529409,1.833923897606531,-1.356879807364543,0.0892303645196706,-0.8006821204742347,0.5924070256171595,28.13207628590776,0.001246223926997528,6
000062,5.250499707995914,8,2969.468369204371,2979.433000494655,0.9990565198434773,0.9993843443197206,-0.0076957293134627975,-7.695729313462797,-6.2897186437710255,0.36004626354320945,-4.419734803853996,0.8172998799175385,-0.046785203699063284,0.5743100652100869,28.0579231763767,0.0031239019448423113,7
000063,5.3262352704769,1,2762.6782471497686,2772.902259762475,0.999291387353448,0.9993760849680765,-0.005057520667397099,-5.057520667397099,4.115916603026946,0.24179773384089012,2.929040742971209,-0.8138210150202394,-0.04780953944481529,-0.5791455805317881,28.057776830812678,0.003214665552417328,0
000063,5.3262352704769,2,2798.5743886005043,2811.2059239306122,0.9999641817894098,0.9995485498183844,0.0016214512059552952,1.6214512059552952,0.14517463644336343,1.3384095163218819,-0.9037080860800375,0.08953376821341487,0.8254392801992112,-0.5573452243033168,28.128993772385627,0.0011798185940266137,1
000063,5.3262352704769,3,2834.900998297384,2846.566788581379,1.0001843978746001,1.000196722813592,-0.011397105728772212,-11.397105728772212,8.600377038489894,0.5285260854009028,-7.459771710024306,-0.7546106216052798,-0.0463737108331485,0.6545321143412726,28.137665297567242,0.0009382782073639079,2
000063,5.3262352704769,4,2869.0592264031256,2875.751831132393,1.0000961340111816,0.999448980650231,0.016315084736667262,16.315084736667263,1.3965227448924609,12.553084491121245,10.327235058155804,0.08559702676590164,0.7694158316511145,0.6329869090379842,24.503188789884803,0.003501258611740536,3
000063,5.3262352704769,5,2877.1583926076537,2884.3827511279114,0.999430697253757,0.9991551073725233,-0.03279347043756483,-32.79347043756483,-3.888147135944539,28.35436491856378,16.010121962483744,0.1185646741276482,-0.8646344696133146,-0.4882106635516134,24.648424874504606,0.003708329692425451,4
000063,5.3262352704769,6,2904.4342455818605,2920.419747695074,0.9993767048102997,0.999887417230491,-0.04735921309309082,-47.359213093090816,-41.19758952576782,2.254984850141958,23.250133878942737,0.869895989293329,-0.04761449151846096,-0.49093159198489034,28.149854264219062,0.0007143761320573302,5
000063,5.3262352704769,7,2937.7002853231734,2949.15820684722,0.9999487766136463,1.000028232652877,-0.012402223623686846,-12.402223623686845,-1.1066549347960473,9.93023870960923,-7.347164407947194,0.0892303645196706,-0.8006821204742347,0.5924070256171595,28.13207628590776,0.001246223926997528,6
000063,5.3262352704769,8,2969.468369204371,2979.433000494655,0.9993604708244805,0.9996830168371831,-0.007635507391621259,-7.635507391621259,-6.240499274281532,0.357228768662704,-4.385148747994105,0.8172998799175385,-0.046785203699063284,0.5743100652100869,28.0579231763767,0.0031239019448423113,7
000064,5.422747936914675,1,2762.6782471497686,2772.902259762475,0.999449783090459,0.9991703646281688,-0.0010205945433567707,-1.0205945433567707,0.8305812871987248,0.04879415507777877,0.5910728192999322,-0.8138210150202394,-0.04780953944481529,-0.5791455805317881,28.057776830812678,0.003214665552417328,0
000064,5.422747936914675,2,2798.5743886005043,2811.2059239306122,0.9996963209757959,0.9999442236016501,-0.018372293329215732,-18.372293329215733,-1.6449406524868695,-15.165212581276604,10.239709946538074,0.08953376821341487,0.8254392801992112,-0.5573452243033168,28.128993772385627,0.0011798185940266137,1
000064,5.422747936914675,3,2834.900998297384,2846.566788581379,0.9999348872919717,1.000132333362614,-0.018409015317999457,-18.409015317999458,13.891638492256687,0.853694353079908,-12.049291719031059,-0.7546106216052798,-0.0463737108331485,0.6545321143412726,28.137665297567242,0.0009382782073639079,2
000064,5.422747936914675,4,2869.0592264031256,2875.751831132393,0.9998981544553076,0.9995547018952203,0.012775118327762337,12.775118327762337,1.0935121454390333,9.829378292596653,8.086482662884782,0.08559702676590164,0.7694158316511145,0.6329869090379842,24.503188789884803,0.003501258611740536,3
000064,5.422747936914675,5,2877.1583926076537,2884.3827511279114,1.0000176302523704,0.99891272677371,-0.023720462807106442,-23.720462807106443,-2.8124089428815746,20.509529778204833,11.580582886808802,0.1185646741276482,-0.8646344696133146,-0.4882106635516134,24.648424874504606,0.003708329692425451,4
000064,5.422747936914675,6,2904.4342455818605,2920.419747695074,0.9995199475310733,1.0000692521303296,-0.04927830694660239,-49.278306946602385,-42.86700157201501,2.346361528153115,24.19227767961559,0.869895989293329,-0.04761449151846096,-0.49093159198489034,28.149854264219062,0.0007143761320573302,5
000064,5.422747936914675,7,2937.7002853231734,2949.15820684722,1.0001434228647732,1.000151120697406,-0.010355431653765795,-10.355431653765795,-0.9240189412240574,8.291408974963208,-6.134630464989177,0.0892303645196706,-0.8006821204742347,0.5924070256171595,28.13207628590776,0.001246223926997528,6
000064,5.422747936914675,8,2969.468369204371,2979.433000494655,0.9993362784982923,0.9992128460367928,-0.002547344783449728,-2.547344783449728,-2.0819445856220304,0.11917804458544176,-1.4629657486955878,0.8172998799175385,-0.046785203699063284,0.5743100652100869,28.0579231763767,0.0031239019448423113,7
000065,5.533241875004023,1,2762.6782471497686,2772.902259762475,0.9992923176699193,0.9993354142167804,-0.00459629292189515,-4.59629292189515,3.7405597710270526,0.21974664774927147,2.661922732545115,-0.8138210150202394,-0.04780953944481529,-0.5791455805317881,28.057776830812678,0.003214665552417328,0
000065,5.533241875004023,2,2798.5743886005043,2811.2059239306122,0.9997578973122289,0.9998954532626861,-0.015047307339686485,-15.047307339686485,-1.3472421275875062,-12.420638539407118,8.386544884398509,0.08953376821341487,0.8254392801992112,-0.5573452243033168,28.128993772385627,0.0011798185940266137,1
000065,5.533241875004023,3,2834.900998297384,2846.566788581379,1.0002492361380015,1.0002634616121773,-0.011469093085168604,-11.469093085168604,8.654699462247896,0.5318644062500718,-7.506889746612275,-0.7546106216052798,-0.0463737108331485,0.6545321143412726,28.137665297567242,0.0009382782073639079,2
000065,5.533241875004023,4,2869.0592264031256,2875.751831132393,0.9994883777325774,0.99957877170004,0.007718160526594406,7.718160526594406,0.6606515931784269,5.938474900386439,4.885494575187973,0.08559702676590164,0.7694158316511145,0.6329869090379842,24.503188789884803,0.003501258611740536,3
000065,5.533241875004023,5,2877.1583926076537,2884.3827511279114,0.9996901904460023,0.9989243348789361,-0.027429776507653856,-27.429776507653855,-3.2522025130241996,23.71673026230705,13.391509389874146,0.1185646741276482,-0.8646344696133146,-0.4882106635516134,24.648424874504606,0.003708329692425451,4
000065,5.533241875004023,6,2904.4342455818605,2920.419747695074,0.9997585980168457,0.9995724869156885,-0.01270789852102636,-12.70789852102636,-11.054549955787458,0.6050801263468721,6.238708851709904,0.869895989293329,-0.04761449151846096,-0.49093159198489034,28.149854264219062,0.0007143761320573302,5
000065,5.533241875004023,7,2937.7002853231734,2949.15820684722,0.9998746361438245,0.9998640572849834,-0.009834117268703256,-9.834117268703256,-0.877501868615579,7.874001867697612,-5.8258001607228405,0.0892303645196706,-0.8006821204742347,0.5924070256171595,28.13207628590776,0.001246223926997528,6
000065,5.533241875004023,8,2969.468369204371,2979.433000494655,0.9991888443463288,0.9990408926401229,-0.0022676050396889234,-2.2676050396889234,-1.853313326638162,0.10609036369086876,-1.3023083982144674,0.8172998799175385,-0.046785203699063284,0.5743100652100869,28.0579231763767,0.0031239019448423113,7
000066,5.6100136244203895,1,2762.6782471497686,2772.902259762475,0.9997944463808119,0.9994313950897743,-9.336399079474095e-05,-0.09336399079474095,0.07598157775491637,0.004463689400626539,0.05407134264958477,-0.8138210150202394,-0.04780953944481529,-0.5791455805317881,28.057776830812678,0.003214665552417328,0
000066,5.6100136244203895,2,2798.5743886005043,2811.2059239306122,0.9997149697080391,1.000101719206572,-0.022556052420148177,-22.556052420148177,-2.019528369195182,-18.618651673822786,12.571508095504857,0.08953376821341487,0.8254392801992112,-0.5573452243033168,28.128993772385627,0.0011798185940266137,1
000066,5.6100136244203895,3,2834.900998297384,2846.566788581379,1.0001509861055222,0.9999098429905675,-0.0017963915251326974,-1.7963915251326974,1.3555761254268412,0.08330534112962233,-1.1757959431298477,-0.7546106216052798,-0.0463737108331485,0.6545321143412726,28.137665297567242,0.0009382782073639079,2
000066,5.6100136244203895,4,2869.0592264031256,2875.751831132393,0.9998752055694111,0.9996814631195509,0.01103008255646821,11.03008255646821,0.9441422718161141,8.486720143365439,6.981897863852598,0.08559702676590164,0.7694158316511145,0.6329869090379842,24.503188789884803,0.003501258611740536,3
000066,5.6100136244203895,5,2877.1583926076537,2884.3827511279114,0.9998586910383059,0.9984993799867762,-0.020937146752658717,-20.937146752658716,-2.4824059818917283,18.1029787777012,10.22173830899302,0.1185646741276482,-0.8646344696133146,-0.4882106635516134,24.648424874504606,0.003708329692425451,4
000066,5.6100136244203895,6,2904.4342455818605,2920.419747695074,0.9993180587717099,1.0000140924191832,-0.05657478051682126,-56.57478051682126,-49.21417466673318,2.693779407076976,27.774347065318818,0.869895989293329,-0.04761449151846096,-0.49093159198489034,28.149854264219062,0.0007143761320573302,5
000066,5.6100136244203895,7,2937.7002853231734,2949.15820684722,1.0001471355184086,0.9995303627872911,0.007456626310542865,7.456626310542865,0.6653574837767064,-5.97038736590943,4.417357813767352,0.0892303645196706,-0.8006821204742347,0.5924070256171595,28.13207628590776,0.001246223926997528,6
000066,5.6100136244203895,8,2969.468369204371,2979.433000494655,0.9995811741777366,0.9992910970738771,-0.0006460982274905867,-0.6460982274905867,-0.528056003742991,0.03022783718275083,-0.3710607151622404,0.8172998799175385,-0.046785203699063284,0.5743100652100869,28.0579231763767,0.0031239019448423113,7
000067,5.692222312442027,1,2762.6782471497686,2772.902259762475,0.9993860705830241,0.9996169010261566,-0.006677683770219224,-6.6776837702192235,5.434439383863988,0.3192569856122988,3.8673510437113117,-0.8138210150202394,-0.04780953944481529,-0.5791455805317881,28.057776830812678,0.003214665552417328,0
000067,5.692222312442027,2,2798.5743886005043,2811.2059239306122,0.9996463524478028,1.000139048219726,-0.025748444700193645,-25.748444700193645,-2.3053552796430683,-21.253777659577036,14.350772686890975,0.08953376821341487,0.8254392801992112,-0.5573452243033168,28.128993772385627,0.0011798185940266137,1
000067,5.692222312442027,3,2834.900998297384,2846.566788581379,1.0000859729051237,1.0000738892699341,-0.010472572079717656,-10.472572079717656,7.902714126881838,0.48565202930413115,-6.8546347459289745,-0.7546106216052798,-0.0463737108331485,0.6545321143412726,28.137665297567242,0.0009382782073639079,2
000067,5.692222312442027,4,2869.0592264031256,2875.751831132393,0.9997460016413511,0.9998532978166422,0.007521146729530323,7.521146729530322,0.6437877979178805,5.786889365871633,4.760787420746542,0.08559702676590164,0.7694158316511145,0.6329869090379842,24.503188789884803,0.003501258611740536,3
000067,5.692222312442027,5,2877.1583926076537,2884.3827511279114,0.9998132927423626,0.9988918377921231,-0.025727459802360814,-25.727459802360816,-3.0503678875990783,22.244848560712114,12.560420221608034,0.1185646741276482,-0.8646344696133146,-0.4882106635516134,24.648424874504606,0.003708329692425451,4
000067,5.692222312442027,6,2904.4342455818605,2920.419747695074,0.9995123255093724,0.9998183664352228,-0.03718140462787849,-37.181404627878486,-32.34395476208392,1.770373675298585,18.253526166198757,0.869895989293329,-0.04761449151846096,-0.49093159198489034,28.149854264219062,0.0007143761320573302,5
000067,5.692222312442027,7,2937.7002853231734,2949.15820684722,1.0000587457495576,0.9998075665754134,-0.0029713650251533526,-2.9713650251533528,-0.26513598431543384,2.379118849042764,-1.760257516573954,0.0892303645196706,-0.8006821204742347,0.5924070256171595,28.13207628590776,0.001246223926997528,6
000067,5.692222312442027,8,2969.468369204371,2979.433000494655,0.9994639279194161,0.9991850459559073,-0.0007738234380578506,-0.7738234380578506,-0.6324458030020581,0.036203487176646024,-0.4444145891720978,0.8172998799175385,-0.046785203699063284,0.5743100652100869,28.0579231763767,0.0031239019448423113,7
000068,5.792325416463427,1,2762.6782471497686,2772.902259762475,0.9992028345336604,0.9992573918191624,-0.004723357224058714,-4.723357224058715,3.8439673703866433,0.22582153351558834,2.7355114615864995,-0.8138210150202394,-0.04780953944481529,-0.5791455805317881,28.057776830812678,0.003214665552417328,0
000068,5.792325416463427,2,2798.5743886005043,2811.2059239306122,0.9993997679556164,1.0000891740548603,-0.03167575587638976,-31.675755876389758,-2.8360497846213946,-26.146413130373098,17.654331263903554,0.08953376821341487,0.8254392801992112,-0.5573452243033168,28.128993772385627,0.0011798185940266137,1
000068,5.792325416463427,3,2834.900998297384,2846.566788581379,1.0001256952262905,1.000017210792246,-0.006821159191988232,-6.821159191988232,5.147319177934808,0.3163224639161351,-4.464667748190464,-0.7546106216052798,-0.0463737108331485,0.6545321143412726,28.137665297567242,0.0009382782073639079,2
000068,5.792325416463427,4,2869.0592264031256,2875.751831132393,1.0000088503793891,0.9995680847960532,0.013909408499108801,13.909408499108801,1.1906040115960757,10.702119108116877,8.804473492397547,0.08559702676590164,0.7694158316511145,0.6329869090379842,24.503188789884803,0.003501258611740536,3
000068,5.792325416463427,5,2877.1583926076537,2884.3827511279114,0.9994113862813064,0.9989977950720299,-0.031283683179486134,-31.283683179486133,-3.709139701688363,27.048950813445966,15.273027723395373,0.1185646741276482,-0.8646344696133146,-0.4882106635516134,24.648424874504606,0.003708329692425451,4
000068,5.792325416463427,6,2904.4342455818605,2920.419747695074,0.9997817672716252,1.0000699774121455,-0.036294723664036015,-36.29472366403601,-31.572634547854612,1.728154812066127,17.818226469036873,0.869895989293329,-0.04761449151846096,-0.49093159198489034,28.149854264219062,0.0007143761320573302,5
000068,5.792325416463427,7,2937.7002853231734,2949.15820684722,0.999832044528086,0.999684124028839,-0.005916659182078064,-5.916659182078064,-0.5279456555554818,4.737363220029616,-3.5050704676453215,0.0892303645196706,-0.8006821204742347,0.5924070256171595,28.13207628590776,0.001246223926997528,6
000068,5.792325416463427,8,2969.468369204371,2979.433000494655,0.9997123734788701,0.9993395665432852,0.00029776534601204965,0.2977653460120496,0.24336358153925247,-0.013931012367695804,0.1710096352854843,0.8172998799175385,-0.046785203699063284,0.5743100652100869,28.0579231763767,0.0031239019448423113,7
000069,5.868794957990758,1,2762.6782471497686,2772.902259762475,0.9992404593955803,0.9995813828152552,-0.007898275886992708,-7.8982758869927085,6.427782899262287,0.37761293256521133,4.5742515737726155,-0.8138210150202394,-0.04780953944481529,-0.5791455805317881,28.057776830812678,0.003214665552417328,0
000069,5.868794957990758,2,2798.5743886005043,2811.2059239306122,0.9996101122246842,1.0002340482366616,-0.02970299936051543,-29.70299936051543,-2.6594214599875987,-24.518022411901487,16.55482484106775,0.08953376821341487,0.8254392801992112,-0.5573452243033168,28.128993772385627,0.0011798185940266137,1
000069,5.868794957990758,3,2834.900998297384,2846.566788581379,1.0000906713315958,0.9998915115880848,-0.0033866130313939223,-3.3866130313939222,2.5555741647567087,0.15704981342163424,-2.21664698789397,-0.7546106216052798,-0.0463737108331485,0.6545321143412726,28.137665297567242,0.0009382782073639079,2
000069,5.868794957990758,4,2869.0592264031256,2875.751831132393,0.9996472531486423,0.9992356924710359,0.013568993245135238,13.568993245135237,1.1614654779901796,10.440198222374084,8.58899509299544,0.08559702676590164,0.7694158316511145,0.6329869090379842,24.503188789884803,0.003501258611740536,3
000069,5.868794957990758,5,2877.1583926076537,2884.3827511279114,0.9999012373413091,0.9989835612238191,-0.025768801676505578,-25.76880167650558,-3.0552695734348787,22.280594170136094,12.580603765416717,0.1185646741276482,-0.8646344696133146,-0.4882106635516134,24.648424874504606,0.003708329692425451,4
000069,5.868794957990758,6,2904.4342455818605,2920.419747695074,0.9991690241231179,1.0000634897574774,-0.06644231366990087,-66.44231366990087,-57.797902180816095,3.1636169807024173,32.61863082512387,0.869895989293329,-0.04761449151846096,-0.49093159198489034,28.149854264219062,0.0007143761320573302,5
000069,5.868794957990758,7,2937.7002853231734,2949.15820684722,1.0002709886725423,0.999778239799254,0.003919037394672936,3.919037394672936,0.34969713529288626,-3.1379031713845467,2.321665286260616,0.0892303645196706,-0.8006821204742347,0.5924070256171595,28.13207628590776,0.001246223926997528,6
000069,5.868794957990758,8,2969.468369204371,2979.433000494655,0.9997323464229136,0.9993217477871901,0.0007289303610694051,0.7289303610694051,0.5957546965702728,-0.03410315542506387,0.41863204319938224,0.8172998799175385,-0.046785203699063284,0.5743100652100869,28.0579231763767,0.0031239019448423113,7
000070,5.9429352703737095,1,2762.6782471497686,2772.902259762475,0.9992663926730585,0.9993204792668337,-0.004718138702139996,-4.718138702139996,3.839720427581846,0.22557203838607173,2.7324891776803653,-0.8138210150202394,-0.04780953944481529,-0.5791455805317881,28.057776830812678,0.003214665552417328,0
000070,5.9429352703737095,2,2798.5743886005043,2811.2059239306122,0.9997717626241582,1.0001469638793057,-0.022208078660883097,-22.208078660883096,-1.988372967288792,-18.331420464446804,12.377566582595593,0.08953376821341487,0.8254392801992112,-0.5573452243033168,28.128993772385627,0.0011798185940266137,1
000070,5.9429352703737095,3,2834.900998297384,2846.566788581379,1.0002320373557576,1.0002867057928588,-0.01300096790154254,-13.000967901542541,9.810668469653308,0.6029031260171792,-8.509551009079656,-0.7546106216052798,-0.0463737108331485,0.6545321143412726,28.137665297567242,0.0009382782073639079,2
000070,5.9429352703737095,4,2869.0592264031256,2875.751831132393,0.9999639696829871,0.999303941635847,0.016465153345332224,16.465153345332226,1.4093681716050774,12.668549654461923,10.422226522898269,0.08559702676590164,0.7694158316511145,0.6329869090379842,24.503188789884803,0.003501258611740536,3
000070,5.9429352703737095,5,2877.1583926076537,2884.3827511279114,0.999394979265546,0.9993772852382007,-0.03561494961920727,-35.614949619207266,-4.222674895673919,30.793913074308197,17.38759818595046,0.1185646741276482,-0.8646344696133146,-0.4882106635516134,24.648424874504606,0.003708329692425451,4
000070,5.9429352703737095,6,2904.4342455818605,2920.419747695074,0.999592906813683,1.0001121261405304,-0.04778224057357154,-47.78224057357154,-41.56557943439886,2.275127088523383,23.457811433388496,0.869895989293329,-0.04761449151846096,-0.49093159198489034,28.149854264219062,0.0007143761320573302,5
000070,5.9429352703737095,7,2937.7002853231734,2949.15820684722,1.000309176466516,0.999637508788643,0.009022419848806596,9.022419848806596,0.805073811958524,-7.22409025635129,5.344944906500738,0.0892303645196706,-0.8006821204742347,0.5924070256171595,28.13207628590776,0.001246223926997528,6
000070,5.9429352703737095,8,2969.468369204371,2979.433000494655,0.999485098362969,0.9995387294131554,-0.004567460083955446,-4.567460083955446,-3.732984578144936,0.2136895504151962,-2.623138298660921,0.8172998799175385,-0.046785203699063284,0.5743100652100869,28.0579231763767,0.0031239019448423113,7
000071,6.030539103900082,1,2762.6782471497686,2772.902259762475,0.9993549412963356,0.9993226351515728,-0.0037603092481850774,-3.7603092481850773,3.0602186891479732,0.17977865332580817,2.1777664825191985,-0.8138210150202394,-0.04780953944481529,-0.5791455805317881,28.057776830812678,0.003214665552417328,0
000071,6.030539103900082,2,2798.5743886005043,2811.2059239306122,0.9994555265095555,1.0002307539125863,-0.03426173893086642,-34.26173893086642,-3.067582592024727,-28.28098512146767,19.095616569445426,0.08953376821341487,0.8254392801992112,-0.5573452243033168,28.128993772385627,0.0011798185940266137,1
000071,6.030539103900082,3,2834.900998297384,2846.566788581379,1.000158919576638,1.0004049309102454,-0.020248541848827142,-20.24854184882714,15.279764751143972,0.9390000244904161,-13.25332090864057,-0.7546106216052798,-0.0463737108331485,0.6545321143412726,28.137665297567242,0.0009382782073639079,2
000071,6.030539103900082,4,2869.0592264031256,2875.751831132393,0.999636607886137,0.9995255677738034,0.010066095975101583,10.066095975101584,0.861627886608905,7.745013606162721,6.371706977359245,0.08559702676590164,0.7694158316511145,0.6329869090379842,24.503188789884803,0.003501258611740536,3
000071,6.030539103900082,5,2877.1583926076537,2884.3827511279114,0.9994422977313123,0.9989516561065784,-0.03044072219398713,-30.440722193987128,-3.6091943071403523,26.320097688844317,14.861485181316782,0.1185646741276482,-0.8646344696133146,-0.4882106635516134,24.648424874504606,0.003708329692425451,4
000071,6.030539103900082,6,2904.4342455818605,2920.419747695074,0.999569344190659,0.9999843567229609,-0.04260029377109619,-42.60029377109619,-37.05782469419417,2.0283913264478044,20.91383004006826,0.869895989293329,-0.04761449151846096,-0.49093159198489034,28.149854264219062,0.0007143761320573302,5
000071,6.030539103900082,7,2937.7002853231734,2949.15820684722,1.0005318014862175,0.9996280258707104,0.015642940140883587,15.642940140883587,1.3958252509304299,-12.525022482454196,9.266987640768116,0.0892303645196706,-0.8006821204742347,0.5924070256171595,28.13207628590776,0.001246223926997528,6
000071,6.030539103900082,8,2969.468369204371,2979.433000494655,0.9995291390101094,0.9989624784405388,0.002509438933328491,2.509438933328491,2.0509641388697717,-0.11740461166613354,1.4411960374406165,0.8172998799175385,-0.046785203699063284,0.5743100652100869,28.0579231763767,0.0031239019448423113,7
000072,6.109564832993783,1,2762.6782471497686,2772.902259762475,0.9992867390327309,0.9990299960461679,-0.0012719957479200453,-1.2719957479200452,1.0351768706737199,0.06081353088382072,0.7366707158631206,-0.8138210150202394,-0.04780953944481529,-0.5791455805317881,28.057776830812678,0.003214665552417328,0
000072,6.109564832993783,2,2798.5743886005043,2811.2059239306122,1.0000540847030015,1.0000489582621763,-0.010747975708172772,-10.747975708172772,-0.9623067658189545,-8.87180133215274,5.990332931878154,0.08953376821341487,0.8254392801992112,-0.5573452243033168,28.128993772385627,0.0011798185940266137,1
000072,6.109564832993783,3,2834.900998297384,2846.566788581379,1.0002471854046808,0.9999152683744438,0.0016418895686847416,1.6418895686847415,-1.2389873080324174,-0.07614051207814912,1.074669450906104,-0.7546106216052798,-0.0463737108331485,0.6545321143412726,28.137665297567242,0.0009382782073639079,2
000072,6.109564832993783,4,2869.0592264031256,2875.751831132393,0.9998731886756645,0.9994861119923321,0.013283605399469128,13.283605399469128,1.1370371269260346,10.220616295757774,8.408348322690241,0.08559702676590164,0.7694158316511145,0.6329869090379842,24.503188789884803,0.003501258611740536,3
000072,6.109564832993783,5,2877.1583926076537,2884.3827511279114,0.9998445561680583,0.9992034143175426,-0.02879419221890689,-28.79419221890689,-3.413974017203559,24.89645111713839,14.057631689625236,0.1185646741276482,-0.8646344696133146,-0.4882106635516134,24.648424874504606,0.003708329692425451,4
000072,6.109564832993783,6,2904.4342455818605,2920.419747695074,0.9999241484205803,0.9999073898478721,-0.021129381948431673,-21.12938194843167,-18.380364613187577,1.006064777573922,10.373081117600364,0.869895989293329,-0.04761449151846096,-0.49093159198489034,28.149854264219062,0.0007143761320573302,5
000072,6.109564832993783,7,2937.7002853231734,2949.15820684722,1.0002511424331961,1.0003744440541245,-0.013652851095998047,-13.652851095998047,-1.21824888002869,10.931593766062695,-8.08804490897418,0.0892303645196706,-0.8006821204742347,0.5924070256171595,28.13207628590776,0.001246223926997528,6
000072,6.109564832993783,8,2969.468369204371,2979.433000494655,0.9996944723090483,0.9989308793636685,0.004756237846040772,4.756237846040772,3.887272620428375,-0.2225215564682115,2.731555267514359,0.8172998799175385,-0.046785203699063284,0.5743100652100869,28.0579231763767,0.0031239019448423113,7
000073,6.18488745787181,1,2762.6782471497686,2772.902259762475,0.9994841252258001,0.9990922816855603,0.000225853397126412,0.225853397126412,-0.18380424089518582,-0.010797946898660727,-0.13080199679385238,-0.8138210150202394,-0.04780953944481529,-0.5791455805317881,28.057776830812678,0.003214665552417328,0
000073,6.18488745787181,2,2798.5743886005043,2811.2059239306122,0.9993914481441108,1.0002709875460942,-0.03740488695783876,-37.404886957838755,-3.34900047893212,-30.875462966411288,20.84743511155685,0.08953376821341487,0.8254392801992112,-0.5573452243033168,28.128993772385627,0.0011798185940266137,1
000073,6.18488745787181,3,2834.900998297384,2846.566788581379,1.0003023799135558,1.0001605698885976,-0.005558872015957559,-5.55887201595756,4.194783867385929,0.2577855234264971,-3.6384602539572337,-0.7546106216052798,-0.0463737108331485,0.6545321143412726,28.137665297567242,0.0009382782073639079,2
000073,6.18488745787181,4,2869.0592264031256,2875.751831132393,0.9992224656228865,0.9992619002030791,0.008312148157319253,8.312148157319253,0.7114951683041961,6.395498387271072,5.26148096956729,0.08559702676590164,0.7694158316511145,0.6329869090379842,24.503188789884803,0.003501258611740536,3
000073,6.18488745787181,5,2877.1583926076537,2884.3827511279114,0.9996184040695846,0.9991704083390393,-0.03090728457109168,-30.90728457109168,-3.6645121233419746,26.723503602313635,15.089265909031212,0.1185646741276482,-0.8646344696133146,-0.4882106635516134,24.648424874504606,0.003708329692425451,4
000073,6.18488745787181,6,2904.4342455818605,2920.419747695074,0.9991172039058038,0.999937025816447,-0.06273046544422711,-62.730465444227114,-54.56898029643693,2.98687921484326,30.796367266487565,0.869895989293329,-0.04761449151846096,-0.49093159198489034,28.149854264219062,0.0007143761320573302,5
000073,6.18488745787181,7,2937.7002853231734,2949.15820684722,1.0000584747803696,0.9999915300491745,-0.008226367850464728,-8.226367850464728,-0.7340418019698669,6.58670565431117,-4.873358109926436,0.0892303645196706,-0.8006821204742347,0.5924070256171595,28.13207628590776,0.001246223926997528,6
000073,6.18488745787181,8,2969.468369204371,2979.433000494655,0.9991420134153115,0.9995150983583418,-0.008212105390013508,-8.212105390013509,-6.711752749128212,0.3842050234699575,-4.716294782050764,0.8172998799175385,-0.046785203699063284,0.5743100652100869,28.0579231763767,0.0031239019448423113,7
000074,6.259950749343261,1,2762.6782471497686,2772.902259762475,0.999423869254237,0.9993861584799851,-0.0037003885488306977,-3.7003885488306976,3.0114539647786693,0.17691387228646405,2.1430636743057354,-0.8138210150202394,-0.04780953944481529,-0.5791455805317881,28.057776830812678,0.003214665552417328,0
000074,6.259950749343261,2,2798.5743886005043,2811.2059239306122,0.9996744639908597,0.9998875814313825,-0.017324139830668255,-17.324139830668255,-1.5510955200958398,-14.300025511897289,9.655526599785823,0.08953376821341487,0.8254392801992112,-0.5573452243033168,28.128993772385627,0.0011798185940266137,1
000074,6.259950749343261,3,2834.900998297384,2846.566788581379,1.0001804105506555,1.0000040072411494,-0.004248567884373426,-4.248567884373426,3.20601445215926,0.19702185852493476,-2.7808241202813657,-0.7546106216052798,-0.0463737108331485,0.6545321143412726,28.137665297567242,0.0009382782073639079,2
000074,6.259950749343261,4,2869.0592264031256,2875.751831132393,0.9998280646705555,0.9996136056826932,0.011271556561237532,11.271556561237533,0.9648117286656233,8.672514065567151,7.134747747744556,0.08559702676590164,0.7694158316511145,0.6329869090379842,24.503188789884803,0.003501258611740536,3
000074,6.259950749343261,5,2877.1583926076537,2884.3827511279114,0.9997544265846269,0.9985704976326496,-0.022855893933969657,-22.855893933969657,-2.709901616177204,19.761993729136027,11.158491143568622,0.1185646741276482,-0.8646344696133146,-0.4882106635516134,24.648424874504606,0.003708329692425451,4
000074,6.259950749343261,6,2904.4342455818605,2920.419747695074,0.9996553809247327,0.9997856221872427,-0.028439321088154987,-28.439321088154987,-24.73925135281122,1.3541238127427433,13.96176117677739,0.869895989293329,-0.04761449151846096,-0.49093159198489034,28.149854264219062,0.0007143761320573302,5
000074,6.259950749343261,7,2937.7002853231734,2949.15820684722,1.0001652438145103,1.0001697160632506,-0.010263426857063117,-10.263426857063118,-0.9158093196767192,8.217742379245507,-6.080126177032033,0.0892303645196706,-0.8006821204742347,0.5924070256171595,28.13207628590776,0.001246223926997528,6
000074,6.259950749343261,8,2969.468369204371,2979.433000494655,0.999211360474422,0.9993077975204618,-0.005055833133566008,-5.055833133566008,-4.132131812946611,0.23653818302235913,-2.903615856629612,0.8172998799175385,-0.046785203699063284,0.5743100652100869,28.0579231763767,0.0031239019448423113,7
000075,6.390795374987647,1,2762.6782471497686,2772.902259762475,0.9993759392806435,0.9993832550951127,-0.004199594774006887,-4.199594774006887,3.417718481655978,0.2007806920001224,2.432176753390482,-0.8138210150202394,-0.04780953944481529,-0.5791455805317881,28.057776830812678,0.003214665552417328,0
000075,6.390795374987647,2,2798.5743886005043,2811.2059239306122,0.9995906964764223,1.000058907197653,-0.025010656722319426,-25.010656722319425,-2.239298341841434,-20.644778482180907,13.939570080874379,0.08953376821341487,0.8254392801992112,-0.5573452243033168,28.128993772385627,0.0011798185940266137,1
000075,6.390795374987647,3,2834.900998297384,2846.566788581379,1.0005472056691753,0.9998286892305845,0.01628527508851429,16.285275088514293,-12.289041557556748,-0.7552086377930386,10.659235536314513,-0.7546106216052798,-0.0463737108331485,0.6545321143412726,28.137665297567242,0.0009382782073639079,2
000075,6.390795374987647,4,2869.0592264031256,2875.751831132393,0.9996092464235226,0.999588894225816,0.009009028721539719,9.00902872153972,0.771146072612412,6.93168932615226,5.702597243881849,0.08559702676590164,0.7694158316511145,0.6329869090379842,24.503188789884803,0.003501258611740536,3
000075,6.390795374987647,5,2877.1583926076537,2884.3827511279114,0.9994622135708082,0.999263158204302,-0.03363078727195671,-33.63078727195671,-3.9874233335558067,29.0783379155665,16.418908969805138,0.1185646741276482,-0.8646344696133146,-0.4882106635516134,24.648424874504606,0.003708329692425451,4
000075,6.390795374987647,6,2904.4342455818605,2920.419747695074,0.9994139972702597,0.9996916413811102,-0.035769301076176534,-35.76930107617653,-31.115571545991525,1.703137082712884,17.560279921514198,0.869895989293329,-0.04761449151846096,-0.49093159198489034,28.149854264219062,0.0007143761320573302,5
000075,6.390795374987647,7,2937.7002853231734,2949.15820684722,1.0003318245081392,1.0000563885276563,-0.0022794771034258064,-2.2794771034258066,-0.2033985728529276,1.825136560743441,-1.3503782508029003,0.0892303645196706,-0.8006821204742347,0.5924070256171595,28.13207628590776,0.001246223926997528,6
000075,6.390795374987647,8,2969.468369204371,2979.433000494655,0.9996343424415916,0.9996083397484297,-0.0036589197424546217,-3.658919742454622,-2.990434666136073,0.17118330546926364,-2.101354435887588,0.8172998799175385,-0.046785203699063284,0.5743100652100869,28.0579231763767,0.0031239019448423113,7
000076,6.466655478463508,1,2762.6782471497686,2772.902259762475,0.9995208968697785,0.9992339754000159,-0.0009374092933929413,-0.9374092933929413,0.7628833826384489,0.04481710658840626,0.5428964494179482,-0.8138210150202394,-0.04780953944481529,-0.5791455805317881,28.057776830812678,0.003214665552417328,0
000076,6.466655478463508,2,2798.5743886005043,2811.2059239306122,1.0002025637635272,1.00022655852796,-0.011625461134283878,-11.625461134283878,-1.0408713425710359,-9.596112270667188,6.479395243516939,0.08953376821341487,0.8254392801992112,-0.5573452243033168,28.128993772385627,0.0011798185940266137,1
000076,6.466655478463508,3,2834.900998297384,2846.566788581379,1.0002378075408171,1.0001130140601728,-0.006203414695585808,-6.203414695585808,4.681162619511333,0.2876753592712002,-4.0603341368375006,-0.7546106216052798,-0.0463737108331485,0.6545321143412726,28.137665297567242,0.0009382782073639079,2
000076,6.466655478463508,4,2869.0592264031256,2875.751831132393,0.9995065476575913,0.9992596206958971,0.011650006457988445,11.650006457988445,0.997205914607364,8.963699407614035,7.37430157811466,0.08559702676590164,0.7694158316511145,0.6329869090379842,24.503188789884803,0.003501258611740536,3
000076,6.466655478463508,5,2877.1583926076537,2884.3827511279114,0.9995033323928733,0.9991941315308687,-0.03242575346542302,-32.42575346542302,-3.84454889297134,28.036424149388132,15.830598615515203,0.1185646741276482,-0.8646344696133146,-0.4882106635516134,24.648424874504606,0.003708329692425451,4
000076,6.466655478463508,6,2904.4342455818605,2920.419747695074,0.9991395224068973,0.9998828150274599,-0.058924852655175136,-58.92485265517514,-51.258492994437226,2.805676896976398,28.928071721480222,0.869895989293329,-0.04761449151846096,-0.49093159198489034,28.149854264219062,0.0007143761320573302,5
000076,6.466655478463508,7,2937.7002853231734,2949.15820684722,1.0000578202646022,0.999791872081389,-0.002550101860988485,-2.5501018609884847,-0.2275465186182929,2.041820965481552,-1.5106982584889714,0.0892303645196706,-0.8006821204742347,0.5924070256171595,28.13207628590776,0.001246223926997528,6
000076,6.466655478463508,8,2969.468369204371,2979.433000494655,0.9993809058510176,0.9991582646648356,-0.0014154737346573495,-1.4154737346573494,-1.1568665133618816,0.06622322700661795,-0.8129208128542276,0.8172998799175385,-0.046785203699063284,0.5743100652100869,28.0579231763767,0.0031239019448423113,7
000077,6.542101457947865,1,2762.6782471497686,2772.902259762475,0.9996316399747025,0.9993914443701526,-0.0014554552625295637,-1.4554552625295636,1.1844800790683585,0.06958464578407116,0.8429204829557303,-0.8138210150202394,-0.04780953944481529,-0.5791455805317881,28.057776830812678,0.003214665552417328,0
000077,6.542101457947865,2,2798.5743886005043,2811.2059239306122,0.9998270642485166,1.000125983676567,-0.01990954084412579,-19.90954084412579,-1.7825762151734748,-16.434117063471987,11.096487507545335,0.08953376821341487,0.8254392801992112,-0.5573452243033168,28.128993772385627,0.0011798185940266137,1
000077,6.542101457947865,3,2834.900998297384,2846.566788581379,1.0000548539924918,1.000104033403014,-0.012793057773930656,-12.793057773930656,9.653777279018069,0.5932615618800227,-8.373467153660885,-0.7546106216052798,-0.0463737108331485,0.6545321143412726,28.137665297567242,0.0009382782073639079,2
000077,6.542101457947865,4,2869.0592264031256,2875.751831132393,0.9996052975556657,0.9991478013670972,0.014104422079433672,14.104422079433672,1.207296594250858,10.852165644205801,8.927914535827817,0.08559702676590164,0.7694158316511145,0.6329869090379842,24.503188789884803,0.003501258611740536,3
000077,6.542101457947865,5,2877.1583926076537,2884.3827511279114,0.9996256797275649,0.9995306532371429,-0.03476890292498403,-34.76890292498403,-4.122363645076566,30.06239193958039,16.974549167968085,0.1185646741276482,-0.8646344696133146,-0.4882106635516134,24.648424874504606,0.003708329692425451,4
000077,6.542101457947865,6,2904.4342455818605,2920.419747695074,0.9994741850134151,0.9999167643393816,-0.04397112240955128,-43.971122409551285,-38.25030302879468,2.093662635026788,21.5868131258835,0.869895989293329,-0.04761449151846096,-0.49093159198489034,28.149854264219062,0.0007143761320573302,5
000077,6.542101457947865,7,2937.7002853231734,2949.15820684722,0.9999019028939732,0.9999589665480836,-0.011763515436502451,-11.76351543650245,-1.049662770431886,9.418836483930175,-6.968789190539959,0.0892303645196706,-0.8006821204742347,0.5924070256171595,28.13207628590776,0.001246223926997528,6
000077,6.542101457947865,8,2969.468369204371,2979.433000494655,0.9995562252048114,0.9989374351796162,0.0031041832141314625,3.1041832141314627,2.537048568151683,-0.14522984399235347,1.7827636641318971,0.8172998799175385,-0.046785203699063284,0.5743100652100869,28.0579231763767,0.0031239019448423113,7
000078,6.633990270434879,1,2762.6782471497686,2772.902259762475,0.9992755087026375,0.9990753307947641,-0.0018991282980746586,-1.8991282980746587,1.5455505191927785,0.09079644927756532,1.0998717606927948,-0.8138210150202394,-0.04780953944481529,-0.5791455805317881,28.057776830812678,0.003214665552417328,0
000078,6.633990270434879,2,2798.5743886005043,2811.2059239306122,1.0001310418827172,1.000213487384467,-0.013386709327380121,-13.386709327380121,-1.1985625300580107,-11.049915711428715,7.461018512751977,0.08953376821341487,0.8254392801992112,-0.5573452243033168,28.128993772385627,0.0011798185940266137,1
000078,6.633990270434879,3,2834.900998297384,2846.566788581379,1.0002135015771492,1.0001422384658607,-0.008231006612589806,-8.231006612589805,6.211205016363563,0.3817023205179728,-5.387458161295402,-0.7546106216052798,-0.0463737108331485,0.6545321143412726,28.137665297567242,0.0009382782073639079,2
000078,6.633990270434879,4,2869.0592264031256,2875.751831132393,0.9996611227308798,0.9993485145638832,0.012415593047836923,12.415593047836923,1.0627378504302394,9.55275385034324,7.858907867223779,0.08559702676590164,0.7694158316511145,0.6329869090379842,24.503188789884803,0.003501258611740536,3
000078,6.633990270434879,5,2877.1583926076537,2884.3827511279114,0.99951585599934,0.9988142920932411,-0.028133151844005964,-28.133151844005965,-3.3355979805682128,24.324892823192943,13.734904729560448,0.1185646741276482,-0.8646344696133146,-0.4882106635516134,24.648424874504606,0.003708329692425451,4
000078,6.633990270434879,6,2904.4342455818605,2920.419747695074,0.9994029710300296,1.0001320246737724,-0.05821678346713458,-58.21678346713458,-50.64254644761856,2.7719625426279575,28.580458187760023,0.869895989293329,-0.04761449151846096,-0.49093159198489034,28.149854264219062,0.0007143761320573302,5
000078,6.633990270434879,7,2937.7002853231734,2949.15820684722,1.0000707670064959,1.0000909019492497,-0.01071018100344101,-10.710181003441011,-0.9556733550086929,8.575450436498015,-6.344786472069894,0.0892303645196706,-0.8006821204742347,0.5924070256171595,28.13207628590776,0.001246223926997528,6
000078,6.633990270434879,8,2969.468369204371,2979.433000494655,0.9993240267460934,0.999456629217997,-0.005468444006586612,-5.468444006586612,-4.4693586299190216,0.2558422667650764,-3.1405824340204656,0.8172998799175385,-0.046785203699063284,0.5743100652100869,28.0579231763767,0.0031239019448423113,7
000079,6.7150806033751,1,2762.6782471497686,2772.902259762475,0.9996927319276754,0.9992815844076992,0.0004398750925021965,0.4398750925021965,-0.3579795942622593,-0.02103022558577554,-0.25475171580865863,-0.8138210150202394,-0.04780953944481529,-0.5791455805317881,28.057776830812678,0.003214665552417328,0
000079,6.7150806033751,2,2798.5743886005043,2811.2059239306122,1.0000601391471544,0.9998124430643678,-0.003438823365293107,-3.438823365293107,-0.30789081411502833,-2.8385398833797715,1.9166117798687734,0.08953376821341487,0.8254392801992112,-0.5573452243033168,28.128993772385627,0.0011798185940266137,1
000079,6.7150806033751,3,2834.900998297384,2846.566788581379,0.9999890639033607,1.0006423355510654,-0.03567450903188451,-35.67450903188451,26.920363436013538,1.6543593659591567,-23.350111824726195,-0.7546106216052798,-0.0463737108331485,0.6545321143412726,28.137665297567242,0.0009382782073639079,2
000079,6.7150806033751,4,2869.0592264031256,2875.751831132393,0.9996369006569382,0.9999334636886111,0.0053150336339903015,5.315033633990302,0.4549510762303353,4.089471023750293,3.3643467114124452,0.08559702676590164,0.7694158316511145,0.6329869090379842,24.503188789884803,0.003501258611740536,3
000079,6.7150806033751,5,2877.1583926076537,2884.3827511279114,0.9996144782191116,0.99842668304857,-0.022813596025621434,-22.813596025621433,-2.7048865784576157,19.725421499585607,11.137840853667091,0.1185646741276482,-0.8646344696133146,-0.4882106635516134,24.648424874504606,0.003708329692425451,4
000079,6.7150806033751,6,2904.4342455818605,2920.419747695074,0.9994665977898232,0.9997482331964038,-0.0359677783658462,-35.9677783658462,-31.288226144240976,1.7125874779384673,17.657718693304574,0.869895989293329,-0.04761449151846096,-0.49093159198489034,28.149854264219062,0.0007143761320573302,5
000079,6.7150806033751,7,2937.7002853231734,2949.15820684722,1.0002345716131014,0.9997966559966401,0.0023550034662996352,2.3550034662996353,0.21013781774300425,-1.8856091691209649,1.3951205987886675,0.0892303645196706,-0.8006821204742347,0.5924070256171595,28.13207628590776,0.001246223926997528,6
000079,6.7150806033751,8,2969.468369204371,2979.433000494655,0.9995219671747915,0.9994314758842592,-0.002923170174315416,-2.923170174315416,-2.3891066324465196,0.13676111205237304,-1.6788060534312677,0.8172998799175385,-0.046785203699063284,0.5743100652100869,28.0579231763767,0.0031239019448423113,7
000080,6.791817624936812,1,2762.6782471497686,2772.902259762475,0.9996457875095344,0.9991881577736306,0.000955219741300615,0.9552197413006149,-0.777377899432637,-0.045668615900178004,-0.553211291610969,-0.8138210150202394,-0.04780953944481529,-0.5791455805317881,28.057776830812678,0.003214665552417328,0
000080,6.791817624936812,2,2798.5743886005043,2811.2059239306122,1.0001954556506563,1.0000187363679023,-0.005577509146637478,-5.577509146637478,-0.49937541114324135,-4.603895135304957,3.1085980863864657,0.08953376821341487,0.8254392801992112,-0.5573452243033168,28.128993772385627,0.0011798185940266137,1
000080,6.791817624936812,3,2834.900998297384,2846.566788581379,1.0001040382175748,1.0000562549812755,-0.009120363538634173,-9.120363538634173,6.882323199154863,0.42294510143381214,-5.969570830503276,-0.7546106216052798,-0.0463737108331485,0.6545321143412726,28.137665297567242,0.0009382782073639079,2
000080,6.791817624936812,4,2869.0592264031256,2875.751831132393,0.9999090476765707,0.999648257706701,0.01181159504494181,11.81159504494181,1.0110374172098753,9.088028224630085,7.4765850383060855,0.08559702676590164,0.7694158316511145,0.6329869090379842,24.503188789884803,0.003501258611740536,3
000080,6.791817624936812,5,2877.1583926076537,2884.3827511279114,0.9997880984144705,0.9990845080590913,-0.028110981714588507,-28.110981714588508,-3.3329693863984637,24.30572376510282,13.724081035966526,0.1185646741276482,-0.8646344696133146,-0.4882106635516134,24.648424874504606,0.003708329692425451,4
000080,6.791817624936812,6,2904.4342455818605,2920.419747695074,0.9997569670381216,0.999639791523696,-0.016135895177091287,-16.135895177091285,-14.036550498209282,0.7683024440523882,7.921620707390739,0.869895989293329,-0.04761449151846096,-0.49093159198489034,28.149854264219062,0.0007143761320573302,5
000080,6.791817624936812,7,2937.7002853231734,2949.15820684722,1.000429683546513,0.9997551956104318,0.009102863356626937,9.102863356626937,0.8122518154845739,-7.288499934771266,5.3926002056987965,0.0892303645196706,-0.8006821204742347,0.5924070256171595,28.13207628590776,0.001246223926997528,6
000080,6.791817624936812,8,2969.468369204371,2979.433000494655,0.9994196747763908,0.999628950932496,-0.006343213071805366,-6.343213071805366,-5.184307281877886,0.296768515670975,-3.6429711129100153,0.8172998799175385,-0.046785203699063284,0.5743100652100869,28.0579231763767,0.0031239019448423113,7
000081,6.868657978484407,1,2762.6782471497686,2772.902259762475,0.9995911121892351,0.9991462319784393,0.0008138667655871724,0.8138667655871724,-0.6623418772613919,-0.038910595232164155,-0.4713473404315117,-0.8138210150202394,-0.04780953944481529,-0.5791455805317881,28.057776830812678,0.003214665552417328,0
000081,6.868657978484407,2,2798.5743886005043,2811.2059239306122,0.9996731835126784,0.9996935817353906,-0.011517089488390886,-11.517089488390885,-1.0311684207467466,-9.506658057287275,6.418994824228591,0.08953376821341487,0.8254392801992112,-0.5573452243033168,28.128993772385627,0.0011798185940266137,1
000081,6.868657978484407,3,2834.900998297384,2846.566788581379,0.9998925074886953,0.99987538990086,-0.010281898975498856,-10.281898975498857,7.7588301771838815,0.4768098099054298,-6.7298330758766305,-0.7546106216052798,-0.0463737108331485,0.6545321143412726,28.137665297567242,0.0009382782073639079,2
000081,6.868657978484407,4,2869.0592264031256,2875.751831132393,0.9995224274127932,0.9990119493519299,0.014721983994552611,14.72198399455261,1.2601580580288954,11.327327558723093,9.318823143618532,0.08559702676590164,0.7694158316511145,0.6329869090379842,24.503188789884803,0.003501258611740536,3
000081,6.868657978484407,5,2877.1583926076537,2884.3827511279114,0.9999576612737247,0.9988697483402514,-0.023906345863416677,-23.90634586341668,-2.834448106878849,20.670250676007736,11.671332977073025,0.1185646741276482,-0.8646344696133146,-0.4882106635516134,24.648424874504606,0.003708329692425451,4
000081,6.868657978484407,6,2904.4342455818605,2920.419747695074,0.9995314947915718,0.9999124294167158,-0.040905683522289495,-40.90568352228949,-35.583690035341846,1.9477033211289012,20.081892332827678,0.869895989293329,-0.04761449151846096,-0.49093159198489034,28.149854264219062,0.0007143761320573302,5
000081,6.868657978484407,7,2937.7002853231734,2949.15820684722,0.9999607880035889,0.9998041345729706,-0.005667565807925752,-5.667565807925752,-0.5057189629804362,4.53791860901726,-3.3575058027628084,0.0892303645196706,-0.8006821204742347,0.5924070256171595,28.13207628590776,0.001246223926997528,6
000081,6.868657978484407,8,2969.468369204371,2979.433000494655,0.9997337918778996,0.9992137120083986,0.001978000332438369,1.978000332438369,1.61661943417873,-0.09254114846994399,1.1359854999082533,0.8172998799175385,-0.046785203699063284,0.5743100652100869,28.0579231763767,0.0031239019448423113,7
000082,6.9665026244474575,1,2762.6782471497686,2772.902259762475,0.9994214100693266,0.999387415353118,-0.003741588190220648,-3.741588190220648,3.0449830987531086,0.17888360816660911,2.1669242645362194,-0.8138210150202394,-0.04780953944481529,-0.5791455805317881,28.057776830812678,0.003214665552417328,0
000082,6.9665026244474575,2,2798.5743886005043,2811.2059239306122,0.9995336489369966,1.0002461203390702,-0.03237076375476095,-32.37076375476095,-2.898276458909978,-26.720099933228596,18.04169058576692,0.08953376821341487,0.8254392801992112,-0.5573452243033168,28.128993772385627,0.0011798185940266137,1
000082,6.9665026244474575,3,2834.900998297384,2846.566788581379,1.0002609428753126,1.000366198356382,-0.01491707426675785,-14.91707426675785,11.256582684970265,0.6917600885232292,-9.763704159606805,-0.7546106216052798,-0.0463737108331485,0.6545321143412726,28.137665297567242,0.0009382782073639079,2
000082,6.9665026244474575,4,2869.0592264031256,2875.751831132393,0.9999795785503625,0.9996770930410479,0.012297602354162307,12.297602354162306,1.052638197865646,9.461969942642494,7.784221302739436,0.08559702676590164,0.7694158316511145,0.6329869090379842,24.503188789884803,0.003501258611740536,3
000082,6.9665026244474575,5,2877.1583926076537,2884.3827511279114,0.9995922121264144,0.9993014745124774,-0.03262774845395399,-32.62774845395399,-3.8684983629619323,28.211075979161155,15.929214722900008,0.1185646741276482,-0.8646344696133146,-0.4882106635516134,24.648424874504606,0.003708329692425451,4
000082,6.9665026244474575,6,2904.4342455818605,2920.419747695074,0.9993990325227603,0.9996833509128289,-0.03610119651546911,-36.101196515469105,-31.40428605749688,1.718940115292096,17.723217877898623,0.869895989293329,-0.04761449151846096,-0.49093159198489034,28.149854264219062,0.0007143761320573302,5
000082,6.9665026244474575,7,2937.7002853231734,2949.15820684722,1.00014639942901,0.9998003861503272,-0.0002663687209370509,-0.2663687209370509,-0.023768178065851464,0.2132766723078876,-0.15779870168776552,0.0892303645196706,-0.8006821204742347,0.5924070256171595,28.13207628590776,0.001246223926997528,6
000082,6.9665026244474575,8,2969.468369204371,2979.433000494655,0.9998571013531296,0.9996612088490464,-0.0017206491006135677,-1.7206491006135678,-1.4062863033116895,0.0805009186668158,-0.9881860971770553,0.8172998799175385,-0.046785203699063284,0.5743100652100869,28.0579231763767,0.0031239019448423113,7
000083,7.043504312401637,1,2762.6782471497686,2772.902259762475,0.9994867721334633,0.9992415271544137,-0.0013994732471235703,-1.3994732471235702,1.1389207384677744,0.06690817141031807,0.8104987461440867,-0.8138210150202394,-0.04780953944481529,-0.5791455805317881,28.057776830812678,0.003214665552417328,0
000083,7.043504312401637,2,2798.5743886005043,2811.2059239306122,1.0000863328992478,0.9997026534957669,0.0006586506591048268,0.6586506591048268,0.058971475445904496,0.5436761259542242,-0.3670957993363071,0.08953376821341487,0.8254392801992112,-0.5573452243033168,28.128993772385627,0.0011798185940266137,1
000083,7.043504312401637,3,2834.900998297384,2846.566788581379,0.999929005940254,1.0002190777373907,-0.02191743823020018,-21.91743823020018,16.53913168688668,1.016392942690697,-14.345667185757163,-0.7546106216052798,-0.0463737108331485,0.6545321143412726,28.137665297567242,0.0009382782073639079,2
000083,7.043504312401637,4,2869.0592264031256,2875.751831132393,0.9997795802841337,0.9994155259705937,0.013015254392533928,13.015254392533928,1.1140670786027456,10.014142782582313,8.238485648273096,0.08559702676590164,0.7694158316511145,0.6329869090379842,24.503188789884803,0.003501258611740536,3
000083,7.043504312401637,5,2877.1583926076537,2884.3827511279114,0.9996547102654247,0.998664827591975,-0.02497883436471227,-24.97883436471227,-2.9616073565406107,21.59756120249183,12.19493329994202,0.1185646741276482,-0.8646344696133146,-0.4882106635516134,24.648424874504606,0.003708329692425451,4
000083,7.043504312401637,6,2904.4342455818605,2920.419747695074,0.9997497114329539,0.9995160973425662,-0.010345692061993192,-10.345692061993192,-8.99967603119171,0.49260486693838373,5.07902707417976,0.869895989293329,-0.04761449151846096,-0.49093159198489034,28.149854264219062,0.0007143761320573302,5
000083,7.043504312401637,7,2937.7002853231734,2949.15820684722,1.0003394471598808,0.9996975791356175,0.008172430772900661,8.172430772900661,0.7292289768776995,-6.543519200674991,4.841405406236225,0.0892303645196706,-0.8006821204742347,0.5924070256171595,28.13207628590776,0.001246223926997528,6
000083,7.043504312401637,8,2969.468369204371,2979.433000494655,0.9995571819058453,0.9992742692001572,-0.0007278367529899123,-0.7278367529899124,-0.5948608908182265,0.03405199074829786,-0.4180039730719345,0.8172998799175385,-0.046785203699063284,0.5743100652100869,28.0579231763767,0.0031239019448423113,7
000084,7.126271937508136,1,2762.6782471497686,2772.902259762475,0.9996746710788187,0.9993494759030122,-0.0005130717439496975,-0.5130717439496975,0.41754856743934715,0.02452972378038323,0.2971432330042045,-0.8138210150202394,-0.04780953944481529,-0.5791455805317881,28.057776830812678,0.003214665552417328,0
000084,7.126271937508136,2,2798.5743886005043,2811.2059239306122,1.0000229743037379,0.9999613065926716,-0.009044263922515745,-9.044263922515745,-0.809767029699475,-7.46549070213309,5.040777304552934,0.08953376821341487,0.8254392801992112,-0.5573452243033168,28.128993772385627,0.0011798185940266137,1
000084,7.126271937508136,3,2834.900998297384,2846.566788581379,0.9998407234988801,1.0002078115545545,-0.024834614875310277,-24.834614875310276,18.740464168385618,1.151673248880247,-16.255052983188055,-0.7546106216052798,-0.0463737108331485,0.6545321143412726,28.137665297567242,0.0009382782073639079,2
000084,7.126271937508136,4,2869.0592264031256,2875.751831132393,0.9996298639094723,0.9994309650091814,0.011090186649910749,11.090186649910748,0.9492870035112554,8.532965184407166,7.019942968181321,0.08559702676590164,0.7694158316511145,0.6329869090379842,24.503188789884803,0.003501258611740536,3
000084,7.126271937508136,5,2877.1583926076537,2884.3827511279114,0.9994349777495652,0.9990750195782383,-0.03187044910744286,-31.870449107442862,-3.77870941272576,27.556288860351994,15.559493106432605,0.1185646741276482,-0.8646344696133146,-0.4882106635516134,24.648424874504606,0.003708329692425451,4
000084,7.126271937508136,6,2904.4342455818605,2920.419747695074,0.9994722655220154,0.9996880772887763,-0.032694531152177284,-32.694531152177284,-28.440841521104822,1.5567334762454028,16.050778227737986,0.869895989293329,-0.04761449151846096,-0.49093159198489034,28.149854264219062,0.0007143761320573302,5
000084,7.126271937508136,7,2937.7002853231734,2949.15820684722,1.000060700463665,0.9998371813425044,-0.0037603252990866566,-3.7603252990866567,-0.33553519715004176,3.010825234145615,-2.227643125784882,0.0892303645196706,-0.8006821204742347,0.5924070256171595,28.13207628590776,0.001246223926997528,6
000084,7.126271937508136,8,2969.468369204371,2979.433000494655,0.9994812988220431,0.999171232055036,-0.0004180364207874284,-0.41803642078742836,-0.34166111651072284,0.01955791910016717,-0.24008252408261932,0.8172998799175385,-0.046785203699063284,0.5743100652100869,28.0579231763767,0.0031239019448423113,7
000085,7.258026124443859,1,2762.6782471497686,2772.902259762475,0.9995137200019322,0.9989339294214066,0.0023096073562664152,2.3096073562664152,-1.8796070029749457,-0.11042126400145473,-1.3375988931454013,-0.8138210150202394,-0.04780953944481529,-0.5791455805317881,28.057776830812678,0.003214665552417328,0
000085,7.258026124443859,2,2798.5743886005043,2811.2059239306122,1.0000187398278348,0.9995100949378924,0.004424133308804354,4.424133308804354,0.3961093262157372,3.65185341392482,-2.465769571343338,0.08953376821341487,0.8254392801992112,-0.5573452243033168,28.128993772385627,0.0011798185940266137,1
000085,7.258026124443859,3,2834.900998297384,2846.566788581379,0.999937394943444,0.9999402060416697,-0.011036746051278343,-11.036746051278342,8.328445798254767,0.5118148699208754,-7.223904728390905,-0.7546106216052798,-0.0463737108331485,0.6545321143412726,28.137665297567242,0.0009382782073639079,2
000085,7.258026124443859,4,2869.0592264031256,2875.751831132393,0.9996236622260114,0.9997595138214683,0.007188301943175868,7.188301943175868,0.6152972738314075,5.530793317767983,4.5501010282426275,0.08559702676590164,0.7694158316511145,0.6329869090379842,24.503188789884803,0.003501258611740536,3
000085,7.258026124443859,5,2877.1583926076537,2884.3827511279114,0.9997988504302527,0.9992343986965642,-0.029633211399724572,-29.633211399724573,-3.513452052964054,25.621896021540085,14.467249800624767,0.1185646741276482,-0.8646344696133146,-0.4882106635516134,24.648424874504606,0.003708329692425451,4
000085,7.258026124443859,6,2904.4342455818605,2920.419747695074,0.999625636453226,0.9999406944037654,-0.037629799019616154,-37.62979901961616,-32.734011245078136,1.791723746260904,18.473657138771625,0.869895989293329,-0.04761449151846096,-0.49093159198489034,28.149854264219062,0.0007143761320573302,5
000085,7.258026124443859,7,2937.7002853231734,2949.15820684722,1.0000234269249326,0.9996936060005335,-0.0007282306081466522,-0.7282306081466522,-0.06498028261930718,0.5830812275251029,-0.4314089285355335,0.0892303645196706,-0.8006821204742347,0.5924070256171595,28.13207628590776,0.001246223926997528,6
000085,7.258026124443859,8,2969.468369204371,2979.433000494655,0.9996792757678573,0.9992354772076816,0.0011077078670776986,1.1077078670776985,0.9053295067463157,-0.05182433820028504,0.6361677773751193,0.8172998799175385,-0.046785203699063284,0.5743100652100869,28.0579231763767,0.0031239019448423113,7
000086,7.336046082898974,1,2762.6782471497686,2772.902259762475,0.9994693072025252,0.9994525966743757,-0.003933216615141491,-3.9332166151414913,3.200934338028919,0.18804527490661,2.2779050199333937,-0.8138210150202394,-0.04780953944481529,-0.5791455805317881,28.057776830812678,0.003214665552417328,0
000086,7.336046082898974,2,2798.5743886005043,2811.2059239306122,0.9997446003080734,0.9999045984442553,-0.015723539340696986,-15.723539340696986,-1.407787726824474,-12.9788269955689,8.763439560682787,0.08953376821341487,0.8254392801992112,-0.5573452243033168,28.128993772385627,0.0011798185940266137,1
000086,7.336046082898974,3,2834.900998297384,2846.566788581379,1.0001053573144687,1.0002224037175627,-0.015363683891885298,-15.363683891885298,11.59359905180259,0.7124710341341903,-10.056024501826636,-0.7546106216052798,-0.0463737108331485,0.6545321143412726,28.137665297567242,0.0009382782073639079,2
000086,7.336046082898974,4,2869.0592264031256,2875.751831132393,0.9994176357446258,0.9994771547488278,0.008078042135427857,8.078042135427857,0.6914563888822995,6.21537350774297,5.113294922383076,0.08559702676590164,0.7694158316511145,0.6329869090379842,24.503188789884803,0.003501258611740536,3
000086,7.336046082898974,5,2877.1583926076537,2884.3827511279114,0.9999515770864715,0.9989546006711733,-0.024901226118423395,-24.901226118423395,-2.952405760109752,21.530458437624226,12.157044126524251,0.1185646741276482,-0.8646344696133146,-0.4882106635516134,24.648424874504606,0.003708329692425451,4
000086,7.336046082898974,6,2904.4342455818605,2920.419747695074,0.9995834622673144,1.0001171525721828,-0.04850184660897082,-48.50184660897082,-42.19156183846397,2.309390763992535,23.811088769949,0.869895989293329,-0.04761449151846096,-0.49093159198489034,28.149854264219062,0.0007143761320573302,5
000086,7.336046082898974,7,2937.7002853231734,2949.15820684722,0.9998724198635243,0.9998950600457782,-0.010781639089349416,-10.781639089349415,-0.9620495860621778,8.632665648248187,-6.387118744199189,0.0892303645196706,-0.8006821204742347,0.5924070256171595,28.13207628590776,0.001246223926997528,6
000086,7.336046082898974,8,2969.468369204371,2979.433000494655,0.9997343973178914,0.9994168065510928,-0.0003321952050837194,-0.3321952050837194,-0.271503101224106,0.015541820337693916,-0.19078304989410905,0.8172998799175385,-0.046785203699063284,0.5743100652100869,28.0579231763767,0.0031239019448423113,7
000087,7.413209812366404,1,2762.6782471497686,2772.902259762475,0.9991524542513719,0.99905496469794,-0.003037625955710851,-3.037625955710851,2.47208383852843,0.14522749794815268,1.7592276475585884,-0.8138210150202394,-0.04780953944481529,-0.5791455805317881,28.057776830812678,0.003214665552417328,0
000087,7.413209812366404,2,2798.5743886005043,2811.2059239306122,1.000020395894066,0.9998284837748361,-0.00511971584890418,-5.11971584890418,-0.45838745213433335,-4.226014565143959,2.853449178176746,0.08953376821341487,0.8254392801992112,-0.5573452243033168,28.128993772385627,0.0011798185940266137,1
000087,7.413209812366404,3,2834.900998297384,2846.566788581379,1.0002274995564548,1.0005010126216558,-0.021290236299170293,-21.290236299170292,16.06583844784019,0.9873072617071249,-13.935143379721243,-0.7546106216052798,-0.0463737108331485,0.6545321143412726,28.137665297567242,0.0009382782073639079,2
000087,7.413209812366404,4,2869.0592264031256,2875.751831132393,0.9994221392616041,0.9998720111750404,0.0035280502276681933,3.5280502276681935,0.3019906097691597,2.714537700028227,2.2332096085424458,0.08559702676590164,0.7694158316511145,0.6329869090379842,24.503188789884803,0.003501258611740536,3
000087,7.413209812366404,5,2877.1583926076537,2884.3827511279114,0.99982381732283,0.9989811371086632,-0.026589285514242528,-26.589285514242526,-3.152549972283162,22.990012778004075,12.981172724271646,0.1185646741276482,-0.8646344696133146,-0.4882106635516134,24.648424874504606,0.003708329692425451,4
000087,7.413209812366404,6,2904.4342455818605,2920.419747695074,0.999513611219554,0.9999822378318365,-0.04526638969636658,-45.26638969636658,-39.377050846658165,2.155336128268995,22.222700757045683,0.869895989293329,-0.04761449151846096,-0.49093159198489034,28.149854264219062,0.0007143761320573302,5
000087,7.413209812366404,7,2937.7002853231734,2949.15820684722,0.9997670770587586,1.0000184563225405,-0.017306067966204992,-17.306067966204992,-1.5442267530266658,13.85665919625224,-10.252236248987904,0.0892303645196706,-0.8006821204742347,0.5924070256171595,28.13207628590776,0.001246223926997528,6
000087,7.413209812366404,8,2969.468369204371,2979.433000494655,0.9995395057763747,0.9992013840712791,-9.795799724434933e-05,-0.09795799724434932,-0.08006105938476928,0.004582984855029163,-0.05625826378525177,0.8172998799175385,-0.046785203699063284,0.5743100652100869,28.0579231763767,0.0031239019448423113,7
000088,7.4903503329260275,1,2762.6782471497686,2772.902259762475,0.9992664917814624,0.9993930158837689,-0.005521247625605579,-5.521247625605579,4.493307346848419,0.26396830614098266,3.1976061613910995,-0.8138210150202394,-0.04780953944481529,-0.5791455805317881,28.057776830812678,0.003214665552417328,0
000088,7.4903503329260275,2,2798.5743886005043,2811.2059239306122,0.9998787496164528,0.9998162275945226,-0.00901852167298186,-9.018521672981858,-0.8074622290964163,-7.444242038207132,5.026429984712398,0.08953376821341487,0.8254392801992112,-0.5573452243033168,28.128993772385627,0.0011798185940266137,1
000088,7.4903503329260275,3,2834.900998297384,2846.566788581379,1.0000231132737016,1.0004000970843614,-0.025209440475476314,-25.209440475476313,19.023311547520482,1.1690553028752082,-16.50038837577397,-0.7546106216052798,-0.0463737108331485,0.6545321143412726,28.137665297567242,0.0009382782073639079,2
000088,7.4903503329260275,4,2869.0592264031256,2875.751831132393,0.9994898561332011,0.9991795709583648,0.012388516022710152,12.388516022710151,1.0604201375857223,9.53192035853669,7.84176846478284,0.08559702676590164,0.7694158316511145,0.6329869090379842,24.503188789884803,0.003501258611740536,3
000088,7.4903503329260275,5,2877.1583926076537,2884.3827511279114,0.9998849172583005,0.9990947503296086,-0.027163800922276403,-27.1638009222764,-3.2206672044180116,23.486758603114126,13.261657272848492,0.1185646741276482,-0.8646344696133146,-0.4882106635516134,24.648424874504606,0.003708329692425451,4
000088,7.4903503329260275,6,2904.4342455818605,2920.419747695074,0.9995855984838135,1.0002091932835313,-0.052972575332998845,-52.972575332998844,-46.080630824714426,2.522262238904107,26.005910739768655,0.869895989293329,-0.04761449151846096,-0.49093159198489034,28.149854264219062,0.0007143761320573302,5
000088,7.4903503329260275,7,2937.7002853231734,2949.15820684722,0.9999138813111733,0.9998512466784298,-0.008349306749282455,-8.349306749282455,-0.7450116847250194,6.685140632505315,-4.946187977307694,0.0892303645196706,-0.8006821204742347,0.5924070256171595,28.13207628590776,0.001246223926997528,6
000088,7.4903503329260275,8,2969.468369204371,2979.433000494655,0.9991760000836516,0.9995123757079941,-0.007793289250842142,-7.793289250842142,-6.369454368875926,0.36461062508636993,-4.47576445785222,0.8172998799175385,-0.046785203699063284,0.5743100652100869,28.0579231763767,0.0031239019448423113,7
000089,7.587899853475392,1,2762.6782471497686,2772.902259762475,0.9997651255798534,0.9993403954789892,0.0005904640917101947,0.5904640917101948,-0.4805320864485944,-0.02822981628336559,-0.34196466917667573,-0.8138210150202394,-0.04780953944481529,-0.5791455805317881,28.057776830812678,0.003214665552417328,0
000089,7.587899853475392,2,2798.5743886005043,2811.2059239306122,0.9999013660391124,0.9999564162340605,-0.012561228985839126,-12.561228985839126,-1.1246541644937487,-10.368531812488516,7.000940986637832,0.08953376821341487,0.8254392801992112,-0.5573452243033168,28.128993772385627,0.0011798185940266137,1
000089,7.587899853475392,3,2834.900998297384,2846.566788581379,1.0002581880207528,1.0003461155585687,-0.014260736600829512,-14.260736600829512,10.761303310901123,0.6613232753945649,-9.334110079404914,-0.7546106216052798,-0.0463737108331485,0.6545321143412726,28.137665297567242,0.0009382782073639079,2
000089,7.587899853475392,4,2869.0592264031256,2875.751831132393,0.9995036987909678,0.9993818167655768,0.010192470380182282,10.192470380182282,0.8724451599431224,7.8422480741473,6.45170032141279,0.08559702676590164,0.7694158316511145,0.6329869090379842,24.503188789884803,0.003501258611740536,3
000089,7.587899853475392,5,2877.1583926076537,2884.3827511279114,0.9998676290880631,0.9991916651584842,-0.028413225368696594,-28.413225368696594,-3.3688048067549388,24.567054046666556,13.8716396108929,0.1185646741276482,-0.8646344696133146,-0.4882106635516134,24.648424874504606,0.003708329692425451,4
000089,7.587899853475392,6,2904.4342455818605,2920.419747695074,0.9993912100763248,0.9999497628260179,-0.04973819465156223,-49.738194651562225,-43.26705604208489,2.36825884738037,24.4180510827458,0.869895989293329,-0.04761449151846096,-0.49093159198489034,28.149854264219062,0.0007143761320573302,5
000089,7.587899853475392,7,2937.7002853231734,2949.15820684722,1.0006286246081155,0.9998649469512124,0.011646862336434886,11.646862336434886,1.0392537717905073,-9.325434432408185,6.899683074499912,0.0892303645196706,-0.8006821204742347,0.5924070256171595,28.13207628590776,0.001246223926997528,6
000089,7.587899853475392,8,2969.468369204371,2979.433000494655,0.9995858732070021,0.9991727726745202,0.0007574744686252213,0.7574744686252213,0.6190837922479946,-0.0354385973114707,0.4350252114711267,0.8172998799175385,-0.046785203699063284,0.5743100652100869,28.0579231763767,0.0031239019448423113,7
000090,7.666404374409467,1,2762.6782471497686,2772.902259762475,0.9994107706058352,0.9992843455923236,-0.002716820800126487,-2.716820800126487,2.211005861187037,0.1298899512081419,1.5734347594900915,-0.8138210150202394,-0.04780953944481529,-0.5791455805317881,28.057776830812678,0.003214665552417328,0
000090,7.666404374409467,2,2798.5743886005043,2811.2059239306122,1.00015726371746,0.9995795928406708,0.006504036834248985,6.504036834248986,0.5823309263691613,5.368687482851638,-3.624993868261535,0.08953376821341487,0.8254392801992112,-0.5573452243033168,28.128993772385627,0.0011798185940266137,1
000090,7.666404374409467,3,2834.900998297384,2846.566788581379,1.0002656492212476,1.0002142164668946,-0.008982129235456182,-8.982129235456183,6.778010125706547,0.41653466383101423,-5.879092039769693,-0.7546106216052798,-0.0463737108331485,0.6545321143412726,28.137665297567242,0.0009382782073639079,2
000090,7.666404374409467,4,2869.0592264031256,2875.751831132393,0.9993994395157039,0.9993819540579659,0.008975613718473621,8.975613718473621,0.7682858477005805,6.905979293778533,5.681445984375545,0.08559702676590164,0.7694158316511145,0.6329869090379842,24.503188789884803,0.003501258611740536,3
000090,7.666404374409467,5,2877.1583926076537,2884.3827511279114,0.9993737956589158,0.9990413063127124,-0.03217096854992945,-32.17096854992945,-3.8143404024932046,27.816128329114875,15.706209902859143,0.1185646741276482,-0.8646344696133146,-0.4882106635516134,24.648424874504606,0.003708329692425451,4
000090,7.666404374409467,6,2904.4342455818605,2920.419747695074,0.9992985941472895,0.9996858547111835,-0.04122025684950356,-41.22025684950356,-35.85733611102402,1.9626815701494693,20.236326317152862,0.869895989293329,-0.04761449151846096,-0.49093159198489034,28.149854264219062,0.0007143761320573302,5
000090,7.666404374409467,7,2937.7002853231734,2949.15820684722,1.0001315741919807,0.999581001264226,0.005568379204639919,5.5683792046399185,0.4968685062137734,-4.458501669175723,3.298746962129179,0.0892303645196706,-0.8006821204742347,0.5924070256171595,28.13207628590776,0.001246223926997528,6
000090,7.666404374409467,8,2969.468369204371,2979.433000494655,0.999534975900104,0.9996279816751833,-0.005016685807832788,-5.016685807832788,-4.100136708325757,0.23470666741365684,-2.8811331534349662,0.8172998799175385,-0.046785203699063284,0.5743100652100869,28.0579231763767,0.0031239019448423113,7
000091,7.7460537913721055,1,2762.6782471497686,2772.902259762475,0.9991925196719463,0.999476316695545,-0.00726492005540171,-7.26492005540171,5.912344613527914,0.3473324819521577,4.207446343002654,-0.8138210150202394,-0.04780953944481529,-0.5791455805317881,28.057776830812678,0.003214665552417328,0
000091,7.7460537913721055,2,2798.5743886005043,2811.2059239306122,0.9998715449657827,1.0002555469561922,-0.02247326400823294,-22.47326400823294,-2.0121160107120066,-18.550314866682637,12.525366369496243,0.08953376821341487,0.8254392801992112,-0.5573452243033168,28.128993772385627,0.0011798185940266137,1
000091,7.7460537913721055,3,2834.900998297384,2846.566788581379,0.9998011695483153,0.9999725759912177,-0.017422701579412374,-17.422701579412376,13.14735566888366,0.807955324975909,-11.40371770230981,-0.7546106216052798,-0.0463737108331485,0.6545321143412726,28.137665297567242,0.0009382782073639079,2
000091,7.7460537913721055,4,2869.0592264031256,2875.751831132393,0.9994287291877587,0.9992681466815155,0.010643566991833655,10.643566991833655,0.9110576886846525,8.189328948756044,6.737238571299501,0.08559702676590164,0.7694158316511145,0.6329869090379842,24.503188789884803,0.003501258611740536,3
000091,7.7460537913721055,5,2877.1583926076537,2884.3827511279114,0.999942936315532,0.999120023436067,-0.026805547708832703,-26.8055477088327,-3.178191028910877,23.177000525920963,13.086754233793645,0.1185646741276482,-0.8646344696133146,-0.4882106635516134,24.648424874504606,0.003708329692425451,4
000091,7.7460537913721055,6,2904.4342455818605,2920.419747695074,0.9996499126816446,0.9997572888047034,-0.027302294114205053,-27.302294114205054,-23.750156148453836,1.299984851535343,13.403558714326387,0.869895989293329,-0.04761449151846096,-0.49093159198489034,28.149854264219062,0.0007143761320573302,5
000091,7.7460537913721055,7,2937.7002853231734,2949.15820684722,1.0002027053894094,0.9999479581475511,-0.0028695914066150636,-2.8695914066150636,-0.2560546872347764,2.297630532343191,-1.6999661099293908,0.0892303645196706,-0.8006821204742347,0.5924070256171595,28.13207628590776,0.001246223926997528,6
000091,7.7460537913721055,8,2969.468369204371,2979.433000494655,0.9991977103677496,0.9995307466525011,-0.007755190768906072,-7.755190768906072,-6.338316484164536,0.3628281798483658,-4.45388411620711,0.8172998799175385,-0.046785203699063284,0.5743100652100869,28.0579231763767,0.0031239019448423113,7
000092,7.842058457899839,1,2762.6782471497686,2772.902259762475,0.9994013261950994,0.9990899935367238,-0.0006667643774516177,-0.6667643774516178,0.5426268624370135,0.031877697804170824,0.3861536424571334,-0.8138210150202394,-0.04780953944481529,-0.5791455805317881,28.057776830812678,0.003214665552417328,0
000092,7.842058457899839,2,2798.5743886005043,2811.2059239306122,0.9998292316709038,1.0000014824666064,-0.01609273869441048,-16.092738694410478,-1.4408435361844005,-13.28357864434818,8.969211057290874,0.08953376821341487,0.8254392801992112,-0.5573452243033168,28.128993772385627,0.0011798185940266137,1
000092,7.842058457899839,3,2834.900998297384,2846.566788581379,1.000266907739812,1.000357978471521,-0.014379792654580737,-14.379792654580738,10.851144273628208,0.66684434640416,-9.41203608999183,-0.7546106216052798,-0.0463737108331485,0.6545321143412726,28.137665297567242,0.0009382782073639079,2
000092,7.842058457899839,4,2869.0592264031256,2875.751831132393,0.9995540138847311,0.99939347686496,0.010643036797039984,10.643036797039985,0.9110123055867076,8.188921008487933,6.736902964935867,0.08559702676590164,0.7694158316511145,0.6329869090379842,24.503188789884803,0.003501258611740536,3
000092,7.842058457899839,5,2877.1583926076537,2884.3827511279114,0.9998269187735596,0.9987719610321553,-0.024266888256586485,-24.266888256586483,-2.87719569823423,20.98198805689923,11.847353618080943,0.1185646741276482,-0.8646344696133146,-0.4882106635516134,24.648424874504606,0.003708329692425451,4
000092,7.842058457899839,6,2904.4342455818605,2920.419747695074,0.9994848059366471,1.000299117140391,-0.0624564315856818,-62.4564315856818,-54.330599341957786,2.973831232009783,30.661835388054158,0.869895989293329,-0.04761449151846096,-0.49093159198489034,28.149854264219062,0.0007143761320573302,5
000092,7.842058457899839,7,2937.7002853231734,2949.15820684722,1.0001419694123275,1.0003319610041863,-0.015555079474415551,-15.555079474415551,-1.3879854116345458,12.454674017720288,-9.214938364677046,0.0892303645196706,-0.8006821204742347,0.5924070256171595,28.13207628590776,0.001246223926997528,6
000092,7.842058457899839,8,2969.468369204371,2979.433000494655,0.9990738890434772,0.999235178378859,-0.005795732058676651,-5.795732058676651,-4.736851115590654,0.2711545049503785,-3.3285472565587786,0.8172998799175385,-0.046785203699063284,0.5743100652100869,28.0579231763767,0.0031239019448423113,7
000093,7.921964853885584,1,2762.6782471497686,2772.902259762475,0.9994651328782389,0.9992792866609849,-0.0020580226175801845,-2.0580226175801846,1.674862055573716,0.09839311351352184,1.1918947036060261,-0.8138210150202394,-0.04780953944481529,-0.5791455805317881,28.057776830812678,0.003214665552417328,0
000093,7.921964853885584,2,2798.5743886005043,2811.2059239306122,0.9999736993155904,1.0000521289651918,-0.013265702943801277,-13.265702943801278,-1.187728372558319,-10.950032289267885,7.393576182754093,0.08953376821341487,0.8254392801992112,-0.5573452243033168,28.128993772385627,0.0011798185940266137,1
000093,7.921964853885584,3,2834.900998297384,2846.566788581379,1.000277329910247,1.0002783837899156,-0.010970187157972532,-10.970187157972532,8.278219750403911,0.5087282870493374,-7.180339795227237,-0.7546106216052798,-0.0463737108331485,0.6545321143412726,28.137665297567242,0.0009382782073639079,2
000093,7.921964853885584,4,2869.0592264031256,2875.751831132393,0.9996502788871491,0.9995450467924659,0.009998397150053314,9.998397150053314,0.8558330684692282,7.692925058386404,6.3288545073464375,0.08559702676590164,0.7694158316511145,0.6329869090379842,24.503188789884803,0.003501258611740536,3
000093,7.921964853885584,5,2877.1583926076537,2884.3827511279114,0.9995900350117674,0.9994060180454578,-0.033795313116170164,-33.79531311617016,-4.006930286660551,29.220592631615684,16.499232241379982,0.1185646741276482,-0.8646344696133146,-0.4882106635516134,24.648424874504606,0.003708329692425451,4
000093,7.921964853885584,6,2904.4342455818605,2920.419747695074,0.9994944734626648,0.9998602514366052,-0.04015198065115113,-40.15198065115113,-34.928046930619715,1.911816142163644,19.71187578241614,0.869895989293329,-0.04761449151846096,-0.49093159198489034,28.149854264219062,0.0007143761320573302,5
000093,7.921964853885584,7,2937.7002853231734,2949.15820684722,1.0002483699693958,0.9998376159743814,0.0015802601818298361,1.580260181829836,0.14100719206059723,-1.265286073288513,0.9361572340190448,0.0892303645196706,-0.8006821204742347,0.5924070256171595,28.13207628590776,0.001246223926997528,6
000093,7.921964853885584,8,2969.468369204371,2979.433000494655,0.9997757426046415,0.9993332928469018,0.0010923193976392176,1.0923193976392176,0.8927525125221305,-0.051104385522988904,0.6273300244884219,0.8172998799175385,-0.046785203699063284,0.5743100652100869,28.0579231763767,0.0031239019448423113,7
000094,8.025798374437727,1,2762.6782471497686,2772.902259762475,0.9993263506690695,0.999285713748917,-0.003667946600841935,-3.667946600841935,2.9850520257372204,0.17536283769442865,2.1242750635042014,-0.8138210150202394,-0.04780953944481529,-0.5791455805317881,28.057776830812678,0.003214665552417328,0
000094,8.025798374437727,2,2798.5743886005043,2811.2059239306122,0.9998311510182913,1.0000900024901294,-0.018702205937515596,-18.702205937515597,-1.6744789714890727,-15.437535407200288,10.423585163211452,0.08953376821341487,0.8254392801992112,-0.5573452243033168,28.128993772385627,0.0011798185940266137,1
000094,8.025798374437727,3,2834.900998297384,2846.566788581379,1.0000800712846332,1.000126381116265,-0.012684365548691741,-12.68436554869174,9.571756971366872,0.5882211000569818,-8.302324601662802,-0.7546106216052798,-0.0463737108331485,0.6545321143412726,28.137665297567242,0.0009382782073639079,2
000094,8.025798374437727,4,2869.0592264031256,2875.751831132393,0.9996852916596584,0.9992940547842633,0.013332097007375336,13.332097007375335,1.141187864385904,10.257926506583027,8.439042875693072,0.08559702676590164,0.7694158316511145,0.6329869090379842,24.503188789884803,0.003501258611740536,3
000094,8.025798374437727,5,2877.1583926076537,2884.3827511279114,0.9996991863695132,0.9995514176405589,-0.034191882683020904,-34.19188268302091,-4.0539494281231505,29.563480348714457,16.692841732756555,0.1185646741276482,-0.8646344696133146,-0.4882106635516134,24.648424874504606,0.003708329692425451,4
000094,8.025798374437727,6,2904.4342455818605,2920.419747695074,0.9995853134728964,0.9996816733504781,-0.026754483404988687,-26.754483404988687,-23.27361780961459,1.2739011231676383,13.134621130744426,0.869895989293329,-0.04761449151846096,-0.49093159198489034,28.149854264219062,0.0007143761320573302,5
000094,8.025798374437727,7,2937.7002853231734,2949.15820684722,1.0001363222168964,0.999960830976306,-0.005130246384686295,-5.130246384686295,-0.45777375498128037,4.107696553845899,-3.039194001435194,0.0892303645196706,-0.8006821204742347,0.5924070256171595,28.13207628590776,0.001246223926997528,6
000094,8.025798374437727,8,2969.468369204371,2979.433000494655,0.9993049916918518,0.9994554013771743,-0.005671606272737425,-5.671606272737424,-4.635403125647856,0.2653472547709055,-3.2572605683417684,0.8172998799175385,-0.046785203699063284,0.5743100652100869,28.0579231763767,0.0031239019448423113,7
000095,8.110420020413585,1,2762.6782471497686,2772.902259762475,0.9995479060767373,0.9989862959430125,0.0021080421816167426,2.1080421816167427,-1.7155690279488172,-0.10078452583334013,-1.2208633130579254,-0.8138210150202394,-0.04780953944481529,-0.5791455805317881,28.057776830812678,0.003214665552417328,0
000095,8.110420020413585,2,2798.5743886005043,2811.2059239306122,0.9999901488533766,0.9998355578065431,-0.006244281155345521,-6.244281155345521,-0.5590740216221003,-5.154274942229906,3.4802202811390237,0.08953376821341487,0.8254392801992112,-0.5573452243033168,28.128993772385627,0.0011798185940266137,1
000095,8.110420020413585,3,2834.900998297384,2846.566788581379,0.9999097336870467,1.0002332514202597,-0.023184283769673433,-23.18428376967343,17.49510678690647,1.0751412714084938,-15.1748582752524,-0.7546106216052798,-0.0463737108331485,0.6545321143412726,28.137665297567242,0.0009382782073639079,2
000095,8.110420020413585,4,2869.0592264031256,2875.751831132393,0.9997372594163288,0.9996707177481727,0.009547417732604903,9.547417732604902,0.8172305712030258,7.345934354852799,6.043390439856016,0.08559702676590164,0.7694158316511145,0.6329869090379842,24.503188789884803,0.003501258611740536,3
000095,8.110420020413585,5,2877.1583926076537,2884.3827511279114,0.999360544638449,0.9989239557541777,-0.03103207982780094,-31.03207982780094,-3.679308432286384,26.831405882908705,15.150192284117333,0.1185646741276482,-0.8646344696133146,-0.4882106635516134,24.648424874504606,0.003708329692425451,4
000095,8.110420020413585,6,2904.4342455818605,2920.419747695074,0.9994098358037626,0.9999588299440904,-0.0492628685900231,-49.2628685900231,-42.853571807545414,2.3456264386547114,24.18469850264249,0.869895989293329,-0.04761449151846096,-0.49093159198489034,28.149854264219062,0.0007143761320573302,5
000095,8.110420020413585,7,2937.7002853231734,2949.15820684722,0.9998955227606344,1.000117090639113,-0.016455744261865232,-16.45574426186523,-1.4683520589287127,13.175820209571974,-9.748498512488224,0.0892303645196706,-0.8006821204742347,0.5924070256171595,28.13207628590776,0.001246223926997528,6
000095,8.110420020413585,8,2969.468369204371,2979.433000494655,0.9995755585479886,0.9993129143804885,-0.000959080241400887,-0.959080241400887,-0.7838561661282287,0.044870764457687284,-0.5508094359806492,0.8172998799175385,-0.046785203699063284,0.5743100652100869,28.0579231763767,0.0031239019448423113,7
000096,8.21010679146275,1,2762.6782471497686,2772.902259762475,0.999552288717389,0.9992568553499332,-0.0008430385574085634,-0.8430385574085634,0.6860824944914354,0.040305285163924884,0.48824205474106364,-0.8138210150202394,-0.04780953944481529,-0.5791455805317881,28.057776830812678,0.003214665552417328,0
000096,8.21010679146275,2,2798.5743886005043,2811.2059239306122,1.0001706456804347,1.0000423571957122,-0.007036834716140739,-7.036834716140739,-0.6300343284310559,-5.808479782972033,3.9219462232528266,0.08953376821341487,0.8254392801992112,-0.5573452243033168,28.128993772385627,0.0011798185940266137,1
000096,8.21010679146275,3,2834.900998297384,2846.566788581379,1.0002056966934652,1.0003229195759773,-0.015370368475723331,-15.370368475723332,11.59864330976778,0.7127810230921352,-10.060399776619635,-0.7546106216052798,-0.0463737108331485,0.6545321143412726,28.137665297567242,0.0009382782073639079,2
000096,8.21010679146275,4,2869.0592264031256,2875.751831132393,0.9994438844955958,0.9994682175850736,0.008488172618574843,8.488172618574843,0.7265623388257442,6.530934394518981,5.372902149212543,0.08559702676590164,0.7694158316511145,0.6329869090379842,24.503188789884803,0.003501258611740536,3
000096,8.21010679146275,5,2877.1583926076537,2884.3827511279114,0.9995667998228644,0.999000510499596,-0.02961310746759176,-29.61310746759176,-3.5110684368020424,25.604513468843287,14.457434846578211,0.1185646741276482,-0.8646344696133146,-0.4882106635516134,24.648424874504606,0.003708329692425451,4
000096,8.21010679146275,6,2904.4342455818605,2920.419747695074,0.9997331862113341,1.0000126171164296,-0.035858153945751675,-35.858153945751674,-31.192864300872145,1.7073677669176603,17.603900602227146,0.869895989293329,-0.04761449151846096,-0.49093159198489034,28.149854264219062,0.0007143761320573302,5
000096,8.21010679146275,7,2937.7002853231734,2949.15820684722,0.9999229073075198,0.9999989013846773,-0.012303476504609856,-12.303476504609856,-1.0978436933655402,9.851173656915945,-7.288665920846531,0.0892303645196706,-0.8006821204742347,0.5924070256171595,28.13207628590776,0.001246223926997528,6
000096,8.21010679146275,8,2969.468369204371,2979.433000494655,0.9994311168374965,0.9990800295397723,4.996628032059854e-05,0.04996628032059854,0.04083743490595126,-0.0023376826028837,0.02869613770922843,0.8172998799175385,-0.046785203699063284,0.5743100652100869,28.0579231763767,0.0031239019448423113,7
000097,8.285524770384654,1,2762.6782471497686,2772.902259762475,0.9990527609117618,0.999654925601144,-0.010794637166295301,-10.794637166295301,8.784902575449644,0.5160866313944643,6.251666408304109,-0.8138210150202394,-0.04780953944481529,-0.5791455805317881,28.057776830812678,0.003214665552417328,0
000097,8.285524770384654,2,2798.5743886005043,2811.2059239306122,0.9998552662392006,0.999796340537092,-0.009126886632575729,-9.12688663257573,-0.8171645522711498,-7.533690732453112,5.086826677423863,0.08953376821341487,0.8254392801992112,-0.5573452243033168,28.128993772385627,0.0011798185940266137,1
000097,8.285524770384654,3,2834.900998297384,2846.566788581379,0.9998304708707471,1.0000398406332498,-0.018860653921057353,-18.860653921057352,14.232449779251148,0.8746385110592021,-12.344903688808683,-0.7546106216052798,-0.0463737108331485,0.6545321143412726,28.137665297567242,0.0009382782073639079,2
000097,8.285524770384654,4,2869.0592264031256,2875.751831132393,0.999556541857584,0.9994423400824687,0.010102948627488584,10.102948627488583,0.8647823640816695,7.773368620347615,6.395034223883544,0.08559702676590164,0.7694158316511145,0.6329869090379842,24.503188789884803,0.003501258611740536,3
000097,8.285524770384654,5,2877.1583926076537,2884.3827511279114,0.999874356154326,0.9991557245192912,-0.027946424367994546,-27.946424367994545,-3.31345869822424,24.163441811009573,13.643742384593596,0.1185646741276482,-0.8646344696133146,-0.4882106635516134,24.648424874504606,0.003708329692425451,4
000097,8.285524770384654,6,2904.4342455818605,2920.419747695074,0.9994093810411944,1.0000185749567752,-0.05225645489351712,-52.25645489351712,-45.457680526558306,2.4881645283122085,25.654344592360975,0.869895989293329,-0.04761449151846096,-0.49093159198489034,28.149854264219062,0.0007143761320573302,5
000097,8.285524770384654,7,2937.7002853231734,2949.15820684722,1.0000479290126456,0.9996881591378213,0.00012601692874260762,0.12601692874260761,0.011244536487352233,-0.1008995017212816,0.07465331393381772,0.0892303645196706,-0.8006821204742347,0.5924070256171595,28.13207628590776,0.001246223926997528,6
000097,8.285524770384654,8,2969.468369204371,2979.433000494655,0.9992462673079411,0.9997172824432761,-0.009329389679545833,-9.329389679545834,-7.624909064796732,0.43647739654549056,-5.357962395230279,0.8172998799175385,-0.046785203699063284,0.5743100652100869,28.0579231763767,0.0031239019448423113,7
000098,8.36167495790869,1,2762.6782471497686,2772.902259762475,0.9992993166314258,0.998924522042314,3.683302544044015e-05,0.03683302544044015,-0.029975490150205304,-0.0017609699826666083,-0.021331683901445832,-0.8138210150202394,-0.04780953944481529,-0.5791455805317881,28.057776830812678,0.003214665552417328,0
000098,8.36167495790869,2,2798.5743886005043,2811.2059239306122,0.999635073022751,0.9998943482431296,-0.018714974405215017,-18.714974405215017,-1.675622180516513,-15.448075001987345,10.430701607705396,0.08953376821341487,0.8254392801992112,-0.5573452243033168,28.128993772385627,0.0011798185940266137,1
000098,8.36167495790869,3,2834.900998297384,2846.566788581379,1.0002487397978181,1.0000285512500688,-0.0025900963248804997,-2.5900963248805,1.9545141977356248,0.12011237800000894,-1.6953012238715932,-0.7546106216052798,-0.0463737108331485,0.6545321143412726,28.137665297567242,0.0009382782073639079,2
000098,8.36167495790869,4,2869.0592264031256,2875.751831132393,0.9994902576788119,0.9994656019341134,0.009059191288604034,9.059191288604033,0.7754398392080625,6.9702851994078046,5.7343494921573,0.08559702676590164,0.7694158316511145,0.6329869090379842,24.503188789884803,0.003501258611740536,3
000098,8.36167495790869,5,2877.1583926076537,2884.3827511279114,0.9995712421674291,0.9991878632227412,-0.031614216897969546,-31.614216897969545,-3.7483293243085485,27.33474165981619,15.434397809422343,0.1185646741276482,-0.8646344696133146,-0.4882106635516134,24.648424874504606,0.003708329692425451,4
000098,8.36167495790869,6,2904.4342455818605,2920.419747695074,0.999482171949627,0.9996920083806667,-0.032397392448614115,-32.39739244861411,-28.1823617546114,1.5425853679647876,15.904903450957391,0.869895989293329,-0.04761449151846096,-0.49093159198489034,28.149854264219062,0.0007143761320573302,5
000098,8.36167495790869,7,2937.7002853231734,2949.15820684722,1.0004034762489518,0.9999589305728042,0.002544115674777945,2.5441156747779448,0.22701236904064376,-2.0370279332129435,1.507151999721195,0.0892303645196706,-0.8006821204742347,0.5924070256171595,28.13207628590776,0.001246223926997528,6
000098,8.36167495790869,8,2969.468369204371,2979.433000494655,0.9993536732624021,0.9992825276712602,-0.0031438850068944554,-3.1438850068944553,-2.569496838609388,0.14708730045398807,-1.805564803322569,0.8172998799175385,-0.046785203699063284,0.5743100652100869,28.0579231763767,0.0031239019448423113,7
000099,8.446415103855543,1,2762.6782471497686,2772.902259762475,0.9995592118829055,0.9993923409942175,-0.0022684005834434783,-2.268400583443478,1.8460720652904747,0.10845118717078299,1.3137341727770202,-0.8138210150202394,-0.04780953944481529,-0.5791455805317881,28.057776830812678,0.003214665552417328,0
000099,8.446415103855543,2,2798.5743886005043,2811.2059239306122,1.0002283862349814,0.9998829831344465,-0.0004946978270911765,-0.4946978270911765,-0.044292160586461383,-0.40834301831025455,0.2757174714024952,0.08953376821341487,0.8254392801992112,-0.5573452243033168,28.128993772385627,0.0011798185940266137,1
000099,8.446415103855543,3,2834.900998297384,2846.566788581379,0.999814968598939,0.999973366883931,-0.01692998620771593,-16.929986207715928,12.77554741597333,0.7851062848058108,-11.08121966830489,-0.7546106216052798,-0.0463737108331485,0.6545321143412726,28.137665297567242,0.0009382782073639079,2
000099,8.446415103855543,4,2869.0592264031256,2875.751831132393,0.9994893479452635,0.999425455053547,0.00951654333387322,9.51654333387322,0.8145878144684088,7.322179103675933,6.023847349634441,0.08559702676590164,0.7694158316511145,0.6329869090379842,24.503188789884803,0.003501258611740536,3
000099,8.446415103855543,5,2877.1583926076537,2884.3827511279114,0.9997873717993335,0.9992308354044643,-0.02971980823080125,-29.71980823080125,-3.523719378021147,25.69677062664826,14.50952729698618,0.1185646741276482,-0.8646344696133146,-0.4882106635516134,24.648424874504606,0.003708329692425451,4
000099,8.446415103855543,6,2904.4342455818605,2920.419747695074,0.9993803217566045,0.9996279287325592,-0.03427562846291064,-34.275628462910646,-29.81623173039424,1.6320166207371778,16.82698884757934,0.869895989293329,-0.04761449151846096,-0.49093159198489034,28.149854264219062,0.0007143761320573302,5
000099,8.446415103855543,7,2937.7002853231734,2949.15820684722,1.0003797926255686,0.9997817401916946,0.006922658756320016,6.922658756320016,0.6177113642717246,-5.542849092329839,4.101031683194125,0.0892303645196706,-0.8006821204742347,0.5924070256171595,28.13207628590776,0.001246223926997528,6
000099,8.446415103855543,8,2969.468369204371,2979.433000494655,0.9994594950814173,0.9991365369402673,-0.00027095890095983887,-0.2709589009598389,-0.22145467721706452,0.012676867375480376,-0.15561442407949852,0.8172998799175385,-0.046785203699063284,0.5743100652100869,28.0579231763767,0.0031239019448423113,7
000100,8.533362936927006,1,2762.6782471497686,2772.902259762475,0.9994708021819614,0.9992650098598489,-0.001836881731801873,-1.836881731801873,1.4948929554471355,0.08782046961204228,1.063821936932632,-0.8138210150202394,-0.04780953944481529,-0.5791455805317881,28.057776830812678,0.003214665552417328,0
000100,8.533362936927006,2,2798.5743886005043,2811.2059239306122,1.0000155492773632,0.9994165016473818,0.007148165029409937,7.148165029409937,0.6400021508944271,5.900376196621312,-3.9839956416736064,0.08953376821341487,0.8254392801992112,-0.5573452243033168,28.128993772385627,0.0011798185940266137,1
000100,8.533362936927006,3,2834.900998297384,2846.566788581379,1.000350803738413,1.0001264183151177,-0.0024311295358203553,-2.431129535820355,1.8345561702283537,0.1127404980920597,-1.5912523553180138,-0.7546106216052798,-0.0463737108331485,0.6545321143412726,28.137665297567242,0.0009382782073639079,2
000100,8.533362936927006,4,2869.0592264031256,2875.751831132393,0.9995674119417701,0.9995224139118977,0.009296302965594166,9.296302965594167,0.7957358937698947,7.152722677553357,5.884438079672097,0.08559702676590164,0.7694158316511145,0.6329869090379842,24.503188789884803,0.003501258611740536,3
000100,8.533362936927006,5,2877.1583926076537,2884.3827511279114,0.9993085456805034,0.9986949931104744,-0.02909602948909243,-29.09602948909243,-3.449761254782686,25.15743002515479,14.204991863587125,0.1185646741276482,-0.8646344696133146,-0.4882106635516134,24.648424874504606,0.003708329692425451,4
000100,8.533362936927006,6,2904.4342455818605,2920.419747695074,0.9997012802344168,0.9995220188052018,-0.013048515807775303,-13.048515807775303,-11.35085156741434,0.6212984452578209,6.405928638551138,0.869895989293329,-0.04761449151846096,-0.49093159198489034,28.149854264219062,0.0007143761320573302,5
000100,8.533362936927006,7,2937.7002853231734,2949.15820684722,0.9998332248869547,1.0000579654102555,-0.01654623905337894,-16.54623905337894,-1.4764269421626124,13.248277771133044,-9.802108262762705,0.0892303645196706,-0.8006821204742347,0.5924070256171595,28.13207628590776,0.001246223926997528,6
000100,8.533362936927006,8,2969.468369204371,2979.433000494655,0.9993347570414469,0.9990451668882921,-0.0006516538417439658,-0.6516538417439659,-0.5325966066051459,0.03048775772726859,-0.3742513603463806,0.8172998799175385,-0.046785203699063284,0.5743100652100869,28.0579231763767,0.0031239019448423113,7
000101,8.609565395512618,1,2762.6782471497686,2772.902259762475,0.9997021488002077,0.9991277898972525,0.002249386776975255,2.2493867769752547,-1.8305982300111068,-0.10754214584044437,-1.3027224107918618,-0.8138210150202394,-0.04780953944481529,-0.5791455805317881,28.057776830812678,0.003214665552417328,0
000101,8.609565395512618,2,2798.5743886005043,2811.2059239306122,1.0002131517891122,0.9996972910330019,0.00464156309383714,4.6415630938371395,0.4155766341915553,3.8313284991761525,-2.586953023652658,0.08953376821341487,0.8254392801992112,-0.5573452243033168,28.128993772385627,0.0011798185940266137,1
000101,8.609565395512618,3,2834.900998297384,2846.566788581379,1.000276509495407,0.9998143000713395,0.006577028402144472,6.577028402144472,-4.96309549085782,-0.30500121326245244,4.3048763061382225,-0.7546106216052798,-0.0463737108331485,0.6545321143412726,28.137665297567242,0.0009382782073639079,2
000101,8.609565395512618,4,2869.0592264031256,2875.751831132393,0.9996475585894408,0.9996288493556079,0.008989878173014639,8.989878173014638,0.769506842597729,6.91695459093226,5.690475197364576,0.08559702676590164,0.7694158316511145,0.6329869090379842,24.503188789884803,0.003501258611740536,3
000101,8.609565395512618,5,2877.1583926076537,2884.3827511279114,0.9993585451321118,0.9994275129423504,-0.036563063235225145,-36.563063235225144,-4.335087677593064,31.613684787826973,17.85047736354887,0.1185646741276482,-0.8646344696133146,-0.4882106635516134,24.648424874504606,0.003708329692425451,4
000101,8.609565395512618,6,2904.4342455818605,2920.419747695074,0.9997663235104233,1.0001951599253411,-0.04328772134846251,-43.28772134846251,-37.65581518667475,2.0611228409998694,21.251309954999023,0.869895989293329,-0.04761449151846096,-0.49093159198489034,28.149854264219062,0.0007143761320573302,5
000101,8.609565395512618,7,2937.7002853231734,2949.15820684722,1.0001782106143549,1.000046493737089,-0.006378842462947523,-6.3788424629475236,-0.5691864381823609,5.107425109403913,-3.778871090355178,0.0892303645196706,-0.8006821204742347,0.5924070256171595,28.13207628590776,0.001246223926997528,6
000101,8.609565395512618,8,2969.468369204371,2979.433000494655,0.9994816391868491,0.9991709439061766,-0.00041086571655788156,-0.41086571655788157,-0.33580050080499,0.01922243624212209,-0.23596431646894603,0.8172998799175385,-0.046785203699063284,0.5743100652100869,28.0579231763767,0.0031239019448423113,7
000102,8.693765249452554,1,2762.6782471497686,2772.902259762475,0.9994863618708458,0.9992672203807739,-0.0016888805632573527,-1.6888805632573527,1.3744464942380525,0.08074460190663427,0.9781077142565328,-0.8138210150202394,-0.04780953944481529,-0.5791455805317881,28.057776830812678,0.003214665552417328,0
000102,8.693765249452554,2,2798.5743886005043,2811.2059239306122,0.9998475837737001,1.0000691056102124,-0.0175773826113439,-17.5773826113439,-1.573769300522574,-14.509062050493842,9.796670254184688,0.08953376821341487,0.8254392801992112,-0.5573452243033168,28.128993772385627,0.0011798185940266137,1
000102,8.693765249452554,3,2834.900998297384,2846.566788581379,0.9999367195047274,0.999778571571913,-0.004940034329822567,-4.940034329822567,3.727802376378829,0.22908772351701825,-3.2334111148172364,-0.7546106216052798,-0.0463737108331485,0.6545321143412726,28.137665297567242,0.0009382782073639079,2
000102,8.693765249452554,4,2869.0592264031256,2875.751831132393,1.0001255493350987,0.999326397203299,0.018086797361300904,18.086797361300903,1.5481760778447127,13.916268233650518,11.448705956126227,0.08559702676590164,0.7694158316511145,0.6329869090379842,24.503188789884803,0.003501258611740536,3
000102,8.693765249452554,5,2877.1583926076537,2884.3827511279114,0.9997167781520021,0.9992408026032151,-0.030601174668645804,-30.601174668645804,-3.628218302511233,26.458830429168962,14.939819790438392,0.1185646741276482,-0.8646344696133146,-0.4882106635516134,24.648424874504606,0.003708329692425451,4
000102,8.693765249452554,6,2904.4342455818605,2920.419747695074,0.9995203799984286,1.0002242301678117,-0.05696347686712985,-56.963476867129856,-49.552300062919585,2.712286986152001,27.96517038337453,0.869895989293329,-0.04761449151846096,-0.49093159198489034,28.149854264219062,0.0007143761320573302,5
000102,8.693765249452554,7,2937.7002853231734,2949.15820684722,0.9999422064011826,0.9995128200054121,0.0021117206245574475,2.1117206245574476,0.18842960109296752,-1.6908169475198322,1.250998134128488,0.0892303645196706,-0.8006821204742347,0.5924070256171595,28.13207628590776,0.001246223926997528,6
000102,8.693765249452554,8,2969.468369204371,2979.433000494655,0.9994273025810395,0.9995685401535954,-0.005566961757550802,-5.566961757550802,-4.5498771759518,0.26045143981190966,-3.197162170001061,0.8172998799175385,-0.046785203699063284,0.5743100652100869,28.0579231763767,0.0031239019448423113,7
000103,8.807044749963097,1,2762.6782471497686,2772.902259762475,0.9991864926187483,0.998912394139998,-0.0010795767797730008,-1.0795767797730007,0.878582270707145,0.05161406863626394,0.6252321208502729,-0.8138210150202394,-0.04780953944481529,-0.5791455805317881,28.057776830812678,0.003214665552417328,0
000103,8.807044749963097,2,2798.5743886005043,2811.2059239306122,0.9996798279787938,0.99962712374862,-0.009314353150645643,-9.314353150645642,-0.8339491360477974,-7.688432960190194,5.191310245986902,0.08953376821341487,0.8254392801992112,-0.5573452243033168,28.128993772385627,0.0011798185940266137,1
000103,8.807044749963097,3,2834.900998297384,2846.566788581379,1.0003898961876603,1.0002337679005657,-0.005016533285203037,-5.016533285203036,3.78552930065064,0.2326352639528701,-3.283482137827314,-0.7546106216052798,-0.0463737108331485,0.6545321143412726,28.137665297567242,0.0009382782073639079,2
000103,8.807044749963097,4,2869.0592264031256,2875.751831132393,0.9996927590096092,0.9991262236701294,0.015375393148276323,15.375393148276324,1.316087938849269,11.830070906143876,9.73242258417123,0.08559702676590164,0.7694158316511145,0.6329869090379842,24.503188789884803,0.003501258611740536,3
000103,8.807044749963097,5,2877.1583926076537,2884.3827511279114,0.9997196236793087,0.99864423539266,-0.024043370285252462,-24.04337028525246,-2.8506943628013386,20.788726714305792,11.738229760980248,0.1185646741276482,-0.8646344696133146,-0.4882106635516134,24.648424874504606,0.003708329692425451,4
000103,8.807044749963097,6,2904.4342455818605,2920.419747695074,1.000099555972844,0.9997070185585942,-0.0024428272486366255,-2.4428272486366254,-2.1250056261254584,0.11631397731127392,1.199261070117248,0.869895989293329,-0.04761449151846096,-0.49093159198489034,28.149854264219062,0.0007143761320573302,5
000103,8.807044749963097,7,2937.7002853231734,2949.15820684722,1.0000977320872324,0.9997440722894049,-4.826357693855724e-05,-0.04826357693855724,-0.0043065765632506305,0.03864378312483538,-0.02859168205981563,0.0892303645196706,-0.8006821204742347,0.5924070256171595,28.13207628590776,0.001246223926997528,6
000103,8.807044749963097,8,2969.468369204371,2979.433000494655,0.9996038534765501,0.9996701129076423,-0.0047115371173625745,-4.711537117362575,-3.850738720247458,0.22043022377150548,-2.705883189112245,0.8172998799175385,-0.046785203699063284,0.5743100652100869,28.0579231763767,0.0031239019448423113,7
000104,8.883023332920857,1,2762.6782471497686,2772.902259762475,0.9993144727942828,0.9990005724659997,-0.0006382968244253881,-0.638296824425388,0.5194593695380648,0.03051667720486593,0.36966678493343824,-0.8138210150202394,-0.04780953944481529,-0.5791455805317881,28.057776830812678,0.003214665552417328,0
000104,8.883023332920857,2,2798.5743886005043,2811.2059239306122,1.0000920044646335,1.0001876595005406,-0.013784741400777916,-13.784741400777916,-1.2341998414591135,-11.37846701959039,7.682859787979785,0.08953376821341487,0.8254392801992112,-0.5573452243033168,28.128993772385627,0.0011798185940266137,1
000104,8.883023332920857,3,2834.900998297384,2846.566788581379,0.999546837880922,1.0000681976467278,-0.03067802817973583,-30.67802817973583,23.149965914334746,1.4226540077382503,-20.079754648303634,-0.7546106216052798,-0.0463737108331485,0.6545321143412726,28.137665297567242,0.0009382782073639079,2
000104,8.883023332920857,4,2869.0592264031256,2875.751831132393,0.9996063983036164,0.9996813819717653,0.007897784491255423,7.897784491255424,0.6760268704893134,6.076680422540566,4.999194193367899,0.08559702676590164,0.7694158316511145,0.6329869090379842,24.503188789884803,0.003501258611740536,3
000104,8.883023332920857,5,2877.1583926076537,2884.3827511279114,0.9999762751297528,0.9991547088374695,-0.02682027988712098,-26.82027988712098,-3.1799377448288166,23.189738475081498,13.093946640331325,0.1185646741276482,-0.8646344696133146,-0.4882106635516134,24.648424874504606,0.003708329692425451,4
000104,8.883023332920857,6,2904.4342455818605,2920.419747695074,0.9998458470896058,0.9999765513651936,-0.028462345586210802,-28.4623455862108,-24.759280271325462,1.3552201125101389,13.973064630262586,0.869895989293329,-0.04761449151846096,-0.49093159198489034,28.149854264219062,0.0007143761320573302,5
000104,8.883023332920857,7,2937.7002853231734,2949.15820684722,1.0001498243866878,1.0000795705937857,-0.00813198197808955,-8.13198197808955,-0.7256197161723226,6.5111325738750025,-4.817443256012376,0.0892303645196706,-0.8006821204742347,0.5924070256171595,28.13207628590776,0.001246223926997528,6
000104,8.883023332920857,8,2969.468369204371,2979.433000494655,0.9992626784065992,0.9989820922207552,-0.0007543799876138389,-0.754379987613839,-0.6165546732889847,0.03529382138701029,-0.43324801987968836,0.8172998799175385,-0.046785203699063284,0.5743100652100869,28.0579231763767,0.0031239019448423113,7
000105,8.996115436893888,1,2762.6782471497686,2772.902259762475,0.9993693999958798,0.9989413413251599,0.0006273676822356493,0.6273676822356492,-0.510565003947911,-0.029994159950247616,-0.3633372205352474,-0.8138210150202394,-0.04780953944481529,-0.5791455805317881,28.057776830812678,0.003214665552417328,0
000105,8.996115436893888,2,2798.5743886005043,2811.2059239306122,0.9997677482450592,1.000027253002352,-0.018721890853045077,-18.72189085304508,-1.67624143615339,-15.453784109705726,10.434556456872624,0.08953376821341487,0.8254392801992112,-0.5573452243033168,28.128993772385627,0.0011798185940266137,1
000105,8.996115436893888,3,2834.900998297384,2846.566788581379,1.0001996230570875,1.0000540470135364,-0.005416224973721672,-5.416224973721672,4.0871408941741505,0.2511704507386462,-3.5450931837980493,-0.7546106216052798,-0.0463737108331485,0.6545321143412726,28.137665297567242,0.0009382782073639079,2
000105,8.996115436893888,4,2869.0592264031256,2875.751831132393,0.9997541478844296,0.9995585572029575,0.01105162572594056,11.05162572594056,0.9459863030700613,8.503295799021407,6.995534408107783,0.08559702676590164,0.7694158316511145,0.6329869090379842,24.503188789884803,0.003501258611740536,3
000105,8.996115436893888,5,2877.1583926076537,2884.3827511279114,0.9993433725903151,0.9995569154809273,-0.03814476985558285,-38.14476985558285,-4.522622207601319,32.981282852603826,18.622683402217685,0.1185646741276482,-0.8646344696133146,-0.4882106635516134,24.648424874504606,0.003708329692425451,4
000105,8.996115436893888,6,2904.4342455818605,2920.419747695074,0.9992672442852537,0.9999539007738497,-0.05610847754039487,-56.10847754039487,-48.80853957774433,2.6715766279608886,27.545424202754518,0.869895989293329,-0.04761449151846096,-0.49093159198489034,28.149854264219062,0.0007143761320573302,5
000105,8.996115436893888,7,2937.7002853231734,2949.15820684722,0.9999119172189073,1.000058848962005,-0.014326863820085356,-14.326863820085356,-1.2783912810898967,11.471263703211537,-8.487334782078861,0.0892303645196706,-0.8006821204742347,0.5924070256171595,28.13207628590776,0.001246223926997528,6
000105,8.996115436893888,8,2969.468369204371,2979.433000494655,0.9995016744328353,0.9988067409596181,0.0039729028216786205,3.9729028216786206,3.247052999081986,-0.18587306778881757,2.2816780785915864,0.8172998799175385,-0.046785203699063284,0.5743100652100869,28.0579231763767,0.0031239019448423113,7
000106,9.090255603427067,1,2762.6782471497686,2772.902259762475,0.9998303158400584,0.9994455271933081,0.00014763635142180657,0.14763635142180656,-0.12014956536797938,-0.007058425966789472,-0.08550294045177724,-0.8138210150202394,-0.04780953944481529,-0.5791455805317881,28.057776830812678,0.003214665552417328,0
000106,9.090255603427067,2,2798.5743886005043,2811.2059239306122,0.9999990723109186,1.0001164454526916,-0.014439155296474375,-14.439155296474375,-1.2927919835120383,-11.918645954606436,8.047594247463934,0.08953376821341487,0.8254392801992112,-0.5573452243033168,28.128993772385627,0.0011798185940266137,1
000106,9.090255603427067,3,2834.900998297384,2846.566788581379,0.9998552166837488,1.0000437481154203,-0.018071351854479722,-18.071351854479722,13.63683405615667,0.8380356452637245,-11.82828013831769,-0.7546106216052798,-0.0463737108331485,0.6545321143412726,28.137665297567242,0.0009382782073639079,2
000106,9.090255603427067,4,2869.0592264031256,2875.751831132393,0.9995201359135477,0.9998613629065031,0.004794426107836118,4.7944261078361174,0.4103886198795858,3.6889073510505423,3.0348089626101973,0.08559702676590164,0.7694158316511145,0.6329869090379842,24.503188789884803,0.003501258611740536,3
000106,9.090255603427067,5,2877.1583926076537,2884.3827511279114,0.9996110534830897,0.9991500134922433,-0.030764575379282857,-30.764575379282856,-3.647591854520141,26.600112315945072,15.019593759803314,0.1185646741276482,-0.8646344696133146,-0.4882106635516134,24.648424874504606,0.003708329692425451,4
000106,9.090255603427067,6,2904.4342455818605,2920.419747695074,0.9996864343936426,0.9997380260790302,-0.02452827165550737,-24.52827165550737,-21.337045137423107,1.1679011827036618,12.041703452476096,0.869895989293329,-0.04761449151846096,-0.49093159198489034,28.149854264219062,0.0007143761320573302,5
000106,9.090255603427067,7,2937.7002853231734,2949.15820684722,1.0001581640222919,0.9996281291231401,0.0049825636719546705,4.98256367195467,0.44459597269098367,-3.9894496462585542,2.951705724850779,0.0892303645196706,-0.8006821204742347,0.5924070256171595,28.13207628590776,0.001246223926997528,6
000106,9.090255603427067,8,2969.468369204371,2979.433000494655,0.9997069478943572,0.9993831842289512,-0.0002617686852066957,-0.2617686852066957,-0.21394351498560435,0.012246901259431233,-0.15033639067101612,0.8172998799175385,-0.046785203699063284,0.5743100652100869,28.0579231763767,0.0031239019448423113,7
000107,9.16764864535071,1,2762.6782471497686,2772.902259762475,0.9995509764368724,0.9999019211521003,-0.008009381197575955,-8.009381197575955,6.518202735895285,0.3829248262940695,4.638597723370515,-0.8138210150202394,-0.04780953944481529,-0.5791455805317881,28.057776830812678,0.003214665552417328,0
000107,9.16764864535071,2,2798.5743886005043,2811.2059239306122,0.9998084804592187,0.9998385007156738,-0.011807022350175203,-11.807022350175204,-1.0571272023911955,-9.745980030024619,6.580587520112673,0.08953376821341487,0.8254392801992112,-0.5573452243033168,28.128993772385627,0.0011798185940266137,1
000107,9.16764864535071,3,2834.900998297384,2846.566788581379,1.0001933021362632,1.0005333004280532,-0.023808524696098225,-23.808524696098225,17.966165620427336,1.1040896396207338,-15.583444008683575,-0.7546106216052798,-0.0463737108331485,0.6545321143412726,28.137665297567242,0.0009382782073639079,2
000107,9.16764864535071,4,2869.0592264031256,2875.751831132393,0.9997416233700973,0.999409381936366,0.012644440336156148,12.644440336156148,1.082326497893804,9.72883257700648,8.00376520489869,0.08559702676590164,0.7694158316511145,0.6329869090379842,24.503188789884803,0.003501258611740536,3
000107,9.16764864535071,5,2877.1583926076537,2884.3827511279114,0.9999769651465147,0.9995146131113787,-0.030750221113431547,-30.750221113431547,-3.645889945667139,26.587701122904033,15.012585854147249,0.1185646741276482,-0.8646344696133146,-0.4882106635516134,24.648424874504606,0.003708329692425451,4
000107,9.16764864535071,6,2904.4342455818605,2920.419747695074,0.9994478285503309,0.9998701412354536,-0.042963312360549226,-42.963312360549224,-37.37361310919828,2.04567627199636,21.09204733410855,0.869895989293329,-0.04761449151846096,-0.49093159198489034,28.149854264219062,0.0007143761320573302,5
000107,9.16764864535071,7,2937.7002853231734,2949.15820684722,1.0001222107039445,0.9999922161085716,-0.0064279678928550465,-6.4279678928550465,-0.5735699182001948,5.146758962791477,-3.8079733401688585,0.0892303645196706,-0.8006821204742347,0.5924070256171595,28.13207628590776,0.001246223926997528,6
000107,9.16764864535071,8,2969.468369204371,2979.433000494655,0.9995216941965914,0.9995004973971247,-0.0037137501210779003,-3.7137501210779003,-3.035247528000712,0.17374855590205052,-2.132844074210217,0.8172998799175385,-0.046785203699063284,0.5743100652100869,28.0579231763767,0.0031239019448423113,7
000108,9.243170145433396,1,2762.6782471497686,2772.902259762475,0.9993123080639592,0.9994782510676298,-0.005958281864917836,-5.958281864917836,4.848974995084118,0.2848627118441169,3.4507126096298655,-0.8138210150202394,-0.04780953944481529,-0.5791455805317881,28.057776830812678,0.003214665552417328,0
000108,9.243170145433396,2,2798.5743886005043,2811.2059239306122,0.9997783823193226,0.9996726389717586,-0.007716168868386874,-7.716168868386874,-0.6908576749577181,-6.369228876616823,4.300569868713353,0.08953376821341487,0.8254392801992112,-0.5573452243033168,28.128993772385627,0.0011798185940266137,1
000108,9.243170145433396,3,2834.900998297384,2846.566788581379,1.0003394023803058,0.999850507165293,0.007587817131438664,7.587817131438664,-5.725847402182121,-0.351875237508147,4.9664699902754785,-0.7546106216052798,-0.0463737108331485,0.6545321143412726,28.137665297567242,0.0009382782073639079,2
000108,9.243170145433396,4,2869.0592264031256,2875.751831132393,0.9994226951991747,0.9993964987689802,0.009077149670297074,9.077149670297075,0.776977023286514,6.984102662593263,5.745716912676501,0.08559702676590164,0.7694158316511145,0.6329869090379842,24.503188789884803,0.003501258611740536,3
000108,9.243170145433396,5,2877.1583926076537,2884.3827511279114,0.99953987646657,0.9994164096795958,-0.0344577552138749,-34.4577552138749,-4.085472518103348,29.793362903414145,16.822643537464927,0.1185646741276482,-0.8646344696133146,-0.4882106635516134,24.648424874504606,0.003708329692425451,4
000108,9.243170145433396,6,2904.4342455818605,2920.419747695074,0.9993942409147573,0.9999036647530349,-0.04729513509360798,-47.295135093607975,-41.14184833101575,2.251933808779062,23.21867596464542,0.869895989293329,-0.04761449151846096,-0.49093159198489034,28.149854264219062,0.0007143761320573302,5
000108,9.243170145433396,7,2937.7002853231734,2949.15820684722,1.0001777222570238,0.9997658877841453,0.0016110791434608767,1.6110791434608767,0.14375717924105272,-1.2899622648380686,0.9544146034114991,0.0892303645196706,-0.8006821204742347,0.5924070256171595,28.13207628590776,0.001246223926997528,6
000108,9.243170145433396,8,2969.468369204371,2979.433000494655,0.9996887918289504,0.9991756565927434,0.0018987691015653443,1.8987691015653443,1.5518637587004884,-0.088834299194222,1.0904822065388908,0.8172998799175385,-0.046785203699063284,0.5743100652100869,28.0579231763767,0.0031239019448423113,7
000109,9.318428645376116,1,2762.6782471497686,2772.902259762475,0.9991063253815287,0.9991590098598682,-0.004702593559286173,-4.702593559286172,3.8270694636459135,0.22482883226562658,2.7234862768978383,-0.8138210150202394,-0.04780953944481529,-0.5791455805317881,28.057776830812678,0.003214665552417328,0
000109,9.318428645376116,2,2798.5743886005043,2811.2059239306122,0.9995343516229199,1.0000835171882603,-0.02745000273325287,-27.45000273325287,-2.457702182176667,-22.65831049760263,15.29912793049148,0.08953376821341487,0.8254392801992112,-0.5573452243033168,28.128993772385627,0.0011798185940266137,1
000109,9.318428645376116,3,2834.900998297384,2846.566788581379,1.0002340486981764,1.0001868250327666,-0.009141558636407565,-9.141558636407565,6.8983172450606265,0.42392799676903575,-5.983443702662564,-0.7546106216052798,-0.0463737108331485,0.6545321143412726,28.137665297567242,0.0009382782073639079,2
000109,9.318428645376116,4,2869.0592264031256,2875.751831132393,0.9999847280983836,0.9994067353418676,0.015508941928277531,15.508941928277531,1.3275193173455861,11.932825451774496,9.816957213629989,0.08559702676590164,0.7694158316511145,0.6329869090379842,24.503188789884803,0.003501258611740536,3
000109,9.318428645376116,5,2877.1583926076537,2884.3827511279114,0.9994470854880698,0.9989967520735668,-0.03088170941538218,-30.88170941538218,-3.6614798133395134,26.701390441121475,15.076779845291842,0.1185646741276482,-0.8646344696133146,-0.4882106635516134,24.648424874504606,0.003708329692425451,4
000109,9.318428645376116,6,2904.4342455818605,2920.419747695074,0.9993158320973933,0.9997475405180836,-0.04343053910995324,-43.43053910995324,-37.78005178459539,2.067923036093055,21.321423706011384,0.869895989293329,-0.04761449151846096,-0.49093159198489034,28.149854264219062,0.0007143761320573302,5
000109,9.318428645376116,7,2937.7002853231734,2949.15820684722,1.0002193302683084,0.9997176507666132,0.004173769771305819,4.173769771305818,0.3724269981148004,-3.3418628308604044,2.472570535830092,0.0892303645196706,-0.8006821204742347,0.5924070256171595,28.13207628590776,0.001246223926997528,6
000109,9.318428645376116,8,2969.468369204371,2979.433000494655,0.9993613940193071,0.9996080105134363,-0.006769228502370354,-6.769228502370354,-5.532489642121669,0.3166997343689021,-3.887636062618297,0.8172998799175385,-0.046785203699063284,0.5743100652100869,28.0579231763767,0.0031239019448423113,7
000110,9.428130832966415,1,2762.6782471497686,2772.902259762475,0.999765789090832,0.9992906421187053,0.0011494319527679902,1.1494319527679902,-0.9354318784983416,-0.054953812284992284,-0.6656884355676046,-0.8138210150202394,-0.04780953944481529,-0.5791455805317881,28.057776830812678,0.003214665552417328,0
000110,9.428130832966415,2,2798.5743886005043,2811.2059239306122,0.9998263675870342,0.9998833351681095,-0.012619004011558426,-12.619004011558426,-1.1298269802550245,-10.416221588131746,7.033141621306485,0.08953376821341487,0.8254392801992112,-0.5573452243033168,28.128993772385627,0.0011798185940266137,1
000110,9.428130832966415,3,2834.900998297384,2846.566788581379,1.0005628412198075,1.0001237344471308,0.00570195973019937,5.70195973019937,-4.30275937637402,-0.264421031710523,3.732115758096186,-0.7546106216052798,-0.0463737108331485,0.6545321143412726,28.137665297567242,0.0009382782073639079,2
000110,9.428130832966415,4,2869.0592264031256,2875.751831132393,0.9998108298898145,0.9995477043365284,0.011838818834986223,11.838818834986224,1.0133676926949764,9.108974639687803,7.493817341018598,0.08559702676590164,0.7694158316511145,0.6329869090379842,24.503188789884803,0.003501258611740536,3
000110,9.428130832966415,5,2877.1583926076537,2884.3827511279114,0.999646560226684,0.9987059380889443,-0.025517763447467978,-25.517763447467978,-3.025505307615454,22.063537864119503,12.458044225041448,0.1185646741276482,-0.8646344696133146,-0.4882106635516134,24.648424874504606,0.003708329692425451,4
000110,9.428130832966415,6,2904.4342455818605,2920.419747695074,0.9996055993545548,0.9994264351895461,-0.013053352516795272,-13.053352516795272,-11.35505900119219,0.6215287426984294,6.408303131810277,0.869895989293329,-0.04761449151846096,-0.49093159198489034,28.149854264219062,0.0007143761320573302,5
000110,9.428130832966415,7,2937.7002853231734,2949.15820684722,0.9999829578793525,1.0000441717407833,-0.011881893687849084,-11.881893687849084,-1.060225704950747,9.51361983323643,-7.038917298317978,0.0892303645196706,-0.8006821204742347,0.5924070256171595,28.13207628590776,0.001246223926997528,6
000110,9.428130832966415,8,2969.468369204371,2979.433000494655,0.9993577018318802,0.9996068156880263,-0.006797720873121007,-6.7977208731210075,-5.555776453314745,0.31803275573834067,-3.9039995179220943,0.8172998799175385,-0.046785203699063284,0.5743100652100869,28.0579231763767,0.0031239019448423113,7
000111,9.516937124426477,1,2762.6782471497686,2772.902259762475,0.9990823021408212,0.9995626693427386,-0.009444278063368802,-9.444278063368802,7.685951959664179,0.4515265845984344,5.469611901713356,-0.8138210150202394,-0.04780953944481529,-0.5791455805317881,28.057776830812678,0.003214665552417328,0
000111,9.516937124426477,2,2798.5743886005043,2811.2059239306122,0.9999055117873696,1.0001224031963445,-0.01743785773093982,-17.43785773093982,-1.5612771122204703,-14.393892733643217,9.71890672841998,0.08953376821341487,0.8254392801992112,-0.5573452243033168,28.128993772385627,0.0011798185940266137,1
000111,9.516937124426477,3,2834.900998297384,2846.566788581379,0.9997347641524692,1.0000308500967001,-0.02214523856452741,-22.145238564527407,16.711032238775243,1.0269568895224828,-14.494769820232012,-0.7546106216052798,-0.0463737108331485,0.6545321143412726,28.137665297567242,0.0009382782073639079,2
000111,9.516937124426477,4,2869.0592264031256,2875.751831132393,0.9999670150604368,0.9999571258334645,0.008887071305453392,8.887071305453391,0.7607068804033704,6.837853359428177,5.625399796039105,0.08559702676590164,0.7694158316511145,0.6329869090379842,24.503188789884803,0.003501258611740536,3
000111,9.516937124426477,5,2877.1583926076537,2884.3827511279114,0.9999919404248971,0.9993879662417985,-0.02920082070194186,-29.20082070194186,-3.46218579078562,25.248036119896998,14.256152051146724,0.1185646741276482,-0.8646344696133146,-0.4882106635516134,24.648424874504606,0.003708329692425451,4
000111,9.516937124426477,6,2904.4342455818605,2920.419747695074,0.9990711101049231,0.999978338983293,-0.06707699830613444,-67.07699830613444,-58.350011800341775,3.193837166931258,32.930217563998376,0.869895989293329,-0.04761449151846096,-0.49093159198489034,28.149854264219062,0.0007143761320573302,5
000111,9.516937124426477,7,2937.7002853231734,2949.15820684722,0.9995854521415635,0.9997697806753801,-0.015393549493728228,-15.393549493728228,-1.3735720325769607,12.325339850263399,-9.119246869270071,0.0892303645196706,-0.8006821204742347,0.5924070256171595,28.13207628590776,0.001246223926997528,6
000111,9.516937124426477,8,2969.468369204371,2979.433000494655,0.9992896055390306,0.9990299091778825,-0.0009927117257080519,-0.9927117257080519,-0.8113431742139232,0.04644422030169985,-0.5701243359262091,0.8172998799175385,-0.046785203699063284,0.5743100652100869,28.0579231763767,0.0031239019448423113,7
000112,9.592637811903842,1,2762.6782471497686,2772.902259762475,0.9994193996885496,0.9990608765649839,-0.00014356742513888974,-0.14356742513888973,0.11683818765037347,0.006863892475168315,0.08314643977751633,-0.8138210150202394,-0.04780953944481529,-0.5791455805317881,28.057776830812678,0.003214665552417328,0
000112,9.592637811903842,2,2798.5743886005043,2811.2059239306122,0.9997217412510642,0.9995963357357159,-0.007123704870978364,-7.123704870978364,-0.6378121407389513,-5.880185821051995,3.9703628891860667,0.08953376821341487,0.8254392801992112,-0.5573452243033168,28.128993772385627,0.0011798185940266137,1
000112,9.592637811903842,3,2834.900998297384,2846.566788581379,1.0002904036185163,1.0000409243499102,-0.0014806395890671021,-1.480639589067102,1.1173063606793119,0.06866275215150962,-0.9691261608094833,-0.7546106216052798,-0.0463737108331485,0.6545321143412726,28.137665297567242,0.0009382782073639079,2
000112,9.592637811903842,4,2869.0592264031256,2875.751831132393,0.9997563200601595,0.9995309295066558,0.011398975965655138,11.398975965655138,0.9757184508360522,8.770552572585613,7.215402562698316,0.08559702676590164,0.7694158316511145,0.6329869090379842,24.503188789884803,0.003501258611740536,3
000112,9.592637811903842,5,2877.1583926076537,2884.3827511279114,0.9998021846286653,0.9995983669457428,-0.033578685710716094,-33.578685710716094,-3.981245928925771,29.033289109797195,16.393472432019784,0.1185646741276482,-0.8646344696133146,-0.4882106635516134,24.648424874504606,0.003708329692425451,4
000112,9.592637811903842,6,2904.4342455818605,2920.419747695074,0.9991719362233482,0.9995045638218596,-0.03850349426689796,-38.50349426689796,-33.49403523655322,1.833324301202323,18.902581737429315,0.869895989293329,-0.04761449151846096,-0.49093159198489034,28.149854264219062,0.0007143761320573302,5
000112,9.592637811903842,7,2937.7002853231734,2949.15820684722,1.0002733421693994,0.9996835572159624,0.0066868416509038965,6.686841650903896,0.5966693179954706,-5.354034552321164,3.961331973184914,0.0892303645196706,-0.8006821204742347,0.5924070256171595,28.13207628590776,0.001246223926997528,6
000112,9.592637811903842,8,2969.468369204371,2979.433000494655,0.9994865135460177,0.9994822951761299,-0.003907456803185265,-3.907456803185265,-3.1935639760262857,0.18281116248231324,-2.244091771442927,0.8172998799175385,-0.046785203699063284,0.5743100652100869,28.0579231763767,0.0031239019448423113,7
000113,9.67896043683868,1,2762.6782471497686,2772.902259762475,0.999291995628759,0.9995920463681548,-0.0074451237159187745,-7.445123715918775,6.058998139440274,0.35594793596774843,4.311810496586762,-0.8138210150202394,-0.04780953944481529,-0.5791455805317881,28.057776830812678,0.003214665552417328,0
000113,9.67896043683868,2,2798.5743886005043,2811.2059239306122,0.9995782260914496,1.000061161787935,-0.025454352341075646,-25.454352341075648,-2.279024082528461,-21.011022274354588,14.186861715032462,0.08953376821341487,0.8254392801992112,-0.5573452243033168,28.128993772385627,0.0011798185940266137,1
000113,9.67896043683868,3,2834.900998297384,2846.566788581379,1.0006234789163424,0.9998093313990829,0.01990753296673114,19.907532966731143,-15.022435826652588,-0.9231861772005608,13.03011964403312,-0.7546106216052798,-0.0463737108331485,0.6545321143412726,28.137665297567242,0.0009382782073639079,2
000113,9.67896043683868,4,2869.0592264031256,2875.751831132393,0.9995322619345882,0.9997489838853534,0.006245669126753883,6.245669126753883,0.5346107074137177,4.805516705379029,3.9534267954179065,0.08559702676590164,0.7694158316511145,0.6329869090379842,24.503188789884803,0.003501258611740536,3
000113,9.67896043683868,5,2877.1583926076537,2884.3827511279114,0.9992929516360276,0.9993680241344578,-0.036629850856596605,-36.629850856596605,-4.343006330156732,31.671431667408218,17.883083792495665,0.1185646741276482,-0.8646344696133146,-0.4882106635516134,24.648424874504606,0.003708329692425451,4
000113,9.67896043683868,6,2904.4342455818605,2920.419747695074,0.9997599534775397,0.9998416129655943,-0.026023469301374644,-26.023469301374643,-22.637711572763873,1.239094258331232,12.775743213093776,0.869895989293329,-0.04761449151846096,-0.49093159198489034,28.149854264219062,0.0007143761320573302,5
000113,9.67896043683868,7,2937.7002853231734,2949.15820684722,1.0002219984399014,1.000067187856753,-0.005720130184630912,-5.720130184630912,-0.510409301474587,4.580005965618954,-3.3886453088201316,0.0892303645196706,-0.8006821204742347,0.5924070256171595,28.13207628590776,0.001246223926997528,6
000113,9.67896043683868,8,2969.468369204371,2979.433000494655,0.9996260826046975,0.9995377484920619,-0.002947781388864548,-2.947781388864548,-2.40922137514215,0.13791255273833555,-1.692940521663879,0.8172998799175385,-0.046785203699063284,0.5743100652100869,28.0579231763767,0.0031239019448423113,7
000114,9.788148541469129,1,2762.6782471497686,2772.902259762475,0.999398456848209,0.9992984033257333,-0.003009199433866594,-3.009199433866594,2.448949737667641,0.14386843903076077,1.7427645530625966,-0.8138210150202394,-0.04780953944481529,-0.5791455805317881,28.057776830812678,0.003214665552417328,0
000114,9.788148541469129,2,2798.5743886005043,2811.2059239306122,0.9998063413991354,0.9999608933964532,-0.015559435299005945,-15.559435299005944,-1.393094873592824,-12.843369073517666,8.671976956757412,0.08953376821341487,0.8254392801992112,-0.5573452243033168,28.128993772385627,0.0011798185940266137,1
000114,9.788148541469129,3,2834.900998297384,2846.566788581379,0.9996701012693007,1.0004325231432112,-0.03980883724701258,-39.808837247012576,30.040171420351577,1.8460835070968327,-26.056162412754745,-0.7546106216052798,-0.0463737108331485,0.6545321143412726,28.137665297567242,0.0009382782073639079,2
000114,9.788148541469129,4,2869.0592264031256,2875.751831132393,0.9999912175191951,0.9994046525546046,0.01560886042881348,15.60886042881348,1.3360720439103704,12.009704327961696,9.880204316439949,0.08559702676590164,0.7694158316511145,0.6329869090379842,24.503188789884803,0.003501258611740536,3
000114,9.788148541469129,5,2877.1583926076537,2884.3827511279114,0.9999228318999503,0.9990440856170371,-0.026194708941576824,-26.194708941576824,-3.1057671295266487,22.648848272375428,12.788536233908602,0.1185646741276482,-0.8646344696133146,-0.4882106635516134,24.648424874504606,0.003708329692425451,4
000114,9.788148541469129,6,2904.4342455818605,2920.419747695074,0.9993663668273876,1.000038020678449,-0.055362433389048255,-55.362433389048256,-48.15955876265216,2.636054115044198,27.17916755984291,0.869895989293329,-0.04761449151846096,-0.49093159198489034,28.149854264219062,0.0007143761320573302,5
000114,9.788148541469129,7,2937.7002853231734,2949.15820684722,1.0001202169831676,1.0002703394465478,-0.014417874186174087,-14.417874186174087,-1.286512169231063,11.544134076116599,-8.541249962353815,0.0892303645196706,-0.8006821204742347,0.5924070256171595,28.13207628590776,0.001246223926997528,6
000114,9.788148541469129,8,2969.468369204371,2979.433000494655,0.9994944792650354,0.9989350926755964,0.0024264501886703976,2.4264501886703975,1.9831374478262047,-0.1135219663425751,1.3935347660843236,0.8172998799175385,-0.046785203699063284,0.5743100652100869,28.0579231763767,0.0031239019448423113,7
000115,9.9016619164031,1,2762.6782471497686,2772.902259762475,0.999492207928116,0.9992516966441845,-0.0014519553502122396,-1.4519553502122395,1.181631776873792,0.06941731658808267,0.8408935242049033,-0.8138210150202394,-0.04780953944481529,-0.5791455805317881,28.057776830812678,0.003214665552417328,0
000115,9.9016619164031,2,2798.5743886005043,2811.2059239306122,0.9999641859022784,0.9996428614844993,-0.0012202410527625837,-1.2202410527625838,-0.10925277958253851,-1.007234896261875,0.6800955232560777,0.08953376821341487,0.8254392801992112,-0.5573452243033168,28.128993772385627,0.0011798185940266137,1
000115,9.9016619164031,3,2834.900998297384,2846.566788581379,1.000152841643138,1.0001133721317894,-0.009435265933537551,-9.43526593353755,7.119951891117893,0.4375482940357273,-6.175684560850514,-0.7546106216052798,-0.0463737108331485,0.6545321143412726,28.137665297567242,0.0009382782073639079,2
000115,9.9016619164031,4,2869.0592264031256,2875.751831132393,0.9996376690033105,0.9993662280812785,0.011935743591043777,11.935743591043776,1.021664163633513,9.183550081477406,7.55516944276473,0.08559702676590164,0.7694158316511145,0.6329869090379842,24.503188789884803,0.003501258611740536,3
000115,9.9016619164031,5,2877.1583926076537,2884.3827511279114,0.9991458866373993,0.9988584714360691,-0.03266409691734063,-32.66409691734063,-3.8728080066784103,28.24250411352272,15.946960430329082,0.1185646741276482,-0.8646344696133146,-0.4882106635516134,24.648424874504606,0.003708329692425451,4
000115,9.9016619164031,6,2904.4342455818605,2920.419747695074,0.999685631045191,0.9999058775873523,-0.03291506159173057,-32.91506159173057,-28.632680065989323,1.5672339209890753,16.159043587509007,0.869895989293329,-0.04761449151846096,-0.49093159198489034,28.149854264219062,0.0007143761320573302,5
000115,9.9016619164031,7,2937.7002853231734,2949.15820684722,1.0002720332265438,0.9999254639363775,-0.0002505093524636265,-0.2505093524636265,-0.022353040835916032,0.20057835952920391,-0.14840350038225764,0.0892303645196706,-0.8006821204742347,0.5924070256171595,28.13207628590776,0.001246223926997528,6
000115,9.9016619164031,8,2969.468369204371,2979.433000494655,0.9993920660878775,0.9992982312126713,-0.002885023260284461,-2.885023260284461,-2.3579291641897955,0.13497640090894417,-1.6568978967465864,0.8172998799175385,-0.046785203699063284,0.5743100652100869,28.0579231763767,0.0031239019448423113,7
000116,9.98426712444052,1,2762.6782471497686,2772.902259762475,0.9989588771691909,1.0000461575958763,-0.016173076947574326,-16.173076947574327,13.161989897475372,0.7732273602690876,9.366566037788214,-0.8138210150202394,-0.04780953944481529,-0.5791455805317881,28.057776830812678,0.003214665552417328,0
000116,9.98426712444052,2,2798.5743886005043,2811.2059239306122,0.9999062828367116,1.0002192436800366,-0.020332639309877287,-20.332639309877287,-1.8204578151375206,-16.783359156495294,11.332299416841993,0.08953376821341487,0.8254392801992112,-0.5573452243033168,28.128993772385627,0.0011798185940266137,1
000116,9.98426712444052,3,2834.900998297384,2846.566788581379,1.0006041048642875,1.0005534412124977,-0.009011260851008996,-9.011260851008997,6.799993152227221,0.41788560494676286,-5.898159617691653,-0.7546106216052798,-0.0463737108331485,0.6545321143412726,28.137665297567242,0.0009382782073639079,2
000116,9.98426712444052,4,2869.0592264031256,2875.751831132393,0.9997451771152204,0.999474752841132,0.011923893442608788,11.923893442608788,1.0206498261607435,9.174432389664112,7.547668453935225,0.08559702676590164,0.7694158316511145,0.6329869090379842,24.503188789884803,0.003501258611740536,3
000116,9.98426712444052,5,2877.1583926076537,2884.3827511279114,1.0000260537319712,0.9988021913160015,-0.022419006579610195,-22.419006579610194,-2.6581022093770836,19.38424586321867,10.94519807839948,0.1185646741276482,-0.8646344696133146,-0.4882106635516134,24.648424874504606,0.003708329692425451,4
000116,9.98426712444052,6,2904.4342455818605,2920.419747695074,0.9990979532124598,0.9998581427085991,-0.059765092591049424,-59.765092591049424,-51.989414344698346,2.8456844942765565,29.34057205084827,0.869895989293329,-0.04761449151846096,-0.49093159198489034,28.149854264219062,0.0007143761320573302,5
000116,9.98426712444052,7,2937.7002853231734,2949.15820684722,1.0001788766393986,1.0003917633183008,-0.016208126457230392,-16.208126457230392,-1.446257031959585,12.977557060689776,-9.601807985354645,0.0892303645196706,-0.8006821204742347,0.5924070256171595,28.13207628590776,0.001246223926997528,6
000116,9.98426712444052,8,2969.468369204371,2979.433000494655,0.9996238179986847,0.999129404240526,0.001685176002155472,1.685176002155472,1.377294144201585,-0.07884130252961687,0.9678135396883826,0.8172998799175385,-0.046785203699063284,0.5743100652100869,28.0579231763767,0.0031239019448423113,7
000117,10.074928415939212,1,2762.6782471497686,2772.902259762475,0.9995277815312302,0.9992918185431685,-0.001502381946511226,-1.502381946511226,1.2226700006578488,0.07182818893290684,0.8700978645927219,-0.8138210150202394,-0.04780953944481529,-0.5791455805317881,28.057776830812678,0.003214665552417328,0
000117,10.074928415939212,2,2798.5743886005043,2811.2059239306122,0.9998197681402549,0.9996158517037571,-0.004757999588893418,-4.757999588893418,-0.4260016323515065,-3.927439755844326,2.651848348106891,0.08953376821341487,0.8254392801992112,-0.5573452243033168,28.128993772385627,0.0011798185940266137,1
000117,10.074928415939212,3,2834.900998297384,2846.566788581379,1.000092249598067,1.0003619518095983,-0.021145891020207565,-21.145891020207564,15.956913967156334,0.9806134354803772,-13.840664759086586,-0.7546106216052798,-0.0463737108331485,0.6545321143412726,28.137665297567242,0.0009382782073639079,2
000117,10.074928415939212,4,2869.0592264031256,2875.751831132393,0.9995258810698227,0.9996519790312309,0.0073019912610796074,7.301991261079608,0.6250287414190111,5.618267678852737,4.622064878173153,0.08559702676590164,0.7694158316511145,0.6329869090379842,24.503188789884803,0.003501258611740536,3
000117,10.074928415939212,5,2877.1583926076537,2884.3827511279114,0.9996005992069865,0.9988188329643036,-0.027255707637055548,-27.255707637055547,-3.2315640941059436,23.566224316701092,13.306527111055667,0.1185646741276482,-0.8646344696133146,-0.4882106635516134,24.648424874504606,0.003708329692425451,4
000117,10.074928415939212,6,2904.4342455818605,2920.419747695074,0.9994758206036445,1.0003240336122405,-0.064142284701289,-64.142284701289,-55.797116205762165,3.0541022708842336,31.48947394195189,0.869895989293329,-0.04761449151846096,-0.49093159198489034,28.149854264219062,0.0007143761320573302,5
000117,10.074928415939212,7,2937.7002853231734,2949.15820684722,1.0001876737275297,0.9998381486762191,-0.0001662008327561879,-0.1662008327561879,-0.014830160890307456,0.13307403519580815,-0.09845854098818825,0.0892303645196706,-0.8006821204742347,0.5924070256171595,28.13207628590776,0.001246223926997528,6
000117,10.074928415939212,8,2969.468369204371,2979.433000494655,0.9993114572850459,0.9989227159302649,0.00047956092724748753,0.47956092724748756,0.391945088252515,-0.02243635566738537,0.27541666739971427,0.8172998799175385,-0.046785203699063284,0.5743100652100869,28.0579231763767,0.0031239019448423113,7
000118,10.151954520493746,1,2762.6782471497686,2772.902259762475,0.9993730523779814,0.9991181970895453,-0.0012929245076369119,-1.2929245076369118,1.052209135149615,0.06181412524703532,0.7487915145591556,-0.8138210150202394,-0.04780953944481529,-0.5791455805317881,28.057776830812678,0.003214665552417328,0
000118,10.151954520493746,2,2798.5743886005043,2811.2059239306122,0.9998269525001459,0.9999562661752104,-0.014798949606169304,-14.798949606169305,-1.3250057238407698,-12.215634310620791,8.248123887703914,0.08953376821341487,0.8254392801992112,-0.5573452243033168,28.128993772385627,0.0011798185940266137,1
000118,10.151954520493746,3,2834.900998297384,2846.566788581379,1.0001874372086499,1.0003263064222334,-0.01619027550123549,-16.19027550123549,12.217353859948046,0.750803154403303,-10.597055255591371,-0.7546106216052798,-0.0463737108331485,0.6545321143412726,28.137665297567242,0.0009382782073639079,2
000118,10.151954520493746,4,2869.0592264031256,2875.751831132393,0.9999409553806166,0.9995095410359861,0.013800409540907204,13.800409540907204,1.1812740248534384,10.61825358404309,8.735478578757156,0.08559702676590164,0.7694158316511145,0.6329869090379842,24.503188789884803,0.003501258611740536,3
000118,10.151954520493746,5,2877.1583926076537,2884.3827511279114,0.9997445448028907,0.9991074853291171,-0.028838854980312707,-28.838854980312707,-3.4192694429552803,24.935068080157972,14.079436526007218,0.1185646741276482,-0.8646344696133146,-0.4882106635516134,24.648424874504606,0.003708329692425451,4
000118,10.151954520493746,6,2904.4342455818605,2920.419747695074,0.999438320299481,0.9998293807724868,-0.04140921695481665,-41.40921695481665,-36.02171174877232,1.971678809481227,20.32909280247585,0.869895989293329,-0.04761449151846096,-0.49093159198489034,28.149854264219062,0.0007143761320573302,5
000118,10.151954520493746,7,2937.7002853231734,2949.15820684722,1.0003699065877667,1.000092712238535,-0.0022293223517131757,-2.2293223517131757,-0.198923246075216,1.784978547790313,-1.3206662235202535,0.0892303645196706,-0.8006821204742347,0.5924070256171595,28.13207628590776,0.001246223926997528,6
000118,10.151954520493746,8,2969.468369204371,2979.433000494655,0.9997140991765723,0.9994025656810113,-0.000401302533803593,-0.401302533803593,-0.3279845126882805,0.018775020788951324,-0.2304720843577146,0.8172998799175385,-0.046785203699063284,0.5743100652100869,28.0579231763767,0.0031239019448423113,7
000119,10.248321707826108,1,2762.6782471497686,2772.902259762475,0.9997161764052065,0.999091761833672,0.002804350012474479,2.804350012474479,-2.2822389736240014,-0.13407468253846686,-1.6241269159888594,-0.8138210150202394,-0.04780953944481529,-0.5791455805317881,28.057776830812678,0.003214665552417328,0
000119,10.248321707826108,2,2798.5743886005043,2811.2059239306122,1.0001278651147667,1.0002376971305864,-0.014211924724733246,-14.211924724733246,-1.2724471741707664,-11.731080915029183,7.920948373488305,0.08953376821341487,0.8254392801992112,-0.5573452243033168,28.128993772385627,0.0011798185940266137,1
000119,10.248321707826108,3,2834.900998297384,2846.566788581379,1.0000398219340163,1.000073614798314,-0.012210255205393608,-12.210255205393608,9.213988270501174,0.5662348440938695,-7.992004156232809,-0.7546106216052798,-0.0463737108331485,0.6545321143412726,28.137665297567242,0.0009382782073639079,2
000119,10.248321707826108,4,2869.0592264031256,2875.751831132393,0.9997419291403619,0.9991953523562652,0.01514275426347306,15.14275426347306,1.2961747419999747,11.651074865118586,9.58516521555757,0.08559702676590164,0.7694158316511145,0.6329869090379842,24.503188789884803,0.003501258611740536,3
000119,10.248321707826108,5,2877.1583926076537,2884.3827511279114,0.9996697052561235,0.9986550775013717,-0.024708113720355168,-24.70811372035517,-2.929509451562784,21.363486801744752,12.062764594523319,0.1185646741276482,-0.8646344696133146,-0.4882106635516134,24.648424874504606,0.003708329692425451,4
000119,10.248321707826108,6,2904.4342455818605,2920.419747695074,0.9997130378662462,0.9999463579229797,-0.03356517521752883,-33.56517521752883,-29.19821130165617,1.5981887507106824,16.478204904793216,0.869895989293329,-0.04761449151846096,-0.49093159198489034,28.149854264219062,0.0007143761320573302,5
000119,10.248321707826108,7,2937.7002853231734,2949.15820684722,0.999693341073845,0.9997743698495044,-0.01244708350028595,-12.447083500285949,-1.1106577979372927,9.966157210728813,-7.373739714012822,0.0892303645196706,-0.8006821204742347,0.5924070256171595,28.13207628590776,0.001246223926997528,6
000119,10.248321707826108,8,2969.468369204371,2979.433000494655,0.9995326488446116,0.9995123155922002,-0.003723602318194901,-3.7236023181949007,-3.0432997275213607,0.17420949295105267,-2.1385022901789443,0.8172998799175385,-0.046785203699063284,0.5743100652100869,28.0579231763767,0.0031239019448423113,7
000120,10.34471031196881,1,2762.6782471497686,2772.902259762475,0.9995152849430837,0.9991314671852985,0.00013687218231404774,0.13687218231404774,-0.1113894583388536,-0.006543795999241415,-0.07926891948492192,-0.8138210150202394,-0.04780953944481529,-0.5791455805317881,28.057776830812678,0.003214665552417328,0
000120,10.34471031196881,2,2798.5743886005043,2811.2059239306122,0.9997377651672873,0.9998668163587833,-0.014791040403787257,-14.791040403787257,-1.3242975831479427,-12.209105744299604,8.24371573152823,0.08953376821341487,0.8254392801992112,-0.5573452243033168,28.128993772385627,0.0011798185940266137,1
000120,10.34471031196881,3,2834.900998297384,2846.566788581379,1.0001552056456986,0.9999545920912204,-0.003331546432725715,-3.331546432725715,2.514020324506004,0.1544961708984297,-2.1806041306380863,-0.7546106216052798,-0.0463737108331485,0.6545321143412726,28.137665297567242,0.0009382782073639079,2
000120,10.34471031196881,4,2869.0592264031256,2875.751831132393,0.9997137817564444,0.9995487631305608,0.010695274838728624,10.695274838728624,0.9154837266393284,8.229113784777624,6.769968961478556,0.08559702676590164,0.7694158316511145,0.6329869090379842,24.503188789884803,0.003501258611740536,3
000120,10.34471031196881,5,2877.1583926076537,2884.3827511279114,0.9997031488291005,0.999570936858023,-0.03436207955831543,-34.36207955831543,-4.074128765179991,29.710638433714582,16.77593366217851,0.1185646741276482,-0.8646344696133146,-0.4882106635516134,24.648424874504606,0.003708329692425451,4
000120,10.34471031196881,6,2904.4342455818605,2920.419747695074,0.9997967735764781,0.99980848433616,-0.022545091611039632,-22.54509161103963,-19.611884770694054,1.0734730732967719,11.068097716052883,0.869895989293329,-0.04761449151846096,-0.49093159198489034,28.149854264219062,0.0007143761320573302,5
000120,10.34471031196881,7,2937.7002853231734,2949.15820684722,1.0002727116141457,0.9999278048904222,-0.0002979314914219727,-0.29793149142197267,-0.026584535581471738,0.23854841830779638,-0.1764967086709751,0.0892303645196706,-0.8006821204742347,0.5924070256171595,28.13207628590776,0.001246223926997528,6
000120,10.34471031196881,8,2969.468369204371,2979.433000494655,0.9990334923911919,0.9991938773918511,-0.005785414515594881,-5.785414515594881,-4.72841858886888,0.27067179659562407,-3.3226217877186794,0.8172998799175385,-0.046785203699063284,0.5743100652100869,28.0579231763767,0.0031239019448423113,7
000121,10.422395832953043,1,2762.6782471497686,2772.902259762475,0.9993637889838443,0.9995159047441479,-0.005804980312171481,-5.804980312171481,4.724214969823901,0.27753343521113855,3.361928692868153,-0.8138210150202394,-0.04780953944481529,-0.5791455805317881,28.057776830812678,0.003214665552417328,0
000121,10.422395832953043,2,2798.5743886005043,2811.2059239306122,1.000231010627577,0.9999380231566505,-0.0020740950627015455,-2.0740950627015455,-0.18570154659650834,-1.7120395356211016,1.1559869779477947,0.08953376821341487,0.8254392801992112,-0.5573452243033168,28.128993772385627,0.0011798185940266137,1
000121,10.422395832953043,3,2834.900998297384,2846.566788581379,1.000106798970962,1.0001600840776923,-0.01294857092553859,-12.94857092553859,9.771129155020729,0.6004732838034407,-8.475255505590702,-0.7546106216052798,-0.0463737108331485,0.6545321143412726,28.137665297567242,0.0009382782073639079,2
000121,10.422395832953043,4,2869.0592264031256,2875.751831132393,0.9997320927929424,0.9996398029163441,0.009847541382972577,9.847541382972576,0.8429202633366277,7.576854242898611,6.233364781631447,0.08559702676590164,0.7694158316511145,0.6329869090379842,24.503188789884803,0.003501258611740536,3
000121,10.422395832953043,5,2877.1583926076537,2884.3827511279114,0.9995127987776314,0.9988247300597902,-0.02828079435995669,-28.28079435995669,-3.353103167359296,24.452549631664372,13.806985380241182,0.1185646741276482,-0.8646344696133146,-0.4882106635516134,24.648424874504606,0.003708329692425451,4
000121,10.422395832953043,6,2904.4342455818605,2920.419747695074,0.9998027414391208,1.000061648641918,-0.034837560864814474,-34.83756086481447,-30.30505447306435,1.6587727463215762,17.102859216233885,0.869895989293329,-0.04761449151846096,-0.49093159198489034,28.149854264219062,0.0007143761320573302,5
000121,10.422395832953043,7,2937.7002853231734,2949.15820684722,0.9998196151572015,0.9998279026779728,-0.010372251596790021,-10.37225159679002,-0.9255197908713091,8.3048764026101,-6.14459471740721,0.0892303645196706,-0.8006821204742347,0.5924070256171595,28.13207628590776,0.001246223926997528,6
000121,10.422395832953043,8,2969.468369204371,2979.433000494655,0.9993635294960552,0.9992569288544604,-0.0027393787976911113,-2.7393787976911113,-2.238893962401596,0.12816239505887372,-1.5732528159371115,0.8172998799175385,-0.046785203699063284,0.5743100652100869,28.0579231763767,0.0031239019448423113,7
000122,10.499334624386393,1,2762.6782471497686,2772.902259762475,0.9988297022367082,0.9992467986792184,-0.008742800161869528,-8.742800161869528,7.1150745018517725,0.41798924919703867,5.06335407521934,-0.8138210150202394,-0.04780953944481529,-0.5791455805317881,28.057776830812678,0.003214665552417328,0
000122,10.499334624386393,2,2798.5743886005043,2811.2059239306122,1.0000927970172382,0.9998155637207253,-0.002548802696740122,-2.548802696740122,-0.2282039098716568,-2.1038818633669747,1.420563010719522,0.08953376821341487,0.8254392801992112,-0.5573452243033168,28.128993772385627,0.0011798185940266137,1
000122,10.499334624386393,3,2834.900998297384,2846.566788581379,1.000092868416379,0.9995941113383373,0.00796135899196674,7.96135899196674,-6.007726057750806,-0.3691977597323522,5.210965134041893,-0.7546106216052798,-0.0463737108331485,0.6545321143412726,28.137665297567242,0.0009382782073639079,2
000122,10.499334624386393,4,2869.0592264031256,2875.751831132393,0.9999601769382671,0.9990090677760484,0.019858023455375285,19.858023455375285,1.699787765227661,15.279077631864913,12.56986888662179,0.08559702676590164,0.7694158316511145,0.6329869090379842,24.503188789884803,0.003501258611740536,3
000122,10.499334624386393,5,2877.1583926076537,2884.3827511279114,0.9995618697081757,0.9990865217290039,-0.030608040520025418,-30.60804052002542,-3.6290323499426655,26.46476688093502,14.94317177229628,0.1185646741276482,-0.8646344696133146,-0.4882106635516134,24.648424874504606,0.003708329692425451,4
000122,10.499334624386393,6,2904.4342455818605,2920.419747695074,0.9995826541165398,1.0001374184836924,-0.04954980773420569,-49.54980773420569,-43.1031790182411,2.3592889001017077,24.32556599349883,0.869895989293329,-0.04761449151846096,-0.49093159198489034,28.149854264219062,0.0007143761320573302,5
000122,10.499334624386393,7,2937.7002853231734,2949.15820684722,1.000288348294801,0.9996840373964225,0.0071011717863861835,7.101171786386184,0.6336401470160397,-5.685781283775499,4.20678405636953,0.0892303645196706,-0.8006821204742347,0.5924070256171595,28.13207628590776,0.001246223926997528,6
000122,10.499334624386393,8,2969.468369204371,2979.433000494655,0.9992973727252012,0.999325872395775,-0.004280736501016085,-4.280736501016085,-3.4986454282390698,0.20027512918205295,-2.458470059045747,0.8172998799175385,-0.046785203699063284,0.5743100652100869,28.0579231763767,0.0031239019448423113,7
000123,10.577777562430128,1,2762.6782471497686,2772.902259762475,0.9993548211052656,0.9993915495462368,-0.0045256902359458945,-4.525690235945895,3.6831018214846747,0.21637116585047064,2.6210334990039303,-0.8138210150202394,-0.04780953944481529,-0.5791455805317881,28.057776830812678,0.003214665552417328,0
000123,10.577777562430128,2,2798.5743886005043,2811.2059239306122,1.0000239318478477,0.9999741248647361,-0.00940165352336584,-9.40165352336584,-0.8417654673838724,-7.760494117009476,5.239966691802402,0.08953376821341487,0.8254392801992112,-0.5573452243033168,28.128993772385627,0.0011798185940266137,1
000123,10.577777562430128,3,2834.900998297384,2846.566788581379,0.9999434269889532,0.999685982817905,-0.001178949688441365,-1.178949688441365,0.8896479572360894,0.05467227193861038,-0.7716604322775111,-0.7546106216052798,-0.0463737108331485,0.6545321143412726,28.137665297567242,0.0009382782073639079,2
000123,10.577777562430128,4,2869.0592264031256,2875.751831132393,0.9996032518938486,0.999815782131834,0.0062945281432397505,6.29452814323975,0.538792893955614,4.843109606182158,3.9843539132419314,0.08559702676590164,0.7694158316511145,0.6329869090379842,24.503188789884803,0.003501258611740536,3
000123,10.577777562430128,5,2877.1583926076537,2884.3827511279114,0.9999960599667012,0.9994032374049971,-0.029322823700951572,-29.322823700951574,-3.4766510366058023,25.35352411823699,14.315715216248543,0.1185646741276482,-0.8646344696133146,-0.4882106635516134,24.648424874504606,0.003708329692425451,4
000123,10.577777562430128,6,2904.4342455818605,2920.419747695074,0.9996431718828729,0.9997180958476489,-0.025688528346050125,-25.688528346050123,-22.346347779076996,1.2231462150547474,12.61131011667537,0.869895989293329,-0.04761449151846096,-0.49093159198489034,28.149854264219062,0.0007143761320573302,5
000123,10.577777562430128,7,2937.7002853231734,2949.15820684722,1.0004531943404638,0.9993715618293869,0.020716033281120018,20.71603328112002,1.848499201075967,-16.58695745534199,12.272323658654395,0.0892303645196706,-0.8006821204742347,0.5924070256171595,28.13207628590776,0.001246223926997528,6
000123,10.577777562430128,8,2969.468369204371,2979.433000494655,0.9996292458082291,0.9990410034622282,0.0027556651397535794,2.7556651397535794,2.252204787813547,-0.1289243548897789,1.5826062261090412,0.8172998799175385,-0.046785203699063284,0.5743100652100869,28.0579231763767,0.0031239019448423113,7
000124,10.667355187470092,1,2762.6782471497686,2772.902259762475,0.9997011576115512,0.9992943770852144,0.00039145857968166467,0.39145857968166464,-0.3185772186549136,-0.018715454406301915,-0.2267115063838869,-0.8138210150202394,-0.04780953944481529,-0.5791455805317881,28.057776830812678,0.003214665552417328,0
000124,10.667355187470092,2,2798.5743886005043,2811.2059239306122,1.000085097740959,1.0000102401894089,-0.008646825262447026,-8.646825262447026,-0.7741828488298322,-7.137429220642629,4.819266765410124,0.08953376821341487,0.8254392801992112,-0.5573452243033168,28.128993772385627,0.0011798185940266137,1
000124,10.667355187470092,3,2834.900998297384,2846.566788581379,1.0002591718581146,0.999954727972985,0.0006012779004895135,0.6012779004895135,-0.45373069024590934,-0.027883487487663335,0.39355569551408254,-0.7546106216052798,-0.0463737108331485,0.6545321143412726,28.137665297567242,0.0009382782073639079,2
000124,10.667355187470092,4,2869.0592264031256,2875.751831132393,0.9997848960450121,0.9997827416653541,0.008796913164306452,8.796913164306453,0.7529896115824519,6.7684842582774865,5.568330872949893,0.08559702676590164,0.7694158316511145,0.6329869090379842,24.503188789884803,0.003501258611740536,3
000124,10.667355187470092,5,2877.1583926076537,2884.3827511279114,0.9995235661958066,0.9988792047730835,-0.028758968868783232,-28.75896886878323,-3.4097977721744637,24.865995794486214,14.040435274488853,0.1185646741276482,-0.8646344696133146,-0.4882106635516134,24.648424874504606,0.003708329692425451,4
000124,10.667355187470092,6,2904.4342455818605,2920.419747695074,0.999408017512996,0.9998877553052338,-0.04581892126296783,-45.81892126296783,-39.85769584040254,2.181644637860612,22.49395595865914,0.869895989293329,-0.04761449151846096,-0.49093159198489034,28.149854264219062,0.0007143761320573302,5
000124,10.667355187470092,7,2937.7002853231734,2949.15820684722,1.0001636354680081,0.9994685737554819,0.009689698541271972,9.689698541271971,0.8646153329234185,-7.758368374781741,5.740245491961858,0.0892303645196706,-0.8006821204742347,0.5924070256171595,28.13207628590776,0.001246223926997528,6
000124,10.667355187470092,8,2969.468369204371,2979.433000494655,0.9995818398663303,0.9987077175489248,0.006017266013044095,6.017266013044095,4.917910789892824,-0.28151901613171837,3.455776436337793,0.8172998799175385,-0.046785203699063284,0.5743100652100869,28.0579231763767,0.0031239019448423113,7
000125,10.779616374406032,1,2762.6782471497686,2772.902259762475,0.9997500777889496,0.9992907715942095,0.0009738065077225848,0.9738065077225848,-0.7925042005481086,-0.04655724064258074,-0.5639757352406295,-0.8138210150202394,-0.04780953944481529,-0.5791455805317881,28.057776830812678,0.003214665552417328,0
000125,10.779616374406032,2,2798.5743886005043,2811.2059239306122,1.0003337432144674,1.0000662561106843,-0.0028424767395791523,-2.842476739579152,-0.25449765355350307,-2.346291953901216,1.5842408359977032,0.08953376821341487,0.8254392801992112,-0.5573452243033168,28.128993772385627,0.0011798185940266137,1
000125,10.779616374406032,3,2834.900998297384,2846.566788581379,1.000344313335761,1.000031358615453,0.0009236463209264962,0.9236463209264962,-0.6969933243777731,-0.04283290739874681,0.6045561793395571,-0.7546106216052798,-0.0463737108331485,0.6545321143412726,28.137665297567242,0.0009382782073639079,2
000125,10.779616374406032,4,2869.0592264031256,2875.751831132393,0.9994978463240459,0.9996288608078452,0.00724468379246825,7.24468379246825,0.6201233924943986,5.574174405231309,4.585790000752058,0.08559702676590164,0.7694158316511145,0.6329869090379842,24.503188789884803,0.003501258611740536,3
000125,10.779616374406032,5,2877.1583926076537,2884.3827511279114,0.9997455478498742,0.9990752292369749,-0.028474987290204958,-28.474987290204957,-3.3761275888520754,24.62045553291224,13.90179243957472,0.1185646741276482,-0.8646344696133146,-0.4882106635516134,24.648424874504606,0.003708329692425451,4
000125,10.779616374406032,6,2904.4342455818605,2920.419747695074,0.9996350134885669,0.9999171353498398,-0.0359919685575543,-35.9919685575543,-31.30926909498809,1.7137392816163828,17.66959442263025,0.869895989293329,-0.04761449151846096,-0.49093159198489034,28.149854264219062,0.0007143761320573302,5
000125,10.779616374406032,7,2937.7002853231734,2949.15820684722,1.000240895086429,0.999805645666063,0.002278954342210681,2.278954342210681,0.2033519266791452,-1.8247179951852126,1.3500685633863398,0.0892303645196706,-0.8006821204742347,0.5924070256171595,28.13207628590776,0.001246223926997528,6
000125,10.779616374406032,8,2969.468369204371,2979.433000494655,0.9995714522386245,0.9988729449399689,0.004013676549594858,4.013676549594858,3.280377362011718,-0.1877806749549489,2.3050948409300194,0.8172998799175385,-0.046785203699063284,0.5743100652100869,28.0579231763767,0.0031239019448423113,7
000126,10.855850207968617,1,2762.6782471497686,2772.902259762475,0.9993269375273077,0.9989465281527524,9.908370722703278e-05,0.09908370722703279,-0.08063640318747205,-0.004737146409009353,-0.057383891143241626,-0.8138210150202394,-0.04780953944481529,-0.5791455805317881,28.057776830812678,0.003214665552417328,0
000126,10.855850207968617,2,2798.5743886005043,2811.2059239306122,0.9995853138014211,0.999643117560738,-0.012644199885636418,-12.644199885636418,-1.132082861804658,-10.437019252294673,7.047184421396002,0.08953376821341487,0.8254392801992112,-0.5573452243033168,28.128993772385627,0.0011798185940266137,1
000126,10.855850207968617,3,2834.900998297384,2846.566788581379,1.0005262337153287,1.0005351616343638,-0.011268435400341538,-11.268435400341538,8.503281041970668,0.5225591647974523,-7.375552847903591,-0.7546106216052798,-0.0463737108331485,0.6545321143412726,28.137665297567242,0.0009382782073639079,2
000126,10.855850207968617,4,2869.0592264031256,2875.751831132393,0.9989649583217122,0.9996622798205215,0.0006437535197647152,0.6437535197647152,0.05510338726194371,0.4953141497881005,0.40748755065818987,0.08559702676590164,0.7694158316511145,0.6329869090379842,24.503188789884803,0.003501258611740536,3
000126,10.855850207968617,5,2877.1583926076537,2884.3827511279114,0.9996925443462437,0.999393977692152,-0.03254209576324277,-32.54209576324277,-3.8583429795996,28.137017710357103,15.8873981659329,0.1185646741276482,-0.8646344696133146,-0.4882106635516134,24.648424874504606,0.003708329692425451,4
000126,10.855850207968617,6,2904.4342455818605,2920.419747695074,0.9993067696229014,0.9995509487576053,-0.03410517037438871,-34.10517037438871,-29.667950922846405,1.6239003455269971,16.743305586814568,0.869895989293329,-0.04761449151846096,-0.49093159198489034,28.149854264219062,0.0007143761320573302,5
000126,10.855850207968617,7,2937.7002853231734,2949.15820684722,1.0001421582225003,1.0000499787098747,-0.007506584700305405,-7.506584700305405,-0.6698152891060336,6.01038815535998,-4.446953514851201,0.0892303645196706,-0.8006821204742347,0.5924070256171595,28.13207628590776,0.001246223926997528,6
000126,10.855850207968617,8,2969.468369204371,2979.433000494655,0.9993318305768333,0.9991134169524846,-0.0014637059325952992,-1.4637059325952992,-1.1962866829447267,0.06847978021199846,-0.8406210495971973,0.8172998799175385,-0.046785203699063284,0.5743100652100869,28.0579231763767,0.0031239019448423113,7
000127,10.95322193694301,1,2762.6782471497686,2772.902259762475,0.9992088818285798,0.9990785110679195,-0.0026730746138042168,-2.673074613804217,2.1754042954309822,0.1277984661876071,1.5480993490164285,-0.8138210150202394,-0.04780953944481529,-0.5791455805317881,28.057776830812678,0.003214665552417328,0
000127,10.95322193694301,2,2798.5743886005043,2811.2059239306122,0.9997706638820902,1.0001363832142733,-0.02192236764243301,-21.922367642433013,-1.9627921831868633,-18.095583367032383,12.218326910931602,0.08953376821341487,0.8254392801992112,-0.5573452243033168,28.128993772385627,0.0011798185940266137,1
000127,10.95322193694301,3,2834.900998297384,2846.566788581379,1.0006517005675901,1.0000495505461588,0.011877616227151328,11.877616227151329,-8.962975364359622,-0.550809140305028,7.774281262491567,-0.7546106216052798,-0.0463737108331485,0.6545321143412726,28.137665297567242,0.0009382782073639079,2
000127,10.95322193694301,4,2869.0592264031256,2875.751831132393,0.9997196239905983,0.9998107279406311,0.0077098848999177585,7.709884899917759,0.6599432241402813,5.932107502204592,4.88025621183757,0.08559702676590164,0.7694158316511145,0.6329869090379842,24.503188789884803,0.003501258611740536,3
000127,10.95322193694301,5,2877.1583926076537,2884.3827511279114,0.9994616836386213,0.9991046126438977,-0.0319020359226524,-31.902035922652402,-3.782454493177809,27.583599909567468,15.574914126445536,0.1185646741276482,-0.8646344696133146,-0.4882106635516134,24.648424874504606,0.003708329692425451,4
000127,10.95322193694301,6,2904.4342455818605,2920.419747695074,0.9993257800608695,0.9997888747906123,-0.0449913028254638,-44.9913028254638,-39.13775388095258,2.1422380067875544,22.087651921579237,0.869895989293329,-0.04761449151846096,-0.49093159198489034,28.149854264219062,0.0007143761320573302,5
000127,10.95322193694301,7,2937.7002853231734,2949.15820684722,1.000117263169051,0.999947907691688,-0.00530525955041044,-5.30525955041044,-0.4733902435545873,4.247826466488816,-3.142873030385678,0.0892303645196706,-0.8006821204742347,0.5924070256171595,28.13207628590776,0.001246223926997528,6
000127,10.95322193694301,8,2969.468369204371,2979.433000494655,0.9998784477860461,0.9995598951089629,-0.00032122078316582564,-0.32122078316582564,-0.26253370750844696,0.01502837977278579,-0.1844803289268005,0.8172998799175385,-0.046785203699063284,0.5743100652100869,28.0579231763767,0.0031239019448423113,7
000128,11.031005770433694,1,2762.6782471497686,2772.902259762475,0.9995407885147481,0.9995725449967747,-0.0044705665206714,-4.4705665206714,3.6382409835682985,0.21373572641070993,2.5891088429202136,-0.8138210150202394,-0.04780953944481529,-0.5791455805317881,28.057776830812678,0.003214665552417328,0
000128,11.031005770433694,2,2798.5743886005043,2811.2059239306122,1.0003400236329365,1.0002473744343139,-0.008110724133583233,-8.110724133583233,-0.7261836946191913,-6.6949102907193145,4.520473361494272,0.08953376821341487,0.8254392801992112,-0.5573452243033168,28.128993772385627,0.0011798185940266137,1
000128,11.031005770433694,3,2834.900998297384,2846.566788581379,1.000029865220541,0.9998655202732788,-0.004705307453188772,-4.705307453188772,3.550674982094735,0.2182025672152345,-3.0797748359613952,-0.7546106216052798,-0.0463737108331485,0.6545321143412726,28.137665297567242,0.0009382782073639079,2
000128,11.031005770433694,4,2869.0592264031256,2875.751831132393,0.9994988073683124,0.9990230894389767,0.014316816482229246,14.316816482229246,1.2254769236318785,11.0155852602708,9.062357412350355,0.08559702676590164,0.7694158316511145,0.6329869090379842,24.503188789884803,0.003501258611740536,3
000128,11.031005770433694,5,2877.1583926076537,2884.3827511279114,0.9999698326371814,0.9993006038016027,-0.028486909870488273,-28.486909870488272,-3.3775411856981274,24.630764206791923,13.907613170406085,0.1185646741276482,-0.8646344696133146,-0.4882106635516134,24.648424874504606,0.003708329692425451,4
000128,11.031005770433694,6,2904.4342455818605,2920.419747695074,0.9997759211084829,0.9996514966694162,-0.01577542403862877,-15.77542403862877,-13.722978100604738,0.7511387940874147,7.74465403752073,0.869895989293329,-0.04761449151846096,-0.49093159198489034,28.149854264219062,0.0007143761320573302,5
000128,11.031005770433694,7,2937.7002853231734,2949.15820684722,1.0002976064600708,1.0001818267029832,-0.006833424191658317,-6.833424191658317,-0.6097489315392071,5.471400571876914,-4.048168500160646,0.0892303645196706,-0.8006821204742347,0.5924070256171595,28.13207628590776,0.001246223926997528,6
000128,11.031005770433694,8,2969.468369204371,2979.433000494655,0.9996419737617352,0.999226091216572,0.000789214415101237,0.789214415101237,0.6450248466914313,-0.036923557172748464,0.453253782201532,0.8172998799175385,-0.046785203699063284,0.5743100652100869,28.0579231763767,0.0031239019448423113,7
000129,11.107040729024448,1,2762.6782471497686,2772.902259762475,0.9992360815223135,0.9992773499485152,-0.004576024692846137,-4.576024692846137,3.7240650602897225,0.21877763305307613,2.6501844772661736,-0.8138210150202394,-0.04780953944481529,-0.5791455805317881,28.057776830812678,0.003214665552417328,0
000129,11.107040729024448,2,2798.5743886005043,2811.2059239306122,0.9997757741467344,0.9996005111847219,-0.005621391266733174,-5.621391266733173,-0.5033043427126025,-4.640117160930362,3.133055576454107,0.08953376821341487,0.8254392801992112,-0.5573452243033168,28.128993772385627,0.0011798185940266137,1
000129,11.107040729024448,3,2834.900998297384,2846.566788581379,1.0007400470454313,1.0003993130142728,0.001975854755469981,1.9758547554699808,-1.4910009852269503,-0.09162771707846623,1.2932603907290248,-0.7546106216052798,-0.0463737108331485,0.6545321143412726,28.137665297567242,0.0009382782073639079,2
000129,11.107040729024448,4,2869.0592264031256,2875.751831132393,0.9995128961589114,0.9992682227126064,0.011623739260941271,11.62373926094127,0.9949575206386518,8.943489010352838,7.357674786246678,0.08559702676590164,0.7694158316511145,0.6329869090379842,24.503188789884803,0.003501258611740536,3
000129,11.107040729024448,5,2877.1583926076537,2884.3827511279114,0.9998465319226503,0.9991995843529207,-0.02873067543238515,-28.730675432385148,-3.406443170107974,24.84153231411262,14.026622117130792,0.1185646741276482,-0.8646344696133146,-0.4882106635516134,24.648424874504606,0.003708329692425451,4
000129,11.107040729024448,6,2904.4342455818605,2920.419747695074,0.9990069556031844,1.0002203563101935,-0.0823021679828784,-82.3021679828784,-71.59432583845175,3.918775879371713,40.40473435164237,0.869895989293329,-0.04761449151846096,-0.49093159198489034,28.149854264219062,0.0007143761320573302,5
000129,11.107040729024448,7,2937.7002853231734,2949.15820684722,0.9999226436086468,1.0000518326808425,-0.013820781546725896,-13.820781546725897,-1.2332333753610887,11.066052675443665,-8.187528087800414,0.0892303645196706,-0.8006821204742347,0.5924070256171595,28.13207628590776,0.001246223926997528,6
000129,11.107040729024448,8,2969.468369204371,2979.433000494655,0.9994999902589168,0.9992765025989316,-0.0014058163260531498,-1.4058163260531498,-1.1489735144693545,0.06577140317786538,-0.8073744658889892,0.8172998799175385,-0.046785203699063284,0.5743100652100869,28.0579231763767,0.0031239019448423113,7
000130,11.184264624956995,1,2762.6782471497686,2772.902259762475,0.9990931574930204,0.9992269141276514,-0.005601434139012966,-5.601434139012966,4.558564816580552,0.26780198641667535,3.244045826249241,-0.8138210150202394,-0.04780953944481529,-0.5791455805317881,28.057776830812678,0.003214665552417328,0
000130,11.184264624956995,2,2798.5743886005043,2811.2059239306122,0.9998797356362722,0.9995942134002938,-0.0022990388729369473,-2.2990388729369475,-0.2058416135631672,-1.8977169924270796,1.2813583363190877,0.08953376821341487,0.8254392801992112,-0.5573452243033168,28.128993772385627,0.0011798185940266137,1
000130,11.184264624956995,3,2834.900998297384,2846.566788581379,1.0002644600727382,0.999853793185298,0.004624730446707658,4.624730446707658,-3.4898707171469296,-0.21446591241687865,3.0270345975420216,-0.7546106216052798,-0.0463737108331485,0.6545321143412726,28.137665297567242,0.0009382782073639079,2
000130,11.184264624956995,4,2869.0592264031256,2875.751831132393,0.9997530381628439,0.9993246826554101,0.013764755433655412,13.764755433655411,1.1782221392806922,10.590820749460175,8.712909995613336,0.08559702676590164,0.7694158316511145,0.6329869090379842,24.503188789884803,0.003501258611740536,3
000130,11.184264624956995,5,2877.1583926076537,2884.3827511279114,1.0000952567953987,0.999110293449164,-0.025032653684084506,-25.032653684084508,-2.967988426603752,21.644095241152193,12.221208465564636,0.1185646741276482,-0.8646344696133146,-0.4882106635516134,24.648424874504606,0.003708329692425451,4
000130,11.184264624956995,6,2904.4342455818605,2920.419747695074,0.9994086461489942,0.9998406374315395,-0.04344460513215181,-43.44460513215181,-37.792287760891234,2.0685927825877273,21.328329160682223,0.869895989293329,-0.04761449151846096,-0.49093159198489034,28.149854264219062,0.0007143761320573302,5
000130,11.184264624956995,7,2937.7002853231734,2949.15820684722,1.0005482639283434,1.000107692625477,0.0024307528177164436,2.4307528177164435,0.21689695998205472,-1.946260320437923,1.439995046753928,0.0892303645196706,-0.8006821204742347,0.5924070256171595,28.13207628590776,0.001246223926997528,6
000130,11.184264624956995,8,2969.468369204371,2979.433000494655,0.9997478139973878,0.9994482451596263,-0.0005378071589292221,-0.537807158929222,-0.43954972641164575,0.025161417481318157,-0.3088680645150931,0.8172998799175385,-0.046785203699063284,0.5743100652100869,28.0579231763767,0.0031239019448423113,7
000131,11.277859436930155,1,2762.6782471497686,2772.902259762475,0.9996984877353862,0.9998664718038156,-0.005980910988343751,-5.9809109883437515,4.867391051279615,0.2859445998131498,3.4638181664532928,-0.8138210150202394,-0.04780953944481529,-0.5791455805317881,28.057776830812678,0.003214665552417328,0
000131,11.277859436930155,2,2798.5743886005043,2811.2059239306122,0.9999249222488846,1.0000086302301772,-0.013424750589397242,-13.424750589397242,-1.2019685075939972,-11.081316463365996,7.482220628463691,0.08953376821341487,0.8254392801992112,-0.5573452243033168,28.128993772385627,0.0011798185940266137,1
000131,11.277859436930155,3,2834.900998297384,2846.566788581379,1.0002398907708958,0.9999609273209303,-0.0003638550698648099,-0.3638550698648099,0.2745689004449167,0.01687330979508574,-0.23815482819240547,-0.7546106216052798,-0.0463737108331485,0.6545321143412726,28.137665297567242,0.0009382782073639079,2
000131,11.277859436930155,4,2869.0592264031256,2875.751831132393,0.9995453843098243,0.9997424927882242,0.00647428568995538,6.47428568995538,0.5541796054932047,4.981417908483928,4.098138087113709,0.08559702676590164,0.7694158316511145,0.6329869090379842,24.503188789884803,0.003501258611740536,3
000131,11.277859436930155,5,2877.1583926076537,2884.3827511279114,1.000035217942069,0.9991915762085659,-0.026578766125313156,-26.578766125313155,-3.1513027443627295,22.980917351736473,12.976037046422281,0.1185646741276482,-0.8646344696133146,-0.4882106635516134,24.648424874504606,0.003708329692425451,4
000131,11.277859436930155,6,2904.4342455818605,2920.419747695074,0.9994018307015122,0.9997269660514083,-0.03813092322750741,-38.13092322750741,-33.169937183660544,1.8155845206072376,18.71967484393385,0.869895989293329,-0.04761449151846096,-0.49093159198489034,28.149854264219062,0.0007143761320573302,5
000131,11.277859436930155,7,2937.7002853231734,2949.15820684722,1.0002016870013746,0.9997397153235812,0.0030411654468867886,3.041165446886789,0.2713643013903351,-2.4350067987262873,1.8016077767998822,0.0892303645196706,-0.8006821204742347,0.5924070256171595,28.13207628590776,0.001246223926997528,6
000131,11.277859436930155,8,2969.468369204371,2979.433000494655,0.9992081650500344,0.9993106064937018,-0.005124337227958237,-5.124337227958237,-4.188120201067239,0.23974316103271942,-2.942958447547171,0.8172998799175385,-0.046785203699063284,0.5743100652100869,28.0579231763767,0.0031239019448423113,7
000132,11.35501185397152,1,2762.6782471497686,2772.902259762475,0.9994683651408067,0.9991509722118566,-0.0005995746372776592,-0.5995746372776593,0.4879464398896965,0.028665387271037065,0.34724100137830627,-0.8138210150202394,-0.04780953944481529,-0.5791455805317881,28.057776830812678,0.003214665552417328,0
000132,11.35501185397152,2,2798.5743886005043,2811.2059239306122,1.000078536359573,1.0002489833838502,-0.016038387127438995,-16.038387127438995,-1.4359772355851397,-13.238714726029539,8.938918471005916,0.08953376821341487,0.8254392801992112,-0.5573452243033168,28.128993772385627,0.0011798185940266137,1
000132,11.35501185397152,3,2834.900998297384,2846.566788581379,1.0000484888235794,1.0001386902847236,-0.01434686693424265,-14.34686693424265,10.826298175337081,0.6653174585702284,-9.390485148642732,-0.7546106216052798,-0.0463737108331485,0.6545321143412726,28.137665297567242,0.0009382782073639079,2
000132,11.35501185397152,4,2869.0592264031256,2875.751831132393,1.0001683740691707,0.9998910882198307,0.012003872638691156,12.003872638691156,1.0274958075485214,9.235969649332613,7.598294238050746,0.08559702676590164,0.7694158316511145,0.6329869090379842,24.503188789884803,0.003501258611740536,3
000132,11.35501185397152,5,2877.1583926076537,2884.3827511279114,0.999602146234888,0.9994967019881421,-0.034654928690253564,-34.65492869025356,-4.108850327076801,29.96384588758463,16.91890573120254,0.1185646741276482,-0.8646344696133146,-0.4882106635516134,24.648424874504606,0.003708329692425451,4
000132,11.35501185397152,6,2904.4342455818605,2920.419747695074,0.9993416118904622,0.9998239950826128,-0.04595047047412203,-45.95047047412203,-39.97212997158029,2.1879082866593738,22.558537622315423,0.869895989293329,-0.04761449151846096,-0.49093159198489034,28.149854264219062,0.0007143761320573302,5
000132,11.35501185397152,7,2937.7002853231734,2949.15820684722,1.0001673629030978,0.999830487502906,-0.0005270125860007166,-0.5270125860007165,-0.04702552515529819,0.42196955487566373,-0.312205958535492,0.0892303645196706,-0.8006821204742347,0.5924070256171595,28.13207628590776,0.001246223926997528,6
000132,11.35501185397152,8,2969.468369204371,2979.433000494655,0.9994179250033577,0.9992994649724292,-0.0026040751791222,-2.6040751791222,-2.1283103311928167,0.12183218770290684,-1.4955465859336394,0.8172998799175385,-0.046785203699063284,0.5743100652100869,28.0579231763767,0.0031239019448423113,7
000133,11.43322312447708,1,2762.6782471497686,2772.902259762475,0.999360996617819,0.9991298238704834,-0.0015554909662822264,-1.5554909662822265,1.2658912370346145,0.07436730670852396,0.900855718679472,-0.8138210150202394,-0.04780953944481529,-0.5791455805317881,28.057776830812678,0.003214665552417328,0
000133,11.43322312447708,2,2798.5743886005043,2811.2059239306122,0.9996775933240356,1.0001218800755802,-0.024289775338864835,-24.289775338864835,-2.1747551151458446,-20.04973467191314,13.537790284516795,0.08953376821341487,0.8254392801992112,-0.5573452243033168,28.128993772385627,0.0011798185940266137,1
000133,11.43322312447708,3,2834.900998297384,2846.566788581379,0.9999410573550077,1.0002166595020365,-0.021369365314701134,-21.369365314701135,16.12555004343693,0.9909767677918639,-13.986935861562387,-0.7546106216052798,-0.0463737108331485,0.6545321143412726,28.137665297567242,0.0009382782073639079,2
000133,11.43322312447708,4,2869.0592264031256,2875.751831132393,0.9996974855518068,0.9991427501537654,0.015237851870149081,15.23785187014908,1.3043148143839953,11.724244469247246,9.645360755664333,0.08559702676590164,0.7694158316511145,0.6329869090379842,24.503188789884803,0.003501258611740536,3
000133,11.43322312447708,5,2877.1583926076537,2884.3827511279114,0.9998745762655491,0.9985735186599097,-0.02157446170891163,-21.57446170891163,-2.5579690219965316,18.654023256877572,10.532882266676623,0.1185646741276482,-0.8646344696133146,-0.4882106635516134,24.648424874504606,0.003708329692425451,4
000133,11.43322312447708,6,2904.4342455818605,2920.419747695074,0.9992766609135384,0.9997090337652723,-0.0434635796265243,-43.4635796265243,-37.80879359744473,2.069496243489094,21.337644339411618,0.869895989293329,-0.04761449151846096,-0.49093159198489034,28.149854264219062,0.0007143761320573302,5
000133,11.43322312447708,7,2937.7002853231734,2949.15820684722,1.0005901353071447,0.9998059595626011,0.012231538614876358,12.231538614876358,1.0914246492418445,-9.793574274821685,7.246049409560334,0.0892303645196706,-0.8006821204742347,0.5924070256171595,28.13207628590776,0.001246223926997528,6
000133,11.43322312447708,8,2969.468369204371,2979.433000494655,0.9995295212317253,0.9992766903169997,-0.0010710395145946269,-1.0710395145946268,-0.8753604666651272,0.05010880186005548,-0.61510877346942,0.8172998799175385,-0.046785203699063284,0.5743100652100869,28.0579231763767,0.0031239019448423113,7
000134,11.55387660395354,1,2762.6782471497686,2772.902259762475,0.9993251819226635,0.9990655411147243,-0.0012398678316924926,-1.2398678316924927,1.0090304972789277,0.05927751000565983,0.718063975168238,-0.8138210150202394,-0.04780953944481529,-0.5791455805317881,28.057776830812678,0.003214665552417328,0
000134,11.55387660395354,2,2798.5743886005043,2811.2059239306122,0.9998115426732137,0.9998226683936866,-0.011237688773122586,-11.237688773122587,-1.006152621867252,-9.276029731989064,6.263272169906872,0.08953376821341487,0.8254392801992112,-0.5573452243033168,28.128993772385627,0.0011798185940266137,1
000134,11.55387660395354,3,2834.900998297384,2846.566788581379,0.9999890168611644,0.9999461349854109,-0.009306014397100045,-9.306014397100045,7.022417308863348,0.43155442066023425,-6.091085279424215,-0.7546106216052798,-0.0463737108331485,0.6545321143412726,28.137665297567242,0.0009382782073639079,2
000134,11.55387660395354,4,2869.0592264031256,2875.751831132393,0.9995476242541802,0.9997189354381686,0.006774981491210807,6.774981491210807,0.5799182720416596,5.212778018480871,4.288474592911081,0.08559702676590164,0.7694158316511145,0.6329869090379842,24.503188789884803,0.003501258611740536,3
000134,11.55387660395354,5,2877.1583926076537,2884.3827511279114,0.9996932924924892,0.9987490501744947,-0.02547815729223637,-25.478157292236368,-3.020809416726969,22.029293017097395,12.438708077715097,0.1185646741276482,-0.8646344696133146,-0.4882106635516134,24.648424874504606,0.003708329692425451,4
000134,11.55387660395354,6,2904.4342455818605,2920.419747695074,0.9993970693498877,1.0002120960946936,-0.06249201367737552,-62.492013677375525,-54.361552060812826,2.975525455212943,30.679303760975507,0.869895989293329,-0.04761449151846096,-0.49093159198489034,28.149854264219062,0.0007143761320573302,5
000134,11.55387660395354,7,2937.7002853231734,2949.15820684722,1.0000159006825753,1.0002511990677683,-0.01684738575094857,-16.847385750948572,-1.5032983717606454,13.489400547516908,-9.980509682144358,0.0892303645196706,-0.8006821204742347,0.5924070256171595,28.13207628590776,0.001246223926997528,6
000134,11.55387660395354,8,2969.468369204371,2979.433000494655,0.9993215497365515,0.9994156929127934,-0.0050296624028945205,-5.0296624028945205,-4.11074247791145,0.23531378005694026,-2.8885857425910744,0.8172998799175385,-0.046785203699063284,0.5743100652100869,28.0579231763767,0.0031239019448423113,7
000135,11.637283041491171,1,2762.6782471497686,2772.902259762475,0.9993326890229107,0.9988194718964676,0.0015715127403203972,1.5715127403203972,-1.2789300934447836,-0.07513330034637779,-0.9101346583059575,-0.8138210150202394,-0.04780953944481529,-0.5791455805317881,28.057776830812678,0.003214665552417328,0
000135,11.637283041491171,2,2798.5743886005043,2811.2059239306122,1.000021897007893,0.9995842043297741,0.002286188423823373,2.286188423823373,0.20469106443079416,1.8871097269605341,-1.274196199875484,0.08953376821341487,0.8254392801992112,-0.5573452243033168,28.128993772385627,0.0011798185940266137,1
000135,11.637283041491171,3,2834.900998297384,2846.566788581379,1.000633852437311,0.9997537981215632,0.0224039120035045,22.4039120035045,-16.90622996335452,-1.0389525367818224,14.664079893169616,-0.7546106216052798,-0.0463737108331485,0.6545321143412726,28.137665297567242,0.0009382782073639079,2
000135,11.637283041491171,4,2869.0592264031256,2875.751831132393,0.9999221254813199,0.9990487663427264,0.01895176153198619,18.95176153198619,1.6222144391144069,14.581785360386753,11.996216952956908,0.08559702676590164,0.7694158316511145,0.6329869090379842,24.503188789884803,0.003501258611740536,3
000135,11.637283041491171,5,2877.1583926076537,2884.3827511279114,0.9994440684641278,0.9989814203532835,-0.030746981932054575,-30.746981932054574,-3.645505893182738,26.584900415032173,15.011004451257833,0.1185646741276482,-0.8646344696133146,-0.4882106635516134,24.648424874504606,0.003708329692425451,4
000135,11.637283041491171,6,2904.4342455818605,2920.419747695074,0.9992428990361683,0.9996389056120479,-0.041655174448121474,-41.65517444812147,-36.23566918573483,1.9833899504600916,20.449841106224603,0.869895989293329,-0.04761449151846096,-0.49093159198489034,28.149854264219062,0.0007143761320573302,5
000135,11.637283041491171,7,2937.7002853231734,2949.15820684722,1.0001184511805228,1.000202004723563,-0.012519098588814167,-12.519098588814167,-1.1170837305375818,10.023818404517726,-7.41640195840738,0.0892303645196706,-0.8006821204742347,0.5924070256171595,28.13207628590776,0.001246223926997528,6
000135,11.637283041491171,8,2969.468369204371,2979.433000494655,0.9997267819499321,0.9992796228442393,0.0011460482871477001,1.1460482871477002,0.936665127465516,-0.05361810256316772,0.658187066525704,0.8172998799175385,-0.046785203699063284,0.5743100652100869,28.0579231763767,0.0031239019448423113,7
000136,11.715986124472693,1,2762.6782471497686,2772.902259762475,0.9992106385983452,0.9989068211798118,-0.0007500852467297843,-0.7500852467297844,0.6104351368453399,0.03586123019050163,0.4344085556656505,-0.8138210150202394,-0.04780953944481529,-0.5791455805317881,28.057776830812678,0.003214665552417328,0
000136,11.715986124472693,2,2798.5743886005043,2811.2059239306122,0.9997136270941037,0.999640502451409,-0.008699041585636155,-8.699041585636156,-0.7788579730072045,-7.180530624870513,4.848369283770263,0.08953376821341487,0.8254392801992112,-0.5573452243033168,28.128993772385627,0.0011798185940266137,1
000136,11.715986124472693,3,2834.900998297384,2846.566788581379,1.0002955278072991,1.0002575161982343,-0.009490487500695722,-9.490487500695721,7.1616226722371366,0.44010912302287364,-6.21182884995979,-0.7546106216052798,-0.0463737108331485,0.6545321143412726,28.137665297567242,0.0009382782073639079,2
000136,11.715986124472693,4,2869.0592264031256,2875.751831132393,0.9996116258363222,0.9994629571609018,0.010504698207839298,10.504698207839297,0.8991709336641394,8.082481107828645,6.649336448957049,0.08559702676590164,0.7694158316511145,0.6329869090379842,24.503188789884803,0.003501258611740536,3
000136,11.715986124472693,5,2877.1583926076537,2884.3827511279114,0.9992602688678704,0.9987366928809345,-0.030080407687519396,-30.080407687519397,-3.5664737350975413,26.0085573466506,14.685575797026896,0.1185646741276482,-0.8646344696133146,-0.4882106635516134,24.648424874504606,0.003708329692425451,4
000136,11.715986124472693,6,2904.4342455818605,2920.419747695074,0.9996740339747207,0.9998380708774355,-0.030119894897772705,-30.119894897772706,-26.201175769509078,1.434143480146934,14.78680795258113,0.869895989293329,-0.04761449151846096,-0.49093159198489034,28.149854264219062,0.0007143761320573302,5
000136,11.715986124472693,7,2937.7002853231734,2949.15820684722,1.0004939961889643,0.9995757012771079,0.016057080635548324,16.057080635548324,1.432779158231721,-12.856617371896604,9.512327379400071,0.0892303645196706,-0.8006821204742347,0.5924070256171595,28.13207628590776,0.001246223926997528,6
000136,11.715986124472693,8,2969.468369204371,2979.433000494655,0.9994432545947256,0.9993547829768644,-0.0029462125935358747,-2.9462125935358747,-2.40793919890841,0.13783915632932142,-1.6920395467163674,0.8172998799175385,-0.046785203699063284,0.5743100652100869,28.0579231763767,0.0031239019448423113,7
000137,11.794249020400455,1,2762.6782471497686,2772.902259762475,0.9997922437220469,0.9997250657764404,-0.00337368835242667,-3.37368835242667,2.7455784793338314,0.16129448635985677,1.9538566993994757,-0.8138210150202394,-0.04780953944481529,-0.5791455805317881,28.057776830812678,0.003214665552417328,0
000137,11.794249020400455,2,2798.5743886005043,2811.2059239306122,0.999609181033828,0.9998348778394923,-0.01770318353726218,-17.70318353726218,-1.585032731464774,-14.61290307623222,9.866784799458175,0.08953376821341487,0.8254392801992112,-0.5573452243033168,28.128993772385627,0.0011798185940266137,1
000137,11.794249020400455,3,2834.900998297384,2846.566788581379,1.000161209267173,1.000327704971397,-0.017236695501543144,-17.236695501543142,13.006993506840402,0.7993295329075932,-11.281970750881737,-0.7546106216052798,-0.0463737108331485,0.6545321143412726,28.137665297567242,0.0009382782073639079,2
000137,11.794249020400455,4,2869.0592264031256,2875.751831132393,0.9995531701309188,0.999459179078659,0.009867370453822756,9.867370453822756,0.8446175728449334,7.5921110439376704,6.245916323897997,0.08559702676590164,0.7694158316511145,0.6329869090379842,24.503188789884803,0.003501258611740536,3
000137,11.794249020400455,5,2877.1583926076537,2884.3827511279114,0.9998060040209147,0.9987344307097716,-0.024085107574957857,-24.085107574957856,-2.8556429309542297,20.824814213653312,11.758606350882166,0.1185646741276482,-0.8646344696133146,-0.4882106635516134,24.648424874504606,0.003708329692425451,4
000137,11.794249020400455,6,2904.4342455818605,2920.419747695074,0.9993665131135505,0.9998686808571832,-0.04693430740853956,-46.93430740853956,-40.82796577494874,2.2347531820287463,23.041534254782558,0.869895989293329,-0.04761449151846096,-0.49093159198489034,28.149854264219062,0.0007143761320573302,5
000137,11.794249020400455,7,2937.7002853231734,2949.15820684722,1.000005851888434,0.9999715796773154,-0.00915830100348071,-9.158301003480709,-0.8171985369214488,7.332887867408246,-5.4254418571786545,0.0892303645196706,-0.8006821204742347,0.5924070256171595,28.13207628590776,0.001246223926997528,6
000137,11.794249020400455,8,2969.468369204371,2979.433000494655,0.9996122468239925,0.9993707468321293,-0.0012003138660705496,-1.2003138660705497,-0.9810163786028165,0.05615692872692083,-0.6893523346955488,0.8172998799175385,-0.046785203699063284,0.5743100652100869,28.0579231763767,0.0031239019448423113,7
000138,11.889082061941735,1,2762.6782471497686,2772.902259762475,0.9991243925103621,0.999515227871116,-0.008451645627072013,-8.451645627072013,6.878126822815114,0.4040692849811,4.8947332131395695,-0.8138210150202394,-0.04780953944481529,-0.5791455805317881,28.057776830812678,0.003214665552417328,0
000138,11.889082061941735,2,2798.5743886005043,2811.2059239306122,0.9994318811845466,1.0000583404848766,-0.029779031541727414,-29.779031541727413,-2.6662289076769925,-24.580782360833084,16.59720101415961,0.08953376821341487,0.8254392801992112,-0.5573452243033168,28.128993772385627,0.0011798185940266137,1
000138,11.889082061941735,3,2834.900998297384,2846.566788581379,0.9995806520397911,0.999793247225371,-0.018982824603585885,-18.982824603585886,14.324641073935943,0.8803040189630686,-12.424868323954598,-0.7546106216052798,-0.0463737108331485,0.6545321143412726,28.137665297567242,0.0009382782073639079,2
000138,11.889082061941735,4,2869.0592264031256,2875.751831132393,0.999251034688773,0.9993355157017736,0.007787082505440662,7.7870825054406625,0.6665511096464888,5.991504562059472,4.929121285542647,0.08559702676590164,0.7694158316511145,0.6329869090379842,24.503188789884803,0.003501258611740536,3
000138,11.889082061941735,5,2877.1583926076537,2884.3827511279114,0.9995285002942954,0.9987737025122106,-0.02755075290044901,-27.55075290044901,-3.2665460396130954,23.821330621527217,13.450571354874747,0.1185646741276482,-0.8646344696133146,-0.4882106635516134,24.648424874504606,0.003708329692425451,4
000138,11.889082061941735,6,2904.4342455818605,2920.419747695074,0.9992543957169702,1.0000598512768273,-0.06201606226309618,-62.01606226309618,-53.947523834432744,2.9528632706345395,30.44564417545589,0.869895989293329,-0.04761449151846096,-0.49093159198489034,28.149854264219062,0.0007143761320573302,5
000138,11.889082061941735,7,2937.7002853231734,2949.15820684722,1.0006113357418591,0.9999519271953181,0.008672747069091347,8.672747069091347,0.7738723823619258,-6.944113513616764,5.137796295130343,0.0892303645196706,-0.8006821204742347,0.5924070256171595,28.13207628590776,0.001246223926997528,6
000138,11.889082061941735,8,2969.468369204371,2979.433000494655,0.999517670109273,0.9996904839320452,-0.005927214785333023,-5.927214785333023,-4.8443119322981385,0.2773059510999051,-3.404059109878799,0.8172998799175385,-0.046785203699063284,0.5743100652100869,28.0579231763767,0.0031239019448423113,7
000139,11.96934360335581,1,2762.6782471497686,2772.902259762475,0.9993408345582462,0.9997040566384563,-0.00814549937134766,-8.14549937134766,6.628978566236874,0.3894325734921641,4.717429962140455,-0.8138210150202394,-0.04780953944481529,-0.5791455805317881,28.057776830812678,0.003214665552417328,0
000139,11.96934360335581,2,2798.5743886005043,2811.2059239306122,1.0000276788324507,1.0001559064445391,-0.01476622416005765,-14.76622416005765,-1.3220756913339282,-12.188621441938189,8.229884516600388,0.08953376821341487,0.8254392801992112,-0.5573452243033168,28.128993772385627,0.0011798185940266137,1
000139,11.96934360335581,3,2834.900998297384,2846.566788581379,1.0000002557143817,1.0003944355704637,-0.025860782192751952,-25.86078219275195,19.5148209256713,1.199260435325715,-16.926712447141067,-0.7546106216052798,-0.0463737108331485,0.6545321143412726,28.137665297567242,0.0009382782073639079,2
000139,11.96934360335581,4,2869.0592264031256,2875.751831132393,0.9997028264719061,0.9989044431030867,0.018077836584382154,18.077836584382155,1.547409061982955,13.909373670025339,11.443033901641847,0.08559702676590164,0.7694158316511145,0.6329869090379842,24.503188789884803,0.003501258611740536,3
000139,11.96934360335581,5,2877.1583926076537,2884.3827511279114,1.0000304412301062,0.9987928335806204,-0.022268628472992255,-22.268628472992255,-2.640272678169995,19.254223768761616,10.8717818831839,0.1185646741276482,-0.8646344696133146,-0.4882106635516134,24.648424874504606,0.003708329692425451,4
000139,11.96934360335581,6,2904.4342455818605,2920.419747695074,0.9991894586968917,0.9999628849589524,-0.06042332430367866,-60.42332430367866,-52.5620074715402,2.877025862574723,29.66371879342428,0.869895989293329,-0.04761449151846096,-0.49093159198489034,28.149854264219062,0.0007143761320573302,5
000139,11.96934360335581,7,2937.7002853231734,2949.15820684722,1.0000028071863496,0.9998930319358627,-0.007004693464907311,-7.0046934649073105,-0.6250313512222339,5.608532816754,-4.149629620905695,0.0892303645196706,-0.8006821204742347,0.5924070256171595,28.13207628590776,0.001246223926997528,6
000139,11.96934360335581,8,2969.468369204371,2979.433000494655,0.999492865148608,0.9996420234914103,-0.005657329722210004,-5.657329722210004,-4.623734902616158,0.26467932344636014,-3.2490614016773898,0.8172998799175385,-0.046785203699063284,0.5743100652100869,28.0579231763767,0.0031239019448423113,7
000140,12.049191499478184,1,2762.6782471497686,2772.902259762475,0.9997369589131743,0.9993830923484549,-0.00019519432448995594,-0.19519432448995594,0.15885324328260592,0.009332150756106624,0.11304593037324576,-0.8138210150202394,-0.04780953944481529,-0.5791455805317881,28.057776830812678,0.003214665552417328,0
000140,12.049191499478184,2,2798.5743886005043,2811.2059239306122,0.9998371201965148,0.9996933044816528,-0.006568965408031527,-6.568965408031527,-0.588144226244635,-5.4222820780590615,3.6611814987800604,0.08953376821341487,0.8254392801992112,-0.5573452243033168,28.128993772385627,0.0011798185940266137,1
000140,12.049191499478184,3,2834.900998297384,2846.566788581379,0.999994832470463,1.0002764065444107,-0.02159556645800669,-21.59556645800669,16.29624382879456,1.0014665542016432,-14.134991774156587,-0.7546106216052798,-0.0463737108331485,0.6545321143412726,28.137665297567242,0.0009382782073639079,2
000140,12.049191499478184,4,2869.0592264031256,2875.751831132393,0.9994355867235447,0.9989932082628894,0.013928208355796756,13.928208355796755,1.1922132234321898,10.716584015485363,8.816373555572813,0.08559702676590164,0.7694158316511145,0.6329869090379842,24.503188789884803,0.003501258611740536,3
000140,12.049191499478184,5,2877.1583926076537,2884.3827511279114,0.9999364916974107,0.9989198372044104,-0.024685940429514164,-24.685940429514165,-2.926880482559883,21.344315010178857,12.05193935748871,0.1185646741276482,-0.8646344696133146,-0.4882106635516134,24.648424874504606,0.003708329692425451,4
000140,12.049191499478184,6,2904.4342455818605,2920.419747695074,0.9994947678517478,0.9999657455338071,-0.04538330259600209,-45.38330259600209,-39.478752909147744,2.160902876537089,22.280096992987314,0.869895989293329,-0.04761449151846096,-0.49093159198489034,28.149854264219062,0.0007143761320573302,5
000140,12.049191499478184,7,2937.7002853231734,2949.15820684722,1.0001085092879534,0.9998687650547227,-0.003297529046634693,-3.297529046634693,-0.29423971884541555,2.6402725493848473,-1.953479374403046,0.0892303645196706,-0.8006821204742347,0.5924070256171595,28.13207628590776,0.001246223926997528,6
000140,12.049191499478184,8,2969.468369204371,2979.433000494655,0.9996970471641118,0.9994229822435855,-0.000828781018755775,-0.828781018755775,-0.6773626271070302,0.038774688784406125,-0.47597728092651137,0.8172998799175385,-0.046785203699063284,0.5743100652100869,28.0579231763767,0.0031239019448423113,7
000141,12.146207749377936,1,2762.6782471497686,2772.902259762475,0.9994378736614271,0.9989179290294038,0.0016461000621877974,1.6461000621877975,-1.3396308234345524,-0.07869928585328038,-0.9533315761291644,-0.8138210150202394,-0.04780953944481529,-0.5791455805317881,28.057776830812678,0.003214665552417328,0
000141,12.146207749377936,2,2798.5743886005043,2811.2059239306122,0.9995810071490606,1.000098374255015,-0.026491845801321162,-26.491845801321162,-2.371914781521017,-21.867410129391036,14.765103740346223,0.08953376821341487,0.8254392801992112,-0.5573452243033168,28.128993772385627,0.0011798185940266137,1
000141,12.146207749377936,3,2834.900998297384,2846.566788581379,0.9999821086474195,1.000689309368359,-0.03771720282044504,-37.71720282044504,28.46180186554844,1.749086657030531,-24.6871205091045,-0.7546106216052798,-0.0463737108331485,0.6545321143412726,28.137665297567242,0.0009382782073639079,2
000141,12.146207749377936,4,2869.0592264031256,2875.751831132393,0.9998272669246421,0.999232319598188,0.015706566063241067,15.706566063241066,1.3444353557156479,12.084880589931798,9.942050703971862,0.08559702676590164,0.7694158316511145,0.6329869090379842,24.503188789884803,0.003501258611740536,3
000141,12.146207749377936,5,2877.1583926076537,2884.3827511279114,0.9995069269521906,0.9995710736419876,-0.036510318335478985,-36.510318335478985,-4.328833995742765,31.56807972941015,17.82472674104483,0.1185646741276482,-0.8646344696133146,-0.4882106635516134,24.648424874504606,0.003708329692425451,4
000141,12.146207749377936,6,2904.4342455818605,2920.419747695074,1.0000620775319067,0.9996987072440044,-0.0038932364832125212,-3.893236483212521,-3.386710802117037,0.18537447550928535,1.9113127846771787,0.869895989293329,-0.04761449151846096,-0.49093159198489034,28.149854264219062,0.0007143761320573302,5
000141,12.146207749377936,7,2937.7002853231734,2949.15820684722,1.0000314213607466,0.9999612601799525,-0.008134623595372032,-8.134623595372032,-0.7258554286453598,6.5132476696022215,-4.81900816864951,0.0892303645196706,-0.8006821204742347,0.5924070256171595,28.13207628590776,0.001246223926997528,6
000141,12.146207749377936,8,2969.468369204371,2979.433000494655,0.9994619178438909,0.9993169164778096,-0.00230126543177512,-2.30126543177512,-1.8808239610481878,0.10766517199121181,-1.321639900188488,0.8172998799175385,-0.046785203699063284,0.5743100652100869,28.0579231763767,0.0031239019448423113,7
000142,12.227073395391926,1,2762.6782471497686,2772.902259762475,0.9994180880643112,0.9989369770314601,0.001215555021948072,1.215555021948072,-0.9892442217747293,-0.058115125769169655,-0.7039833188544465,-0.8138210150202394,-0.04780953944481529,-0.5791455805317881,28.057776830812678,0.003214665552417328,0
000142,12.227073395391926,2,2798.5743886005043,2811.2059239306122,1.000081283311659,0.9997864522459536,-0.0020185435312365238,-2.018543531236524,-0.18072780865441887,-1.6661851194746502,1.1250255971830296,0.08953376821341487,0.8254392801992112,-0.5573452243033168,28.128993772385627,0.0011798185940266137,1
000142,12.227073395391926,3,2834.900998297384,2846.566788581379,1.0000982325933443,1.000434863062188,-0.02368096027489235,-23.68096027489235,17.869904153246452,1.0981740040391346,-15.499948998356974,-0.7546106216052798,-0.0463737108331485,0.6545321143412726,28.137665297567242,0.0009382782073639079,2
000142,12.227073395391926,4,2869.0592264031256,2875.751831132393,0.9995071922384542,0.9993359776819831,0.010767495215129503,10.767495215129504,0.9216655761311578,8.284681285748261,6.815683514306109,0.08559702676590164,0.7694158316511145,0.6329869090379842,24.503188789884803,0.003501258611740536,3
000142,12.227073395391926,5,2877.1583926076537,2884.3827511279114,0.9998817600500949,0.9993216996291326,-0.02968125403883891,-29.681254038838908,-3.519148212814877,25.663435343329528,14.490704729345548,0.1185646741276482,-0.8646344696133146,-0.4882106635516134,24.648424874504606,0.003708329692425451,4
000142,12.227073395391926,6,2904.4342455818605,2920.419747695074,0.9996432851287066,0.9996477347046954,-0.022184010860165877,-22.184010860165877,-19.29778207369795,1.056280396946814,10.89083176819133,0.869895989293329,-0.04761449151846096,-0.49093159198489034,28.149854264219062,0.0007143761320573302,5
000142,12.227073395391926,7,2937.7002853231734,2949.15820684722,1.000261849780193,0.9997712335761789,0.0038582062988015363,3.8582062988015364,0.3442691544341503,-3.089196800551463,2.285628517690408,0.0892303645196706,-0.8006821204742347,0.5924070256171595,28.13207628590776,0.001246223926997528,6
000142,12.227073395391926,8,2969.468369204371,2979.433000494655,0.9994877408651257,0.999227476852694,-0.000986235399600405,-0.9862353996004051,-0.8060500736638366,0.046141224065532026,-0.5664049166570047,0.8172998799175385,-0.046785203699063284,0.5743100652100869,28.0579231763767,0.0031239019448423113,7
000143,12.341570707852952,1,2762.6782471497686,2772.902259762475,0.9997321659959402,0.9992515362159367,0.0012102194097194762,1.2102194097194763,-0.9849019884150991,-0.05786003260586437,-0.7008932226128239,-0.8138210150202394,-0.04780953944481529,-0.5791455805317881,28.057776830812678,0.003214665552417328,0
000143,12.341570707852952,2,2798.5743886005043,2811.2059239306122,0.9999550845871285,0.9998216022910736,-0.006880333853290199,-6.880333853290199,-0.6160222164513962,-5.679297823390127,3.83472121474373,0.08953376821341487,0.8254392801992112,-0.5573452243033168,28.128993772385627,0.0011798185940266137,1
000143,12.341570707852952,3,2834.900998297384,2846.566788581379,0.9999314475010311,1.0004617598040946,-0.031017127132324553,-31.017127132324553,23.40585358573342,1.4383792845094234,-20.30170580271244,-0.7546106216052798,-0.0463737108331485,0.6545321143412726,28.137665297567242,0.0009382782073639079,2
000143,12.341570707852952,4,2869.0592264031256,2875.751831132393,0.9996047775920309,0.9995329207081448,0.009609372409993905,9.609372409993904,0.822533707381765,7.393603264480735,6.082606939596927,0.08559702676590164,0.7694158316511145,0.6329869090379842,24.503188789884803,0.003501258611740536,3
000143,12.341570707852952,5,2877.1583926076537,2884.3827511279114,0.9994049490179261,0.999183296708305,-0.03338356808015434,-33.38356808015434,-3.958111870641657,28.864583680784225,16.29821392413261,0.1185646741276482,-0.8646344696133146,-0.4882106635516134,24.648424874504606,0.003708329692425451,4
000143,12.341570707852952,6,2904.4342455818605,2920.419747695074,0.9993937984136414,0.9996283024264253,-0.03362405043095912,-33.624050430959116,-29.249426613687966,1.6009920640612065,16.507108607051,0.869895989293329,-0.04761449151846096,-0.49093159198489034,28.149854264219062,0.0007143761320573302,5
000143,12.341570707852952,7,2937.7002853231734,2949.15820684722,1.000582788726136,0.9998580618554502,0.010535851342271826,10.535851342271826,0.9401178557959758,-8.435867793731518,6.24151235601981,0.0892303645196706,-0.8006821204742347,0.5924070256171595,28.13207628590776,0.001246223926997528,6
000143,12.341570707852952,8,2969.468369204371,2979.433000494655,0.9993011429239066,0.9991339535459353,-0.0020481226928784,-2.0481226928783998,-1.673930430945902,0.09582183738698996,-1.1762574773052525,0.8172998799175385,-0.046785203699063284,0.5743100652100869,28.0579231763767,0.0031239019448423113,7
000144,12.435266936896369,1,2762.6782471497686,2772.902259762475,0.9994410693213945,0.9992681513698993,-0.0022013572767416454,-2.2013572767416454,1.791510813380076,0.10524587755451086,1.2749063379964163,-0.8138210150202394,-0.04780953944481529,-0.5791455805317881,28.057776830812678,0.003214665552417328,0
000144,12.435266936896369,2,2798.5743886005043,2811.2059239306122,0.999994294183847,0.9999252350733969,-0.0088215449388614,-8.8215449388614,-0.7898261598402396,-7.281649704578749,4.916645942651496,0.08953376821341487,0.8254392801992112,-0.5573452243033168,28.128993772385627,0.0011798185940266137,1
000144,12.435266936896369,3,2834.900998297384,2846.566788581379,1.0001797986729453,0.99948039413266,0.015561365820015953,15.561365820015954,-11.742771934469394,-0.7216382787062606,10.185413672213054,-0.7546106216052798,-0.0463737108331485,0.6545321143412726,28.137665297567242,0.0009382782073639079,2
000144,12.435266936896369,4,2869.0592264031256,2875.751831132393,0.9995181068360273,0.9992802603415706,0.01154416363865304,11.544163638653039,0.9881460839677328,8.882262266750784,7.307304459059676,0.08559702676590164,0.7694158316511145,0.6329869090379842,24.503188789884803,0.003501258611740536,3
000144,12.435266936896369,5,2877.1583926076537,2884.3827511279114,0.9998683085443973,0.9991195673290285,-0.02761701405449074,-27.617014054490742,-3.2744022717493753,23.878622299308056,13.482920756857158,0.1185646741276482,-0.8646344696133146,-0.4882106635516134,24.648424874504606,0.003708329692425451,4
000144,12.435266936896369,6,2904.4342455818605,2920.419747695074,0.9995554763719894,1.0001890261866306,-0.05346761366496099,-53.46761366496099,-46.51126268423476,2.5458332373626327,26.24894069617238,0.869895989293329,-0.04761449151846096,-0.49093159198489034,28.149854264219062,0.0007143761320573302,5
000144,12.435266936896369,7,2937.7002853231734,2949.15820684722,0.9999835059338019,1.0003221172842869,-0.01979422845750243,-19.794228457502427,-1.766246220648579,15.848884814504485,-11.72624000489555,0.0892303645196706,-0.8006821204742347,0.5924070256171595,28.13207628590776,0.001246223926997528,6
000144,12.435266936896369,8,2969.468369204371,2979.433000494655,0.9998758239620904,0.9994681327081945,0.00069576007963497,0.69576007963497,0.568644629537078,-0.03255127705139856,0.39958201670573484,0.8172998799175385,-0.046785203699063284,0.5743100652100869,28.0579231763767,0.0031239019448423113,7
000145,12.51527204143349,1,2762.6782471497686,2772.902259762475,0.9996965528135946,0.9991583319379258,0.001848727328871852,1.848727328871852,-1.5045331512781464,-0.08838680215240681,-1.0706822621244707,-0.8138210150202394,-0.04780953944481529,-0.5791455805317881,28.057776830812678,0.003214665552417328,0
000145,12.51527204143349,2,2798.5743886005043,2811.2059239306122,0.9999820548485561,1.0000117620177567,-0.011797588348369635,-11.797588348369635,-1.0562825406602108,-9.738192834364833,6.575329524260271,0.08953376821341487,0.8254392801992112,-0.5573452243033168,28.128993772385627,0.0011798185940266137,1
000145,12.51527204143349,3,2834.900998297384,2846.566788581379,0.9999500733356286,0.9999620546312722,-0.01138408940768997,-11.38408940768997,8.59055478434701,0.5279224702909235,-7.451252109865401,-0.7546106216052798,-0.0463737108331485,0.6545321143412726,28.137665297567242,0.0009382782073639079,2
000145,12.51527204143349,4,2869.0592264031256,2875.751831132393,0.9996007877322338,0.9995593074379812,0.009255299893181818,9.25529989318182,0.7922261526831307,7.12117426449296,5.858483671604744,0.08559702676590164,0.7694158316511145,0.6329869090379842,24.503188789884803,0.003501258611740536,3
000145,12.51527204143349,5,2877.1583926076537,2884.3827511279114,0.9995255421771514,0.9990013536813432,-0.03007370660642265,-30.07370660642265,-3.565679223601003,26.002763360950684,14.682304257778142,0.1185646741276482,-0.8646344696133146,-0.4882106635516134,24.648424874504606,0.003708329692425451,4
000145,12.51527204143349,6,2904.4342455818605,2920.419747695074,0.999931787135037,0.999796524759389,-0.015236480190884244,-15.236480190884244,-13.25415300899746,0.7254772568200561,7.480069476357048,0.869895989293329,-0.04761449151846096,-0.49093159198489034,28.149854264219062,0.0007143761320573302,5
000145,12.51527204143349,7,2937.7002853231734,2949.15820684722,1.0002199458857273,0.9998735263080483,-0.0002547796698436579,-0.2547796698436579,-0.022734082812350925,0.20399752630414544,-0.1509332663998033,0.0892303645196706,-0.8006821204742347,0.5924070256171595,28.13207628590776,0.001246223926997528,6
000145,12.51527204143349,8,2969.468369204371,2979.433000494655,0.9995752162080052,0.9993196556824138,-0.0010398974197502989,-1.0398974197502988,-0.8499080362884774,0.04865181260914805,-0.5972235549485952,0.8172998799175385,-0.046785203699063284,0.5743100652100869,28.0579231763767,0.0031239019448423113,7
000146,12.594550811918452,1,2762.6782471497686,2772.902259762475,0.9996982530159414,0.9993741401128717,-0.0005250708161186534,-0.5250708161186535,0.427313664531188,0.025103393894546116,0.30409244262133733,-0.8138210150202394,-0.04780953944481529,-0.5791455805317881,28.057776830812678,0.003214665552417328,0
000146,12.594550811918452,2,2798.5743886005043,2811.2059239306122,0.9995280298540521,0.9998737675942052,-0.021320278695854844,-21.320278695854846,-1.9088848910000746,-17.598595500353,11.882755511950444,0.08953376821341487,0.8254392801992112,-0.5573452243033168,28.128993772385627,0.0011798185940266137,1
000146,12.594550811918452,3,2834.900998297384,2846.566788581379,1.0000060577357255,1.0001659408492196,-0.016986227670372143,-16.98622767037214,12.817987821068327,0.7877144101318635,-11.118031511770907,-0.7546106216052798,-0.0463737108331485,0.6545321143412726,28.137665297567242,0.0009382782073639079,2
000146,12.594550811918452,4,2869.0592264031256,2875.751831132393,0.9997205335208429,0.9992981601709661,0.013695026816726182,13.695026816726182,1.1722535769910518,10.53717044767569,8.66877269391181,0.08559702676590164,0.7694158316511145,0.6329869090379842,24.503188789884803,0.003501258611740536,3
000146,12.594550811918452,5,2877.1583926076537,2884.3827511279114,0.9997087977997812,0.9990468804767303,-0.028566900611218114,-28.566900611218113,-3.38702526180599,24.699926958476848,13.946665503015785,0.1185646741276482,-0.8646344696133146,-0.4882106635516134,24.648424874504606,0.003708329692425451,4
000146,12.594550811918452,6,2904.4342455818605,2920.419747695074,0.9995775127448991,1.0001707800369584,-0.051464463198620546,-51.46446319862054,-44.76873012761414,2.450454246472864,25.265530848746586,0.869895989293329,-0.04761449151846096,-0.49093159198489034,28.149854264219062,0.0007143761320573302,5
000146,12.594550811918452,7,2937.7002853231734,2949.15820684722,0.9999116352262093,1.0000091271001923,-0.012916667942906988,-12.916667942906988,-1.1525589889251344,10.342145077988338,-7.651924836942044,0.0892303645196706,-0.8006821204742347,0.5924070256171595,28.13207628590776,0.001246223926997528,6
000146,12.594550811918452,8,2969.468369204371,2979.433000494655,0.999463572175375,0.9993769110969397,-0.0029668690142839126,-2.9668690142839127,-2.4248216891053076,0.13880557118171194,-1.70390273706318,0.8172998799175385,-0.046785203699063284,0.5743100652100869,28.0579231763767,0.0031239019448423113,7
000147,12.673840020434,1,2762.6782471497686,2772.902259762475,0.9993730058159035,0.9989343611327394,0.0007447339642933311,0.744733964293331,-0.6060801507412454,-0.03560538784177567,-0.43130938409240116,-0.8138210150202394,-0.04780953944481529,-0.5791455805317881,28.057776830812678,0.003214665552417328,0
000147,12.673840020434,2,2798.5743886005043,2811.2059239306122,1.0001127183123675,0.9998430464399926,-0.0027766448970517584,-2.7766448970517583,-0.24860348062359336,-2.2919517651912162,1.5475497729579721,0.08953376821341487,0.8254392801992112,-0.5573452243033168,28.128993772385627,0.0011798185940266137,1
000147,12.673840020434,3,2834.900998297384,2846.566788581379,0.9999657957839608,1.0003731904683573,-0.026361325704730303,-26.3613257047303,19.892536376385774,1.2224724954096078,-17.254334250356063,-0.7546106216052798,-0.0463737108331485,0.6545321143412726,28.137665297567242,0.0009382782073639079,2
000147,12.673840020434,4,2869.0592264031256,2875.751831132393,0.9998085083926126,0.9993099434565849,0.014583123439615306,14.583123439615306,1.2482720073911988,11.220486049362473,9.230926230161469,0.08559702676590164,0.7694158316511145,0.6329869090379842,24.503188789884803,0.003501258611740536,3
000147,12.673840020434,5,2877.1583926076537,2884.3827511279114,0.9997296598285645,0.9995588055012077,-0.033939317415659746,-33.939317415659744,-4.024004109502513,29.345103712726896,16.569536675988076,0.1185646741276482,-0.8646344696133146,-0.4882106635516134,24.648424874504606,0.003708329692425451,4
000147,12.673840020434,6,2904.4342455818605,2920.419747695074,0.9994431460437929,0.9995206981182329,-0.025819217755783618,-25.81921775578362,-22.460033972447278,1.2293689248460555,12.6754696766514,0.869895989293329,-0.04761449151846096,-0.49093159198489034,28.149854264219062,0.0007143761320573302,5
000147,12.673840020434,7,2937.7002853231734,2949.15820684722,1.0002349122321992,0.9997284730844304,0.004309531321447556,4.309531321447556,0.3845410507217032,-3.4505646767067604,2.552996631942734,0.0892303645196706,-0.8006821204742347,0.5924070256171595,28.13207628590776,0.001246223926997528,6
000147,12.673840020434,8,2969.468369204371,2979.433000494655,0.9998670395413392,0.999793301273808,-0.0031143051957108463,-3.1143051957108465,-2.545321262481041,0.1457034029623831,-1.7885768200328085,0.8172998799175385,-0.046785203699063284,0.5743100652100869,28.0579231763767,0.0031239019448423113,7
000148,12.767195728374643,1,2762.6782471497686,2772.902259762475,0.9994952399745214,0.9993756263528972,-0.0027923381628423647,-2.792338162842365,2.272463477964124,0.1335004015396751,1.617170306360408,-0.8138210150202394,-0.04780953944481529,-0.5791455805317881,28.057776830812678,0.003214665552417328,0
000148,12.767195728374643,2,2798.5743886005043,2811.2059239306122,0.999551063451999,0.9997216508039277,-0.01604261550562862,-16.042615505628618,-1.436355818217888,-13.242204995478792,8.94127513739645,0.08953376821341487,0.8254392801992112,-0.5573452243033168,28.128993772385627,0.0011798185940266137,1
000148,12.767195728374643,3,2834.900998297384,2846.566788581379,1.0001944406365326,1.0007122922368124,-0.030545147944650897,-30.545147944650896,23.04969307753825,1.4164918581409809,-19.99278026707933,-0.7546106216052798,-0.0463737108331485,0.6545321143412726,28.137665297567242,0.0009382782073639079,2
000148,12.767195728374643,4,2869.0592264031256,2875.751831132393,0.9997109864004129,0.9993163842268373,0.013371323253999994,13.371323253999995,1.1445455144681604,10.288107801752293,8.463872576297176,0.08559702676590164,0.7694158316511145,0.6329869090379842,24.503188789884803,0.003501258611740536,3
000148,12.767195728374643,5,2877.1583926076537,2884.3827511279114,0.9994403575795081,0.9988760389115193,-0.029634667189323723,-29.634667189323725,-3.5136246581834754,25.623154747408012,14.467960532630961,0.1185646741276482,-0.8646344696133146,-0.4882106635516134,24.648424874504606,0.003708329692425451,4
000148,12.767195728374643,6,2904.4342455818605,2920.419747695074,0.9994956227211564,1.0002195315979567,-0.05796094689982362,-57.96094689982362,-50.41999524380018,2.7597810145636172,28.4548599344821,0.869895989293329,-0.04761449151846096,-0.49093159198489034,28.149854264219062,0.0007143761320573302,5
000148,12.767195728374643,7,2937.7002853231734,2949.15820684722,0.9998466780502148,0.9998807663205617,-0.011108178113811096,-11.108178113811096,-0.9911867822447911,8.894119606771753,-6.580562756428461,0.0892303645196706,-0.8006821204742347,0.5924070256171595,28.13207628590776,0.001246223926997528,6
000148,12.767195728374643,8,2969.468369204371,2979.433000494655,0.999596803274311,0.9995502226031225,-0.003424145858952926,-3.424145858952926,-2.798553999342363,0.16019936150641664,-1.966521431544104,0.8172998799175385,-0.046785203699063284,0.5743100652100869,28.0579231763767,0.0031239019448423113,7
000149,12.847444520448336,1,2762.6782471497686,2772.902259762475,0.9997074739619563,0.9994743618303777,-0.001533989166687765,-1.533989166687765,1.2483926206638882,0.07333931557267805,0.8884030464708595,-0.8138210150202394,-0.04780953944481529,-0.5791455805317881,28.057776830812678,0.003214665552417328,0
000149,12.847444520448336,2,2798.5743886005043,2811.2059239306122,0.9994688092102517,1.0000029346438615,-0.026996810762538955,-26.996810762538956,-2.417126197314587,-22.284228043504474,15.04654354992147,0.08953376821341487,0.8254392801992112,-0.5573452243033168,28.128993772385627,0.0011798185940266137,1
000149,12.847444520448336,3,2834.900998297384,2846.566788581379,0.9999125648330507,1.0001590095369586,-0.020264956794754225,-20.264956794754227,15.292151643693625,0.9397612464461803,-13.264065017905022,-0.7546106216052798,-0.0463737108331485,0.6545321143412726,28.137665297567242,0.0009382782073639079,2
000149,12.847444520448336,4,2869.0592264031256,2875.751831132393,0.9998302126481418,0.9992145769154283,0.015947712161651393,15.947712161651394,1.3650767447557695,12.2704222157896,10.094693027431184,0.08559702676590164,0.7694158316511145,0.6329869090379842,24.503188789884803,0.003501258611740536,3
000149,12.847444520448336,5,2877.1583926076537,2884.3827511279114,0.9996999327572895,0.9987188682583322,-0.025075308563019632,-25.075308563019632,-2.9730457884246495,21.680976119776687,12.242033032313268,0.1185646741276482,-0.8646344696133146,-0.4882106635516134,24.648424874504606,0.003708329692425451,4
000149,12.847444520448336,6,2904.4342455818605,2920.419747695074,0.9999485977672331,0.9997190289813219,-0.010546855073373693,-10.546855073373694,-9.174666927985776,0.5021831414375887,5.177784351605264,0.869895989293329,-0.04761449151846096,-0.49093159198489034,28.149854264219062,0.0007143761320573302,5
000149,12.847444520448336,7,2937.7002853231734,2949.15820684722,1.0003493782836832,0.9999030335581802,0.002595430777936993,2.595430777936993,0.23159123440089016,-2.0781150188226847,1.5375514273528845,0.0892303645196706,-0.8006821204742347,0.5924070256171595,28.13207628590776,0.001246223926997528,6
000149,12.847444520448336,8,2969.468369204371,2979.433000494655,0.9989023085805127,0.9993660710431175,-0.009246644030754269,-9.246644030754268,-7.557281055975689,0.4326061245115661,-5.310440736276944,0.8172998799175385,-0.046785203699063284,0.5743100652100869,28.0579231763767,0.0031239019448423113,7
000150,12.926349791465327,1,2762.6782471497686,2772.902259762475,0.9995200910355403,0.9992946053776016,-0.0016185432762768938,-1.6185432762768939,1.3172045319538455,0.07738180861030072,0.937372185355204,-0.8138210150202394,-0.04780953944481529,-0.5791455805317881,28.057776830812678,0.003214665552417328,0
000150,12.926349791465327,2,2798.5743886005043,2811.2059239306122,1.0000648157569083,1.0001486739353784,-0.013429276357929346,-13.429276357929346,-1.2023737167047384,-11.085052210485484,7.484743043941361,0.08953376821341487,0.8254392801992112,-0.5573452243033168,28.128993772385627,0.0011798185940266137,1
000150,12.926349791465327,3,2834.900998297384,2846.566788581379,1.000325983042204,1.0000759943724034,-0.0014613447895536727,-1.4613447895536726,1.1027463000247337,0.06776798069829026,-0.9564970948881674,-0.7546106216052798,-0.0463737108331485,0.6545321143412726,28.137665297567242,0.0009382782073639079,2
000150,12.926349791465327,4,2869.0592264031256,2875.751831132393,0.9994833340150263,0.9993423125651352,0.010415561394837965,10.415561394837965,0.8915410874958372,8.013897832722494,6.592914013213838,0.08559702676590164,0.7694158316511145,0.6329869090379842,24.503188789884803,0.003501258611740536,3
000150,12.926349791465327,5,2877.1583926076537,2884.3827511279114,1.0000734737943178,0.999229723256817,-0.02657757576800632,-26.57757576800632,-3.151161610036549,22.979888127777826,12.975455901291648,0.1185646741276482,-0.8646344696133146,-0.4882106635516134,24.648424874504606,0.003708329692425451,4
000150,12.926349791465327,6,2904.4342455818605,2920.419747695074,0.9997972531978485,0.9998683439219596,-0.025497910744830005,-25.497910744830005,-22.1805302922869,1.2140700548981829,12.517729914248035,0.869895989293329,-0.04761449151846096,-0.49093159198489034,28.149854264219062,0.0007143761320573302,5
000150,12.926349791465327,7,2937.7002853231734,2949.15820684722,1.0001965174249892,0.9998171168491798,0.0006859523430311529,0.6859523430311529,0.06120777761179191,-0.5492297765624532,0.4063629872502068,0.0892303645196706,-0.8006821204742347,0.5924070256171595,28.13207628590776,0.001246223926997528,6
000150,12.926349791465327,8,2969.468369204371,2979.433000494655,0.9996312183838213,0.999491740889052,-0.0023642872076859666,-2.3642872076859667,-1.9323316509323127,0.11061365861467749,-1.3578339404215016,0.8172998799175385,-0.046785203699063284,0.5743100652100869,28.0579231763767,0.0031239019448423113,7
000151,13.042969061993062,1,2762.6782471497686,2772.902259762475,0.9996315724789753,0.9997300754958838,-0.00521058006974134,-5.21058006974134,4.240479561201126,0.249115433374667,3.017684419397713,-0.8138210150202394,-0.04780953944481529,-0.5791455805317881,28.057776830812678,0.003214665552417328,0
000151,13.042969061993062,2,2798.5743886005043,2811.2059239306122,0.9996793684435387,1.0001368861987174,-0.024688454334427568,-24.68845433442757,-2.2104503479261157,-20.378819975040987,13.759992118723726,0.08953376821341487,0.8254392801992112,-0.5573452243033168,28.128993772385627,0.0011798185940266137,1
000151,13.042969061993062,3,2834.900998297384,2846.566788581379,1.000452513028851,1.0002078081146484,-0.0016614797834034352,-1.6614797834034352,1.253770292138672,0.0770489830306731,-1.08749187556633,-0.7546106216052798,-0.0463737108331485,0.6545321143412726,28.137665297567242,0.0009382782073639079,2
000151,13.042969061993062,4,2869.0592264031256,2875.751831132393,0.99935653723159,0.9995315882479682,0.006731389637000705,6.731389637000705,0.5761869389300623,5.179237755720591,4.260881519855394,0.08559702676590164,0.7694158316511145,0.6329869090379842,24.503188789884803,0.003501258611740536,3
000151,13.042969061993062,5,2877.1583926076537,2884.3827511279114,0.9994205706796215,0.9988184202866754,-0.029220773663067707,-29.220773663067707,-3.464551507119388,25.265288137857258,14.265893299537794,0.1185646741276482,-0.8646344696133146,-0.4882106635516134,24.648424874504606,0.003708329692425451,4
000151,13.042969061993062,6,2904.4342455818605,2920.419747695074,0.9993320798947763,0.9999740611800343,-0.05388688989731109,-53.886889897311086,-46.87598939716212,2.565796861971758,26.454776644401434,0.869895989293329,-0.04761449151846096,-0.49093159198489034,28.149854264219062,0.0007143761320573302,5
000151,13.042969061993062,7,2937.7002853231734,2949.15820684722,1.000494448345518,1.0001063244667956,0.0009347710802918558,0.9347710802918557,0.08340996423688857,-0.7484544907260742,0.5537649553086373,0.0892303645196706,-0.8006821204742347,0.5924070256171595,28.13207628590776,0.001246223926997528,6
000151,13.042969061993062,8,2969.468369204371,2979.433000494655,0.9994508517359779,0.9991246032976324,-0.000233419943076802,-0.233419943076802,-0.19077409144702892,0.010920599584271936,-0.13405542272977292,0.8172998799175385,-0.046785203699063284,0.5743100652100869,28.0579231763767,0.0031239019448423113,7
000152,13.13312812440563,1,2762.6782471497686,2772.902259762475,0.9990469263695676,0.9990646393020044,-0.0043148667979538285,-4.314866797953829,3.511529277187915,0.20629179437589742,2.4989360366183075,-0.8138210150202394,-0.04780953944481529,-0.5791455805317881,28.057776830812678,0.003214665552417328,0
000152,13.13312812440563,2,2798.5743886005043,2811.2059239306122,1.0000456643744706,1.0001852399436224,-0.015108162855625306,-15.108162855625306,-1.3526907512460802,-12.470871072679811,8.420462415579525,0.08953376821341487,0.8254392801992112,-0.5573452243033168,28.128993772385627,0.0011798185940266137,1
000152,13.13312812440563,3,2834.900998297384,2846.566788581379,1.0001157305489872,1.0001201098911014,-0.0110961470729929,-11.0961470729929,8.373270440174778,0.5145695157250598,-7.2627846047277655,-0.7546106216052798,-0.0463737108331485,0.6545321143412726,28.137665297567242,0.0009382782073639079,2
000152,13.13312812440563,4,2869.0592264031256,2875.751831132393,0.9999582769441709,1.0000971220515835,0.007153409273358936,7.153409273358935,0.6123105650391538,5.50394634520226,4.528014425027125,0.08559702676590164,0.7694158316511145,0.6329869090379842,24.503188789884803,0.003501258611740536,3
000152,13.13312812440563,5,2877.1583926076537,2884.3827511279114,0.9993393544016889,0.9991542343520641,-0.033783244963221375,-33.78324496322138,-4.005499430038856,29.210158090591595,16.493340440421008,0.1185646741276482,-0.8646344696133146,-0.4882106635516134,24.648424874504606,0.003708329692425451,4
000152,13.13312812440563,6,2904.4342455818605,2920.419747695074,0.999260015609507,0.9998706705858162,-0.0523291098389395,-52.3291098389395,-45.520882772183555,2.4916239565947964,25.690013200382758,0.869895989293329,-0.04761449151846096,-0.49093159198489034,28.149854264219062,0.0007143761320573302,5
000152,13.13312812440563,7,2937.7002853231734,2949.15820684722,1.000199991308598,1.0003200655449602,-0.013560794937869184,-13.560794937869185,-1.2100346754825713,10.857886046169366,-8.033510194147317,0.0892303645196706,-0.8006821204742347,0.5924070256171595,28.13207628590776,0.001246223926997528,6
000152,13.13312812440563,8,2969.468369204371,2979.433000494655,0.998758463574188,0.9999253921434692,-0.017269056990765884,-17.269056990765883,-14.113998204842085,0.8079363490037147,-9.91779324648346,0.8172998799175385,-0.046785203699063284,0.5743100652100869,28.0579231763767,0.0031239019448423113,7
000153,13.211639999994077,1,2762.6782471497686,2772.902259762475,0.9988937545345634,0.9993887784822124,-0.009606776243173869,-9.606776243173869,7.818196393292081,0.4592955477355355,5.563722004391921,-0.8138210150202394,-0.04780953944481529,-0.5791455805317881,28.057776830812678,0.003214665552417328,0
000153,13.211639999994077,2,2798.5743886005043,2811.2059239306122,0.9999929181877288,0.9998398419431649,-0.006289925451423343,-6.289925451423343,-0.5631607274473965,-5.191951537129583,3.5056599115746843,0.08953376821341487,0.8254392801992112,-0.5573452243033168,28.128993772385627,0.0011798185940266137,1
000153,13.211639999994077,3,2834.900998297384,2846.566788581379,1.0004222800242768,1.0003463169971047,-0.0080529859568231,-8.0529859568231,6.076868738656868,0.37344684210512014,-5.270937925079999,-0.7546106216052798,-0.0463737108331485,0.6545321143412726,28.137665297567242,0.0009382782073639079,2
000153,13.211639999994077,4,2869.0592264031256,2875.751831132393,0.9997698819220828,0.9994292575627787,0.01274215254123351,12.74215254123351,1.0906903721271664,9.804013894538544,8.065615751565895,0.08559702676590164,0.7694158316511145,0.6329869090379842,24.503188789884803,0.003501258611740536,3
000153,13.211639999994077,5,2877.1583926076537,2884.3827511279114,0.9991628496111273,0.9989874293061362,-0.03388936387571392,-33.88936387571392,-4.0180813843173135,29.301912160210524,16.54514882510437,0.1185646741276482,-0.8646344696133146,-0.4882106635516134,24.648424874504606,0.003708329692425451,4
000153,13.211639999994077,6,2904.4342455818605,2920.419747695074,0.9989546085762074,0.9999365234567121,-0.07079094893325111,-70.7909489332511,-61.580762555304005,3.3706750375660874,34.75351325792204,0.869895989293329,-0.04761449151846096,-0.49093159198489034,28.149854264219062,0.0007143761320573302,5
000153,13.211639999994077,7,2937.7002853231734,2949.15820684722,1.0002768753672313,1.0001053094076222,-0.005242208959745673,-5.242208959745673,-0.4677642163663896,4.197342985858197,-3.1055214175065577,0.0892303645196706,-0.8006821204742347,0.5924070256171595,28.13207628590776,0.001246223926997528,6
000153,13.211639999994077,8,2969.468369204371,2979.433000494655,0.9995534430059142,0.9995121189034215,-0.003484117982793519,-3.484117982793519,-2.8475692089556794,0.16300516953656427,-2.0009640258977823,0.8172998799175385,-0.046785203699063284,0.5743100652100869,28.0579231763767,0.0031239019448423113,7
000154,13.289933603489771,1,2762.6782471497686,2772.902259762475,0.9990223768629308,0.9993273622796948,-0.007499834093306862,-7.499834093306862,6.103522594298386,0.35856361391352487,4.343495769860299,-0.8138210150202394,-0.04780953944481529,-0.5791455805317881,28.057776830812678,0.003214665552417328,0
000154,13.289933603489771,2,2798.5743886005043,2811.2059239306122,0.9995958820350681,0.999767112081612,-0.016061981296061432,-16.061981296061433,-1.4380897104097692,-13.258190279594142,8.952068568209038,0.08953376821341487,0.8254392801992112,-0.5573452243033168,28.128993772385627,0.0011798185940266137,1
000154,13.289933603489771,3,2834.900998297384,2846.566788581379,0.9999871009917003,0.999706511027952,-0.0003022469352950898,-0.3022469352950898,0.2280787477213185,0.014016311977579838,-0.19783032561186492,-0.7546106216052798,-0.0463737108331485,0.6545321143412726,28.137665297567242,0.0009382782073639079,2
000154,13.289933603489771,4,2869.0592264031256,2875.751831132393,0.999822368983872,0.9993179162692504,0.014651751966067023,14.651751966067023,1.254146405206791,11.273289924117309,9.274367188991972,0.08559702676590164,0.7694158316511145,0.6329869090379842,24.503188789884803,0.003501258611740536,3
000154,13.289933603489771,5,2877.1583926076537,2884.3827511279114,0.9996794404104161,0.9992930371489769,-0.03158112971714048,-31.581129717140477,-3.7444063534957475,27.306133342769044,15.41824429491473,0.1185646741276482,-0.8646344696133146,-0.4882106635516134,24.648424874504606,0.003708329692425451,4
000154,13.289933603489771,6,2904.4342455818605,2920.419747695074,0.9994814022914283,1.000169940757258,-0.056202063625165694,-56.20206362516569,-48.889949737540135,2.676032681800455,27.59136856833869,0.869895989293329,-0.04761449151846096,-0.49093159198489034,28.149854264219062,0.0007143761320573302,5
000154,13.289933603489771,7,2937.7002853231734,2949.15820684722,1.0002119906185678,0.9999020749484885,-0.0012959972321005154,-1.2959972321005153,-0.11564230543681313,1.0376818119269795,-0.7677578654767377,0.0892303645196706,-0.8006821204742347,0.5924070256171595,28.13207628590776,0.001246223926997528,6
000154,13.289933603489771,8,2969.468369204371,2979.433000494655,0.9993408012872724,0.9991817066287108,-0.002140475241277854,-2.1404752412778536,-1.7494101576628542,0.10014257017598602,-1.2292964753988607,0.8172998799175385,-0.046785203699063284,0.5743100652100869,28.0579231763767,0.0031239019448423113,7
000155,13.393720270483756,1,2762.6782471497686,2772.902259762475,0.9991229076063181,0.9992645277741009,-0.005688616508647973,-5.688616508647973,4.629515661128784,0.2719701353566327,3.294537110323644,-0.8138210150202394,-0.04780953944481529,-0.5791455805317881,28.057776830812678,0.003214665552417328,0
000155,13.393720270483756,2,2798.5743886005043,2811.2059239306122,0.9997175123439316,0.9999041850938774,-0.016527303629218476,-16.527303629218476,-1.4797517723311773,-13.64228561133591,9.211413748355794,0.08953376821341487,0.8254392801992112,-0.5573452243033168,28.128993772385627,0.0011798185940266137,1
000155,13.393720270483756,3,2834.900998297384,2846.566788581379,1.000388209171202,1.000058489163201,0.0015586720497164808,1.5586720497164808,-1.176190484315329,-0.07228140691726294,1.0202009122655733,-0.7546106216052798,-0.0463737108331485,0.6545321143412726,28.137665297567242,0.0009382782073639079,2
000155,13.393720270483756,4,2869.0592264031256,2875.751831132393,0.9999645458418037,0.9995737269429188,0.013327225032057704,13.327225032057704,1.1407708377842376,10.254177931642229,8.435958979095854,0.08559702676590164,0.7694158316511145,0.6329869090379842,24.503188789884803,0.003501258611740536,3
000155,13.393720270483756,5,2877.1583926076537,2884.3827511279114,0.9998362958083952,0.9991265437465653,-0.028043570291674865,-28.043570291674865,-3.3249767730082267,24.247437525206003,13.6911700604549,0.1185646741276482,-0.8646344696133146,-0.4882106635516134,24.648424874504606,0.003708329692425451,4
000155,13.393720270483756,6,2904.4342455818605,2920.419747695074,0.9993031142925152,0.9994937505630024,-0.03144261583336212,-31.442615833362122,-27.351805406332634,1.4971241649158469,15.436173447241787,0.869895989293329,-0.04761449151846096,-0.49093159198489034,28.149854264219062,0.0007143761320573302,5
000155,13.393720270483756,7,2937.7002853231734,2949.15820684722,1.000158617537477,0.9996982707214809,0.0029948187746876996,2.9948187746876997,0.2672287709357367,-2.397897846952997,1.7741516825751664,0.0892303645196706,-0.8006821204742347,0.5924070256171595,28.13207628590776,0.001246223926997528,6
000155,13.393720270483756,8,2969.468369204371,2979.433000494655,0.9995520660029845,0.9990979976845012,0.001224875405956914,1.224875405956914,1.001090522202532,-0.057306045373667056,0.7034582742693469,0.8172998799175385,-0.046785203699063284,0.5743100652100869,28.0579231763767,0.0031239019448423113,7
000156,13.475062061916104,1,2762.6782471497686,2772.902259762475,0.9992212562363533,0.9991524482794509,-0.0033556165462095603,-3.35561654620956,2.7308712636549743,0.1604304816276808,1.9433904926966095,-0.8138210150202394,-0.04780953944481529,-0.5791455805317881,28.057776830812678,0.003214665552417328,0
000156,13.475062061916104,2,2798.5743886005043,2811.2059239306122,0.9995108245149198,0.9999911467916944,-0.02537560430547445,-25.37560430547445,-2.271973474161682,-20.946020552530836,14.14297187346687,0.08953376821341487,0.8254392801992112,-0.5573452243033168,28.128993772385627,0.0011798185940266137,1
000156,13.475062061916104,3,2834.900998297384,2846.566788581379,0.9999710013589821,1.0004655609002655,-0.029662905002567564,-29.662905002567562,22.383943182605876,1.3755789790602224,-19.41532392883486,-0.7546106216052798,-0.0463737108331485,0.6545321143412726,28.137665297567242,0.0009382782073639079,2
000156,13.475062061916104,4,2869.0592264031256,2875.751831132393,0.9995533845418255,0.9993691494102993,0.010919264318763139,10.919264318763139,0.9346565601571232,8.40145483683948,6.911751370102629,0.08559702676590164,0.7694158316511145,0.6329869090379842,24.503188789884803,0.003501258611740536,3
000156,13.475062061916104,5,2877.1583926076537,2884.3827511279114,0.9998979733561777,0.9994536059174725,-0.03094697947016577,-30.946979470165772,-3.6692185361152236,26.757825180320918,15.108645382047788,0.1185646741276482,-0.8646344696133146,-0.4882106635516134,24.648424874504606,0.003708329692425451,4
000156,13.475062061916104,6,2904.4342455818605,2920.419747695074,0.9989945712579966,0.9998233520979739,-0.06317597089729557,-63.17597089729557,-54.95652370326949,3.008091730459816,31.015079967800414,0.869895989293329,-0.04761449151846096,-0.49093159198489034,28.149854264219062,0.0007143761320573302,5
000156,13.475062061916104,7,2937.7002853231734,2949.15820684722,1.0004269502539092,0.9998113496586449,0.007423192946390285,7.4231929463902855,0.6623742125062528,-5.9436178690051555,4.3975516539533475,0.0892303645196706,-0.8006821204742347,0.5924070256171595,28.13207628590776,0.001246223926997528,6
000156,13.475062061916104,8,2969.468369204371,2979.433000494655,0.9992728135197351,0.9993413511370617,-0.004737528914462792,-4.737528914462793,-3.8719818128963066,0.2216462552933439,-2.7208105397997984,0.8172998799175385,-0.046785203699063284,0.5743100652100869,28.0579231763767,0.0031239019448423113,7
000157,13.554950020392424,1,2762.6782471497686,2772.902259762475,0.9994400268956242,0.999355997421848,-0.003186856793452979,-3.186856793452979,2.593531030372049,0.15236215557156776,1.8456540277159983,-0.8138210150202394,-0.04780953944481529,-0.5791455805317881,28.057776830812678,0.003214665552417328,0
000157,13.554950020392424,2,2798.5743886005043,2811.2059239306122,0.9995604443136199,1.0000301915620722,-0.025056955638587033,-25.056955638587034,-2.24344365827907,-20.682995426298845,13.965374560746547,0.08953376821341487,0.8254392801992112,-0.5573452243033168,28.128993772385627,0.0011798185940266137,1
000157,13.554950020392424,3,2834.900998297384,2846.566788581379,1.0003786982365768,1.000244590545295,-0.0058506164909593395,-5.850616490959339,4.414937347016928,0.2713147973473984,-3.8294163820275333,-0.7546106216052798,-0.0463737108331485,0.6545321143412726,28.137665297567242,0.0009382782073639079,2
000157,13.554950020392424,4,2869.0592264031256,2875.751831132393,0.9999204471952571,0.9996322009823044,0.012131627715095475,12.131627715095474,1.0384312622429814,9.334266427691896,7.6791615289778274,0.08559702676590164,0.7694158316511145,0.6329869090379842,24.503188789884803,0.003501258611740536,3
000157,13.554950020392424,5,2877.1583926076537,2884.3827511279114,0.9997521777837696,0.9990041512205984,-0.02762483262259628,-27.62483262259628,-3.2753292777289533,23.885382502795125,13.486737865179986,0.1185646741276482,-0.8646344696133146,-0.4882106635516134,24.648424874504606,0.003708329692425451,4
000157,13.554950020392424,6,2904.4342455818605,2920.419747695074,0.9990881562893589,1.0003535822596963,-0.08488925597582807,-84.88925597582806,-73.84482330746759,4.0419587586695265,41.67481757862613,0.869895989293329,-0.04761449151846096,-0.49093159198489034,28.149854264219062,0.0007143761320573302,5
000157,13.554950020392424,7,2937.7002853231734,2949.15820684722,0.9998909423278094,1.0000135718025966,-0.013633679165853771,-13.63367916585377,-1.2165381617133706,10.916243144381193,-8.07668732286207,0.0892303645196706,-0.8006821204742347,0.5924070256171595,28.13207628590776,0.001246223926997528,6
000157,13.554950020392424,8,2969.468369204371,2979.433000494655,0.9993540346327751,0.9992439373756447,-0.0026994859565511553,-2.6994859565511553,-2.2062895481283404,0.12629600036000652,-1.5503419557406077,0.8172998799175385,-0.046785203699063284,0.5743100652100869,28.0579231763767,0.0031239019448423113,7
000158,13.641149395378308,1,2762.6782471497686,2772.902259762475,0.9991615156692113,0.999343939160562,-0.0061409997273526706,-6.14099972735267,4.9976746313531635,0.29359836869546746,3.556532852143215,-0.8138210150202394,-0.04780953944481529,-0.5791455805317881,28.057776830812678,0.003214665552417328,0
000158,13.641149395378308,2,2798.5743886005043,2811.2059239306122,1.0000524527924821,0.9996090013810603,0.002459711617712173,2.459711617712173,0.22022724985208542,2.0303425872219734,-1.3709085232952654,0.08953376821341487,0.8254392801992112,-0.5573452243033168,28.128993772385627,0.0011798185940266137,1
000158,13.641149395378308,3,2834.900998297384,2846.566788581379,1.0000998950393576,0.9997489541256784,0.0023624650618374516,2.3624650618374514,-1.782741228833915,-0.10955627163106627,1.5463092519818524,-0.7546106216052798,-0.0463737108331485,0.6545321143412726,28.137665297567242,0.0009382782073639079,2
000158,13.641149395378308,4,2869.0592264031256,2875.751831132393,0.9993559399926167,0.9992664933558841,0.009814400299418378,9.814400299418379,0.840083485120588,7.551354968533938,6.212386909590306,0.08559702676590164,0.7694158316511145,0.6329869090379842,24.503188789884803,0.003501258611740536,3
000158,13.641149395378308,5,2877.1583926076537,2884.3827511279114,0.9994663934145848,0.999057710144702,-0.03133737791174158,-31.337377911741576,-3.715506000120601,27.095377129790677,15.29924206425903,0.1185646741276482,-0.8646344696133146,-0.4882106635516134,24.648424874504606,0.003708329692425451,4
000158,13.641149395378308,6,2904.4342455818605,2920.419747695074,1.0000067448398255,0.9995105196534605,0.002713309848870724,2.7133098488707237,2.3602973552427313,-0.12919286878601166,-1.3320495236543866,0.869895989293329,-0.04761449151846096,-0.49093159198489034,28.149854264219062,0.0007143761320573302,5
000158,13.641149395378308,7,2937.7002853231734,2949.15820684722,1.000040724067414,1.0000847212882955,-0.011390815617533849,-11.39081561753385,-1.016406629728902,9.120422402578031,-6.747999199336716,0.0892303645196706,-0.8006821204742347,0.5924070256171595,28.13207628590776,0.001246223926997528,6
000158,13.641149395378308,8,2969.468369204371,2979.433000494655,0.9990787941899661,0.9992048811416826,-0.0053941085215648485,-5.394108521564848,-4.408604246937122,0.25236446595626455,-3.0978908167701933,0.8172998799175385,-0.046785203699063284,0.5743100652100869,28.0579231763767,0.0031239019448423113,7
000159,13.765460499445908,1,2762.6782471497686,2772.902259762475,0.9994076603653848,0.9992857944085749,-0.002767366700916914,-2.7673667009169143,2.2521411774734146,0.13230652744575555,1.6027081945468655,-0.8138210150202394,-0.04780953944481529,-0.5791455805317881,28.057776830812678,0.003214665552417328,0
000159,13.765460499445908,2,2798.5743886005043,2811.2059239306122,0.9999506001725916,0.9994950397135255,0.0028245836323806807,2.8245836323806808,0.2528956162409773,2.331522280374782,-1.5742681981526878,0.08953376821341487,0.8254392801992112,-0.5573452243033168,28.128993772385627,0.0011798185940266137,1
000159,13.765460499445908,3,2834.900998297384,2846.566788581379,1.0005825440203402,1.0005899933883726,-0.011212431713124093,-11.212431713124094,8.461020064747323,0.5199620660008405,-7.33889663609825,-0.7546106216052798,-0.0463737108331485,0.6545321143412726,28.137665297567242,0.0009382782073639079,2
000159,13.765460499445908,4,2869.0592264031256,2875.751831132393,0.9998039572584654,0.9993686436842869,0.013845859344073242,13.845859344073242,1.1851643928715467,10.65322338214447,8.764247709179612,0.08559702676590164,0.7694158316511145,0.6329869090379842,24.503188789884803,0.003501258611740536,3
000159,13.765460499445908,5,2877.1583926076537,2884.3827511279114,0.9999199195276574,0.9990288159796158,-0.026059515739453667,-26.059515739453666,-3.0897379915726435,22.531955569762346,12.722533470992389,0.1185646741276482,-0.8646344696133146,-0.4882106635516134,24.648424874504606,0.003708329692425451,4
000159,13.765460499445908,6,2904.4342455818605,2920.419747695074,0.9991656373586374,0.9995511073052177,-0.041131213868151405,-41.131213868151406,-35.77987797867106,1.9584418338690988,20.19261230456257,0.869895989293329,-0.04761449151846096,-0.49093159198489034,28.149854264219062,0.0007143761320573302,5
000159,13.765460499445908,7,2937.7002853231734,2949.15820684722,1.0000712720113192,0.9997586166783256,-0.0012178525805107648,-1.217852580510765,-0.10866942969019704,0.9751127865883779,-0.7214644248605645,0.0892303645196706,-0.8006821204742347,0.5924070256171595,28.13207628590776,0.001246223926997528,6
000159,13.765460499445908,8,2969.468369204371,2979.433000494655,0.9995906214861541,0.999110944953483,0.001517039188358693,1.517039188358693,1.2398759464757598,-0.07097498744682308,0.8712508751925382,0.8172998799175385,-0.046785203699063284,0.5743100652100869,28.0579231763767,0.0031239019448423113,7
000160,13.845260624424554,1,2762.6782471497686,2772.902259762475,0.9996936219979347,0.9992430753441098,0.0008766901709358393,0.8766901709358393,-0.713468884769272,-0.04191415330823887,-0.5077312379931492,-0.8138210150202394,-0.04780953944481529,-0.5791455805317881,28.057776830812678,0.003214665552417328,0
000160,13.845260624424554,2,2798.5743886005043,2811.2059239306122,1.0002865059705273,0.999814760717619,0.0033122667689582225,3.3122667689582226,0.2965597251529021,2.734075097596642,-1.8460760652974428,0.08953376821341487,0.8254392801992112,-0.5573452243033168,28.128993772385627,0.0011798185940266137,1
000160,13.845260624424554,3,2834.900998297384,2846.566788581379,0.9999190191829032,1.0003038795325832,-0.025507783398261524,-25.507783398261523,19.248444285934962,1.1828905713055657,-16.695663399823328,-0.7546106216052798,-0.0463737108331485,0.6545321143412726,28.137665297567242,0.0009382782073639079,2
000160,13.845260624424554,4,2869.0592264031256,2875.751831132393,0.9994019249164137,0.9995305479267244,0.007272559042692378,7.272559042692378,0.6225094310339395,5.595622064064989,4.60343466923009,0.08559702676590164,0.7694158316511145,0.6329869090379842,24.503188789884803,0.003501258611740536,3
000160,13.845260624424554,5,2877.1583926076537,2884.3827511279114,0.9997868349960176,0.9988327966924935,-0.02537098546756831,-25.37098546756831,-3.0081026242595352,21.93662856331804,12.386385650079864,0.1185646741276482,-0.8646344696133146,-0.4882106635516134,24.648424874504606,0.003708329692425451,4
000160,13.845260624424554,6,2904.4342455818605,2920.419747695074,0.9995185264365041,1.0000794407926599,-0.049855631514595704,-49.85563151459571,-43.3692138982329,2.373850543899232,24.47570454887254,0.869895989293329,-0.04761449151846096,-0.49093159198489034,28.149854264219062,0.0007143761320573302,5
000160,13.845260624424554,7,2937.7002853231734,2949.15820684722,0.9996421802780555,0.9998640837992964,-0.016465317953058296,-16.465317953058296,-1.4692063228836685,13.183485692937202,-9.754170034412082,0.0892303645196706,-0.8006821204742347,0.5924070256171595,28.13207628590776,0.001246223926997528,6
000160,13.845260624424554,8,2969.468369204371,2979.433000494655,0.999406730835749,0.9989914546187747,0.0007822968246851191,0.7822968246851191,0.6393711008750195,-0.036599916296023695,0.44928094039855465,0.8172998799175385,-0.046785203699063284,0.5743100652100869,28.0579231763767,0.0031239019448423113,7
000161,13.926961249439046,1,2762.6782471497686,2772.902259762475,0.9989721526890074,0.9989149364242282,-0.0034841327192658487,-3.484132719265849,2.8354604260581597,0.16657478067271214,2.0178200663490173,-0.8138210150202394,-0.04780953944481529,-0.5791455805317881,28.057776830812678,0.003214665552417328,0
000161,13.926961249439046,2,2798.5743886005043,2811.2059239306122,1.0000968183881191,0.9995761766923181,0.004785623233675129,4.785623233675129,0.4284748813606019,3.9502413973094197,-2.667244254603829,0.08953376821341487,0.8254392801992112,-0.5573452243033168,28.128993772385627,0.0011798185940266137,1
000161,13.926961249439046,3,2834.900998297384,2846.566788581379,1.0002451427420058,1.0003639920801133,-0.015431974406302784,-15.431974406302784,11.645131799336912,0.7156379187024338,-10.100722836617766,-0.7546106216052798,-0.0463737108331485,0.6545321143412726,28.137665297567242,0.0009382782073639079,2
000161,13.926961249439046,4,2869.0592264031256,2875.751831132393,0.9995640286520883,0.9996904176069727,0.0072985994124969075,7.298599412496907,0.6247384092650917,5.615657936854644,4.619917882422865,0.08559702676590164,0.7694158316511145,0.6329869090379842,24.503188789884803,0.003501258611740536,3
000161,13.926961249439046,5,2877.1583926076537,2884.3827511279114,0.9994069182540344,0.9989658962999421,-0.030983580350117036,-30.983580350117037,-3.673558107519431,26.78947156274496,15.12651432193537,0.1185646741276482,-0.8646344696133146,-0.4882106635516134,24.648424874504606,0.003708329692425451,4
000161,13.926961249439046,6,2904.4342455818605,2920.419747695074,0.9992356279126199,0.999696387466111,-0.04487518027161794,-44.875180271617936,-39.03673933709557,2.1367088904323586,22.03064369135434,0.869895989293329,-0.04761449151846096,-0.49093159198489034,28.149854264219062,0.0007143761320573302,5
000161,13.926961249439046,7,2937.7002853231734,2949.15820684722,1.000136701417086,1.0001686120799036,-0.011046065223646378,-11.046065223646378,-0.9856444264140232,8.844386926165885,-6.543766643913495,0.0892303645196706,-0.8006821204742347,0.5924070256171595,28.13207628590776,0.001246223926997528,6
000161,13.926961249439046,8,2969.468369204371,2979.433000494655,0.99986387155161,0.9991896703728174,0.0037363683444005045,3.7363683444005047,3.0537333992062243,-0.17480675408750943,2.1458339475215578,0.8172998799175385,-0.046785203699063284,0.5743100652100869,28.0579231763767,0.0031239019448423113,7
000162,14.023532582912594,1,2762.6782471497686,2772.902259762475,0.9996617924489968,0.9992348162744974,0.0006153661323208667,0.6153661323208667,-0.5007978904144467,-0.0294203713761979,-0.3563865759425695,-0.8138210150202394,-0.04780953944481529,-0.5791455805317881,28.057776830812678,0.003214665552417328,0
000162,14.023532582912594,2,2798.5743886005043,2811.2059239306122,0.9997034763794732,0.9998855156229074,-0.01638768597261043,-16.387685972610427,-1.4672512774259323,-13.527039713362262,9.133598514216876,0.08953376821341487,0.8254392801992112,-0.5573452243033168,28.128993772385627,0.0011798185940266137,1
000162,14.023532582912594,3,2834.900998297384,2846.566788581379,1.0001770864797488,0.9999703933839487,-0.003101269134217253,-3.101269134217253,2.340250629136949,0.1438173580459597,-2.0298802435605463,-0.7546106216052798,-0.0463737108331485,0.6545321143412726,28.137665297567242,0.0009382782073639079,2
000162,14.023532582912594,4,2869.0592264031256,2875.751831132393,0.9994970107192372,0.9996194542077965,0.00734458815608597,7.34458815608597,0.6286749089810149,5.651042404249812,4.649028155077846,0.08559702676590164,0.7694158316511145,0.6329869090379842,24.503188789884803,0.003501258611740536,3
000162,14.023532582912594,5,2877.1583926076537,2884.3827511279114,0.9993471995142295,0.9987106219109763,-0.028844126827924775,-28.844126827924775,-3.419894497849456,24.939626301321915,14.082010298228049,0.1185646741276482,-0.8646344696133146,-0.4882106635516134,24.648424874504606,0.003708329692425451,4
000162,14.023532582912594,6,2904.4342455818605,2920.419747695074,0.9993091619416374,1.0000087943579032,-0.056753738410292624,-56.75373841029263,-49.36984942051631,2.7023003961778302,27.862203148858974,0.869895989293329,-0.04761449151846096,-0.49093159198489034,28.149854264219062,0.0007143761320573302,5
000162,14.023532582912594,7,2937.7002853231734,2949.15820684722,0.9998613741017959,0.9996922385451875,-0.005311532450137037,-5.311532450137037,-0.47394997668378697,4.2528490651434305,-3.1465891402547057,0.0892303645196706,-0.8006821204742347,0.5924070256171595,28.13207628590776,0.001246223926997528,6
000162,14.023532582912594,8,2969.468369204371,2979.433000494655,0.9992737085352683,0.9998390349776318,-0.010405386154059443,-10.405386154059443,-8.504320854208402,0.4868181107850837,-5.975918000674014,0.8172998799175385,-0.046785203699063284,0.5743100652100869,28.0579231763767,0.0031239019448423113,7
000163,14.1052361454349,1,2762.6782471497686,2772.902259762475,0.998915357370274,0.9993022018933285,-0.008407399525383982,-8.407399525383981,6.842118415428672,0.4019538992371668,4.8691082788911855,-0.8138210150202394,-0.04780953944481529,-0.5791455805317881,28.057776830812678,0.003214665552417328,0
000163,14.1052361454349,2,2798.5743886005043,2811.2059239306122,0.999554748914534,0.9997901981363053,-0.01799704510403083,-17.99704510403083,-1.6113432648706691,-14.855467956383945,10.03056714030297,0.08953376821341487,0.8254392801992112,-0.5573452243033168,28.128993772385627,0.0011798185940266137,1
000163,14.1052361454349,3,2834.900998297384,2846.566788581379,1.0004368683714258,0.999607398215596,0.02048791487864679,20.48791487864679,-15.460398181971716,-0.9501006401565271,13.4099982439647,-0.7546106216052798,-0.0463737108331485,0.6545321143412726,28.137665297567242,0.0009382782073639079,2
000163,14.1052361454349,4,2869.0592264031256,2875.751831132393,0.9994012876324874,0.9993941016897979,0.008855561557939156,8.855561557939156,0.7580097397020076,6.813609260839395,5.6054545383555014,0.08559702676590164,0.7694158316511145,0.6329869090379842,24.503188789884803,0.003501258611740536,3
000163,14.1052361454349,5,2877.1583926076537,2884.3827511279114,0.9998609416392124,0.9995253376065971,-0.032136892690485794,-32.136892690485794,-3.810300209322648,27.78666516645819,15.689573704909064,0.1185646741276482,-0.8646344696133146,-0.4882106635516134,24.648424874504606,0.003708329692425451,4
000163,14.1052361454349,6,2904.4342455818605,2920.419747695074,0.999218099274979,0.999826302544636,-0.05220719251576826,-52.20719251576826,-45.41482738173151,2.4858189252447063,25.63016013482776,0.869895989293329,-0.04761449151846096,-0.49093159198489034,28.149854264219062,0.0007143761320573302,5
000163,14.1052361454349,7,2937.7002853231734,2949.15820684722,1.0004181723763328,0.9999668267278026,0.002738074380385333,2.738074380385333,0.2443193750437545,-2.192327200903105,1.6220544996026223,0.0892303645196706,-0.8006821204742347,0.5924070256171595,28.13207628590776,0.001246223926997528,6
000163,14.1052361454349,8,2969.468369204371,2979.433000494655,0.9994495863932771,0.9995113474412921,-0.004660215123377743,-4.660215123377743,-3.808793260726526,0.21802911382868304,-2.6764084514001043,0.8172998799175385,-0.046785203699063284,0.5743100652100869,28.0579231763767,0.0031239019448423113,7
000164,14.18585699936375,1,2762.6782471497686,2772.902259762475,0.9993914349431708,0.9991242854723597,-0.0011566198807610147,-1.1566198807610146,0.9412815653535173,0.05529746381190128,0.6698512922979454,-0.8138210150202394,-0.04780953944481529,-0.5791455805317881,28.057776830812678,0.003214665552417328,0
000164,14.18585699936375,2,2798.5743886005043,2811.2059239306122,1.0000695726104436,0.9999007425084759,-0.005815227369583314,-5.815227369583313,-0.5206592194165787,-4.800117094143603,3.2410892026751985,0.08953376821341487,0.8254392801992112,-0.5573452243033168,28.128993772385627,0.0011798185940266137,1
000164,14.18585699936375,3,2834.900998297384,2846.566788581379,0.999904012123455,1.0001952877094649,-0.021963034638712322,-21.963034638712323,16.573539221056997,1.0185074173540694,-14.375511499426983,-0.7546106216052798,-0.0463737108331485,0.6545321143412726,28.137665297567242,0.0009382782073639079,2
000164,14.18585699936375,4,2869.0592264031256,2875.751831132393,0.9995224587928716,0.9995667877795209,0.008255098474213638,8.255098474213638,0.7066118850524185,6.351603457898932,5.22536926699667,0.08559702676590164,0.7694158316511145,0.6329869090379842,24.503188789884803,0.003501258611740536,3
000164,14.18585699936375,5,2877.1583926076537,2884.3827511279114,0.9994928584250354,0.9990153670020083,-0.03058459042525439,-30.58459042525439,-3.626251997097876,26.44449112068029,14.931723185967767,0.1185646741276482,-0.8646344696133146,-0.4882106635516134,24.648424874504606,0.003708329692425451,4
000164,14.18585699936375,6,2904.4342455818605,2920.419747695074,0.999189561781263,0.9995745776351405,-0.04110863295834197,-41.108632958341964,-35.760234935793235,1.957366655330498,20.181526622561353,0.869895989293329,-0.04761449151846096,-0.49093159198489034,28.149854264219062,0.0007143761320573302,5
000164,14.18585699936375,7,2937.7002853231734,2949.15820684722,1.0000176522476951,0.9997048059384023,-0.0012124052766521627,-1.2124052766521627,-0.10818336478124456,0.9707512277840048,-0.7182374037840571,0.0892303645196706,-0.8006821204742347,0.5924070256171595,28.13207628590776,0.001246223926997528,6
000164,14.18585699936375,8,2969.468369204371,2979.433000494655,0.999287278844146,0.9993035138252325,-0.004140808818269933,-4.1408088182699325,-3.3842825499335007,0.19372858404163634,-2.378108182443108,0.8172998799175385,-0.046785203699063284,0.5743100652100869,28.0579231763767,0.0031239019448423113,7
000165,14.286131874425337,1,2762.6782471497686,2772.902259762475,0.9991690984013815,0.9990328035070843,-0.0026073942130844215,-2.6073942130844214,2.1219522050502624,0.12465831647864276,1.5100608352120022,-0.8138210150202394,-0.04780953944481529,-0.5791455805317881,28.057776830812678,0.003214665552417328,0
000165,14.286131874425337,2,2798.5743886005043,2811.2059239306122,0.999675449369509,0.9994541396461356,-0.004233901921561006,-4.2339019215610065,-0.37907719328337497,-3.494828954567374,2.3597450161506632,0.08953376821341487,0.8254392801992112,-0.5573452243033168,28.128993772385627,0.0011798185940266137,1
000165,14.286131874425337,3,2834.900998297384,2846.566788581379,1.0004412721341651,0.9999651254885156,0.007104934302393901,7.104934302393901,-5.361458890394136,-0.3294821688277324,4.650407671201714,-0.7546106216052798,-0.0463737108331485,0.6545321143412726,28.137665297567242,0.0009382782073639079,2
000165,14.286131874425337,4,2869.0592264031256,2875.751831132393,0.9995092565966727,0.999587246188833,0.007862747145294832,7.862747145294832,0.6730277778493183,6.049722133859449,4.977016012047409,0.08559702676590164,0.7694158316511145,0.6329869090379842,24.503188789884803,0.003501258611740536,3
000165,14.286131874425337,5,2877.1583926076537,2884.3827511279114,0.999666033054372,0.9993561766800353,-0.03241858191004362,-32.41858191004362,-3.843698599844793,28.030223375406358,15.827097385704727,0.1185646741276482,-0.8646344696133146,-0.4882106635516134,24.648424874504606,0.003708329692425451,4
000165,14.286131874425337,6,2904.4342455818605,2920.419747695074,0.9996809909923284,0.9994358182506073,-0.009770908847719277,-9.770908847719276,-8.499674418381701,0.4652368564573846,4.796847835750075,0.869895989293329,-0.04761449151846096,-0.49093159198489034,28.149854264219062,0.0007143761320573302,5
000165,14.286131874425337,7,2937.7002853231734,2949.15820684722,1.0002862266572803,1.000454945072819,-0.014948294988975331,-14.94829498897533,-1.3338418108138343,11.968832529247145,-8.855474972466768,0.0892303645196706,-0.8006821204742347,0.5924070256171595,28.13207628590776,0.001246223926997528,6
000165,14.286131874425337,8,2969.468369204371,2979.433000494655,0.9992624855896917,0.9993613889138985,-0.005083970869077242,-5.083970869077242,-4.1551287808010935,0.23785461270988256,-2.919775641345933,0.8172998799175385,-0.046785203699063284,0.5743100652100869,28.0579231763767,0.0031239019448423113,7
000166,14.366538311936893,1,2762.6782471497686,2772.902259762475,0.9994449344753636,0.9991093460116491,-0.000397842183570413,-0.397842183570413,0.32377232965114194,0.01902065156822111,0.23040854236392105,-0.8138210150202394,-0.04780953944481529,-0.5791455805317881,28.057776830812678,0.003214665552417328,0
000166,14.366538311936893,2,2798.5743886005043,2811.2059239306122,1.000385312863038,0.9996475499135582,0.011327960136111813,11.327960136111813,1.0142349571574385,9.350543260877492,-6.31358448296027,0.08953376821341487,0.8254392801992112,-0.5573452243033168,28.128993772385627,0.0011798185940266137,1
000166,14.366538311936893,3,2834.900998297384,2846.566788581379,1.0001468899010733,1.000402261803419,-0.02060309597839549,-20.60309597839549,15.547315063250261,0.9554420151697173,-13.48538797271537,-0.7546106216052798,-0.0463737108331485,0.6545321143412726,28.137665297567242,0.0009382782073639079,2
000166,14.366538311936893,4,2869.0592264031256,2875.751831132393,0.9995437018314193,0.9994025393758728,0.010417204970627265,10.417204970627266,0.8916817726966656,8.015162425955301,6.593954375172477,0.08559702676590164,0.7694158316511145,0.6329869090379842,24.503188789884803,0.003501258611740536,3
000166,14.366538311936893,5,2877.1583926076537,2884.3827511279114,0.9994072249913472,0.9992510186185454,-0.03409957163536773,-34.09957163536773,-4.043004598839771,29.483665034987403,16.647774494928658,0.1185646741276482,-0.8646344696133146,-0.4882106635516134,24.648424874504606,0.003708329692425451,4
000166,14.366538311936893,6,2904.4342455818605,2920.419747695074,0.9996202023843013,0.9998298672634812,-0.0323888615978632,-32.388861597863205,-28.174940801757923,1.542179175844063,15.90071538681726,0.869895989293329,-0.04761449151846096,-0.49093159198489034,28.149854264219062,0.0007143761320573302,5
000166,14.366538311936893,7,2937.7002853231734,2949.15820684722,1.0003191544870864,0.9999253795222753,0.0010959595795022729,1.095959579502273,0.09779287277781272,-0.8775152400699304,0.6492541546895744,0.0892303645196706,-0.8006821204742347,0.5924070256171595,28.13207628590776,0.001246223926997528,6
000166,14.366538311936893,8,2969.468369204371,2979.433000494655,0.9995701432904553,0.9991418659385447,0.0009306266039755247,0.9306266039755247,0.760601011677263,-0.04353955523476242,0.5344682256154253,0.8172998799175385,-0.046785203699063284,0.5743100652100869,28.0579231763767,0.0031239019448423113,7
000167,14.447139478870668,1,2762.6782471497686,2772.902259762475,0.9996171955878645,0.999419553613549,-0.0019272439927042315,-1.9272439927042315,1.5684316623342165,0.09214064768897626,1.1161548409810935,-0.8138210150202394,-0.04780953944481529,-0.5791455805317881,28.057776830812678,0.003214665552417328,0
000167,14.447139478870668,2,2798.5743886005043,2811.2059239306122,1.0000919612263,1.0000345562759723,-0.009172710200408756,-9.172710200408757,-0.8212673089722239,-7.571515305301366,5.11236622411614,0.08953376821341487,0.8254392801992112,-0.5573452243033168,28.128993772385627,0.0011798185940266137,1
000167,14.447139478870668,3,2834.900998297384,2846.566788581379,1.0002005271353522,1.000196454027305,-0.010775990125960741,-10.77599012596074,8.131676607363593,0.49972265004216687,-7.053231601265759,-0.7546106216052798,-0.0463737108331485,0.6545321143412726,28.137665297567242,0.0009382782073639079,2
000167,14.447139478870668,4,2869.0592264031256,2875.751831132393,0.9998784790968542,0.9998731872824392,0.008833483412453052,8.833483412453052,0.7561199160918921,6.79662198616889,5.591479361286962,0.08559702676590164,0.7694158316511145,0.6329869090379842,24.503188789884803,0.003501258611740536,3
000167,14.447139478870668,5,2877.1583926076537,2884.3827511279114,0.9996189808398518,0.9990806861683623,-0.02991937965460335,-29.91937965460335,-3.547381498849434,25.869326958817364,14.606960194226543,0.1185646741276482,-0.8646344696133146,-0.4882106635516134,24.648424874504606,0.003708329692425451,4
000167,14.447139478870668,6,2904.4342455818605,2920.419747695074,0.9990639552397631,0.9998339922874697,-0.060254787035437164,-60.25478703543716,-52.41539757785046,2.869001046245494,29.5809785240177,0.869895989293329,-0.04761449151846096,-0.49093159198489034,28.149854264219062,0.0007143761320573302,5
000167,14.447139478870668,7,2937.7002853231734,2949.15820684722,1.0000486806002784,1.0001093497848583,-0.01186635762225651,-11.86635762225651,-1.05883941615472,9.50118038329394,-7.029713623910489,0.0892303645196706,-0.8006821204742347,0.5924070256171595,28.13207628590776,0.001246223926997528,6
000167,14.447139478870668,8,2969.468369204371,2979.433000494655,0.9995487732940541,0.999234530919919,-0.0003703969734050162,-0.3703969734050162,-0.30272540188573943,0.017329097850270207,-0.21272270994985368,0.8172998799175385,-0.046785203699063284,0.5743100652100869,28.0579231763767,0.0031239019448423113,7
000168,14.54767735383939,1,2762.6782471497686,2772.902259762475,0.9991926058776979,0.9989966460166763,-0.0019458934496509326,-1.9458934496509326,1.583608982316157,0.09303226963649394,1.1269555915510931,-0.8138210150202394,-0.04780953944481529,-0.5791455805317881,28.057776830812678,0.003214665552417328,0
000168,14.54767735383939,2,2798.5743886005043,2811.2059239306122,0.9997407310340963,0.9999836509016289,-0.01822215195386988,-18.222151953869883,-1.6314979293874108,-15.041279992483005,10.15602936801873,0.08953376821341487,0.8254392801992112,-0.5573452243033168,28.128993772385627,0.0011798185940266137,1
000168,14.54767735383939,3,2834.900998297384,2846.566788581379,1.0002510968878442,0.999939391830311,0.0008763123276869957,0.8763123276869956,-0.6612745903162535,-0.040637854483680014,0.5735745606642914,-0.7546106216052798,-0.0463737108331485,0.6545321143412726,28.137665297567242,0.0009382782073639079,2
000168,14.54767735383939,4,2869.0592264031256,2875.751831132393,0.9997054083801629,0.9992044077718457,0.014611513875409732,14.611513875409733,1.25070214428379,11.242330100130179,9.248897004361224,0.08559702676590164,0.7694158316511145,0.6329869090379842,24.503188789884803,0.003501258611740536,3
000168,14.54767735383939,5,2877.1583926076537,2884.3827511279114,0.9992595921828072,0.9990657570729496,-0.03368789887431417,-33.68789887431417,-3.9941947520782266,29.127718575579607,16.446791463088573,0.1185646741276482,-0.8646344696133146,-0.4882106635516134,24.648424874504606,0.003708329692425451,4
000168,14.54767735383939,6,2904.4342455818605,2920.419747695074,0.9997460229483001,1.0001055813721769,-0.039842697770844815,-39.842697770844815,-34.659002993484165,1.8970897950824939,19.56003904561369,0.869895989293329,-0.04761449151846096,-0.49093159198489034,28.149854264219062,0.0007143761320573302,5
000168,14.54767735383939,7,2937.7002853231734,2949.15820684722,1.0004562128654155,0.9999228561641622,0.00507731294440149,5.0773129444014895,0.45305048480938703,-4.065313694634665,3.0078358595203887,0.0892303645196706,-0.8006821204742347,0.5924070256171595,28.13207628590776,0.001246223926997528,6
000168,14.54767735383939,8,2969.468369204371,2979.433000494655,0.999615459949089,0.9992741258201014,-6.130749486844535e-05,-0.06130749486844535,-0.050106608194025494,0.0028682836356994927,-0.03520951137576391,0.8172998799175385,-0.046785203699063284,0.5743100652100869,28.0579231763767,0.0031239019448423113,7
000169,14.653427707962692,1,2762.6782471497686,2772.902259762475,0.9993126282611481,0.9996947208348449,-0.008354715038984904,-8.354715038984905,6.799242673231554,0.3994350782065403,4.838596291430573,-0.8138210150202394,-0.04780953944481529,-0.5791455805317881,28.057776830812678,0.003214665552417328,0
000169,14.653427707962692,2,2798.5743886005043,2811.2059239306122,0.9994198492491756,1.000000091578956,-0.0283864134224852,-28.386413422485198,-2.5415425597789585,-23.431260662893408,15.821031956121695,0.08953376821341487,0.8254392801992112,-0.5573452243033168,28.128993772385627,0.0011798185940266137,1
000169,14.653427707962692,3,2834.900998297384,2846.566788581379,1.0001472806873195,1.000495285741403,-0.024111800139604886,-24.111800139604885,18.195020491369515,1.1181536473407065,-15.781947525949779,-0.7546106216052798,-0.0463737108331485,0.6545321143412726,28.137665297567242,0.0009382782073639079,2
000169,14.653427707962692,4,2869.0592264031256,2875.751831132393,0.9993731920575969,0.9995586961363342,0.0066095477139094345,6.609547713909435,0.5657576325780099,5.08549065113535,4.183757177566607,0.08559702676590164,0.7694158316511145,0.6329869090379842,24.503188789884803,0.003501258611740536,3
000169,14.653427707962692,5,2877.1583926076537,2884.3827511279114,0.9997482376950291,0.9991078708481517,-0.028802671054833893,-28.802671054833894,-3.4149793076222257,24.90378221094307,14.061771147739304,0.1185646741276482,-0.8646344696133146,-0.4882106635516134,24.648424874504606,0.003708329692425451,4
000169,14.653427707962692,6,2904.4342455818605,2920.419747695074,0.9995489642241707,0.9999651003913033,-0.04265616935908543,-42.65616935908543,-37.10643064408541,2.0310518141582072,20.94126113143291,0.869895989293329,-0.04761449151846096,-0.49093159198489034,28.149854264219062,0.0007143761320573302,5
000169,14.653427707962692,7,2937.7002853231734,2949.15820684722,1.0004211252552115,0.9998470718359893,0.006238123944148118,6.238123944148118,0.5566300734552219,-4.994754307381612,3.6955084511839704,0.0892303645196706,-0.8006821204742347,0.5924070256171595,28.13207628590776,0.001246223926997528,6
000169,14.653427707962692,8,2969.468369204371,2979.433000494655,0.9993150957353313,0.9993255522103349,-0.004074881917572588,-4.074881917572588,-3.330400501910225,0.19064418056326313,-2.340245699804517,0.8172998799175385,-0.046785203699063284,0.5743100652100869,28.0579231763767,0.0031239019448423113,7
000170,14.735039207851514,1,2762.6782471497686,2772.902259762475,0.999788961956733,0.9990757769393791,0.003788540918856395,3.788540918856395,-3.0831942160294217,-0.18112839649836157,-2.1941167298195206,-0.8138210150202394,-0.04780953944481529,-0.5791455805317881,28.057776830812678,0.003214665552417328,0
000170,14.735039207851514,2,2798.5743886005043,2811.2059239306122,0.9999341662756117,1.0002110312521273,-0.019244992119878807,-19.24499211987881,-1.7230766637302246,-15.885572442872252,10.726104449769418,0.08953376821341487,0.8254392801992112,-0.5573452243033168,28.128993772385627,0.0011798185940266137,1
000170,14.735039207851514,3,2834.900998297384,2846.566788581379,1.0000245951173983,1.0003012298337306,-0.021408476368832217,-21.40847636883222,16.15506366030642,0.9927904925065183,-14.012535302516921,-0.7546106216052798,-0.0463737108331485,0.6545321143412726,28.137665297567242,0.0009382782073639079,2
000170,14.735039207851514,4,2869.0592264031256,2875.751831132393,0.9995075435826317,0.9993237865992397,0.010913690977077084,10.913690977077085,0.9341794986796464,8.397166619511028,6.9082235177757605,0.08559702676590164,0.7694158316511145,0.6329869090379842,24.503188789884803,0.003501258611740536,3
000170,14.735039207851514,5,2877.1583926076537,2884.3827511279114,1.000201392053931,0.9987368925531941,-0.01978634492660181,-19.78634492660181,-2.3459615383997887,17.107955851198454,9.659904585877369,0.1185646741276482,-0.8646344696133146,-0.4882106635516134,24.648424874504606,0.003708329692425451,4
000170,14.735039207851514,6,2904.4342455818605,2920.419747695074,0.9990935657218799,0.9995635015972917,-0.04533149612167968,-45.33149612167968,-39.43368666491525,2.158436137604863,22.254663558073087,0.869895989293329,-0.04761449151846096,-0.49093159198489034,28.149854264219062,0.0007143761320573302,5
000170,14.735039207851514,7,2937.7002853231734,2949.15820684722,1.0005149062001044,1.0000562361373542,0.0029469919790918717,2.9469919790918717,0.2629611685309132,-2.3596037868398416,1.7458187528514422,0.0892303645196706,-0.8006821204742347,0.5924070256171595,28.13207628590776,0.001246223926997528,6
000170,14.735039207851514,8,2969.468369204371,2979.433000494655,0.9997556769093222,0.9990764339047186,0.0037938904694630082,3.7938904694630082,3.10074622511241,-0.17749793842576167,2.1788694829172273,0.8172998799175385,-0.046785203699063284,0.5743100652100869,28.0579231763767,0.0031239019448423113,7
000171,14.814671249361709,1,2762.6782471497686,2772.902259762475,0.9993689833036319,0.9991080753507424,-0.001225819095926402,-1.225819095926402,0.9975973408780165,0.058605846418901125,0.7099277119372477,-0.8138210150202394,-0.04780953944481529,-0.5791455805317881,28.057776830812678,0.003214665552417328,0
000171,14.814671249361709,2,2798.5743886005043,2811.2059239306122,0.9994575361767701,0.9998530213454986,-0.022819277215139454,-22.819277215139454,-2.0430958769779552,-18.83592775913097,12.718215177911464,0.08953376821341487,0.8254392801992112,-0.5573452243033168,28.128993772385627,0.0011798185940266137,1
000171,14.814671249361709,3,2834.900998297384,2846.566788581379,1.0003056170298568,1.0000088531938987,0.00031037750488732815,0.3103775048873281,-0.23421416189532246,-0.014393356660759091,0.20315204451787156,-0.7546106216052798,-0.0463737108331485,0.6545321143412726,28.137665297567242,0.0009382782073639079,2
000171,14.814671249361709,4,2869.0592264031256,2875.751831132393,0.9994861331274935,0.9999816719582105,0.0029957521477409132,2.9957521477409133,0.25642747677418626,2.304979130174687,1.896271892242423,0.08559702676590164,0.7694158316511145,0.6329869090379842,24.503188789884803,0.003501258611740536,3
000171,14.814671249361709,5,2877.1583926076537,2884.3827511279114,0.9998122869867467,0.9986445702235035,-0.023033261473277847,-23.033261473277847,-2.730931140676102,19.915351817412386,11.245083867626791,0.1185646741276482,-0.8646344696133146,-0.4882106635516134,24.648424874504606,0.003708329692425451,4
000171,14.814671249361709,6,2904.4342455818605,2920.419747695074,0.999441165951007,1.0000177858246102,-0.05063662814992085,-50.63662814992085,-44.04859973895383,2.4110373015678674,24.859120470387555,0.869895989293329,-0.04761449151846096,-0.49093159198489034,28.149854264219062,0.0007143761320573302,5
000171,14.814671249361709,7,2937.7002853231734,2949.15820684722,0.9999268182446277,0.9997947654884156,-0.006369262034971894,-6.369262034971894,-0.5683315731018411,5.099754232017336,-3.7731955775139965,0.0892303645196706,-0.8006821204742347,0.5924070256171595,28.13207628590776,0.001246223926997528,6
000171,14.814671249361709,8,2969.468369204371,2979.433000494655,0.9993866936007559,0.9996603660008254,-0.00707790898113576,-7.07790898113576,-5.7847741603495235,0.331141413445866,-4.0649143685071385,0.8172998799175385,-0.046785203699063284,0.5743100652100869,28.0579231763767,0.0031239019448423113,7
000172,14.91233429138083,1,2762.6782471497686,2772.902259762475,0.9992411563195209,0.9992170407219584,-0.0038511171966906163,-3.851117196690616,3.1341201059726562,0.1841201395217865,2.2303575045733393,-0.8138210150202394,-0.04780953944481529,-0.5791455805317881,28.057776830812678,0.003214665552417328,0
000172,14.91233429138083,2,2798.5743886005043,2811.2059239306122,0.999713499007697,1.0002741019889445,-0.02779463701888818,-27.79463701888818,-2.4885585884251347,-22.942785174269407,15.491208203721504,0.08953376821341487,0.8254392801992112,-0.5573452243033168,28.128993772385627,0.0011798185940266137,1
000172,14.91233429138083,3,2834.900998297384,2846.566788581379,1.0001179745095952,1.0000254373104425,-0.007425199196832892,-7.425199196832892,5.6031341814650935,0.344334040432455,-4.8600313297081525,-0.7546106216052798,-0.0463737108331485,0.6545321143412726,28.137665297567242,0.0009382782073639079,2
000172,14.91233429138083,4,2869.0592264031256,2875.751831132393,0.9991959679238622,0.9997828957394748,0.0019305131501673929,1.9305131501673929,0.16524618578680342,1.4853673809494576,1.22198955178164,0.08559702676590164,0.7694158316511145,0.6329869090379842,24.503188789884803,0.003501258611740536,3
000172,14.91233429138083,5,2877.1583926076537,2884.3827511279114,0.9996180587982354,0.9988497682150197,-0.027403136500576686,-27.403136500576686,-3.2490439492663366,23.693696393917385,13.378503454341981,0.1185646741276482,-0.8646344696133146,-0.4882106635516134,24.648424874504606,0.003708329692425451,4
000172,14.91233429138083,6,2904.4342455818605,2920.419747695074,0.9994976083038832,0.9999252855311919,-0.04323007780850583,-43.23007780850583,-37.605671302457765,2.058378173155508,21.223010920160444,0.869895989293329,-0.04761449151846096,-0.49093159198489034,28.149854264219062,0.0007143761320573302,5
000172,14.91233429138083,7,2937.7002853231734,2949.15820684722,0.9997108094705127,0.9997506430386748,-0.0112720538569547,-11.2720538569547,-1.0058094745414268,9.025331984286266,-6.677643897994965,0.0892303645196706,-0.8006821204742347,0.5924070256171595,28.13207628590776,0.001246223926997528,6
000172,14.91233429138083,8,2969.468369204371,2979.433000494655,0.9992847807322852,0.9992947110636543,-0.004068879151693289,-4.068879151693289,-3.3254944420779013,0.19036333993884236,-2.3367982509409355,0.8172998799175385,-0.046785203699063284,0.5743100652100869,28.0579231763767,0.0031239019448423113,7
000173,14.99431347893551,1,2762.6782471497686,2772.902259762475,0.9992331154843944,0.9993128194573127,-0.005002156557015602,-5.002156557015602,4.070860126520583,0.23915080122177884,2.896976863123691,-0.8138210150202394,-0.04780953944481529,-0.5791455805317881,28.057776830812678,0.003214665552417328,0
000173,14.99431347893551,2,2798.5743886005043,2811.2059239306122,0.9995979132045802,1.0004743644744172,-0.037311834801225956,-37.311834801225956,-3.3406691687101913,-30.79865406123583,20.79557293645758,0.08953376821341487,0.8254392801992112,-0.5573452243033168,28.128993772385627,0.0011798185940266137,1
000173,14.99431347893551,3,2834.900998297384,2846.566788581379,1.0000345521763223,1.0001603610290595,-0.015695582817364696,-15.695582817364697,11.844053506268722,0.7278624189302046,-10.273263007268262,-0.7546106216052798,-0.0463737108331485,0.6545321143412726,28.137665297567242,0.0009382782073639079,2
000173,14.99431347893551,4,2869.0592264031256,2875.751831132393,0.9996122745094734,0.9993068692786778,0.012331634914948549,12.331634914948548,1.0555512838821781,9.488155133703057,7.805763468198166,0.08559702676590164,0.7694158316511145,0.6329869090379842,24.503188789884803,0.003501258611740536,3
000173,14.99431347893551,5,2877.1583926076537,2884.3827511279114,1.000197013124127,0.9988284318932273,-0.020835727448285907,-20.83572744828591,-2.4703812351185133,18.015288151256264,10.172224323108228,0.1185646741276482,-0.8646344696133146,-0.4882106635516134,24.648424874504606,0.003708329692425451,4
000173,14.99431347893551,6,2904.4342455818605,2920.419747695074,0.999429451675342,0.9996935734678984,-0.035096869548541444,-35.09686954854144,-30.530626057027373,1.6711195974435573,17.23016204115147,0.869895989293329,-0.04761449151846096,-0.49093159198489034,28.149854264219062,0.0007143761320573302,5
000173,14.99431347893551,7,2937.7002853231734,2949.15820684722,1.000036407716028,0.9996481499173662,0.0009385909396430066,0.9385909396430067,0.08375081167920563,-0.751512983811267,0.5560278668251285,0.0892303645196706,-0.8006821204742347,0.5924070256171595,28.13207628590776,0.001246223926997528,6
000173,14.99431347893551,8,2969.468369204371,2979.433000494655,0.9996311492054213,0.9995532450707378,-0.003066776871584608,-3.066776871584608,-2.5064763688799845,0.14347978063666195,-1.7612808251045424,0.8172998799175385,-0.046785203699063284,0.5743100652100869,28.0579231763767,0.0031239019448423113,7
000174,15.083442145492882,1,2762.6782471497686,2772.902259762475,0.9991637589920975,0.9990773437753593,-0.0031604062500703678,-3.1604062500703676,2.5720050223085753,0.15109756727438003,1.8303353124132946,-0.8138210150202394,-0.04780953944481529,-0.5791455805317881,28.057776830812678,0.003214665552417328,0
000174,15.083442145492882,2,2798.5743886005043,2811.2059239306122,1.000163812726801,0.9996671571377265,0.004062869525675877,4.062869525675877,0.3637640183932108,3.3536520968172066,-2.264420927102932,0.08953376821341487,0.8254392801992112,-0.5573452243033168,28.128993772385627,0.0011798185940266137,1
000174,15.083442145492882,3,2834.900998297384,2846.566788581379,1.000286189465148,1.0000194683882622,-0.000827564493130167,-0.827564493130167,0.6244889565794136,0.03837723650019948,-0.5416675374422517,-0.7546106216052798,-0.0463737108331485,0.6545321143412726,28.137665297567242,0.0009382782073639079,2
000174,15.083442145492882,4,2869.0592264031256,2875.751831132393,0.9996833917587646,0.999945542700861,0.005716144335097937,5.716144335097937,0.4892849596491351,4.398091947427186,3.618244534288626,0.08559702676590164,0.7694158316511145,0.6329869090379842,24.503188789884803,0.003501258611740536,3
000174,15.083442145492882,5,2877.1583926076537,2884.3827511279114,0.9994222681924673,0.9989450242162774,-0.03058729758820144,-30.587297588201437,-3.6265729709905035,26.446831827079166,14.933044851786487,0.1185646741276482,-0.8646344696133146,-0.4882106635516134,24.648424874504606,0.003708329692425451,4
000174,15.083442145492882,6,2904.4342455818605,2920.419747695074,0.9993772498632402,1.0001887314196503,-0.06231572020484173,-62.31572020484173,-54.20819507611709,2.9671313311602225,30.592755725847947,0.869895989293329,-0.04761449151846096,-0.49093159198489034,28.149854264219062,0.0007143761320573302,5
000174,15.083442145492882,7,2937.7002853231734,2949.15820684722,1.0005864229384107,1.0000180093128372,0.0060772575443371534,6.0772575443371535,0.5422759059611225,-4.865951457267912,3.600210065750216,0.0892303645196706,-0.8006821204742347,0.5924070256171595,28.13207628590776,0.001246223926997528,6
000174,15.083442145492882,8,2969.468369204371,2979.433000494655,0.9996519297491089,0.9993492164299017,-0.0005019318110380868,-0.5019318110380868,-0.41022880888822094,0.023482982022456633,-0.2882644911283006,0.8172998799175385,-0.046785203699063284,0.5743100652100869,28.0579231763767,0.0031239019448423113,7
000175,15.16530808294192,1,2762.6782471497686,2772.902259762475,0.9991923730516568,0.9991055958275009,-0.003156392702485309,-3.1563927024853093,2.5687387129390706,0.1509056814127985,1.8280108840671538,-0.8138210150202394,-0.04780953944481529,-0.5791455805317881,28.057776830812678,0.003214665552417328,0
000175,15.16530808294192,2,2798.5743886005043,2811.2059239306122,0.99952559896673,0.9997785940071584,-0.018525738886600786,-18.525738886600784,-1.6586792114551612,-15.291872571714288,10.325232095137194,0.08953376821341487,0.8254392801992112,-0.5573452243033168,28.128993772385627,0.0011798185940266137,1
000175,15.16530808294192,3,2834.900998297384,2846.566788581379,0.9999276450310187,0.9999299004357737,-0.0110156978200958,-11.0156978200958,8.312562579438419,0.5108387853344669,-7.210127985131852,-0.7546106216052798,-0.0463737108331485,0.6545321143412726,28.137665297567242,0.0009382782073639079,2
000175,15.16530808294192,4,2869.0592264031256,2875.751831132393,0.9997607081626823,0.9996028503722013,0.010611807436887753,10.611807436887753,0.908339165209875,8.164892644374472,6.717135188781872,0.08559702676590164,0.7694158316511145,0.6329869090379842,24.503188789884803,0.003501258611740536,3
000175,15.16530808294192,5,2877.1583926076537,2884.3827511279114,0.9994205726953345,0.9989987900224921,-0.0311940654381786,-31.1940654381786,-3.6985142033941796,26.97146422522258,15.229275386445625,0.1185646741276482,-0.8646344696133146,-0.4882106635516134,24.648424874504606,0.003708329692425451,4
000175,15.16530808294192,6,2904.4342455818605,2920.419747695074,0.9997672411061113,0.9995924582376136,-0.013271223583121461,-13.271223583121461,-11.5445841679724,0.6319025627381358,6.5152629212492394,0.869895989293329,-0.04761449151846096,-0.49093159198489034,28.149854264219062,0.0007143761320573302,5
000175,15.16530808294192,7,2937.7002853231734,2949.15820684722,1.000366378749144,1.0001536991384108,-0.004069505585951029,-4.069505585951029,-0.363123466849246,3.258380361841013,-2.410803699905665,0.0892303645196706,-0.8006821204742347,0.5924070256171595,28.13207628590776,0.001246223926997528,6
000175,15.16530808294192,8,2969.468369204371,2979.433000494655,0.9995086865592306,0.999302661813948,-0.0016050504926302563,-1.6050504926302562,-1.3118075748882945,0.07509261424498842,-0.9217966530879645,0.8172998799175385,-0.046785203699063284,0.5743100652100869,28.0579231763767,0.0031239019448423113,7
000176,15.261062290868722,1,2762.6782471497686,2772.902259762475,0.9993239743933362,0.9990741103265188,-0.0013482617866547111,-1.348261786654711,1.0972437757283384,0.06445977507100555,0.7808398551409685,-0.8138210150202394,-0.04780953944481529,-0.5791455805317881,28.057776830812678,0.003214665552417328,0
000176,15.261062290868722,2,2798.5743886005043,2811.2059239306122,1.000025783908343,1.0003918028476835,-0.02193139545950879,-21.931395459508792,-1.9636004776683995,-18.10303528186119,12.22335852166467,0.08953376821341487,0.8254392801992112,-0.5573452243033168,28.128993772385627,0.0011798185940266137,1
000176,15.261062290868722,3,2834.900998297384,2846.566788581379,1.0000439699006571,1.0002644271916203,-0.019280620817540766,-19.280620817540765,14.549361260060135,0.8941139344762187,-12.619785509517314,-0.7546106216052798,-0.0463737108331485,0.6545321143412726,28.137665297567242,0.0009382782073639079,2
000176,15.261062290868722,4,2869.0592264031256,2875.751831132393,0.9993884638907944,0.9998315271855787,0.0036074121564183366,3.6074121564183366,0.3087837549085793,2.7756000244389547,2.2834446705172917,0.08559702676590164,0.7694158316511145,0.6329869090379842,24.503188789884803,0.003501258611740536,3
000176,15.261062290868722,5,2877.1583926076537,2884.3827511279114,0.9993259607974537,0.9991777902605746,-0.03418748675079552,-34.18748675079552,-4.053428225851362,29.559679474186304,16.690695591767874,0.1185646741276482,-0.8646344696133146,-0.4882106635516134,24.648424874504606,0.003708329692425451,4
000176,15.261062290868722,6,2904.4342455818605,2920.419747695074,0.9991151384814086,0.9998213125311216,-0.05707903770264975,-57.07903770264975,-49.65282597025773,2.71778935657473,28.02190284832742,0.869895989293329,-0.04761449151846096,-0.49093159198489034,28.149854264219062,0.0007143761320573302,5
000176,15.261062290868722,7,2937.7002853231734,2949.15820684722,1.0005377908752844,0.999547657786764,0.018106153628044193,18.106153628044193,1.6156186882795398,-14.497273480534682,10.726212616157003,0.0892303645196706,-0.8006821204742347,0.5924070256171595,28.13207628590776,0.001246223926997528,6
000176,15.261062290868722,8,2969.468369204371,2979.433000494655,0.9995862206228971,0.999730607306998,-0.005602889930184639,-5.602889930184639,-4.579241267131091,0.26213234668711877,-3.217796081169279,0.8172998799175385,-0.046785203699063284,0.5743100652100869,28.0579231763767,0.0031239019448423113,7
000177,15.342225020402111,1,2762.6782471497686,2772.902259762475,0.9993211180917232,0.999140012312165,-0.0021105794750955554,-2.1105794750955553,1.717633930703149,0.1009058326659985,1.222332775362692,-0.8138210150202394,-0.04780953944481529,-0.5791455805317881,28.057776830812678,0.003214665552417328,0
000177,15.342225020402111,2,2798.5743886005043,2811.2059239306122,1.0000073372824014,0.9998053248239662,-0.0048153706003856754,-4.815370600385675,-0.4311382751966235,-3.9747960422747957,2.6838238073755516,0.08953376821341487,0.8254392801992112,-0.5573452243033168,28.128993772385627,0.0011798185940266137,1
000177,15.342225020402111,3,2834.900998297384,2846.566788581379,0.9997861504163383,1.0001656384188442,-0.025304292784677558,-25.304292784677557,19.09488810752753,1.1734539564339632,-16.562472258265608,-0.7546106216052798,-0.0463737108331485,0.6545321143412726,28.137665297567242,0.0009382782073639079,2
000177,15.342225020402111,4,2869.0592264031256,2875.751831132393,0.9995201720987856,0.9991834143252658,0.012697083236988127,12.697083236988126,1.086832573685354,9.769336858330645,8.037087471979117,0.08559702676590164,0.7694158316511145,0.6329869090379842,24.503188789884803,0.003501258611740536,3
000177,15.342225020402111,5,2877.1583926076537,2884.3827511279114,0.9998663590453114,0.9991642861850091,-0.02812758369055259,-28.127583690552587,-3.33493779426852,24.320078405785054,13.73218629766822,0.1185646741276482,-0.8646344696133146,-0.4882106635516134,24.648424874504606,0.003708329692425451,4
000177,15.342225020402111,6,2904.4342455818605,2920.419747695074,0.9998460287498738,0.9994271736919492,-0.0011341157573750735,-1.1341157573750735,-0.9865627487349427,0.05400034511048836,0.5567732542632944,0.869895989293329,-0.04761449151846096,-0.49093159198489034,28.149854264219062,0.0007143761320573302,5
000177,15.342225020402111,7,2937.7002853231734,2949.15820684722,0.9999245733966932,1.000071292955765,-0.014320811598587835,-14.320811598587834,-1.2778512391595191,11.466417797669322,-8.483749403543138,0.0892303645196706,-0.8006821204742347,0.5924070256171595,28.13207628590776,0.001246223926997528,6
000177,15.342225020402111,8,2969.468369204371,2979.433000494655,0.9995453775485325,0.9991929507195426,6.524897509679062e-05,0.06524897509679062,0.05332797951134944,-0.0030526865910584563,0.037473143142729155,0.8172998799175385,-0.046785203699063284,0.5743100652100869,28.0579231763767,0.0031239019448423113,7
000178,15.459864145494066,1,2762.6782471497686,2772.902259762475,0.999029667139952,0.9991451841141995,-0.005399212468058768,-5.399212468058768,4.393992571065519,0.2581338614625942,3.126930039228364,-0.8138210150202394,-0.04780953944481529,-0.5791455805317881,28.057776830812678,0.003214665552417328,0
000178,15.459864145494066,2,2798.5743886005043,2811.2059239306122,0.9999563518229316,0.9997587143035015,-0.004947197054101353,-4.947197054101353,-0.44294119434799945,-4.0836107753410795,2.757296651790827,0.08953376821341487,0.8254392801992112,-0.5573452243033168,28.128993772385627,0.0011798185940266137,1
000178,15.459864145494066,3,2834.900998297384,2846.566788581379,1.0006204315008012,1.000300650427365,0.0011822109187744239,1.1822109187744239,-0.892108916284917,-0.05482350729103594,0.773795012262762,-0.7546106216052798,-0.0463737108331485,0.6545321143412726,28.137665297567242,0.0009382782073639079,2
000178,15.459864145494066,4,2869.0592264031256,2875.751831132393,0.9994236691462116,0.9993615328142571,0.00949606870050063,9.49606870050063,0.8128352467275932,7.306425596611811,6.0108871747422405,0.08559702676590164,0.7694158316511145,0.6329869090379842,24.503188789884803,0.003501258611740536,3
000178,15.459864145494066,5,2877.1583926076537,2884.3827511279114,0.999711980637816,0.9988183176181713,-0.026031514142160497,-26.031514142160496,-3.086417991314525,22.50774442353844,12.708862792597385,0.1185646741276482,-0.8646344696133146,-0.4882106635516134,24.648424874504606,0.003708329692425451,4
000178,15.459864145494066,6,2904.4342455818605,2920.419747695074,0.9992633024457934,1.0000978021619935,-0.06346035650272344,-63.46035650272344,-55.20390960084395,3.021632606457434,31.15469384581071,0.869895989293329,-0.04761449151846096,-0.49093159198489034,28.149854264219062,0.0007143761320573302,5
000178,15.459864145494066,7,2937.7002853231734,2949.15820684722,1.000460162986877,0.9999085950319775,0.00559676081653307,5.59676081653307,0.49940100778865515,-4.481226318368808,3.315560428413021,0.0892303645196706,-0.8006821204742347,0.5924070256171595,28.13207628590776,0.001246223926997528,6
000178,15.459864145494066,8,2969.468369204371,2979.433000494655,0.9993764438326195,1.0000576835973307,-0.011727839740219457,-11.727839740219457,-9.585162011373498,0.5486893711961367,-6.735416405978885,0.8172998799175385,-0.046785203699063284,0.5743100652100869,28.0579231763767,0.0031239019448423113,7
000179,15.56582095788326,1,2762.6782471497686,2772.902259762475,0.9991504184646325,0.9992899782146578,-0.0056657728200578865,-5.665772820057887,4.610924987293594,0.27087798912591987,3.2813072890336508,-0.8138210150202394,-0.04780953944481529,-0.5791455805317881,28.057776830812678,0.003214665552417328,0
000179,15.56582095788326,2,2798.5743886005043,2811.2059239306122,0.999652390687715,1.0001346789999257,-0.025434845240972722,-25.434845240972724,-2.2772775383493298,-20.994920347686854,14.17598952595009,0.08953376821341487,0.8254392801992112,-0.5573452243033168,28.128993772385627,0.0011798185940266137,1
000179,15.56582095788326,3,2834.900998297384,2846.566788581379,1.0001838414258375,1.0002982573516854,-0.015264048218414674,-15.264048218414674,11.518412914310861,0.7078505582239977,-9.990809753806092,-0.7546106216052798,-0.0463737108331485,0.6545321143412726,28.137665297567242,0.0009382782073639079,2
000179,15.56582095788326,4,2869.0592264031256,2875.751831132393,0.9994427326028283,0.999569385071341,0.00729552787172634,7.29552787172634,0.6244754945075409,5.6132946447582075,4.617973637324519,0.08559702676590164,0.7694158316511145,0.6329869090379842,24.503188789884803,0.003501258611740536,3
000179,15.56582095788326,5,2877.1583926076537,2884.3827511279114,0.9994299756229323,0.9991967245114106,-0.03325667275554507,-33.256672755545075,-3.9430665678310377,28.75486560909428,16.236262273503524,0.1185646741276482,-0.8646344696133146,-0.4882106635516134,24.648424874504606,0.003708329692425451,4
000179,15.56582095788326,6,2904.4342455818605,2920.419747695074,0.9993513144426955,0.9999064487571098,-0.0495682042988223,-49.568204298822295,-43.11918211601787,2.360164843171614,24.334597448253113,0.869895989293329,-0.04761449151846096,-0.49093159198489034,28.149854264219062,0.0007143761320573302,5
000179,15.56582095788326,7,2937.7002853231734,2949.15820684722,1.000355359597963,0.9999998193229227,5.3741300406283465e-06,0.005374130040628347,0.0004795355825013796,-0.00430296983663459,0.0031836723926484635,0.0892303645196706,-0.8006821204742347,0.5924070256171595,28.13207628590776,0.001246223926997528,6
000179,15.56582095788326,8,2969.468369204371,2979.433000494655,0.999317835168175,0.9994567278275633,-0.00554020867373935,-5.54020867373935,-4.528011883765276,0.25919979133621274,-3.1817976046927354,0.8172998799175385,-0.046785203699063284,0.5743100652100869,28.0579231763767,0.0031239019448423113,7
000180,15.646173832938077,1,2762.6782471497686,2772.902259762475,0.9996260810950571,0.9992034815741229,0.0005668425206681734,0.5668425206681734,-0.46130835552680394,-0.027100479850883562,-0.32828434070247137,-0.8138210150202394,-0.04780953944481529,-0.5791455805317881,28.057776830812678,0.003214665552417328,0
000180,15.646173832938077,2,2798.5743886005043,2811.2059239306122,0.9998315113505262,0.9999533204896079,-0.01457282157004327,-14.572821570043269,-1.3047596286677066,-12.028979347248056,8.122092506687979,0.08953376821341487,0.8254392801992112,-0.5573452243033168,28.128993772385627,0.0011798185940266137,1
000180,15.646173832938077,3,2834.900998297384,2846.566788581379,1.0002807853433433,0.9998962380144107,0.003635389137408837,3.635389137408837,-2.7433032567571645,-0.16858648462416656,2.379478938561501,-0.7546106216052798,-0.0463737108331485,0.6545321143412726,28.137665297567242,0.0009382782073639079,2
000180,15.646173832938077,4,2869.0592264031256,2875.751831132393,0.9996368996201348,0.9996574653059984,0.008532085845688812,8.532085845688812,0.7303211805023958,6.5647219266793595,5.400698647109296,0.08559702676590164,0.7694158316511145,0.6329869090379842,24.503188789884803,0.003501258611740536,3
000180,15.646173832938077,5,2877.1583926076537,2884.3827511279114,0.9992705117446566,0.9989913899171482,-0.03275482959578809,-32.75482959578809,-3.8835656971312624,28.320954714828737,15.991257091479728,0.1185646741276482,-0.8646344696133146,-0.4882106635516134,24.648424874504606,0.003708329692425451,4
000180,15.646173832938077,6,2904.4342455818605,2920.419747695074,0.9997272994103455,0.9999862883198533,-0.03484162393794812,-34.841623937948114,-30.308588924087513,1.6589662074828369,17.104853907195732,0.869895989293329,-0.04761449151846096,-0.49093159198489034,28.149854264219062,0.0007143761320573302,5
000180,15.646173832938077,7,2937.7002853231734,2949.15820684722,0.9999932837284442,1.000162022908383,-0.0149488872614017,-14.9488872614017,-1.333894659498334,11.96930675118939,-8.855825838813226,0.0892303645196706,-0.8006821204742347,0.5924070256171595,28.13207628590776,0.001246223926997528,6
000180,15.646173832938077,8,2969.468369204371,2979.433000494655,0.9997500684539505,0.9990852052348383,0.003629831683930632,3.6298316839306324,2.9666609993973823,-0.16982241472600854,2.0846488710998408,0.8172998799175385,-0.046785203699063284,0.5743100652100869,28.0579231763767,0.0031239019448423113,7
000181,15.728047290933318,1,2762.6782471497686,2772.902259762475,0.9992537906265307,0.9993456669149625,-0.0051371100556430035,-5.137110055643004,4.180688119754068,0.24560286583762142,2.9751345854310536,-0.8138210150202394,-0.04780953944481529,-0.5791455805317881,28.057776830812678,0.003214665552417328,0
000181,15.728047290933318,2,2798.5743886005043,2811.2059239306122,0.9998019401005138,0.9999080050576973,-0.014098415032282572,-14.098415032282572,-1.2622842236769116,-11.637385556197065,7.857684288488783,0.08953376821341487,0.8254392801992112,-0.5573452243033168,28.128993772385627,0.0011798185940266137,1
000181,15.728047290933318,3,2834.900998297384,2846.566788581379,0.9999055918779252,1.0002015699918518,-0.022141154231541883,-22.141154231541883,16.70795015772219,1.0267674838456655,-14.492096493127324,-0.7546106216052798,-0.0463737108331485,0.6545321143412726,28.137665297567242,0.0009382782073639079,2
000181,15.728047290933318,4,2869.0592264031256,2875.751831132393,0.9996011458754573,0.9994689822612667,0.010312313590597168,10.312313590597169,0.8827033824327171,7.9344573375564105,6.527559504742498,0.08559702676590164,0.7694158316511145,0.6329869090379842,24.503188789884803,0.003501258611740536,3
000181,15.728047290933318,5,2877.1583926076537,2884.3827511279114,1.0002373254398838,0.9989867249129832,-0.022126481429592344,-22.126481429592346,-2.623419060291076,19.131318535284432,10.80238418080373,0.1185646741276482,-0.8646344696133146,-0.4882106635516134,24.648424874504606,0.003708329692425451,4
000181,15.728047290933318,6,2904.4342455818605,2920.419747695074,0.9996738092788603,0.999947284779962,-0.035562006397811693,-35.56200639781169,-30.9352467366801,1.6932668520080592,17.45851241505455,0.869895989293329,-0.04761449151846096,-0.49093159198489034,28.149854264219062,0.0007143761320573302,5
000181,15.728047290933318,7,2937.7002853231734,2949.15820684722,1.0002357653212979,0.9996075013771518,0.0077843954071610336,7.784395407161034,0.6946044397462288,-6.232826221215589,4.611530529384145,0.0892303645196706,-0.8006821204742347,0.5924070256171595,28.13207628590776,0.001246223926997528,6
000181,15.728047290933318,8,2969.468369204371,2979.433000494655,0.999414889235111,0.9991912285232593,-0.0014038419795590579,-1.4038419795590578,-1.1473598813168175,0.06567903297496676,-0.8062405788252199,0.8172998799175385,-0.046785203699063284,0.5743100652100869,28.0579231763767,0.0031239019448423113,7
000182,15.830114020383917,1,2762.6782471497686,2772.902259762475,0.9995332281168755,0.9991212542956962,0.000449036228537329,0.449036228537329,-0.3654351192891093,-0.021468215280406523,-0.2600573472560561,-0.8138210150202394,-0.04780953944481529,-0.5791455805317881,28.057776830812678,0.003214665552417328,0
000182,15.830114020383917,2,2798.5743886005043,2811.2059239306122,0.9996692910730457,1.0000412069066995,-0.022109081745962548,-22.10908174596255,-1.9795094004544525,-18.249704522252845,12.322391124843863,0.08953376821341487,0.8254392801992112,-0.5573452243033168,28.128993772385627,0.0011798185940266137,1
000182,15.830114020383917,3,2834.900998297384,2846.566788581379,0.9997541085555983,0.9998517888844076,-0.014630147094807784,-14.630147094807784,11.04006439338958,0.6784542108210437,-9.575901111088365,-0.7546106216052798,-0.0463737108331485,0.6545321143412726,28.137665297567242,0.0009382782073639079,2
000182,15.830114020383917,4,2869.0592264031256,2875.751831132393,0.9996276599544195,0.9996401744353598,0.008625931482245285,8.625931482245285,0.7383540879665833,6.636928245177287,5.46010170651988,0.08559702676590164,0.7694158316511145,0.6329869090379842,24.503188789884803,0.003501258611740536,3
000182,15.830114020383917,5,2877.1583926076537,2884.3827511279114,0.9996506865504106,0.9990264027791448,-0.02897862604724969,-28.97862604724969,-3.435841353959138,25.05591896248632,14.14767425134184,0.1185646741276482,-0.8646344696133146,-0.4882106635516134,24.648424874504606,0.003708329692425451,4
000182,15.830114020383917,6,2904.4342455818605,2920.419747695074,0.9994940973967177,1.0000727020746483,-0.050735327572376414,-50.73532757237641,-44.13445797069349,2.415736824381255,24.907575134981656,0.869895989293329,-0.04761449151846096,-0.49093159198489034,28.149854264219062,0.0007143761320573302,5
000182,15.830114020383917,7,2937.7002853231734,2949.15820684722,0.9999306973720536,0.9999016383249865,-0.0093069984532117,-9.3069984532117,-0.8304668645640905,7.451947256767966,-5.513531271090647,0.0892303645196706,-0.8006821204742347,0.5924070256171595,28.13207628590776,0.001246223926997528,6
000182,15.830114020383917,8,2969.468369204371,2979.433000494655,0.9993831708041995,0.9994178609025741,-0.004351363011234093,-4.351363011234093,-3.5563684665592428,0.20357940484915643,-2.499031574734612,0.8172998799175385,-0.046785203699063284,0.5743100652100869,28.0579231763767,0.0031239019448423113,7
000183,15.911696457886135,1,2762.6782471497686,2772.902259762475,0.9990769760161595,0.9991693724197138,-0.005142876530837957,-5.142876530837957,4.185380998450314,0.24587855836091213,2.978474214055457,-0.8138210150202394,-0.04780953944481529,-0.5791455805317881,28.057776830812678,0.003214665552417328,0
000183,15.911696457886135,2,2798.5743886005043,2811.2059239306122,1.0002039973262016,0.9997703875803251,0.0021631607707200792,2.1631607707200793,0.19367593505400343,1.7855578695383532,-1.2056273249611182,0.08953376821341487,0.8254392801992112,-0.5573452243033168,28.128993772385627,0.0011798185940266137,1
000183,15.911696457886135,3,2834.900998297384,2846.566788581379,1.0006886293309731,0.9997998982424183,0.022732565712056927,22.732565712056928,-17.15423554265815,-1.0541934288264745,14.879194299914536,-0.7546106216052798,-0.0463737108331485,0.6545321143412726,28.137665297567242,0.0009382782073639079,2
000183,15.911696457886135,4,2869.0592264031256,2875.751831132393,0.9997081627857836,0.9996272165233462,0.009715319100479514,9.715319100479514,0.8316024290830204,7.475120325451403,6.149669807730216,0.08559702676590164,0.7694158316511145,0.6329869090379842,24.503188789884803,0.003501258611740536,3
000183,15.911696457886135,5,2877.1583926076537,2884.3827511279114,0.9992279402683746,0.9990161802804733,-0.033491793859553046,-33.49179385955305,-3.9709436249082763,28.958159420153116,16.351050903706245,0.1185646741276482,-0.8646344696133146,-0.4882106635516134,24.648424874504606,0.003708329692425451,4
000183,15.911696457886135,6,2904.4342455818605,2920.419747695074,0.9994467445844087,0.9997595294959586,-0.03751676639851534,-37.51676639851534,-32.63568462132323,1.7863417554821897,18.418165854148377,0.869895989293329,-0.04761449151846096,-0.49093159198489034,28.149854264219062,0.0007143761320573302,5
000183,15.911696457886135,7,2937.7002853231734,2949.15820684722,0.9998421098767655,1.0000748097361636,-0.0167732668176204,-16.7732668176204,-1.4966847123219635,13.430054842812421,-9.936601105309501,0.0892303645196706,-0.8006821204742347,0.5924070256171595,28.13207628590776,0.001246223926997528,6
000183,15.911696457886135,8,2969.468369204371,2979.433000494655,0.9996462367107912,0.9995917185317531,-0.0033335869351954614,-3.3335869351954615,-2.724540201829926,0.15596254381165572,-1.914512530135599,0.8172998799175385,-0.046785203699063284,0.5743100652100869,28.0579231763767,0.0031239019448423113,7
000184,15.993990124901757,1,2762.6782471497686,2772.902259762475,0.9991460426329206,0.999121618875894,-0.003847700657104253,-3.847700657104253,3.131339654258625,0.18395679633766748,2.228378830771185,-0.8138210150202394,-0.04780953944481529,-0.5791455805317881,28.057776830812678,0.003214665552417328,0
000184,15.993990124901757,2,2798.5743886005043,2811.2059239306122,0.9996967966023972,0.999974184663016,-0.01926075378472651,-19.26075378472651,-1.7244878649773567,-15.898582740158883,10.734889138399355,0.08953376821341487,0.8254392801992112,-0.5573452243033168,28.128993772385627,0.0011798185940266137,1
000184,15.993990124901757,3,2834.900998297384,2846.566788581379,1.0000880645250863,0.9997214774525726,0.0029551010844693837,2.9551010844693835,-2.229950666257878,-0.13703900317390674,1.9342085609099333,-0.7546106216052798,-0.0463737108331485,0.6545321143412726,28.137665297567242,0.0009382782073639079,2
000184,15.993990124901757,4,2869.0592264031256,2875.751831132393,0.9994935568966468,0.9994730837711867,0.009010438267329515,9.010438267329516,0.7712667255411089,6.932773852998366,5.70348946791448,0.08559702676590164,0.7694158316511145,0.6329869090379842,24.503188789884803,0.003501258611740536,3
000184,15.993990124901757,5,2877.1583926076537,2884.3827511279114,0.9995645323810931,0.9991581421475003,-0.031362464604905965,-31.362464604905966,-3.718480395720577,27.11706794942922,15.31148965537513,0.1185646741276482,-0.8646344696133146,-0.4882106635516134,24.648424874504606,0.003708329692425451,4
000184,15.993990124901757,6,2904.4342455818605,2920.419747695074,0.9994147585752614,0.9998657394460133,-0.044388910504143446,-44.388910504143446,-38.6137352166549,2.113555402713261,21.79191850027396,0.869895989293329,-0.04761449151846096,-0.49093159198489034,28.149854264219062,0.0007143761320573302,5
000184,15.993990124901757,7,2937.7002853231734,2949.15820684722,1.0000384788821821,0.9998987835430181,-0.00615126916478852,-6.15126916478852,-0.5488799898326894,4.925211238470647,-3.6440550696829157,0.0892303645196706,-0.8006821204742347,0.5924070256171595,28.13207628590776,0.001246223926997528,6
000184,15.993990124901757,8,2969.468369204371,2979.433000494655,0.9994764472982256,0.9991355987314875,-6.684726825279787e-05,-0.06684726825279787,-0.05463426431582718,0.0031274630619330746,-0.038391058989380514,0.8172998799175385,-0.046785203699063284,0.5743100652100869,28.0579231763767,0.0031239019448423113,7
000185,16.07768654136453,1,2762.6782471497686,2772.902259762475,0.9998960064206078,0.9995530096536571,-0.00031570691197758326,-0.31570691197758327,0.25692891955450214,0.015093802061193094,0.18284026281515559,-0.8138210150202394,-0.04780953944481529,-0.5791455805317881,28.057776830812678,0.003214665552417328,0
000185,16.07768654136453,2,2798.5743886005043,2811.2059239306122,0.9998125626123473,0.9999555073140549,-0.015209682167418798,-15.209682167418798,-1.3617801577773843,-12.554669100332951,8.477043719182188,0.08953376821341487,0.8254392801992112,-0.5573452243033168,28.128993772385627,0.0011798185940266137,1
000185,16.07768654136453,3,2834.900998297384,2846.566788581379,1.0005956382210084,1.0002689488150969,0.0014438806822314892,1.4438806822314891,-1.0895676991425596,-0.06695810523537227,0.9450662757974958,-0.7546106216052798,-0.0463737108331485,0.6545321143412726,28.137665297567242,0.0009382782073639079,2
000185,16.07768654136453,4,2869.0592264031256,2875.751831132393,0.9994510722929202,0.9996768242404179,0.006140414596588053,6.1404145965880526,0.5256012325778807,4.724532203516439,3.8868020557059917,0.08559702676590164,0.7694158316511145,0.6329869090379842,24.503188789884803,0.003501258611740536,3
000185,16.07768654136453,5,2877.1583926076537,2884.3827511279114,0.9995110713498171,0.9992385594632334,-0.032827144875114185,-32.827144875114186,-3.89213973465901,28.38348099801379,16.026562181984442,0.1185646741276482,-0.8646344696133146,-0.4882106635516134,24.648424874504606,0.003708329692425451,4
000185,16.07768654136453,6,2904.4342455818605,2920.419747695074,0.9993164963858313,0.999904933897925,-0.05122429015656362,-51.22429015656362,-44.55980456159245,2.4390185291988815,25.147622314857724,0.869895989293329,-0.04761449151846096,-0.49093159198489034,28.149854264219062,0.0007143761320573302,5
000185,16.07768654136453,7,2937.7002853231734,2949.15820684722,1.0003756012151082,0.9995895941849773,0.01228377320674247,12.28377320674247,1.0960855609145939,-9.835397578599151,7.276993548762064,0.0892303645196706,-0.8006821204742347,0.5924070256171595,28.13207628590776,0.001246223926997528,6
000185,16.07768654136453,8,2969.468369204371,2979.433000494655,0.9992569417018858,0.9993383845676826,-0.004884764726309332,-4.8847647263093315,-3.9923176242380447,0.22853471274238119,-2.8053695485026444,0.8172998799175385,-0.046785203699063284,0.5743100652100869,28.0579231763767,0.0031239019448423113,7
000186,16.168170937453397,1,2762.6782471497686,2772.902259762475,0.9991947215487462,0.9994900984242978,-0.0073933049574271895,-7.39330495742719,6.016826944807563,0.35347050498966365,4.281799891617717,-0.8138210150202394,-0.04780953944481529,-0.5791455805317881,28.057776830812678,0.003214665552417328,0
000186,16.168170937453397,2,2798.5743886005043,2811.2059239306122,0.9995143678622511,1.0003105747320522,-0.03489389601967731,-34.89389601967731,-3.1241819982887877,-28.80279241382856,19.447946303903663,0.08953376821341487,0.8254392801992112,-0.5573452243033168,28.128993772385627,0.0011798185940266137,1
000186,16.168170937453397,3,2834.900998297384,2846.566788581379,1.0002832963338537,0.9999553813611995,0.0014903019801048487,1.4903019801048487,-1.1245977035864991,-0.06911083307945087,0.9754505060450118,-0.7546106216052798,-0.0463737108331485,0.6545321143412726,28.137665297567242,0.0009382782073639079,2
000186,16.168170937453397,4,2869.0592264031256,2875.751831132393,0.9995712092216307,0.9994316850129582,0.010398109403914448,10.398109403914448,0.8900472489616386,8.000469994612109,6.581867131422602,0.08559702676590164,0.7694158316511145,0.6329869090379842,24.503188789884803,0.003501258611740536,3
000186,16.168170937453397,5,2877.1583926076537,2884.3827511279114,0.999727793016338,0.9989795006983884,-0.027621925163777577,-27.621925163777576,-3.2749845558215744,23.88286861368149,13.48531841278086,0.1185646741276482,-0.8646344696133146,-0.4882106635516134,24.648424874504606,0.003708329692425451,4
000186,16.168170937453397,6,2904.4342455818605,2920.419747695074,0.9993265328767631,1.000209608136325,-0.06587589843259536,-65.87589843259536,-57.3051798376094,3.136647407189807,32.340559690948986,0.869895989293329,-0.04761449151846096,-0.49093159198489034,28.149854264219062,0.0007143761320573302,5
000186,16.168170937453397,7,2937.7002853231734,2949.15820684722,1.0002876867777701,1.0004700138574145,-0.015336461105901684,-15.336461105901684,-1.3684780149213578,12.279630198843988,-9.085427307240469,0.0892303645196706,-0.8006821204742347,0.5924070256171595,28.13207628590776,0.001246223926997528,6
000186,16.168170937453397,8,2969.468369204371,2979.433000494655,0.9995840433026753,0.999634857951172,-0.00453532779373119,-4.53532779373119,-3.706722861203176,0.212186234671737,-2.604684400966879,0.8172998799175385,-0.046785203699063284,0.5743100652100869,28.0579231763767,0.0031239019448423113,7
000187,16.249940540874377,1,2762.6782471497686,2772.902259762475,0.9999024646911093,0.9989939608938732,0.005954024771410299,5.954024771410299,-4.845510482924778,-0.284659182164148,-3.448247132739065,-0.8138210150202394,-0.04780953944481529,-0.5791455805317881,28.057776830812678,0.003214665552417328,0
000187,16.249940540874377,2,2798.5743886005043,2811.2059239306122,1.0000179025918328,0.9998039046731438,-0.004454222543334657,-4.454222543334657,-0.3988033287658924,-3.6766902500172587,2.4825396625117446,0.08953376821341487,0.8254392801992112,-0.5573452243033168,28.128993772385627,0.0011798185940266137,1
000187,16.249940540874377,3,2834.900998297384,2846.566788581379,1.0003565742387677,1.0000934376199686,-0.000963334493058711,-0.963334493058711,0.726942440620841,0.04467339521670237,-0.630533362559596,-0.7546106216052798,-0.0463737108331485,0.6545321143412726,28.137665297567242,0.0009382782073639079,2
000187,16.249940540874377,4,2869.0592264031256,2875.751831132393,0.9999106865104608,0.9997132219089713,0.011073468321994465,11.073468321994465,0.9478559643491241,8.520101838229643,7.00936048546931,0.08559702676590164,0.7694158316511145,0.6329869090379842,24.503188789884803,0.003501258611740536,3
000187,16.249940540874377,5,2877.1583926076537,2884.3827511279114,0.999666964116356,0.9991925096886587,-0.030617816314575642,-30.61781631457564,-3.6301914138378515,26.473219369871,14.94794441944039,0.1185646741276482,-0.8646344696133146,-0.4882106635516134,24.648424874504606,0.003708329692425451,4
000187,16.249940540874377,6,2904.4342455818605,2920.419747695074,0.999091211978162,1.0005782273386739,-0.09590834966242934,-95.90834966242934,-83.43028871108949,4.566627301551329,47.08443878441995,0.869895989293329,-0.04761449151846096,-0.49093159198489034,28.149854264219062,0.0007143761320573302,5
000187,16.249940540874377,7,2937.7002853231734,2949.15820684722,1.0000297031509835,1.0002375609362975,-0.016064685037747328,-16.064685037747328,-1.4334577018118924,12.862706080774242,-9.516832280688382,0.0892303645196706,-0.8006821204742347,0.5924070256171595,28.13207628590776,0.001246223926997528,6
000187,16.249940540874377,8,2969.468369204371,2979.433000494655,0.9991060775503005,0.9993762428045228,-0.007037895999807543,-7.037895999807543,-5.75207155551483,0.32926939796381854,-4.04193451059128,0.8172998799175385,-0.046785203699063284,0.5743100652100869,28.0579231763767,0.0031239019448423113,7
000188,16.35871491592843,1,2762.6782471497686,2772.902259762475,0.9993320410516652,0.9992539352623308,-0.003252532213983204,-3.252532213983204,2.6469790677698373,0.15550206717996237,1.8836896572656447,-0.8138210150202394,-0.04780953944481529,-0.5791455805317881,28.057776830812678,0.003214665552417328,0
000188,16.35871491592843,2,2798.5743886005043,2811.2059239306122,0.9998839310468256,0.999595862821854,-0.0022223226719151994,-2.222322671915199,-0.19897292300267228,-1.8343924266760698,1.238600928052923,0.08953376821341487,0.8254392801992112,-0.5573452243033168,28.128993772385627,0.0011798185940266137,1
000188,16.35871491592843,3,2834.900998297384,2846.566788581379,0.999776662789772,1.0005324591629845,-0.039557880419646106,-39.557880419646104,29.850796732856477,1.8344457077529355,-25.89190310993019,-0.7546106216052798,-0.0463737108331485,0.6545321143412726,28.137665297567242,0.0009382782073639079,2
000188,16.35871491592843,4,2869.0592264031256,2875.751831132393,0.9998338958263108,0.9998100606682938,0.009049626449524855,9.049626449524855,0.7746211174213904,6.962925860793089,5.728295074233125,0.08559702676590164,0.7694158316511145,0.6329869090379842,24.503188789884803,0.003501258611740536,3
000188,16.35871491592843,5,2877.1583926076537,2884.3827511279114,0.9995235094377402,0.9994897741616648,-0.0354394522288582,-35.4394522288582,-4.2018671047769285,30.64217198128521,17.301918488556566,0.1185646741276482,-0.8646344696133146,-0.4882106635516134,24.648424874504606,0.003708329692425451,4
000188,16.35871491592843,6,2904.4342455818605,2920.419747695074,0.9993246915117688,0.9999885803243127,-0.05497629718082457,-54.976297180824574,-47.82366042379745,2.6176684358327607,26.989601096416646,0.869895989293329,-0.04761449151846096,-0.49093159198489034,28.149854264219062,0.0007143761320573302,5
000188,16.35871491592843,7,2937.7002853231734,2949.15820684722,1.0000069131458142,0.9998498799305594,-0.005656733037972639,-5.656733037972638,-0.5047523509687623,4.529245003800592,-3.3510883937356892,0.0892303645196706,-0.8006821204742347,0.5924070256171595,28.13207628590776,0.001246223926997528,6
000188,16.35871491592843,8,2969.468369204371,2979.433000494655,0.999788554219756,0.9994303825080717,0.00013079226699337895,0.13079226699337895,0.10689650410783125,-0.006119142853547505,0.07511531538594256,0.8172998799175385,-0.046785203699063284,0.5743100652100869,28.0579231763767,0.0031239019448423113,7
000189,16.45347049937118,1,2762.6782471497686,2772.902259762475,0.999361222282383,0.9994692540708852,-0.0053162248061725936,-5.316224806172594,4.326455467835156,0.2541662595682141,3.078868101608319,-0.8138210150202394,-0.04780953944481529,-0.5791455805317881,28.057776830812678,0.003214665552417328,0
000189,16.45347049937118,2,2798.5743886005043,2811.2059239306122,0.9993343561759733,1.0004358068619652,-0.044091557920893254,-44.09155792089325,-3.947683327057613,-36.39490383308396,24.574219239302934,0.08953376821341487,0.8254392801992112,-0.5573452243033168,28.128993772385627,0.0011798185940266137,1
000189,16.45347049937118,3,2834.900998297384,2846.566788581379,1.0000869956638867,1.000035600735949,-0.00898356200221834,-8.98356200221834,6.779091306723553,0.4166011065425339,-5.880029831627887,-0.7546106216052798,-0.0463737108331485,0.6545321143412726,28.137665297567242,0.0009382782073639079,2
000189,16.45347049937118,4,2869.0592264031256,2875.751831132393,0.9996481468757555,0.9994822656447301,0.010705329449113888,10.705329449113888,0.9163443713935966,8.23684996118913,6.776333398227905,0.08559702676590164,0.7694158316511145,0.6329869090379842,24.503188789884803,0.003501258611740536,3
000189,16.45347049937118,5,2877.1583926076537,2884.3827511279114,0.9997398686426365,0.9990400333162404,-0.028152063166431155,-28.152063166431155,-3.337840195348878,24.34124420442773,13.74413743883029,0.1185646741276482,-0.8646344696133146,-0.4882106635516134,24.648424874504606,0.003708329692425451,4
000189,16.45347049937118,6,2904.4342455818605,2920.419747695074,0.9995629200662922,0.9997363599067615,-0.030587479794159978,-30.58747979415998,-26.607925995530508,1.4564072972301263,15.016360150152623,0.869895989293329,-0.04761449151846096,-0.49093159198489034,28.149854264219062,0.0007143761320573302,5
000189,16.45347049937118,7,2937.7002853231734,2949.15820684722,1.0000407460854583,0.9998631551291494,-0.00507035523807693,-5.07035523807693,-0.4524296461378257,4.059742783581079,-3.003714065411539,0.0892303645196706,-0.8006821204742347,0.5924070256171595,28.13207628590776,0.001246223926997528,6
000189,16.45347049937118,8,2969.468369204371,2979.433000494655,0.9991801680346042,0.999221528408121,-0.0044274640935230225,-4.427464093523023,-3.6185658719755796,0.2071398094857632,-2.542737192266525,0.8172998799175385,-0.046785203699063284,0.5743100652100869,28.0579231763767,0.0031239019448423113,7
000190,16.526393811916932,1,2762.6782471497686,2772.902259762475,0.999255942511842,0.9998236434334373,-0.010412540100740587,-10.412540100740587,8.47394395372365,0.49781874666707804,6.030376581453931,-0.8138210150202394,-0.04780953944481529,-0.5791455805317881,28.057776830812678,0.003214665552417328,0
000190,16.526393811916932,2,2798.5743886005043,2811.2059239306122,0.999834937761171,0.9994869515687622,-0.00041686363535597097,-0.416863635355971,-0.037323372104563,-0.3440956191094591,0.23233695635136972,0.08953376821341487,0.8254392801992112,-0.5573452243033168,28.128993772385627,0.0011798185940266137,1
000190,16.526393811916932,3,2834.900998297384,2846.566788581379,0.9999985742051035,0.9995512570648443,0.0060129472153629725,6.012947215362972,-4.537433835864789,-0.278842675420228,3.9356670542939933,-0.7546106216052798,-0.0463737108331485,0.6545321143412726,28.137665297567242,0.0009382782073639079,2
000190,16.526393811916932,4,2869.0592264031256,2875.751831132393,0.9998467503941504,0.9993995839018173,0.013984018124016078,13.984018124016078,1.196990373656258,10.759524934714088,8.851700408252087,0.08559702676590164,0.7694158316511145,0.6329869090379842,24.503188789884803,0.003501258611740536,3
000190,16.526393811916932,5,2877.1583926076537,2884.3827511279114,0.9997804825661429,0.9985407482069976,-0.022245361456716156,-22.245361456716157,-2.6375140319672967,19.234106304484243,10.860422677728879,0.1185646741276482,-0.8646344696133146,-0.4882106635516134,24.648424874504606,0.003708329692425451,4
000190,16.526393811916932,6,2904.4342455818605,2920.419747695074,0.9996939937008945,0.9995714885929251,-0.015870867638883533,-15.870867638883533,-13.806004105670072,0.7556832925822364,7.791510316138571,0.869895989293329,-0.04761449151846096,-0.49093159198489034,28.149854264219062,0.0007143761320573302,5
000190,16.526393811916932,7,2937.7002853231734,2949.15820684722,0.9999506585162187,1.0000349947021574,-0.012541422268238702,-12.541422268238701,-1.1190756805900535,10.04169257549615,-7.4296266629361,0.0892303645196706,-0.8006821204742347,0.5924070256171595,28.13207628590776,0.001246223926997528,6
000190,16.526393811916932,8,2969.468369204371,2979.433000494655,0.9997087950463053,0.9991490878893968,0.002430107538757558,2.430107538757558,1.986126599613257,-0.11369307621140168,1.395635219051377,0.8172998799175385,-0.046785203699063284,0.5743100652100869,28.0579231763767,0.0031239019448423113,7
000191,16.59892833302729,1,2762.6782471497686,2772.902259762475,0.9996379109634564,0.9987139849496139,0.006125009666215189,6.125009666215189,-4.984661583568022,-0.29283389123679,-3.5472722789030096,-0.8138210150202394,-0.04780953944481529,-0.5791455805317881,28.057776830812678,0.003214665552417328,0
000191,16.59892833302729,2,2798.5743886005043,2811.2059239306122,1.0004923937849481,0.9999518560538933,0.005385134167994695,5.385134167994695,0.48215135439537776,4.445101271405719,-3.0013788107644586,0.08953376821341487,0.8254392801992112,-0.5573452243033168,28.128993772385627,0.0011798185940266137,1
000191,16.59892833302729,3,2834.900998297384,2846.566788581379,0.9999781366431386,0.9999784545581221,-0.010942310719516055,-10.942310719516055,8.257183893852128,0.5074355531532987,-7.162093771024015,-0.7546106216052798,-0.0463737108331485,0.6545321143412726,28.137665297567242,0.0009382782073639079,2
000191,16.59892833302729,4,2869.0592264031256,2875.751831132393,0.9996822071591901,0.9992974033546078,0.013257112501181133,13.257112501181133,1.1347694136021707,10.200232240388667,8.391578664891465,0.08559702676590164,0.7694158316511145,0.6329869090379842,24.503188789884803,0.003501258611740536,3
000191,16.59892833302729,5,2877.1583926076537,2884.3827511279114,0.9996712104819748,0.9989642953840567,-0.028074607760852834,-28.074607760852835,-3.3286567204270594,24.274273590906837,13.706322883877236,0.1185646741276482,-0.8646344696133146,-0.4882106635516134,24.648424874504606,0.003708329692425451,4
000191,16.59892833302729,6,2904.4342455818605,2920.419747695074,0.9997008952315641,0.999707549865437,-0.022293662948606328,-22.29366294860633,-19.393167985649935,1.0615014253818433,10.94466344253387,0.869895989293329,-0.04761449151846096,-0.49093159198489034,28.149854264219062,0.0007143761320573302,5
000191,16.59892833302729,7,2937.7002853231734,2949.15820684722,1.0003779400484205,0.9997399979695989,0.008060449245138893,8.060449245138892,0.7192368243360472,-6.453857593572753,4.775066762450811,0.0892303645196706,-0.8006821204742347,0.5924070256171595,28.13207628590776,0.001246223926997528,6
000191,16.59892833302729,8,2969.468369204371,2979.433000494655,0.9997539849388279,0.9992787548195343,0.001466310116000885,1.4663101160008851,1.1984150817293955,-0.06860161746309852,0.8421166583386783,0.8172998799175385,-0.046785203699063284,0.5743100652100869,28.0579231763767,0.0031239019448423113,7
000192,16.672250353964046,1,2762.6782471497686,2772.902259762475,0.9987383177298408,0.9993613009738389,-0.011025450833477614,-11.025450833477613,8.972743588356497,0.5271217265200195,6.38534112357908,-0.8138210150202394,-0.04780953944481529,-0.5791455805317881,28.057776830812678,0.003214665552417328,0
000192,16.672250353964046,2,2798.5743886005043,2811.2059239306122,1.0001663288407956,0.9997688438029119,0.0010746445329668705,1.0746445329668706,0.09621697452646927,0.8870538097621911,-0.5989479982727536,0.08953376821341487,0.8254392801992112,-0.5573452243033168,28.128993772385627,0.0011798185940266137,1
000192,16.672250353964046,3,2834.900998297384,2846.566788581379,0.9999994148990247,1.0001691838949547,-0.01736067932390387,-17.36067932390387,13.100553016101028,0.8050791228337381,-11.363122144275614,-0.7546106216052798,-0.0463737108331485,0.6545321143412726,28.137665297567242,0.0009382782073639079,2
000192,16.672250353964046,4,2869.0592264031256,2875.751831132393,0.9995400979566935,0.9995572861552396,0.008571454170093732,8.571454170093732,0.7336909920202124,6.595012538742082,5.42561828108837,0.08559702676590164,0.7694158316511145,0.6329869090379842,24.503188789884803,0.003501258611740536,3
000192,16.672250353964046,5,2877.1583926076537,2884.3827511279114,0.9997803967088845,0.9992886389782925,-0.03042851156944283,-30.428511569442833,-3.6077465584203625,26.30953996196781,14.85552382420563,0.1185646741276482,-0.8646344696133146,-0.4882106635516134,24.648424874504606,0.003708329692425451,4
000192,16.672250353964046,6,2904.4342455818605,2920.419747695074,0.9990993191579973,0.9999349471424909,-0.06351646250138822,-63.51646250138822,-55.25271598405774,3.024304065054993,31.182238053055105,0.869895989293329,-0.04761449151846096,-0.49093159198489034,28.149854264219062,0.0007143761320573302,5
000192,16.672250353964046,7,2937.7002853231734,2949.15820684722,1.0003333596835293,0.9998195228853058,0.0045205378705900036,4.520537870590004,0.40336924201772156,-3.619513847908086,2.677998394105952,0.0892303645196706,-0.8006821204742347,0.5924070256171595,28.13207628590776,0.001246223926997528,6
000192,16.672250353964046,8,2969.468369204371,2979.433000494655,0.999216509915519,0.9997100856388264,-0.009586783134116997,-9.586783134116997,-7.835276704309304,0.44851960174840805,-5.5057860469096935,0.8172998799175385,-0.046785203699063284,0.5743100652100869,28.0579231763767,0.0031239019448423113,7
000193,16.763132978929207,1,2762.6782471497686,2772.902259762475,0.9990718434781557,0.9995169299013995,-0.009053122862781583,-9.053122862781583,7.367621637291843,0.43282563460691514,5.243076095991243,-0.8138210150202394,-0.04780953944481529,-0.5791455805317881,28.057776830812678,0.003214665552417328,0
000193,16.763132978929207,2,2798.5743886005043,2811.2059239306122,0.9998572771744505,1.0000000074270265,-0.015203220347383438,-15.203220347383438,-1.3612016066801014,-12.549335260254185,8.473442254645173,0.08953376821341487,0.8254392801992112,-0.5573452243033168,28.128993772385627,0.0011798185940266137,1
000193,16.763132978929207,3,2834.900998297384,2846.566788581379,1.0007768448837104,1.0002849040198003,0.007703178433079511,7.703178433079511,-5.812900265722515,-0.3572249691517752,5.041977666951624,-0.7546106216052798,-0.0463737108331485,0.6545321143412726,28.137665297567242,0.0009382782073639079,2
000193,16.763132978929207,4,2869.0592264031256,2875.751831132393,0.9998970250704188,0.9993206869876388,0.015489654888446893,15.489654888446893,1.3258684040809678,11.917985697983116,9.8047487699031,0.08559702676590164,0.7694158316511145,0.6329869090379842,24.503188789884803,0.003501258611740536,3
000193,16.763132978929207,5,2877.1583926076537,2884.3827511279114,0.9996406843721325,0.9987380185898466,-0.02593302047897586,-25.93302047897586,-3.0747401222354,22.42258340731052,12.660777135938384,0.1185646741276482,-0.8646344696133146,-0.4882106635516134,24.648424874504606,0.003708329692425451,4
000193,16.763132978929207,6,2904.4342455818605,2920.419747695074,0.9995912701278348,1.0000725341655412,-0.04589481768470011,-45.89481768470011,-39.92371783326917,2.1852584073894654,22.53121590980612,0.869895989293329,-0.04761449151846096,-0.49093159198489034,28.149854264219062,0.0007143761320573302,5
000193,16.763132978929207,7,2937.7002853231734,2949.15820684722,0.9997696072474928,0.9997572709345041,-0.009783988604579094,-9.783988604579093,-0.8730288696428958,7.833864742610138,-5.796103587910884,0.0892303645196706,-0.8006821204742347,0.5924070256171595,28.13207628590776,0.001246223926997528,6
000193,16.763132978929207,8,2969.468369204371,2979.433000494655,0.999913567772594,0.999117580326019,0.0051258262885920496,5.12582628859205,4.189337210144444,-0.23981282703779258,2.943813630056878,0.8172998799175385,-0.046785203699063284,0.5743100652100869,28.0579231763767,0.0031239019448423113,7
000194,16.838786561973393,1,2762.6782471497686,2772.902259762475,0.9995134248967206,0.99932993951668,-0.002084197032899706,-2.0841970328997057,1.6961633448166098,0.09964450025518547,1.2070535005613305,-0.8138210150202394,-0.04780953944481529,-0.5791455805317881,28.057776830812678,0.003214665552417328,0
000194,16.838786561973393,2,2798.5743886005043,2811.2059239306122,0.9999831544894154,1.000487596659296,-0.026102389288872777,-26.102389288872775,-2.337045272406258,-21.545937426086745,14.548042013059293,0.08953376821341487,0.8254392801992112,-0.5573452243033168,28.128993772385627,0.0011798185940266137,1
000194,16.838786561973393,3,2834.900998297384,2846.566788581379,1.0000195228838704,0.9998868211787595,-0.005903871610056809,-5.903871610056808,4.455124225542733,0.27378443484080933,-3.8642735677298963,-0.7546106216052798,-0.0463737108331485,0.6545321143412726,28.137665297567242,0.0009382782073639079,2
000194,16.838786561973393,4,2869.0592264031256,2875.751831132393,0.999622257010437,0.9994085454037314,0.011262845012958449,11.262845012958449,0.9640660460344062,8.665811262403032,7.129233451726443,0.08559702676590164,0.7694158316511145,0.6329869090379842,24.503188789884803,0.003501258611740536,3
000194,16.838786561973393,5,2877.1583926076537,2884.3827511279114,0.9997226885184033,0.9991862472757415,-0.029939656874159178,-29.939656874159176,-3.5497856607782854,25.886859341793247,14.616859749040875,0.1185646741276482,-0.8646344696133146,-0.4882106635516134,24.648424874504606,0.003708329692425451,4
000194,16.838786561973393,6,2904.4342455818605,2920.419747695074,0.9999468969482267,0.999603801317826,-0.004901445180828052,-4.901445180828052,-4.2637475045434385,0.23337981999073862,2.4062742856505843,0.869895989293329,-0.04761449151846096,-0.49093159198489034,28.149854264219062,0.0007143761320573302,5
000194,16.838786561973393,7,2937.7002853231734,2949.15820684722,1.0000527585417662,1.000376153293912,-0.019360198500973206,-19.360198500973205,-1.7275175694150195,15.501364788561327,-11.469117609319326,0.0892303645196706,-0.8006821204742347,0.5924070256171595,28.13207628590776,0.001246223926997528,6
000194,16.838786561973393,8,2969.468369204371,2979.433000494655,0.999048962690338,0.9989341097780898,-0.0026452287492024634,-2.6452287492024635,-2.1619451390775937,0.12375756586205565,-1.5191814954500633,0.8172998799175385,-0.046785203699063284,0.5743100652100869,28.0579231763767,0.0031239019448423113,7
000195,16.9300740204053,1,2762.6782471497686,2772.902259762475,0.9998007084005076,0.9995985306449318,-0.0018769561448909924,-1.8769561448909924,1.527506354983663,0.08973640884535433,1.0870308561656008,-0.8138210150202394,-0.04780953944481529,-0.5791455805317881,28.057776830812678,0.003214665552417328,0
000195,16.9300740204053,2,2798.5743886005043,2811.2059239306122,0.9999825205858182,1.0000066109246881,-0.011628341000520726,-11.628341000520726,-1.0411291878471713,-9.598489425380803,6.481000323210679,0.08953376821341487,0.8254392801992112,-0.5573452243033168,28.128993772385627,0.0011798185940266137,1
000195,16.9300740204053,3,2834.900998297384,2846.566788581379,0.9999323457020663,1.0000983894216897,-0.017219575494080333,-17.219575494080335,12.994074567367004,0.7985356146320516,-11.270765156199564,-0.7546106216052798,-0.0463737108331485,0.6545321143412726,28.137665297567242,0.0009382782073639079,2
000195,16.9300740204053,4,2869.0592264031256,2875.751831132393,0.9994979001683043,0.9995177625383267,0.008540283764317074,8.540283764317074,0.7310228979626439,6.571029535058532,5.405887822282344,0.08559702676590164,0.7694158316511145,0.6329869090379842,24.503188789884803,0.003501258611740536,3
000195,16.9300740204053,5,2877.1583926076537,2884.3827511279114,1.0003349142582936,0.9988114980261462,-0.019141773373322894,-19.141773373322895,-2.269538122233322,16.55063706810131,9.345217880144576,0.1185646741276482,-0.8646344696133146,-0.4882106635516134,24.648424874504606,0.003708329692425451,4
000195,16.9300740204053,6,2904.4342455818605,2920.419747695074,0.99904514925246,0.9996912074505846,-0.05408962471595105,-54.089624715951054,-47.052347602787144,2.5754499772743875,26.554305571667122,0.869895989293329,-0.04761449151846096,-0.49093159198489034,28.149854264219062,0.0007143761320573302,5
000195,16.9300740204053,7,2937.7002853231734,2949.15820684722,1.0005033604523106,0.9999471303360842,0.005729741764897881,5.729741764897881,0.5112669462854188,-4.587701786088219,3.394339276497568,0.0892303645196706,-0.8006821204742347,0.5924070256171595,28.13207628590776,0.001246223926997528,6
000195,16.9300740204053,8,2969.468369204371,2979.433000494655,0.9992535659416436,0.9992326776344365,-0.0037172697052532348,-3.717269705253235,-3.0381240837245724,0.17391322036462953,-2.1348654068274655,0.8172998799175385,-0.046785203699063284,0.5743100652100869,28.0579231763767,0.0031239019448423113,7
000196,17.057850520359352,1,2762.6782471497686,2772.902259762475,0.9997260161083885,0.9991507823146187,0.0022590866221864864,2.2590866221864863,-1.8384921678864503,-0.10800589097267935,-1.308340033277789,-0.8138210150202394,-0.04780953944481529,-0.5791455805317881,28.057776830812678,0.003214665552417328,0
000196,17.057850520359352,2,2798.5743886005043,2811.2059239306122,0.9995299555122941,1.0001808667697867,-0.030515822339363452,-30.515822339363453,-2.732196564174315,-25.188958426491176,17.007847846532687,0.08953376821341487,0.8254392801992112,-0.5573452243033168,28.128993772385627,0.0011798185940266137,1
000196,17.057850520359352,3,2834.900998297384,2846.566788581379,1.0004000080905653,1.0000362298260301,0.002848710704163175,2.8487107041631754,-2.149667355242188,-0.13210528644215794,1.8645726403425384,-0.7546106216052798,-0.0463737108331485,0.6545321143412726,28.137665297567242,0.0009382782073639079,2
000196,17.057850520359352,4,2869.0592264031256,2875.751831132393,0.9997559687961102,0.9995831369030527,0.010786347049473032,10.786347049473031,0.9232792371000472,8.299186185547837,6.827616478656914,0.08559702676590164,0.7694158316511145,0.6329869090379842,24.503188789884803,0.003501258611740536,3
000196,17.057850520359352,5,2877.1583926076537,2884.3827511279114,0.9994504060170541,0.9988479241626244,-0.029217147347786986,-29.217147347786984,-3.4641215542298447,25.26215270066786,14.264122893748347,0.1185646741276482,-0.8646344696133146,-0.4882106635516134,24.648424874504606,0.003708329692425451,4
000196,17.057850520359352,6,2904.4342455818605,2920.419747695074,0.9998607128918052,0.999911530949071,-0.024489801037641413,-24.489801037641413,-21.303579701235872,1.1660694237955733,12.022817010802518,0.869895989293329,-0.04761449151846096,-0.49093159198489034,28.149854264219062,0.0007143761320573302,5
000196,17.057850520359352,7,2937.7002853231734,2949.15820684722,1.0004476357000913,1.0002027771456876,-0.0031516509372894485,-3.1516509372894483,-0.28122296197309904,2.523470555463525,-1.8670601575431751,0.0892303645196706,-0.8006821204742347,0.5924070256171595,28.13207628590776,0.001246223926997528,6
000196,17.057850520359352,8,2969.468369204371,2979.433000494655,0.9994465375163184,0.9990442398866495,0.0006342242910219126,0.6342242910219126,0.5183514368929951,-0.02967231264635417,0.36424139393461574,0.8172998799175385,-0.046785203699063284,0.5743100652100869,28.0579231763767,0.0031239019448423113,7
000197,17.132798832957633,1,2762.6782471497686,2772.902259762475,0.9995831512075452,0.9990046456155498,0.00229536079014182,2.2953607901418196,-1.8680128480708744,-0.10974014223636772,-1.3293480573365881,-0.8138210150202394,-0.04780953944481529,-0.5791455805317881,28.057776830812678,0.003214665552417328,0
000197,17.132798832957633,2,2798.5743886005043,2811.2059239306122,0.999653916649673,1.0001109336649288,-0.024673365948463193,-24.673365948463193,-2.2090994278744667,-20.366365428591184,13.751582678864036,0.08953376821341487,0.8254392801992112,-0.5573452243033168,28.128993772385627,0.0011798185940266137,1
000197,17.132798832957633,3,2834.900998297384,2846.566788581379,1.0001854189346577,0.9999841098903995,-0.0033052030789765363,-3.305203078976536,2.494141349958169,0.15327453182929,-2.1633615596097964,-0.7546106216052798,-0.0463737108331485,0.6545321143412726,28.137665297567242,0.0009382782073639079,2
000197,17.132798832957633,4,2869.0592264031256,2875.751831132393,0.9999101161472305,0.9997232413677035,0.010950032315513145,10.950032315513145,0.9372902091984666,8.425128220647126,6.931227109262706,0.08559702676590164,0.7694158316511145,0.6329869090379842,24.503188789884803,0.003501258611740536,3
000197,17.132798832957633,5,2877.1583926076537,2884.3827511279114,0.9993837083929419,0.998732620111506,-0.028685374464182924,-28.685374464182924,-3.40107207557541,24.802363535498124,14.004505701385252,0.1185646741276482,-0.8646344696133146,-0.4882106635516134,24.648424874504606,0.003708329692425451,4
000197,17.132798832957633,6,2904.4342455818605,2920.419747695074,0.9993100515738008,0.9995523507885923,-0.03401168659512562,-34.011686595125624,-29.58662975820146,1.6194491629121612,16.697411446236174,0.869895989293329,-0.04761449151846096,-0.49093159198489034,28.149854264219062,0.0007143761320573302,5
000197,17.132798832957633,7,2937.7002853231734,2949.15820684722,1.0000142610488396,0.9996538952170145,0.00014301568137846783,0.14301568137846785,0.012761341381429753,-0.11451009902717914,0.08472349442202952,0.0892303645196706,-0.8006821204742347,0.5924070256171595,28.13207628590776,0.001246223926997528,6
000197,17.132798832957633,8,2969.468369204371,2979.433000494655,0.9994936487546423,0.9992924121382856,-0.001659678193232796,-1.659678193232796,-1.3564547880309215,0.07764838234528967,-0.9531698913832862,0.8172998799175385,-0.046785203699063284,0.5743100652100869,28.0579231763767,0.0031239019448423113,7
000198,17.21164354099892,1,2762.6782471497686,2772.902259762475,0.9995745070286945,0.9991483898176993,0.0006058428719401327,0.6058428719401328,-0.49304766098509567,-0.028965068683381952,-0.3508712217808139,-0.8138210150202394,-0.04780953944481529,-0.5791455805317881,28.057776830812678,0.003214665552417328,0
000198,17.21164354099892,2,2798.5743886005043,2811.2059239306122,0.9998938715875545,0.9996989051116137,-0.005027681419830429,-5.027681419830429,-0.4501472628939902,-4.150045732255777,2.8021542286610086,0.08953376821341487,0.8254392801992112,-0.5573452243033168,28.128993772385627,0.0011798185940266137,1
000198,17.21164354099892,3,2834.900998297384,2846.566788581379,0.9999867655333887,1.000170580857158,-0.017892717886929754,-17.892717886929756,13.50203496686397,0.8297517253075842,-11.711358469844038,-0.7546106216052798,-0.0463737108331485,0.6545321143412726,28.137665297567242,0.0009382782073639079,2
000198,17.21164354099892,4,2869.0592264031256,2875.751831132393,1.0000755947686275,0.9995189046587979,0.015260636183030987,15.260636183030988,1.3062650838235905,11.741775080291877,9.659782927450006,0.08559702676590164,0.7694158316511145,0.6329869090379842,24.503188789884803,0.003501258611740536,3
000198,17.21164354099892,5,2877.1583926076537,2884.3827511279114,0.9999757508838591,0.9989498012279125,-0.024584247795269173,-24.584247795269174,-2.9148233285194434,21.25638805330486,12.002291929045652,0.1185646741276482,-0.8646344696133146,-0.4882106635516134,24.648424874504606,0.003708329692425451,4
000198,17.21164354099892,6,2904.4342455818605,2920.419747695074,0.9994031021985117,0.9997608149581328,-0.039750917440879496,-39.7509174408795,-34.579163652551316,1.8927197213397984,19.514981182110915,0.869895989293329,-0.04761449151846096,-0.49093159198489034,28.149854264219062,0.0007143761320573302,5
000198,17.21164354099892,7,2937.7002853231734,2949.15820684722,1.0001283506549856,0.999950636541216,-0.00506684236180124,-5.06684236180124,-0.45211619090723343,4.056930086355696,-3.0016330128256965,0.0892303645196706,-0.8006821204742347,0.5924070256171595,28.13207628590776,0.001246223926997528,6
000198,17.21164354099892,8,2969.468369204371,2979.433000494655,0.9989669806033488,0.9994786143900122,-0.009792807343937506,-9.792807343937506,-8.003660266255713,0.45815848637179907,-5.6241078242865665,0.8172998799175385,-0.046785203699063284,0.5743100652100869,28.0579231763767,0.0031239019448423113,7
000199,17.293674457934685,1,2762.6782471497686,2772.902259762475,0.9991067859784816,0.9989191766274322,-0.0020384748927484704,-2.0384748927484706,1.6589537063098339,0.0974585457921236,1.1805737251602875,-0.8138210150202394,-0.04780953944481529,-0.5791455805317881,28.057776830812678,0.003214665552417328,0
000199,17.293674457934685,2,2798.5743886005043,2811.2059239306122,0.9992774915227667,1.000024729364978,-0.03341835241973578,-33.41835241973578,-2.992071019622835,-27.58482076679027,18.625559125224928,0.08953376821341487,0.8254392801992112,-0.5573452243033168,28.128993772385627,0.0011798185940266137,1
000199,17.293674457934685,3,2834.900998297384,2846.566788581379,0.9999521641770215,1.0002269191223099,-0.021337275504344236,-21.337275504344237,16.101334731696312,0.9894886442056825,-13.965932050140674,-0.7546106216052798,-0.0463737108331485,0.6545321143412726,28.137665297567242,0.0009382782073639079,2
000199,17.293674457934685,4,2869.0592264031256,2875.751831132393,0.9995609673386897,0.9994755596990376,0.009767321352145789,9.767321352145789,0.8360536672107857,7.51513168116494,6.182586552275467,0.08559702676590164,0.7694158316511145,0.6329869090379842,24.503188789884803,0.003501258611740536,3
000199,17.293674457934685,5,2877.1583926076537,2884.3827511279114,0.9994969183834447,0.9990833902016847,-0.03128437272459942,-31.28437272459942,-3.7092214573800164,27.049547017919263,15.273364366672679,0.1185646741276482,-0.8646344696133146,-0.4882106635516134,24.648424874504606,0.003708329692425451,4
000199,17.293674457934685,6,2904.4342455818605,2920.419747695074,0.9993839167721204,0.9998190527506128,-0.043600983103270166,-43.60098310327017,-37.92832033078093,2.0760386401672166,21.40510004699473,0.869895989293329,-0.04761449151846096,-0.49093159198489034,28.149854264219062,0.0007143761320573302,5
000199,17.293674457934685,7,2937.7002853231734,2949.15820684722,1.0000109227994454,1.0000485821522518,-0.01121003772330537,-11.21003772330537,-1.0002757523297965,8.975676774892305,-6.640905104719489,0.0892303645196706,-0.8006821204742347,0.5924070256171595,28.13207628590776,0.001246223926997528,6
000199,17.293674457934685,8,2969.468369204371,2979.433000494655,0.9996839810145159,0.9990532563269758,0.0032403456215063272,3.2403456215063273,2.648334087348443,-0.15160022995754135,1.8609631051905182,0.8172998799175385,-0.046785203699063284,0.5743100652100869,28.0579231763767,0.0031239019448423113,7
000200,17.38622514542658,1,2762.6782471497686,2772.902259762475,0.9993113802837806,0.9993270097609878,-0.004291767694733469,-4.291767694733469,3.4927307415590643,0.20518743688934377,2.485558293073989,-0.8138210150202394,-0.04780953944481529,-0.5791455805317881,28.057776830812678,0.003214665552417328,0
000200,17.38622514542658,2,2798.5743886005043,2811.2059239306122,0.9993770016523955,0.9999375025080371,-0.02779155975165346,-27.79155975165346,-2.4882830690938107,-22.940245077018197,15.489493103524328,0.08953376821341487,0.8254392801992112,-0.5573452243033168,28.128993772385627,0.0011798185940266137,1
000200,17.38622514542658,3,2834.900998297384,2846.566788581379,0.9996957323828904,1.0000370513844083,-0.023858549764134398,-23.8585497641344,18.00391506811396,1.106409487660252,-15.616187022235358,-0.7546106216052798,-0.0463737108331485,0.6545321143412726,28.137665297567242,0.0009382782073639079,2
000200,17.38622514542658,4,2869.0592264031256,2875.751831132393,0.9996418712680373,0.9994641431015879,0.01084341849375854,10.84341849375854,0.9281643830441225,8.343097858316302,6.863741955769532,0.08559702676590164,0.7694158316511145,0.6329869090379842,24.503188789884803,0.003501258611740536,3
000200,17.38622514542658,5,2877.1583926076537,2884.3827511279114,0.9996712789824377,0.9988673458688742,-0.027013193599823508,-27.01319359982351,-3.2028104963101467,23.356538320745184,13.188129172018032,0.1185646741276482,-0.8646344696133146,-0.4882106635516134,24.648424874504606,0.003708329692425451,4
000200,17.38622514542658,6,2904.4342455818605,2920.419747695074,0.9991860018888966,0.9998526660409848,-0.05511430796927705,-55.11430796927705,-47.94371545515146,2.624239749348987,27.05735495250271,0.869895989293329,-0.04761449151846096,-0.49093159198489034,28.149854264219062,0.0007143761320573302,5
000200,17.38622514542658,7,2937.7002853231734,2949.15820684722,1.0001986547824337,0.9996169999020316,0.006454943879322612,6.454943879322612,0.5759769953059733,-5.168358152838212,3.823954104075198,0.0892303645196706,-0.8006821204742347,0.5924070256171595,28.13207628590776,0.001246223926997528,6
000200,17.38622514542658,8,2969.468369204371,2979.433000494655,0.9993693381394871,0.9998986654872286,-0.009994672952011658,-9.994672952011658,-8.168645003494198,0.46760280996538356,-5.740041274823307,0.8172998799175385,-0.046785203699063284,0.5743100652100869,28.0579231763767,0.0031239019448423113,7
000201,17.462333832867444,1,2762.6782471497686,2772.902259762475,0.9992195247143754,0.999534764809147,-0.007613526896693703,-7.613526896693703,6.196048186951162,0.3639992144816397,4.409340454480057,-0.8138210150202394,-0.04780953944481529,-0.5791455805317881,28.057776830812678,0.003214665552417328,0
000201,17.462333832867444,2,2798.5743886005043,2811.2059239306122,0.9997653612110203,1.0001312940267202,-0.02192880036638819,-21.928800366388188,-1.963368129202447,-18.100893190063665,12.221912158907282,0.08953376821341487,0.8254392801992112,-0.5573452243033168,28.128993772385627,0.0011798185940266137,1
000201,17.462333832867444,3,2834.900998297384,2846.566788581379,1.0001959846768453,0.9996911779031359,0.008190505814300992,8.190505814300993,-6.18064268379133,-0.3798241482096157,5.360949088158915,-0.7546106216052798,-0.0463737108331485,0.6545321143412726,28.137665297567242,0.0009382782073639079,2
000201,17.462333832867444,4,2869.0592264031256,2875.751831132393,0.999563493701767,0.9996973669951321,0.00721136122695703,7.21136122695703,0.6172710799624261,5.548535495775744,4.564697253007895,0.08559702676590164,0.7694158316511145,0.6329869090379842,24.503188789884803,0.003501258611740536,3
000201,17.462333832867444,5,2877.1583926076537,2884.3827511279114,0.9993414354477033,0.999213632209128,-0.03441031277643347,-34.41031277643347,-4.0798475209682845,29.752342536679816,16.799481633601147,0.1185646741276482,-0.8646344696133146,-0.4882106635516134,24.648424874504606,0.003708329692425451,4
000201,17.462333832867444,6,2904.4342455818605,2920.419747695074,0.9991878027604245,0.9998107403777283,-0.05293989527289385,-52.93989527289385,-46.05220257149922,2.5207061944594154,25.989867065835146,0.869895989293329,-0.04761449151846096,-0.49093159198489034,28.149854264219062,0.0007143761320573302,5
000201,17.462333832867444,7,2937.7002853231734,2949.15820684722,0.9999689371475754,0.9999927878082998,-0.010816166117414401,-10.8161661174144,-0.9651304453621974,8.660310822292933,-6.407572798198567,0.0892303645196706,-0.8006821204742347,0.5924070256171595,28.13207628590776,0.001246223926997528,6
000201,17.462333832867444,8,2969.468369204371,2979.433000494655,0.9997070880027997,0.9989583497252976,0.004586761133544485,4.586761133544485,3.748759323656341,-0.21459255395182517,2.634223085709025,0.8172998799175385,-0.046785203699063284,0.5743100652100869,28.0579231763767,0.0031239019448423113,7
000202,17.537644936935976,1,2762.6782471497686,2772.902259762475,0.9993181567077785,0.999228178615531,-0.003120904931311197,-3.120904931311197,2.539858018981349,0.1492090274170412,1.8074582982287435,-0.8138210150202394,-0.04780953944481529,-0.5791455805317881,28.057776830812678,0.003214665552417328,0
000202,17.537644936935976,2,2798.5743886005043,2811.2059239306122,0.9997703797301386,0.99995470078191,-0.01645644183430339,-16.45644183430339,-1.4734072488100634,-13.583793502347577,9.171919265374308,0.08953376821341487,0.8254392801992112,-0.5573452243033168,28.128993772385627,0.0011798185940266137,1
000202,17.537644936935976,3,2834.900998297384,2846.566788581379,0.9999807510470596,0.9999845226130872,-0.011073126087045462,-11.073126087045463,8.355898559659016,0.5135019471796394,-7.247716630121369,-0.7546106216052798,-0.0463737108331485,0.6545321143412726,28.137665297567242,0.0009382782073639079,2
000202,17.537644936935976,4,2869.0592264031256,2875.751831132393,0.9999707672260254,0.9993817813111862,0.01563707926305467,15.63707926305467,1.3384874922202161,12.031416345777606,9.898066469102934,0.08559702676590164,0.7694158316511145,0.6329869090379842,24.503188789884803,0.003501258611740536,3
000202,17.537644936935976,5,2877.1583926076537,2884.3827511279114,0.9994875233509926,0.9988749544368957,-0.029106791060837845,-29.106791060837846,-3.4510371970297826,25.166734851033098,14.210245777669813,0.1185646741276482,-0.8646344696133146,-0.4882106635516134,24.648424874504606,0.003708329692425451,4
000202,17.537644936935976,6,2904.4342455818605,2920.419747695074,0.9991866982174058,0.9999498711444744,-0.05991345125069293,-59.91345125069293,-52.118470947699166,2.8527485164178423,29.4134060038118,0.869895989293329,-0.04761449151846096,-0.49093159198489034,28.149854264219062,0.0007143761320573302,5
000202,17.537644936935976,7,2937.7002853231734,2949.15820684722,1.0000216211391961,0.9996641794267127,5.9609695201228464e-05,0.05960969520122846,0.005318994831712076,-0.047728417154542416,0.03531320223210522,0.0892303645196706,-0.8006821204742347,0.5924070256171595,28.13207628590776,0.001246223926997528,6
000202,17.537644936935976,8,2969.468369204371,2979.433000494655,0.9991989129296382,0.9992584031903214,-0.004634307740261018,-4.634307740261018,-3.7876191596162494,0.2168170316322574,-2.6615295805129158,0.8172998799175385,-0.046785203699063284,0.5743100652100869,28.0579231763767,0.0031239019448423113,7
000203,17.62248712440487,1,2762.6782471497686,2772.902259762475,0.9992649550245728,0.999305751585178,-0.004570793156326092,-4.570793156326092,3.719807525928864,0.21852751570146406,2.6471546560111987,-0.8138210150202394,-0.04780953944481529,-0.5791455805317881,28.057776830812678,0.003214665552417328,0
000203,17.62248712440487,2,2798.5743886005043,2811.2059239306122,0.9998842486855725,1.0000577121371335,-0.016129278660157346,-16.129278660157347,-1.4441150970081065,-13.313740167372776,8.989576432696097,0.08953376821341487,0.8254392801992112,-0.5573452243033168,28.128993772385627,0.0011798185940266137,1
000203,17.62248712440487,3,2834.900998297384,2846.566788581379,1.0001113562097463,1.0000491362555157,-0.008573538008792429,-8.573538008792429,6.469682846171348,0.3975867724367479,-5.6116559602801726,-0.7546106216052798,-0.0463737108331485,0.6545321143412726,28.137665297567242,0.0009382782073639079,2
000203,17.62248712440487,4,2869.0592264031256,2875.751831132393,0.9996472209574548,0.9993844304763551,0.011834913200622414,11.834913200622413,1.0130333820057993,9.105969582775648,7.491345125594817,0.08559702676590164,0.7694158316511145,0.6329869090379842,24.503188789884803,0.003501258611740536,3
000203,17.62248712440487,5,2877.1583926076537,2884.3827511279114,0.9994407375514522,0.9994660670651999,-0.036085643597742224,-36.08564359774223,-4.278482573852761,31.20089131278895,17.617396005540762,0.1185646741276482,-0.8646344696133146,-0.4882106635516134,24.648424874504606,0.003708329692425451,4
000203,17.62248712440487,6,2904.4342455818605,2920.419747695074,0.9992344298279939,0.9996359808774016,-0.0419308874378066,-41.9308874378066,-36.47551080965799,1.9965178842689832,20.58519732318163,0.869895989293329,-0.04761449151846096,-0.49093159198489034,28.149854264219062,0.0007143761320573302,5
000203,17.62248712440487,7,2937.7002853231734,2949.15820684722,1.0003380905750558,0.999811851426971,0.004874295737569203,4.874295737569202,0.43493518543997667,-3.902761446975433,2.88756703987177,0.0892303645196706,-0.8006821204742347,0.5924070256171595,28.13207628590776,0.001246223926997528,6
000203,17.62248712440487,8,2969.468369204371,2979.433000494655,0.9992930365960782,0.9994627571051096,-0.005891923209120632,-5.891923209120631,-4.81546813129765,0.2756548275179474,-3.3837908024428947,0.8172998799175385,-0.046785203699063284,0.5743100652100869,28.0579231763767,0.0031239019448423113,7
000204,17.735160895390436,1,2762.6782471497686,2772.902259762475,0.9992579668333628,0.9995773844601284,-0.007659842863248385,-7.659842863248385,6.233741093864338,0.36621355951156054,4.43616414181826,-0.8138210150202394,-0.04780953944481529,-0.5791455805317881,28.057776830812678,0.003214665552417328,0
000204,17.735160895390436,2,2798.5743886005043,2811.2059239306122,1.0000020701720125,1.0001394019352972,-0.015040552091236468,-15.040552091236469,-1.3466373047385582,-12.415062491988971,8.38277987893591,0.08953376821341487,0.8254392801992112,-0.5573452243033168,28.128993772385627,0.0011798185940266137,1
000204,17.735160895390436,3,2834.900998297384,2846.566788581379,0.9999132924412284,1.0001943574972763,-0.021576286176701882,-21.57628617670188,16.28169472373441,1.0005724560116322,-14.122372210869056,-0.7546106216052798,-0.0463737108331485,0.6545321143412726,28.137665297567242,0.0009382782073639079,2
000204,17.735160895390436,4,2869.0592264031256,2875.751831132393,0.9997916037040679,0.9995011767074399,0.01215704714413265,12.15704714413265,1.0406070897906505,9.353824538824629,7.695251694793578,0.08559702676590164,0.7694158316511145,0.6329869090379842,24.503188789884803,0.003501258611740536,3
000204,17.735160895390436,5,2877.1583926076537,2884.3827511279114,0.9994574699518003,0.9992583644273341,-0.03363023852470924,-33.63023852470924,-3.9873582715172313,29.077863449781237,16.418641065547334,0.1185646741276482,-0.8646344696133146,-0.4882106635516134,24.648424874504606,0.003708329692425451,4
000204,17.735160895390436,6,2904.4342455818605,2920.419747695074,0.9993041862075932,0.9998635677303298,-0.049779407490337386,-49.779407490337384,-43.302906925242795,2.370221175742681,24.43828376729591,0.869895989293329,-0.04761449151846096,-0.49093159198489034,28.149854264219062,0.0007143761320573302,5
000204,17.735160895390436,7,2937.7002853231734,2949.15820684722,1.0003147817450195,0.9999591840908932,7.0107798105293195e-06,0.00701077981052932,0.0006255744380606784,-0.005613406044872569,0.004153235214812507,0.0892303645196706,-0.8006821204742347,0.5924070256171595,28.13207628590776,0.001246223926997528,6
000204,17.735160895390436,8,2969.468369204371,2979.433000494655,0.9992618686757394,0.9995014813744061,-0.006689322291086881,-6.6893222910868815,-5.4671823052350215,0.31296130599718447,-3.8417451212053946,0.8172998799175385,-0.046785203699063284,0.5743100652100869,28.0579231763767,0.0031239019448423113,7
000205,17.81996989552863,1,2762.6782471497686,2772.902259762475,0.9999137266942943,0.9990641081097446,0.005301169079277795,5.301169079277795,-4.3142028008917634,-0.25344645219936685,-3.0701486439155032,-0.8138210150202394,-0.04780953944481529,-0.5791455805317881,28.057776830812678,0.003214665552417328,0
000205,17.81996989552863,2,2798.5743886005043,2811.2059239306122,0.999607524673313,0.9998785624304349,-0.01906940529071333,-19.06940529071333,-1.7073557132663943,-15.740636176993439,10.628241969083478,0.08953376821341487,0.8254392801992112,-0.5573452243033168,28.128993772385627,0.0011798185940266137,1
000205,17.81996989552863,3,2834.900998297384,2846.566788581379,1.000004357552496,1.0001241945178228,-0.01546938317054341,-15.469383170543411,11.673360850174017,0.7173727019179541,-10.125208074171077,-0.7546106216052798,-0.0463737108331485,0.6545321143412726,28.137665297567242,0.0009382782073639079,2
000205,17.81996989552863,4,2869.0592264031256,2875.751831132393,0.9997479046628093,0.9994022002580072,0.012801366051264636,12.801366051264637,1.0957588725302037,9.849573706604124,8.103097128253786,0.08559702676590164,0.7694158316511145,0.6329869090379842,24.503188789884803,0.003501258611740536,3
000205,17.81996989552863,5,2877.1583926076537,2884.3827511279114,0.9999693892701389,0.9992336034533057,-0.02775875106463277,-27.75875106463277,-3.291207274168692,24.001173003896785,13.55211827662842,0.1185646741276482,-0.8646344696133146,-0.4882106635516134,24.648424874504606,0.003708329692425451,4
000205,17.81996989552863,6,2904.4342455818605,2920.419747695074,0.9992549452398641,0.9997632565934564,-0.04723981397483338,-47.23981397483338,-41.09372471167051,2.2492997218383772,23.19151707973502,0.869895989293329,-0.04761449151846096,-0.49093159198489034,28.149854264219062,0.0007143761320573302,5
000205,17.81996989552863,7,2937.7002853231734,2949.15820684722,1.0000757435024967,0.999753029098829,-0.0009309331317575436,-0.9309331317575436,-0.08306750269016416,0.7453815139553501,-0.5514913276329536,0.0892303645196706,-0.8006821204742347,0.5924070256171595,28.13207628590776,0.001246223926997528,6
000205,17.81996989552863,8,2969.468369204371,2979.433000494655,0.9997239752403211,0.9992936260866566,0.0009542637632222913,0.9542637632222912,0.779919659091237,-0.044645424544989584,0.548043284083817,0.8172998799175385,-0.046785203699063284,0.5743100652100869,28.0579231763767,0.0031239019448423113,7
000206,17.896400770521723,1,2762.6782471497686,2772.902259762475,0.9997096244327188,0.998999734734451,0.0037520059769826416,3.7520059769826415,-3.0534613125500183,-0.17938167775373431,-2.1729576796983507,-0.8138210150202394,-0.04780953944481529,-0.5791455805317881,28.057776830812678,0.003214665552417328,0
000206,17.896400770521723,2,2798.5743886005043,2811.2059239306122,0.9999405885947041,0.9998389110303869,-0.007838679784853054,-7.838679784853054,-0.7018265389562139,-6.470354199321212,4.3688507429308,0.08953376821341487,0.8254392801992112,-0.5573452243033168,28.128993772385627,0.0011798185940266137,1
000206,17.896400770521723,3,2834.900998297384,2846.566788581379,0.9997676362695864,0.9999531410398064,-0.01795670974816563,-17.956709748165633,13.550323905048854,0.8327192653762118,-11.753243198079392,-0.7546106216052798,-0.0463737108331485,0.6545321143412726,28.137665297567242,0.0009382782073639079,2
000206,17.896400770521723,4,2869.0592264031256,2875.751831132393,0.9999939983406095,0.9995941879765594,0.013432030434483915,13.432030434483915,1.149741868620925,10.334816867511522,8.502299426828106,0.08559702676590164,0.7694158316511145,0.6329869090379842,24.503188789884803,0.003501258611740536,3
000206,17.896400770521723,5,2877.1583926076537,2884.3827511279114,0.9995565000641353,0.9992154034164805,-0.03207680138326519,-32.07680138326519,-3.8031755030641325,27.734708150911136,15.660236487937208,0.1185646741276482,-0.8646344696133146,-0.4882106635516134,24.648424874504606,0.003708329692425451,4
000206,17.896400770521723,6,2904.4342455818605,2920.419747695074,0.999258182827655,1.0000190351010734,-0.05979805086998846,-59.79805086998846,-52.01808461936143,2.8472537859695626,29.356752311196892,0.869895989293329,-0.04761449151846096,-0.49093159198489034,28.149854264219062,0.0007143761320573302,5
000206,17.896400770521723,7,2937.7002853231734,2949.15820684722,1.0000541548367152,0.9998019972842285,-0.0029434582946197,-2.9434582946197,-0.26264585657736383,2.356774428863576,-1.7437253733438134,0.0892303645196706,-0.8006821204742347,0.5924070256171595,28.13207628590776,0.001246223926997528,6
000206,17.896400770521723,8,2969.468369204371,2979.433000494655,0.9995662527836794,0.999028477485475,0.002179887248226265,2.1798872482262652,1.7816215862091,-0.10198646894925635,1.2519311876794632,0.8172998799175385,-0.046785203699063284,0.5743100652100869,28.0579231763767,0.0031239019448423113,7
000207,17.989855665829964,1,2762.6782471497686,2772.902259762475,0.9994394113842102,0.999135909718957,-0.0007535859783557574,-0.7535859783557574,0.6132841058105026,0.0360285985572593,0.43643598891546065,-0.8138210150202394,-0.04780953944481529,-0.5791455805317881,28.057776830812678,0.003214665552417328,0
000207,17.989855665829964,2,2798.5743886005043,2811.2059239306122,0.9996432303146351,1.0000897423916817,-0.024356829249547768,-24.35682924954777,-2.1807587044427335,-20.105083603681802,13.575162461406787,0.08953376821341487,0.8254392801992112,-0.5573452243033168,28.128993772385627,0.0011798185940266137,1
000207,17.989855665829964,3,2834.900998297384,2846.566788581379,1.0001963521564279,0.9999768332193851,-0.0026154594462726548,-2.615459446272655,1.973653478535209,0.12128856005727479,-1.7119022013426946,-0.7546106216052798,-0.0463737108331485,0.6545321143412726,28.137665297567242,0.0009382782073639079,2
000207,17.989855665829964,4,2869.0592264031256,2875.751831132393,0.9997856123441161,0.9996021071304598,0.010910756324271704,10.910756324271704,0.9339283011249156,8.39490865118217,6.906365920967383,0.08559702676590164,0.7694158316511145,0.6329869090379842,24.503188789884803,0.003501258611740536,3
000207,17.989855665829964,5,2877.1583926076537,2884.3827511279114,0.9993913132601253,0.999195384980061,-0.033664998792467773,-33.66499879246777,-3.9914796113366116,29.107918375458247,16.435611398934956,0.1185646741276482,-0.8646344696133146,-0.4882106635516134,24.648424874504606,0.003708329692425451,4
000207,17.989855665829964,6,2904.4342455818605,2920.419747695074,0.9992088524222636,1.0000156922971026,-0.06208490083187851,-62.08490083187851,-54.00740622932518,2.9561409840839685,30.479439203618156,0.869895989293329,-0.04761449151846096,-0.49093159198489034,28.149854264219062,0.0007143761320573302,5
000207,17.989855665829964,7,2937.7002853231734,2949.15820684722,0.9999715643887268,0.9996423796153666,-0.0007463758336187921,-0.7463758336187921,-0.06659938770247785,0.5976097851326191,-0.44215828758663656,0.0892303645196706,-0.8006821204742347,0.5924070256171595,28.13207628590776,0.001246223926997528,6
000207,17.989855665829964,8,2969.468369204371,2979.433000494655,0.999719458285078,0.999257966977313,0.001309564194069623,1.309564194069623,1.0703066585574108,-0.06126822757654696,0.7520958976929201,0.8172998799175385,-0.046785203699063284,0.5743100652100869,28.0579231763767,0.0031239019448423113,7
000208,18.06443245790433,1,2762.6782471497686,2772.902259762475,0.9993931442673226,0.9992755822779679,-0.0028150844474211173,-2.815084447421117,2.2909748823679434,0.13458789092946594,1.630343716547711,-0.8138210150202394,-0.04780953944481529,-0.5791455805317881,28.057776830812678,0.003214665552417328,0
000208,18.06443245790433,2,2798.5743886005043,2811.2059239306122,0.999957420605616,0.999981740798176,-0.01163526699350069,-11.63526699350069,-1.0417492980972873,-9.604206412040849,6.48486049232162,0.08953376821341487,0.8254392801992112,-0.5573452243033168,28.128993772385627,0.0011798185940266137,1
000208,18.06443245790433,3,2834.900998297384,2846.566788581379,0.9997438736749774,0.9999802261270266,-0.01988268840133137,-19.88268840133137,15.003687853712751,0.9220340425089365,-13.013858078112118,-0.7546106216052798,-0.0463737108331485,0.6545321143412726,28.137665297567242,0.0009382782073639079,2
000208,18.06443245790433,4,2869.0592264031256,2875.751831132393,0.9994570127510041,0.9993291501974587,0.010262180004634377,10.262180004634377,0.8784120965331894,7.895883762819198,6.49582560112492,0.08559702676590164,0.7694158316511145,0.6329869090379842,24.503188789884803,0.003501258611740536,3
000208,18.06443245790433,5,2877.1583926076537,2884.3827511279114,0.9998602727146563,0.9993618061157261,-0.030355113986415015,-30.355113986415017,-3.5990441979069128,26.246077881695655,14.819690341492535,0.1185646741276482,-0.8646344696133146,-0.4882106635516134,24.648424874504606,0.003708329692425451,4
000208,18.06443245790433,6,2904.4342455818605,2920.419747695074,0.9991186880803211,0.9997127406940457,-0.051503515307559304,-51.503515307559304,-44.80270140055342,2.4523136927827065,25.284702762758258,0.869895989293329,-0.04761449151846096,-0.49093159198489034,28.149854264219062,0.0007143761320573302,5
000208,18.06443245790433,7,2937.7002853231734,2949.15820684722,1.0003472500907251,0.9997541361543579,0.006781795745388253,6.781795745388253,0.605142106458945,-5.430062598040609,4.017583445868563,0.0892303645196706,-0.8006821204742347,0.5924070256171595,28.13207628590776,0.001246223926997528,6
000208,18.06443245790433,8,2969.468369204371,2979.433000494655,0.999527666093952,0.9992941383237366,-0.0012912688390982932,-1.2912688390982932,-1.0553538671362943,0.06041227566746662,-0.7415886911862939,0.8172998799175385,-0.046785203699063284,0.5743100652100869,28.0579231763767,0.0031239019448423113,7
000209,18.139674499398097,1,2762.6782471497686,2772.902259762475,0.9997302653162514,0.9993811628271078,-0.00024801325330850736,-0.24801325330850735,0.20183839754600122,0.011857399416890048,0.1436357795669329,-0.8138210150202394,-0.04780953944481529,-0.5791455805317881,28.057776830812678,0.003214665552417328,0
000209,18.139674499398097,2,2798.5743886005043,2811.2059239306122,0.9994037679701837,1.000342825820427,-0.039198307610257464,-39.198307610257466,-3.509572187934928,-32.355822818838185,21.846989547349356,0.08953376821341487,0.8254392801992112,-0.5573452243033168,28.128993772385627,0.0011798185940266137,1
000209,18.139674499398097,3,2834.900998297384,2846.566788581379,1.0002377322462934,0.9997952004413728,0.00583169109160439,5.83169109160439,-4.400656039645561,-0.27043715635031007,3.8170291003729853,-0.7546106216052798,-0.0463737108331485,0.6545321143412726,28.137665297567242,0.0009382782073639079,2
000209,18.139674499398097,4,2869.0592264031256,2875.751831132393,0.999827292734101,0.9996143805666222,0.01125352667069118,11.25352667069118,0.9632684236419409,8.658641582337852,7.123335063057326,0.08559702676590164,0.7694158316511145,0.6329869090379842,24.503188789884803,0.003501258611740536,3
000209,18.139674499398097,5,2877.1583926076537,2884.3827511279114,0.9994140603369654,0.9986588479447633,-0.02754621690734573,-27.54621690734573,-3.2660082310689598,23.817408645536197,13.448356834671932,0.1185646741276482,-0.8646344696133146,-0.4882106635516134,24.648424874504606,0.003708329692425451,4
000209,18.139674499398097,6,2904.4342455818605,2920.419747695074,0.9991434988921372,0.9998204560709518,-0.055626154794293094,-55.62615479429309,-48.38896895536544,2.6486110756574646,27.30863672916025,0.869895989293329,-0.04761449151846096,-0.49093159198489034,28.149854264219062,0.0007143761320573302,5
000209,18.139674499398097,7,2937.7002853231734,2949.15820684722,1.000304492209029,0.9997454540043378,0.005809838149590149,5.809838149590148,0.5184139758882176,-4.651833529225945,3.4417889375158017,0.0892303645196706,-0.8006821204742347,0.5924070256171595,28.13207628590776,0.001246223926997528,6
000209,18.139674499398097,8,2969.468369204371,2979.433000494655,0.9996306839408863,0.9991919087492321,0.001050396320989339,1.050396320989339,0.858488787010411,-0.049143005842232884,0.6032531796038226,0.8172998799175385,-0.046785203699063284,0.5743100652100869,28.0579231763767,0.0031239019448423113,7
000210,18.216787791461684,1,2762.6782471497686,2772.902259762475,0.9996857152373692,0.9999980923960299,-0.0075817857506405165,-7.581785750640517,6.170216575252253,0.36248168490738625,4.390957710022341,-0.8138210150202394,-0.04780953944481529,-0.5791455805317881,28.057776830812678,0.003214665552417328,0
000210,18.216787791461684,2,2798.5743886005043,2811.2059239306122,1.0000075613720687,1.0003160993736622,-0.02019936944254049,-20.19936944254049,-1.8085256617255552,-16.673352973128562,11.258022092738292,0.08953376821341487,0.8254392801992112,-0.5573452243033168,28.128993772385627,0.0011798185940266137,1
000210,18.216787791461684,3,2834.900998297384,2846.566788581379,1.0002921244046683,0.9998053956630626,0.007505756723084791,7.505756723084791,-5.663923746425023,-0.34806979186029435,4.91275881769191,-0.7546106216052798,-0.0463737108331485,0.6545321143412726,28.137665297567242,0.0009382782073639079,2
000210,18.216787791461684,4,2869.0592264031256,2875.751831132393,0.9994054094199777,0.9992083262826662,0.011069021938012059,11.069021938012058,0.9474753671003706,8.516680719999979,7.00654598261589,0.08559702676590164,0.7694158316511145,0.6329869090379842,24.503188789884803,0.003501258611740536,3
000210,18.216787791461684,5,2877.1583926076537,2884.3827511279114,0.9999496852656165,0.9989596808730468,-0.024977502711032648,-24.97750271103265,-2.9614494694560354,21.59640980881884,12.194283172415473,0.1185646741276482,-0.8646344696133146,-0.4882106635516134,24.648424874504606,0.003708329692425451,4
000210,18.216787791461684,6,2904.4342455818605,2920.419747695074,0.9992522913748103,0.99983523257116,-0.05095097193466512,-50.95097193466512,-44.32204613656216,2.4260046210404544,25.013441765062616,0.869895989293329,-0.04761449151846096,-0.49093159198489034,28.149854264219062,0.0007143761320573302,5
000210,18.216787791461684,7,2937.7002853231734,2949.15820684722,0.9998862047010957,0.9997778521153019,-0.007045272777126929,-7.045272777126929,-0.6286522580435479,5.64102394650939,-4.173669090559309,0.0892303645196706,-0.8006821204742347,0.5924070256171595,28.13207628590776,0.001246223926997528,6
000210,18.216787791461684,8,2969.468369204371,2979.433000494655,0.9989629174641332,0.9991926490015862,-0.0065765882513940145,-6.576588251394014,-5.375044788131423,0.3076870209863354,-3.7770008275179876,0.8172998799175385,-0.046785203699063284,0.5743100652100869,28.0579231763767,0.0031239019448423113,7
000211,18.302286916412413,1,2762.6782471497686,2772.902259762475,0.9994703974968294,0.9993261754850049,-0.0025195068885106456,-2.5195068885106457,2.0504276533582186,0.12045646396773353,1.459161279600337,-0.8138210150202394,-0.04780953944481529,-0.5791455805317881,28.057776830812678,0.003214665552417328,0
000211,18.302286916412413,2,2798.5743886005043,2811.2059239306122,0.9998313498971059,0.9996872833622986,-0.006561407656056888,-6.561407656056888,-0.5874675522311232,-5.416043612709191,3.656969221810526,0.08953376821341487,0.8254392801992112,-0.5573452243033168,28.128993772385627,0.0011798185940266137,1
000211,18.302286916412413,3,2834.900998297384,2846.566788581379,0.9999359577124561,1.0003053069203023,-0.02492026147034915,-24.92026147034915,18.805093998706276,1.1556449993124236,-16.31111143012498,-0.7546106216052798,-0.0463737108331485,0.6545321143412726,28.137665297567242,0.0009382782073639079,2
000211,18.302286916412413,4,2869.0592264031256,2875.751831132393,0.9992914717575339,0.9994600735409892,0.006806562530338692,6.806562530338692,0.5826215150931842,5.237076969965859,4.308464977252848,0.08559702676590164,0.7694158316511145,0.6329869090379842,24.503188789884803,0.003501258611740536,3
000211,18.302286916412413,5,2877.1583926076537,2884.3827511279114,0.9994423637959117,0.9994325513702355,-0.035701177352968995,-35.701177352969,-4.232898458828143,30.868468545155228,17.429695485066826,0.1185646741276482,-0.8646344696133146,-0.4882106635516134,24.648424874504606,0.003708329692425451,4
000211,18.302286916412413,6,2904.4342455818605,2920.419747695074,0.9992220510405944,0.9996927907505597,-0.04537146883087628,-45.37146883087628,-39.46845876432656,2.1603394178278745,22.274287423834927,0.869895989293329,-0.04761449151846096,-0.49093159198489034,28.149854264219062,0.0007143761320573302,5
000211,18.302286916412413,7,2937.7002853231734,2949.15820684722,1.000056580242849,0.9996048777098688,0.002748253957897634,2.748253957897634,0.24522770245583334,-2.2004778066111856,1.6280849528387236,0.0892303645196706,-0.8006821204742347,0.5924070256171595,28.13207628590776,0.001246223926997528,6
000211,18.302286916412413,8,2969.468369204371,2979.433000494655,0.9997779152677718,0.9990393374418682,0.004470840673485924,4.470840673485925,3.654017545570493,-0.20916919161509626,2.56764879873361,0.8172998799175385,-0.046785203699063284,0.5743100652100869,28.0579231763767,0.0031239019448423113,7
000212,18.377670250018127,1,2762.6782471497686,2772.902259762475,0.9994598172163587,0.9988403988483255,0.00274895749971769,2.74895749971769,-2.23715938266775,-0.13142639201487372,-1.5920465870312144,-0.8138210150202394,-0.04780953944481529,-0.5791455805317881,28.057776830812678,0.003214665552417328,0
000212,18.377670250018127,2,2798.5743886005043,2811.2059239306122,1.0000573019738046,0.9999520082562562,-0.007729717201372961,-7.729717201372962,-0.6920707082629726,-6.3804122028447585,4.30812096740042,0.08953376821341487,0.8254392801992112,-0.5573452243033168,28.128993772385627,0.0011798185940266137,1
000212,18.377670250018127,3,2834.900998297384,2846.566788581379,1.000837074264715,1.0000426280646317,0.019161298036139213,19.161298036139215,-14.45931902181504,-0.8885804943156962,12.541684917117474,-0.7546106216052798,-0.0463737108331485,0.6545321143412726,28.137665297567242,0.0009382782073639079,2
000212,18.377670250018127,4,2869.0592264031256,2875.751831132393,0.9994881089509888,0.9996766483625025,0.0065741675764927,6.5741675764927,0.5627291980085682,5.058268613280922,4.161362013741849,0.08559702676590164,0.7694158316511145,0.6329869090379842,24.503188789884803,0.003501258611740536,3
000212,18.377670250018127,5,2877.1583926076537,2884.3827511279114,0.9994137427603069,0.9990141581115908,-0.03143692030382026,-31.436920303820262,-3.727308211399297,27.18144491316967,15.347839721547277,0.1185646741276482,-0.8646344696133146,-0.4882106635516134,24.648424874504606,0.003708329692425451,4
000212,18.377670250018127,6,2904.4342455818605,2920.419747695074,0.9994268816387609,0.9996690465610282,-0.03400500855921182,-34.00500855921182,-29.58082056154369,1.6191311916277833,16.69413298743368,0.869895989293329,-0.04761449151846096,-0.49093159198489034,28.149854264219062,0.0007143761320573302,5
000212,18.377670250018127,7,2937.7002853231734,2949.15820684722,1.000042682721369,1.0002040493728968,-0.014738597279735746,-14.738597279735746,-1.3151304077794461,11.800931322754606,-8.731248576257412,0.0892303645196706,-0.8006821204742347,0.5924070256171595,28.13207628590776,0.001246223926997528,6
000212,18.377670250018127,8,2969.468369204371,2979.433000494655,0.9986586723315916,0.9991700773874114,-0.009790197756719606,-9.790197756719605,-8.001527450935889,0.4580363963022392,-5.6226091120812836,0.8172998799175385,-0.046785203699063284,0.5743100652100869,28.0579231763767,0.0031239019448423113,7
000213,18.487794895423576,1,2762.6782471497686,2772.902259762475,0.9994316613617857,0.9988663042223159,0.0021495849377262317,2.1495849377262317,-1.7493773958925798,-0.10277066587020309,-1.2449226166618461,-0.8138210150202394,-0.04780953944481529,-0.5791455805317881,28.057776830812678,0.003214665552417328,0
000213,18.487794895423576,2,2798.5743886005043,2811.2059239306122,0.9996054130284127,1.0000642217166746,-0.024727352963676216,-24.727352963676218,-2.2139330887810837,-20.410928431568728,13.781672083967406,0.08953376821341487,0.8254392801992112,-0.5573452243033168,28.128993772385627,0.0011798185940266137,1
000213,18.487794895423576,3,2834.900998297384,2846.566788581379,1.0001701611683667,0.9998311991009421,0.0019087373530039405,1.9087373530039404,-1.44035348043152,-0.08851523406463402,1.249329895383833,-0.7546106216052798,-0.0463737108331485,0.6545321143412726,28.137665297567242,0.0009382782073639079,2
000213,18.487794895423576,4,2869.0592264031256,2875.751831132393,0.9995803003403188,0.9994812343168339,0.009926524817629926,9.926524817629927,0.8496810105070558,7.637625347962158,6.283360261800407,0.08559702676590164,0.7694158316511145,0.6329869090379842,24.503188789884803,0.003501258611740536,3
000213,18.487794895423576,5,2877.1583926076537,2884.3827511279114,0.9996170425815673,0.9993286313994715,-0.03265320050720885,-32.65320050720885,-3.871516077361975,28.233082701727742,15.941640686708311,0.1185646741276482,-0.8646344696133146,-0.4882106635516134,24.648424874504606,0.003708329692425451,4
000213,18.487794895423576,6,2904.4342455818605,2920.419747695074,0.9993061217090772,1.0003085614529958,-0.07181159975360488,-71.81159975360488,-62.4686226103987,3.4192728073951324,35.254582990019,0.869895989293329,-0.04761449151846096,-0.49093159198489034,28.149854264219062,0.0007143761320573302,5
000213,18.487794895423576,7,2937.7002853231734,2949.15820684722,1.0000164123561608,0.9999460970599303,-0.008130227690674598,-8.130227690674598,-0.7254631804668141,6.5097279473076775,-4.816404003822806,0.0892303645196706,-0.8006821204742347,0.5924070256171595,28.13207628590776,0.001246223926997528,6
000213,18.487794895423576,8,2969.468369204371,2979.433000494655,0.9993919696907116,0.9993714162149919,-0.003721089793335745,-3.721089793335745,-3.0412462412556827,0.17409194396371813,-2.1370593218632408,0.8172998799175385,-0.046785203699063284,0.5743100652100869,28.0579231763767,0.0031239019448423113,7
000214,18.57931164535694,1,2762.6782471497686,2772.902259762475,0.9995454082596916,0.9988978447778715,0.003061000148513634,3.0610001485136342,-2.4911062478404693,-0.14634500734094805,-1.7727647080188182,-0.8138210150202394,-0.04780953944481529,-0.5791455805317881,28.057776830812678,0.003214665552417328,0
000214,18.57931164535694,2,2798.5743886005043,2811.2059239306122,0.999903042449874,0.9999490699534442,-0.012289355616645972,-12.289355616645972,-1.1003123172730087,-10.144116854316385,6.849413662702775,0.08953376821341487,0.8254392801992112,-0.5573452243033168,28.128993772385627,0.0011798185940266137,1
000214,18.57931164535694,3,2834.900998297384,2846.566788581379,1.0002331847705204,0.9999784605213382,-0.0012819732927408403,-1.2819732927408403,0.9673906633165328,0.059449858773382956,-0.8390926898267054,-0.7546106216052798,-0.0463737108331485,0.6545321143412726,28.137665297567242,0.0009382782073639079,2
000214,18.57931164535694,4,2869.0592264031256,2875.751831132393,0.9996179251631854,0.9989483465576672,0.016576475593244714,16.576475593244712,1.4188970250392832,12.754202754420783,10.492692048511556,0.08559702676590164,0.7694158316511145,0.6329869090379842,24.503188789884803,0.003501258611740536,3
000214,18.57931164535694,5,2877.1583926076537,2884.3827511279114,0.9996751282749258,0.9987342842955321,-0.025515336415009863,-25.515336415009862,-3.02521754730296,22.06143936819734,12.45685932191461,0.1185646741276482,-0.8646344696133146,-0.4882106635516134,24.648424874504606,0.003708329692425451,4
000214,18.57931164535694,6,2904.4342455818605,2920.419747695074,0.9995909633160827,0.9999180510396014,-0.03822800995102969,-38.22800995102969,-33.2543925350662,1.8202072555809443,18.767337783673234,0.869895989293329,-0.04761449151846096,-0.49093159198489034,28.149854264219062,0.0007143761320573302,5
000214,18.57931164535694,7,2937.7002853231734,2949.15820684722,0.9996776877329534,0.9999453843917592,-0.01777149644732593,-17.77149644732593,-1.5857571060549238,14.229319459445255,-10.527959351126272,0.0892303645196706,-0.8006821204742347,0.5924070256171595,28.13207628590776,0.001246223926997528,6
000214,18.57931164535694,8,2969.468369204371,2979.433000494655,0.9997771463505073,0.999285277508834,0.001656141083092875,1.6561410830928749,1.3535639083383089,-0.07748289792688744,0.9511384934281729,0.8172998799175385,-0.046785203699063284,0.5743100652100869,28.0579231763767,0.0031239019448423113,7
000215,18.65454056195449,1,2762.6782471497686,2772.902259762475,0.9993633642140615,0.9991605734796736,-0.0018701600973207839,-1.870160097320784,1.52197558865195,0.08941149294097761,1.0830949552502307,-0.8138210150202394,-0.04780953944481529,-0.5791455805317881,28.057776830812678,0.003214665552417328,0
000215,18.65454056195449,2,2798.5743886005043,2811.2059239306122,0.9997041115801807,0.9997481892101314,-0.012230601671928404,-12.230601671928405,-1.0950518552050421,-10.09561904047985,6.816667432205457,0.08953376821341487,0.8254392801992112,-0.5573452243033168,28.128993772385627,0.0011798185940266137,1
000215,18.65454056195449,3,2834.900998297384,2846.566788581379,0.9999643327275596,1.0001416841830186,-0.017647883276297214,-17.647883276297215,13.317280169144063,0.8183978358721643,-11.5511063544828,-0.7546106216052798,-0.0463737108331485,0.6545321143412726,28.137665297567242,0.0009382782073639079,2
000215,18.65454056195449,4,2869.0592264031256,2875.751831132393,0.9995529982584271,0.9992741638654684,0.012021922615436755,12.021922615436754,1.0290408318911382,9.249857587201612,7.6097196370391496,0.08559702676590164,0.7694158316511145,0.6329869090379842,24.503188789884803,0.003501258611740536,3
000215,18.65454056195449,5,2877.1583926076537,2884.3827511279114,0.9996533847511562,0.9993027585923727,-0.031972544890361866,-31.972544890361867,-3.7908143659573588,27.644564393465924,15.609337356357315,0.1185646741276482,-0.8646344696133146,-0.4882106635516134,24.648424874504606,0.003708329692425451,4
000215,18.65454056195449,6,2904.4342455818605,2920.419747695074,0.9994030750366264,0.9993791719612544,-0.0207741034572785,-20.7741034572785,-18.071309278651245,0.9891483728702176,10.198663682340547,0.869895989293329,-0.04761449151846096,-0.49093159198489034,28.149854264219062,0.0007143761320573302,5
000215,18.65454056195449,7,2937.7002853231734,2949.15820684722,1.000316907633713,0.9996339291144077,0.00934504412433409,9.34504412433409,0.8338616936667369,-7.482409745397107,5.536069793957871,0.0892303645196706,-0.8006821204742347,0.5924070256171595,28.13207628590776,0.001246223926997528,6
000215,18.65454056195449,8,2969.468369204371,2979.433000494655,0.9996848826764699,0.9990673225009693,0.0030901518749719497,3.0901518749719497,2.525580756341531,-0.14457338493160501,1.7747053248242126,0.8172998799175385,-0.046785203699063284,0.5743100652100869,28.0579231763767,0.0031239019448423113,7
000216,18.731332353898324,1,2762.6782471497686,2772.902259762475,0.9994618368348388,0.9993364977414628,-0.0027288603107163104,-2.7288603107163105,2.2208038679155937,0.13046555466458234,1.5804073888399532,-0.8138210150202394,-0.04780953944481529,-0.5791455805317881,28.057776830812678,0.003214665552417328,0
000216,18.731332353898324,2,2798.5743886005043,2811.2059239306122,0.9997569497800665,0.999741952328056,-0.010450540613045432,-10.450540613045431,-0.9356762809532881,-8.626286721324844,5.824558902068728,0.08953376821341487,0.8254392801992112,-0.5573452243033168,28.128993772385627,0.0011798185940266137,1
000216,18.731332353898324,3,2834.900998297384,2846.566788581379,1.0004375506925571,1.0003691394086498,-0.008339026456582275,-8.339026456582275,6.292717937984424,0.3867116015275214,-5.458160618174606,-0.7546106216052798,-0.0463737108331485,0.6545321143412726,28.137665297567242,0.0009382782073639079,2
000216,18.731332353898324,4,2869.0592264031256,2875.751831132393,0.9992565660606834,0.9995086161470813,0.005833880902706391,5.833880902706391,0.49936285977804135,4.488680326509392,3.692770240299843,0.08559702676590164,0.7694158316511145,0.6329869090379842,24.503188789884803,0.003501258611740536,3
000216,18.731332353898324,5,2877.1583926076537,2884.3827511279114,0.999962965846016,0.9988260518143123,-0.02337025512581705,-23.37025512581705,-2.7708866832724985,20.20672814543867,11.409607762345637,0.1185646741276482,-0.8646344696133146,-0.4882106635516134,24.648424874504606,0.003708329692425451,4
000216,18.731332353898324,6,2904.4342455818605,2920.419747695074,0.9996452862092468,0.9995172937757396,-0.015597996477761767,-15.597996477761766,-13.568634577016434,0.7426906709953716,7.657549242602296,0.869895989293329,-0.04761449151846096,-0.49093159198489034,28.149854264219062,0.0007143761320573302,5
000216,18.731332353898324,7,2937.7002853231734,2949.15820684722,1.0003693429082432,0.9996676979505187,0.009877475438811116,9.877475438811116,0.8813707339392093,-7.908717979279457,5.8514858453126415,0.0892303645196706,-0.8006821204742347,0.5924070256171595,28.13207628590776,0.001246223926997528,6
000216,18.731332353898324,8,2969.468369204371,2979.433000494655,0.999277864458016,0.9994247131912439,-0.005630979416633469,-5.630979416633469,-4.6021988010326655,0.26344651903242944,-3.233928155963425,0.8172998799175385,-0.046785203699063284,0.5743100652100869,28.0579231763767,0.0031239019448423113,7
000217,18.807674332987517,1,2762.6782471497686,2772.902259762475,0.9992939977520191,0.9993320855195736,-0.004540760982181794,-4.540760982181794,3.6953667114834867,0.21709169128709868,2.6297616550817673,-0.8138210150202394,-0.04780953944481529,-0.5791455805317881,28.057776830812678,0.003214665552417328,0
000217,18.807674332987517,2,2798.5743886005043,2811.2059239306122,0.9997888434239366,1.0000446123048732,-0.018609320750700334,-18.609320750700334,-1.6661626107022953,-15.360864325454328,10.371816047931446,0.08953376821341487,0.8254392801992112,-0.5573452243033168,28.128993772385627,0.0011798185940266137,1
000217,18.807674332987517,3,2834.900998297384,2846.566788581379,1.0005492332646089,1.0002264137554733,0.001297299003141317,1.2972990031413172,-0.978955607168379,-0.06016056883580725,0.8491238594589116,-0.7546106216052798,-0.0463737108331485,0.6545321143412726,28.137665297567242,0.0009382782073639079,2
000217,18.807674332987517,4,2869.0592264031256,2875.751831132393,0.9996313400302469,0.9993613600565544,0.0119187146334896,11.9187146334896,1.0202065354979528,9.17044773193871,7.544390335558371,0.08559702676590164,0.7694158316511145,0.6329869090379842,24.503188789884803,0.003501258611740536,3
000217,18.807674332987517,5,2877.1583926076537,2884.3827511279114,0.9992711493033419,0.9996613419432003,-0.040077385608903233,-40.077385608903235,-4.75176216460771,34.65228904944234,19.566207021536528,0.1185646741276482,-0.8646344696133146,-0.4882106635516134,24.648424874504606,0.003708329692425451,4
000217,18.807674332987517,6,2904.4342455818605,2920.419747695074,0.999691918121455,1.0004765567533564,-0.06098088779364269,-60.980887793642694,-53.0470297152363,2.903573964638619,29.937444325184973,0.869895989293329,-0.04761449151846096,-0.49093159198489034,28.149854264219062,0.0007143761320573302,5
000217,18.807674332987517,7,2937.7002853231734,2949.15820684722,1.000270688520607,1.0001659397622227,-0.007148066385725129,-7.148066385725128,-0.6378245692090576,5.723328951012995,-4.234564746481423,0.0892303645196706,-0.8006821204742347,0.5924070256171595,28.13207628590776,0.001246223926997528,6
000217,18.807674332987517,8,2969.468369204371,2979.433000494655,0.9993817268110399,0.9992646627010892,-0.002620001223391398,-2.620001223391398,-2.141326685261594,0.12257729092816157,-1.5046930734564212,0.8172998799175385,-0.046785203699063284,0.5743100652100869,28.0579231763767,0.0031239019448423113,7
000218,18.89884379087016,1,2762.6782471497686,2772.902259762475,0.9994343244595917,0.9991798692220439,-0.0012973598401704576,-1.2973598401704576,1.0558187019740173,0.06202617645274875,0.7513602177941475,-0.8138210150202394,-0.04780953944481529,-0.5791455805317881,28.057776830812678,0.003214665552417328,0
000218,18.89884379087016,2,2798.5743886005043,2811.2059239306122,0.999696586729823,1.0001407917088465,-0.024287311354463246,-24.287311354463245,-2.1745345053375513,-20.04770080240227,13.53641699457781,0.08953376821341487,0.8254392801992112,-0.5573452243033168,28.128993772385627,0.0011798185940266137,1
000218,18.89884379087016,3,2834.900998297384,2846.566788581379,1.000162439969835,0.9999949548564092,-0.004586366082003415,-4.586366082003415,3.460920560049969,0.2126868144617866,-3.0019238887967936,-0.7546106216052798,-0.0463737108331485,0.6545321143412726,28.137665297567242,0.0009382782073639079,2
000218,18.89884379087016,4,2869.0592264031256,2875.751831132393,0.9995935173294636,0.9997347447648288,0.007125640624400689,7.125640624400689,0.6099336512510218,5.482580707070222,4.5104372337548835,0.08559702676590164,0.7694158316511145,0.6329869090379842,24.503188789884803,0.003501258611740536,3
000218,18.89884379087016,5,2877.1583926076537,2884.3827511279114,0.9993560432215142,0.9987924648451947,-0.029642766263045836,-29.642766263045836,-3.514584922220074,25.630157485720094,14.471914586786987,0.1185646741276482,-0.8646344696133146,-0.4882106635516134,24.648424874504606,0.003708329692425451,4
000218,18.89884379087016,6,2904.4342455818605,2920.419747695074,0.9993855149932925,0.9996799638856775,-0.036604961402534886,-36.60496140253488,-31.842509112302206,1.742926624234588,17.970531975891916,0.869895989293329,-0.04761449151846096,-0.49093159198489034,28.149854264219062,0.0007143761320573302,5
000218,18.89884379087016,7,2937.7002853231734,2949.15820684722,0.9998584628411127,1.0000867886066094,-0.016648502547475408,-16.64850254747541,-1.4855519510178954,13.330158322433308,-9.862689875129611,0.0892303645196706,-0.8006821204742347,0.5924070256171595,28.13207628590776,0.001246223926997528,6
000218,18.89884379087016,8,2969.468369204371,2979.433000494655,0.9994476815709333,0.9993222426996329,-0.00252445368014204,-2.5244536801420403,-2.0632356896374775,0.1181070796542953,-1.449819157662219,0.8172998799175385,-0.046785203699063284,0.5743100652100869,28.0579231763767,0.0031239019448423113,7
000219,18.9735690203961,1,2762.6782471497686,2772.902259762475,0.9999080995868495,0.9993280105839002,0.002312915942056619,2.3129159420566188,-1.8822995996210108,-0.11057944596429803,-1.339515045983608,-0.8138210150202394,-0.04780953944481529,-0.5791455805317881,28.057776830812678,0.003214665552417328,0
000219,18.9735690203961,2,2798.5743886005043,2811.2059239306122,1.0001878403672528,1.0000963605649438,-0.008145960594897608,-8.145960594897607,-0.7293385477791735,-6.723995849983419,4.540112234929187,0.08953376821341487,0.8254392801992112,-0.5573452243033168,28.128993772385627,0.0011798185940266137,1
000219,18.9735690203961,3,2834.900998297384,2846.566788581379,1.0002268332514044,1.000097494667536,-0.006031257942889323,-6.031257942889323,4.551251305345493,0.2796918118036796,-3.9476520134969424,-0.7546106216052798,-0.0463737108331485,0.6545321143412726,28.137665297567242,0.0009382782073639079,2
000219,18.9735690203961,4,2869.0592264031256,2875.751831132393,0.9999254899258145,0.9997850218504482,0.010409111206943756,10.409111206943756,0.8909889705900114,8.008934956039566,6.588831128715969,0.08559702676590164,0.7694158316511145,0.6329869090379842,24.503188789884803,0.003501258611740536,3
000219,18.9735690203961,5,2877.1583926076537,2884.3827511279114,0.9994909843841501,0.9986422610211714,-0.02652317115719755,-26.52317115719755,-3.1447111450849654,22.932848025966663,12.94889499014843,0.1185646741276482,-0.8646344696133146,-0.4882106635516134,24.648424874504606,0.003708329692425451,4
000219,18.9735690203961,6,2904.4342455818605,2920.419747695074,0.9994199507872239,0.9994855295903602,-0.025223816513305013,-25.223816513305014,-21.942096819594873,1.201019197435977,12.383168396811596,0.869895989293329,-0.04761449151846096,-0.49093159198489034,28.149854264219062,0.0007143761320573302,5
000219,18.9735690203961,7,2937.7002853231734,2949.15820684722,1.0002166003859976,1.000452694914848,-0.016870094518659177,-16.870094518659176,-1.5053246833812555,13.507583051800793,-9.993962515679229,0.0892303645196706,-0.8006821204742347,0.5924070256171595,28.13207628590776,0.001246223926997528,6
000219,18.9735690203961,8,2969.468369204371,2979.433000494655,0.9995607864133721,0.9991809012986569,0.0003785201995931979,0.3785201995931979,0.30936451367388335,-0.017709144642177856,0.2173879605117046,0.8172998799175385,-0.046785203699063284,0.5743100652100869,28.0579231763767,0.0031239019448423113,7
000220,19.049407436861657,1,2762.6782471497686,2772.902259762475,0.9992720781793359,0.9993184317985412,-0.0046324038251689586,-4.632403825168959,3.7699475829826414,0.22147309340372853,2.682836202585152,-0.8138210150202394,-0.04780953944481529,-0.5791455805317881,28.057776830812678,0.003214665552417328,0
000220,19.049407436861657,2,2798.5743886005043,2811.2059239306122,0.9999904277057095,1.000278942589619,-0.019596029237444763,-19.596029237444764,-1.7545063396486804,-16.175332268519103,10.921753310798005,0.08953376821341487,0.8254392801992112,-0.5573452243033168,28.128993772385627,0.0011798185940266137,1
000220,19.049407436861657,3,2834.900998297384,2846.566788581379,0.9999474109652191,0.9999568701655855,-0.011288558962832967,-11.288558962832967,8.51846649597124,0.5234923690653628,-7.388724365809185,-0.7546106216052798,-0.0463737108331485,0.6545321143412726,28.137665297567242,0.0009382782073639079,2
000220,19.049407436861657,4,2869.0592264031256,2875.751831132393,0.9992181313705781,0.9995360730634485,0.005065841856124728,5.065841856124728,0.4336210009505332,3.8977389247432335,3.206611578183636,0.08559702676590164,0.7694158316511145,0.6329869090379842,24.503188789884803,0.003501258611740536,3
000220,19.049407436861657,5,2877.1583926076537,2884.3827511279114,0.9999140857134535,0.9992500510124633,-0.02854373568752751,-28.543735687527512,-3.384278720177422,24.67989776696799,13.935356140249674,0.1185646741276482,-0.8646344696133146,-0.4882106635516134,24.648424874504606,0.003708329692425451,4
000220,19.049407436861657,6,2904.4342455818605,2920.419747695074,0.9996820216248186,1.000107103073427,-0.043100996137832095,-43.1009961378321,-37.49338367484741,2.0522320150420246,21.159640650080522,0.869895989293329,-0.04761449151846096,-0.49093159198489034,28.149854264219062,0.0007143761320573302,5
000220,19.049407436861657,7,2937.7002853231734,2949.15820684722,1.0000672332546936,0.9999017135803241,-0.005414669904116782,-5.414669904116782,-0.4831529692980303,4.335429380496246,-3.207688492596573,0.0892303645196706,-0.8006821204742347,0.5924070256171595,28.13207628590776,0.001246223926997528,6
000220,19.049407436861657,8,2969.468369204371,2979.433000494655,0.999412379415245,0.9996300105160731,-0.00643853452741764,-6.43853452741764,-5.262213496103362,0.3012281493886864,-3.697715184298621,0.8172998799175385,-0.046785203699063284,0.5743100652100869,28.0579231763767,0.0031239019448423113,7
000221,19.182664937339723,1,2762.6782471497686,2772.902259762475,0.9989061825785388,0.9991729141529522,-0.007075716771059601,-7.075716771059601,5.758367004619456,0.33828676006631503,4.097870097053821,-0.8138210150202394,-0.04780953944481529,-0.5791455805317881,28.057776830812678,0.003214665552417328,0
000221,19.182664937339723,2,2798.5743886005043,2811.2059239306122,0.9993851389791534,1.0000397489549928,-0.030627272789847393,-30.627272789847392,-2.7421751429752246,-25.280954006116517,17.069964222856367,0.08953376821341487,0.8254392801992112,-0.5573452243033168,28.128993772385627,0.0011798185940266137,1
000221,19.182664937339723,3,2834.900998297384,2846.566788581379,1.0004411559988289,1.0003500173658133,-0.007478173264248257,-7.478173264248257,5.643108975406362,0.3467906445164309,-4.8947045580587885,-0.7546106216052798,-0.0463737108331485,0.6545321143412726,28.137665297567242,0.0009382782073639079,2
000221,19.182664937339723,4,2869.0592264031256,2875.751831132393,0.9998523093496591,0.9999168161263128,0.008019904169099876,8.019904169099876,0.6864799518224083,6.170641236030222,5.076494350779374,0.08559702676590164,0.7694158316511145,0.6329869090379842,24.503188789884803,0.003501258611740536,3
000221,19.182664937339723,5,2877.1583926076537,2884.3827511279114,0.9997128424155991,0.9990953860086458,-0.02905332002151351,-29.05332002151351,-3.4446974206770267,25.120501947307226,14.184140646080486,0.1185646741276482,-0.8646344696133146,-0.4882106635516134,24.648424874504606,0.003708329692425451,4
000221,19.182664937339723,6,2904.4342455818605,2920.419747695074,0.9997608829013513,1.0000919123080936,-0.03842402013314306,-38.42402013314306,-33.42490100634728,1.8295401807347134,18.863565374423402,0.869895989293329,-0.04761449151846096,-0.49093159198489034,28.149854264219062,0.0007143761320573302,5
000221,19.182664937339723,7,2937.7002853231734,2949.15820684722,1.0003040072025084,0.9999664965665713,-0.0005088934678648332,-0.5088934678648332,-0.045408749639258346,0.40746190094550144,-0.30147206565380735,0.0892303645196706,-0.8006821204742347,0.5924070256171595,28.13207628590776,0.001246223926997528,6
000221,19.182664937339723,8,2969.468369204371,2979.433000494655,0.9989978584600028,0.9994061380334033,-0.008613640469880954,-8.613640469880954,-7.039927321686553,0.40299092397387565,-4.946900419953574,0.8172998799175385,-0.046785203699063284,0.5743100652100869,28.0579231763767,0.0031239019448423113,7
000222,19.260074624908157,1,2762.6782471497686,2772.902259762475,0.9994273748614804,0.9997867198976876,-0.0081025148913665,-8.1025148913665,6.593996893108489,0.3873775053009899,4.69253569052791,-0.8138210150202394,-0.04780953944481529,-0.5791455805317881,28.057776830812678,0.003214665552417328,0
000222,19.260074624908157,2,2798.5743886005043,2811.2059239306122,0.9999853898945945,0.9999038334982742,-0.008444974459721017,-8.444974459721017,-0.75611038584487,-6.97081363933284,4.706766184488992,0.08953376821341487,0.8254392801992112,-0.5573452243033168,28.128993772385627,0.0011798185940266137,1
000222,19.260074624908157,3,2834.900998297384,2846.566788581379,0.9995903740376497,1.000256357233425,-0.036155989590134024,-36.15598959013403,27.283693779365063,1.6766874061392025,-23.665256312531465,-0.7546106216052798,-0.0463737108331485,0.6545321143412726,28.137665297567242,0.0009382782073639079,2
000222,19.260074624908157,4,2869.0592264031256,2875.751831132393,0.9997233871122259,0.999522436219303,0.011114104877876178,11.114104877876178,0.9513343327106051,8.551368247668808,7.0350828933708245,0.08559702676590164,0.7694158316511145,0.6329869090379842,24.503188789884803,0.003501258611740536,3
000222,19.260074624908157,5,2877.1583926076537,2884.3827511279114,0.9995875856897133,0.999137120848988,-0.030880271562293896,-30.880271562293895,-3.661309334756658,26.700147223779105,15.076077870081521,0.1185646741276482,-0.8646344696133146,-0.4882106635516134,24.648424874504606,0.003708329692425451,4
000222,19.260074624908157,6,2904.4342455818605,2920.419747695074,0.9995038021048167,0.9998249066519939,-0.037930481352753474,-37.930481352753475,-32.99557360072565,1.8060405826618218,18.62127159526046,0.869895989293329,-0.04761449151846096,-0.49093159198489034,28.149854264219062,0.0007143761320573302,5
000222,19.260074624908157,7,2937.7002853231734,2949.15820684722,1.0001049857889264,0.9999044620601901,-0.00441623333791316,-4.41623333791316,-0.3940621105459129,3.535999073509316,-2.616207656144475,0.0892303645196706,-0.8006821204742347,0.5924070256171595,28.13207628590776,0.001246223926997528,6
000222,19.260074624908157,8,2969.468369204371,2979.433000494655,0.9993437905454886,0.99949612404573,-0.005693555052110758,-5.693555052110758,-4.6533418603940175,0.2663741328848327,-3.2698659732549493,0.8172998799175385,-0.046785203699063284,0.5743100652100869,28.0579231763767,0.0031239019448423113,7
000223,19.337645082967356,1,2762.6782471497686,2772.902259762475,0.9993342202873192,0.9991707573695897,-0.0023061844877109105,-2.3061844877109103,1.876821400612824,0.11025761823223591,1.3356165539487395,-0.8138210150202394,-0.04780953944481529,-0.5791455805317881,28.057776830812678,0.003214665552417328,0
000223,19.337645082967356,2,2798.5743886005043,2811.2059239306122,1.0002640389795867,1.0000841431538714,-0.005481792979353042,-5.481792979353043,-0.4908055820073202,-4.524887251078265,3.0552511376618687,0.08953376821341487,0.8254392801992112,-0.5573452243033168,28.128993772385627,0.0011798185940266137,1
000223,19.337645082967356,3,2834.900998297384,2846.566788581379,1.000204178818825,0.9998935393259948,0.0008359514931755837,0.8359514931755837,-0.6308178758970892,-0.038766172815063234,0.5471570983149587,-0.7546106216052798,-0.0463737108331485,0.6545321143412726,28.137665297567242,0.0009382782073639079,2
000223,19.337645082967356,4,2869.0592264031256,2875.751831132393,0.9992874830631379,0.9995702719579243,0.005475586328455879,5.475586328455879,0.46869390951584294,4.213002808686353,3.465974465219931,0.08559702676590164,0.7694158316511145,0.6329869090379842,24.503188789884803,0.003501258611740536,3
000223,19.337645082967356,5,2877.1583926076537,2884.3827511279114,0.9997127579186595,0.9994384880973987,-0.032807912398052176,-32.807912398052174,-3.889859442283486,28.366851935409933,16.017172681596257,0.1185646741276482,-0.8646344696133146,-0.4882106635516134,24.648424874504606,0.003708329692425451,4
000223,19.337645082967356,6,2904.4342455818605,2920.419747695074,0.9989846987109444,0.9998785832062836,-0.06641341506016188,-66.41341506016188,-57.77276339610799,3.162240988094105,32.60444358463857,0.869895989293329,-0.04761449151846096,-0.49093159198489034,28.149854264219062,0.0007143761320573302,5
000223,19.337645082967356,7,2937.7002853231734,2949.15820684722,1.0002606346209482,0.9997053884556918,0.005701676083775873,5.701676083775872,0.508762635328409,-4.565230097014896,3.3777129698221593,0.0892303645196706,-0.8006821204742347,0.5924070256171595,28.13207628590776,0.001246223926997528,6
000223,19.337645082967356,8,2969.468369204371,2979.433000494655,0.9993203696424413,0.999207941343504,-0.0026728911309124447,-2.672891130912445,-2.1845536003273947,0.12505175602515836,-1.535068279693789,0.8172998799175385,-0.046785203699063284,0.5743100652100869,28.0579231763767,0.0031239019448423113,7
000224,19.4143650829792,1,2762.6782471497686,2772.902259762475,0.9994806536504821,0.9993046490230795,-0.002167135545274622,-2.167135545274622,1.7636604491418328,0.10360975233406833,1.255086973459144,-0.8138210150202394,-0.04780953944481529,-0.5791455805317881,28.057776830812678,0.003214665552417328,0
000224,19.4143650829792,2,2798.5743886005043,2811.2059239306122,0.9999467551458835,0.9998762698908092,-0.008778572090994839,-8.778572090994839,-0.7859786388398845,-7.246178227967664,4.892695231118355,0.08953376821341487,0.8254392801992112,-0.5573452243033168,28.128993772385627,0.0011798185940266137,1
000224,19.4143650829792,3,2834.900998297384,2846.566788581379,1.0000914323199614,1.0003960926276294,-0.022470013271065115,-22.470013271065117,16.956110681957334,1.0420178978493828,-14.707345295586705,-0.7546106216052798,-0.0463737108331485,0.6545321143412726,28.137665297567242,0.0009382782073639079,2
000224,19.4143650829792,4,2869.0592264031256,2875.751831132393,0.9995192891439189,0.999018909157977,0.014604279839955025,14.604279839955025,1.2500829323573481,11.2367641187246,9.244317954618877,0.08559702676590164,0.7694158316511145,0.6329869090379842,24.503188789884803,0.003501258611740536,3
000224,19.4143650829792,5,2877.1583926076537,2884.3827511279114,0.9999470902678185,0.9985097436130628,-0.020083407436538383,-20.083407436538383,-2.38118265808596,17.36480633691946,9.804933670969811,0.1185646741276482,-0.8646344696133146,-0.4882106635516134,24.648424874504606,0.003708329692425451,4
000224,19.4143650829792,6,2904.4342455818605,2920.419747695074,0.9998539175797198,0.9997052562931458,-0.014570185407210091,-14.570185407210092,-12.67454584899225,0.6937519694940084,7.152964317476668,0.869895989293329,-0.04761449151846096,-0.49093159198489034,28.149854264219062,0.0007143761320573302,5
000224,19.4143650829792,7,2937.7002853231734,2949.15820684722,1.0001947388765045,0.9996484893858852,0.005445059840472482,5.4450598404724815,0.48586467439677905,-4.359762059178605,3.225691704401748,0.0892303645196706,-0.8006821204742347,0.5924070256171595,28.13207628590776,0.001246223926997528,6
000224,19.4143650829792,8,2969.468369204371,2979.433000494655,0.9993919548723551,0.9986516298513549,0.00449077439960492,4.49077439960492,3.670309377533857,-0.21010179505205479,2.5790969382808906,0.8172998799175385,-0.046785203699063284,0.5743100652100869,28.0579231763767,0.0031239019448423113,7
000225,19.50374402035959,1,2762.6782471497686,2772.902259762475,0.9993659041317553,0.9990594432949668,-0.0007207778777694591,-0.7207778777694591,0.5865841840904753,0.034460058378169206,0.4174353224552636,-0.8138210150202394,-0.04780953944481529,-0.5791455805317881,28.057776830812678,0.003214665552417328,0
000225,19.50374402035959,2,2798.5743886005043,2811.2059239306122,1.0000109337124754,0.9996695277494634,-0.0006151402981876911,-0.6151402981876911,-0.05507582887666764,-0.5077609649575758,0.3428455074714279,0.08953376821341487,0.8254392801992112,-0.5573452243033168,28.128993772385627,0.0011798185940266137,1
000225,19.50374402035959,3,2834.900998297384,2846.566788581379,0.9998399227952662,1.0004457991063316,-0.033879296283869015,-33.87929628386902,25.56567682831984,1.5711086890987043,-22.175087429075205,-0.7546106216052798,-0.0463737108331485,0.6545321143412726,28.137665297567242,0.0009382782073639079,2
000225,19.50374402035959,4,2869.0592264031256,2875.751831132393,0.9991793095984278,0.9995916142140049,0.003965938346887038,3.9659383468870377,0.33947253083040546,3.0514557514471363,2.5103870556312384,0.08559702676590164,0.7694158316511145,0.6329869090379842,24.503188789884803,0.003501258611740536,3
000225,19.50374402035959,5,2877.1583926076537,2884.3827511279114,0.9992844279103982,0.9990194381430818,-0.03290943973404536,-32.90943973404536,-3.9018969977905655,28.45463596971765,16.066739409670117,0.1185646741276482,-0.8646344696133146,-0.4882106635516134,24.648424874504606,0.003708329692425451,4
000225,19.50374402035959,6,2904.4342455818605,2920.419747695074,0.9996583414526828,0.99985633951112,-0.03180869938572485,-31.80869938572485,-27.670260020279226,1.51455504711487,15.615895428402705,0.869895989293329,-0.04761449151846096,-0.49093159198489034,28.149854264219062,0.0007143761320573302,5
000225,19.50374402035959,7,2937.7002853231734,2949.15820684722,1.0004324697991513,1.0004861671048901,-0.01166749555053195,-11.66749555053195,-1.0410948810056007,9.34195507802362,-6.911906335492076,0.0892303645196706,-0.8006821204742347,0.5924070256171595,28.13207628590776,0.001246223926997528,6
000225,19.50374402035959,8,2969.468369204371,2979.433000494655,0.9992551012676593,0.9989475514472385,-0.00044675223163434584,-0.44675223163434585,-0.36513054526764316,0.020901394160023973,-0.256574303282673,0.8172998799175385,-0.046785203699063284,0.5743100652100869,28.0579231763767,0.0031239019448423113,7
000226,19.583650207845498,1,2762.6782471497686,2772.902259762475,0.9992301637268746,0.9988615623152559,-3.1830243219898444e-05,-0.03183024321989844,0.025904120845558844,0.0015217892687597989,0.018434344688056097,-0.8138210150202394,-0.04780953944481529,-0.5791455805317881,28.057776830812678,0.003214665552417328,0
000226,19.583650207845498,2,2798.5743886005043,2811.2059239306122,0.9998582139513607,0.9997820256591751,-0.008606727144830937,-8.606727144830938,-0.770592713261399,-7.104330659300261,4.796918271053244,0.08953376821341487,0.8254392801992112,-0.5573452243033168,28.128993772385627,0.0011798185940266137,1
000226,19.583650207845498,3,2834.900998297384,2846.566788581379,0.9998354553574473,0.9999019834508659,-0.013450181003877517,-13.450181003877516,10.14964944803954,0.6237348045273229,-8.80357541074077,-0.7546106216052798,-0.0463737108331485,0.6545321143412726,28.137665297567242,0.0009382782073639079,2
000226,19.583650207845498,4,2869.0592264031256,2875.751831132393,0.9999434986041097,0.9992400775032905,0.016970947047447744,16.970947047447744,1.4526626086630838,13.057715336419033,10.74238731501125,0.08559702676590164,0.7694158316511145,0.6329869090379842,24.503188789884803,0.003501258611740536,3
000226,19.583650207845498,5,2877.1583926076537,2884.3827511279114,0.9998855226452694,0.9992910466124152,-0.029304734094789033,-29.304734094789033,-3.4745062483460436,25.337883221207132,14.306883677620542,0.1185646741276482,-0.8646344696133146,-0.4882106635516134,24.648424874504606,0.003708329692425451,4
000226,19.583650207845498,6,2904.4342455818605,2920.419747695074,0.9992841833670643,1.0000433024514137,-0.05971186365356937,-59.71186365356937,-51.9431107054701,2.843150025484376,29.314440283831523,0.869895989293329,-0.04761449151846096,-0.49093159198489034,28.149854264219062,0.0007143761320573302,5
000226,19.583650207845498,7,2937.7002853231734,2949.15820684722,1.000146354207246,0.9999790084088119,-0.00536258253671249,-5.36258253671249,-0.47850519451767537,4.293723956713057,-3.1768315702003687,0.0892303645196706,-0.8006821204742347,0.5924070256171595,28.13207628590776,0.001246223926997528,6
000226,19.583650207845498,8,2969.468369204371,2979.433000494655,0.9992395494965369,0.9992379751828213,-0.003937622805644275,-3.937622805644275,-3.218218646213627,0.1842224850521445,-2.261416410282289,0.8172998799175385,-0.046785203699063284,0.5743100652100869,28.0579231763767,0.0031239019448423113,7
000227,19.661226957920007,1,2762.6782471497686,2772.902259762475,0.9993916007308731,0.9998538536418107,-0.009243446353069397,-9.243446353069396,7.522510893340067,0.4419249130231054,5.353301104262816,-0.8138210150202394,-0.04780953944481529,-0.5791455805317881,28.057776830812678,0.003214665552417328,0
000227,19.661226957920007,2,2798.5743886005043,2811.2059239306122,0.999861078012721,0.9996227393483297,-0.0037207827895422074,-3.7207827895422074,-0.33313570385133523,-3.0712802675773325,2.0737605184213224,0.08953376821341487,0.8254392801992112,-0.5573452243033168,28.128993772385627,0.0011798185940266137,1
000227,19.661226957920007,3,2834.900998297384,2846.566788581379,1.000071978303237,0.9998345141283189,-0.0019357402569112527,-1.9357402569112527,1.4607301585341645,0.08976745892208701,-1.2670041631716404,-0.7546106216052798,-0.0463737108331485,0.6545321143412726,28.137665297567242,0.0009382782073639079,2
000227,19.661226957920007,4,2869.0592264031256,2875.751831132393,0.999775925068843,0.9994297569733762,0.01280677087526472,12.80677087526472,1.0962215093948038,9.853732263757076,8.106518311091495,0.08559702676590164,0.7694158316511145,0.6329869090379842,24.503188789884803,0.003501258611740536,3
000227,19.661226957920007,5,2877.1583926076537,2884.3827511279114,0.9997129421696851,0.999099200388627,-0.029093959448138296,-29.093959448138296,-3.4495158210515284,25.15564019639234,14.20398124751933,0.1185646741276482,-0.8646344696133146,-0.4882106635516134,24.648424874504606,0.003708329692425451,4
000227,19.661226957920007,6,2904.4342455818605,2920.419747695074,0.9997312922408228,0.9996544855813589,-0.01814333873968168,-18.143338739681678,-15.782817602039374,0.8638858485371373,8.90713817139306,0.869895989293329,-0.04761449151846096,-0.49093159198489034,28.149854264219062,0.0007143761320573302,5
000227,19.661226957920007,7,2937.7002853231734,2949.15820684722,1.0001031400928024,0.9998835164324386,-0.003871437299453786,-3.871437299453786,-0.34544976144531053,3.0997906262097024,-2.293466655432746,0.0892303645196706,-0.8006821204742347,0.5924070256171595,28.13207628590776,0.001246223926997528,6
000227,19.661226957920007,8,2969.468369204371,2979.433000494655,0.9998085455804171,0.9991587343125907,0.003458104167598049,3.4581041675980493,2.826308120920225,-0.16178810789365441,1.9860240299965086,0.8172998799175385,-0.046785203699063284,0.5743100652100869,28.0579231763767,0.0031239019448423113,7
000228,19.75822995789349,1,2762.6782471497686,2772.902259762475,0.9991934663420116,0.9992851386909405,-0.005134848994517362,-5.134848994517362,4.178848020693774,0.24549476554654795,2.973825101872826,-0.8138210150202394,-0.04780953944481529,-0.5791455805317881,28.057776830812678,0.003214665552417328,0
000228,19.75822995789349,2,2798.5743886005043,2811.2059239306122,0.9998167042744891,1.000116725853203,-0.01994275104734862,-19.94275104734862,-1.785549649811148,-16.46153006971551,11.114997055709724,0.08953376821341487,0.8254392801992112,-0.5573452243033168,28.128993772385627,0.0011798185940266137,1
000228,19.75822995789349,3,2834.900998297384,2846.566788581379,1.0003741003407307,1.0000790114504272,0.0002469348962972963,0.24693489629729629,-0.18633969559093805,-0.01145128747550433,0.16162681977811222,-0.7546106216052798,-0.0463737108331485,0.6545321143412726,28.137665297567242,0.0009382782073639079,2
000228,19.75822995789349,4,2869.0592264031256,2875.751831132393,0.9995292306341891,0.9996838146765654,0.006969954699234409,6.969954699234409,0.5966073989474896,5.362793491482035,4.41189008120316,0.08559702676590164,0.7694158316511145,0.6329869090379842,24.503188789884803,0.003501258611740536,3
000228,19.75822995789349,5,2877.1583926076537,2884.3827511279114,0.9997928969039185,0.9996710060528008,-0.03447499655429946,-34.47499655429946,-4.08751673201231,29.808270360647562,16.831060943714125,0.1185646741276482,-0.8646344696133146,-0.4882106635516134,24.648424874504606,0.003708329692425451,4
000228,19.75822995789349,6,2904.4342455818605,2920.419747695074,0.9994913832113507,0.9995930213364203,-0.027016957630510107,-27.016957630510106,-23.501943085688545,1.2863986999525425,13.263478020134658,0.869895989293329,-0.04761449151846096,-0.49093159198489034,28.149854264219062,0.0007143761320573302,5
000228,19.75822995789349,7,2937.7002853231734,2949.15820684722,0.9996941773300076,0.9996839673636534,-0.009844639356917678,-9.844639356917678,-0.8784407583824599,7.882426715600953,-5.832033519705228,0.0892303645196706,-0.8006821204742347,0.5924070256171595,28.13207628590776,0.001246223926997528,6
000228,19.75822995789349,8,2969.468369204371,2979.433000494655,0.999663849238662,0.9994515757843806,-0.0015337590529842509,-1.5337590529842509,-1.2535410898264658,0.07175722971915058,-0.8808532617359462,0.8172998799175385,-0.046785203699063284,0.5743100652100869,28.0579231763767,0.0031239019448423113,7
000229,19.836418312508613,1,2762.6782471497686,2772.902259762475,0.9996309149877218,0.9993020484491081,-0.0004723676351042832,-0.4723676351042832,0.38442270826327785,0.02258367908297234,0.27356962825689796,-0.8138210150202394,-0.04780953944481529,-0.5791455805317881,28.057776830812678,0.003214665552417328,0
000229,19.836418312508613,2,2798.5743886005043,2811.2059239306122,0.9997159796204337,1.0002593613440178,-0.02727572296690888,-27.27572296690888,-2.4420982579725363,-22.514453132718362,15.201993935026959,0.08953376821341487,0.8254392801992112,-0.5573452243033168,28.128993772385627,0.0011798185940266137,1
000229,19.836418312508613,3,2834.900998297384,2846.566788581379,1.0001814218365308,0.9998311615694084,0.0023366839309863618,2.3366839309863616,-1.7632865136566873,-0.10836070492402627,1.5294346738957796,-0.7546106216052798,-0.0463737108331485,0.6545321143412726,28.137665297567242,0.0009382782073639079,2
000229,19.836418312508613,4,2869.0592264031256,2875.751831132393,0.999558855367278,0.9994367895977424,0.010194612120005648,10.194612120005647,0.8726284865041087,7.843895962674678,6.453056014683546,0.08559702676590164,0.7694158316511145,0.6329869090379842,24.503188789884803,0.003501258611740536,3
000229,19.836418312508613,5,2877.1583926076537,2884.3827511279114,0.999782938901015,0.9993185201970533,-0.030727610966819037,-30.727610966819036,-3.6432091810020486,26.568151610779847,15.001547339466557,0.1185646741276482,-0.8646344696133146,-0.4882106635516134,24.648424874504606,0.003708329692425451,4
000229,19.836418312508613,6,2904.4342455818605,2920.419747695074,0.9993796784954698,0.9996241689918347,-0.03412065362162532,-34.12065362162532,-29.68141973751877,1.624637572471223,16.750906802029533,0.869895989293329,-0.04761449151846096,-0.49093159198489034,28.149854264219062,0.0007143761320573302,5
000229,19.836418312508613,7,2937.7002853231734,2949.15820684722,0.9996625672850248,0.9999599986173957,-0.018619632067860957,-18.619632067860955,-1.6614365566373814,14.90840648654497,-11.03040085140739,0.0892303645196706,-0.8006821204742347,0.5924070256171595,28.13207628590776,0.001246223926997528,6
000229,19.836418312508613,8,2969.468369204371,2979.433000494655,0.9992307144196317,0.9992387466987322,-0.00404722429806248,-4.04722429806248,-3.307795932805809,0.18935021320065157,-2.324361650540111,0.8172998799175385,-0.046785203699063284,0.5743100652100869,28.0579231763767,0.0031239019448423113,7
000230,19.94695099943783,1,2762.6782471497686,2772.902259762475,0.9991353844917122,0.9992388821062984,-0.005265954778857914,-5.265954778857914,4.285544663180827,0.251762872714421,3.0497544374558103,-0.8138210150202394,-0.04780953944481529,-0.5791455805317881,28.057776830812678,0.003214665552417328,0
000230,19.94695099943783,2,2798.5743886005043,2811.2059239306122,0.9998007117407837,0.9998768021345377,-0.013195216063336443,-13.195216063336442,-1.1814174165406939,-10.891849649393503,7.354290656550979,0.08953376821341487,0.8254392801992112,-0.5573452243033168,28.128993772385627,0.0011798185940266137,1
000230,19.94695099943783,3,2834.900998297384,2846.566788581379,1.0002146966615848,1.0003031433839733,-0.014280401969397682,-14.280401969397682,10.776143006900448,0.6622352315099725,-9.346981694673138,-0.7546106216052798,-0.0463737108331485,0.6545321143412726,28.137665297567242,0.0009382782073639079,2
000230,19.94695099943783,4,2869.0592264031256,2875.751831132393,0.999324601475967,0.9996751818510696,0.004685402165466554,4.685402165466553,0.4010564945664541,3.605022603762381,2.9657982343185516,0.08559702676590164,0.7694158316511145,0.6329869090379842,24.503188789884803,0.003501258611740536,3
000230,19.94695099943783,5,2877.1583926076537,2884.3827511279114,0.999558677067102,0.9993105184710135,-0.03309357917834454,-33.09357917834454,-3.923729430997944,28.613849280474163,16.156638249957446,0.1185646741276482,-0.8646344696133146,-0.4882106635516134,24.648424874504606,0.003708329692425451,4
000230,19.94695099943783,6,2904.4342455818605,2920.419747695074,0.9995106800407747,0.9996057663544266,-0.026691152212786402,-26.691152212786402,-23.218526259520655,1.2708856406536686,13.103529847734256,0.869895989293329,-0.04761449151846096,-0.49093159198489034,28.149854264219062,0.0007143761320573302,5
000230,19.94695099943783,7,2937.7002853231734,2949.15820684722,0.9997948817472242,0.9998330149488792,-0.011223553529570048,-11.223553529570049,-1.001481772649571,8.986498639312227,-6.648911963307564,0.0892303645196706,-0.8006821204742347,0.5924070256171595,28.13207628590776,0.001246223926997528,6
000230,19.94695099943783,8,2969.468369204371,2979.433000494655,0.9999542393375048,0.9988456895354199,0.008691846134894566,8.691846134894565,7.10384480231105,-0.4066497919419581,4.99181472052734,0.8172998799175385,-0.046785203699063284,0.5743100652100869,28.0579231763767,0.0031239019448423113,7
000231,20.025358957936987,1,2762.6782471497686,2772.902259762475,0.9996227144666886,0.9996111712657173,-0.003990506362559124,-3.990506362559124,3.2475579384225894,0.1907842713455568,2.311084123960098,-0.8138210150202394,-0.04780953944481529,-0.5791455805317881,28.057776830812678,0.003214665552417328,0
000231,20.025358957936987,2,2798.5743886005043,2811.2059239306122,0.999193749028101,1.0001566150172356,-0.039915698759249704,-39.91569875924971,-3.5738029207871547,-32.947985652483624,22.24682407819765,0.08953376821341487,0.8254392801992112,-0.5573452243033168,28.128993772385627,0.0011798185940266137,1
000231,20.025358957936987,3,2834.900998297384,2846.566788581379,0.9999692433064958,1.0001791253437653,-0.018880057564050673,-18.880057564050674,14.247091974351743,0.8755383299884839,-12.357603996283023,-0.7546106216052798,-0.0463737108331485,0.6545321143412726,28.137665297567242,0.0009382782073639079,2
000231,20.025358957936987,4,2869.0592264031256,2875.751831132393,0.9997703309301261,0.9990364050397413,0.01732651387527916,17.32651387527916,1.4830980719420366,13.33129408296249,10.967456462316699,0.08559702676590164,0.7694158316511145,0.6329869090379842,24.503188789884803,0.003501258611740536,3
000231,20.025358957936987,5,2877.1583926076537,2884.3827511279114,0.9994794177631171,0.9990510352824334,-0.03112186101865638,-31.12186101865638,-3.6899533099229513,26.909033795245247,15.194024418879323,0.1185646741276482,-0.8646344696133146,-0.4882106635516134,24.648424874504606,0.003708329692425451,4
000231,20.025358957936987,6,2904.4342455818605,2920.419747695074,0.9988644533094763,0.9994058844392183,-0.04888677873242284,-48.88677873242284,-42.52641274880504,2.327719111319825,24.00006411012143,0.869895989293329,-0.04761449151846096,-0.49093159198489034,28.149854264219062,0.0007143761320573302,5
000231,20.025358957936987,7,2937.7002853231734,2949.15820684722,1.0001337194308642,1.0000601572389498,-0.008037615008056104,-8.037615008056104,-0.7171993170376214,6.435574628205894,-4.7615395999783585,0.0892303645196706,-0.8006821204742347,0.5924070256171595,28.13207628590776,0.001246223926997528,6
000231,20.025358957936987,8,2969.468369204371,2979.433000494655,0.9993385089886656,0.9992693625364855,-0.0031666931572916037,-3.1666931572916037,-2.5881379371901185,0.1481543844163175,-1.8186637536644767,0.8172998799175385,-0.046785203699063284,0.5743100652100869,28.0579231763767,0.0031239019448423113,7
000232,20.12494099943433,1,2762.6782471497686,2772.902259762475,0.9997380319336424,0.9991096143204449,0.0028487314185411602,2.8487314185411603,-2.318357494557213,-0.1361965371224282,-1.6498302111701644,-0.8138210150202394,-0.04780953944481529,-0.5791455805317881,28.057776830812678,0.003214665552417328,0
000232,20.12494099943433,2,2798.5743886005043,2811.2059239306122,0.9996129712196735,1.0000283277628728,-0.023418045066280986,-23.418045066280985,-2.0967058189757055,-19.330174263183668,13.051935580211557,0.08953376821341487,0.8254392801992112,-0.5573452243033168,28.128993772385627,0.0011798185940266137,1
000232,20.12494099943433,3,2834.900998297384,2846.566788581379,1.0004145623131013,1.0000634214246562,0.0023700395886707614,2.3700395886707613,-1.7884570472359649,-0.10990753054813211,1.5512670230451935,-0.7546106216052798,-0.0463737108331485,0.6545321143412726,28.137665297567242,0.0009382782073639079,2
000232,20.12494099943433,4,2869.0592264031256,2875.751831132393,0.9995634234823649,0.9996306756547173,0.00798790356678073,7.987903566780729,0.6837407954091713,6.146019465983498,5.056238388430023,0.08559702676590164,0.7694158316511145,0.6329869090379842,24.503188789884803,0.003501258611740536,3
000232,20.12494099943433,5,2877.1583926076537,2884.3827511279114,0.9996872364010111,0.999025918582985,-0.028573459425255153,-28.57345942525515,-3.3878029054549557,24.705597935173053,13.94986758596892,0.1185646741276482,-0.8646344696133146,-0.4882106635516134,24.648424874504606,0.003708329692425451,4
000232,20.12494099943433,6,2904.4342455818605,2920.419747695074,0.9998030955404428,0.999951888893132,-0.029361870762609946,-29.361870762609946,-25.54177361454345,1.3980505463924382,14.414669957142706,0.869895989293329,-0.04761449151846096,-0.49093159198489034,28.149854264219062,0.0007143761320573302,5
000232,20.12494099943433,7,2937.7002853231734,2949.15820684722,1.0003730956976904,0.999876406086687,0.004031440849178142,4.031440849178142,0.359726936511656,-3.2279026076864037,2.3882538824131387,0.0892303645196706,-0.8006821204742347,0.5924070256171595,28.13207628590776,0.001246223926997528,6
000232,20.12494099943433,8,2969.468369204371,2979.433000494655,0.9998816496904144,0.9990325100605472,0.005732238856046825,5.732238856046825,4.684958128705718,-0.2681839625318362,3.292082471216046,0.8172998799175385,-0.046785203699063284,0.5743100652100869,28.0579231763767,0.0031239019448423113,7
000233,20.201860041473992,1,2762.6782471497686,2772.902259762475,0.9994889095029108,0.9989219686596523,0.0021671433362767966,2.1671433362767965,-1.7636667896231306,-0.10361012481829411,-1.2550914855836215,-0.8138210150202394,-0.04780953944481529,-0.5791455805317881,28.057776830812678,0.003214665552417328,0
000233,20.201860041473992,2,2798.5743886005043,2811.2059239306122,0.9998616065233482,1.0002211216884378,-0.02173542255697013,-21.735422556970132,-1.946054285236393,-17.941271550251123,12.114133960341888,0.08953376821341487,0.8254392801992112,-0.5573452243033168,28.128993772385627,0.0011798185940266137,1
000233,20.201860041473992,3,2834.900998297384,2846.566788581379,1.0000181252991334,1.0004616620179003,-0.02773029247323156,-27.73029247323156,20.92557324052148,1.2859565644722746,-18.15036696380613,-0.7546106216052798,-0.0463737108331485,0.6545321143412726,28.137665297567242,0.0009382782073639079,2
000233,20.201860041473992,4,2869.0592264031256,2875.751831132393,0.9995201840396111,0.9994299446834313,0.009823640315272079,9.82364031527208,0.8408744030049345,7.558464383016483,6.218235718665001,0.08559702676590164,0.7694158316511145,0.6329869090379842,24.503188789884803,0.003501258611740536,3
000233,20.201860041473992,5,2877.1583926076537,2884.3827511279114,0.9999189844449918,0.9995725346080044,-0.03201823544655248,-32.01823544655248,-3.7962316518628096,27.684070023284132,15.631643973113178,0.1185646741276482,-0.8646344696133146,-0.4882106635516134,24.648424874504606,0.003708329692425451,4
000233,20.201860041473992,6,2904.4342455818605,2920.419747695074,0.9995171901354646,0.9996567485822045,-0.02890264167333813,-28.90264167333813,-25.14229207161907,1.3761845868162748,14.189219889260723,0.869895989293329,-0.04761449151846096,-0.49093159198489034,28.149854264219062,0.0007143761320573302,5
000233,20.201860041473992,7,2937.7002853231734,2949.15820684722,1.0001420662474938,0.999991544092,-0.005842450957446359,-5.842450957446359,-0.5213240286212372,4.677946021374874,-3.4611089940149236,0.0892303645196706,-0.8006821204742347,0.5924070256171595,28.13207628590776,0.001246223926997528,6
000233,20.201860041473992,8,2969.468369204371,2979.433000494655,0.9993232170058841,0.9995033744974922,-0.006010998607509723,-6.010998607509723,-4.9127884401021875,0.2812257942871282,-3.4521770022566503,0.8172998799175385,-0.046785203699063284,0.5743100652100869,28.0579231763767,0.0031239019448423113,7
000234,20.279047666001137,1,2762.6782471497686,2772.902259762475,0.9995865187157855,0.9993400352867297,-0.001385742649930066,-1.385742649930066,1.1277464899229226,0.06625171788219435,0.8025467314614065,-0.8138210150202394,-0.04780953944481529,-0.5791455805317881,28.057776830812678,0.003214665552417328,0
000234,20.279047666001137,2,2798.5743886005043,2811.2059239306122,0.9994604545728933,0.9998256322189644,-0.021906045458489568,-21.90604545848957,-1.9613307965529345,-18.082110395266827,12.209229819660521,0.08953376821341487,0.8254392801992112,-0.5573452243033168,28.128993772385627,0.0011798185940266137,1
000234,20.279047666001137,3,2834.900998297384,2846.566788581379,1.0003369368067672,1.00030040878434,-0.009546681924732962,-9.546681924732962,7.204027581490629,0.4427150669936119,-6.248609905139075,-0.7546106216052798,-0.0463737108331485,0.6545321143412726,28.137665297567242,0.0009382782073639079,2
000234,20.279047666001137,4,2869.0592264031256,2875.751831132393,0.9994849091944641,0.9998710415502796,0.004271004781146068,4.271004781146068,0.36558531056905386,3.2861786956713885,2.7034901149041017,0.08559702676590164,0.7694158316511145,0.6329869090379842,24.503188789884803,0.003501258611740536,3
000234,20.279047666001137,5,2877.1583926076537,2884.3827511279114,0.9989416414133426,0.9988764806239172,-0.03509564510535106,-35.09564510535106,-4.161103725215541,30.34490449140234,17.134068184655376,0.1185646741276482,-0.8646344696133146,-0.4882106635516134,24.648424874504606,0.003708329692425451,4
000234,20.279047666001137,6,2904.4342455818605,2920.419747695074,0.9996649262980197,0.9995067241102665,-0.014095739930079534,-14.095739930079533,-12.261827631298017,0.6711614893472033,6.920044044078932,0.869895989293329,-0.04761449151846096,-0.49093159198489034,28.149854264219062,0.0007143761320573302,5
000234,20.279047666001137,7,2937.7002853231734,2949.15820684722,1.0001656682767313,1.000103789362865,-0.008370862462598286,-8.370862462598286,-0.7469351088816726,6.70239990675137,-4.958957733318182,0.0892303645196706,-0.8006821204742347,0.5924070256171595,28.13207628590776,0.001246223926997528,6
000234,20.279047666001137,8,2969.468369204371,2979.433000494655,0.9998155989252758,0.9994835689882383,-0.00016745889974049155,-0.16745889974049155,-0.13686413864902686,0.007834598735579913,-0.0961733316299711,0.8172998799175385,-0.046785203699063284,0.5743100652100869,28.0579231763767,0.0031239019448423113,7
000235,20.37423581199255,1,2762.6782471497686,2772.902259762475,0.9992447239653132,0.9992789810434373,-0.004498290431675777,-4.498290431675777,3.6608032849622116,0.21506119382743824,2.6051650234534556,-0.8138210150202394,-0.04780953944481529,-0.5791455805317881,28.057776830812678,0.003214665552417328,0
000235,20.37423581199255,2,2798.5743886005043,2811.2059239306122,0.9999521092730627,0.9998775578453036,-0.00865604943991125,-8.65604943991125,-0.7750087241968735,-7.145043219049128,4.824407816667936,0.08953376821341487,0.8254392801992112,-0.5573452243033168,28.128993772385627,0.0011798185940266137,1
000235,20.37423581199255,3,2834.900998297384,2846.566788581379,1.0003709847475413,0.9998434568633899,0.009051122702091642,9.051122702091641,-6.830073328451034,-0.4197341469021435,5.9242504793623345,-0.7546106216052798,-0.0463737108331485,0.6545321143412726,28.137665297567242,0.0009382782073639079,2
000235,20.37423581199255,4,2869.0592264031256,2875.751831132393,0.9993915315115237,0.9996486984389494,0.005774238500359934,5.774238500359934,0.494257647468009,4.442790517906323,3.6550173803909596,0.08559702676590164,0.7694158316511145,0.6329869090379842,24.503188789884803,0.003501258611740536,3
000235,20.37423581199255,5,2877.1583926076537,2884.3827511279114,0.9996712203252724,0.9994971397658323,-0.03390402120394935,-33.90402120394935,-4.01981922566313,29.31458539143532,16.552304689048082,0.1185646741276482,-0.8646344696133146,-0.4882106635516134,24.648424874504606,0.003708329692425451,4
000235,20.37423581199255,6,2904.4342455818605,2920.419747695074,0.999550852997485,0.9998321839699611,-0.03595263960889914,-35.95263960889914,-31.275057000289845,1.7118666537242115,17.650286599255878,0.869895989293329,-0.04761449151846096,-0.49093159198489034,28.149854264219062,0.0007143761320573302,5
000235,20.37423581199255,7,2937.7002853231734,2949.15820684722,1.0001725451561825,0.9998013018089967,0.00045328000024113266,0.4532800002411327,0.040446339650992646,-0.3629331917616317,0.26852625671459474,0.0892303645196706,-0.8006821204742347,0.5924070256171595,28.13207628590776,0.001246223926997528,6
000235,20.37423581199255,8,2969.468369204371,2979.433000494655,0.9995480842246961,0.9995409507291633,-0.0038741981726392897,-3.87419817263929,-3.166381701274839,0.18125515067746792,-2.22499100516527,0.8172998799175385,-0.046785203699063284,0.5743100652100869,28.0579231763767,0.0031239019448423113,7
000236,20.451493666507304,1,2762.6782471497686,2772.902259762475,0.9995787533620663,0.9991013050990487,0.0011749461827215354,1.1749461827215355,-0.9561958950165956,-0.0561736358683604,-0.6804648890858721,-0.8138210150202394,-0.04780953944481529,-0.5791455805317881,28.057776830812678,0.003214665552417328,0
000236,20.451493666507304,2,2798.5743886005043,2811.2059239306122,0.9997430172574003,1.0000803019849356,-0.021065570990139067,-21.065570990139065,-1.8860799503143475,-17.388349755085777,11.740795388576501,0.08953376821341487,0.8254392801992112,-0.5573452243033168,28.128993772385627,0.0011798185940266137,1
000236,20.451493666507304,3,2834.900998297384,2846.566788581379,1.0000267239560812,1.0003019231949513,-0.02135410419590526,-21.354104195905258,16.11403384109598,0.9902690530818337,-13.97694696920971,-0.7546106216052798,-0.0463737108331485,0.6545321143412726,28.137665297567242,0.0009382782073639079,2
000236,20.451493666507304,4,2869.0592264031256,2875.751831132393,0.999595427324263,0.9992450935479044,0.01285532646150364,12.855326461503639,1.1003777232097307,9.891091700524402,8.137253361541395,0.08559702676590164,0.7694158316511145,0.6329869090379842,24.503188789884803,0.003501258611740536,3
000236,20.451493666507304,5,2877.1583926076537,2884.3827511279114,0.9996086730985393,0.9987531321904499,-0.026448584608753097,-26.448584608753098,-3.135867815274343,22.86835792521211,12.912481041840339,0.1185646741276482,-0.8646344696133146,-0.4882106635516134,24.648424874504606,0.003708329692425451,4
000236,20.451493666507304,6,2904.4342455818605,2920.419747695074,0.9995761359389738,1.0002085972685257,-0.053413485986890066,-53.413485986890066,-46.4641772341711,2.54325597549421,26.222367709006573,0.869895989293329,-0.04761449151846096,-0.49093159198489034,28.149854264219062,0.0007143761320573302,5
000236,20.451493666507304,7,2937.7002853231734,2949.15820684722,1.0000296088057308,1.000074938282649,-0.011428816162521402,-11.428816162521402,-1.0197974322100876,9.150848759517842,-6.770510989164623,0.0892303645196706,-0.8006821204742347,0.5924070256171595,28.13207628590776,0.001246223926997528,6
000236,20.451493666507304,8,2969.468369204371,2979.433000494655,0.9992799527864459,0.9991966787840375,-0.0030055121205948276,-3.005512120594828,-2.456404695252859,0.14061349678203267,-1.7260958619685218,0.8172998799175385,-0.046785203699063284,0.5743100652100869,28.0579231763767,0.0031239019448423113,7
000237,20.53853633301333,1,2762.6782471497686,2772.902259762475,0.9992400330817252,0.9991824231600454,-0.0034797682763675285,-3.4797682763675284,2.831908550708651,0.16636611866781026,2.015292418532972,-0.8138210150202394,-0.04780953944481529,-0.5791455805317881,28.057776830812678,0.003214665552417328,0
000237,20.53853633301333,2,2798.5743886005043,2811.2059239306122,0.9998878071024687,0.9997578075606217,-0.00698527683326008,-6.98527683326008,-0.6254181568956447,-5.765921881238426,3.8932106834541016,0.08953376821341487,0.8254392801992112,-0.5573452243033168,28.128993772385627,0.0011798185940266137,1
000237,20.53853633301333,3,2834.900998297384,2846.566788581379,1.0003003153780161,0.999723333101272,0.010924327163185636,10.924327163185636,-8.243613311230956,-0.5066015889122801,7.150322955875691,-0.7546106216052798,-0.0463737108331485,0.6545321143412726,28.137665297567242,0.0009382782073639079,2
000237,20.53853633301333,4,2869.0592264031256,2875.751831132393,0.9994283589434417,0.9997892441718487,0.004565287781696943,4.565287781696942,0.39077506044395693,3.512604695281025,2.8897674018052233,0.08559702676590164,0.7694158316511145,0.6329869090379842,24.503188789884803,0.003501258611740536,3
000237,20.53853633301333,5,2877.1583926076537,2884.3827511279114,0.9998923647680543,0.9993634645072323,-0.03002215809684079,-30.02215809684079,-3.559567391360663,25.958192742709013,14.657137725710085,0.1185646741276482,-0.8646344696133146,-0.4882106635516134,24.648424874504606,0.003708329692425451,4
000237,20.53853633301333,6,2904.4342455818605,2920.419747695074,0.99933028006443,0.9999634842976638,-0.05345042875415598,-53.45042875415598,-46.49631359924912,2.5450149865728617,26.240504080552753,0.869895989293329,-0.04761449151846096,-0.49093159198489034,28.149854264219062,0.0007143761320573302,5
000237,20.53853633301333,7,2937.7002853231734,2949.15820684722,1.0002271659453617,0.9996658152748863,0.005875797663103738,5.875797663103738,0.5242995673225752,-4.704646132371454,3.4808638167275423,0.0892303645196706,-0.8006821204742347,0.5924070256171595,28.13207628590776,0.001246223926997528,6
000237,20.53853633301333,8,2969.468369204371,2979.433000494655,0.9992638180944864,0.9992457117833247,-0.0037490094619303145,-3.7490094619303145,-3.0640649830453617,0.1753981713461254,-2.1530938685544316,0.8172998799175385,-0.046785203699063284,0.5743100652100869,28.0579231763767,0.0031239019448423113,7
000238,20.63133777037729,1,2762.6782471497686,2772.902259762475,0.9990909644031263,0.9990391945821925,-0.003544517011078928,-3.5445170110789284,2.8846024317127585,0.1694617258539968,2.0527913620861042,-0.8138210150202394,-0.04780953944481529,-0.5791455805317881,28.057776830812678,0.003214665552417328,0
000238,20.63133777037729,2,2798.5743886005043,2811.2059239306122,0.9998980673347131,0.9998418522758538,-0.009208564225435886,-9.208564225435886,-0.8244774549385209,-7.601110625912005,5.132349293737062,0.08953376821341487,0.8254392801992112,-0.5573452243033168,28.128993772385627,0.0011798185940266137,1
000238,20.63133777037729,3,2834.900998297384,2846.566788581379,0.9998671320301422,1.0003459841587676,-0.02906794884355654,-29.06794884355654,21.934982945626675,1.3479886541838444,-19.02590601613701,-0.7546106216052798,-0.0463737108331485,0.6545321143412726,28.137665297567242,0.0009382782073639079,2
000238,20.63133777037729,4,2869.0592264031256,2875.751831132393,0.9996569722108725,0.9999034853343782,0.005898420286830388,5.8984202868303885,0.504887239168358,4.538337950419408,3.7336228255677075,0.08559702676590164,0.7694158316511145,0.6329869090379842,24.503188789884803,0.003501258611740536,3
000238,20.63133777037729,5,2877.1583926076537,2884.3827511279114,0.9997247396535911,0.9986645093074795,-0.02420920394646541,-24.20920394646541,-2.8703563768024467,20.932112214012683,11.819191522760217,0.1185646741276482,-0.8646344696133146,-0.4882106635516134,24.648424874504606,0.003708329692425451,4
000238,20.63133777037729,6,2904.4342455818605,2920.419747695074,0.9994639936091092,0.9996883280169517,-0.03311834106682148,-33.11834106682148,-28.809512066076557,1.5769129698316684,16.25883990383324,0.869895989293329,-0.04761449151846096,-0.49093159198489034,28.149854264219062,0.0007143761320573302,5
000238,20.63133777037729,7,2937.7002853231734,2949.15820684722,1.0003157295525957,1.0001856604926824,-0.006425843906894317,-6.425843906894317,-0.5733803941586841,5.145058325208582,-3.80671507596341,0.0892303645196706,-0.8006821204742347,0.5924070256171595,28.13207628590776,0.001246223926997528,6
000238,20.63133777037729,8,2969.468369204371,2979.433000494655,0.9996287729330533,0.9991587682710317,0.0014066929419892038,1.4066929419892038,1.1496899725686252,-0.06581241583299952,0.8078779152443886,0.8172998799175385,-0.046785203699063284,0.5743100652100869,28.0579231763767,0.0031239019448423113,7
000239,20.71473166591022,1,2762.6782471497686,2772.902259762475,0.9993920130160646,0.998872633209072,0.0016398378917793146,1.6398378917793146,-1.3345345375564914,-0.07839989437012589,-0.9497048678125547,-0.8138210150202394,-0.04780953944481529,-0.5791455805317881,28.057776830812678,0.003214665552417328,0
000239,20.71473166591022,2,2798.5743886005043,2811.2059239306122,1.0002256999306676,0.9996122900690173,0.007580930392801822,7.580930392801822,0.6787492646311504,6.257597726674659,-4.225195350203963,0.08953376821341487,0.8254392801992112,-0.5573452243033168,28.128993772385627,0.0011798185940266137,1
000239,20.71473166591022,3,2834.900998297384,2846.566788581379,1.0002510888681724,0.9998987715067902,0.0024146013401864282,2.414601340186428,-1.8220838182470225,-0.11197402432713825,1.580434120483493,-0.7546106216052798,-0.0463737108331485,0.6545321143412726,28.137665297567242,0.0009382782073639079,2
000239,20.71473166591022,4,2869.0592264031256,2875.751831132393,0.9997293970900177,0.9996413243893327,0.009798385565698018,9.798385565698018,0.8387126715296775,7.539032978869816,6.202249792793587,0.08559702676590164,0.7694158316511145,0.6329869090379842,24.503188789884803,0.003501258611740536,3
000239,20.71473166591022,5,2877.1583926076537,2884.3827511279114,0.9996348974227954,0.9992256541096237,-0.031331250824171875,-31.331250824171875,-3.7147795439795477,27.090079438679574,15.296250754770986,0.1185646741276482,-0.8646344696133146,-0.4882106635516134,24.648424874504606,0.003708329692425451,4
000239,20.71473166591022,6,2904.4342455818605,2920.419747695074,0.9994950572538284,0.9996487216081372,-0.029604093655826166,-29.604093655826166,-25.75248233786727,1.4095838662870588,14.533584827724532,0.869895989293329,-0.04761449151846096,-0.49093159198489034,28.149854264219062,0.0007143761320573302,5
000239,20.71473166591022,7,2937.7002853231734,2949.15820684722,1.000135405677224,0.999782231223176,-6.210725834627759e-05,-0.06210725834627759,-0.005541853301555703,0.04972817130953865,-0.03679277618615481,0.0892303645196706,-0.8006821204742347,0.5924070256171595,28.13207628590776,0.001246223926997528,6
000239,20.71473166591022,8,2969.468369204371,2979.433000494655,0.9994676377986651,0.9995214233182731,-0.0045692224235760566,-4.569222423576057,-3.734424938105235,0.21377200183333342,-2.6241504280433565,0.8172998799175385,-0.046785203699063284,0.5743100652100869,28.0579231763767,0.0031239019448423113,7
000240,20.78825987444725,1,2762.6782471497686,2772.902259762475,0.999366727292723,0.9995275986818627,-0.005902053276045608,-5.902053276045608,4.803214987814966,0.28217444890650384,3.4181480708849756,-0.8138210150202394,-0.04780953944481529,-0.5791455805317881,28.057776830812678,0.003214665552417328,0
000240,20.78825987444725,2,2798.5743886005043,2811.2059239306122,0.9997056629626058,0.9995371398394164,-0.005824477309676316,-5.824477309676316,-0.5214874014088535,-4.807752358035857,3.2462446126111253,0.08953376821341487,0.8254392801992112,-0.5573452243033168,28.128993772385627,0.0011798185940266137,1
000240,20.78825987444725,3,2834.900998297384,2846.566788581379,1.0005022922843791,1.0001942668607722,0.0007369373131648988,0.7369373131648987,-0.556100723971489,-0.03417451786286641,0.4823491377227977,-0.7546106216052798,-0.0463737108331485,0.6545321143412726,28.137665297567242,0.0009382782073639079,2
000240,20.78825987444725,4,2869.0592264031256,2875.751831132393,0.9995343130606879,0.9992986198713968,0.011519064501829076,11.519064501829076,0.9859976724812108,8.862950593517649,7.291417034021953,0.08559702676590164,0.7694158316511145,0.6329869090379842,24.503188789884803,0.003501258611740536,3
000240,20.78825987444725,5,2877.1583926076537,2884.3827511279114,0.9997688581084488,0.9991554364843092,-0.029097462087155416,-29.097462087155417,-3.4499311103051804,25.158668698821153,14.20569127323806,0.1185646741276482,-0.8646344696133146,-0.4882106635516134,24.648424874504606,0.003708329692425451,4
000240,20.78825987444725,6,2904.4342455818605,2920.419747695074,0.9996623549665106,1.0003487226958436,-0.05609411825465126,-56.09411825465126,-48.79604849266684,2.6708929178716385,27.53837477574464,0.869895989293329,-0.04761449151846096,-0.49093159198489034,28.149854264219062,0.0007143761320573302,5
000240,20.78825987444725,7,2937.7002853231734,2949.15820684722,0.9996199054269721,0.9996280161858397,-0.01036720973660187,-10.36720973660187,-0.9250699038488632,8.300839475303517,-6.14160788400957,0.0892303645196706,-0.8006821204742347,0.5924070256171595,28.13207628590776,0.001246223926997528,6
000240,20.78825987444725,8,2969.468369204371,2979.433000494655,0.9989296889030972,0.9992924705052606,-0.008094554708151144,-8.094554708151144,-6.615678590957876,0.378705390874063,-4.648784242284899,0.8172998799175385,-0.046785203699063284,0.5743100652100869,28.0579231763767,0.0031239019448423113,7
000241,20.862722541438416,1,2762.6782471497686,2772.902259762475,0.9996827446445348,0.9997149003261198,-0.004474992414577778,-4.474992414577778,3.6418428690395594,0.2139473263600055,2.5916720798159956,-0.8138210150202394,-0.04780953944481529,-0.5791455805317881,28.057776830812678,0.003214665552417328,0
000241,20.862722541438416,2,2798.5743886005043,2811.2059239306122,0.9995602426509375,0.9995890084831894,-0.011769223813105648,-11.769223813105647,-1.0537429569344037,-9.714779632793341,6.559520685991305,0.08953376821341487,0.8254392801992112,-0.5573452243033168,28.128993772385627,0.0011798185940266137,1
000241,20.862722541438416,3,2834.900998297384,2846.566788581379,1.0000357773331556,0.9997382561954217,0.00033906213714210654,0.33906213714210653,-0.25585989007161963,-0.015723569502297387,0.22192705751669353,-0.7546106216052798,-0.0463737108331485,0.6545321143412726,28.137665297567242,0.0009382782073639079,2
000241,20.862722541438416,4,2869.0592264031256,2875.751831132393,0.9994860801925705,0.9993385020941625,0.010491986334905442,10.491986334905443,0.8980828351363753,8.072700391543398,6.641289999800564,0.08559702676590164,0.7694158316511145,0.6329869090379842,24.503188789884803,0.003501258611740536,3
000241,20.862722541438416,5,2877.1583926076537,2884.3827511279114,0.9994602220920783,0.9988650401913238,-0.02929701163025347,-29.29701163025347,-3.473590636854922,25.331206112179316,14.303113488085382,0.1185646741276482,-0.8646344696133146,-0.4882106635516134,24.648424874504606,0.003708329692425451,4
000241,20.862722541438416,6,2904.4342455818605,2920.419747695074,0.9993477601694033,1.0002714756458007,-0.06789683615168604,-67.89683615168605,-59.063185454057994,3.232873329074788,33.33270186268449,0.869895989293329,-0.04761449151846096,-0.49093159198489034,28.149854264219062,0.0007143761320573302,5
000241,20.862722541438416,7,2937.7002853231734,2949.15820684722,0.9999835651289593,0.9999889072260255,-0.010288237936564514,-10.288237936564514,-0.9180232213447552,8.23760816699194,-6.094824434841806,0.0892303645196706,-0.8006821204742347,0.5924070256171595,28.13207628590776,0.001246223926997528,6
000241,20.862722541438416,8,2969.468369204371,2979.433000494655,0.9991971516901605,0.9992359120199358,-0.004397800228313087,-4.397800228313087,-3.594321598501609,0.20575197950941476,-2.5257009359034237,0.8172998799175385,-0.046785203699063284,0.5743100652100869,28.0579231763767,0.0031239019448423113,7
000242,20.944029166479595,1,2762.6782471497686,2772.902259762475,0.9995274263751123,0.9988838607651522,0.0030166760596427133,3.0166760596427133,-2.4550343728456894,-0.14422589306571826,-1.7470946078381262,-0.8138210150202394,-0.04780953944481529,-0.5791455805317881,28.057776830812678,0.003214665552417328,0
000242,20.944029166479595,2,2798.5743886005043,2811.2059239306122,0.9997647027504958,1.0001949833639896,-0.023867739852804316,-23.867739852804316,-2.136968687759066,-19.70137000408082,13.302570821874435,0.08953376821341487,0.8254392801992112,-0.5573452243033168,28.128993772385627,0.0011798185940266137,1
000242,20.944029166479595,3,2834.900998297384,2846.566788581379,1.0001987881478138,0.999993113625525,-0.0031398500639449054,-3.1398500639449054,2.3693642085008424,0.14560649892482389,-2.055132701068439,-0.7546106216052798,-0.0463737108331485,0.6545321143412726,28.137665297567242,0.0009382782073639079,2
000242,20.944029166479595,4,2869.0592264031256,2875.751831132393,0.9995063919361212,0.9994938594000019,0.008917881976884513,8.917881976884514,0.7633441822705355,6.861559577811082,5.644902547713676,0.08559702676590164,0.7694158316511145,0.6329869090379842,24.503188789884803,0.003501258611740536,3
000242,20.944029166479595,5,2877.1583926076537,2884.3827511279114,1.0002729819538718,0.9990116045820916,-0.022008578628855347,-22.008578628855346,-2.6094399531429566,19.029375709703274,10.744822776221328,0.1185646741276482,-0.8646344696133146,-0.4882106635516134,24.648424874504606,0.003708329692425451,4
000242,20.944029166479595,6,2904.4342455818605,2920.419747695074,0.9995293267554033,0.9998811031323198,-0.03945571577472421,-39.45571577472421,-34.32236890713013,1.878663844110412,19.370057358188706,0.869895989293329,-0.04761449151846096,-0.49093159198489034,28.149854264219062,0.0007143761320573302,5
000242,20.944029166479595,7,2937.7002853231734,2949.15820684722,0.9999292627859403,1.0001180269009404,-0.015520067593589796,-15.520067593589795,-1.3848612887459446,12.42664063073893,-9.194197080495798,0.0892303645196706,-0.8006821204742347,0.5924070256171595,28.13207628590776,0.001246223926997528,6
000242,20.944029166479595,8,2969.468369204371,2979.433000494655,0.9993036431645445,0.999328715434254,-0.004241633329160541,-4.241633329160541,-3.4666864105771387,0.19844567932151183,-2.436012713867468,0.8172998799175385,-0.046785203699063284,0.5743100652100869,28.0579231763767,0.0031239019448423113,7
000243,21.018005853518844,1,2762.6782471497686,2772.902259762475,0.9990940631695227,0.9994378526713713,-0.007930051913194514,-7.9300519131945135,6.453642897159151,0.379132129743306,4.592654518914253,-0.8138210150202394,-0.04780953944481529,-0.5791455805317881,28.057776830812678,0.003214665552417328,0
000243,21.018005853518844,2,2798.5743886005043,2811.2059239306122,1.000223363715102,0.9997163977470891,0.004373543729432555,4.373543729432555,0.3915798505422484,3.6100947879425815,-2.437573710880952,0.08953376821341487,0.8254392801992112,-0.5573452243033168,28.128993772385627,0.0011798185940266137,1
000243,21.018005853518844,3,2834.900998297384,2846.566788581379,1.0003089511627425,1.0001001396422682,-0.003021028687570816,-3.021028687570816,2.279700335815196,0.14009631077605517,-1.977360294361366,-0.7546106216052798,-0.0463737108331485,0.6545321143412726,28.137665297567242,0.0009382782073639079,2
000243,21.018005853518844,4,2869.0592264031256,2875.751831132393,0.9998813078333117,0.9994838263186582,0.013404885136836533,13.404885136836533,1.147418311851634,10.313930845746746,8.485116808775372,0.08559702676590164,0.7694158316511145,0.6329869090379842,24.503188789884803,0.003501258611740536,3
000243,21.018005853518844,5,2877.1583926076537,2884.3827511279114,0.9998758283434506,0.9988152222558209,-0.0242050931906891,-24.2050931906891,-2.8698689863834095,20.928557912872325,11.817184607954966,0.1185646741276482,-0.8646344696133146,-0.4882106635516134,24.648424874504606,0.003708329692425451,4
000243,21.018005853518844,6,2904.4342455818605,2920.419747695074,0.9994253190680906,0.9999245985223985,-0.04679067990616163,-46.79067990616163,-40.70302478667796,2.227914431534954,22.971022976387346,0.869895989293329,-0.04761449151846096,-0.49093159198489034,28.149854264219062,0.0007143761320573302,5
000243,21.018005853518844,7,2937.7002853231734,2949.15820684722,0.9999338383331182,1.000175942818675,-0.017041519247749163,-17.041519247749164,-1.5206209744456405,13.644839767390286,-10.095515729556656,0.0892303645196706,-0.8006821204742347,0.5924070256171595,28.13207628590776,0.001246223926997528,6
000243,21.018005853518844,8,2969.468369204371,2979.433000494655,0.9992734731209997,0.9993631254226808,-0.004978426073475171,-4.978426073475171,-4.068867032029599,0.23291667794826365,-2.859160202901122,0.8172998799175385,-0.046785203699063284,0.5743100652100869,28.0579231763767,0.0031239019448423113,7
000244,21.09141193702817,1,2762.6782471497686,2772.902259762475,0.9996203265179174,0.9986943546391591,0.006147692008601139,6.147692008601139,-5.003120950471593,-0.29391832357979186,-3.560408657251941,-0.8138210150202394,-0.04780953944481529,-0.5791455805317881,28.057776830812678,0.003214665552417328,0
000244,21.09141193702817,2,2798.5743886005043,2811.2059239306122,1.000053649120491,0.9997465484091269,-0.001648832348141079,-1.648832348141079,-0.14762617328124394,-1.3610109866187474,0.9189688349132541,0.08953376821341487,0.8254392801992112,-0.5573452243033168,28.128993772385627,0.0011798185940266137,1
000244,21.09141193702817,3,2834.900998297384,2846.566788581379,1.0001475396415753,1.0000412446589566,-0.006904089948246306,-6.904089948246305,5.209899607464909,0.32016827082602134,-4.518948591427981,-0.7546106216052798,-0.0463737108331485,0.6545321143412726,28.137665297567242,0.0009382782073639079,2
000244,21.09141193702817,4,2869.0592264031256,2875.751831132393,0.9997501249931586,0.9994641611968357,0.012105023642345978,12.105023642345978,1.036154032715761,9.313796832932033,7.662321499200301,0.08559702676590164,0.7694158316511145,0.6329869090379842,24.503188789884803,0.003501258611740536,3
000244,21.09141193702817,5,2877.1583926076537,2884.3827511279114,0.9997035909903579,0.9987067585458047,-0.024902801213384985,-24.902801213384986,-2.952592510730593,21.531820319020934,12.157813104680608,0.1185646741276482,-0.8646344696133146,-0.4882106635516134,24.648424874504606,0.003708329692425451,4
000244,21.09141193702817,6,2904.4342455818605,2920.419747695074,0.9991503007072489,0.9997357059246815,-0.05107350162409381,-51.073501624093815,-44.42863422196553,2.4318388098985166,25.073595460559257,0.869895989293329,-0.04761449151846096,-0.49093159198489034,28.149854264219062,0.0007143761320573302,5
000244,21.09141193702817,7,2937.7002853231734,2949.15820684722,1.000257103025438,0.999960391978852,-0.001672638714845499,-1.6726387148454989,-0.14925016223537727,1.3392519129897928,-0.9908829259937303,0.0892303645196706,-0.8006821204742347,0.5924070256171595,28.13207628590776,0.001246223926997528,6
000244,21.09141193702817,8,2969.468369204371,2979.433000494655,0.9992349656061589,0.9991441568575526,-0.002919548299281264,-2.919548299281264,-2.3861464744160306,0.1365916618911277,-1.676725974144221,0.8172998799175385,-0.046785203699063284,0.5743100652100869,28.0579231763767,0.0031239019448423113,7
000245,21.165036479011174,1,2762.6782471497686,2772.902259762475,0.999321906617297,0.9989489903914197,1.600776093689264e-05,0.01600776093689264,-0.013027452253863307,-0.000765323677935542,-0.009270824000810769,-0.8138210150202394,-0.04780953944481529,-0.5791455805317881,28.057776830812678,0.003214665552417328,0
000245,21.165036479011174,2,2798.5743886005043,2811.2059239306122,0.9998000017215756,0.9997223188103952,-0.008561691014838948,-8.561691014838948,-0.766560458837467,-7.067156068576716,4.771817599081105,0.08953376821341487,0.8254392801992112,-0.5573452243033168,28.128993772385627,0.0011798185940266137,1
000245,21.165036479011174,3,2834.900998297384,2846.566788581379,0.9999406955708005,1.0003165261764164,-0.025165760051567863,-25.16576005156786,18.99034983568294,1.1670296795278083,-16.471798135557844,-0.7546106216052798,-0.0463737108331485,0.6545321143412726,28.137665297567242,0.0009382782073639079,2
000245,21.165036479011174,4,2869.0592264031256,2875.751831132393,0.9997681594722717,0.9999073775415169,0.007149061993550665,7.149061993550665,0.6119384508130464,5.5006014792931595,4.525262653818565,0.08559702676590164,0.7694158316511145,0.6329869090379842,24.503188789884803,0.003501258611740536,3
000245,21.165036479011174,5,2877.1583926076537,2884.3827511279114,0.999829963395055,0.9988299132090024,-0.02486759789190546,-24.86759789190546,-2.9484186403911625,21.50138231382486,12.140626467741868,0.1185646741276482,-0.8646344696133146,-0.4882106635516134,24.648424874504606,0.003708329692425451,4
000245,21.165036479011174,6,2904.4342455818605,2920.419747695074,0.9990849714294194,1.0001774987842427,-0.07629143438728428,-76.29143438728428,-66.36561279093375,3.632577855564568,37.45387533856027,0.869895989293329,-0.04761449151846096,-0.49093159198489034,28.149854264219062,0.0007143761320573302,5
000245,21.165036479011174,7,2937.7002853231734,2949.15820684722,1.000028922285504,0.999900003771581,-0.006458661453559813,-6.458661453559813,-0.5763087158102878,5.171334748061474,-3.826156421171569,0.0892303645196706,-0.8006821204742347,0.5924070256171595,28.13207628590776,0.001246223926997528,6
000245,21.165036479011174,8,2969.468369204371,2979.433000494655,0.9998292336613963,0.999096321507893,0.004406201090805159,4.406201090805158,3.6011876224075836,-0.2061450155723542,2.5305256357890666,0.8172998799175385,-0.046785203699063284,0.5743100652100869,28.0579231763767,0.0031239019448423113,7
000246,21.29029670788441,1,2762.6782471497686,2772.902259762475,0.9996705915525158,0.9992595515985022,0.00043868251718918723,0.4386825171891872,-0.35700905141053796,-0.020973209109307306,-0.25406104108667793,-0.8138210150202394,-0.04780953944481529,-0.5791455805317881,28.057776830812678,0.003214665552417328,0
000246,21.29029670788441,2,2798.5743886005043,2811.2059239306122,0.9997752375336122,1.0002794371081543,-0.02609507936223427,-26.09507936223427,-2.336390787128949,-21.53990352550395,14.543967860357313,0.08953376821341487,0.8254392801992112,-0.5573452243033168,28.128993772385627,0.0011798185940266137,1
000246,21.29029670788441,3,2834.900998297384,2846.566788581379,1.000300766513215,0.9999837156625981,0.0010787971410187388,1.078797141018739,-0.8140717811701491,-0.05002782666523032,0.706107373656315,-0.7546106216052798,-0.0463737108331485,0.6545321143412726,28.137665297567242,0.0009382782073639079,2
000246,21.29029670788441,4,2869.0592264031256,2875.751831132393,0.9993325787650983,0.9994235082660762,0.007711918295261279,7.711918295261279,0.6601172767359262,5.933672028773902,4.8815433244709165,0.08559702676590164,0.7694158316511145,0.6329869090379842,24.503188789884803,0.003501258611740536,3
000246,21.29029670788441,5,2877.1583926076537,2884.3827511279114,0.9995148095036638,0.9992373509576205,-0.03277302653054402,-32.77302653054402,-3.885723210770721,28.336688411860017,16.00014102907153,0.1185646741276482,-0.8646344696133146,-0.4882106635516134,24.648424874504606,0.003708329692425451,4
000246,21.29029670788441,6,2904.4342455818605,2920.419747695074,0.9994941177675856,0.9999783123571399,-0.046040546798082095,-46.0405467980821,-40.05048700452343,2.1921972250225847,22.602758935437286,0.869895989293329,-0.04761449151846096,-0.49093159198489034,28.149854264219062,0.0007143761320573302,5
000246,21.29029670788441,7,2937.7002853231734,2949.15820684722,0.9999023116978307,0.9997455049045587,-0.005663191375189262,-5.663191375189262,-0.5053286307527926,4.5344160789379355,-3.354914358076622,0.0892303645196706,-0.8006821204742347,0.5924070256171595,28.13207628590776,0.001246223926997528,6
000246,21.29029670788441,8,2969.468369204371,2979.433000494655,0.9991047936263694,0.9990509490234355,-0.003341271756202608,-3.341271756202608,-2.7308210051162547,0.15632207972786594,-1.9189260001893413,0.8172998799175385,-0.046785203699063284,0.5743100652100869,28.0579231763767,0.0031239019448423113,7
000247,21.36418622895144,1,2762.6782471497686,2772.902259762475,0.9996001925727445,0.9994146544251377,-0.002061438161374567,-2.061438161374567,1.6776416968913064,0.09855640908928487,1.1938728006996555,-0.8138210150202394,-0.04780953944481529,-0.5791455805317881,28.057776830812678,0.003214665552417328,0
000247,21.36418622895144,2,2798.5743886005043,2811.2059239306122,0.9996324947214307,0.9996768509326385,-0.012238995932773567,-12.238995932773568,-1.0958034250098758,-10.102547993109686,6.821345933399066,0.08953376821341487,0.8254392801992112,-0.5573452243033168,28.128993772385627,0.0011798185940266137,1
000247,21.36418622895144,3,2834.900998297384,2846.566788581379,0.999734152693663,1.0003511345889518,-0.03429994708594745,-34.29994708594745,25.88310439155501,1.5906158277560216,-22.450416887958955,-0.7546106216052798,-0.0463737108331485,0.6545321143412726,28.137665297567242,0.0009382782073639079,2
000247,21.36418622895144,4,2869.0592264031256,2875.751831132393,0.9993961292659113,0.9996070491148111,0.0063132989968292955,6.313298996829295,0.5403996232127372,4.857552198107559,3.9962356178355822,0.08559702676590164,0.7694158316511145,0.6329869090379842,24.503188789884803,0.003501258611740536,3
000247,21.36418622895144,5,2877.1583926076537,2884.3827511279114,1.0000888323247232,0.9992052100827851,-0.02614136408677671,-26.14136408677671,-3.0994423142008865,22.602724472138732,12.762492706949574,0.1185646741276482,-0.8646344696133146,-0.4882106635516134,24.648424874504606,0.003708329692425451,4
000247,21.36418622895144,6,2904.4342455818605,2920.419747695074,0.9992525266674164,0.999887227249562,-0.053524838493877576,-53.524838493877574,-46.561042333397296,2.5485579684937267,26.277034172533458,0.869895989293329,-0.04761449151846096,-0.49093159198489034,28.149854264219062,0.0007143761320573302,5
000247,21.36418622895144,7,2937.7002853231734,2949.15820684722,0.9998765971045681,1.000681116278083,-0.033083529237343555,-33.083529237343555,-2.9520553734453454,26.489390342527578,-19.598915152413028,0.0892303645196706,-0.8006821204742347,0.5924070256171595,28.13207628590776,0.001246223926997528,6
000247,21.36418622895144,8,2969.468369204371,2979.433000494655,0.9992549093929287,0.9995616949852,-0.007455696960028189,-7.455696960028189,-6.093540230132596,0.3488163009934057,-4.2818818073004365,0.8172998799175385,-0.046785203699063284,0.5743100652100869,28.0579231763767,0.0031239019448423113,7
000248,21.43768635392189,1,2762.6782471497686,2772.902259762475,0.9991579729554511,0.9995443051247169,-0.008401719099483746,-8.401719099483746,6.837495565456794,0.40168232069102616,4.865818485335526,-0.8138210150202394,-0.04780953944481529,-0.5791455805317881,28.057776830812678,0.003214665552417328,0
000248,21.43768635392189,2,2798.5743886005043,2811.2059239306122,0.9998171038108458,1.0000461190627654,-0.01780317556027797,-17.80317556027797,-1.5939853940766602,-14.695440419736036,9.922514875954453,0.08953376821341487,0.8254392801992112,-0.5573452243033168,28.128993772385627,0.0011798185940266137,1
000248,21.43768635392189,3,2834.900998297384,2846.566788581379,0.9999950432584617,1.0002932089937622,-0.02222401567016849,-22.22401567016849,16.770478279431323,1.0306100762397545,-14.546331965748955,-0.7546106216052798,-0.0463737108331485,0.6545321143412726,28.137665297567242,0.0009382782073639079,2
000248,21.43768635392189,4,2869.0592264031256,2875.751831132393,0.9990636984890154,0.9997468579635556,0.0008088274677177505,0.8088274677177505,0.06923322640323275,0.6223246587363179,0.5119771987356788,0.08559702676590164,0.7694158316511145,0.6329869090379842,24.503188789884803,0.003501258611740536,3
000248,21.43768635392189,5,2877.1583926076537,2884.3827511279114,0.9993799877315683,0.9994060244905638,-0.036093381130986465,-36.093381130986465,-4.279399971960418,31.2075814507417,17.621173551780185,0.1185646741276482,-0.8646344696133146,-0.4882106635516134,24.648424874504606,0.003708329692425451,4
000248,21.43768635392189,6,2904.4342455818605,2920.419747695074,0.9995082236195814,0.9999402366818446,-0.04344568818379077,-43.44568818379077,-37.79322990316817,2.068644351540805,21.328860864947544,0.869895989293329,-0.04761449151846096,-0.49093159198489034,28.149854264219062,0.0007143761320573302,5
000248,21.43768635392189,7,2937.7002853231734,2949.15820684722,1.0000404075408085,1.000064915039317,-0.010834901400330537,-10.834901400330537,-0.9668022014861833,8.67531182834591,-6.41867171142501,0.0892303645196706,-0.8006821204742347,0.5924070256171595,28.13207628590776,0.001246223926997528,6
000248,21.43768635392189,8,2969.468369204371,2979.433000494655,0.9993134756782329,0.9995676748640621,-0.006855739333293684,-6.855739333293684,-5.603194933846874,0.3207471612158253,-3.937320103567253,0.8172998799175385,-0.046785203699063284,0.5743100652100869,28.0579231763767,0.0031239019448423113,7
000249,21.51018029137049,1,2762.6782471497686,2772.902259762475,0.999163620028055,0.9995689683023827,-0.00861254915112892,-8.61254915112892,7.00907349208344,0.41176200836130855,4.987919777989118,-0.8138210150202394,-0.04780953944481529,-0.5791455805317881,28.057776830812678,0.003214665552417328,0
000249,21.51018029137049,2,2798.5743886005043,2811.2059239306122,1.0000593107874691,0.9998982276374527,-0.006048659927536318,-6.048659927536319,-0.5415593159538075,-4.9928014967553915,3.3711917240472133,0.08953376821341487,0.8254392801992112,-0.5573452243033168,28.128993772385627,0.0011798185940266137,1
000249,21.51018029137049,3,2834.900998297384,2846.566788581379,1.0001590880414337,1.0004983630244382,-0.023781127630382214,-23.781127630382215,17.945491503637218,1.1028191360175428,-15.565511749333728,-0.7546106216052798,-0.0463737108331485,0.6545321143412726,28.137665297567242,0.0009382782073639079,2
000249,21.51018029137049,4,2869.0592264031256,2875.751831132393,0.9993817652593086,0.9990906249269164,0.01216536185596776,12.16536185596776,1.0413188044021513,9.36022200974618,7.700514798537626,0.08559702676590164,0.7694158316511145,0.6329869090379842,24.503188789884803,0.003501258611740536,3
000249,21.51018029137049,5,2877.1583926076537,2884.3827511279114,0.9992311285506232,0.9992421466434085,-0.03592907118412493,-35.92907118412493,-4.259918616654848,31.065513406984884,17.540955683594785,0.1185646741276482,-0.8646344696133146,-0.4882106635516134,24.648424874504606,0.003708329692425451,4
000249,21.51018029137049,6,2904.4342455818605,2920.419747695074,0.9993541384010736,1.000041228650893,-0.05613004741589993,-56.13004741589993,-48.827303125935735,2.6726036666151782,27.556013536075135,0.869895989293329,-0.04761449151846096,-0.49093159198489034,28.149854264219062,0.0007143761320573302,5
000249,21.51018029137049,7,2937.7002853231734,2949.15820684722,1.0006836575179927,0.9999447266504082,0.01094099840727427,10.94099840727427,0.9762692760902186,-8.760261804841587,6.48152432373543,0.0892303645196706,-0.8006821204742347,0.5924070256171595,28.13207628590776,0.001246223926997528,6
000249,21.51018029137049,8,2969.468369204371,2979.433000494655,0.9995550494053456,0.9994583372230992,-0.0028521961017085127,-2.852196101708513,-2.331099531427639,0.133440575608107,-1.6380449291641717,0.8172998799175385,-0.046785203699063284,0.5743100652100869,28.0579231763767,0.0031239019448423113,7
000250,21.60181774944067,1,2762.6782471497686,2772.902259762475,0.9997963384726213,0.9992312708766049,0.0021463747923761265,2.1463747923761263,-1.7467649121453948,-0.10261719029946365,-1.243063475169468,-0.8138210150202394,-0.04780953944481529,-0.5791455805317881,28.057776830812678,0.003214665552417328,0
000250,21.60181774944067,2,2798.5743886005043,2811.2059239306122,0.9994596003045575,0.999644020617735,-0.01645943279695584,-16.45943279695584,-1.473675040966923,-13.586262360406518,9.17358626412472,0.08953376821341487,0.8254392801992112,-0.5573452243033168,28.128993772385627,0.0011798185940266137,1
000250,21.60181774944067,3,2834.900998297384,2846.566788581379,1.0000129847056074,1.0004823170379213,-0.028707363585413502,-28.707363585413503,21.662881479837658,1.3312669776920227,-18.789891384724356,-0.7546106216052798,-0.0463737108331485,0.6545321143412726,28.137665297567242,0.0009382782073639079,2
000250,21.60181774944067,4,2869.0592264031256,2875.751831132393,0.9991013396096822,0.9995772629105822,0.0032243926928025627,3.224392692802563,0.27599842762959864,2.48089878530246,2.040998364141757,0.08559702676590164,0.7694158316511145,0.6329869090379842,24.503188789884803,0.003501258611740536,3
000250,21.60181774944067,5,2877.1583926076537,2884.3827511279114,0.9995800759736295,0.999036589441752,-0.029862578718186473,-29.862578718186473,-3.540646914333022,25.820214911285017,14.579229371368108,0.1185646741276482,-0.8646344696133146,-0.4882106635516134,24.648424874504606,0.003708329692425451,4
000250,21.60181774944067,6,2904.4342455818605,2920.419747695074,0.999602542423883,0.9997266749494277,-0.028135548669836002,-28.135548669836002,-24.475000944457594,1.3396598435071516,13.812629699850953,0.869895989293329,-0.04761449151846096,-0.49093159198489034,28.149854264219062,0.0007143761320573302,5
000250,21.60181774944067,7,2937.7002853231734,2949.15820684722,1.0000036929746916,0.9998523650903394,-0.0058194687866882444,-5.819468786688245,-0.5192733211470373,4.659544608159165,-3.447494194593883,0.0892303645196706,-0.8006821204742347,0.5924070256171595,28.13207628590776,0.001246223926997528,6
000250,21.60181774944067,8,2969.468369204371,2979.433000494655,0.9992461015068255,0.9990905468001339,-0.0021808625060943765,-2.1808625060943765,-1.782418664347596,0.10203209658727505,-1.2524912880892949,0.8172998799175385,-0.046785203699063284,0.5743100652100869,28.0579231763767,0.0031239019448423113,7
000251,21.684353061951697,1,2762.6782471497686,2772.902259762475,0.9995003649707521,0.9996823612445147,-0.006136263199768997,-6.1362631997689965,4.993819945667347,0.29337191749312436,3.553789713126063,-0.8138210150202394,-0.04780953944481529,-0.5791455805317881,28.057776830812678,0.003214665552417328,0
000251,21.684353061951697,2,2798.5743886005043,2811.2059239306122,0.9998478909889391,0.9993123768582127,0.0052337621339105765,5.233762133910576,0.4685984457816972,4.320152848549034,-2.9170123304745963,0.08953376821341487,0.8254392801992112,-0.5573452243033168,28.128993772385627,0.0011798185940266137,1
000251,21.684353061951697,3,2834.900998297384,2846.566788581379,1.000565518739848,0.999791674569144,0.01838094645728497,18.38094645728497,-13.870457431825175,-0.8523926958497186,12.030919748280454,-0.7546106216052798,-0.0463737108331485,0.6545321143412726,28.137665297567242,0.0009382782073639079,2
000251,21.684353061951697,4,2869.0592264031256,2875.751831132393,0.9995591556119922,0.9998395724389187,0.0055032353847621895,5.503235384762189,0.47106058652854615,4.234276430338641,3.4834759559090798,0.08559702676590164,0.7694158316511145,0.6329869090379842,24.503188789884803,0.003501258611740536,3
000251,21.684353061951697,5,2877.1583926076537,2884.3827511279114,0.9995035642249351,0.9991279438009706,-0.03169909807915624,-31.69909807915624,-3.758393233895519,27.408132854891694,15.475837707212541,0.1185646741276482,-0.8646344696133146,-0.4882106635516134,24.648424874504606,0.003708329692425451,4
000251,21.684353061951697,6,2904.4342455818605,2920.419747695074,0.9994855801866427,0.9996649464466362,-0.0308821860159347,-30.8821860159347,-26.86428975587213,1.4704395841272564,15.16104074477634,0.869895989293329,-0.04761449151846096,-0.49093159198489034,28.149854264219062,0.0007143761320573302,5
000251,21.684353061951697,7,2937.7002853231734,2949.15820684722,0.9995947427086693,1.000447806423511,-0.03446818727273245,-34.46818727273245,-3.0756089146781878,27.598061274434446,-20.419196300654665,0.0892303645196706,-0.8006821204742347,0.5924070256171595,28.13207628590776,0.001246223926997528,6
000251,21.684353061951697,8,2969.468369204371,2979.433000494655,0.9993518176424574,0.9992160595544355,-0.0024067218708620683,-2.4067218708620683,-1.9670134960504821,0.11259897297527255,-1.382204594597337,0.8172998799175385,-0.046785203699063284,0.5743100652100869,28.0579231763767,0.0031239019448423113,7
000252,21.759080187417567,1,2762.6782471497686,2772.902259762475,0.998927224137973,0.9995748484547635,-0.011298644457120779,-11.298644457120778,9.195074300446834,0.5401829878456595,6.543560003341484,-0.8138210150202394,-0.04780953944481529,-0.5791455805317881,28.057776830812678,0.003214665552417328,0
000252,21.759080187417567,2,2798.5743886005043,2811.2059239306122,0.9999625950326021,1.0004079574419522,-0.024322187254492804,-24.322187254492803,-2.177657076087032,-20.07648874021897,13.555854910902564,0.08953376821341487,0.8254392801992112,-0.5573452243033168,28.128993772385627,0.0011798185940266137,1
000252,21.759080187417567,3,2834.900998297384,2846.566788581379,1.000093901853993,0.9999210709490286,-0.004383881327200169,-4.383881327200169,3.3081234133622983,0.20329684499441988,-2.869391114113551,-0.7546106216052798,-0.0463737108331485,0.6545321143412726,28.137665297567242,0.0009382782073639079,2
000252,21.759080187417567,4,2869.0592264031256,2875.751831132393,0.9993574474860133,0.99953632181341,0.006686824747681942,6.686824747681942,0.5723723169062246,5.144948824342955,4.23267252831389,0.08559702676590164,0.7694158316511145,0.6329869090379842,24.503188789884803,0.003501258611740536,3
000252,21.759080187417567,5,2877.1583926076537,2884.3827511279114,0.999966747467288,0.9994943401878698,-0.030640212898949432,-30.640212898949432,-3.6328468575657022,26.492584228722183,14.958878670758807,0.1185646741276482,-0.8646344696133146,-0.4882106635516134,24.648424874504606,0.003708329692425451,4
000252,21.759080187417567,6,2904.4342455818605,2920.419747695074,0.9996502756569298,0.999651674080417,-0.022032284573811914,-22.032284573811914,-19.165795985728266,1.0490560269720857,10.816344540885625,0.869895989293329,-0.04761449151846096,-0.49093159198489034,28.149854264219062,0.0007143761320573302,5
000252,21.759080187417567,7,2937.7002853231734,2949.15820684722,1.0000861003254844,0.9999149326940797,-0.005253570656321647,-5.2535706563216475,-0.4687780246934257,4.206440093164833,-3.112252166381096,0.0892303645196706,-0.8006821204742347,0.5924070256171595,28.13207628590776,0.001246223926997528,6
000252,21.759080187417567,8,2969.468369204371,2979.433000494655,0.9992808785354448,0.9994319236552198,-0.005678855936137676,-5.678855936137676,-4.641328274674323,0.26568643174983586,-3.261424123001918,0.8172998799175385,-0.046785203699063284,0.5743100652100869,28.0579231763767,0.0031239019448423113,7
000253,21.861696186941117,1,2762.6782471497686,2772.902259762475,0.9995057659949622,0.9991758132141676,-0.00046032455402393867,-0.4603245540239387,0.3746217957945008,0.022007904923024502,0.26659493107323046,-0.8138210150202394,-0.04780953944481529,-0.5791455805317881,28.057776830812678,0.003214665552417328,0
000253,21.861696186941117,2,2798.5743886005043,2811.2059239306122,0.9999771565930525,1.0003674632263608,-0.022663236648839454,-22.663236648839455,-2.0291249770829607,-18.707125746402426,12.631246713486576,0.08953376821341487,0.8254392801992112,-0.5573452243033168,28.128993772385627,0.0011798185940266137,1
000253,21.861696186941117,3,2834.900998297384,2846.566788581379,1.0001995782434154,1.0000397312739122,-0.004875679215177782,-4.875679215177782,3.6792393233132485,0.2261033380398469,-3.1912886255601096,-0.7546106216052798,-0.0463737108331485,0.6545321143412726,28.137665297567242,0.0009382782073639079,2
000253,21.861696186941117,4,2869.0592264031256,2875.751831132393,0.9998547845573291,0.9997740074304151,0.009713347640181875,9.713347640181874,0.8314336779431555,7.473603452686928,6.148421899170122,0.08559702676590164,0.7694158316511145,0.6329869090379842,24.503188789884803,0.003501258611740536,3
000253,21.861696186941117,5,2877.1583926076537,2884.3827511279114,0.9996142776353187,0.9991321193363828,-0.0305335330196329,-30.533533019632902,-3.620198392438561,26.40034512785092,14.906796416090078,0.1185646741276482,-0.8646344696133146,-0.4882106635516134,24.648424874504606,0.003708329692425451,4
000253,21.861696186941117,6,2904.4342455818605,2920.419747695074,0.9996070183586927,0.9995534819555926,-0.019300511178223307,-19.300511178223307,-16.789437265247518,0.9189840257974746,9.475230678847339,0.869895989293329,-0.04761449151846096,-0.49093159198489034,28.149854264219062,0.0007143761320573302,5
000253,21.861696186941117,7,2937.7002853231734,2949.15820684722,1.0003399849786707,0.9999312373513143,0.0015230316444146677,1.5230316444146677,0.13590066880611415,-1.2194642065992967,0.9022546463885046,0.0892303645196706,-0.8006821204742347,0.5924070256171595,28.13207628590776,0.001246223926997528,6
000253,21.861696186941117,8,2969.468369204371,2979.433000494655,0.998942791587577,0.9993330405177128,-0.00840792909552534,-8.407929095525342,-6.871799440128039,0.393366675421434,-4.828758307132945,0.8172998799175385,-0.046785203699063284,0.5743100652100869,28.0579231763767,0.0031239019448423113,7
000254,21.972415582975373,1,2762.6782471497686,2772.902259762475,0.9992187514933346,0.9993045112712766,-0.005069296787981101,-5.069296787981101,4.125500257433619,0.2423607447424579,2.935860831163244,-0.8138210150202394,-0.04780953944481529,-0.5791455805317881,28.057776830812678,0.003214665552417328,0
000254,21.972415582975373,2,2798.5743886005043,2811.2059239306122,0.9997199356783666,0.9997473899349231,-0.01172970317692845,-11.729703176928451,-1.0502045254552679,-9.682157747314221,6.537494048156515,0.08953376821341487,0.8254392801992112,-0.5573452243033168,28.128993772385627,0.0011798185940266137,1
000254,21.972415582975373,3,2834.900998297384,2846.566788581379,1.0004485714398756,1.0004284981797578,-0.010169945755268797,-10.169945755268797,7.674349088075363,0.4716181236436412,-6.656556097932135,-0.7546106216052798,-0.0463737108331485,0.6545321143412726,28.137665297567242,0.0009382782073639079,2
000254,21.972415582975373,4,2869.0592264031256,2875.751831132393,0.9995601797947129,0.9994951570990555,0.0095297124397441,9.529712439744099,0.8157150507761215,7.332311622221678,6.032183221254445,0.08559702676590164,0.7694158316511145,0.6329869090379842,24.503188789884803,0.003501258611740536,3
000254,21.972415582975373,5,2877.1583926076537,2884.3827511279114,0.9997921162081841,0.998979686209067,-0.026920234425269824,-26.920234425269825,-3.191788822072014,23.27616261415927,13.142745511725966,0.1185646741276482,-0.8646344696133146,-0.4882106635516134,24.648424874504606,0.003708329692425451,4
000254,21.972415582975373,6,2904.4342455818605,2920.419747695074,0.9992283054135248,0.9999534243789947,-0.058021121623933504,-58.0211216239335,-50.4723409949602,2.762646203454373,28.48440160758662,0.869895989293329,-0.04761449151846096,-0.49093159198489034,28.149854264219062,0.0007143761320573302,5
000254,21.972415582975373,7,2937.7002853231734,2949.15820684722,1.000403834936118,0.9998045631125433,0.0069574399634577035,6.957439963457704,0.6208149040630546,-5.570697783013497,4.121636314661937,0.0892303645196706,-0.8006821204742347,0.5924070256171595,28.13207628590776,0.001246223926997528,6
000254,21.972415582975373,8,2969.468369204371,2979.433000494655,0.9996065377650977,0.9993721336420709,-0.0012812705412788834,-1.2812705412788834,-1.047182259529111,0.05994450326734163,-0.7358465681136389,0.8172998799175385,-0.046785203699063284,0.5743100652100869,28.0579231763767,0.0031239019448423113,7
000255,22.04771114536561,1,2762.6782471497686,2772.902259762475,0.9997556061895265,0.9992137480204055,0.0018890537134750188,1.8890537134750187,-1.5373516105279923,-0.0903147880277587,-1.09403710954622,-0.8138210150202394,-0.04780953944481529,-0.5791455805317881,28.057776830812678,0.003214665552417328,0
000255,22.04771114536561,2,2798.5743886005043,2811.2059239306122,0.9994470611365017,0.9998996830966654,-0.02454093335317361,-24.54093335317361,-2.1972422385839083,-20.25705036246044,13.677772004337294,0.08953376821341487,0.8254392801992112,-0.5573452243033168,28.128993772385627,0.0011798185940266137,1
000255,22.04771114536561,3,2834.900998297384,2846.566788581379,0.9998999930674124,1.0000416106790389,-0.01629437770945131,-16.294377709451307,12.295910492000267,0.7556307601041956,-10.665193494042466,-0.7546106216052798,-0.0463737108331485,0.6545321143412726,28.137665297567242,0.0009382782073639079,2
000255,22.04771114536561,4,2869.0592264031256,2875.751831132393,0.9996066868788687,0.9995758169827593,0.009131624048713557,9.131624048713556,0.7816398681138854,7.026016111766259,5.780198481092117,0.08559702676590164,0.7694158316511145,0.6329869090379842,24.503188789884803,0.003501258611740536,3
000255,22.04771114536561,5,2877.1583926076537,2884.3827511279114,0.9995300139204378,0.9991912833620266,-0.032102687303654696,-32.1026873036547,-3.8062446587796086,27.75709000995757,15.672874270307213,0.1185646741276482,-0.8646344696133146,-0.4882106635516134,24.648424874504606,0.003708329692425451,4
000255,22.04771114536561,6,2904.4342455818605,2920.419747695074,0.9996761379397872,1.000035402124486,-0.039828065982444,-39.828065982443995,-34.6462748594381,1.896393109917783,19.55285583844049,0.869895989293329,-0.04761449151846096,-0.49093159198489034,28.149854264219062,0.0007143761320573302,5
000255,22.04771114536561,7,2937.7002853231734,2949.15820684722,1.0000334804614273,1.000019557196217,-0.009738723244449788,-9.738723244449789,-0.8689898250584438,7.797621578077775,-5.769288070553193,0.0892303645196706,-0.8006821204742347,0.5924070256171595,28.13207628590776,0.001246223926997528,6
000255,22.04771114536561,8,2969.468369204371,2979.433000494655,0.9991248942699426,0.9997100682614338,-0.010631826583760478,-10.631826583760478,-8.689390590211532,0.4974121724143501,-6.1059650186218155,0.8172998799175385,-0.046785203699063284,0.5743100652100869,28.0579231763767,0.0031239019448423113,7
000256,22.13464889547322,1,2762.6782471497686,2772.902259762475,0.9992801075501874,0.9987105874847384,0.002195738968550465,2.195738968550465,-1.7869385161052331,-0.1049772688274315,-1.2716525196374289,-0.8138210150202394,-0.04780953944481529,-0.5791455805317881,28.057776830812678,0.003214665552417328,0
000256,22.13464889547322,2,2798.5743886005043,2811.2059239306122,0.9995981664969549,0.9998856040025783,-0.01956356547998263,-19.563565479982632,-1.7515997371127292,-16.148535407927,10.903659790613546,0.08953376821341487,0.8254392801992112,-0.5573452243033168,28.128993772385627,0.0011798185940266137,1
000256,22.13464889547322,3,2834.900998297384,2846.566788581379,1.000017991940158,1.00003406565961,-0.011539099835133652,-11.539099835133651,8.707527299355586,0.5351108790293195,-7.552711412685059,-0.7546106216052798,-0.0463737108331485,0.6545321143412726,28.137665297567242,0.0009382782073639079,2
000256,22.13464889547322,4,2869.0592264031256,2875.751831132393,0.9997561053269538,0.9997453852283845,0.008896756026517745,8.896756026517744,0.7615358637315361,6.845304937140215,5.631530097690525,0.08559702676590164,0.7694158316511145,0.6329869090379842,24.503188789884803,0.003501258611740536,3
000256,22.13464889547322,5,2877.1583926076537,2884.3827511279114,0.9999204468173448,0.9987682104281362,-0.023202622680153658,-23.20262268015366,-2.751011396979198,20.061787354692523,11.327767814815532,0.1185646741276482,-0.8646344696133146,-0.4882106635516134,24.648424874504606,0.003708329692425451,4
000256,22.13464889547322,6,2904.4342455818605,2920.419747695074,0.9997303773320515,0.9999633147613928,-0.03354614810130024,-33.54614810130024,-29.1816596895611,1.5972827842463952,16.468863892332234,0.869895989293329,-0.04761449151846096,-0.49093159198489034,28.149854264219062,0.0007143761320573302,5
000256,22.13464889547322,7,2937.7002853231734,2949.15820684722,0.9996317905777813,1.000283141379772,-0.028714638099376213,-28.714638099376213,-2.562217624657761,22.991297322058795,-17.01075334812463,0.0892303645196706,-0.8006821204742347,0.5924070256171595,28.13207628590776,0.001246223926997528,6
000256,22.13464889547322,8,2969.468369204371,2979.433000494655,0.9995115028960265,0.9993279444829098,-0.0018613685839330605,-1.8613685839330605,-1.521296320130769,0.08708450835834522,-1.069002712818603,0.8172998799175385,-0.046785203699063284,0.5743100652100869,28.0579231763767,0.0031239019448423113,7
000257,22.227614103932865,1,2762.6782471497686,2772.902259762475,0.9996493454521277,0.9992119880134451,0.0007304623866150745,0.7304623866150745,-0.5944656409091865,-0.034923070285827314,-0.4230440629528227,-0.8138210150202394,-0.04780953944481529,-0.5791455805317881,28.057776830812678,0.003214665552417328,0
000257,22.227614103932865,2,2798.5743886005043,2811.2059239306122,0.9997065077445991,0.9998089819253144,-0.013990217106017677,-13.990217106017676,-1.2525968556255385,-11.548074737821922,7.797380691005522,0.08953376821341487,0.8254392801992112,-0.5573452243033168,28.128993772385627,0.0011798185940266137,1
000257,22.227614103932865,3,2834.900998297384,2846.566788581379,1.0004115667998523,0.9997902558658268,0.012603382030115252,12.603382030115252,-9.510645948074085,-0.5844655937842648,8.249318288022137,-0.7546106216052798,-0.0463737108331485,0.6545321143412726,28.137665297567242,0.0009382782073639079,2
000257,22.227614103932865,4,2869.0592264031256,2875.751831132393,0.999591782626703,0.9997798757927702,0.0065793690573126016,6.579369057312602,0.5631744293015317,5.062270714971785,4.164654483008459,0.08559702676590164,0.7694158316511145,0.6329869090379842,24.503188789884803,0.003501258611740536,3
000257,22.227614103932865,5,2877.1583926076537,2884.3827511279114,0.9999944989323252,0.9993119968448727,-0.028341695423378072,-28.341695423378074,-3.36032388209788,24.505206790334604,13.836717928825133,0.1185646741276482,-0.8646344696133146,-0.4882106635516134,24.648424874504606,0.003708329692425451,4
000257,22.227614103932865,6,2904.4342455818605,2920.419747695074,0.9997826752780504,0.9999042044885247,-0.028006092234065597,-28.006092234065598,-24.362387310192712,1.3334958411441515,13.749075445745497,0.869895989293329,-0.04761449151846096,-0.49093159198489034,28.149854264219062,0.0007143761320573302,5
000257,22.227614103932865,7,2937.7002853231734,2949.15820684722,0.9998210827124793,0.9997650635015602,-0.008538001435366318,-8.538001435366317,-0.7618489803472074,6.836225093881163,-5.0579720350403985,0.0892303645196706,-0.8006821204742347,0.5924070256171595,28.13207628590776,0.001246223926997528,6
000257,22.227614103932865,8,2969.468369204371,2979.433000494655,0.9993662186128071,0.9992712581670636,-0.0028721816406735907,-2.8721816406735905,-2.3474337100238842,0.1343756031196237,-1.6495228253504644,0.8172998799175385,-0.046785203699063284,0.5743100652100869,28.0579231763767,0.0031239019448423113,7
000258,22.307746561942626,1,2762.6782471497686,2772.902259762475,0.9991531447368133,0.9994485765609822,-0.00739391416839812,-7.39391416839812,6.017322733498288,0.35349963108560856,4.282152713459142,-0.8138210150202394,-0.04780953944481529,-0.5791455805317881,28.057776830812678,0.003214665552417328,0
000258,22.307746561942626,2,2798.5743886005043,2811.2059239306122,1.0000194070856812,0.9999778131100688,-0.009649129351418652,-9.649129351418653,-0.8639229108111758,-7.964770386384094,5.377896162698146,0.08953376821341487,0.8254392801992112,-0.5573452243033168,28.128993772385627,0.0011798185940266137,1
000258,22.307746561942626,3,2834.900998297384,2846.566788581379,0.9997924526085218,1.000436618224374,-0.035329596101109376,-35.329596101109374,26.660088474921615,1.6383644734447769,-23.1243552348823,-0.7546106216052798,-0.0463737108331485,0.6545321143412726,28.137665297567242,0.0009382782073639079,2
000258,22.307746561942626,4,2869.0592264031256,2875.751831132393,0.9998030879635051,0.9991994182098668,0.015808235532497612,15.808235532497612,1.3531379599968756,12.163106689173349,10.006406147060096,0.08559702676590164,0.7694158316511145,0.6329869090379842,24.503188789884803,0.003501258611740536,3
000258,22.307746561942626,5,2877.1583926076537,2884.3827511279114,0.999948602451779,0.9993905250737574,-0.02970294928631553,-29.70294928631553,-3.5217205027620615,25.68219380212461,14.501296580512026,0.1185646741276482,-0.8646344696133146,-0.4882106635516134,24.648424874504606,0.003708329692425451,4
000258,22.307746561942626,6,2904.4342455818605,2920.419747695074,0.999537367233917,0.9996051976138578,-0.025335781872894026,-25.335781872894025,-22.039495036841142,1.2063503711004895,12.43813572904179,0.869895989293329,-0.04761449151846096,-0.49093159198489034,28.149854264219062,0.0007143761320573302,5
000258,22.307746561942626,7,2937.7002853231734,2949.15820684722,1.0005273746599594,1.000173775515572,-4.999362260057483e-05,-0.04999362260057483,-0.004460949168308135,0.04002899975401688,-0.029616573264633336,0.0892303645196706,-0.8006821204742347,0.5924070256171595,28.13207628590776,0.001246223926997528,6
000258,22.307746561942626,8,2969.468369204371,2979.433000494655,0.9996339629570143,0.999088390520003,0.002268844703402081,2.2688447034020807,1.854326503642064,-0.10614836161020716,1.303020349562409,0.8172998799175385,-0.046785203699063284,0.5743100652100869,28.0579231763767,0.0031239019448423113,7
000259,22.384919874370095,1,2762.6782471497686,2772.902259762475,0.9991168558921472,0.9994972223749587,-0.00833557800596512,-8.33557800596512,6.783668553594918,0.3985201454715242,4.827513163332674,-0.8138210150202394,-0.04780953944481529,-0.5791455805317881,28.057776830812678,0.003214665552417328,0
000259,22.384919874370095,2,2798.5743886005043,2811.2059239306122,0.9998803868489446,1.0002581806931319,-0.022286199022940927,-22.286199022940927,-1.9953673776780256,-18.39590407987272,12.42110659330937,0.08953376821341487,0.8254392801992112,-0.5573452243033168,28.128993772385627,0.0011798185940266137,1
000259,22.384919874370095,3,2834.900998297384,2846.566788581379,1.0004201469267697,1.0002763347841817,-0.0054830369792832475,-5.483036979283248,4.137557943221667,0.25426877136474135,-3.588823787061648,-0.7546106216052798,-0.0463737108331485,0.6545321143412726,28.137665297567242,0.0009382782073639079,2
000259,22.384919874370095,4,2869.0592264031256,2875.751831132393,0.9996401093163283,0.9996097624733753,0.009125527289672218,9.125527289672219,0.7811180036670387,7.02132516883809,5.776339312431391,0.08559702676590164,0.7694158316511145,0.6329869090379842,24.503188789884803,0.003501258611740536,3
000259,22.384919874370095,5,2877.1583926076537,2884.3827511279114,0.9999213059655668,0.9992804214754255,-0.02879700783973894,-28.797007839738942,-3.414307850369978,24.89888559996314,14.059006305739961,0.1185646741276482,-0.8646344696133146,-0.4882106635516134,24.648424874504606,0.003708329692425451,4
000259,22.384919874370095,6,2904.4342455818605,2920.419747695074,0.9995545255492752,1.0000153127459823,-0.044876554900553055,-44.87655490055305,-39.03793512129299,2.136774342690131,22.031318540125845,0.869895989293329,-0.04761449151846096,-0.49093159198489034,28.149854264219062,0.0007143761320573302,5
000259,22.384919874370095,7,2937.7002853231734,2949.15820684722,1.0004544104144661,0.9999288551515257,0.004854788970492964,4.854788970492964,0.4331945895031636,-3.8871427273492336,2.876011094008729,0.0892303645196706,-0.8006821204742347,0.5924070256171595,28.13207628590776,0.001246223926997528,6
000259,22.384919874370095,8,2969.468369204371,2979.433000494655,0.9993787245411454,0.9994291101598691,-0.004530432998633989,-4.530432998633989,-3.702722345758013,0.21195723068604927,-2.6018732708754158,0.8172998799175385,-0.046785203699063284,0.5743100652100869,28.0579231763767,0.0031239019448423113,7
000260,22.478156978962943,1,2762.6782471497686,2772.902259762475,0.9992289767364537,0.9994724609180682,-0.006817974767191135,-6.817974767191135,5.548611145417871,0.3259642335657799,3.948599954595993,-0.8138210150202394,-0.04780953944481529,-0.5791455805317881,28.057776830812678,0.003214665552417328,0
000260,22.478156978962943,2,2798.5743886005043,2811.2059239306122,1.000191073843433,0.9997501867000836,0.0023824446281669846,2.3824446281669847,0.21330924511959817,1.9665633789886332,-1.3278441356759603,0.08953376821341487,0.8254392801992112,-0.5573452243033168,28.128993772385627,0.0011798185940266137,1
000260,22.478156978962943,3,2834.900998297384,2846.566788581379,1.0002066402814294,1.000335935202185,-0.015827626056024276,-15.827626056024277,11.943694736672404,0.7339857538972765,-10.359689547452588,-0.7546106216052798,-0.0463737108331485,0.6545321143412726,28.137665297567242,0.0009382782073639079,2
000260,22.478156978962943,4,2869.0592264031256,2875.751831132393,0.9996476265299121,0.999931903035163,0.0054582465945505945,5.4582465945505945,0.4672096798486387,4.199661342903009,3.454998640651684,0.08559702676590164,0.7694158316511145,0.6329869090379842,24.503188789884803,0.003501258611740536,3
000260,22.478156978962943,5,2877.1583926076537,2884.3827511279114,0.9999029253757526,0.9990441785007581,-0.026413510105834193,-26.41351010583419,-3.131709218265574,22.83803130098387,12.895357295496558,0.1185646741276482,-0.8646344696133146,-0.4882106635516134,24.648424874504606,0.003708329692425451,4
000260,22.478156978962943,6,2904.4342455818605,2920.419747695074,0.9997100592481986,0.9998460678285838,-0.028726115577448856,-28.726115577448855,-24.98873272879938,1.367779386520768,14.102557651978923,0.869895989293329,-0.04761449151846096,-0.49093159198489034,28.149854264219062,0.0007143761320573302,5
000260,22.478156978962943,7,2937.7002853231734,2949.15820684722,1.0004039688051993,0.9999567862296402,0.00261932915622923,2.61932915622923,0.23372369540733545,-2.097250023029608,1.5517089945540623,0.0892303645196706,-0.8006821204742347,0.5924070256171595,28.13207628590776,0.001246223926997528,6
000260,22.478156978962943,8,2969.468369204371,2979.433000494655,0.9997929633291579,0.9995911170980207,-0.001652723106136405,-1.652723106136405,-1.350770396182225,0.0773229871787403,-0.9491755148594161,0.8172998799175385,-0.046785203699063284,0.5743100652100869,28.0579231763767,0.0031239019448423113,7
000261,22.613578166346997,1,2762.6782471497686,2772.902259762475,0.9992043310557079,0.9996965172978696,-0.00957531482704736,-9.575314827047361,7.792592431686032,0.4577913919202455,5.545501264284982,-0.8138210150202394,-0.04780953944481529,-0.5791455805317881,28.057776830812678,0.003214665552417328,0
000261,22.613578166346997,2,2798.5743886005043,2811.2059239306122,0.9999204194564141,0.9998985588903718,-0.010243740019207713,-10.243740019207713,-0.9171606445182253,-8.455585388002667,5.709299578710186,0.08953376821341487,0.8254392801992112,-0.5573452243033168,28.128993772385627,0.0011798185940266137,1
000261,22.613578166346997,3,2834.900998297384,2846.566788581379,1.0004112116427175,1.0003037059183948,-0.006858230184486754,-6.858230184486754,5.175293342627643,0.3180415834025594,-4.488931903291251,-0.7546106216052798,-0.0463737108331485,0.6545321143412726,28.137665297567242,0.0009382782073639079,2
000261,22.613578166346997,4,2869.0592264031256,2875.751831132393,0.999405124242971,0.9996179685523799,0.006290867295832861,6.290867295832861,0.5384795363021407,4.840292892230038,3.982036644757385,0.08559702676590164,0.7694158316511145,0.6329869090379842,24.503188789884803,0.003501258611740536,3
000261,22.613578166346997,5,2877.1583926076537,2884.3827511279114,0.9990994175109927,0.9992101771103183,-0.03702028137617045,-37.02028137617045,-4.389297597479493,32.0090113526208,18.073696135527612,0.1185646741276482,-0.8646344696133146,-0.4882106635516134,24.648424874504606,0.003708329692425451,4
000261,22.613578166346997,6,2904.4342455818605,2920.419747695074,0.9997274414385191,0.9999386898305999,-0.03246760578770988,-32.46760578770988,-28.2434400566857,1.5459285404036458,15.93937339729825,0.869895989293329,-0.04761449151846096,-0.49093159198489034,28.149854264219062,0.0007143761320573302,5
000261,22.613578166346997,7,2937.7002853231734,2949.15820684722,1.0001313294385006,0.9999416937606055,-0.004726798165078421,-4.726798165078422,-0.4217739232808577,3.784662777868712,-2.800188441666755,0.0892303645196706,-0.8006821204742347,0.5924070256171595,28.13207628590776,0.001246223926997528,6
000261,22.613578166346997,8,2969.468369204371,2979.433000494655,0.9992738354893291,0.9993221936920101,-0.004507302235387598,-4.5073022353875976,-3.6838175757343365,0.21087505321585204,-2.5885890407270216,0.8172998799175385,-0.046785203699063284,0.5743100652100869,28.0579231763767,0.0031239019448423113,7
000262,22.69804479146842,1,2762.6782471497686,2772.902259762475,0.9993442154017964,0.9993286182171177,-0.0039455601660788155,-3.9455601660788155,3.210979779181686,0.18863541439203707,2.285053732906814,-0.8138210150202394,-0.04780953944481529,-0.5791455805317881,28.057776830812678,0.003214665552417328,0
000262,22.69804479146842,2,2798.5743886005043,2811.2059239306122,0.9996497851531249,0.9999729684406352,-0.020640663847751033,-20.640663847751032,-1.8480364127155529,-17.037614709321492,11.503975421994161,0.08953376821341487,0.8254392801992112,-0.5573452243033168,28.128993772385627,0.0011798185940266137,1
000262,22.69804479146842,3,2834.900998297384,2846.566788581379,0.9996720171977476,0.9999460810979286,-0.021311100503296647,-21.311100503296647,16.081582797885275,0.9882748122760441,-13.948799671362112,-0.7546106216052798,-0.0463737108331485,0.6545321143412726,28.137665297567242,0.0009382782073639079,2
000262,22.69804479146842,4,2869.0592264031256,2875.751831132393,0.9995765430350294,0.9992753869499076,0.012282106455000778,12.282106455000777,1.0513117949703548,9.450047152501945,7.774412601426415,0.08559702676590164,0.7694158316511145,0.6329869090379842,24.503188789884803,0.003501258611740536,3
000262,22.69804479146842,5,2877.1583926076537,2884.3827511279114,0.9993255549703335,0.9989608403204645,-0.03181841141477764,-31.81841141477764,-3.7725395806525532,27.5112952775545,15.534087749966822,0.1185646741276482,-0.8646344696133146,-0.4882106635516134,24.648424874504606,0.003708329692425451,4
000262,22.69804479146842,6,2904.4342455818605,2920.419747695074,0.9994214220601062,0.9995868220293812,-0.03018767683496677,-30.18767683496677,-26.26013900482073,1.4373708826205656,14.82008424691563,0.869895989293329,-0.04761449151846096,-0.49093159198489034,28.149854264219062,0.0007143761320573302,5
000262,22.69804479146842,7,2937.7002853231734,2949.15820684722,1.0002522606325621,0.9999370506859883,-0.001144986175256699,-1.144986175256699,-0.10216753378813871,0.9167699587182175,-0.6782978544565889,0.0892303645196706,-0.8006821204742347,0.5924070256171595,28.13207628590776,0.001246223926997528,6
000262,22.69804479146842,8,2969.468369204371,2979.433000494655,0.999046168791163,0.9992929822890744,-0.006771476115957381,-6.771476115957381,-5.534326616436448,0.31680488942840795,-3.8889268897240292,0.8172998799175385,-0.046785203699063284,0.5743100652100869,28.0579231763767,0.0031239019448423113,7
000263,22.78180108300876,1,2762.6782471497686,2772.902259762475,0.9994266112006499,0.9993895691378147,-0.003707802499377193,-3.707802499377193,3.017487593537728,0.1772683298475586,2.1473574309990195,-0.8138210150202394,-0.04780953944481529,-0.5791455805317881,28.057776830812678,0.003214665552417328,0
000263,22.78180108300876,2,2798.5743886005043,2811.2059239306122,0.9999460226212945,0.9994987737870091,0.002574136250555694,2.574136250555694,0.23047211840700235,2.1247931737933885,-1.4346825459532622,0.08953376821341487,0.8254392801992112,-0.5573452243033168,28.128993772385627,0.0011798185940266137,1
000263,22.78180108300876,3,2834.900998297384,2846.566788581379,1.0003808293520249,0.9999561365622368,0.005155995344960523,5.155995344960523,-3.890768852254589,-0.23910263718425903,3.37476453467077,-0.7546106216052798,-0.0463737108331485,0.6545321143412726,28.137665297567242,0.0009382782073639079,2
000263,22.78180108300876,4,2869.0592264031256,2875.751831132393,0.999436318582035,0.9998382672053872,0.004086648810944859,4.086648810944859,0.3498049876532872,3.144332293539177,2.5867951991637397,0.08559702676590164,0.7694158316511145,0.6329869090379842,24.503188789884803,0.003501258611740536,3
000263,22.78180108300876,5,2877.1583926076537,2884.3827511279114,1.0001826080332386,0.9989598159764191,-0.022430716717690948,-22.43071671769095,-2.659490618082618,19.39437085224722,10.950915092682166,0.1185646741276482,-0.8646344696133146,-0.4882106635516134,24.648424874504606,0.003708329692425451,4
000263,22.78180108300876,6,2904.4342455818605,2920.419747695074,0.9992911992770304,1.0001473699624566,-0.06453800033753893,-64.53800033753893,-56.141347650636625,3.0729440696901773,31.683743249229373,0.869895989293329,-0.04761449151846096,-0.49093159198489034,28.149854264219062,0.0007143761320573302,5
000263,22.78180108300876,7,2937.7002853231734,2949.15820684722,1.000393811923888,1.000273958306199,-0.006717223612509834,-6.717223612509834,-0.5993803115043911,5.378360845763973,-3.9793304606923026,0.0892303645196706,-0.8006821204742347,0.5924070256171595,28.13207628590776,0.001246223926997528,6
000263,22.78180108300876,8,2969.468369204371,2979.433000494655,0.9992895392269029,0.9990875971743015,-0.0016516298802982876,-1.6516298802982876,-1.349876902836009,0.0772718403852149,-0.9485476642570375,0.8172998799175385,-0.046785203699063284,0.5743100652100869,28.0579231763767,0.0031239019448423113,7
000264,22.877705207909457,1,2762.6782471497686,2772.902259762475,0.9995108064433419,0.9992973153013445,-0.0017515255251196549,-1.7515255251196549,1.4254282806867353,0.08373962868180894,1.0143882670616675,-0.8138210150202394,-0.04780953944481529,-0.5791455805317881,28.057776830812678,0.003214665552417328,0
000264,22.877705207909457,2,2798.5743886005043,2811.2059239306122,0.999858256943773,0.9998682953424836,-0.01120492539703779,-11.20492539703779,-1.0032191933469872,-9.248985554416734,6.245011658713958,0.08953376821341487,0.8254392801992112,-0.5573452243033168,28.128993772385627,0.0011798185940266137,1
000264,22.877705207909457,3,2834.900998297384,2846.566788581379,1.0003331049235835,0.9997866518189976,0.009767961095743523,9.767961095743523,-7.371007194275211,-0.4529766032834545,6.393444228800301,-0.7546106216052798,-0.0463737108331485,0.6545321143412726,28.137665297567242,0.0009382782073639079,2
000264,22.877705207909457,4,2869.0592264031256,2875.751831132393,0.9997592431223692,0.9994527249227629,0.012344607788884755,12.344607788884755,1.0566617233197262,9.49813666829159,7.813975127572386,0.08559702676590164,0.7694158316511145,0.6329869090379842,24.503188789884803,0.003501258611740536,3
000264,22.877705207909457,5,2877.1583926076537,2884.3827511279114,0.9996164410676937,0.9993980128849516,-0.033418841260126037,-33.41884126012604,-3.9622940237304483,28.895082088040628,16.31543466673217,0.1185646741276482,-0.8646344696133146,-0.4882106635516134,24.648424874504606,0.003708329692425451,4
000264,22.877705207909457,6,2904.4342455818605,2920.419747695074,0.9989506638730042,1.0005335482126487,-0.10067567747478202,-100.67567747478202,-87.57736805470164,4.793621191238319,49.424870616852104,0.869895989293329,-0.04761449151846096,-0.49093159198489034,28.149854264219062,0.0007143761320573302,5
000264,22.877705207909457,7,2937.7002853231734,2949.15820684722,1.0002496521417874,0.9997208934197966,0.004946162690254269,4.946162690254269,0.44134789982498307,-3.960304031043333,2.9301415275520997,0.0892303645196706,-0.8006821204742347,0.5924070256171595,28.13207628590776,0.001246223926997528,6
000264,22.877705207909457,8,2969.468369204371,2979.433000494655,0.9993757134127593,0.9993801788324295,-0.004006530045240774,-4.006530045240774,-3.2745365248612948,0.18744632429300687,-2.3009905315484014,0.8172998799175385,-0.046785203699063284,0.5743100652100869,28.0579231763767,0.0031239019448423113,7
000265,22.973242520354688,1,2762.6782471497686,2772.902259762475,0.9998964946819779,0.9992736932154876,0.0027864656445309153,2.7864656445309155,-2.267684299151175,-0.13321963914382343,-1.6137692633337402,-0.8138210150202394,-0.04780953944481529,-0.5791455805317881,28.057776830812678,0.003214665552417328,0
000265,22.973242520354688,2,2798.5743886005043,2811.2059239306122,0.9998031132136338,0.9998494906979833,-0.012299901300816164,-12.299901300816163,-1.1012565121151545,-10.152821676267036,6.855291249412042,0.08953376821341487,0.8254392801992112,-0.5573452243033168,28.128993772385627,0.0011798185940266137,1
000265,22.973242520354688,3,2834.900998297384,2846.566788581379,1.000344448914069,1.0004393979795438,-0.014526693905026844,-14.526693905026844,10.961997517541937,0.6736567025133756,-9.508187676045699,-0.7546106216052798,-0.0463737108331485,0.6545321143412726,28.137665297567242,0.0009382782073639079,2
000265,22.973242520354688,4,2869.0592264031256,2875.751831132393,0.9998535206499458,0.9994959863363974,0.012939256631281345,12.939256631281344,1.1075618961986595,9.955668901904534,8.190380060284017,0.08559702676590164,0.7694158316511145,0.6329869090379842,24.503188789884803,0.003501258611740536,3
000265,22.973242520354688,5,2877.1583926076537,2884.3827511279114,0.9995489395643393,0.9994261410200864,-0.03446506604457741,-34.465066044577405,-4.086339324363194,29.799684099641045,16.826212762973316,0.1185646741276482,-0.8646344696133146,-0.4882106635516134,24.648424874504606,0.003708329692425451,4
000265,22.973242520354688,6,2904.4342455818605,2920.419747695074,0.9994363723375813,0.9996676402525176,-0.03346312726882836,-33.46312726882836,-29.10944020036602,1.5933297895228076,16.428106342878902,0.869895989293329,-0.04761449151846096,-0.49093159198489034,28.149854264219062,0.0007143761320573302,5
000265,22.973242520354688,7,2937.7002853231734,2949.15820684722,0.9999845941334621,0.9999723953831,-0.009787912365956119,-9.78791236595612,-0.873378988300856,7.837006428189729,-5.798428051717479,0.0892303645196706,-0.8006821204742347,0.5924070256171595,28.13207628590776,0.001246223926997528,6
000265,22.973242520354688,8,2969.468369204371,2979.433000494655,0.9996164922311009,0.9988586535493023,0.004690587527730785,4.690587527730785,3.8336166231570745,-0.21945009295317042,2.693851628924687,0.8172998799175385,-0.046785203699063284,0.5743100652100869,28.0579231763767,0.0031239019448423113,7
000266,23.0501446868293,1,2762.6782471497686,2772.902259762475,0.9994900292510382,0.9995414714923505,-0.004688820975691491,-4.688820975691491,3.8158610456854385,0.22417037138699966,2.7155099459764735,-0.8138210150202394,-0.04780953944481529,-0.5791455805317881,28.057776830812678,0.003214665552417328,0
000266,23.0501446868293,2,2798.5743886005043,2811.2059239306122,0.9997577077352628,1.0002285604796186,-0.02509026664118271,-25.090266641182712,-2.246426117864428,-20.710491636304138,13.983940288960005,0.08953376821341487,0.8254392801992112,-0.5573452243033168,28.128993772385627,0.0011798185940266137,1
000266,23.0501446868293,3,2834.900998297384,2846.566788581379,0.99991260726197,0.9999898357214083,-0.013855483188633713,-13.855483188633713,10.455494781616391,0.6425301708432501,-9.068858706676382,-0.7546106216052798,-0.0463737108331485,0.6545321143412726,28.137665297567242,0.0009382782073639079,2
000266,23.0501446868293,4,2869.0592264031256,2875.751831132393,0.9988328994791484,0.9997964508402253,-0.002459447942976062,-2.4594479429760616,-0.2105214314042637,-1.8923381844475493,-1.5567983513642458,0.08559702676590164,0.7694158316511145,0.6329869090379842,24.503188789884803,0.003501258611740536,3
000266,23.0501446868293,5,2877.1583926076537,2884.3827511279114,0.9995907589086019,0.9989079269681758,-0.028338086705811266,-28.338086705811264,-3.359896015675553,24.502086568735244,13.834956114427273,0.1185646741276482,-0.8646344696133146,-0.4882106635516134,24.648424874504606,0.003708329692425451,4
000266,23.0501446868293,6,2904.4342455818605,2920.419747695074,0.9994132873752197,0.9998345226781793,-0.042909736803602744,-42.90973680360274,-37.32700794708638,2.0431252990945348,21.065745400645334,0.869895989293329,-0.04761449151846096,-0.49093159198489034,28.149854264219062,0.0007143761320573302,5
000266,23.0501446868293,7,2937.7002853231734,2949.15820684722,1.0004271742631876,0.9997915882672945,0.007993245619975636,7.993245619975636,0.7132402203656865,-6.400048852473481,4.735254862757155,0.0892303645196706,-0.8006821204742347,0.5924070256171595,28.13207628590776,0.001246223926997528,6
000266,23.0501446868293,8,2969.468369204371,2979.433000494655,0.9989545010820765,0.9994438053790817,-0.009538050487024965,-9.538050487024964,-7.795447517692923,0.44623963492741275,-5.4777983971804085,0.8172998799175385,-0.046785203699063284,0.5743100652100869,28.0579231763767,0.0031239019448423113,7
000267,23.149404916446656,1,2762.6782471497686,2772.902259762475,0.9994065417633277,0.9993260307708803,-0.003225865917448728,-3.2258659174487283,2.62527747525732,0.15422716382395021,1.8682459894785528,-0.8138210150202394,-0.04780953944481529,-0.5791455805317881,28.057776830812678,0.003214665552417328,0
000267,23.149404916446656,2,2798.5743886005043,2811.2059239306122,0.9996962469584347,0.9997547188025376,-0.012664330737294949,-12.664330737294948,-1.1338852528109913,-10.453636047997488,7.058404255429043,0.08953376821341487,0.8254392801992112,-0.5573452243033168,28.128993772385627,0.0011798185940266137,1
000267,23.149404916446656,3,2834.900998297384,2846.566788581379,1.0001685739634425,0.9999375734309812,-0.0021805663128036668,-2.1805663128036668,1.645478500756308,0.10112095164246208,-1.4272506791807367,-0.7546106216052798,-0.0463737108331485,0.6545321143412726,28.137665297567242,0.0009382782073639079,2
000267,23.149404916446656,4,2869.0592264031256,2875.751831132393,0.9993843629010413,0.9994377309510014,0.008149738263119691,8.14973826311969,0.697593364243349,6.270537643457146,5.158677632640723,0.08559702676590164,0.7694158316511145,0.6329869090379842,24.503188789884803,0.003501258611740536,3
000267,23.149404916446656,5,2877.1583926076537,2884.3827511279114,0.9996957835805245,0.9987084166608022,-0.02500635767174273,-25.00635767174273,-2.9648706484695926,21.621358802468116,12.208370471930499,0.1185646741276482,-0.8646344696133146,-0.4882106635516134,24.648424874504606,0.003708329692425451,4
000267,23.149404916446656,6,2904.4342455818605,2920.419747695074,0.9997613466960781,0.9999649991093865,-0.0320898765035251,-32.0898765035251,-27.91485486733472,1.5279431526055556,15.753934158474102,0.869895989293329,-0.04761449151846096,-0.49093159198489034,28.149854264219062,0.0007143761320573302,5
000267,23.149404916446656,7,2937.7002853231734,2949.15820684722,0.9998465814622051,0.9999406435049956,-0.012818837307557653,-12.818837307557652,-1.1438295256717221,10.26381383742949,-7.593969281240507,0.0892303645196706,-0.8006821204742347,0.5924070256171595,28.13207628590776,0.001246223926997528,6
000267,23.149404916446656,8,2969.468369204371,2979.433000494655,0.999616296206126,0.9991538699732672,0.001320230742297453,1.320230742297453,1.079024427143151,-0.061767264208151866,0.7582218037012116,0.8172998799175385,-0.046785203699063284,0.5743100652100869,28.0579231763767,0.0031239019448423113,7
000268,23.25857781188097,1,2762.6782471497686,2772.902259762475,0.9991534640558857,0.9989355992560133,-0.0017030351264464313,-1.7030351264464314,1.3859657752197565,0.08142132505374665,0.9863052669718457,-0.8138210150202394,-0.04780953944481529,-0.5791455805317881,28.057776830812678,0.003214665552417328,0
000268,23.25857781188097,2,2798.5743886005043,2811.2059239306122,0.9996945866505982,1.0001019411458905,-0.023176925910833215,-23.176925910833216,-2.0751175124000305,-19.131145041068617,12.917548970434694,0.08953376821341487,0.8254392801992112,-0.5573452243033168,28.128993772385627,0.0011798185940266137,1
000268,23.25857781188097,3,2834.900998297384,2846.566788581379,1.000244092858132,1.0000494280547407,-0.0035568697354659644,-3.5568697354659644,2.684051682048979,0.164945248583676,-2.3280854683910204,-0.7546106216052798,-0.0463737108331485,0.6545321143412726,28.137665297567242,0.0009382782073639079,2
000268,23.25857781188097,4,2869.0592264031256,2875.751831132393,0.9997830867296517,0.9993199218164958,0.014170497290838132,14.170497290838131,1.2129524358900083,10.903004957940086,8.969739279658757,0.08559702676590164,0.7694158316511145,0.6329869090379842,24.503188789884803,0.003501258611740536,3
000268,23.25857781188097,5,2877.1583926076537,2884.3827511279114,0.9995933141471223,0.9988211073734193,-0.027360291880298884,-27.360291880298885,-3.243964090824976,23.656651458387703,13.357586253846538,0.1185646741276482,-0.8646344696133146,-0.4882106635516134,24.648424874504606,0.003708329692425451,4
000268,23.25857781188097,6,2904.4342455818605,2920.419747695074,0.9997871869573206,0.9998273657610992,-0.023960737209997127,-23.960737209997127,-20.843349199487932,1.1408783186614802,11.76308286363549,0.869895989293329,-0.04761449151846096,-0.49093159198489034,28.149854264219062,0.0007143761320573302,5
000268,23.25857781188097,7,2937.7002853231734,2949.15820684722,1.0002035756499839,0.999646781768609,0.005745822294686514,5.745822294686514,0.5127018178201279,-4.600577178777731,3.4038654953200003,0.0892303645196706,-0.8006821204742347,0.5924070256171595,28.13207628590776,0.001246223926997528,6
000268,23.25857781188097,8,2969.468369204371,2979.433000494655,0.9994473825559421,0.9994277759635722,-0.0037318927731512476,-3.7318927731512477,-3.050075515361644,0.1745973635749433,-2.143263581905545,0.8172998799175385,-0.046785203699063284,0.5743100652100869,28.0579231763767,0.0031239019448423113,7
000269,23.33369049942121,1,2762.6782471497686,2772.902259762475,0.9999008348832623,0.999192424485052,0.0037356050943362336,3.7356050943362336,-3.040113929587491,-0.1785975591079211,-2.1634591809968633,-0.8138210150202394,-0.04780953944481529,-0.5791455805317881,28.057776830812678,0.003214665552417328,0
000269,23.33369049942121,2,2798.5743886005043,2811.2059239306122,1.0002947433784113,1.0003146449824478,-0.011502125284597178,-11.502125284597177,-1.0298286191927823,-9.494306015679042,6.410654596708665,0.08953376821341487,0.8254392801992112,-0.5573452243033168,28.128993772385627,0.0011798185940266137,1
000269,23.33369049942121,3,2834.900998297384,2846.566788581379,0.9999722520224305,1.0001328184190466,-0.017012108667492212,-17.012108667492214,12.837517896392866,0.7889146080083831,-11.134971455537167,-0.7546106216052798,-0.0463737108331485,0.6545321143412726,28.137665297567242,0.0009382782073639079,2
000269,23.33369049942121,4,2869.0592264031256,2875.751831132393,0.999482715658026,1.0000259748831284,0.0024395185366889046,2.4395185366889045,0.2088155334808734,1.8770041837348035,1.544183298079576,0.08559702676590164,0.7694158316511145,0.6329869090379842,24.503188789884803,0.003501258611740536,3
000269,23.33369049942121,5,2877.1583926076537,2884.3827511279114,0.9993087894135474,0.9989818105836864,-0.03223125570424357,-32.231255704243566,-3.821488329298541,27.86825468080976,15.735642734470476,0.1185646741276482,-0.8646344696133146,-0.4882106635516134,24.648424874504606,0.003708329692425451,4
000269,23.33369049942121,6,2904.4342455818605,2920.419747695074,0.9994285206589619,0.9998724523198385,-0.04403837068826091,-44.038370688260905,-38.308802036731066,2.0968646276230385,21.61982743040866,0.869895989293329,-0.04761449151846096,-0.49093159198489034,28.149854264219062,0.0007143761320573302,5
000269,23.33369049942121,7,2937.7002853231734,2949.15820684722,1.0003486514422963,0.9999505478768442,0.001219426224686331,1.219426224686331,0.10880984653360705,-0.9763727753437421,0.7223966627259915,0.0892303645196706,-0.8006821204742347,0.5924070256171595,28.13207628590776,0.001246223926997528,6
000269,23.33369049942121,8,2969.468369204371,2979.433000494655,0.9994814530039915,0.9992940825013756,-0.0018178765044477776,-1.8178765044477776,-1.4857502487900833,0.08504972256033039,-1.044024773813288,0.8172998799175385,-0.046785203699063284,0.5743100652100869,28.0579231763767,0.0031239019448423113,7
000270,23.414879416464828,1,2762.6782471497686,2772.902259762475,0.9996492671593402,0.9995738940782113,-0.003282829533556447,-3.282829533556447,2.6716356631373266,0.15695056807517152,1.9012362159984475,-0.8138210150202394,-0.04780953944481529,-0.5791455805317881,28.057776830812678,0.003214665552417328,0
000270,23.414879416464828,2,2798.5743886005043,2811.2059239306122,1.000195255497455,0.9998842623018925,-0.0015315433099599028,-1.5315433099599027,-0.13712484372275616,-1.2641960073672196,0.8535983496198463,0.08953376821341487,0.8254392801992112,-0.5573452243033168,28.128993772385627,0.0011798185940266137,1
000270,23.414879416464828,3,2834.900998297384,2846.566788581379,1.0001841698353382,1.000223113775037,-0.01240536461660916,-12.40536461660916,9.361219904579581,0.5752827915104053,-8.119709531683602,-0.7546106216052798,-0.0463737108331485,0.6545321143412726,28.137665297567242,0.0009382782073639079,2
000270,23.414879416464828,4,2869.0592264031256,2875.751831132393,0.9995534065826036,0.999317521123448,0.01152130561828363,11.52130561828363,0.9861895053863569,8.864674943998356,7.292835631399316,0.08559702676590164,0.7694158316511145,0.6329869090379842,24.503188789884803,0.003501258611740536,3
000270,23.414879416464828,5,2877.1583926076537,2884.3827511279114,0.9998761826599516,0.9991544336009612,-0.027912318558775084,-27.912318558775084,-3.309414954068275,24.13395275274437,13.627091564843598,0.1185646741276482,-0.8646344696133146,-0.4882106635516134,24.648424874504606,0.003708329692425451,4
000270,23.414879416464828,6,2904.4342455818605,2920.419747695074,0.9992683228145456,0.9997874213207136,-0.04777623245926612,-47.77623245926612,-41.56035299986136,2.274841015215746,23.45486186026771,0.869895989293329,-0.04761449151846096,-0.49093159198489034,28.149854264219062,0.0007143761320573302,5
000270,23.414879416464828,7,2937.7002853231734,2949.15820684722,1.0002133421077979,1.0003396201638435,-0.013737749308841418,-13.737749308841419,-1.2258243785077725,10.999570247146599,-8.138339206724934,0.0892303645196706,-0.8006821204742347,0.5924070256171595,28.13207628590776,0.001246223926997528,6
000270,23.414879416464828,8,2969.468369204371,2979.433000494655,0.9990977053754969,0.9992242570624684,-0.005399410680041691,-5.399410680041691,-4.412937700423549,0.2526125285206483,-3.100935899750783,0.8172998799175385,-0.046785203699063284,0.5743100652100869,28.0579231763767,0.0031239019448423113,7
000271,23.498361874953844,1,2762.6782471497686,2772.902259762475,0.9991153302961745,0.999455459442976,-0.007889469846513333,-7.889469846513333,6.420616358461053,0.37719191982556,4.569151594347002,-0.8138210150202394,-0.04780953944481529,-0.5791455805317881,28.057776830812678,0.003214665552417328,0
000271,23.498361874953844,2,2798.5743886005043,2811.2059239306122,0.9999125566606326,0.9995935776213315,-0.0012909124214412501,-1.2909124214412502,-0.11558025352513902,-1.0655698199546864,0.7194838730841113,0.08953376821341487,0.8254392801992112,-0.5573452243033168,28.128993772385627,0.0011798185940266137,1
000271,23.498361874953844,3,2834.900998297384,2846.566788581379,1.0001824628580491,1.000091864759157,-0.00749864729857275,-7.49864729857275,5.658558899174735,0.34774010146378287,-4.908105471034293,-0.7546106216052798,-0.0463737108331485,0.6545321143412726,28.137665297567242,0.0009382782073639079,2
000271,23.498361874953844,4,2869.0592264031256,2875.751831132393,0.9995243320995923,0.999773069638652,0.005872492280326152,5.872492280326152,0.5026678789016283,4.518388531731897,3.7172107368730742,0.08559702676590164,0.7694158316511145,0.6329869090379842,24.503188789884803,0.003501258611740536,3
000271,23.498361874953844,5,2877.1583926076537,2884.3827511279114,0.9995832273015307,0.9991859662441467,-0.031462341280820774,-31.462341280820773,-3.730322241253369,27.203424766135562,15.36025051359683,0.1185646741276482,-0.8646344696133146,-0.4882106635516134,24.648424874504606,0.003708329692425451,4
000271,23.498361874953844,6,2904.4342455818605,2920.419747695074,0.999359660057506,0.9995781233833835,-0.03282638664534167,-32.82638664534167,-28.555542085774814,1.5630117085063409,16.11551025490913,0.869895989293329,-0.04761449151846096,-0.49093159198489034,28.149854264219062,0.0007143761320573302,5
000271,23.498361874953844,7,2937.7002853231734,2949.15820684722,1.0004369325101774,0.9997448807506855,0.009603844281634629,9.603844281634629,0.856954526040412,-7.689626404123569,5.689384825373536,0.0892303645196706,-0.8006821204742347,0.5924070256171595,28.13207628590776,0.001246223926997528,6
000271,23.498361874953844,8,2969.468369204371,2979.433000494655,0.9993117115315006,0.9992745677874664,-0.0035318116380430894,-3.5318116380430893,-2.886549227663982,0.1652365269125683,-2.02835497215427,0.8172998799175385,-0.046785203699063284,0.5743100652100869,28.0579231763767,0.0031239019448423113,7
000272,23.57440035394393,1,2762.6782471497686,2772.902259762475,0.999656872909563,0.9992867738807366,-1.522627977861955e-05,-0.015226279778619551,0.01239146646441831,0.0007279614236737048,0.008818232641728044,-0.8138210150202394,-0.04780953944481529,-0.5791455805317881,28.057776830812678,0.003214665552417328,0
000272,23.57440035394393,2,2798.5743886005043,2811.2059239306122,0.9998461271353504,0.9999516977789503,-0.014083520285941627,-14.083520285941626,-1.2609506409104239,-11.625090847498646,7.849382772748449,0.08953376821341487,0.8254392801992112,-0.5573452243033168,28.128993772385627,0.0011798185940266137,1
000272,23.57440035394393,3,2834.900998297384,2846.566788581379,1.0003752729013442,0.9999337712762384,0.005792670545124732,5.792670545124731,-4.371210720811169,-0.26862762881131097,3.7914888995829026,-0.7546106216052798,-0.0463737108331485,0.6545321143412726,28.137665297567242,0.0009382782073639079,2
000272,23.57440035394393,4,2869.0592264031256,2875.751831132393,0.999640127932701,1.0000100516049977,0.0044599347906359174,4.459934790635917,0.3817571576482386,3.4315444360468734,2.823080337635598,0.08559702676590164,0.7694158316511145,0.6329869090379842,24.503188789884803,0.003501258611740536,3
000272,23.57440035394393,5,2877.1583926076537,2884.3827511279114,0.9993542035651903,0.9987308757653006,-0.028989084739373394,-28.989084739373393,-3.437081385382586,25.064961908203546,14.152780296363433,0.1185646741276482,-0.8646344696133146,-0.4882106635516134,24.648424874504606,0.003708329692425451,4
000272,23.57440035394393,6,2904.4342455818605,2920.419747695074,0.9999030913954637,0.9999145398951571,-0.022532050068837208,-22.532050068837208,-19.600539985437965,1.0728521068961867,11.061695210977508,0.869895989293329,-0.04761449151846096,-0.49093159198489034,28.149854264219062,0.0007143761320573302,5
000272,23.57440035394393,7,2937.7002853231734,2949.15820684722,1.0000566551171475,1.0002822512558376,-0.0165706441603517,-16.570644160351698,-1.4786046187539332,13.267818503934393,-9.816566019594305,0.0892303645196706,-0.8006821204742347,0.5924070256171595,28.13207628590776,0.001246223926997528,6
000272,23.57440035394393,8,2969.468369204371,2979.433000494655,0.9994978771703863,0.9990448004240846,0.0012135625718416028,1.2135625718416028,0.991844544238561,-0.056776772125168504,0.6969611997708717,0.8172998799175385,-0.046785203699063284,0.5743100652100869,28.0579231763767,0.0031239019448423113,7
000273,23.64969737501815,1,2762.6782471497686,2772.902259762475,0.99958137452642,0.9988810862542864,0.0036455557254117203,3.6455557254117203,-2.9668298607674113,-0.17429234025234383,-2.1113074869545545,-0.8138210150202394,-0.04780953944481529,-0.5791455805317881,28.057776830812678,0.003214665552417328,0
000273,23.64969737501815,2,2798.5743886005043,2811.2059239306122,0.9992070366452153,1.0000303182410202,-0.035709716562608865,-35.70971656260887,-3.1972254856833637,-29.476202735557713,19.9026399873951,0.08953376821341487,0.8254392801992112,-0.5573452243033168,28.128993772385627,0.0011798185940266137,1
000273,23.64969737501815,3,2834.900998297384,2846.566788581379,0.9999490364575728,1.0006903934207012,-0.03901095291801916,-39.010952918019164,29.438079430880745,1.8090826499457913,-25.53392149589892,-0.7546106216052798,-0.0463737108331485,0.6545321143412726,28.137665297567242,0.0009382782073639079,2
000273,23.64969737501815,4,2869.0592264031256,2875.751831132393,0.9996803623400423,0.9995724199072495,0.010029989117665951,10.02998911766595,0.8585372469665545,7.717232418420576,6.348851809275988,0.08559702676590164,0.7694158316511145,0.6329869090379842,24.503188789884803,0.003501258611740536,3
000273,23.64969737501815,5,2877.1583926076537,2884.3827511279114,0.9995738740526853,0.9991422488730827,-0.031086384653471865,-31.086384653471864,-3.6857470662456158,26.878359707050127,15.17670447909219,0.1185646741276482,-0.8646344696133146,-0.4882106635516134,24.648424874504606,0.003708329692425451,4
000273,23.64969737501815,6,2904.4342455818605,2920.419747695074,0.9994986496402152,0.9998292028414519,-0.03840033960821021,-38.40033960821021,-33.40430141268383,1.8284126445811453,18.85193985661908,0.869895989293329,-0.04761449151846096,-0.49093159198489034,28.149854264219062,0.0007143761320573302,5
000273,23.64969737501815,7,2937.7002853231734,2949.15820684722,1.0002976641505217,0.9998387551858731,0.002953806286616767,2.953806286616767,0.2635692116753087,-2.3650598810384382,1.749855596503906,0.0892303645196706,-0.8006821204742347,0.5924070256171595,28.13207628590776,0.001246223926997528,6
000273,23.64969737501815,8,2969.468369204371,2979.433000494655,0.9997893996281069,0.9992458516303228,0.0022457479026045417,2.2457479026045415,1.8354494911237558,-0.10506777308009761,1.2897556243902302,0.8172998799175385,-0.046785203699063284,0.5743100652100869,28.0579231763767,0.0031239019448423113,7
000274,23.74073627043981,1,2762.6782471497686,2772.902259762475,0.999060970232401,0.9991046583214435,-0.0046028513032376345,-4.602851303237634,3.7458971195880837,0.22006020094075912,2.665720990115057,-0.8138210150202394,-0.04780953944481529,-0.5791455805317881,28.057776830812678,0.003214665552417328,0
000274,23.74073627043981,2,2798.5743886005043,2811.2059239306122,0.9999076197741109,1.0000765632925186,-0.01599308321653111,-15.99308321653111,-1.431921005726752,-13.201319098419525,8.913668552619143,0.08953376821341487,0.8254392801992112,-0.5573452243033168,28.128993772385627,0.0011798185940266137,1
000274,23.74073627043981,3,2834.900998297384,2846.566788581379,1.0002376463626155,1.0002408284150135,-0.011050796835731102,-11.050796835731102,8.339048669444706,0.5124664569360666,-7.233101418046923,-0.7546106216052798,-0.0463737108331485,0.6545321143412726,28.137665297567242,0.0009382782073639079,2
000274,23.74073627043981,4,2869.0592264031256,2875.751831132393,0.9994384638190815,0.9993233505469107,0.010113573126828443,10.113573126828442,0.8656917896360378,7.781543278343069,6.401759392880757,0.08559702676590164,0.7694158316511145,0.6329869090379842,24.503188789884803,0.003501258611740536,3
000274,23.74073627043981,5,2877.1583926076537,2884.3827511279114,0.9992797850245937,0.9988127110012537,-0.030698560758242874,-30.698560758242873,-3.639764852488875,26.54303379909544,14.987364717861274,0.1185646741276482,-0.8646344696133146,-0.4882106635516134,24.648424874504606,0.003708329692425451,4
000274,23.74073627043981,6,2904.4342455818605,2920.419747695074,0.9992032602276846,1.0000612633392811,-0.06462912237018245,-64.62912237018246,-56.22061434136948,3.0772827989406273,31.72847793377996,0.869895989293329,-0.04761449151846096,-0.49093159198489034,28.149854264219062,0.0007143761320573302,5
000274,23.74073627043981,7,2937.7002853231734,2949.15820684722,1.0006651987561033,1.0003627804051456,-0.0015098466759711354,-1.5098466759711355,-0.1347241692657174,1.2089072381075434,-0.8944437784500155,0.0892303645196706,-0.8006821204742347,0.5924070256171595,28.13207628590776,0.001246223926997528,6
000274,23.74073627043981,8,2969.468369204371,2979.433000494655,0.9995090273308185,0.9997022365254135,-0.006159905317031736,-6.159905317031736,-5.034489875913445,0.2881924250242728,-3.537695624312457,0.8172998799175385,-0.046785203699063284,0.5743100652100869,28.0579231763767,0.0031239019448423113,7
000275,23.82266049995087,1,2762.6782471497686,2772.902259762475,0.9995573733410374,0.9995245713295308,-0.0037548116128447626,-3.7548116128447626,3.055744597975107,0.17951581391215218,2.1745825513084798,-0.8138210150202394,-0.04780953944481529,-0.5791455805317881,28.057776830812678,0.003214665552417328,0
000275,23.82266049995087,2,2798.5743886005043,2811.2059239306122,0.9993154410406989,0.9999449658143374,-0.02987140093813614,-29.87140093813614,-2.674499087805065,-24.65702768891714,16.648682656119796,0.08953376821341487,0.8254392801992112,-0.5573452243033168,28.128993772385627,0.0011798185940266137,1
000275,23.82266049995087,3,2834.900998297384,2846.566788581379,0.9999053005860588,1.0002742312326276,-0.02490440745191353,-24.90440745191353,18.793130387999632,1.1549097896459466,-16.300734465917508,-0.7546106216052798,-0.0463737108331485,0.6545321143412726,28.137665297567242,0.0009382782073639079,2
000275,23.82266049995087,4,2869.0592264031256,2875.751831132393,0.999702325896844,0.9994283603206735,0.01196517120802429,11.965171208024291,1.0241830801518508,9.20619215586998,7.573796739077578,0.08559702676590164,0.7694158316511145,0.6329869090379842,24.503188789884803,0.003501258611740536,3
000275,23.82266049995087,5,2877.1583926076537,2884.3827511279114,0.9996033163610359,0.9986621533806674,-0.025511846422456998,-25.511846422456998,-3.024803757473222,22.058421800337445,12.455155470334587,0.1185646741276482,-0.8646344696133146,-0.4882106635516134,24.648424874504606,0.003708329692425451,4
000275,23.82266049995087,6,2904.4342455818605,2920.419747695074,0.9994927024159522,1.0001384167350682,-0.054072524461242756,-54.07252446124276,-47.037472159800494,2.574635757341616,26.545910516399832,0.869895989293329,-0.04761449151846096,-0.49093159198489034,28.149854264219062,0.0007143761320573302,5
000275,23.82266049995087,7,2937.7002853231734,2949.15820684722,0.9997727635355398,0.9997713244809084,-0.010094816061917294,-10.094816061917294,-0.9007641169639059,8.0827387302533,-5.980239957392752,0.0892303645196706,-0.8006821204742347,0.5924070256171595,28.13207628590776,0.001246223926997528,6
000275,23.82266049995087,8,2969.468369204371,2979.433000494655,0.9994868204609029,0.9994508383924137,-0.003545065179217635,-3.545065179217635,-2.8973813452744204,0.16585659653615334,-2.0359666142504884,0.8172998799175385,-0.046785203699063284,0.5743100652100869,28.0579231763767,0.0031239019448423113,7
000276,23.94073541648686,1,2762.6782471497686,2772.902259762475,0.9992860194789803,0.9992489466998015,-0.0037074619497059736,-3.7074619497059738,3.0172104470586314,0.17725204832461955,2.147160203161981,-0.8138210150202394,-0.04780953944481529,-0.5791455805317881,28.057776830812678,0.003214665552417328,0
000276,23.94073541648686,2,2798.5743886005043,2811.2059239306122,0.9998688958637636,1.0001738084359513,-0.0200901273476887,-20.0901273476887,-1.7987448053259474,-16.58318025698665,11.197136532879757,0.08953376821341487,0.8254392801992112,-0.5573452243033168,28.128993772385627,0.0011798185940266137,1
000276,23.94073541648686,3,2834.900998297384,2846.566788581379,1.0000139775096717,1.000167276593919,-0.01673684167429171,-16.73684167429171,12.629798499546421,0.7761494560637928,-10.954800368469279,-0.7546106216052798,-0.0463737108331485,0.6545321143412726,28.137665297567242,0.0009382782073639079,2
000276,23.94073541648686,4,2869.0592264031256,2875.751831132393,0.9998515296619747,0.9996279312132008,0.011378087016640755,11.378087016640755,0.9739304189081567,8.754480284507395,7.2021801314286495,0.08559702676590164,0.7694158316511145,0.6329869090379842,24.503188789884803,0.003501258611740536,3
000276,23.94073541648686,5,2877.1583926076537,2884.3827511279114,0.999515973707983,0.9989284009438727,-0.02938025849253618,-29.380258492536182,-3.483460773953621,25.403184218796103,14.343755493959014,0.1185646741276482,-0.8646344696133146,-0.4882106635516134,24.648424874504606,0.003708329692425451,4
000276,23.94073541648686,6,2904.4342455818605,2920.419747695074,0.9993392705391747,1.0001173051461354,-0.060652485926234005,-60.65248592623401,-52.761354247901046,2.8879372767082416,29.776221473607215,0.869895989293329,-0.04761449151846096,-0.49093159198489034,28.149854264219062,0.0007143761320573302,5
000276,23.94073541648686,7,2937.7002853231734,2949.15820684722,1.000493660304999,1.000182448611015,-0.0012590301526982216,-1.2590301526982217,-0.11234371946651886,1.0080829324034117,-0.7458583079222716,0.0892303645196706,-0.8006821204742347,0.5924070256171595,28.13207628590776,0.001246223926997528,6
000276,23.94073541648686,8,2969.468369204371,2979.433000494655,0.9992948053693063,0.9996691180516439,-0.00822611265179294,-8.22611265179294,-6.723200882498514,0.38486035606557434,-4.724339293476724,0.8172998799175385,-0.046785203699063284,0.5743100652100869,28.0579231763767,0.0031239019448423113,7
000277,24.036196145461872,1,2762.6782471497686,2772.902259762475,0.9993375769439521,0.999300831841732,-0.0037110948782115637,-3.7110948782115636,3.0201670006225467,0.1774257369633077,2.1492641976503815,-0.8138210150202394,-0.04780953944481529,-0.5791455805317881,28.057776830812678,0.003214665552417328,0
000277,24.036196145461872,2,2798.5743886005043,2811.2059239306122,0.9996193794217395,0.9999497064331391,-0.020855919828588188,-20.85591982858819,-1.867309091810378,-17.21529545120229,11.623947314916476,0.08953376821341487,0.8254392801992112,-0.5573452243033168,28.128993772385627,0.0011798185940266137,1
000277,24.036196145461872,3,2834.900998297384,2846.566788581379,1.0001858906526624,1.0000437937812028,-0.005548007012507361,-5.5480070125073615,4.186585020378631,0.2572816728982965,-3.63134876027665,-0.7546106216052798,-0.0463737108331485,0.6545321143412726,28.137665297567242,0.0009382782073639079,2
000277,24.036196145461872,4,2869.0592264031256,2875.751831132393,0.9999704997565162,0.9996771865166945,0.012190689478708222,12.190689478708222,1.0434867736037832,9.379709483660777,7.716546852169392,0.08559702676590164,0.7694158316511145,0.6329869090379842,24.503188789884803,0.003501258611740536,3
000277,24.036196145461872,5,2877.1583926076537,2884.3827511279114,0.9997412721290097,0.9992807944047453,-0.03077072679052742,-30.77072679052742,-3.6483211945897778,26.605431038143887,15.0225969443688,0.1185646741276482,-0.8646344696133146,-0.4882106635516134,24.648424874504606,0.003708329692425451,4
000277,24.036196145461872,6,2904.4342455818605,2920.419747695074,0.9994300165371999,0.9998977143227639,-0.045220201435177125,-45.220201435177124,-39.33687186349702,2.153136897698337,22.20002548044893,0.869895989293329,-0.04761449151846096,-0.49093159198489034,28.149854264219062,0.0007143761320573302,5
000277,24.036196145461872,7,2937.7002853231734,2949.15820684722,1.0003001909010896,1.0000695725649482,-0.003557831160725576,-3.557831160725576,-0.31746657137098594,2.848691798059062,-2.107684175573485,0.0892303645196706,-0.8006821204742347,0.5924070256171595,28.13207628590776,0.001246223926997528,6
000277,24.036196145461872,8,2969.468369204371,2979.433000494655,0.999646193326683,0.9992990950471395,4.45562380956821e-06,0.00445562380956821,0.003641580804517823,-0.00020845726753704506,0.0025589096006247342,0.8172998799175385,-0.046785203699063284,0.5743100652100869,28.0579231763767,0.0031239019448423113,7
000278,24.126617916394025,1,2762.6782471497686,2772.902259762475,0.9993219806260499,0.9990419706371182,-0.0010140363343027266,-1.0140363343027265,0.8252440788496478,0.04848061012332211,0.587274661510079,-0.8138210150202394,-0.04780953944481529,-0.5791455805317881,28.057776830812678,0.003214665552417328,0
000278,24.126617916394025,2,2798.5743886005043,2811.2059239306122,0.9997040795925511,1.0001274258465205,-0.023658792476888346,-23.658792476888348,-2.1182608418350046,-19.52889663250523,13.18611499977696,0.08953376821341487,0.8254392801992112,-0.5573452243033168,28.128993772385627,0.0011798185940266137,1
000278,24.126617916394025,3,2834.900998297384,2846.566788581379,0.9999277571538913,1.0000141030773704,-0.014200829141128739,-14.20082914112874,10.716096505497529,0.6585451441816527,-9.294898723142152,-0.7546106216052798,-0.0463737108331485,0.6545321143412726,28.137665297567242,0.0009382782073639079,2
000278,24.126617916394025,4,2869.0592264031256,2875.751831132393,0.9998522272163262,0.9991820322627851,0.016583659806427068,16.583659806427068,1.419511972327345,12.759730401781242,10.497239561407724,0.08559702676590164,0.7694158316511145,0.6329869090379842,24.503188789884803,0.003501258611740536,3
000278,24.126617916394025,5,2877.1583926076537,2884.3827511279114,0.9995533168935434,0.9987288640831967,-0.026788700276590673,-26.788700276590674,-3.1761935185972123,23.162433655280033,13.078529137719622,0.1185646741276482,-0.8646344696133146,-0.4882106635516134,24.648424874504606,0.003708329692425451,4
000278,24.126617916394025,6,2904.4342455818605,2920.419747695074,0.9993436293762401,0.9999361476215788,-0.051427214953193474,-51.42721495319348,-44.736328028308925,2.448680690206899,25.247244508320428,0.869895989293329,-0.04761449151846096,-0.49093159198489034,28.149854264219062,0.0007143761320573302,5
000278,24.126617916394025,7,2937.7002853231734,2949.15820684722,0.9996384708542932,1.0000699553920616,-0.022443292626814333,-22.443292626814333,-2.002623182112279,17.969943130861456,-13.295564230106606,0.0892303645196706,-0.8006821204742347,0.5924070256171595,28.13207628590776,0.001246223926997528,6
000278,24.126617916394025,8,2969.468369204371,2979.433000494655,0.9993903368462932,0.9992412725044022,-0.0022549109936383462,-2.2549109936383465,-1.8429384843253578,0.10549647016062721,-1.2950180797993804,0.8172998799175385,-0.046785203699063284,0.5743100652100869,28.0579231763767,0.0031239019448423113,7
000279,24.20546454086434,1,2762.6782471497686,2772.902259762475,0.9992544560977015,0.9993318541101236,-0.004976590555518173,-4.976590555518173,4.050053977231936,0.2379285024647413,2.8821704263445858,-0.8138210150202394,-0.04780953944481529,-0.5791455805317881,28.057776830812678,0.003214665552417328,0
000279,24.20546454086434,2,2798.5743886005043,2811.2059239306122,0.9999168732485895,1.000075669449708,-0.015687322415885805,-15.687322415885806,-1.404545089073027,-12.948932123221729,8.743254230600325,0.08953376821341487,0.8254392801992112,-0.5573452243033168,28.128993772385627,0.0011798185940266137,1
000279,24.20546454086434,3,2834.900998297384,2846.566788581379,0.9999890293328888,1.0001178990968889,-0.01581152221793302,-15.811522217933021,11.931542609400129,0.7332389591663288,-10.349149068257708,-0.7546106216052798,-0.0463737108331485,0.6545321143412726,28.137665297567242,0.0009382782073639079,2
000279,24.20546454086434,4,2869.0592264031256,2875.751831132393,0.9999573548240236,0.9991550035576451,0.018124086788639696,18.124086788639698,1.5513679419547164,13.94495930939819,11.472309675477206,0.08559702676590164,0.7694158316511145,0.6329869090379842,24.503188789884803,0.003501258611740536,3
000279,24.20546454086434,5,2877.1583926076537,2884.3827511279114,0.999901820890155,0.9993597648756276,-0.029878229124587045,-29.878229124587044,-3.542502499667871,25.833746792122408,14.586870066661781,0.1185646741276482,-0.8646344696133146,-0.4882106635516134,24.648424874504606,0.003708329692425451,4
000279,24.20546454086434,6,2904.4342455818605,2920.419747695074,0.9993921037856985,0.9998910439759259,-0.04677380914044249,-46.77380914044249,-40.688348975242576,2.2271111386037106,22.962740584514847,0.869895989293329,-0.04761449151846096,-0.49093159198489034,28.149854264219062,0.0007143761320573302,5
000279,24.20546454086434,7,2937.7002853231734,2949.15820684722,1.0001644104322795,1.000192520559537,-0.010937660818986733,-10.937660818986732,-0.975971461870705,8.757589457574252,-6.4795471129852755,0.0892303645196706,-0.8006821204742347,0.5924070256171595,28.13207628590776,0.001246223926997528,6
000279,24.20546454086434,8,2969.468369204371,2979.433000494655,0.9996092867757342,0.998874972493911,0.0044221979545594195,4.42219795455942,3.614261857232998,-0.20689343210164343,2.539712795654933,0.8172998799175385,-0.046785203699063284,0.5743100652100869,28.0579231763767,0.0031239019448423113,7
000280,24.28456322848797,1,2762.6782471497686,2772.902259762475,0.9989473522797898,0.9992750584107513,-0.007751736853209642,-7.751736853209642,6.308526354048867,0.37060696884935473,4.4893841399817545,-0.8138210150202394,-0.04780953944481529,-0.5791455805317881,28.057776830812678,0.003214665552417328,0
000280,24.28456322848797,2,2798.5743886005043,2811.2059239306122,1.0000917313269309,0.9998060996865215,-0.002295742278827314,-2.295742278827314,-0.2055464570702616,-1.894995854158115,1.279520995335617,0.08953376821341487,0.8254392801992112,-0.5573452243033168,28.128993772385627,0.0011798185940266137,1
000280,24.28456322848797,3,2834.900998297384,2846.566788581379,0.9998910001098491,1.000260248165029,-0.024916430069012844,-24.916430069012844,18.802202782562265,1.155467323014768,-16.308603654907436,-0.7546106216052798,-0.0463737108331485,0.6545321143412726,28.137665297567242,0.0009382782073639079,2
000280,24.28456322848797,4,2869.0592264031256,2875.751831132393,0.9993061098820656,0.9994949472638415,0.006570694405805661,6.570694405805661,0.5624319049243073,5.055596300768289,4.1591635421641,0.08559702676590164,0.7694158316511145,0.6329869090379842,24.503188789884803,0.003501258611740536,3
000280,24.28456322848797,5,2877.1583926076537,2884.3827511279114,0.9999403063475669,0.9993153473840561,-0.028971239186103375,-28.971239186103375,-3.434965533174499,25.049532027716968,14.144067906960032,0.1185646741276482,-0.8646344696133146,-0.4882106635516134,24.648424874504606,0.003708329692425451,4
000280,24.28456322848797,6,2904.4342455818605,2920.419747695074,0.9997366597021897,1.0001185054870845,-0.04095099324875783,-40.95099324875783,-35.62310478467263,1.9498607207155316,20.104136308975182,0.869895989293329,-0.04761449151846096,-0.49093159198489034,28.149854264219062,0.0007143761320573302,5
000280,24.28456322848797,7,2937.7002853231734,2949.15820684722,1.00033992971283,0.9996973535447031,0.00819262948245846,8.192629482458461,0.7310313150943687,-6.559691946274572,4.8533712636866655,0.0892303645196706,-0.8006821204742347,0.5924070256171595,28.13207628590776,0.001246223926997528,6
000280,24.28456322848797,8,2969.468369204371,2979.433000494655,0.9994246049644183,0.998805856230607,0.0031037121212702857,3.1037121212702856,2.5366635440128134,-0.14520780381688211,1.7824931107600748,0.8172998799175385,-0.046785203699063284,0.5743100652100869,28.0579231763767,0.0031239019448423113,7
000281,24.384162374422885,1,2762.6782471497686,2772.902259762475,0.9993564432266843,0.999092593499493,-0.0011932038770913539,-1.1932038770913538,0.9710543903805706,0.05704652782750562,0.6910387520908524,-0.8138210150202394,-0.04780953944481529,-0.5791455805317881,28.057776830812678,0.003214665552417328,0
000281,24.384162374422885,2,2798.5743886005043,2811.2059239306122,0.9998445559366973,0.9998733619113322,-0.011770433390652885,-11.770433390652885,-1.0538512549701544,-9.715778065613279,6.560194838260682,0.08953376821341487,0.8254392801992112,-0.5573452243033168,28.128993772385627,0.0011798185940266137,1
000281,24.384162374422885,3,2834.900998297384,2846.566788581379,1.000228053532454,1.0002862781718613,-0.01313566764559482,-13.13566764559482,9.91231432724267,0.6091496529971587,-8.597716317355424,-0.7546106216052798,-0.0463737108331485,0.6545321143412726,28.137665297567242,0.0009382782073639079,2
000281,24.384162374422885,4,2869.0592264031256,2875.751831132393,0.9994986869081082,0.9992750412070409,0.01137863779402081,11.37863779402081,0.9739775638142993,8.754904061343323,7.202528766300019,0.08559702676590164,0.7694158316511145,0.6329869090379842,24.503188789884803,0.003501258611740536,3
000281,24.384162374422885,5,2877.1583926076537,2884.3827511279114,0.999725157344932,0.9991359577966635,-0.029362460852263687,-29.362460852263688,-3.4813506025344716,25.387795765538723,14.335066496191926,0.1185646741276482,-0.8646344696133146,-0.4882106635516134,24.648424874504606,0.003708329692425451,4
000281,24.384162374422885,6,2904.4342455818605,2920.419747695074,0.9997357709537735,0.9998670436530451,-0.028490611893638343,-28.49061189363834,-24.78386901878881,1.3565659983654057,13.986941453567523,0.869895989293329,-0.04761449151846096,-0.49093159198489034,28.149854264219062,0.0007143761320573302,5
000281,24.384162374422885,7,2937.7002853231734,2949.15820684722,1.0002900056186037,0.9998664598287431,0.0019451263652712195,1.9451263652712194,0.17356433460997286,-1.5574279027357008,1.1523065244998396,0.0892303645196706,-0.8006821204742347,0.5924070256171595,28.13207628590776,0.001246223926997528,6
000281,24.384162374422885,8,2969.468369204371,2979.433000494655,0.9997420618882146,0.9991864606837237,0.002383262781060109,2.3832627810601092,1.947840384772366,-0.11150143468029326,1.3687318032034042,0.8172998799175385,-0.046785203699063284,0.5743100652100869,28.0579231763767,0.0031239019448423113,7
000282,24.4626084578922,1,2762.6782471497686,2772.902259762475,0.9991807697184377,0.9992463516688463,-0.004845586811247229,-4.845586811247229,3.943440377097905,0.23166527378560112,2.8063001868169524,-0.8138210150202394,-0.04780953944481529,-0.5791455805317881,28.057776830812678,0.003214665552417328,0
000282,24.4626084578922,2,2798.5743886005043,2811.2059239306122,0.9997459845610241,0.9995055834997764,-0.0036586382742852066,-3.658638274285207,-0.3275716712265799,-3.0199837436352652,2.0391245696261886,0.08953376821341487,0.8254392801992112,-0.5573452243033168,28.128993772385627,0.0011798185940266137,1
000282,24.4626084578922,3,2834.900998297384,2846.566788581379,1.0002959556848898,1.0004418817183347,-0.016457569582759794,-16.457569582759792,12.419056812958512,0.7631985728473231,-10.772007815922382,-0.7546106216052798,-0.0463737108331485,0.6545321143412726,28.137665297567242,0.0009382782073639079,2
000282,24.4626084578922,4,2869.0592264031256,2875.751831132393,0.9998236310160983,0.999550809768988,0.011951832795933719,11.951832795933719,1.0230413517351198,9.195929370438408,7.565353698836893,0.08559702676590164,0.7694158316511145,0.6329869090379842,24.503188789884803,0.003501258611740536,3
000282,24.4626084578922,5,2877.1583926076537,2884.3827511279114,0.999643821102208,0.9992761056177343,-0.03178558113760552,-31.78558113760552,-3.76864706953812,27.482909088264524,15.518059658564038,0.1185646741276482,-0.8646344696133146,-0.4882106635516134,24.648424874504606,0.003708329692425451,4
000282,24.4626084578922,6,2904.4342455818605,2920.419747695074,0.9995272103730395,0.9995606299711924,-0.023624618589979253,-23.624618589979253,-20.550960960007572,1.1248742014794422,11.598071614414351,0.869895989293329,-0.04761449151846096,-0.49093159198489034,28.149854264219062,0.0007143761320573302,5
000282,24.4626084578922,7,2937.7002853231734,2949.15820684722,0.9998242990454279,0.9999992461114133,-0.015125957619105778,-15.125957619105778,-1.3496947120618976,12.11108382066902,-8.960723562745667,0.0892303645196706,-0.8006821204742347,0.5924070256171595,28.13207628590776,0.001246223926997528,6
000282,24.4626084578922,8,2969.468369204371,2979.433000494655,0.9993945418930142,1.0000107720192168,-0.010986145620514998,-10.986145620514998,-8.9789754964035,0.5139890607233661,-6.3094540077254795,0.8172998799175385,-0.046785203699063284,0.5743100652100869,28.0579231763767,0.0031239019448423113,7
000283,24.576466291444376,1,2762.6782471497686,2772.902259762475,0.9991162043398901,0.9991496139644903,-0.004488894781534377,-4.488894781534377,3.6531569074273627,0.2146119921213933,2.5997235741978413,-0.8138210150202394,-0.04780953944481529,-0.5791455805317881,28.057776830812678,0.003214665552417328,0
000283,24.576466291444376,2,2798.5743886005043,2811.2059239306122,1.0004069327070426,1.0000645898931448,-0.0005869109377813599,-0.5869109377813599,-0.05254834786523423,-0.4844593420232898,0.32711200826382203,0.08953376821341487,0.8254392801992112,-0.5573452243033168,28.128993772385627,0.0011798185940266137,1
000283,24.576466291444376,3,2834.900998297384,2846.566788581379,0.9998175476233571,1.000426323085012,-0.03398910860857656,-33.98910860857656,25.648542374927324,1.576201094090608,-22.246963122146767,-0.7546106216052798,-0.0463737108331485,0.6545321143412726,28.137665297567242,0.0009382782073639079,2
000283,24.576466291444376,4,2869.0592264031256,2875.751831132393,0.9996303094661446,0.9992621947762385,0.013062582538863355,13.062582538863355,1.1181182272108858,10.050557807650875,8.268443745328659,0.08559702676590164,0.7694158316511145,0.6329869090379842,24.503188789884803,0.003501258611740536,3
000283,24.576466291444376,5,2877.1583926076537,2884.3827511279114,0.9991465363588005,0.9987775777933818,-0.03177198135709562,-31.771981357095623,-3.767034615993756,27.47115024925649,15.511420100697144,0.1185646741276482,-0.8646344696133146,-0.4882106635516134,24.648424874504606,0.003708329692425451,4
000283,24.576466291444376,6,2904.4342455818605,2920.419747695074,0.9992840227089986,0.9996309930161605,-0.039216721782959776,-39.21672178295977,-34.114468992229035,1.8672842667165814,19.25272765733697,0.869895989293329,-0.04761449151846096,-0.49093159198489034,28.149854264219062,0.0007143761320573302,5
000283,24.576466291444376,7,2937.7002853231734,2949.15820684722,1.0002312513005127,1.0001405398946568,-0.00754846017754615,-7.548460177546151,-0.6735518532046605,6.04391710127297,-4.471760841769691,0.0892303645196706,-0.8006821204742347,0.5924070256171595,28.13207628590776,0.001246223926997528,6
000283,24.576466291444376,8,2969.468369204371,2979.433000494655,0.9992947402976704,0.9995644426447623,-0.007032614698381061,-7.032614698381061,-5.747755148493157,0.32902231120078446,-4.038901406024642,0.8172998799175385,-0.046785203699063284,0.5743100652100869,28.0579231763767,0.0031239019448423113,7
000284,24.67154779145494,1,2762.6782471497686,2772.902259762475,0.9995038657305717,0.9993849392287323,-0.0027999562055083826,-2.7999562055083826,2.2786632011790497,0.13386461665100835,1.6215822621027347,-0.8138210150202394,-0.04780953944481529,-0.5791455805317881,28.057776830812678,0.003214665552417328,0
000284,24.67154779145494,2,2798.5743886005043,2811.2059239306122,0.9997706847642431,1.0001885592429447,-0.023493915954439948,-23.49391595443995,-2.1034988254902762,-19.392801074493672,13.094221857390606,0.08953376821341487,0.8254392801992112,-0.5573452243033168,28.128993772385627,0.0011798185940266137,1
000284,24.67154779145494,3,2834.900998297384,2846.566788581379,1.0001679180521121,1.0001483650244882,-0.010189650816385213,-10.189650816385212,7.689218736493192,0.4725319204498034,-6.669453693247887,-0.7546106216052798,-0.0463737108331485,0.6545321143412726,28.137665297567242,0.0009382782073639079,2
000284,24.67154779145494,4,2869.0592264031256,2875.751831132393,0.9997099401778848,0.9991600268710488,0.015181645100726527,15.181645100726527,1.299503682037308,11.680998091007568,9.60978260642054,0.08559702676590164,0.7694158316511145,0.6329869090379842,24.503188789884803,0.003501258611740536,3
000284,24.67154779145494,5,2877.1583926076537,2884.3827511279114,0.99973974844475,0.998691818153965,-0.024343771251498815,-24.343771251498815,-2.886311305471968,21.048463744427533,11.884888716042926,0.1185646741276482,-0.8646344696133146,-0.4882106635516134,24.648424874504606,0.003708329692425451,4
000284,24.67154779145494,6,2904.4342455818605,2920.419747695074,0.9993498645246897,1.0000742025825613,-0.05798228901566221,-57.982289015662204,-50.438560664771195,2.7607972085571997,28.465337453387068,0.869895989293329,-0.04761449151846096,-0.49093159198489034,28.149854264219062,0.0007143761320573302,5
000284,24.67154779145494,7,2937.7002853231734,2949.15820684722,1.0002144084934654,0.999767693544634,0.002605990826350299,2.6059908263502987,0.2325335113701548,-2.0865702607785606,1.5438072742237843,0.0892303645196706,-0.8006821204742347,0.5924070256171595,28.13207628590776,0.001246223926997528,6
000284,24.67154779145494,8,2969.468369204371,2979.433000494655,0.999111126426873,0.9993927830862506,-0.007169001291673355,-7.169001291673355,-5.8592238948133115,0.3354031857497857,-4.117229599312122,0.8172998799175385,-0.046785203699063284,0.5743100652100869,28.0579231763767,0.0031239019448423113,7
000285,24.74974677048158,1,2762.6782471497686,2772.902259762475,0.9994844624190805,0.9992078708473052,-0.0010519360547395053,-1.0519360547395054,0.8560876678044904,0.05029257830249175,0.6092241171044297,-0.8138210150202394,-0.04780953944481529,-0.5791455805317881,28.057776830812678,0.003214665552417328,0
000285,24.74974677048158,2,2798.5743886005043,2811.2059239306122,0.9999338803742707,0.9996606518997105,-0.0026694767164645848,-2.669476716464585,-0.23900830958304795,-2.203490939347081,1.4878200993104356,0.08953376821341487,0.8254392801992112,-0.5573452243033168,28.128993772385627,0.0011798185940266137,1
000285,24.74974677048158,3,2834.900998297384,2846.566788581379,0.9998894243228738,0.9999384153375718,-0.01278592182746013,-12.78592182746013,9.648392418016204,0.5929306415618777,-8.368796447529707,-0.7546106216052798,-0.0463737108331485,0.6545321143412726,28.137665297567242,0.0009382782073639079,2
000285,24.74974677048158,4,2869.0592264031256,2875.751831132393,0.9997393243165289,0.9996570738066815,0.009730521536585816,9.730521536585817,0.8329037124133185,7.486817320471256,6.159292750770992,0.08559702676590164,0.7694158316511145,0.6329869090379842,24.503188789884803,0.003501258611740536,3
000285,24.74974677048158,5,2877.1583926076537,2884.3827511279114,0.9996246031261525,0.9990402237643681,-0.02941519553415587,-29.41519553415587,-3.4876030729082435,25.433391989246804,14.360812130230693,0.1185646741276482,-0.8646344696133146,-0.4882106635516134,24.648424874504606,0.003708329692425451,4
000285,24.74974677048158,6,2904.4342455818605,2920.419747695074,0.999675137308151,0.9998616266317217,-0.031236398394203127,-31.23639839420313,-27.172417683085882,1.4873052264080522,15.334934791540412,0.869895989293329,-0.04761449151846096,-0.49093159198489034,28.149854264219062,0.0007143761320573302,5
000285,24.74974677048158,7,2937.7002853231734,2949.15820684722,1.0002335204991555,0.9991530056258817,0.020684154389644237,20.684154389644238,1.8456546359691,-16.5614325969168,12.253438379375256,0.0892303645196706,-0.8006821204742347,0.5924070256171595,28.13207628590776,0.001246223926997528,6
000285,24.74974677048158,8,2969.468369204371,2979.433000494655,0.9997774040318216,0.9991880810826276,0.0027679937275211577,2.7679937275211577,2.262280941115542,-0.12950115037980683,1.5896866581537876,0.8172998799175385,-0.046785203699063284,0.5743100652100869,28.0579231763767,0.0031239019448423113,7
000286,24.828623520443216,1,2762.6782471497686,2772.902259762475,0.9994060472797908,0.9990674939918299,-0.00036497141182506213,-0.36497141182506215,0.29702140482484185,0.01744911510988023,0.2113715801789319,-0.8138210150202394,-0.04780953944481529,-0.5791455805317881,28.057776830812678,0.003214665552417328,0
000286,24.828623520443216,2,2798.5743886005043,2811.2059239306122,0.9995637376470331,0.9998147512122365,-0.018466032716586554,-18.466032716586554,-1.6533334930681962,-15.24258875371429,10.291955146418319,0.08953376821341487,0.8254392801992112,-0.5573452243033168,28.128993772385627,0.0011798185940266137,1
000286,24.828623520443216,3,2834.900998297384,2846.566788581379,0.9998873398449949,1.000048017458808,-0.017016321287214396,-17.016321287214396,12.84069678398001,0.7891099628172297,-11.137728750430844,-0.7546106216052798,-0.0463737108331485,0.6545321143412726,28.137665297567242,0.0009382782073639079,2
000286,24.828623520443216,4,2869.0592264031256,2875.751831132393,0.9997138054954872,0.999700718070196,0.008924349819654013,8.924349819654013,0.7638978103811941,6.866536038434566,5.648996607516485,0.08559702676590164,0.7694158316511145,0.6329869090379842,24.503188789884803,0.003501258611740536,3
000286,24.828623520443216,5,2877.1583926076537,2884.3827511279114,0.9993149855874182,0.9988874014224711,-0.03113059489784564,-31.13059489784564,-3.690988839462896,26.916585408245723,15.198288391833689,0.1185646741276482,-0.8646344696133146,-0.4882106635516134,24.648424874504606,0.003708329692425451,4
000286,24.828623520443216,6,2904.4342455818605,2920.419747695074,0.9998258008935014,0.9996975869759078,-0.015586982620571848,-15.586982620571849,-13.559053666820274,0.7421662517856166,7.652142192158156,0.869895989293329,-0.04761449151846096,-0.49093159198489034,28.149854264219062,0.0007143761320573302,5
000286,24.828623520443216,7,2937.7002853231734,2949.15820684722,0.999625484460659,0.9996843829742481,-0.011815851968098886,-11.815851968098887,-1.054332778223931,9.460741409027076,-6.9997937195541216,0.0892303645196706,-0.8006821204742347,0.5924070256171595,28.13207628590776,0.001246223926997528,6
000286,24.828623520443216,8,2969.468369204371,2979.433000494655,0.9993806020953501,0.9991689359529018,-0.0015406878657851255,-1.5406878657851255,-1.2592040076965918,0.07208139563743216,-0.8848325486674449,0.8172998799175385,-0.046785203699063284,0.5743100652100869,28.0579231763767,0.0031239019448423113,7
000287,24.90471524989698,1,2762.6782471497686,2772.902259762475,0.9995887231948748,0.9993498014828236,-0.0014695788078307773,-1.4695788078307774,1.1959741170410765,0.07025988598025018,0.8511000717983687,-0.8138210150202394,-0.04780953944481529,-0.5791455805317881,28.057776830812678,0.003214665552417328,0
000287,24.90471524989698,2,2798.5743886005043,2811.2059239306122,0.9998271582484245,1.0000986787375743,-0.019083951059525227,-19.083951059525226,-1.7086580507596847,-15.752642825931476,10.636348983864607,0.08953376821341487,0.8254392801992112,-0.5573452243033168,28.128993772385627,0.0011798185940266137,1
000287,24.90471524989698,3,2834.900998297384,2846.566788581379,1.0001377418869903,0.9997837157292635,0.0024793261253486256,2.4793261253486256,-1.8709258286115362,-0.11497555279798766,1.622798570965991,-0.7546106216052798,-0.0463737108331485,0.6545321143412726,28.137665297567242,0.0009382782073639079,2
000287,24.90471524989698,4,2869.0592264031256,2875.751831132393,0.9996344910125944,0.9996147101703898,0.009002368945605807,9.002368945605808,0.770576015593542,6.926565189113459,5.698381692898557,0.08559702676590164,0.7694158316511145,0.6329869090379842,24.503188789884803,0.003501258611740536,3
000287,24.90471524989698,5,2877.1583926076537,2884.3827511279114,0.9997476592504179,0.9993688059679355,-0.031663729371720364,-31.663729371720365,-3.7541997546240684,27.377551851296968,15.45857032708631,0.1185646741276482,-0.8646344696133146,-0.4882106635516134,24.648424874504606,0.003708329692425451,4
000287,24.90471524989698,6,2904.4342455818605,2920.419747695074,0.9998295792178014,1.0002285135006124,-0.041800762090823444,-41.80076209082345,-36.36231529221194,1.9903220320387172,20.521314679429604,0.869895989293329,-0.04761449151846096,-0.49093159198489034,28.149854264219062,0.0007143761320573302,5
000287,24.90471524989698,7,2937.7002853231734,2949.15820684722,1.0002330041862608,0.9999975769125337,-0.0034206636463582785,-3.4206636463582787,-0.30522706406373484,2.738864221795274,-2.026425176375855,0.0892303645196706,-0.8006821204742347,0.5924070256171595,28.13207628590776,0.001246223926997528,6
000287,24.90471524989698,8,2969.468369204371,2979.433000494655,0.9994525663532998,0.99881517534483,0.0033164015902374232,3.3164015902374233,2.7104946214593797,-0.15515852394715524,1.9046428135520903,0.8172998799175385,-0.046785203699063284,0.5743100652100869,28.0579231763767,0.0031239019448423113,7
000288,25.001614832901396,1,2762.6782471497686,2772.902259762475,0.9994383841564906,0.9992557728439148,-0.002093887749696512,-2.093887749696512,1.7040498537964601,0.10010780896213091,1.2126658363663858,-0.8138210150202394,-0.04780953944481529,-0.5791455805317881,28.057776830812678,0.003214665552417328,0
000288,25.001614832901396,2,2798.5743886005043,2811.2059239306122,0.9996317606173123,1.0001343389724284,-0.026046228485143746,-26.046228485143747,-2.3320169840225042,-21.499580092681246,14.51674105730788,0.08953376821341487,0.8254392801992112,-0.5573452243033168,28.128993772385627,0.0011798185940266137,1
000288,25.001614832901396,3,2834.900998297384,2846.566788581379,1.0001263291835059,1.000136550311018,-0.011317418792133164,-11.317418792133164,8.54024442969888,0.5248307064440242,-7.407614050900571,-0.7546106216052798,-0.0463737108331485,0.6545321143412726,28.137665297567242,0.0009382782073639079,2
000288,25.001614832901396,4,2869.0592264031256,2875.751831132393,0.9999429344808092,0.9994121087646828,0.014959158265831421,14.959158265831421,1.2804594704757308,11.509813197905327,9.468951352498642,0.08559702676590164,0.7694158316511145,0.6329869090379842,24.503188789884803,0.003501258611740536,3
000288,25.001614832901396,5,2877.1583926076537,2884.3827511279114,0.9999975479784676,0.9989430131856981,-0.024271515476256552,-24.271515476256553,-2.877744323026528,20.98598891052444,11.849612676066466,0.1185646741276482,-0.8646344696133146,-0.4882106635516134,24.648424874504606,0.003708329692425451,4
000288,25.001614832901396,6,2904.4342455818605,2920.419747695074,0.9990201558616973,0.9995534283624833,-0.048481070242722205,-48.481070242722204,-42.17348856079221,2.3084015078780062,23.800888995390903,0.869895989293329,-0.04761449151846096,-0.49093159198489034,28.149854264219062,0.0007143761320573302,5
000288,25.001614832901396,7,2937.7002853231734,2949.15820684722,1.0003913263175102,1.000578895450438,-0.01548598257633904,-15.48598257633904,-1.3818198702320001,12.399349366850196,-9.174004876808167,0.0892303645196706,-0.8006821204742347,0.5924070256171595,28.13207628590776,0.001246223926997528,6
000288,25.001614832901396,8,2969.468369204371,2979.433000494655,0.9993695935446886,0.9993725263309654,-0.00398904425080233,-3.98904425080233,-3.2602453871664916,0.1866282478383643,-2.290948263804208,0.8172998799175385,-0.046785203699063284,0.5743100652100869,28.0579231763767,0.0031239019448423113,7
000289,25.07884268695489,1,2762.6782471497686,2772.902259762475,0.9995301020544332,0.9986727522450869,0.005386884556649232,5.386884556649232,-4.38395985768913,-0.25754446969578776,-3.1197903838183434,-0.8138210150202394,-0.04780953944481529,-0.5791455805317881,28.057776830812678,0.003214665552417328,0
000289,25.07884268695489,2,2798.5743886005043,2811.2059239306122,1.000122060282842,0.9998492760958908,-0.0026828640710874797,-2.68286407108748,-0.240206929888845,-2.2145413877107747,1.495281477475561,0.08953376821341487,0.8254392801992112,-0.5573452243033168,28.128993772385627,0.0011798185940266137,1
000289,25.07884268695489,3,2834.900998297384,2846.566788581379,1.0003835548244084,1.0001269427929216,-0.0012104689824188495,-1.2104689824188495,0.9134327512569986,0.05613393856318725,-0.7922908224071382,-0.7546106216052798,-0.0463737108331485,0.6545321143412726,28.137665297567242,0.0009382782073639079,2
000289,25.07884268695489,4,2869.0592264031256,2875.751831132393,0.9998413665890149,0.9991144938684582,0.017244301433966148,17.244301433966147,1.4760609314024764,13.26803852905757,10.91541706320551,0.08559702676590164,0.7694158316511145,0.6329869090379842,24.503188789884803,0.003501258611740536,3
000289,25.07884268695489,5,2877.1583926076537,2884.3827511279114,0.9997732350811329,0.9985948317446913,-0.022916346279226986,-22.916346279226985,-2.717069128792891,19.814262910614477,11.188004623159953,0.1185646741276482,-0.8646344696133146,-0.4882106635516134,24.648424874504606,0.003708329692425451,4
000289,25.07884268695489,6,2904.4342455818605,2920.419747695074,0.9995248724998487,0.9999261650924197,-0.04191803501696556,-41.91803501696556,-36.464330540315665,1.995905922785856,20.578887663757282,0.869895989293329,-0.04761449151846096,-0.49093159198489034,28.149854264219062,0.0007143761320573302,5
000289,25.07884268695489,7,2937.7002853231734,2949.15820684722,1.0003174264884809,1.000154148052491,-0.00547859776596613,-5.47859776596613,-0.4888572757138108,4.386615276479166,-3.24555980708881,0.0892303645196706,-0.8006821204742347,0.5924070256171595,28.13207628590776,0.001246223926997528,6
000289,25.07884268695489,8,2969.468369204371,2979.433000494655,0.9994458779973002,0.9994715805635442,-0.004248824374120158,-4.248824374120158,-3.4725636507591155,0.19878211382475663,-2.4401426033671543,0.8172998799175385,-0.046785203699063284,0.5743100652100869,28.0579231763767,0.0031239019448423113,7
000290,25.180093082948588,1,2762.6782471497686,2772.902259762475,0.9997398863760596,0.9994350802944073,-0.0007391240169867762,-0.7391240169867762,0.6015146577300149,0.0353371788447396,0.4280604079027937,-0.8138210150202394,-0.04780953944481529,-0.5791455805317881,28.057776830812678,0.003214665552417328,0
000290,25.180093082948588,2,2798.5743886005043,2811.2059239306122,0.9999643688141282,0.9996436003604601,-0.0012369934639522157,-1.2369934639522158,-0.11075268608300684,-1.0210629944958458,0.6894323996281844,0.08953376821341487,0.8254392801992112,-0.5573452243033168,28.128993772385627,0.0011798185940266137,1
000290,25.180093082948588,3,2834.900998297384,2846.566788581379,1.0002717366952467,0.9999373830824267,0.0017341810138903865,1.7341810138903864,-1.3086314128678989,-0.08042040887048907,1.1350771656721665,-0.7546106216052798,-0.0463737108331485,0.6545321143412726,28.137665297567242,0.0009382782073639079,2
000290,25.180093082948588,4,2869.0592264031256,2875.751831132393,0.9996364801985886,0.9992639803058175,0.013113696894815017,13.113696894815016,1.122493464105402,10.089886002344732,8.300798463509969,0.08559702676590164,0.7694158316511145,0.6329869090379842,24.503188789884803,0.003501258611740536,3
000290,25.180093082948588,5,2877.1583926076537,2884.3827511279114,0.9994517493339353,0.9994464151201536,-0.03575017070218692,-35.75017070218692,-4.238707339312588,30.910829883670843,17.453614560598123,0.1185646741276482,-0.8646344696133146,-0.4882106635516134,24.648424874504606,0.003708329692425451,4
000290,25.180093082948588,6,2904.4342455818605,2920.419747695074,0.9996358507951751,0.99951262568691,-0.015835063800501897,-15.835063800501898,-13.774858490260579,0.7539785110232857,7.773933080762704,0.869895989293329,-0.04761449151846096,-0.49093159198489034,28.149854264219062,0.0007143761320573302,5
000290,25.180093082948588,7,2937.7002853231734,2949.15820684722,1.00025286396087,1.0001683558381487,-0.007725399244292731,-7.725399244292731,-0.6893401906282283,6.185589048430354,-4.576580788016509,0.0892303645196706,-0.8006821204742347,0.5924070256171595,28.13207628590776,0.001246223926997528,6
000290,25.180093082948588,8,2969.468369204371,2979.433000494655,0.9993230283603817,0.9991786011107721,-0.0023078155191291086,-2.3078155191291088,-1.886177346656052,0.10797161916231483,-1.325401681283889,0.8172998799175385,-0.046785203699063284,0.5743100652100869,28.0579231763767,0.0031239019448423113,7
000291,25.298602082883008,1,2762.6782471497686,2772.902259762475,0.9993139104154333,0.9990042234945145,-0.00068501053837018,-0.68501053837018,0.5574759716359805,0.03275003835432328,0.39672082591479063,-0.8138210150202394,-0.04780953944481529,-0.5791455805317881,28.057776830812678,0.003214665552417328,0
000291,25.298602082883008,2,2798.5743886005043,2811.2059239306122,0.9997382771445688,1.000287109834848,-0.027439972481681243,-27.439972481681245,-2.4568041359573307,-22.65003113396513,15.293537617679473,0.08953376821341487,0.8254392801992112,-0.5573452243033168,28.128993772385627,0.0011798185940266137,1
000291,25.298602082883008,3,2834.900998297384,2846.566788581379,1.0000147491301974,0.9998410630485112,-0.004351489445175786,-4.351489445175786,3.283680155132914,0.2017947132240797,-2.8481895870846383,-0.7546106216052798,-0.0463737108331485,0.6545321143412726,28.137665297567242,0.0009382782073639079,2
000291,25.298602082883008,4,2869.0592264031256,2875.751831132393,0.9996431082593992,0.9992427693217177,0.01343819154072449,13.43819154072449,1.1502692409967072,10.339557320193505,8.506199326423582,0.08559702676590164,0.7694158316511145,0.6329869090379842,24.503188789884803,0.003501258611740536,3
000291,25.298602082883008,5,2877.1583926076537,2884.3827511279114,0.9998112983369292,0.9986578041489238,-0.023188861880721206,-23.188861880721205,-2.749379852278753,20.049889293173788,11.321049645793615,0.1185646741276482,-0.8646344696133146,-0.4882106635516134,24.648424874504606,0.003708329692425451,4
000291,25.298602082883008,6,2904.4342455818605,2920.419747695074,0.9996636650584607,0.9998055575136099,-0.0290187061532582,-29.0187061532582,-25.243256097200955,1.3817109380110233,14.24619960916078,0.869895989293329,-0.04761449151846096,-0.49093159198489034,28.149854264219062,0.0007143761320573302,5
000291,25.298602082883008,7,2937.7002853231734,2949.15820684722,1.0001361044812578,0.999889470853547,-0.0031010197138616716,-3.1010197138616715,-0.2767051194505616,2.482931040127168,-1.837065865068968,0.0892303645196706,-0.8006821204742347,0.5924070256171595,28.13207628590776,0.001246223926997528,6
000291,25.298602082883008,8,2969.468369204371,2979.433000494655,0.9993435497823406,0.9991593444325536,-0.001853987691880375,-1.8539876918803748,-1.5152639179424248,0.08673919182017951,-1.0647637922225166,0.8172998799175385,-0.046785203699063284,0.5743100652100869,28.0579231763767,0.0031239019448423113,7
000292,25.376832020352595,1,2762.6782471497686,2772.902259762475,0.9992477820353166,0.9991090894296407,-0.0025808109768131653,-2.5808109768131655,2.1003182087254655,0.1233873841955613,1.4946652714092719,-0.8138210150202394,-0.04780953944481529,-0.5791455805317881,28.057776830812678,0.003214665552417328,0
000292,25.376832020352595,2,2798.5743886005043,2811.2059239306122,0.9999290405995815,0.9997863671935269,-0.006603385663706641,-6.603385663706641,-0.5912260014380971,-5.4506939091278,3.680365463899884,0.08953376821341487,0.8254392801992112,-0.5573452243033168,28.128993772385627,0.0011798185940266137,1
000292,25.376832020352595,3,2834.900998297384,2846.566788581379,0.9997336663221862,0.9999022281894735,-0.017314956413559766,-17.314956413559766,13.06605002230466,0.8029587818109906,-11.33319503109425,-0.7546106216052798,-0.0463737108331485,0.6545321143412726,28.137665297567242,0.0009382782073639079,2
000292,25.376832020352595,4,2869.0592264031256,2875.751831132393,0.9992710896022617,0.999458526518913,0.00658701836505765,6.58701836505765,0.5638291873013254,5.068156213451997,4.169496394674278,0.08559702676590164,0.7694158316511145,0.6329869090379842,24.503188789884803,0.003501258611740536,3
000292,25.376832020352595,5,2877.1583926076537,2884.3827511279114,0.9996160449004113,0.9989811375109074,-0.02886239960451853,-28.86239960451853,-3.422061003651702,24.955425573820417,14.090931262613815,0.1185646741276482,-0.8646344696133146,-0.4882106635516134,24.648424874504606,0.003708329692425451,4
000292,25.376832020352595,6,2904.4342455818605,2920.419747695074,1.0000317909119936,0.9998222961687427,-0.011545087689877285,-11.545087689877285,-10.043025477464035,0.5497134798895499,5.667848279196615,0.869895989293329,-0.04761449151846096,-0.49093159198489034,28.149854264219062,0.0007143761320573302,5
000292,25.376832020352595,7,2937.7002853231734,2949.15820684722,0.9999495800906312,0.9997667675278312,-0.004921416980802858,-4.921416980802858,-0.4391398311503357,3.9404905839271382,-2.9154819954192024,0.0892303645196706,-0.8006821204742347,0.5924070256171595,28.13207628590776,0.001246223926997528,6
000292,25.376832020352595,8,2969.468369204371,2979.433000494655,0.9997835293481424,0.9993685885493298,0.0007784700432435575,0.7784700432435575,0.6362434728623605,-0.03642087954676844,0.44708318129930663,0.8172998799175385,-0.046785203699063284,0.5743100652100869,28.0579231763767,0.0031239019448423113,7
000293,25.453865936840884,1,2762.6782471497686,2772.902259762475,0.9998495998161898,0.9993746740544097,0.001146979411164669,1.146979411164669,-0.9334359486013474,-0.05483655740046825,-0.6642680569369707,-0.8138210150202394,-0.04780953944481529,-0.5791455805317881,28.057776830812678,0.003214665552417328,0
000293,25.453865936840884,2,2798.5743886005043,2811.2059239306122,0.9995560283736469,1.000113619431072,-0.027703881185286394,-27.703881185286395,-2.480432876655417,-22.86787174430727,15.440625873285882,0.08953376821341487,0.8254392801992112,-0.5573452243033168,28.128993772385627,0.0011798185940266137,1
000293,25.453865936840884,3,2834.900998297384,2846.566788581379,0.9999726298515178,1.0003079080106716,-0.023629738282040222,-23.629738282040222,17.831251493380446,1.0957986501543124,-15.466422559074697,-0.7546106216052798,-0.0463737108331485,0.6545321143412726,28.137665297567242,0.0009382782073639079,2
000293,25.453865936840884,4,2869.0592264031256,2875.751831132393,0.9993558027830234,0.9991559748010405,0.011101016117503682,11.101016117503683,0.9502139737386681,8.541297548221522,7.026797879399499,0.08559702676590164,0.7694158316511145,0.6329869090379842,24.503188789884803,0.003501258611740536,3
000293,25.453865936840884,5,2877.1583926076537,2884.3827511279114,0.9997789664515063,0.9992670547764471,-0.030208019716298187,-30.208019716298185,-3.5816040137044665,26.11889510547003,14.747877350274159,0.1185646741276482,-0.8646344696133146,-0.4882106635516134,24.648424874504606,0.003708329692425451,4
000293,25.453865936840884,6,2904.4342455818605,2920.419747695074,0.9994165628428435,1.0002320762516095,-0.06251621427545077,-62.51621427545077,-54.38260406401699,2.9766777543847387,30.691184599115577,0.869895989293329,-0.04761449151846096,-0.49093159198489034,28.149854264219062,0.0007143761320573302,5
000293,25.453865936840884,7,2937.7002853231734,2949.15820684722,1.0000916680450915,0.9998970229547409,-0.004583912414805616,-4.583912414805616,-0.4090241756993486,3.67025671235473,-2.715541919344566,0.0892303645196706,-0.8006821204742347,0.5924070256171595,28.13207628590776,0.001246223926997528,6
000293,25.453865936840884,8,2969.468369204371,2979.433000494655,0.9993571681043837,0.999189933602453,-0.002047607874213458,-2.0476078742134582,-1.6735096697128655,0.09579775149088259,-1.1759618117642185,0.8172998799175385,-0.046785203699063284,0.5743100652100869,28.0579231763767,0.0031239019448423113,7
000294,25.532241208013147,1,2762.6782471497686,2772.902259762475,0.9990772639483392,0.9994502205800204,-0.00825342557299241,-8.25342557299241,6.716811177206685,0.39459247548682785,4.7799349448465955,-0.8138210150202394,-0.04780953944481529,-0.5791455805317881,28.057776830812678,0.003214665552417328,0
000294,25.532241208013147,2,2798.5743886005043,2811.2059239306122,0.9998692049613852,0.9997944746911855,-0.008650660527129747,-8.650660527129746,-0.7745262345289721,-7.140594998761707,4.8214043318649775,0.08953376821341487,0.8254392801992112,-0.5573452243033168,28.128993772385627,0.0011798185940266137,1
000294,25.532241208013147,3,2834.900998297384,2846.566788581379,1.0000104056949557,1.0004326716164889,-0.026924609698043205,-26.924609698043206,20.317596460719926,1.2485940644324414,-17.62302171347375,-0.7546106216052798,-0.0463737108331485,0.6545321143412726,28.137665297567242,0.0009382782073639079,2
000294,25.532241208013147,4,2869.0592264031256,2875.751831132393,0.9996947194784646,0.9994300956234009,0.011856283187888169,11.856283187888168,1.0148625893777732,9.122411989300103,7.504872047780349,0.08559702676590164,0.7694158316511145,0.6329869090379842,24.503188789884803,0.003501258611740536,3
000294,25.532241208013147,5,2877.1583926076537,2884.3827511279114,0.9995464694435496,0.9991950012554746,-0.0319633327681783,-31.963332768178304,-3.78972213369264,27.636599275087725,15.604839900073356,0.1185646741276482,-0.8646344696133146,-0.4882106635516134,24.648424874504606,0.003708329692425451,4
000294,25.532241208013147,6,2904.4342455818605,2920.419747695074,0.9996350963399403,1.0003812156374945,-0.05906541632822605,-59.06541632822605,-51.38076876986455,2.8123697647946844,28.997078869266353,0.869895989293329,-0.04761449151846096,-0.49093159198489034,28.149854264219062,0.0007143761320573302,5
000294,25.532241208013147,7,2937.7002853231734,2949.15820684722,1.0004554200589768,0.9994623076684014,0.018191133615858567,18.19113361585857,1.6232014835690936,-14.56531543737577,10.776555357975097,0.0892303645196706,-0.8006821204742347,0.5924070256171595,28.13207628590776,0.001246223926997528,6
000294,25.532241208013147,8,2969.468369204371,2979.433000494655,0.9992921824952464,0.9994905467347156,-0.006218719156913255,-6.218719156913255,-5.0825584201861,0.29094404250345374,-3.571473004530068,0.8172998799175385,-0.046785203699063284,0.5743100652100869,28.0579231763767,0.0031239019448423113,7
000295,25.626358228968456,1,2762.6782471497686,2772.902259762475,0.9992681083141932,0.9993448833458621,-0.004969683617217957,-4.9696836172179575,4.0444329656937725,0.23759828492563426,2.8781703035530106,-0.8138210150202394,-0.04780953944481529,-0.5791455805317881,28.057776830812678,0.003214665552417328,0
000295,25.626358228968456,2,2798.5743886005043,2811.2059239306122,0.999670804476306,1.0000260662584368,-0.021607258852037486,-21.607258852037486,-1.934579305785581,-17.83548019390386,12.04270253146866,0.08953376821341487,0.8254392801992112,-0.5573452243033168,28.128993772385627,0.0011798185940266137,1
000295,25.626358228968456,3,2834.900998297384,2846.566788581379,0.9998990369498845,1.0005025347502114,-0.03378920444991289,-33.78920444991289,25.497692573496654,1.5669307964423949,-22.11611943051102,-0.7546106216052798,-0.0463737108331485,0.6545321143412726,28.137665297567242,0.0009382782073639079,2
000295,25.626358228968456,4,2869.0592264031256,2875.751831132393,0.9997473978889212,0.9992548956044611,0.014512456576579668,14.512456576579668,1.2422231340244752,11.166113846169731,9.186195030957128,0.08559702676590164,0.7694158316511145,0.6329869090379842,24.503188789884803,0.003501258611740536,3
000295,25.626358228968456,5,2877.1583926076537,2884.3827511279114,0.9997634362268784,0.9990672191317918,-0.028191647999457305,-28.191647999457306,-3.342533558177021,24.375470615536027,13.763463176428566,0.1185646741276482,-0.8646344696133146,-0.4882106635516134,24.648424874504606,0.003708329692425451,4
000295,25.626358228968456,6,2904.4342455818605,2920.419747695074,0.9988159003042975,0.9997520214759521,-0.06851374077053923,-68.51374077053923,-59.59982830777492,3.262246928816873,33.63555982932091,0.869895989293329,-0.04761449151846096,-0.49093159198489034,28.149854264219062,0.0007143761320573302,5
000295,25.626358228968456,7,2937.7002853231734,2949.15820684722,1.000213455177312,0.9995415943415393,0.009027929379450588,9.027929379450589,0.8055654293862196,-7.228501639030139,5.348208791162092,0.0892303645196706,-0.8006821204742347,0.5924070256171595,28.13207628590776,0.001246223926997528,6
000295,25.626358228968456,8,2969.468369204371,2979.433000494655,0.9996481675849725,0.99936643837862,-0.0007413392815081212,-0.7413392815081212,-0.6058965057547417,0.03468370929547467,-0.425758611105728,0.8172998799175385,-0.046785203699063284,0.5743100652100869,28.0579231763767,0.0031239019448423113,7
000296,25.705300728906877,1,2762.6782471497686,2772.902259762475,0.9991338598663181,0.999670803047184,-0.010071531463831251,-10.071531463831251,8.196423958703427,0.48151528078973843,5.83288293646472,-0.8138210150202394,-0.04780953944481529,-0.5791455805317881,28.057776830812678,0.003214665552417328,0
000296,25.705300728906877,2,2798.5743886005043,2811.2059239306122,0.9996267756176228,1.0002100681819814,-0.02847832364271586,-28.47832364271586,-2.5497716281335343,-23.507126968923554,15.87225767843192,0.08953376821341487,0.8254392801992112,-0.5573452243033168,28.128993772385627,0.0011798185940266137,1
000296,25.705300728906877,3,2834.900998297384,2846.566788581379,1.000252040711529,1.0000177473054417,-0.002055840777969493,-2.0558407779694927,1.551359287385041,0.0953369657565523,-1.3456138111533789,-0.7546106216052798,-0.0463737108331485,0.6545321143412726,28.137665297567242,0.0009382782073639079,2
000296,25.705300728906877,4,2869.0592264031256,2875.751831132393,0.9995994375434978,0.9996065079576839,0.00868938805984682,8.68938805984682,0.7437857823380143,6.685752740606305,5.500268889434005,0.08559702676590164,0.7694158316511145,0.6329869090379842,24.503188789884803,0.003501258611740536,3
000296,25.705300728906877,5,2877.1583926076537,2884.3827511279114,0.9994102712234649,0.9992652356783475,-0.03422178475852501,-34.22178475852501,-4.057494757961036,29.589334713908286,16.707440244879987,0.1185646741276482,-0.8646344696133146,-0.4882106635516134,24.648424874504606,0.003708329692425451,4
000296,25.705300728906877,6,2904.4342455818605,2920.419747695074,0.99966688567674,1.0002285095025092,-0.049890911688125684,-49.890911688125684,-43.399903979688204,2.375530391422545,24.493024700629118,0.869895989293329,-0.04761449151846096,-0.49093159198489034,28.149854264219062,0.0007143761320573302,5
000296,25.705300728906877,7,2937.7002853231734,2949.15820684722,1.0000098996100115,0.9998204392129119,-0.004731797778942593,-4.731797778942593,-0.4222200406484153,3.7886658792990295,-2.803150248045263,0.0892303645196706,-0.8006821204742347,0.5924070256171595,28.13207628590776,0.001246223926997528,6
000296,25.705300728906877,8,2969.468369204371,2979.433000494655,0.999300684470616,0.9990722447323571,-0.0013493181294743479,-1.349318129474348,-1.102797545189942,0.06312812354229641,-0.7749269829275652,0.8172998799175385,-0.046785203699063284,0.5743100652100869,28.0579231763767,0.0031239019448423113,7
000297,25.784053978859447,1,2762.6782471497686,2772.902259762475,0.9995842832183245,0.9993150147957531,-0.0011331272303167265,-1.1331272303167264,0.922162752723431,0.05417429101382183,0.6562456276181577,-0.8138210150202394,-0.04780953944481529,-0.5791455805317881,28.057776830812678,0.003214665552417328,0
000297,25.784053978859447,2,2798.5743886005043,2811.2059239306122,0.99979300505786,0.999773496735354,-0.01031461824706525,-10.31461824706525,-0.9235066393425996,-8.51409106138719,5.748803220513666,0.08953376821341487,0.8254392801992112,-0.5573452243033168,28.128993772385627,0.0011798185940266137,1
000297,25.784053978859447,3,2834.900998297384,2846.566788581379,0.9998832210939143,0.9997741860090185,-0.006800301962181191,-6.800301962181192,5.131580090785153,0.3153552367722829,-4.45101602146556,-0.7546106216052798,-0.0463737108331485,0.6545321143412726,28.137665297567242,0.0009382782073639079,2
000297,25.784053978859447,4,2869.0592264031256,2875.751831132393,0.9996071069292467,0.9998799242002455,0.005591816556199474,5.591816556199474,0.4786428714310183,4.302432186028689,3.5395466778161304,0.08559702676590164,0.7694158316511145,0.6329869090379842,24.503188789884803,0.003501258611740536,3
000297,25.784053978859447,5,2877.1583926076537,2884.3827511279114,0.9997367303718151,0.9992733134212082,-0.030738570531283375,-30.738570531283376,-3.6445085981913437,26.57762762798766,15.006897915705926,0.1185646741276482,-0.8646344696133146,-0.4882106635516134,24.648424874504606,0.003708329692425451,4
000297,25.784053978859447,6,2904.4342455818605,2920.419747695074,0.999494935185931,1.0000755434016582,-0.05083495856403866,-50.834958564038665,-44.2211265707498,2.420480703388733,24.956487136329436,0.869895989293329,-0.04761449151846096,-0.49093159198489034,28.149854264219062,0.0007143761320573302,5
000297,25.784053978859447,7,2937.7002853231734,2949.15820684722,1.0002398513618913,0.9998268812029494,0.0016434728336763046,1.6434728336763047,0.14664768002711262,-1.3158993134097428,0.9736048530807844,0.0892303645196706,-0.8006821204742347,0.5924070256171595,28.13207628590776,0.001246223926997528,6
000297,25.784053978859447,8,2969.468369204371,2979.433000494655,0.9994771671128014,0.9995207002169462,-0.004452252748981437,-4.452252748981437,-3.638825637105059,0.20829955178081103,-2.5569735665993174,0.8172998799175385,-0.046785203699063284,0.5743100652100869,28.0579231763767,0.0031239019448423113,7
000298,25.895067645353265,1,2762.6782471497686,2772.902259762475,0.9994747041166528,0.9999178259191411,-0.00903134126797006,-9.03134126797006,7.34989531769357,0.43178426659060265,5.230461381619215,-0.8138210150202394,-0.04780953944481529,-0.5791455805317881,28.057776830812678,0.003214665552417328,0
000298,25.895067645353265,2,2798.5743886005043,2811.2059239306122,1.0001987995201869,1.000012979642155,-0.0053032883630367705,-5.303288363036771,-0.4748233910650346,-4.377542529073925,2.9557624422418987,0.08953376821341487,0.8254392801992112,-0.5573452243033168,28.128993772385627,0.0011798185940266137,1
000298,25.895067645353265,3,2834.900998297384,2846.566788581379,1.0002056390198333,0.999603457861394,0.011878795616467028,11.878795616467027,-8.963865344064256,-0.5508638329641139,7.775053210674004,-0.7546106216052798,-0.0463737108331485,0.6545321143412726,28.137665297567242,0.0009382782073639079,2
000298,25.895067645353265,4,2869.0592264031256,2875.751831132393,0.9995711171012915,0.9993412846340834,0.011450751348730108,11.450751348730108,0.9801502696869353,8.810389372013297,7.2481757023952,0.08559702676590164,0.7694158316511145,0.6329869090379842,24.503188789884803,0.003501258611740536,3
000298,25.895067645353265,5,2877.1583926076537,2884.3827511279114,0.999516648986618,0.9992376502114747,-0.032756175835680634,-32.75617583568064,-3.883725313625419,28.322118720244198,15.991914340150966,0.1185646741276482,-0.8646344696133146,-0.4882106635516134,24.648424874504606,0.003708329692425451,4
000298,25.895067645353265,6,2904.4342455818605,2920.419747695074,0.9994613990659356,0.9997821294020887,-0.03791187276174921,-37.91187276174921,-32.97938606204465,1.8051545440632788,18.612136050054144,0.869895989293329,-0.04761449151846096,-0.49093159198489034,28.149854264219062,0.0007143761320573302,5
000298,25.895067645353265,7,2937.7002853231734,2949.15820684722,1.0002165223067443,0.9999658256284654,-0.0029851274742077405,-2.9851274742077405,-0.26636401266124027,2.3901381959345502,-1.7684104880834717,0.0892303645196706,-0.8006821204742347,0.5924070256171595,28.13207628590776,0.001246223926997528,6
000298,25.895067645353265,8,2969.468369204371,2979.433000494655,0.9992160506388286,0.9995806208927741,-0.008114961413055817,-8.114961413055818,-6.632356988425978,0.37966012271985483,-4.6605040183094255,0.8172998799175385,-0.046785203699063284,0.5743100652100869,28.0579231763767,0.0031239019448423113,7
000299,25.999415728496388,1,2762.6782471497686,2772.902259762475,0.9994341846331742,0.9989792947453457,0.0009248432625559667,0.9248432625559667,-0.7526568826679266,-0.044216330441441146,-0.5356188881938883,-0.8138210150202394,-0.04780953944481529,-0.5791455805317881,28.057776830812678,0.003214665552417328,0
000299,25.999415728496388,2,2798.5743886005043,2811.2059239306122,1.0000829058348175,0.9999428657666412,-0.006682733877140149,-6.68273387714015,-0.5983303459878014,-5.516191041309449,3.7245898117140506,0.08953376821341487,0.8254392801992112,-0.5573452243033168,28.128993772385627,0.0011798185940266137,1
000299,25.999415728496388,3,2834.900998297384,2846.566788581379,0.999843623540139,1.0002045832651545,-0.02460248956292562,-24.60248956292562,18.565299942116713,1.1409087367666668,-16.1031195116808,-0.7546106216052798,-0.0463737108331485,0.6545321143412726,28.137665297567242,0.0009382782073639079,2
000299,25.999415728496388,4,2869.0592264031256,2875.751831132393,0.9995672055426688,0.9994767301900566,0.009826391112902278,9.826391112902279,0.8411098631033144,7.560580890262827,6.21997693755433,0.08559702676590164,0.7694158316511145,0.6329869090379842,24.503188789884803,0.003501258611740536,3
000299,25.999415728496388,5,2877.1583926076537,2884.3827511279114,0.9997386144002596,0.9989947168382854,-0.027670005473353042,-27.67000547335304,-3.280685182058346,23.924440506650118,13.508791732622464,0.1185646741276482,-0.8646344696133146,-0.4882106635516134,24.648424874504606,0.003708329692425451,4
000299,25.999415728496388,6,2904.4342455818605,2920.419747695074,0.9993367312033854,0.9995571616489342,-0.03292420665348083,-32.92420665348083,-28.64063531852771,1.5676693584542187,16.16353318723286,0.869895989293329,-0.04761449151846096,-0.49093159198489034,28.149854264219062,0.0007143761320573302,5
000299,25.999415728496388,7,2937.7002853231734,2949.15820684722,1.0000067807540993,0.9998990951292895,-0.007064296808677017,-7.0642968086770175,-0.6303497793133961,5.6562561484308835,-4.184939060505144,0.0892303645196706,-0.8006821204742347,0.5924070256171595,28.13207628590776,0.001246223926997528,6
000299,25.999415728496388,8,2969.468369204371,2979.433000494655,0.999829844419557,0.9994093091260496,0.0008422975604085017,0.8422975604085017,0.6884096949767041,-0.03940706293893581,0.4837399668445037,0.8172998799175385,-0.046785203699063284,0.5743100652100869,28.0579231763767,0.0031239019448423113,7
000300,26.077573686954565,1,2762.6782471497686,2772.902259762475,0.9986641808820237,0.9992780556923501,-0.010924466350315751,-10.92446635031575,8.890560293768415,0.5222937048889782,6.326856406453601,-0.8138210150202394,-0.04780953944481529,-0.5791455805317881,28.057776830812678,0.003214665552417328,0
000300,26.077573686954565,2,2798.5743886005043,2811.2059239306122,1.0003518481130997,1.0000027791165693,-0.000384236385638366,-0.384236385638366,-0.03440213149090575,-0.31716380558767937,0.21415231453911082,0.08953376821341487,0.8254392801992112,-0.5573452243033168,28.128993772385627,0.0011798185940266137,1
000300,26.077573686954565,3,2834.900998297384,2846.566788581379,0.9999797989849557,1.0004567761556953,-0.028996930289046326,-28.996930289046325,21.881391590062215,1.3446952602731994,-18.97942209149598,-0.7546106216052798,-0.0463737108331485,0.6545321143412726,28.137665297567242,0.0009382782073639079,2
000300,26.077573686954565,4,2869.0592264031256,2875.751831132393,0.9991906386744075,0.9994466602037967,0.005787589372542722,5.787589372542722,0.49540044243158726,4.45306289033011,3.6634683077069035,0.08559702676590164,0.7694158316511145,0.6329869090379842,24.503188789884803,0.003501258611740536,3
000300,26.077573686954565,5,2877.1583926076537,2884.3827511279114,0.9997060458244573,0.9994438197216765,-0.03293967528004015,-32.939675280040156,-3.9054818654485097,28.480778664992325,16.081500725643078,0.1185646741276482,-0.8646344696133146,-0.4882106635516134,24.648424874504606,0.003708329692425451,4
000300,26.077573686954565,6,2904.4342455818605,2920.419747695074,0.9994792733348621,0.999623448207177,-0.029132205127920634,-29.132205127920635,-25.341988400048713,1.3871151339774417,14.301919841480464,0.869895989293329,-0.04761449151846096,-0.49093159198489034,28.149854264219062,0.0007143761320573302,5
000300,26.077573686954565,7,2937.7002853231734,2949.15820684722,0.9998273438983152,0.9998000097020486,-0.009356197157240505,-9.356197157240505,-0.8348568828584761,7.491339779434335,-5.542676929008572,0.0892303645196706,-0.8006821204742347,0.5924070256171595,28.13207628590776,0.001246223926997528,6
000300,26.077573686954565,8,2969.468369204371,2979.433000494655,0.9995580772900947,0.9993773491333479,-0.001893658942023195,-1.893658942023195,-1.5476872259203303,0.08859521933910784,-1.0875473904790052,0.8172998799175385,-0.046785203699063284,0.5743100652100869,28.0579231763767,0.0031239019448423113,7
000301,26.167267978889868,1,2762.6782471497686,2772.902259762475,0.9995783623261558,0.9992571085684483,-0.0005567699344396538,-0.5567699344396538,0.4531110731784312,0.02661891414227985,0.3224508469036989,-0.8138210150202394,-0.04780953944481529,-0.5791455805317881,28.057776830812678,0.003214665552417328,0
000301,26.167267978889868,2,2798.5743886005043,2811.2059239306122,1.000209665661177,0.9999921491612932,-0.004348200018108528,-4.348200018108527,-0.38931073256689525,-3.5891750931097,2.4234485144083835,0.08953376821341487,0.8254392801992112,-0.5573452243033168,28.128993772385627,0.0011798185940266137,1
000301,26.167267978889868,3,2834.900998297384,2846.566788581379,1.0001775660282937,0.9999500108080254,-0.002311065826222167,-2.311065826222167,1.743954819696229,0.10717269834159818,-1.5126668016190548,-0.7546106216052798,-0.0463737108331485,0.6545321143412726,28.137665297567242,0.0009382782073639079,2
000301,26.167267978889868,4,2869.0592264031256,2875.751831132393,0.9994044454158102,0.9997007533357178,0.005318007241820768,5.318007241820768,0.455205608219391,4.091758964692176,3.3662289662417435,0.08559702676590164,0.7694158316511145,0.6329869090379842,24.503188789884803,0.003501258611740536,3
000301,26.167267978889868,5,2877.1583926076537,2884.3827511279114,0.9995266541636272,0.9993705543601573,-0.034100737544578236,-34.10073754457824,-4.043142834485377,29.484673120279247,16.648343704237956,0.1185646741276482,-0.8646344696133146,-0.4882106635516134,24.648424874504606,0.003708329692425451,4
000301,26.167267978889868,6,2904.4342455818605,2920.419747695074,0.9995034437461032,1.0001793240636356,-0.05557260513946839,-55.57260513946839,-48.3423863254054,2.6460613360719973,27.282347511866917,0.869895989293329,-0.04761449151846096,-0.49093159198489034,28.149854264219062,0.0007143761320573302,5
000301,26.167267978889868,7,2937.7002853231734,2949.15820684722,1.0003936366802773,0.999295499871648,0.021186792868086012,21.186792868086012,1.8905052506220723,-16.963886239667502,12.551204945349681,0.0892303645196706,-0.8006821204742347,0.5924070256171595,28.13207628590776,0.001246223926997528,6
000301,26.167267978889868,8,2969.468369204371,2979.433000494655,0.9992372867666669,0.999381261245972,-0.005598187091034495,-5.598187091034495,-4.575397637258407,0.26191232339951537,-3.215095193310287,0.8172998799175385,-0.046785203699063284,0.5743100652100869,28.0579231763767,0.0031239019448423113,7
000302,26.245225957944054,1,2762.6782471497686,2772.902259762475,0.9995204452670272,0.9986824540153694,0.005172257759839096,5.172257759839096,-4.209292060058562,-0.2472832613877792,-2.995490222982059,-0.8138210150202394,-0.04780953944481529,-0.5791455805317881,28.057776830812678,0.003214665552417328,0
000302,26.245225957944054,2,2798.5743886005043,2811.2059239306122,0.9998761614984389,0.9995947490818246,-0.0024228766936578877,-2.4228766936578876,-0.2169292802996503,-1.9999375940244115,1.350378754286034,0.08953376821341487,0.8254392801992112,-0.5573452243033168,28.128993772385627,0.0011798185940266137,1
000302,26.245225957944054,3,2834.900998297384,2846.566788581379,1.0003180321763756,0.9998966996653127,0.005028716679335653,5.028716679335653,-3.794723019270316,-0.2332002531493423,3.291456560548788,-0.7546106216052798,-0.0463737108331485,0.6545321143412726,28.137665297567242,0.0009382782073639079,2
000302,26.245225957944054,4,2869.0592264031256,2875.751831132393,0.9994701430939332,0.9998060319415834,0.004856648054609606,4.856648054609606,0.4157146335229826,3.7367819019742172,3.0741946403726734,0.08559702676590164,0.7694158316511145,0.6329869090379842,24.503188789884803,0.003501258611740536,3
000302,26.245225957944054,5,2877.1583926076537,2884.3827511279114,1.000017935215541,0.9991691810142141,-0.026522833773886256,-26.522833773886255,-3.144671143342606,22.932556312726252,12.948730276018152,0.1185646741276482,-0.8646344696133146,-0.4882106635516134,24.648424874504606,0.003708329692425451,4
000302,26.245225957944054,6,2904.4342455818605,2920.419747695074,0.9995095254490208,0.9999541127439059,-0.04407097374997974,-44.070973749979736,-38.33716330935896,2.0984170058287255,21.635833303401867,0.869895989293329,-0.04761449151846096,-0.49093159198489034,28.149854264219062,0.0007143761320573302,5
000302,26.245225957944054,7,2937.7002853231734,2949.15820684722,0.9999252625496777,0.9998052630889602,-0.0067130636654620605,-6.713063665462061,-0.5990091179129358,5.375030050540701,-3.9768660788350054,0.0892303645196706,-0.8006821204742347,0.5924070256171595,28.13207628590776,0.001246223926997528,6
000302,26.245225957944054,8,2969.468369204371,2979.433000494655,0.999176926349163,0.9995750440129777,-0.008497703375664417,-8.497703375664416,-6.94517194850539,0.39756678340467744,-4.880316579813806,0.8172998799175385,-0.046785203699063284,0.5743100652100869,28.0579231763767,0.0031239019448423113,7
000303,26.322245187475342,1,2762.6782471497686,2772.902259762475,0.9994336834936277,0.9996070054246368,-0.0060400914482578874,-6.040091448257887,4.915553353236302,0.28877399034577694,3.498092268266403,-0.8138210150202394,-0.04780953944481529,-0.5791455805317881,28.057776830812678,0.003214665552417328,0
000303,26.322245187475342,2,2798.5743886005043,2811.2059239306122,0.999894424627448,0.9997918363280117,-0.007811237349453199,-7.811237349453199,-0.6993695143059119,-6.447702135197843,4.353555832617439,0.08953376821341487,0.8254392801992112,-0.5573452243033168,28.128993772385627,0.0011798185940266137,1
000303,26.322245187475342,3,2834.900998297384,2846.566788581379,1.0001586442291026,1.000190368477627,-0.012131901391065613,-12.131901391065613,9.15486164996598,0.5626012869655488,-7.940719068474001,-0.7546106216052798,-0.0463737108331485,0.6545321143412726,28.137665297567242,0.0009382782073639079,2
000303,26.322245187475342,4,2869.0592264031256,2875.751831132393,0.9998869236105434,0.9997068582317113,0.010870661271195618,10.870661271195619,0.9304962837935817,8.364058882574538,6.8809862772530375,0.08559702676590164,0.7694158316511145,0.6329869090379842,24.503188789884803,0.003501258611740536,3
000303,26.322245187475342,5,2877.1583926076537,2884.3827511279114,0.9998325318916235,0.9987832635540146,-0.02432913250798758,-24.32913250798758,-2.8845756676179195,21.03580658219589,11.877741925359745,0.1185646741276482,-0.8646344696133146,-0.4882106635516134,24.648424874504606,0.003708329692425451,4
000303,26.322245187475342,6,2904.4342455818605,2920.419747695074,0.9995971931899973,0.999777211367675,-0.030914604274011746,-30.914604274011747,-26.892490268553225,1.471983163001509,15.176955891823482,0.869895989293329,-0.04761449151846096,-0.49093159198489034,28.149854264219062,0.0007143761320573302,5
000303,26.322245187475342,7,2937.7002853231734,2949.15820684722,1.0001107759354282,1.0004190217815945,-0.01892809936441693,-18.92809936441693,-1.6889612059514683,15.155390735648362,-11.213139045060283,0.0892303645196706,-0.8006821204742347,0.5924070256171595,28.13207628590776,0.001246223926997528,6
000303,26.322245187475342,8,2969.468369204371,2979.433000494655,0.9991046884337098,0.999637646484123,-0.01003609559154318,-10.03609559154318,-8.202499721809179,0.46954077659361876,-5.763830713633829,0.8172998799175385,-0.046785203699063284,0.5743100652100869,28.0579231763767,0.0031239019448423113,7
000304,26.404022853821516,1,2762.6782471497686,2772.902259762475,0.9992031670968593,0.9989512881663922,-0.001325923152852288,-1.3259231528522881,1.079064126093085,0.06339177527708532,0.7679025340991772,-0.8138210150202394,-0.04780953944481529,-0.5791455805317881,28.057776830812678,0.003214665552417328,0
000304,26.404022853821516,2,2798.5743886005043,2811.2059239306122,0.9997331291853034,1.0000694449016498,-0.021036372569660924,-21.036372569660923,-1.8834657057030597,-17.364248231903343,11.724521788365807,0.08953376821341487,0.8254392801992112,-0.5573452243033168,28.128993772385627,0.0011798185940266137,1
000304,26.404022853821516,3,2834.900998297384,2846.566788581379,1.0003141994912648,0.9997521801447706,0.010357570071939102,10.357570071939103,-7.815932390306209,-0.48031895945017705,6.779362238624187,-0.7546106216052798,-0.0463737108331485,0.6545321143412726,28.137665297567242,0.0009382782073639079,2
000304,26.404022853821516,4,2869.0592264031256,2875.751831132393,0.9997421376831052,0.9993543984016816,0.01329132870799612,13.29132870799612,1.1376982191727407,10.226558731611167,8.413237075882288,0.08559702676590164,0.7694158316511145,0.6329869090379842,24.503188789884803,0.003501258611740536,3
000304,26.404022853821516,5,2877.1583926076537,2884.3827511279114,0.9998060317288686,0.9988969368025054,-0.02586268318624127,-25.86268318624127,-3.0664006040433027,22.36176735951291,12.626437719580005,0.1185646741276482,-0.8646344696133146,-0.4882106635516134,24.648424874504606,0.003708329692425451,4
000304,26.404022853821516,6,2904.4342455818605,2920.419747695074,1.0000041511583329,0.9999260181366648,-0.01807738201955753,-18.07738201955753,-15.725442115736433,0.8607453528462005,8.87475793378041,0.869895989293329,-0.04761449151846096,-0.49093159198489034,28.149854264219062,0.0007143761320573302,5
000304,26.404022853821516,7,2937.7002853231734,2949.15820684722,1.0000529239321156,1.0003457782144611,-0.018489078787864946,-18.489078787864948,-1.6497872398740987,14.803874809482897,-10.95306017112039,0.0892303645196706,-0.8006821204742347,0.5924070256171595,28.13207628590776,0.001246223926997528,6
000304,26.404022853821516,8,2969.468369204371,2979.433000494655,0.9994076585678334,0.9995966143345635,-0.006111378013875314,-6.1113780138753135,-4.994828516870979,0.28592206526113334,-3.5098259056722227,0.8172998799175385,-0.046785203699063284,0.5743100652100869,28.0579231763767,0.0031239019448423113,7
000305,26.5002825204283,1,2762.6782471497686,2772.902259762475,0.9992853583562048,0.9997233539465972,-0.008974507360215947,-8.974507360215947,7.303642689197551,0.4290670636360294,5.19754627511907,-0.8138210150202394,-0.04780953944481529,-0.5791455805317881,28.057776830812678,0.003214665552417328,0
000305,26.5002825204283,2,2798.5743886005043,2811.2059239306122,0.99954309133871,1.0000766093193751,-0.0269785068804975,-26.978506880497502,-2.4154873817824813,-22.269119300287322,15.036341968679455,0.08953376821341487,0.8254392801992112,-0.5573452243033168,28.128993772385627,0.0011798185940266137,1
000305,26.5002825204283,3,2834.900998297384,2846.566788581379,1.0001091901427548,1.0004353321948833,-0.02328368618151904,-23.28368618151904,17.57011690269835,1.0797509301115396,-15.23992034604833,-0.7546106216052798,-0.0463737108331485,0.6545321143412726,28.137665297567242,0.0009382782073639079,2
000305,26.5002825204283,4,2869.0592264031256,2875.751831132393,0.9990631814608518,0.9991132606362275,0.008188073708791753,8.188073708791753,0.7008747644126232,6.300033542270632,5.182943467903275,0.08559702676590164,0.7694158316511145,0.6329869090379842,24.503188789884803,0.003501258611740536,3
000305,26.5002825204283,5,2877.1583926076537,2884.3827511279114,0.9989869900194089,0.999291237460758,-0.03913711229818441,-39.13711229818441,-4.640278965931407,33.83929633413741,19.10715556459062,0.1185646741276482,-0.8646344696133146,-0.4882106635516134,24.648424874504606,0.003708329692425451,4
000305,26.5002825204283,6,2904.4342455818605,2920.419747695074,0.9991224119864224,0.9998323325648976,-0.0572653433348735,-57.2653433348735,-49.81489249251192,2.7266602045200887,28.113366168950776,0.869895989293329,-0.04761449151846096,-0.49093159198489034,28.149854264219062,0.0007143761320573302,5
000305,26.5002825204283,7,2937.7002853231734,2949.15820684722,1.0004038078164221,0.999998134860083,0.0014353314043053281,1.435331404305328,0.12807514441269513,-1.149244192382451,0.8503004079994201,0.0892303645196706,-0.8006821204742347,0.5924070256171595,28.13207628590776,0.001246223926997528,6
000305,26.5002825204283,8,2969.468369204371,2979.433000494655,0.9994785807313499,0.9992795033273577,-0.0016843126190000358,-1.6843126190000357,-1.376588501252324,0.07880090897281944,-0.9673176900520827,0.8172998799175385,-0.046785203699063284,0.5743100652100869,28.0579231763767,0.0031239019448423113,7
000306,26.582660770392977,1,2762.6782471497686,2772.902259762475,0.9993264905765247,0.9992260738111218,-0.0030051721882858075,-3.0051721882858073,2.4456722805813498,0.14367589827431218,1.740432191582768,-0.8138210150202394,-0.04780953944481529,-0.5791455805317881,28.057776830812678,0.003214665552417328,0
000306,26.582660770392977,2,2798.5743886005043,2811.2059239306122,0.9995271692259802,1.0001083254596732,-0.028413951340546,-28.413951340546,-2.5440081333516944,-23.453991542155702,15.83638008324014,0.08953376821341487,0.8254392801992112,-0.5573452243033168,28.128993772385627,0.0011798185940266137,1
000306,26.582660770392977,3,2834.900998297384,2846.566788581379,0.9998978607634122,1.000324197385832,-0.027078797317394494,-27.078797317394493,20.433948076002444,1.2557443165062896,-17.723942461972996,-0.7546106216052798,-0.0463737108331485,0.6545321143412726,28.137665297567242,0.0009382782073639079,2
000306,26.582660770392977,4,2869.0592264031256,2875.751831132393,0.9993611941387524,0.9995491854610332,0.0065805561585036716,6.580556158503671,0.5632760416339576,5.0631840894219655,4.165405902522109,0.08559702676590164,0.7694158316511145,0.6329869090379842,24.503188789884803,0.003501258611740536,3
000306,26.582660770392977,5,2877.1583926076537,2884.3827511279114,0.9997588260569684,0.9989580345546785,-0.027047564027542877,-27.047564027542876,-3.2068856148723217,23.386256177286704,13.204909181341458,0.1185646741276482,-0.8646344696133146,-0.4882106635516134,24.648424874504606,0.003708329692425451,4
000306,26.582660770392977,6,2904.4342455818605,2920.419747695074,0.9991039933298732,1.0001464522690502,-0.07380165560179562,-73.80165560179562,-64.19976421120955,3.5140283047000738,36.23156427571012,0.869895989293329,-0.04761449151846096,-0.49093159198489034,28.149854264219062,0.0007143761320573302,5
000306,26.582660770392977,7,2937.7002853231734,2949.15820684722,1.0002123978260937,0.9995863581283388,0.007720952215525749,7.720952215525749,0.6889433806303209,-6.182028392007397,4.573946336931827,0.0892303645196706,-0.8006821204742347,0.5924070256171595,28.13207628590776,0.001246223926997528,6
000306,26.582660770392977,8,2969.468369204371,2979.433000494655,0.9996409143211709,0.9995891589021898,-0.0033651072287317063,-3.3651072287317065,-2.7503017339520643,0.15743722716540323,-1.932614951971841,0.8172998799175385,-0.046785203699063284,0.5743100652100869,28.0579231763767,0.0031239019448423113,7
000307,26.7039215414552,1,2762.6782471497686,2772.902259762475,0.9994844609164015,0.999570250031461,-0.005069622046280858,-5.069622046280858,4.125764959473271,0.24237629519196988,2.936049203070079,-0.8138210150202394,-0.04780953944481529,-0.5791455805317881,28.057776830812678,0.003214665552417328,0
000307,26.7039215414552,2,2798.5743886005043,2811.2059239306122,0.9996225883176441,1.000183660085025,-0.027808762567482076,-27.808762567482077,-2.489823302018828,-22.954444956933173,15.499081010770977,0.08953376821341487,0.8254392801992112,-0.5573452243033168,28.128993772385627,0.0011798185940266137,1
000307,26.7039215414552,3,2834.900998297384,2846.566788581379,1.0000502514860314,1.000190891828731,-0.01625736129053335,-16.25736129053335,12.267977509110983,0.7539141713972155,-10.640965059102752,-0.7546106216052798,-0.0463737108331485,0.6545321143412726,28.137665297567242,0.0009382782073639079,2
000307,26.7039215414552,4,2869.0592264031256,2875.751831132393,0.9995780585577304,0.9997381657183507,0.006905576689691747,6.905576689691747,0.5910968327415309,5.313260031729726,4.371139643932734,0.08559702676590164,0.7694158316511145,0.6329869090379842,24.503188789884803,0.003501258611740536,3
000307,26.7039215414552,5,2877.1583926076537,2884.3827511279114,0.999512707560188,0.9990086703794436,-0.030294169692889845,-30.294169692889845,-3.591818357605161,26.19338334478756,14.789936687510929,0.1185646741276482,-0.8646344696133146,-0.4882106635516134,24.648424874504606,0.003708329692425451,4
000307,26.7039215414552,6,2904.4342455818605,2920.419747695074,0.9993596750159449,0.9994106492039282,-0.024497565033028367,-24.497565033028366,-21.310333569683877,1.166439102488075,12.026628601418,0.869895989293329,-0.04761449151846096,-0.49093159198489034,28.149854264219062,0.0007143761320573302,5
000307,26.7039215414552,7,2937.7002853231734,2949.15820684722,1.000085765648035,1.0001158679054365,-0.010994483253311756,-10.994483253311756,-0.981041748398422,8.80308616478012,-6.513209122292088,0.0892303645196706,-0.8006821204742347,0.5924070256171595,28.13207628590776,0.001246223926997528,6
000307,26.7039215414552,8,2969.468369204371,2979.433000494655,0.9995557000199405,0.9989667228756386,0.0027640484440080394,2.7640484440080395,2.25905646137403,-0.12931656948699502,1.587420842122096,0.8172998799175385,-0.046785203699063284,0.5743100652100869,28.0579231763767,0.0031239019448423113,7
000308,26.801673999987543,1,2762.6782471497686,2772.902259762475,0.9993673994376501,0.9996489051129435,-0.007239516058106983,-7.239516058106983,5.891670306663948,0.34611792854143947,4.192733730241571,-0.8138210150202394,-0.04780953944481529,-0.5791455805317881,28.057776830812678,0.003214665552417328,0
000308,26.801673999987543,2,2798.5743886005043,2811.2059239306122,0.9996826914351992,0.9997009515236093,-0.011452662838720788,-11.452662838720787,-1.025400060028417,-9.45347776995794,6.383086938717098,0.08953376821341487,0.8254392801992112,-0.5573452243033168,28.128993772385627,0.0011798185940266137,1
000308,26.801673999987543,3,2834.900998297384,2846.566788581379,0.9999741325972015,1.000388352630479,-0.02661985226430318,-26.61985226430318,20.087623264206538,1.234461331325929,-17.423548186006673,-0.7546106216052798,-0.0463737108331485,0.6545321143412726,28.137665297567242,0.0009382782073639079,2
000308,26.801673999987543,4,2869.0592264031256,2875.751831132393,0.9996471502693055,0.9993387554677874,0.012366481645364576,12.366481645364576,1.058534060398303,9.514966759766429,7.827820992374288,0.08559702676590164,0.7694158316511145,0.6329869090379842,24.503188789884803,0.003501258611740536,3
000308,26.801673999987543,5,2877.1583926076537,2884.3827511279114,0.999879327704329,0.9991102664856836,-0.027394705454521738,-27.394705454521738,-3.2480443250382764,23.68640662088338,13.37438732775306,0.1185646741276482,-0.8646344696133146,-0.4882106635516134,24.648424874504606,0.003708329692425451,4
000308,26.801673999987543,6,2904.4342455818605,2920.419747695074,0.9994833828960668,0.9996062177573314,-0.028071019026678627,-28.071019026678627,-24.418866866684464,1.3365872973603454,13.780950059405486,0.869895989293329,-0.04761449151846096,-0.49093159198489034,28.149854264219062,0.0007143761320573302,5
000308,26.801673999987543,7,2937.7002853231734,2949.15820684722,1.0002143889104549,0.9996228745662699,0.006736169849914984,6.736169849914984,0.6010708911743289,-5.393530759304537,3.990554344840124,0.0892303645196706,-0.8006821204742347,0.5924070256171595,28.13207628590776,0.001246223926997528,6
000308,26.801673999987543,8,2969.468369204371,2979.433000494655,0.9994609537104946,0.9991115391360128,3.08822026161658e-05,0.030882202616165803,0.0252400204897814,-0.0014448301400730621,0.017735959798321297,0.8172998799175385,-0.046785203699063284,0.5743100652100869,28.0579231763767,0.0031239019448423113,7
000309,26.88023962441366,1,2762.6782471497686,2772.902259762475,0.9992504800825832,0.9992691796760519,-0.004325805830717395,-4.325805830717395,3.5204316919349004,0.20681478449429527,2.50527132909862,-0.8138210150202394,-0.04780953944481529,-0.5791455805317881,28.057776830812678,0.003214665552417328,0
000309,26.88023962441366,2,2798.5743886005043,2811.2059239306122,1.0001051486934682,1.00014621381424,-0.01213982820025741,-12.13982820025741,-1.0869245642325245,-10.020691051362562,6.766075271276197,0.08953376821341487,0.8254392801992112,-0.5573452243033168,28.128993772385627,0.0011798185940266137,1
000309,26.88023962441366,3,2834.900998297384,2846.566788581379,0.9995295400172907,1.0001453492724874,-0.03425553051268701,-34.25553051268701,25.849587173597374,1.5885560664314426,-22.421344814351006,-0.7546106216052798,-0.0463737108331485,0.6545321143412726,28.137665297567242,0.0009382782073639079,2
000309,26.88023962441366,4,2869.0592264031256,2875.751831132393,0.9996722681186461,0.9999177889309349,0.005909986763985808,5.909986763985808,0.5058772952230176,4.547237381059219,3.740944254190775,0.08559702676590164,0.7694158316511145,0.6329869090379842,24.503188789884803,0.003501258611740536,3
000309,26.88023962441366,5,2877.1583926076537,2884.3827511279114,0.9995717852004598,0.9993487651197512,-0.033368604141843033,-33.368604141843036,-3.956337676172111,28.851645343919103,16.290908369880302,0.1185646741276482,-0.8646344696133146,-0.4882106635516134,24.648424874504606,0.003708329692425451,4
000309,26.88023962441366,6,2904.4342455818605,2920.419747695074,0.9994212940455367,0.9999380679811306,-0.047660637299599795,-47.6606372995998,-41.459797234085904,2.2693370104662383,23.398112544506972,0.869895989293329,-0.04761449151846096,-0.49093159198489034,28.149854264219062,0.0007143761320573302,5
000309,26.88023962441366,7,2937.7002853231734,2949.15820684722,1.0000920766957957,0.9998615754191232,-0.003561170101207772,-3.561170101207772,-0.3177645062473217,2.851365228004484,-2.109662187373255,0.0892303645196706,-0.8006821204742347,0.5924070256171595,28.13207628590776,0.001246223926997528,6
000309,26.88023962441366,8,2969.468369204371,2979.433000494655,0.9995239291464324,0.9988728303829014,0.0034727931893363153,3.4727931893363153,2.838313456623016,-0.16247533676781914,1.994460083028885,0.8172998799175385,-0.046785203699063284,0.5743100652100869,28.0579231763767,0.0031239019448423113,7
000310,26.96361220791005,1,2762.6782471497686,2772.902259762475,0.9997918318543663,0.9992291491944738,0.0021199331943442413,2.119933194344241,-1.725246183996329,-0.10135302967537428,-1.2277499405271037,-0.8138210150202394,-0.04780953944481529,-0.5791455805317881,28.057776830812678,0.003214665552417328,0
000310,26.96361220791005,2,2798.5743886005043,2811.2059239306122,0.9994117970819982,0.9999534090482167,-0.027222396317741624,-27.222396317741623,-2.4373237221263966,-22.470435221814302,15.17227258178549,0.08953376821341487,0.8254392801992112,-0.5573452243033168,28.128993772385627,0.0011798185940266137,1
000310,26.96361220791005,3,2834.900998297384,2846.566788581379,1.0002482313795844,1.0002812301619182,-0.012180177434757196,-12.180177434757196,9.19129126530473,0.5648400262558707,-7.972317289423485,-0.7546106216052798,-0.0463737108331485,0.6545321143412726,28.137665297567242,0.0009382782073639079,2
000310,26.96361220791005,4,2869.0592264031256,2875.751831132393,0.9993000548409162,0.9994371942598321,0.007173290946259019,7.173290946259018,0.6140123771265331,5.519243619091293,4.540599263702653,0.08559702676590164,0.7694158316511145,0.6329869090379842,24.503188789884803,0.003501258611740536,3
000310,26.96361220791005,5,2877.1583926076537,2884.3827511279114,0.9995385695831003,0.9986177599150828,-0.02573451943642817,-25.73451943642817,-3.0512049108117347,22.250952563669603,12.563866810240489,0.1185646741276482,-0.8646344696133146,-0.4882106635516134,24.648424874504606,0.003708329692425451,4
000310,26.96361220791005,6,2904.4342455818605,2920.419747695074,0.9991802241411653,1.0002700763866337,-0.07615840779887519,-76.15840779887519,-66.2498934952073,3.6262438621990336,37.388568383736285,0.869895989293329,-0.04761449151846096,-0.49093159198489034,28.149854264219062,0.0007143761320573302,5
000310,26.96361220791005,7,2937.7002853231734,2949.15820684722,0.9994310906976743,0.9995649382138804,-0.013953656464379282,-13.953656464379282,-1.2450898526988214,11.172443246268216,-8.266244122546581,0.0892303645196706,-0.8006821204742347,0.5924070256171595,28.13207628590776,0.001246223926997528,6
000310,26.96361220791005,8,2969.468369204371,2979.433000494655,0.999851906126463,0.9990866570787522,0.004775132295983063,4.775132295983063,3.9027150520973177,-0.22340553715754335,2.742406540292825,0.8172998799175385,-0.046785203699063284,0.5743100652100869,28.0579231763767,0.0031239019448423113,7
000311,27.043125540949404,1,2762.6782471497686,2772.902259762475,0.9997502077325295,0.9993395040821135,0.0004349539458227451,0.4349539458227451,-0.3539746616765247,-0.020794947829490585,-0.2519016554581056,-0.8138210150202394,-0.04780953944481529,-0.5791455805317881,28.057776830812678,0.003214665552417328,0
000311,27.043125540949404,2,2798.5743886005043,2811.2059239306122,0.9999136304273264,0.9993945910238252,0.004737342672172641,4.737342672172641,0.42415214075782465,3.910388725375192,-2.6403353142237345,0.08953376821341487,0.8254392801992112,-0.5573452243033168,28.128993772385627,0.0011798185940266137,1
000311,27.043125540949404,3,2834.900998297384,2846.566788581379,1.0000091981359187,1.0001097886383543,-0.014740376943635173,-14.740376943635173,11.123245008132672,0.6835659779557468,-9.648050087104876,-0.7546106216052798,-0.0463737108331485,0.6545321143412726,28.137665297567242,0.0009382782073639079,2
000311,27.043125540949404,4,2869.0592264031256,2875.751831132393,0.9995608656111927,0.9993126487215666,0.011665041984850062,11.665041984850061,0.9984929110025771,8.975267980018577,7.383818869788552,0.08559702676590164,0.7694158316511145,0.6329869090379842,24.503188789884803,0.003501258611740536,3
000311,27.043125540949404,5,2877.1583926076537,2884.3827511279114,0.9994764231168751,0.9994077811641884,-0.0350575598491454,-35.0575598491454,-4.156588159224448,30.311974666102866,17.11547455645168,0.1185646741276482,-0.8646344696133146,-0.4882106635516134,24.648424874504606,0.003708329692425451,4
000311,27.043125540949404,6,2904.4342455818605,2920.419747695074,0.9995563835025257,1.0001121634653518,-0.049600310801453724,-49.60031080145372,-43.147111433887176,2.361693577968846,24.35035954470303,0.869895989293329,-0.04761449151846096,-0.49093159198489034,28.149854264219062,0.0007143761320573302,5
000311,27.043125540949404,7,2937.7002853231734,2949.15820684722,1.0004737469862282,0.9997458537547078,0.01062616689274679,10.626166892746792,0.9481767452866516,-8.50818184019761,6.29501592264366,0.0892303645196706,-0.8006821204742347,0.5924070256171595,28.13207628590776,0.001246223926997528,6
000311,27.043125540949404,8,2969.468369204371,2979.433000494655,0.9993755745708164,0.9994678895296218,-0.005008804293954752,-5.008804293954753,-4.093695147979671,0.23433792918141594,-2.876606720685717,0.8172998799175385,-0.046785203699063284,0.5743100652100869,28.0579231763767,0.0031239019448423113,7
000312,27.14197035401594,1,2762.6782471497686,2772.902259762475,0.9996273788509827,0.9993905637976581,-0.0014929351663846677,-1.4929351663846677,1.2149820124665802,0.07137654272581964,0.86462680363217,-0.8138210150202394,-0.04780953944481529,-0.5791455805317881,28.057776830812678,0.003214665552417328,0
000312,27.14197035401594,2,2798.5743886005043,2811.2059239306122,0.9996826465878182,1.0000634149663432,-0.022375828229826793,-22.375828229826794,-2.0033922183124973,-18.469887547889417,12.471061003725302,0.08953376821341487,0.8254392801992112,-0.5573452243033168,28.128993772385627,0.0011798185940266137,1
000312,27.14197035401594,3,2834.900998297384,2846.566788581379,0.9997585959830277,0.9998919185392434,-0.015980182468424867,-15.980182468424868,12.058815425863884,0.741060360851684,-10.459542618617466,-0.7546106216052798,-0.0463737108331485,0.6545321143412726,28.137665297567242,0.0009382782073639079,2
000312,27.14197035401594,4,2869.0592264031256,2875.751831132393,0.9996399639342575,0.9994813178032076,0.010620996412105718,10.620996412105718,0.9091257141675584,8.171962787383825,6.7229516898023185,0.08559702676590164,0.7694158316511145,0.6329869090379842,24.503188789884803,0.003501258611740536,3
000312,27.14197035401594,5,2877.1583926076537,2884.3827511279114,0.9996029317653556,0.9994509570641968,-0.03414586774003251,-34.145867740032514,-4.04849368140273,29.5236942428894,16.6703767469069,0.1185646741276482,-0.8646344696133146,-0.4882106635516134,24.648424874504606,0.003708329692425451,4
000312,27.14197035401594,6,2904.4342455818605,2920.419747695074,0.9991367275816918,1.0002020392638502,-0.07493806612988893,-74.93806612988892,-65.18832317178864,3.5681379141514626,36.78946410541536,0.869895989293329,-0.04761449151846096,-0.49093159198489034,28.149854264219062,0.0007143761320573302,5
000312,27.14197035401594,7,2937.7002853231734,2949.15820684722,0.9999184719941564,0.9998146698421326,-0.0071750668695616865,-7.175066869561687,-0.6402338322240011,5.7449477556650805,-4.250560022801262,0.0892303645196706,-0.8006821204742347,0.5924070256171595,28.13207628590776,0.001246223926997528,6
000312,27.14197035401594,8,2969.468369204371,2979.433000494655,0.9993148458003102,0.9994329981030844,-0.005303582215045208,-5.303582215045208,-4.334617107489241,0.24812917426561928,-3.0459006477696704,0.8172998799175385,-0.046785203699063284,0.5743100652100869,28.0579231763767,0.0031239019448423113,7
000313,27.22164704138413,1,2762.6782471497686,2772.902259762475,0.9997097965033559,0.999206295756654,0.0014637880072066894,1.4637880072066893,-1.1912614417994014,-0.06998303046939577,-0.8477463552091874,-0.8138210150202394,-0.04780953944481529,-0.5791455805317881,28.057776830812678,0.003214665552417328,0
000313,27.22164704138413,2,2798.5743886005043,2811.2059239306122,0.9998818417445637,1.0002654915543787,-0.02246265203883253,-22.46265203883253,-2.0111658811034223,-18.541555330299268,12.519451839030472,0.08953376821341487,0.8254392801992112,-0.5573452243033168,28.128993772385627,0.0011798185940266137,1
000313,27.22164704138413,3,2834.900998297384,2846.566788581379,1.0000736207373981,1.0002972992210564,-0.01940263126413654,-19.402631264136538,14.64143163900811,0.8997720116452744,-12.699645265099367,-0.7546106216052798,-0.0463737108331485,0.6545321143412726,28.137665297567242,0.0009382782073639079,2
000313,27.22164704138413,4,2869.0592264031256,2875.751831132393,0.9993719909719607,0.9994108898554814,0.00831839229042175,8.31839229042175,0.7120296475325004,6.40030272213507,5.265433424079461,0.08559702676590164,0.7694158316511145,0.6329869090379842,24.503188789884803,0.003501258611740536,3
000313,27.22164704138413,5,2877.1583926076537,2884.3827511279114,0.9999532856883789,0.9985954198002146,-0.020952957392062686,-20.952957392062686,-2.48428056520041,18.1166492015165,10.229457231747606,0.1185646741276482,-0.8646344696133146,-0.4882106635516134,24.648424874504606,0.003708329692425451,4
000313,27.22164704138413,6,2904.4342455818605,2920.419747695074,0.9992486087760043,1.0000685318871607,-0.06273549789608023,-62.735497896080226,-54.573358006120266,2.987118832479337,30.798837856087406,0.869895989293329,-0.04761449151846096,-0.49093159198489034,28.149854264219062,0.0007143761320573302,5
000313,27.22164704138413,7,2937.7002853231734,2949.15820684722,1.0004057173559917,0.9999465575613294,0.0029609608251997556,2.9609608251997557,0.26420761376103885,-2.3707883921620803,1.7540939954255175,0.0892303645196706,-0.8006821204742347,0.5924070256171595,28.13207628590776,0.001246223926997528,6
000313,27.22164704138413,8,2969.468369204371,2979.433000494655,0.9996698506232258,0.9987644309896224,0.006374336686240022,6.374336686240022,5.20974460821793,-0.29822464031215146,3.660845717945556,0.8172998799175385,-0.046785203699063284,0.5743100652100869,28.0579231763767,0.0031239019448423113,7
000314,27.351689270464703,1,2762.6782471497686,2772.902259762475,0.9993089056651003,0.9991717033882607,-0.00259733413465694,-2.59733413465694,2.1137651018132257,0.12417734876224613,1.504234585250923,-0.8138210150202394,-0.04780953944481529,-0.5791455805317881,28.057776830812678,0.003214665552417328,0
000314,27.351689270464703,2,2798.5743886005043,2811.2059239306122,0.9996393177500505,1.0001089596353345,-0.025053780816535046,-25.053780816535046,-2.2431594044973484,-20.680374803469494,13.96360508883786,0.08953376821341487,0.8254392801992112,-0.5573452243033168,28.128993772385627,0.0011798185940266137,1
000314,27.351689270464703,3,2834.900998297384,2846.566788581379,1.0001228706030725,1.000163605571654,-0.012473204157593098,-12.473204157593099,9.412412342770889,0.5784287627670479,-8.164112689879762,-0.7546106216052798,-0.0463737108331485,0.6545321143412726,28.137665297567242,0.0009382782073639079,2
000314,27.351689270464703,4,2869.0592264031256,2875.751831132393,1.0001883340607818,0.9995076824810987,0.016705543269322793,16.705543269322792,1.4299448343631511,12.853509467749674,10.574390197848935,0.08559702676590164,0.7694158316511145,0.6329869090379842,24.503188789884803,0.003501258611740536,3
000314,27.351689270464703,5,2877.1583926076537,2884.3827511279114,0.9991179999580978,0.9988662089948754,-0.033053839693999484,-33.053839693999485,-3.9190177319865724,28.57948915250477,16.137237009936147,0.1185646741276482,-0.8646344696133146,-0.4882106635516134,24.648424874504606,0.003708329692425451,4
000314,27.351689270464703,6,2904.4342455818605,2920.419747695074,0.999301183577376,1.0000203404261196,-0.05772464026837385,-57.724640268373854,-50.21443305285861,2.7485293944646965,28.338849543707884,0.869895989293329,-0.04761449151846096,-0.49093159198489034,28.149854264219062,0.0007143761320573302,5
000314,27.351689270464703,7,2937.7002853231734,2949.15820684722,1.0002410610964934,0.9999291081015093,-0.0012378856870532487,-1.2378856870532486,-0.11045699108944426,0.9911529368145,-0.733332177921269,0.0892303645196706,-0.8006821204742347,0.5924070256171595,28.13207628590776,0.001246223926997528,6
000314,27.351689270464703,8,2969.468369204371,2979.433000494655,0.9996168408071618,0.9992656711987015,5.0905362437745975e-05,0.050905362437745974,0.04160494660752856,-0.00238161775102459,0.029235462021164997,0.8172998799175385,-0.046785203699063284,0.5743100652100869,28.0579231763767,0.0031239019448423113,7
000315,27.450158895459023,1,2762.6782471497686,2772.902259762475,0.9993742384641908,0.9991693492689926,-0.0018468946284153013,-1.8468946284153014,1.5030416611323683,0.08829918158763882,1.0696208617546208,-0.8138210150202394,-0.04780953944481529,-0.5791455805317881,28.057776830812678,0.003214665552417328,0
000315,27.450158895459023,2,2798.5743886005043,2811.2059239306122,0.999952814152518,1.000173875961391,-0.017563520975273892,-17.563520975273892,-1.572528216011623,-14.497620111593829,9.788944537520036,0.08953376821341487,0.8254392801992112,-0.5573452243033168,28.128993772385627,0.0011798185940266137,1
000315,27.450158895459023,3,2834.900998297384,2846.566788581379,0.9998857514503805,1.0007212940532713,-0.04257846130957462,-42.57846130957462,32.13015915581446,1.9745212524906146,-27.868970306353944,-0.7546106216052798,-0.0463737108331485,0.6545321143412726,28.137665297567242,0.0009382782073639079,2
000315,27.450158895459023,4,2869.0592264031256,2875.751831132393,0.9992724161729738,0.9997384761377061,0.003339360709398341,3.3393607093983406,0.2858393480233701,2.56935699740478,2.113771613604946,0.08559702676590164,0.7694158316511145,0.6329869090379842,24.503188789884803,0.003501258611740536,3
000315,27.450158895459023,5,2877.1583926076537,2884.3827511279114,0.9999050542052287,0.9989502724728748,-0.02536285207211251,-25.36285207211251,-3.0071382908777666,21.929596149251957,12.382414839687462,0.1185646741276482,-0.8646344696133146,-0.4882106635516134,24.648424874504606,0.003708329692425451,4
000315,27.450158895459023,6,2904.4342455818605,2920.419747695074,0.9994240258389304,1.0000330848455758,-0.052249746204997866,-52.24974620499786,-45.451844665321985,2.4878450975196085,25.651051085226083,0.869895989293329,-0.04761449151846096,-0.49093159198489034,28.149854264219062,0.0007143761320573302,5
000315,27.450158895459023,7,2937.7002853231734,2949.15820684722,1.0001135781747554,0.9998978290787301,-0.003981953260640083,-3.981953260640083,-0.35531114094720556,3.1882787803585946,-2.358937087282342,0.0892303645196706,-0.8006821204742347,0.5924070256171595,28.13207628590776,0.001246223926997528,6
000315,27.450158895459023,8,2969.468369204371,2979.433000494655,0.9997162391942727,0.9991262241237479,0.002775890130776968,2.775890130776968,2.2687346705482963,-0.12987058521461986,1.594221642022557,0.8172998799175385,-0.046785203699063284,0.5743100652100869,28.0579231763767,0.0031239019448423113,7
000316,27.529480666387823,1,2762.6782471497686,2772.902259762475,0.9994253596399741,0.999488932754808,-0.004823315010234395,-4.823315010234395,3.9253151173913117,0.23060046923657096,2.793401571689886,-0.8138210150202394,-0.04780953944481529,-0.5791455805317881,28.057776830812678,0.003214665552417328,0
000316,27.529480666387823,2,2798.5743886005043,2811.2059239306122,0.9999923648766349,1.0001493903723824,-0.015633967201250085,-15.633967201250085,-1.3997679956528555,-12.904890633257947,8.713516956531427,0.08953376821341487,0.8254392801992112,-0.5573452243033168,28.128993772385627,0.0011798185940266137,1
000316,27.529480666387823,3,2834.900998297384,2846.566788581379,0.9999132510434755,1.0000000988993507,-0.014219841041876723,-14.219841041876723,10.730443087738864,0.6594267965693282,-9.307342622736376,-0.7546106216052798,-0.0463737108331485,0.6545321143412726,28.137665297567242,0.0009382782073639079,2
000316,27.529480666387823,4,2869.0592264031256,2875.751831132393,0.9995823354651722,0.9994999634861615,0.009731937393100274,9.731937393100274,0.8330249055212832,7.487906702888827,6.160188969409719,0.08559702676590164,0.7694158316511145,0.6329869090379842,24.503188789884803,0.003501258611740536,3
000316,27.529480666387823,5,2877.1583926076537,2884.3827511279114,0.9997549986266409,0.9990410369224909,-0.027997515196220086,-27.997515196220085,-3.319516265623713,24.20761670217447,13.668685471742988,0.1185646741276482,-0.8646344696133146,-0.4882106635516134,24.648424874504606,0.003708329692425451,4
000316,27.529480666387823,6,2904.4342455818605,2920.419747695074,0.9993849190048372,0.9999991872232324,-0.05250878745358698,-52.50878745358698,-45.67718360853119,2.5001792148534867,25.778222617785694,0.869895989293329,-0.04761449151846096,-0.49093159198489034,28.149854264219062,0.0007143761320573302,5
000316,27.529480666387823,7,2937.7002853231734,2949.15820684722,1.0001209590307525,0.9998386567176778,-0.002083625575383378,-2.083625575383378,-0.18592266961396722,1.6683217439723106,-1.2343544296127096,0.0892303645196706,-0.8006821204742347,0.5924070256171595,28.13207628590776,0.001246223926997528,6
000316,27.529480666387823,8,2969.468369204371,2979.433000494655,0.9993938325102703,0.9990779928407111,-0.00035217345069949173,-0.35217345069949174,-0.2878313189668398,0.01647650662837774,-0.2022567574364864,0.8172998799175385,-0.046785203699063284,0.5743100652100869,28.0579231763767,0.0031239019448423113,7
000317,27.608625603839755,1,2762.6782471497686,2772.902259762475,1.0000775483887192,0.999083194510868,0.006905837819926506,6.905837819926505,-5.620115944177747,-0.3301649256512735,-3.9994854532797137,-0.8138210150202394,-0.04780953944481529,-0.5791455805317881,28.057776830812678,0.003214665552417328,0
000317,27.608625603839755,2,2798.5743886005043,2811.2059239306122,0.9995828680132371,1.00004872775258,-0.02493981651068469,-24.93981651068469,-2.23295575075274,-20.586304188879975,13.900087627231121,0.08953376821341487,0.8254392801992112,-0.5573452243033168,28.128993772385627,0.0011798185940266137,1
000317,27.608625603839755,3,2834.900998297384,2846.566788581379,0.9995760216011541,1.0004229071433643,-0.04300810250869207,-43.00810250869207,32.45437096814772,1.9944453092204943,-28.150184268820407,-0.7546106216052798,-0.0463737108331485,0.6545321143412726,28.137665297567242,0.0009382782073639079,2
000317,27.608625603839755,4,2869.0592264031256,2875.751831132393,0.9995650344840655,0.9997108948470025,0.007071638764899314,7.071638764899314,0.6053112526378741,5.441030821431266,4.476254763626804,0.08559702676590164,0.7694158316511145,0.6329869090379842,24.503188789884803,0.003501258611740536,3
000317,27.608625603839755,5,2877.1583926076537,2884.3827511279114,0.9998897067916639,0.9992857405607739,-0.02920090770214319,-29.20090770214319,-3.46219610593614,25.24811134326993,14.256194525572745,0.1185646741276482,-0.8646344696133146,-0.4882106635516134,24.648424874504606,0.003708329692425451,4
000317,27.608625603839755,6,2904.4342455818605,2920.419747695074,0.9996709262456069,0.9993985911433172,-0.008420191669339935,-8.420191669339935,-7.32469096223991,0.4009231448236019,4.133738101046966,0.869895989293329,-0.04761449151846096,-0.49093159198489034,28.149854264219062,0.0007143761320573302,5
000317,27.608625603839755,7,2937.7002853231734,2949.15820684722,1.0001326375407884,0.999814857315001,-0.0010716729320163361,-1.071672932016336,-0.09562576636968184,0.8580693556616804,-0.6348665740902181,0.0892303645196706,-0.8006821204742347,0.5924070256171595,28.13207628590776,0.001246223926997528,6
000317,27.608625603839755,8,2969.468369204371,2979.433000494655,0.9990312199504595,0.9994556625441565,-0.008798044158096893,-8.798044158096893,-7.190640433921792,0.41161828808991685,-5.05280531415785,0.8172998799175385,-0.046785203699063284,0.5743100652100869,28.0579231763767,0.0031239019448423113,7
000318,27.696574416477233,1,2762.6782471497686,2772.902259762475,0.9992121859490115,0.999395621745416,-0.006152223073357317,-6.152223073357317,5.006808426190589,0.29413495169897935,3.563032803380585,-0.8138210150202394,-0.04780953944481529,-0.5791455805317881,28.057776830812678,0.003214665552417328,0
000318,27.696574416477233,2,2798.5743886005043,2811.2059239306122,1.000026601941227,0.9997208529335143,-0.0016895621271480832,-1.6895621271480832,-0.15127286387424066,-1.394630946084962,0.9416693827297374,0.08953376821341487,0.8254392801992112,-0.5573452243033168,28.128993772385627,0.0011798185940266137,1
000318,27.696574416477233,3,2834.900998297384,2846.566788581379,1.0003537707333754,1.0001017792251399,-0.0013854824506516524,-1.3854824506516525,1.0454997733094498,0.06424996253092166,-0.9068427578077539,-0.7546106216052798,-0.0463737108331485,0.6545321143412726,28.137665297567242,0.0009382782073639079,2
000318,27.696574416477233,4,2869.0592264031256,2875.751831132393,1.0002588763184461,0.9994990467557068,0.01762844962830236,17.62844962830236,1.5089428746751459,13.563608231480039,11.15857784135091,0.08559702676590164,0.7694158316511145,0.6329869090379842,24.503188789884803,0.003501258611740536,3
000318,27.696574416477233,5,2877.1583926076537,2884.3827511279114,0.9992896911791002,0.9993100997984442,-0.03603180713272909,-36.03180713272909,-4.272099470922295,31.154342449416465,17.591112469233426,0.1185646741276482,-0.8646344696133146,-0.4882106635516134,24.648424874504606,0.003708329692425451,4
000318,27.696574416477233,6,2904.4342455818605,2920.419747695074,0.9993498235396926,0.9995636982581535,-0.03259820651914241,-32.59820651914241,-28.357049109157632,1.5521470278227447,16.003489422294813,0.869895989293329,-0.04761449151846096,-0.49093159198489034,28.149854264219062,0.0007143761320573302,5
000318,27.696574416477233,7,2937.7002853231734,2949.15820684722,1.0003654346524922,1.000183992066473,-0.004960493451730083,-4.960493451730083,-0.44262663889531434,3.9717784155297986,-2.9386311713328155,0.0892303645196706,-0.8006821204742347,0.5924070256171595,28.13207628590776,0.001246223926997528,6
000318,27.696574416477233,8,2969.468369204371,2979.433000494655,0.9994880257994433,0.9990299488307545,0.0012706100439832078,1.2706100439832078,1.0384694363694942,-0.05944574972983014,0.7297241372165875,0.8172998799175385,-0.046785203699063284,0.5743100652100869,28.0579231763767,0.0031239019448423113,7
000319,27.778304645442404,1,2762.6782471497686,2772.902259762475,0.9990331701828423,0.9992593849790221,-0.006626510457794777,-6.626510457794777,5.392793466804777,0.3168104131134204,3.8377142459795213,-0.8138210150202394,-0.04780953944481529,-0.5791455805317881,28.057776830812678,0.003214665552417328,0
000319,27.778304645442404,2,2798.5743886005043,2811.2059239306122,1.000010203004454,0.9997240570758248,-0.002280245653131758,-2.280245653131758,-0.2041589857771456,-1.8822043305984586,1.2708840250113829,0.08953376821341487,0.8254392801992112,-0.5573452243033168,28.128993772385627,0.0011798185940266137,1
000319,27.778304645442404,3,2834.900998297384,2846.566788581379,1.0004011593263025,1.0000715973091203,0.0015526877661936778,1.5526877661936778,-1.1716746804063245,-0.0720038934836329,1.0162840065185754,-0.7546106216052798,-0.0463737108331485,0.6545321143412726,28.137665297567242,0.0009382782073639079,2
000319,27.778304645442404,4,2869.0592264031256,2875.751831132393,0.9998311822597669,0.9992966139143047,0.015002782721519321,15.00278272151932,1.2841935941768958,11.54337854475876,9.49656506186299,0.08559702676590164,0.7694158316511145,0.6329869090379842,24.503188789884803,0.003501258611740536,3
000319,27.778304645442404,5,2877.1583926076537,2884.3827511279114,0.9999738064235248,0.9990742584159484,-0.025967130125576686,-25.967130125576684,-3.0787843213692367,22.45207578350792,12.677429829138886,0.1185646741276482,-0.8646344696133146,-0.4882106635516134,24.648424874504606,0.003708329692425451,4
000319,27.778304645442404,6,2904.4342455818605,2920.419747695074,1.0000243838343497,0.9995082865936025,0.003701498086627262,3.7014980866272618,3.219918339933986,-0.17624494925131323,-1.8171823483969471,0.869895989293329,-0.04761449151846096,-0.49093159198489034,28.149854264219062,0.0007143761320573302,5
000319,27.778304645442404,7,2937.7002853231734,2949.15820684722,0.9998089477757817,1.0000211195722197,-0.016187735539503215,-16.187735539503215,-1.4444375429378984,12.961230417445563,-9.589728262434285,0.0892303645196706,-0.8006821204742347,0.5924070256171595,28.13207628590776,0.001246223926997528,6
000319,27.778304645442404,8,2969.468369204371,2979.433000494655,0.9993758082472805,0.9993198503864135,-0.0033171616239460956,-3.3171616239460957,-2.7111157969182114,0.15519408227903364,-1.90507930856088,0.8172998799175385,-0.046785203699063284,0.5743100652100869,28.0579231763767,0.0031239019448423113,7
000320,27.857077728956934,1,2762.6782471497686,2772.902259762475,0.9992230081364697,0.9993474512550828,-0.005498175924112647,-5.498175924112647,4.4745311113211965,0.26286525871839733,3.1842442874361194,-0.8138210150202394,-0.04780953944481529,-0.5791455805317881,28.057776830812678,0.003214665552417328,0
000320,27.857077728956934,2,2798.5743886005043,2811.2059239306122,0.9994215381039567,0.9998063190635893,-0.02249673604980989,-22.49673604980989,-2.0142175510420532,-18.569689611786718,12.538448399773806,0.08953376821341487,0.8254392801992112,-0.5573452243033168,28.128993772385627,0.0011798185940266137,1
000320,27.857077728956934,3,2834.900998297384,2846.566788581379,1.0000399790748054,0.9997987180580599,-0.0017919257102905419,-1.791925710290542,1.3522061741128284,0.08309824472349782,-1.172872923898955,-0.7546106216052798,-0.0463737108331485,0.6545321143412726,28.137665297567242,0.0009382782073639079,2
000320,27.857077728956934,4,2869.0592264031256,2875.751831132393,0.99989094265448,0.9994463329280028,0.013954216209698866,13.954216209698867,1.1944394183987723,10.736594870024915,8.83283618662502,0.08559702676590164,0.7694158316511145,0.6329869090379842,24.503188789884803,0.003501258611740536,3
000320,27.857077728956934,5,2877.1583926076537,2884.3827511279114,0.9996714626048804,0.998827941623747,-0.026580087202377027,-26.580087202377026,-3.1514593774343047,22.98205960050291,12.976682010332237,0.1185646741276482,-0.8646344696133146,-0.4882106635516134,24.648424874504606,0.003708329692425451,4
000320,27.857077728956934,6,2904.4342455818605,2920.419747695074,0.9992582043418688,0.9995654123233026,-0.03723943942277899,-37.23943942277899,-32.39443899740733,1.773136972548151,18.282017280449775,0.869895989293329,-0.04761449151846096,-0.49093159198489034,28.149854264219062,0.0007143761320573302,5
000320,27.857077728956934,7,2937.7002853231734,2949.15820684722,0.9997899797050891,0.9995840666547593,-0.004262511266473743,-4.2625112664737435,-0.38034543407665494,3.4129165593855126,-2.525141621031342,0.0892303645196706,-0.8006821204742347,0.5924070256171595,28.13207628590776,0.001246223926997528,6
000320,27.857077728956934,8,2969.468369204371,2979.433000494655,0.999245084272623,0.9992791658350595,-0.0043444202326347525,-4.344420232634753,-3.550694134443708,0.2032545855381488,-2.4950442671044852,0.8172998799175385,-0.046785203699063284,0.5743100652100869,28.0579231763767,0.0031239019448423113,7
000321,27.97715247841552,1,2762.6782471497686,2772.902259762475,0.99918299854956,0.9992615624505956,-0.004989516670292086,-4.989516670292086,4.060573521077511,0.23854649405889292,2.8896565285893447,-0.8138210150202394,-0.04780953944481529,-0.5791455805317881,28.057776830812678,0.003214665552417328,0
000321,27.97715247841552,2,2798.5743886005043,2811.2059239306122,1.0001201151878396,0.9998222795306662,-0.0019280086374606207,-1.9280086374606207,-0.17262187845986104,-1.5914540619233566,1.074566406504222,0.08953376821341487,0.8254392801992112,-0.5573452243033168,28.128993772385627,0.0011798185940266137,1
000321,27.97715247841552,3,2834.900998297384,2846.566788581379,1.0001994162978223,1.0000334168268383,-0.0046426383745896875,-4.642638374589688,3.50338422973765,0.21529636948610073,-3.0387559114421174,-0.7546106216052798,-0.0463737108331485,0.6545321143412726,28.137665297567242,0.0009382782073639079,2
000321,27.97715247841552,4,2869.0592264031256,2875.751831132393,0.9996148035524891,0.999644079397444,0.008430559374530884,8.430559374530885,0.7216308164332431,6.48660585243878,5.336433719945505,0.08559702676590164,0.7694158316511145,0.6329869090379842,24.503188789884803,0.003501258611740536,3
000321,27.97715247841552,5,2877.1583926076537,2884.3827511279114,0.9999515670468424,0.9987696415818101,-0.02287781284666568,-22.87781284666568,-2.71250042491824,19.780945576589456,11.169192190480278,0.1185646741276482,-0.8646344696133146,-0.4882106635516134,24.648424874504606,0.003708329692425451,4
000321,27.97715247841552,6,2904.4342455818605,2920.419747695074,0.9992069881332392,0.9997852837638106,-0.05071995940966172,-50.719959409661726,-44.12108926758518,2.4150050771280225,24.90003041839425,0.869895989293329,-0.04761449151846096,-0.49093159198489034,28.149854264219062,0.0007143761320573302,5
000321,27.97715247841552,7,2937.7002853231734,2949.15820684722,1.0001066988053047,0.9997006993354149,0.0014446446988427496,1.4446446988427497,0.1289061730791483,-1.156701180801275,0.8558176691150304,0.0892303645196706,-0.8006821204742347,0.5924070256171595,28.13207628590776,0.001246223926997528,6
000321,27.97715247841552,8,2969.468369204371,2979.433000494655,0.9995520578579138,0.9996088379700534,-0.004603387690797366,-4.603387690797366,-3.762348206902562,0.21537043081971532,-2.6437718848891465,0.8172998799175385,-0.046785203699063284,0.5743100652100869,28.0579231763767,0.0031239019448423113,7
000322,28.073638416011818,1,2762.6782471497686,2772.902259762475,0.9996588071779393,0.9992177233007843,0.000771777115001737,0.7717771150017371,-0.6280884351001056,-0.03689830842228129,-0.4469713053088296,-0.8138210150202394,-0.04780953944481529,-0.5791455805317881,28.057776830812678,0.003214665552417328,0
000322,28.073638416011818,2,2798.5743886005043,2811.2059239306122,0.9997945180058976,0.999944027385933,-0.015407490242625912,-15.407490242625911,-1.3794906601337196,-12.717947655549501,8.587291105227504,0.08953376821341487,0.8254392801992112,-0.5573452243033168,28.128993772385627,0.0011798185940266137,1
000322,28.073638416011818,3,2834.900998297384,2846.566788581379,0.99991345266941,1.0001795595274507,-0.021009708330571832,-21.009708330571833,15.854149063078436,0.9742981388107292,-13.75152881530263,-0.7546106216052798,-0.0463737108331485,0.6545321143412726,28.137665297567242,0.0009382782073639079,2
000322,28.073638416011818,4,2869.0592264031256,2875.751831132393,0.9993975084852675,0.9995218052044738,0.007322986717369049,7.322986717369049,0.6268258900529806,5.634421915314571,4.635354727153649,0.08559702676590164,0.7694158316511145,0.6329869090379842,24.503188789884803,0.003501258611740536,3
000322,28.073638416011818,5,2877.1583926076537,2884.3827511279114,0.999608410319454,0.9991698199650214,-0.03101018297948963,-31.010182979489628,-3.6767122396019305,26.812473113082852,15.13950200927358,0.1185646741276482,-0.8646344696133146,-0.4882106635516134,24.648424874504606,0.003708329692425451,4
000322,28.073638416011818,6,2904.4342455818605,2920.419747695074,0.9993740686467684,0.9997244196538139,-0.03938483564759138,-39.38483564759138,-34.26071056881668,1.8752889228982188,19.335260064535298,0.869895989293329,-0.04761449151846096,-0.49093159198489034,28.149854264219062,0.0007143761320573302,5
000322,28.073638416011818,7,2937.7002853231734,2949.15820684722,1.0002143407094808,0.9999230914286578,-0.0018284271442818934,-1.8284271442818933,-0.1631512205819337,1.463988923016276,-1.0831730861017135,0.0892303645196706,-0.8006821204742347,0.5924070256171595,28.13207628590776,0.001246223926997528,6
000322,28.073638416011818,8,2969.468369204371,2979.433000494655,0.9996259413963287,0.9993070764435384,-0.0003176580336878381,-0.3176580336878381,-0.25962187278791155,0.014861695812729414,-0.1824342060417703,0.8172998799175385,-0.046785203699063284,0.5743100652100869,28.0579231763767,0.0031239019448423113,7
000323,28.153577020508237,1,2762.6782471497686,2772.902259762475,0.9995769800516768,0.9990799691287297,0.0013918358449248318,1.3918358449248318,-1.132705260058279,-0.06654303072864155,-0.8060755784139435,-0.8138210150202394,-0.04780953944481529,-0.5791455805317881,28.057776830812678,0.003214665552417328,0
000323,28.153577020508237,2,2798.5743886005043,2811.2059239306122,0.9996506963905539,0.999615008891879,-0.009827104383233516,-9.827104383233516,-0.8798576860574628,-8.111677968538787,5.4770896967253915,0.08953376821341487,0.8254392801992112,-0.5573452243033168,28.128993772385627,0.0011798185940266137,1
000323,28.153577020508237,3,2834.900998297384,2846.566788581379,1.0002084168703285,1.0003587433134946,-0.016624245719870798,-16.624245719870796,12.544832396390616,0.770927963832495,-10.881102700355884,-0.7546106216052798,-0.0463737108331485,0.6545321143412726,28.137665297567242,0.0009382782073639079,2
000323,28.153577020508237,4,2869.0592264031256,2875.751831132393,0.9993958576469305,0.9994683489607126,0.007926835618919246,7.926835618919246,0.6785135606415331,6.099032820092429,5.01758317687189,0.08559702676590164,0.7694158316511145,0.6329869090379842,24.503188789884803,0.003501258611740536,3
000323,28.153577020508237,5,2877.1583926076537,2884.3827511279114,1.0001125871212826,0.9990105972329315,-0.023752338598352105,-23.752338598352104,-2.816188285683178,20.53709068606203,11.596144988004081,0.1185646741276482,-0.8646344696133146,-0.4882106635516134,24.648424874504606,0.003708329692425451,4
000323,28.153577020508237,6,2904.4342455818605,2920.419747695074,0.9998037629066288,1.0000982666026783,-0.036607686653568755,-36.607686653568756,-31.844879797246385,1.7430563856768257,17.97186988772053,0.869895989293329,-0.04761449151846096,-0.49093159198489034,28.149854264219062,0.0007143761320573302,5
000323,28.153577020508237,7,2937.7002853231734,2949.15820684722,0.9999125537917307,1.0002915980633738,-0.020947515060811123,-20.947515060811124,-1.8691544046574664,16.772300777556218,-12.40945509124577,0.0892303645196706,-0.8006821204742347,0.5924070256171595,28.13207628590776,0.001246223926997528,6
000323,28.153577020508237,8,2969.468369204371,2979.433000494655,0.9993735640910297,0.9993078506994831,-0.0032058609013816608,-3.205860901381661,-2.620149729731563,0.14998685530200362,-1.8411581833269695,0.8172998799175385,-0.046785203699063284,0.5743100652100869,28.0579231763767,0.0031239019448423113,7
000324,28.2393453954719,1,2762.6782471497686,2772.902259762475,0.9994110467293266,0.9993473336506501,-0.0034121030578265405,-3.4121030578265406,2.776841173874058,0.16313107573293284,1.9761044062592412,-0.8138210150202394,-0.04780953944481529,-0.5791455805317881,28.057776830812678,0.003214665552417328,0
000324,28.2393453954719,2,2798.5743886005043,2811.2059239306122,0.9995757507483308,0.999963184559149,-0.02257667224174986,-22.576672241749858,-2.021374539523069,-18.635672084523517,12.583000454600542,0.08953376821341487,0.8254392801992112,-0.5573452243033168,28.128993772385627,0.0011798185940266137,1
000324,28.2393453954719,3,2834.900998297384,2846.566788581379,1.0004014716033174,0.9997771651865582,0.012716843167247924,12.716843167247925,-9.596264927293811,-0.5897272077484556,8.32358224600515,-0.7546106216052798,-0.0463737108331485,0.6545321143412726,28.137665297567242,0.0009382782073639079,2
000324,28.2393453954719,4,2869.0592264031256,2875.751831132393,0.9995546360610762,0.9995797657554465,0.00847888731358854,8.47888731358854,0.7257675443263021,6.52379013386081,5.367024672709787,0.08559702676590164,0.7694158316511145,0.6329869090379842,24.503188789884803,0.003501258611740536,3
000324,28.2393453954719,5,2877.1583926076537,2884.3827511279114,0.9992759899272313,0.9988165936706775,-0.030782558460502287,-30.782558460502287,-3.649724012684734,26.615661107837244,15.028373291818152,0.1185646741276482,-0.8646344696133146,-0.4882106635516134,24.648424874504606,0.003708329692425451,4
000324,28.2393453954719,6,2904.4342455818605,2920.419747695074,0.9995969927403429,1.00000056991197,-0.042031641497106156,-42.03164149710616,-36.5631563617477,2.0013152375709526,20.634660673912506,0.869895989293329,-0.04761449151846096,-0.49093159198489034,28.149854264219062,0.0007143761320573302,5
000324,28.2393453954719,7,2937.7002853231734,2949.15820684722,1.0000499436146126,1.0000399646290465,-0.009851227727012643,-9.851227727012644,-0.8790286410476242,7.887701905739059,-5.835936516436852,0.0892303645196706,-0.8006821204742347,0.5924070256171595,28.13207628590776,0.001246223926997528,6
000324,28.2393453954719,8,2969.468369204371,2979.433000494655,0.9995132238498965,0.9988316676166661,0.0038202820647611742,3.8202820647611744,3.1223160727804338,-0.17873267458772962,2.1940264417339153,0.8172998799175385,-0.046785203699063284,0.5743100652100869,28.0579231763767,0.0031239019448423113,7
000325,28.337641853373498,1,2762.6782471497686,2772.902259762475,0.9998256502573917,0.9991265263228496,0.0036326468066944736,3.6326468066944737,-2.9563243114341278,-0.17367517079374173,-2.1038313437300173,-0.8138210150202394,-0.04780953944481529,-0.5791455805317881,28.057776830812678,0.003214665552417328,0
000325,28.337641853373498,2,2798.5743886005043,2811.2059239306122,0.9994990235883525,0.9997219006300201,-0.01761821789829558,-17.61821789829558,-1.5774254376394334,-14.542769100361962,9.819429606350258,0.08953376821341487,0.8254392801992112,-0.5573452243033168,28.128993772385627,0.0011798185940266137,1
000325,28.337641853373498,3,2834.900998297384,2846.566788581379,0.9998253967923637,0.9998824108371983,-0.013089813454784374,-13.089813454784373,9.877712267811992,0.607023224012027,-8.567703276892853,-0.7546106216052798,-0.0463737108331485,0.6545321143412726,28.137665297567242,0.0009382782073639079,2
000325,28.337641853373498,4,2869.0592264031256,2875.751831132393,1.0000015543494196,0.9998551685554461,0.010478088717134973,10.478088717134973,0.8968932403760943,8.062007344408563,6.632492989685043,0.08559702676590164,0.7694158316511145,0.6329869090379842,24.503188789884803,0.003501258611740536,3
000325,28.337641853373498,5,2877.1583926076537,2884.3827511279114,0.9992950640112194,0.9992193630785422,-0.03498033191086594,-34.98033191086594,-4.147431653888794,30.245200728649277,17.077771053459536,0.1185646741276482,-0.8646344696133146,-0.4882106635516134,24.648424874504606,0.003708329692425451,4
000325,28.337641853373498,6,2904.4342455818605,2920.419747695074,1.0000752053819968,0.9999714869953644,-0.01680508494194983,-16.80508494194983,-14.618675990735873,0.8001655744354861,8.250147103992738,0.869895989293329,-0.04761449151846096,-0.49093159198489034,28.149854264219062,0.0007143761320573302,5
000325,28.337641853373498,7,2937.7002853231734,2949.15820684722,0.9999192215418025,0.9999396300226429,-0.010717983254719543,-10.717983254719543,-0.9563695527343503,8.581697559596183,-6.349408580542927,0.0892303645196706,-0.8006821204742347,0.5924070256171595,28.13207628590776,0.001246223926997528,6
000325,28.337641853373498,8,2969.468369204371,2979.433000494655,0.9994631950931698,0.9995984075612078,-0.005498221418516467,-5.498221418516468,-4.493695705113547,0.2572354090478456,-3.1576839014076885,0.8172998799175385,-0.046785203699063284,0.5743100652100869,28.0579231763767,0.0031239019448423113,7
000326,28.418212541379035,1,2762.6782471497686,2772.902259762475,0.9994469671705225,0.9993486763696161,-0.0030287425883821616,-3.0287425883821615,2.464854367512198,0.14480278824744888,1.7540828846299377,-0.8138210150202394,-0.04780953944481529,-0.5791455805317881,28.057776830812678,0.003214665552417328,0
000326,28.418212541379035,2,2798.5743886005043,2811.2059239306122,1.0003651460079597,1.0002938341064498,-0.008753663431020289,-8.75366343102029,-0.7837484726512165,-7.225617641607545,4.878812508437745,0.08953376821341487,0.8254392801992112,-0.5573452243033168,28.128993772385627,0.0011798185940266137,1
000326,28.418212541379035,3,2834.900998297384,2846.566788581379,1.0005209961256296,0.9999851745644139,0.009365265734920603,9.365265734920603,-7.067128997727064,-0.43430212506680205,6.129867182845453,-0.7546106216052798,-0.0463737108331485,0.6545321143412726,28.137665297567242,0.0009382782073639079,2
000326,28.418212541379035,4,2869.0592264031256,2875.751831132393,0.9994684455024051,0.9992560064147533,0.011248012405692613,11.248012405692613,0.9627964189532643,8.654398819548033,7.119844605500267,0.08559702676590164,0.7694158316511145,0.6329869090379842,24.503188789884803,0.003501258611740536,3
000326,28.418212541379035,5,2877.1583926076537,2884.3827511279114,0.999764384296787,0.9990953902808256,-0.028489478886824446,-28.489478886824447,-3.3778457802828545,24.63298546686918,13.908867391576244,0.1185646741276482,-0.8646344696133146,-0.4882106635516134,24.648424874504606,0.003708329692425451,4
000326,28.418212541379035,6,2904.4342455818605,2920.419747695074,0.9997415602079898,0.9997240902391152,-0.021094005972178156,-21.094005972178156,-18.349591193327306,1.0043803684526418,10.355713933260207,0.869895989293329,-0.04761449151846096,-0.49093159198489034,28.149854264219062,0.0007143761320573302,5
000326,28.418212541379035,7,2937.7002853231734,2949.15820684722,1.0004992708707785,1.000113357721661,0.000871713434099508,0.871713434099508,0.07778330748139295,-0.6979653608606711,0.5164091626854093,0.0892303645196706,-0.8006821204742347,0.5924070256171595,28.13207628590776,0.001246223926997528,6
000326,28.418212541379035,8,2969.468369204371,2979.433000494655,0.9993659504394766,0.9990121937916308,8.042086111890145e-05,0.08042086111890145,0.0657279601353432,-0.003762506369101883,0.04618650999344764,0.8172998799175385,-0.046785203699063284,0.5743100652100869,28.0579231763767,0.0031239019448423113,7
000327,28.500213207909837,1,2762.6782471497686,2772.902259762475,0.9991168664519742,0.9994494535317552,-0.007805851546432047,-7.805851546432047,6.352566028614634,0.3731941674095154,4.520724425403344,-0.8138210150202394,-0.04780953944481529,-0.5791455805317881,28.057776830812678,0.003214665552417328,0
000327,28.500213207909837,2,2798.5743886005043,2811.2059239306122,0.999750243994449,0.9995842758049037,-0.005901463032537721,-5.901463032537721,-0.5283802232752687,-4.871299397700191,3.289152237587468,0.08953376821341487,0.8254392801992112,-0.5573452243033168,28.128993772385627,0.0011798185940266137,1
000327,28.500213207909837,3,2834.900998297384,2846.566788581379,1.000381472391825,0.9997778473690785,0.011933485461387063,11.933485461387063,-9.005134881934861,-0.5534000040179454,7.810849470502511,-0.7546106216052798,-0.0463737108331485,0.6545321143412726,28.137665297567242,0.0009382782073639079,2
000327,28.500213207909837,4,2869.0592264031256,2875.751831132393,0.9993832420323749,0.999419837408712,0.00834524219674293,8.34524219674293,0.7143279196825364,6.420961465136935,5.282429063289665,0.08559702676590164,0.7694158316511145,0.6329869090379842,24.503188789884803,0.003501258611740536,3
000327,28.500213207909837,5,2877.1583926076537,2884.3827511279114,1.000191548973881,0.999097748571591,-0.023841934705001244,-23.841934705001243,-2.8268112188711387,20.61455856821403,11.639886762682899,0.1185646741276482,-0.8646344696133146,-0.4882106635516134,24.648424874504606,0.003708329692425451,4
000327,28.500213207909837,6,2904.4342455818605,2920.419747695074,0.9994369504808782,0.9999507637721867,-0.04751341176354038,-47.51341176354038,-41.33172633074626,2.2623269414282365,23.325834877708495,0.869895989293329,-0.04761449151846096,-0.49093159198489034,28.149854264219062,0.0007143761320573302,5
000327,28.500213207909837,7,2937.7002853231734,2949.15820684722,1.0001633848285723,0.9999014167673221,-0.0026636286903178904,-2.6636286903178905,-0.23767655898211817,2.1327198679197372,-1.5779523497797516,0.0892303645196706,-0.8006821204742347,0.5924070256171595,28.13207628590776,0.001246223926997528,6
000327,28.500213207909837,8,2969.468369204371,2979.433000494655,0.999489143678276,0.9992152931414375,-0.0008312269194599033,-0.8312269194599033,-0.6793616614588044,0.03888912074707645,-0.47738198631939666,0.8172998799175385,-0.046785203699063284,0.5743100652100869,28.0579231763767,0.0031239019448423113,7
000328,28.63599366636481,1,2762.6782471497686,2772.902259762475,0.9989065262358364,0.9993277009150282,-0.008788015249154933,-8.788015249154933,7.15187149008061,0.420150961696111,5.08954019319404,-0.8138210150202394,-0.04780953944481529,-0.5791455805317881,28.057776830812678,0.003214665552417328,0
000328,28.63599366636481,2,2798.5743886005043,2811.2059239306122,0.9995740025268737,0.9997559052095522,-0.016383571099209845,-16.383571099209846,-1.4668828573046568,-13.523643135224374,9.131305109178449,0.08953376821341487,0.8254392801992112,-0.5573452243033168,28.128993772385627,0.0011798185940266137,1
000328,28.63599366636481,3,2834.900998297384,2846.566788581379,1.0001547579826944,1.00044363931075,-0.021872346340958887,-21.872346340958888,16.505104868316952,1.014301864458101,-14.316153096152417,-0.7546106216052798,-0.0463737108331485,0.6545321143412726,28.137665297567242,0.0009382782073639079,2
000328,28.63599366636481,4,2869.0592264031256,2875.751831132393,0.9994322813472827,0.999531487375722,0.007615446277036805,7.6154462770368045,0.6518595588098054,5.859444930640657,4.82047779984635,0.08559702676590164,0.7694158316511145,0.6329869090379842,24.503188789884803,0.003501258611740536,3
000328,28.63599366636481,5,2877.1583926076537,2884.3827511279114,0.999645683012824,0.9990844669657784,-0.0296686110479305,-29.6686110479305,-3.5176492007178233,25.652503777591114,14.484532286364878,0.1185646741276482,-0.8646344696133146,-0.4882106635516134,24.648424874504606,0.003708329692425451,4
000328,28.63599366636481,6,2904.4342455818605,2920.419747695074,0.9993690131743704,1.0000584801213608,-0.05624823470261806,-56.24823470261806,-48.9301137726373,2.678231094176209,27.61403540889604,0.869895989293329,-0.04761449151846096,-0.49093159198489034,28.149854264219062,0.0007143761320573302,5
000328,28.63599366636481,7,2937.7002853231734,2949.15820684722,0.9999726203203287,0.9997757430884553,-0.004520244026738475,-4.5202440267384745,-0.4033430222237378,3.6192785723899554,-2.677824318943872,0.0892303645196706,-0.8006821204742347,0.5924070256171595,28.13207628590776,0.001246223926997528,6
000328,28.63599366636481,8,2969.468369204371,2979.433000494655,0.9996154254158212,0.9994342803251596,-0.0018889021484160926,-1.8889021484160926,-1.543799499076453,0.08837267178124517,-1.0848155160323194,0.8172998799175385,-0.046785203699063284,0.5743100652100869,28.0579231763767,0.0031239019448423113,7
000329,28.761407582904212,1,2762.6782471497686,2772.902259762475,0.9993797065735529,0.9990379518335565,-0.00032947716650999584,-0.32947716650999587,0.26813544207515727,0.01575215158842562,0.19081524487040016,-0.8138210150202394,-0.04780953944481529,-0.5791455805317881,28.057776830812678,0.003214665552417328,0
000329,28.761407582904212,2,2798.5743886005043,2811.2059239306122,1.000102410604678,0.9998864464728927,-0.004394976254539801,-4.394976254539801,-0.39349878527742876,-3.6277860360399585,2.4495190263942366,0.08953376821341487,0.8254392801992112,-0.5573452243033168,28.128993772385627,0.0011798185940266137,1
000329,28.761407582904212,3,2834.900998297384,2846.566788581379,1.0005060200248148,0.9999023982838915,0.011933361154415803,11.933361154415802,-9.005041078574008,-0.5533942394424056,7.810768107597785,-0.7546106216052798,-0.0463737108331485,0.6545321143412726,28.137665297567242,0.0009382782073639079,2
000329,28.761407582904212,4,2869.0592264031256,2875.751831132393,0.9995815782902688,0.9991909793029877,0.013324661720771649,13.32466172077165,1.1405514259594758,10.252205679357289,8.434336436607994,0.08559702676590164,0.7694158316511145,0.6329869090379842,24.503188789884803,0.003501258611740536,3
000329,28.761407582904212,5,2877.1583926076537,2884.3827511279114,0.9998076558214962,0.9988775824508204,-0.025633170989752662,-25.633170989752664,-3.03918856525831,22.163323203232192,12.514387417839114,0.1185646741276482,-0.8646344696133146,-0.4882106635516134,24.648424874504606,0.003708329692425451,4
000329,28.761407582904212,6,2904.4342455818605,2920.419747695074,0.9995623278743039,0.9996093745879615,-0.024302261424349388,-24.30226142434939,-21.14043974379952,1.1571398204691048,11.930747889888833,0.869895989293329,-0.04761449151846096,-0.49093159198489034,28.149854264219062,0.0007143761320573302,5
000329,28.761407582904212,7,2937.7002853231734,2949.15820684722,1.0001547324939624,1.0002831822762932,-0.013799694445603604,-13.799694445603604,-1.2313517656412833,11.049168610602413,-8.175035940945667,0.0892303645196706,-0.8006821204742347,0.5924070256171595,28.13207628590776,0.001246223926997528,6
000329,28.761407582904212,8,2969.468369204371,2979.433000494655,0.999445630264449,0.9990493288455111,0.000565813600826506,0.565813600826506,0.4624393880112134,-0.026471704570368564,0.3249524459874248,0.8172998799175385,-0.046785203699063284,0.5743100652100869,28.0579231763767,0.0031239019448423113,7
000330,28.85165404144209,1,2762.6782471497686,2772.902259762475,0.9994823422014595,0.9992444680694281,-0.001481193244592015,-1.481193244592015,1.2054261897549954,0.07081516685271588,0.8578265215190054,-0.8138210150202394,-0.04780953944481529,-0.5791455805317881,28.057776830812678,0.003214665552417328,0
000330,28.85165404144209,2,2798.5743886005043,2811.2059239306122,0.9998898165248292,0.9998476615191869,-0.009632224293040538,-9.632224293040538,-0.8624093372327155,-7.950816287164738,5.368474209144535,0.08953376821341487,0.8254392801992112,-0.5573452243033168,28.128993772385627,0.0011798185940266137,1
000330,28.85165404144209,3,2834.900998297384,2846.566788581379,1.000326076990423,0.9999129759148886,0.004716931194874795,4.716931194874795,-3.5594463810338044,-0.21874160325098135,3.0873829481837047,-0.7546106216052798,-0.0463737108331485,0.6545321143412726,28.137665297567242,0.0009382782073639079,2
000330,28.85165404144209,4,2869.0592264031256,2875.751831132393,0.9993297358870606,0.9993967563596327,0.00799060428221217,7.99060428221217,0.6839719686202433,6.148097439193234,5.057947905943162,0.08559702676590164,0.7694158316511145,0.6329869090379842,24.503188789884803,0.003501258611740536,3
000330,28.85165404144209,5,2877.1583926076537,2884.3827511279114,0.99939328572067,0.9992056559873075,-0.0337557880641991,-33.7557880641991,-4.0022440117537235,29.186417909268243,16.479935689530276,0.1185646741276482,-0.8646344696133146,-0.4882106635516134,24.648424874504606,0.003708329692425451,4
000330,28.85165404144209,6,2904.4342455818605,2920.419747695074,0.9991837720300234,0.9997306189262538,-0.04915609143856479,-49.156091438564786,-42.76068679174366,2.340542298882234,24.13227822568945,0.869895989293329,-0.04761449151846096,-0.49093159198489034,28.149854264219062,0.0007143761320573302,5
000330,28.85165404144209,7,2937.7002853231734,2949.15820684722,1.0000936597932013,0.9997696238451257,-0.0008932381194343631,-0.893238119434363,-0.07970396299999329,0.7151997915571235,-0.5291605375019762,0.0892303645196706,-0.8006821204742347,0.5924070256171595,28.13207628590776,0.001246223926997528,6
000330,28.85165404144209,8,2969.468369204371,2979.433000494655,0.9996750936323172,0.9993401038726992,-0.00013369032243924428,-0.13369032243924428,-0.10926508447573134,0.006254728967913494,-0.07677969779803992,0.8172998799175385,-0.046785203699063284,0.5743100652100869,28.0579231763767,0.0031239019448423113,7
000331,28.94232281204313,1,2762.6782471497686,2772.902259762475,0.999146180029282,0.9998152979912837,-0.011536942800296894,-11.536942800296895,9.389006499968062,0.551575921883372,6.681569435639978,-0.8138210150202394,-0.04780953944481529,-0.5791455805317881,28.057776830812678,0.003214665552417328,0
000331,28.94232281204313,2,2798.5743886005043,2811.2059239306122,0.9999985313047645,1.000267718211112,-0.019013635120279846,-19.013635120279847,-1.7023623997535804,-15.69460128765424,10.597158730933794,0.08953376821341487,0.8254392801992112,-0.5573452243033168,28.128993772385627,0.0011798185940266137,1
000331,28.94232281204313,3,2834.900998297384,2846.566788581379,1.000274065008903,1.0004445786019838,-0.017388882737823495,-17.388882737823494,13.121835611810308,0.8063870197953543,-11.381582184420068,-0.7546106216052798,-0.0463737108331485,0.6545321143412726,28.137665297567242,0.0009382782073639079,2
000331,28.94232281204313,4,2869.0592264031256,2875.751831132393,0.9998824772144607,0.9996444354282896,0.011546439978085767,11.546439978085766,0.9883409318550841,8.884013718348536,7.30874535212112,0.08559702676590164,0.7694158316511145,0.6329869090379842,24.503188789884803,0.003501258611740536,3
000331,28.94232281204313,5,2877.1583926076537,2884.3827511279114,0.9994964405659329,0.9992897950937633,-0.03354774861587546,-33.547748615875456,-3.9775778823575347,29.006539831208283,16.378368612419276,0.1185646741276482,-0.8646344696133146,-0.4882106635516134,24.648424874504606,0.003708329692425451,4
000331,28.94232281204313,6,2904.4342455818605,2920.419747695074,0.9994523092922976,1.000481018724633,-0.07311792654819242,-73.11792654819241,-63.604991049716816,3.4814728934763592,35.89590008293838,0.869895989293329,-0.04761449151846096,-0.49093159198489034,28.149854264219062,0.0007143761320573302,5
000331,28.94232281204313,7,2937.7002853231734,2949.15820684722,1.0002106615427624,0.9996832068220945,0.0049089680673245345,4.908968067324534,0.43802901006279116,-3.9305229614857136,2.9081071716133433,0.0892303645196706,-0.8006821204742347,0.5924070256171595,28.13207628590776,0.001246223926997528,6
000331,28.94232281204313,8,2969.468369204371,2979.433000494655,0.999569934466548,0.9993665041317598,-0.0016346500881974423,-1.6346500881974422,-1.3359993207909633,0.07647743735300909,-0.9387959987483473,0.8172998799175385,-0.046785203699063284,0.5743100652100869,28.0579231763767,0.0031239019448423113,7
000332,29.039338437491097,1,2762.6782471497686,2772.902259762475,0.9994482668539394,0.9992222488489624,-0.0016126411867995031,-1.6126411867995032,1.3124012875046152,0.07709963243062458,0.93395401631847,-0.8138210150202394,-0.04780953944481529,-0.5791455805317881,28.057776830812678,0.003214665552417328,0
000332,29.039338437491097,2,2798.5743886005043,2811.2059239306122,1.0002232468488714,0.9999700613053306,-0.0032734139405681748,-3.2734139405681746,-0.29308108502139196,-2.7020044468966575,1.8244216269435733,0.08953376821341487,0.8254392801992112,-0.5573452243033168,28.128993772385627,0.0011798185940266137,1
000332,29.039338437491097,3,2834.900998297384,2846.566788581379,0.9999653849760798,1.0000781927537017,-0.015203135723625692,-15.203135723625692,11.47244769875462,0.7050258198045277,-9.950940569802057,-0.7546106216052798,-0.0463737108331485,0.6545321143412726,28.137665297567242,0.0009382782073639079,2
000332,29.039338437491097,4,2869.0592264031256,2875.751831132393,0.999367236934413,0.9994349461941835,0.007982575710872743,7.982575710872743,0.6832847467844105,6.141920129299137,5.052865925387026,0.08559702676590164,0.7694158316511145,0.6329869090379842,24.503188789884803,0.003501258611740536,3
000332,29.039338437491097,5,2877.1583926076537,2884.3827511279114,0.9996042363726421,0.9991019940056498,-0.03031380564112254,-30.31380564112254,-3.594146487408558,26.21036126247309,14.799523166827077,0.1185646741276482,-0.8646344696133146,-0.4882106635516134,24.648424874504606,0.003708329692425451,4
000332,29.039338437491097,6,2904.4342455818605,2920.419747695074,0.9994088938595788,0.9994742509229997,-0.02521278994431746,-25.21278994431746,-21.932504851456933,1.2004941729604415,12.377755105744406,0.869895989293329,-0.04761449151846096,-0.49093159198489034,28.149854264219062,0.0007143761320573302,5
000332,29.039338437491097,7,2937.7002853231734,2949.15820684722,1.000025979700045,0.9998921204994344,-0.006317735999633513,-6.317735999633513,-0.5637338861863439,5.058498256782969,-3.7426711921773412,0.0892303645196706,-0.8006821204742347,0.5924070256171595,28.13207628590776,0.001246223926997528,6
000332,29.039338437491097,8,2969.468369204371,2979.433000494655,0.9995164167745825,0.9992351845997164,-0.0007470099072681973,-0.7470099072681973,-0.6105311075075092,0.03494901067676098,-0.42901530855577935,0.8172998799175385,-0.046785203699063284,0.5743100652100869,28.0579231763767,0.0031239019448423113,7
000333,29.13441764540039,1,2762.6782471497686,2772.902259762475,0.9991025103668453,0.9993270502992779,-0.0066079413760002,-6.6079413760002,5.37768155781072,0.31592263386490854,3.826960044323658,-0.8138210150202394,-0.04780953944481529,-0.5791455805317881,28.057776830812678,0.003214665552417328,0
000333,29.13441764540039,2,2798.5743886005043,2811.2059239306122,0.9999425025900069,1.0001327859762577,-0.016636099975678578,-16.636099975678576,-1.4894927191976026,-13.73209038924624,9.27205087247698,0.08953376821341487,0.8254392801992112,-0.5573452243033168,28.128993772385627,0.0011798185940266137,1
000333,29.13441764540039,3,2834.900998297384,2846.566788581379,0.9998145180099935,1.0001228002294795,-0.02260720192144596,-22.607201921445963,17.059634694698413,1.048379844651734,-14.797139672984105,-0.7546106216052798,-0.0463737108331485,0.6545321143412726,28.137665297567242,0.0009382782073639079,2
000333,29.13441764540039,4,2869.0592264031256,2875.751831132393,0.9996926282247361,0.9993431234538533,0.012845663492130933,12.845663492130933,1.099550601761697,9.883656858908282,8.131136828426037,0.08559702676590164,0.7694158316511145,0.6329869090379842,24.503188789884803,0.003501258611740536,3
000333,29.13441764540039,5,2877.1583926076537,2884.3827511279114,0.9997100909384831,0.9994329679617652,-0.032776697787182875,-32.776697787182876,-3.8861584921177457,28.339862706896767,16.00193337571125,0.1185646741276482,-0.8646344696133146,-0.4882106635516134,24.648424874504606,0.003708329692425451,4
000333,29.13441764540039,6,2904.4342455818605,2920.419747695074,0.9988641253025734,0.999851396057191,-0.07105728333932071,-71.0572833393207,-61.812445786954775,3.383356414884963,34.88426523189414,0.869895989293329,-0.04761449151846096,-0.49093159198489034,28.149854264219062,0.0007143761320573302,5
000333,29.13441764540039,7,2937.7002853231734,2949.15820684722,1.00017958146412,0.9997859418423353,0.0010920991287906108,1.0920991287906108,0.09744840335360089,-0.8744242462081305,0.6469671965659369,0.0892303645196706,-0.8006821204742347,0.5924070256171595,28.13207628590776,0.001246223926997528,6
000333,29.13441764540039,8,2969.468369204371,2979.433000494655,0.9993456512555324,0.9995425249937374,-0.006201714047387616,-6.2017140473876164,-5.06866014621281,0.29014845499037184,-3.5617067989694933,0.8172998799175385,-0.046785203699063284,0.5743100652100869,28.0579231763767,0.0031239019448423113,7
000334,29.22105633292813,1,2762.6782471497686,2772.902259762475,0.9998461788680325,0.9993344719031905,0.0015547696981822712,1.5547696981822712,-1.2653042538974073,-0.07433282321284886,-0.9004379994470044,-0.8138210150202394,-0.04780953944481529,-0.5791455805317881,28.057776830812678,0.003214665552417328,0
000334,29.22105633292813,2,2798.5743886005043,2811.2059239306122,0.9997483319982505,1.0006427609988005,-0.037853543036015735,-37.853543036015736,-3.3891703482431574,-31.24580131663869,21.097491434083445,0.08953376821341487,0.8254392801992112,-0.5573452243033168,28.128993772385627,0.0011798185940266137,1
000334,29.22105633292813,3,2834.900998297384,2846.566788581379,1.000168901254176,0.9995852882237048,0.01117548296170236,11.175482961702361,-8.433138144469432,-0.5182486152867632,7.314712491707914,-0.7546106216052798,-0.0463737108331485,0.6545321143412726,28.137665297567242,0.0009382782073639079,2
000334,29.22105633292813,4,2869.0592264031256,2875.751831132393,0.9993273386811822,0.9992837187034882,0.00928024025384737,9.28024025384737,0.7943609734025713,7.140363772836125,5.874270593412724,0.08559702676590164,0.7694158316511145,0.6329869090379842,24.503188789884803,0.003501258611740536,3
000334,29.22105633292813,5,2877.1583926076537,2884.3827511279114,0.9990097192699782,0.9991432958135914,-0.03726990746486326,-37.26990746486326,-4.418894433339115,32.22484667341936,18.19556625392812,0.1185646741276482,-0.8646344696133146,-0.4882106635516134,24.648424874504606,0.003708329692425451,4
000334,29.22105633292813,6,2904.4342455818605,2920.419747695074,0.9992882307856531,0.9997167838234299,-0.04327362970236064,-43.273629702360644,-37.6435569202482,2.0604518744360707,21.244391920744548,0.869895989293329,-0.04761449151846096,-0.49093159198489034,28.149854264219062,0.0007143761320573302,5
000334,29.22105633292813,7,2937.7002853231734,2949.15820684722,1.0001284431402706,0.9996555186739777,0.0033535768157304793,3.3535768157304795,0.2992408817123469,-2.685148995992312,1.9866824665855585,0.0892303645196706,-0.8006821204742347,0.5924070256171595,28.13207628590776,0.001246223926997528,6
000334,29.22105633292813,8,2969.468369204371,2979.433000494655,0.9994301742871998,0.9997167376461596,-0.007224981763351725,-7.224981763351725,-5.90497672759377,0.33802224352042787,-4.149379747652218,0.8172998799175385,-0.046785203699063284,0.5743100652100869,28.0579231763767,0.0031239019448423113,7
000335,29.335186520358548,1,2762.6782471497686,2772.902259762475,0.9992943878948831,0.9994539529158256,-0.005887569675246065,-5.887569675246065,4.791427929111134,0.28148199462277507,3.4097599574917337,-0.8138210150202394,-0.04780953944481529,-0.5791455805317881,28.057776830812678,0.003214665552417328,0
000335,29.335186520358548,2,2798.5743886005043,2811.2059239306122,0.9998911313900553,1.0000291349922732,-0.015060796063538176,-15.060796063538175,-1.3484498238623381,-12.431772661914065,8.394062760219196,0.08953376821341487,0.8254392801992112,-0.5573452243033168,28.128993772385627,0.0011798185940266137,1
000335,29.335186520358548,3,2834.900998297384,2846.566788581379,0.9999369574959189,0.9999370627443375,-0.010934255460170282,-10.934255460170283,8.251105309590022,0.5070620008857117,-7.15682134509286,-0.7546106216052798,-0.0463737108331485,0.6545321143412726,28.137665297567242,0.0009382782073639079,2
000335,29.335186520358548,4,2869.0592264031256,2875.751831132393,0.9996685349996072,0.9997822346609607,0.0074465070660972525,7.4465070660972525,0.6373988646492023,5.729460427157118,4.7135414908984075,0.08559702676590164,0.7694158316511145,0.6329869090379842,24.503188789884803,0.003501258611740536,3
000335,29.335186520358548,5,2877.1583926076537,2884.3827511279114,0.9997270944186281,0.9993681960279647,-0.03188204351283658,-31.882043512836578,-3.780084099622969,27.566313782910072,15.565153618783357,0.1185646741276482,-0.8646344696133146,-0.4882106635516134,24.648424874504606,0.003708329692425451,4
000335,29.335186520358548,6,2904.4342455818605,2920.419747695074,0.9995327739179075,0.9996936331508097,-0.029961877217672038,-29.961877217672036,-26.063716823352074,1.4266195486580138,14.70923208132755,0.869895989293329,-0.04761449151846096,-0.49093159198489034,28.149854264219062,0.0007143761320573302,5
000335,29.335186520358548,7,2937.7002853231734,2949.15820684722,1.0001481746160603,1.0002460360711067,-0.012927209671702987,-12.927209671702986,-1.153499631228269,10.350585651754182,-7.658169831142944,0.0892303645196706,-0.8006821204742347,0.5924070256171595,28.13207628590776,0.001246223926997528,6
000335,29.335186520358548,8,2969.468369204371,2979.433000494655,0.999165458599693,0.9990318078937047,-0.0024307649650584114,-2.4307649650584113,-1.9866639140499993,0.11372383403480422,-1.3960127855930908,0.8172998799175385,-0.046785203699063284,0.5743100652100869,28.0579231763767,0.0031239019448423113,7
000336,29.43568316590972,1,2762.6782471497686,2772.902259762475,0.9998973291701725,0.9990356791604803,0.005434560537512131,5.434560537512131,-4.422759572827061,-0.2598238363834228,-3.1474017174326097,-0.8138210150202394,-0.04780953944481529,-0.5791455805317881,28.057776830812678,0.003214665552417328,0
000336,29.43568316590972,2,2798.5743886005043,2811.2059239306122,0.9995284907237673,0.9999114897118457,-0.022443041360506528,-22.443041360506527,-2.0094100631756744,-18.525367906097635,12.508521921120126,0.08953376821341487,0.8254392801992112,-0.5573452243033168,28.128993772385627,0.0011798185940266137,1
000336,29.43568316590972,3,2834.900998297384,2846.566788581379,1.0002253761506366,0.9998278545997725,0.004126819102010702,4.126819102010702,-3.1141415278208386,-0.19137591569735787,2.701135632343017,-0.7546106216052798,-0.0463737108331485,0.6545321143412726,28.137665297567242,0.0009382782073639079,2
000336,29.43568316590972,4,2869.0592264031256,2875.751831132393,0.9993346864172087,0.9993712955167754,0.00834508223742806,8.34508223742806,0.71431422764078,6.4208383899076535,5.282327811137373,0.08559702676590164,0.7694158316511145,0.6329869090379842,24.503188789884803,0.003501258611740536,3
000336,29.43568316590972,5,2877.1583926076537,2884.3827511279114,0.9998397556488082,0.9988695675079967,-0.025194300076910744,-25.194300076910743,-2.9871539784931045,21.78386028427841,12.30012595826706,0.1185646741276482,-0.8646344696133146,-0.4882106635516134,24.648424874504606,0.003708329692425451,4
000336,29.43568316590972,6,2904.4342455818605,2920.419747695074,0.9996655675131919,0.9996203335548768,-0.019713371274285404,-19.713371274285404,-17.148582606951198,0.9386421493397342,9.67791674307414,0.869895989293329,-0.04761449151846096,-0.49093159198489034,28.149854264219062,0.0007143761320573302,5
000336,29.43568316590972,7,2937.7002853231734,2949.15820684722,1.0003416904167926,0.9996001262611542,0.011016108880328274,11.016108880328273,0.9829714109800722,-8.82040141767629,6.52602029567005,0.0892303645196706,-0.8006821204742347,0.5924070256171595,28.13207628590776,0.001246223926997528,6
000336,29.43568316590972,8,2969.468369204371,2979.433000494655,0.9993118526292672,0.9993881785816924,-0.004826385928243714,-4.826385928243714,-3.944604639589285,0.2258034487831748,-2.7718420171786935,0.8172998799175385,-0.046785203699063284,0.5743100652100869,28.0579231763767,0.0031239019448423113,7
000337,29.515453770407476,1,2762.6782471497686,2772.902259762475,0.9994902093650895,0.9991290227804555,-0.00011403784309520344,-0.11403784309520344,0.09280639321845725,0.005452096757661786,0.06604451284196455,-0.8138210150202394,-0.04780953944481529,-0.5791455805317881,28.057776830812678,0.003214665552417328,0
000337,29.515453770407476,2,2798.5743886005043,2811.2059239306122,1.0002451477633478,0.9997646596367479,0.0035757086209983993,3.5757086209983995,0.32014666687118004,2.951530350319033,-1.9929041234136562,0.08953376821341487,0.8254392801992112,-0.5573452243033168,28.128993772385627,0.0011798185940266137,1
000337,29.515453770407476,3,2834.900998297384,2846.566788581379,1.0002510772793356,1.0003873949098834,-0.016093628136363867,-16.09362813636387,12.14442273186576,0.7463212574519605,-10.533796451516436,-0.7546106216052798,-0.0463737108331485,0.6545321143412726,28.137665297567242,0.0009382782073639079,2
000337,29.515453770407476,4,2869.0592264031256,2875.751831132393,0.9997772857376508,0.9992537790366761,0.014873847105275693,14.873847105275694,1.2731570887822121,11.44417344035722,9.41495050467203,0.08559702676590164,0.7694158316511145,0.6329869090379842,24.503188789884803,0.003501258611740536,3
000337,29.515453770407476,5,2877.1583926076537,2884.3827511279114,0.999990295754847,0.9990641291334682,-0.025675912319802666,-25.675912319802666,-3.044256177127471,22.20027883047055,12.535254190943906,0.1185646741276482,-0.8646344696133146,-0.4882106635516134,24.648424874504606,0.003708329692425451,4
000337,29.515453770407476,6,2904.4342455818605,2920.419747695074,0.9996162877525496,0.9999164926844759,-0.03689119504810721,-36.89119504810721,-32.09150261258638,1.7565554937239896,18.111053115192377,0.869895989293329,-0.04761449151846096,-0.49093159198489034,28.149854264219062,0.0007143761320573302,5
000337,29.515453770407476,7,2937.7002853231734,2949.15820684722,1.000030359004336,1.0001276201654268,-0.012910087214129435,-12.910087214129435,-1.1519717880975084,10.336876006116462,-7.64802636698054,0.0892303645196706,-0.8006821204742347,0.5924070256171595,28.13207628590776,0.001246223926997528,6
000337,29.515453770407476,8,2969.468369204371,2979.433000494655,0.9994487995980228,0.9994808712351111,-0.004321489020494964,-4.321489020494964,-3.531952457515495,0.20218174410712234,-2.4818746411651373,0.8172998799175385,-0.046785203699063284,0.5743100652100869,28.0579231763767,0.0031239019448423113,7
000338,29.610766145400703,1,2762.6782471497686,2772.902259762475,0.9992174851834034,0.9994334422127957,-0.006512783409352149,-6.512783409352148,5.300240004805941,0.31137317530496017,3.7718497284870485,-0.8138210150202394,-0.04780953944481529,-0.5791455805317881,28.057776830812678,0.003214665552417328,0
000338,29.610766145400703,2,2798.5743886005043,2811.2059239306122,0.9999284776112662,0.9998884996124711,-0.009697822257272455,-9.697822257272454,-0.8682825701575279,-8.004963423542865,5.405034921233214,0.08953376821341487,0.8254392801992112,-0.5573452243033168,28.128993772385627,0.0011798185940266137,1
000338,29.610766145400703,3,2834.900998297384,2846.566788581379,0.9999024236783363,1.0000696160269844,-0.017263082590226155,-17.263082590226155,13.026905484233842,0.8005532001279079,-11.299241947828737,-0.7546106216052798,-0.0463737108331485,0.6545321143412726,28.137665297567242,0.0009382782073639079,2
000338,29.610766145400703,4,2869.0592264031256,2875.751831132393,0.9992105625535651,0.9993742911957431,0.006863364344422785,6.863364344422785,0.5874835814936921,5.280781184988664,4.344419781977689,0.08559702676590164,0.7694158316511145,0.6329869090379842,24.503188789884803,0.003501258611740536,3
000338,29.610766145400703,5,2877.1583926076537,2884.3827511279114,0.9991806687305214,0.9989442498661295,-0.033222016328770886,-33.222016328770884,-3.938957539884128,28.724900467911688,16.21934263639177,0.1185646741276482,-0.8646344696133146,-0.4882106635516134,24.648424874504606,0.003708329692425451,4
000338,29.610766145400703,6,2904.4342455818605,2920.419747695074,0.9996473564081939,0.9995171782209098,-0.015489304334941454,-15.489304334941453,-13.474083717909346,0.7375153498829303,7.604188835891271,0.869895989293329,-0.04761449151846096,-0.49093159198489034,28.149854264219062,0.0007143761320573302,5
000338,29.610766145400703,7,2937.7002853231734,2949.15820684722,1.0005036017448545,0.999969329159525,0.005103437122548049,5.103437122548049,0.45538155474818126,-4.086230856988698,3.023312006192885,0.0892303645196706,-0.8006821204742347,0.5924070256171595,28.13207628590776,0.001246223926997528,6
000338,29.610766145400703,8,2969.468369204371,2979.433000494655,0.9995263267973703,0.9988824961142684,0.003389871754308581,3.389871754308581,2.7705417777322587,-0.15859584053902795,1.9468374682707927,0.8172998799175385,-0.046785203699063284,0.5743100652100869,28.0579231763767,0.0031239019448423113,7
000339,29.701349228969775,1,2762.6782471497686,2772.902259762475,0.9997100399080442,0.9996647622339133,-0.0036164949288122845,-3.6164949288122843,2.943179573781562,0.17290295695102537,2.0944770550372582,-0.8138210150202394,-0.04780953944481529,-0.5791455805317881,28.057776830812678,0.003214665552417328,0
000339,29.701349228969775,2,2798.5743886005043,2811.2059239306122,0.9998171631901119,0.9996761992908764,-0.006654896832503277,-6.654896832503277,-0.5958379904855372,-5.4932132512215155,3.709074967826971,0.08953376821341487,0.8254392801992112,-0.5573452243033168,28.128993772385627,0.0011798185940266137,1
000339,29.701349228969775,3,2834.900998297384,2846.566788581379,1.0000114988853706,0.999840158385839,-0.004440334029560308,-4.440334029560308,3.3507232221815806,0.2059147662894188,-2.906341220749611,-0.7546106216052798,-0.0463737108331485,0.6545321143412726,28.137665297567242,0.0009382782073639079,2
000339,29.701349228969775,4,2869.0592264031256,2875.751831132393,0.9993831976096897,0.9997295279109814,0.004734941443873219,4.734941443873219,0.4052969095061929,3.6431389088570416,2.9971559490331585,0.08559702676590164,0.7694158316511145,0.6329869090379842,24.503188789884803,0.003501258611740536,3
000339,29.701349228969775,5,2877.1583926076537,2884.3827511279114,0.9995996406414699,0.9991305605449751,-0.030676613551423447,-30.676613551423447,-3.637162689064318,26.52405748756763,14.976649857456858,0.1185646741276482,-0.8646344696133146,-0.4882106635516134,24.648424874504606,0.003708329692425451,4
000339,29.701349228969775,6,2904.4342455818605,2920.419747695074,0.9995705353819948,0.9995108124068809,-0.018992868214969656,-18.992868214969658,-16.521819885378854,0.9043357625329195,9.324199029134276,0.869895989293329,-0.04761449151846096,-0.49093159198489034,28.149854264219062,0.0007143761320573302,5
000339,29.701349228969775,7,2937.7002853231734,2949.15820684722,1.0005344949989028,0.9997844620127656,0.011257669185156634,11.257669185156635,1.0045259250333896,-9.013814434768664,6.669122317360594,0.0892303645196706,-0.8006821204742347,0.5924070256171595,28.13207628590776,0.001246223926997528,6
000339,29.701349228969775,8,2969.468369204371,2979.433000494655,0.9991622840977316,0.9992521384718502,-0.0049807315152855134,-4.980731515285513,-4.07075126934435,0.2330245385129769,-2.860484241337558,0.8172998799175385,-0.046785203699063284,0.5743100652100869,28.0579231763767,0.0031239019448423113,7
000340,29.782889520400204,1,2762.6782471497686,2772.902259762475,0.999320356760922,0.9989276677606875,0.0002352269451670258,0.2352269451670258,-0.19143263127593912,-0.011246091913446324,-0.13623064571547625,-0.8138210150202394,-0.04780953944481529,-0.5791455805317881,28.057776830812678,0.003214665552417328,0
000340,29.782889520400204,2,2798.5743886005043,2811.2059239306122,0.999662346129219,1.0002661611038917,-0.029096708623686192,-29.09670862368619,-2.605137965686389,-24.017566222501713,16.216911594356635,0.08953376821341487,0.8254392801992112,-0.5573452243033168,28.128993772385627,0.0011798185940266137,1
000340,29.782889520400204,3,2834.900998297384,2846.566788581379,1.000005304439703,0.9997333723859629,-0.0006301861698251444,-0.6301861698251444,0.4755451773388027,0.02922407121052066,-0.41247708616428,-0.7546106216052798,-0.0463737108331485,0.6545321143412726,28.137665297567242,0.0009382782073639079,2
000340,29.782889520400204,4,2869.0592264031256,2875.751831132393,0.9996998185764736,0.9990973293557052,0.015794475125240893,15.794475125240893,1.3519601100486123,12.152519213980062,9.99769598940356,0.08559702676590164,0.7694158316511145,0.6329869090379842,24.503188789884803,0.003501258611740536,3
000340,29.782889520400204,5,2877.1583926076537,2884.3827511279114,0.9996495266634027,0.999125016195442,-0.03007018410805117,-30.07018410805117,-3.5652615797294724,25.999717687439546,14.68058453651084,0.1185646741276482,-0.8646344696133146,-0.4882106635516134,24.648424874504606,0.003708329692425451,4
000340,29.782889520400204,6,2904.4342455818605,2920.419747695074,0.9996272130832287,1.000052177254557,-0.04309516422802893,-43.09516422802893,-37.48831051989971,2.0519543316221656,21.15677758131654,0.869895989293329,-0.04761449151846096,-0.49093159198489034,28.149854264219062,0.0007143761320573302,5
000340,29.782889520400204,7,2937.7002853231734,2949.15820684722,0.9997259927093773,0.9999829495196154,-0.017465158861024257,-17.465158861024257,-1.5584224915631497,13.984040431264273,-10.346482812790558,0.0892303645196706,-0.8006821204742347,0.5924070256171595,28.13207628590776,0.001246223926997528,6
000340,29.782889520400204,8,2969.468369204371,2979.433000494655,0.9990253174869352,0.9992147365504221,-0.0061166637605448064,-6.116663760544807,-4.99914855698923,0.2861693599957672,-3.512861563186663,0.8172998799175385,-0.046785203699063284,0.5743100652100869,28.0579231763767,0.0031239019448423113,7
000341,29.876874520326965,1,2762.6782471497686,2772.902259762475,0.9997241141834553,0.9990589243754296,0.0032564218319833644,3.2564218319833644,-2.650144520638769,-0.15568802802516632,-1.8859423123403944,-0.8138210150202394,-0.04780953944481529,-0.5791455805317881,28.057776830812678,0.003214665552417328,0
000341,29.876874520326965,2,2798.5743886005043,2811.2059239306122,1.00014999742193,0.9999928565919772,-0.006167450629032218,-6.167450629032218,-0.5521950950874503,-5.090856007892526,3.437399154217594,0.08953376821341487,0.8254392801992112,-0.5573452243033168,28.128993772385627,0.0011798185940266137,1
000341,29.876874520326965,3,2834.900998297384,2846.566788581379,0.9999047917642426,1.0002043860433547,-0.02227812521434489,-22.27812521434489,16.811309916197054,1.0331193365947042,-14.581748400104775,-0.7546106216052798,-0.0463737108331485,0.6545321143412726,28.137665297567242,0.0009382782073639079,2
000341,29.876874520326965,4,2869.0592264031256,2875.751831132393,0.9997297381406968,0.9993820024893819,0.012825042460424456,12.825042460424456,1.097785502758777,9.867790710648338,8.11808398530498,0.08559702676590164,0.7694158316511145,0.6329869090379842,24.503188789884803,0.003501258611740536,3
000341,29.876874520326965,5,2877.1583926076537,2884.3827511279114,0.9996416795558448,0.99898619651317,-0.028637294097023234,-28.637294097023233,-3.3953714425111836,24.760791592740187,13.981032353430415,0.1185646741276482,-0.8646344696133146,-0.4882106635516134,24.648424874504606,0.003708329692425451,4
000341,29.876874520326965,6,2904.4342455818605,2920.419747695074,0.9997574966823215,1.000050243979022,-0.03652034524718063,-36.520345247180636,-31.768901858130125,1.7388976690231481,17.92899123203621,0.869895989293329,-0.04761449151846096,-0.49093159198489034,28.149854264219062,0.0007143761320573302,5
000341,29.876874520326965,7,2937.7002853231734,2949.15820684722,1.0002877081515615,0.9999887556849785,-0.0016087056726344468,-1.6087056726344469,-0.14354539357403356,1.288061869183879,-0.9530085426188245,0.0892303645196706,-0.8006821204742347,0.5924070256171595,28.13207628590776,0.001246223926997528,6
000341,29.876874520326965,8,2969.468369204371,2979.433000494655,0.9989311599183526,0.9993910081286399,-0.009201986377004371,-9.20198637700437,-7.520782360928497,0.43051680708415485,-5.284793396239712,0.8172998799175385,-0.046785203699063284,0.5743100652100869,28.0579231763767,0.0031239019448423113,7
000342,29.963751937029883,1,2762.6782471497686,2772.902259762475,0.999211090210759,0.9995777911949326,-0.008184069704226039,-8.184069704226038,6.660367913689625,0.39127660334331255,4.739767799966608,-0.8138210150202394,-0.04780953944481529,-0.5791455805317881,28.057776830812678,0.003214665552417328,0
000342,29.963751937029883,2,2798.5743886005043,2811.2059239306122,0.9993784897901774,1.000070143529657,-0.031743482178667064,-31.743482178667065,-2.842113575671443,-26.20231708057543,17.692078195037535,0.08953376821341487,0.8254392801992112,-0.5573452243033168,28.128993772385627,0.0011798185940266137,1
000342,29.963751937029883,3,2834.900998297384,2846.566788581379,1.0003488150842588,0.999825399132062,0.008895373356538089,8.895373356538089,-6.712543217988252,-0.4125114717889909,5.822307530909898,-0.7546106216052798,-0.0463737108331485,0.6545321143412726,28.137665297567242,0.0009382782073639079,2
000342,29.963751937029883,4,2869.0592264031256,2875.751831132393,1.0000299321269257,0.9998970099891514,0.010321155016101187,10.321155016101187,0.8834601821682333,7.941260070313566,6.533156011343776,0.08559702676590164,0.7694158316511145,0.6329869090379842,24.503188789884803,0.003501258611740536,3
000342,29.963751937029883,5,2877.1583926076537,2884.3827511279114,0.9993093623752956,0.9988283930749137,-0.030546541118121873,-30.546541118121873,-3.6217406933969265,26.41159237818861,14.913147108484923,0.1185646741276482,-0.8646344696133146,-0.4882106635516134,24.648424874504606,0.003708329692425451,4
000342,29.963751937029883,6,2904.4342455818605,2920.419747695074,0.9993134150917877,0.9999659318564763,-0.054410793297144794,-54.41079329714479,-47.3317308634546,2.5907422559596327,26.711977374528093,0.869895989293329,-0.04761449151846096,-0.49093159198489034,28.149854264219062,0.0007143761320573302,5
000342,29.963751937029883,7,2937.7002853231734,2949.15820684722,0.9999725643656042,1.0003504502513065,-0.020914473891668874,-20.914473891668873,-1.8662061290907475,16.745845304184453,-12.389881270511296,0.0892303645196706,-0.8006821204742347,0.5924070256171595,28.13207628590776,0.001246223926997528,6
000342,29.963751937029883,8,2969.468369204371,2979.433000494655,0.999221107537837,0.9991611039435555,-0.003271003904071518,-3.271003904071518,-2.673391098007451,0.15303458395241723,-1.8785704654497624,0.8172998799175385,-0.046785203699063284,0.5743100652100869,28.0579231763767,0.0031239019448423113,7
000343,30.074205916491337,1,2762.6782471497686,2772.902259762475,0.9991553756909509,0.998759635982036,0.00026904991083548407,0.2690499108354841,-0.21895847152723855,-0.012863152324713112,-0.15581906680284224,-0.8138210150202394,-0.04780953944481529,-0.5791455805317881,28.057776830812678,0.003214665552417328,0
000343,30.074205916491337,2,2798.5743886005043,2811.2059239306122,0.9999411240361882,0.9997841666178208,-0.006172977220106113,-6.172977220106112,-0.5526899116116708,-5.0954178732505175,3.4404793733593064,0.08953376821341487,0.8254392801992112,-0.5573452243033168,28.128993772385627,0.0011798185940266137,1
000343,30.074205916491337,3,2834.900998297384,2846.566788581379,0.9997808853805975,1.000288189207667,-0.03014562558078622,-30.14562558078622,22.748209258197114,1.3979645235677445,-19.73128004953236,-0.7546106216052798,-0.0463737108331485,0.6545321143412726,28.137665297567242,0.0009382782073639079,2
000343,30.074205916491337,4,2869.0592264031256,2875.751831132393,0.9996314726420916,0.9994808648895414,0.010527300281605596,10.527300281605596,0.9011056039772781,8.099871501212581,6.6636432657682265,0.08559702676590164,0.7694158316511145,0.6329869090379842,24.503188789884803,0.003501258611740536,3
000343,30.074205916491337,5,2877.1583926076537,2884.3827511279114,0.9997628085886889,0.9989838109426596,-0.027285997142306312,-27.28599714230631,-3.2351553594254883,23.592413667008433,13.321314770512792,0.1185646741276482,-0.8646344696133146,-0.4882106635516134,24.648424874504606,0.003708329692425451,4
000343,30.074205916491337,6,2904.4342455818605,2920.419747695074,0.9993981489092411,1.000229414900908,-0.06329955135966975,-63.29955135966975,-55.06402585184381,3.013975951337379,31.075749520932,0.869895989293329,-0.04761449151846096,-0.49093159198489034,28.149854264219062,0.0007143761320573302,5
000343,30.074205916491337,7,2937.7002853231734,2949.15820684722,1.0005023509026492,1.0001123599667088,0.0009880260026518888,0.9880260026518888,0.08816192037154108,-0.7910947548869962,0.5853135454634172,0.0892303645196706,-0.8006821204742347,0.5924070256171595,28.13207628590776,0.001246223926997528,6
000343,30.074205916491337,8,2969.468369204371,2979.433000494655,0.9993620706307788,0.9997000085585631,-0.007811113550478127,-7.811113550478127,-6.384022166828031,0.36544453857563264,-4.486001132538486,0.8172998799175385,-0.046785203699063284,0.5743100652100869,28.0579231763767,0.0031239019448423113,7
000344,30.153622770449147,1,2762.6782471497686,2772.902259762475,0.9992501084725455,0.9997426580104778,-0.009579342658501161,-9.579342658501162,7.795870365568093,0.45798396068701297,5.547833965070578,-0.8138210150202394,-0.04780953944481529,-0.5791455805317881,28.057776830812678,0.003214665552417328,0
000344,30.153622770449147,2,2798.5743886005043,2811.2059239306122,0.9997205602187234,1.0000448116692795,-0.02067284992992354,-20.67284992992354,-1.8509181539364843,-17.0641823658224,11.521914181182042,0.08953376821341487,0.8254392801992112,-0.5573452243033168,28.128993772385627,0.0011798185940266137,1
000344,30.153622770449147,3,2834.900998297384,2846.566788581379,1.000276555409081,1.0004065695715254,-0.015854869070639734,-15.854869070639735,11.964252604865775,0.7352491135792769,-10.377520975409873,-0.7546106216052798,-0.0463737108331485,0.6545321143412726,28.137665297567242,0.0009382782073639079,2
000344,30.153622770449147,4,2869.0592264031256,2875.751831132393,0.9999347101644103,0.9990954327052421,0.01855450212410275,18.55450212410275,1.5882102149448019,14.276127682688887,11.744756948274512,0.08559702676590164,0.7694158316511145,0.6329869090379842,24.503188789884803,0.003501258611740536,3
000344,30.153622770449147,5,2877.1583926076537,2884.3827511279114,0.9993898623932592,0.9988777426856684,-0.030205743760915504,-30.205743760915503,-3.5813341657961897,26.116927235994865,14.746766204586564,0.1185646741276482,-0.8646344696133146,-0.4882106635516134,24.648424874504606,0.003708329692425451,4
000344,30.153622770449147,6,2904.4342455818605,2920.419747695074,0.9995170938669915,0.999871902032184,-0.03960647912591505,-39.60647912591505,-34.453517341663456,1.885842364416983,19.4440718502018,0.869895989293329,-0.04761449151846096,-0.49093159198489034,28.149854264219062,0.0007143761320573302,5
000344,30.153622770449147,7,2937.7002853231734,2949.15820684722,1.0004530990787164,0.9998546063232314,0.0069352182499334315,6.935218249933431,0.6188320524650321,-5.552905254308311,4.108472015448906,0.0892303645196706,-0.8006821204742347,0.5924070256171595,28.13207628590776,0.001246223926997528,6
000344,30.153622770449147,8,2969.468369204371,2979.433000494655,0.999120606781481,0.9992846352954549,-0.005826983311585568,-5.826983311585568,-4.7623927608403855,0.2726166011835731,-3.3464951656547957,0.8172998799175385,-0.046785203699063284,0.5743100652100869,28.0579231763767,0.0031239019448423113,7
000345,30.26464962435421,1,2762.6782471497686,2772.902259762475,0.9996473857568131,0.9994321800961147,-0.0017325167919902483,-1.7325167919902482,1.4099585741971128,0.08283082990546262,1.0033794432782634,-0.8138210150202394,-0.04780953944481529,-0.5791455805317881,28.057776830812678,0.003214665552417328,0
000345,30.26464962435421,2,2798.5743886005043,2811.2059239306122,0.9997659260185817,0.9996795296413581,-0.0082991352793823,-8.2991352793823,-0.7430528544759889,-6.850432251289205,4.625483413810898,0.08953376821341487,0.8254392801992112,-0.5573452243033168,28.128993772385627,0.0011798185940266137,1
000345,30.26464962435421,3,2834.900998297384,2846.566788581379,1.0003166573744953,0.9999068826343926,0.004590938213398174,4.590938213398174,-3.464370738963829,-0.21289884116097835,3.0049164956256513,-0.7546106216052798,-0.0463737108331485,0.6545321143412726,28.137665297567242,0.0009382782073639079,2
000345,30.26464962435421,4,2869.0592264031256,2875.751831132393,1.0000289322477893,0.9993616535674751,0.016549667438831416,16.549667438831417,1.4166023267284236,12.733576135997845,10.475722837712471,0.08559702676590164,0.7694158316511145,0.6329869090379842,24.503188789884803,0.003501258611740536,3
000345,30.26464962435421,5,2877.1583926076537,2884.3827511279114,0.9994612904951508,0.9993714486946742,-0.03482562541401939,-34.825625414019385,-4.1290889285047525,30.111436158802622,17.002241691978337,0.1185646741276482,-0.8646344696133146,-0.4882106635516134,24.648424874504606,0.003708329692425451,4
000345,30.26464962435421,6,2904.4342455818605,2920.419747695074,0.9991607371562565,0.9997329263595731,-0.05041630184754374,-50.41630184754374,-43.85693877218015,2.400546576712039,24.750955328005418,0.869895989293329,-0.04761449151846096,-0.49093159198489034,28.149854264219062,0.0007143761320573302,5
000345,30.26464962435421,7,2937.7002853231734,2949.15820684722,1.0001094351494602,1.000530184966621,-0.022137101307656417,-22.137101307656415,-1.9753016190910588,17.724781216167294,-13.11417434145447,0.0892303645196706,-0.8006821204742347,0.5924070256171595,28.13207628590776,0.001246223926997528,6
000345,30.26464962435421,8,2969.468369204371,2979.433000494655,0.9995668282460878,0.9989351147655007,0.003251626748511279,3.251626748511279,2.6575541510949248,-0.15212801978242302,1.8674419699763756,0.8172998799175385,-0.046785203699063284,0.5743100652100869,28.0579231763767,0.0031239019448423113,7
000346,30.343079229001887,1,2762.6782471497686,2772.902259762475,0.9988199249320276,0.9991566610937219,-0.007851852089193511,-7.851852089193511,6.390002237016251,0.37539343217315246,4.54736543644571,-0.8138210150202394,-0.04780953944481529,-0.5791455805317881,28.057776830812678,0.003214665552417328,0
000346,30.343079229001887,2,2798.5743886005043,2811.2059239306122,0.9994988410680538,1.0000944025183656,-0.02884801193422709,-28.84801193422709,-2.5828712139369143,-23.812282206166664,16.078301682186556,0.08953376821341487,0.8254392801992112,-0.5573452243033168,28.128993772385627,0.0011798185940266137,1
000346,30.343079229001887,3,2834.900998297384,2846.566788581379,1.0002271954872242,0.9999967545506652,-0.002201762358000275,-2.201762358000275,1.6614732615976944,0.10210389091321595,-1.441124171458946,-0.7546106216052798,-0.0463737108331485,0.6545321143412726,28.137665297567242,0.0009382782073639079,2
000346,30.343079229001887,4,2869.0592264031256,2875.751831132393,0.9997079584703641,1.0000106764255596,0.005243291239971099,5.243291239971099,0.44881014060922375,4.034271289991366,3.3189347151752453,0.08559702676590164,0.7694158316511145,0.6329869090379842,24.503188789884803,0.003501258611740536,3
000346,30.343079229001887,5,2877.1583926076537,2884.3827511279114,0.9996673593633938,0.9989720865921762,-0.02820197926340324,-28.20197926340324,-3.3437584811200973,24.384403382458355,13.768507009654938,0.1185646741276482,-0.8646344696133146,-0.4882106635516134,24.648424874504606,0.003708329692425451,4
000346,30.343079229001887,6,2904.4342455818605,2920.419747695074,0.9997725568425508,0.999824239326296,-0.02453278683382123,-24.53278683382123,-21.340972872929278,1.1681161706231917,12.043920096153814,0.869895989293329,-0.04761449151846096,-0.49093159198489034,28.149854264219062,0.0007143761320573302,5
000346,30.343079229001887,7,2937.7002853231734,2949.15820684722,0.9999013714669043,0.9999872321366265,-0.012584905812691222,-12.584905812691222,-1.1229557331121591,10.07650907207413,-7.455386620168508,0.0892303645196706,-0.8006821204742347,0.5924070256171595,28.13207628590776,0.001246223926997528,6
000346,30.343079229001887,8,2969.468369204371,2979.433000494655,0.9997863889764299,0.9993100826440949,0.0014785886165837375,1.4785886165837374,1.2084502987813281,-0.06917606961398634,0.8491683248090984,0.8172998799175385,-0.046785203699063284,0.5743100652100869,28.0579231763767,0.0031239019448423113,7
000347,30.422475165920332,1,2762.6782471497686,2772.902259762475,0.9995051792744982,0.9994745473175007,-0.0037788708354226544,-3.7788708354226546,3.0753244989140445,0.1806660742630015,2.1885163437354964,-0.8138210150202394,-0.04780953944481529,-0.5791455805317881,28.057776830812678,0.003214665552417328,0
000347,30.422475165920332,2,2798.5743886005043,2811.2059239306122,0.9996300829543422,0.9996329502248605,-0.010988843664782541,-10.988843664782541,-0.9838725816160925,-9.070623204879762,6.124579537182307,0.08953376821341487,0.8254392801992112,-0.5573452243033168,28.128993772385627,0.0011798185940266137,1
000347,30.422475165920332,3,2834.900998297384,2846.566788581379,1.0002360884086257,1.000045126280708,-0.003697117504196514,-3.6971175041965143,2.789884137989492,0.17144905805578084,-2.419882136989873,-0.7546106216052798,-0.0463737108331485,0.6545321143412726,28.137665297567242,0.0009382782073639079,2
000347,30.422475165920332,4,2869.0592264031256,2875.751831132393,0.9997199924174076,0.9994176947982105,0.012295412288471011,12.295412288471011,1.0524507347540493,9.460284871427255,7.782835019826913,0.08559702676590164,0.7694158316511145,0.6329869090379842,24.503188789884803,0.003501258611740536,3
000347,30.422475165920332,5,2877.1583926076537,2884.3827511279114,0.999750635509154,0.999072184137853,-0.028386011805824302,-28.386011805824303,-3.3655782395411333,24.54352426216618,13.858353659305415,0.1185646741276482,-0.8646344696133146,-0.4882106635516134,24.648424874504606,0.003708329692425451,4
000347,30.422475165920332,6,2904.4342455818605,2920.419747695074,0.999550603857439,0.999605846089915,-0.02470980435588944,-24.709804355889442,-21.494959705411055,1.1765447699263274,12.130823590071982,0.869895989293329,-0.04761449151846096,-0.49093159198489034,28.149854264219062,0.0007143761320573302,5
000347,30.422475165920332,7,2937.7002853231734,2949.15820684722,0.9998626969011124,0.9998548535415747,-0.009912143159725245,-9.912143159725245,-0.8844641473134431,7.936475803572989,-5.872023246744306,0.0892303645196706,-0.8006821204742347,0.5924070256171595,28.13207628590776,0.001246223926997528,6
000347,30.422475165920332,8,2969.468369204371,2979.433000494655,0.9993423643412366,0.9994011352423473,-0.0046261005762605655,-4.626100576260566,-3.780911445464216,0.2164330577927046,-2.656816123620626,0.8172998799175385,-0.046785203699063284,0.5743100652100869,28.0579231763767,0.0031239019448423113,7
000348,30.519130416447297,1,2762.6782471497686,2772.902259762475,0.9991908930479452,0.9994010415893264,-0.006448385162530068,-6.448385162530068,5.247831358211671,0.3082943247833429,3.734553768446045,-0.8138210150202394,-0.04780953944481529,-0.5791455805317881,28.057776830812678,0.003214665552417328,0
000348,30.519130416447297,2,2798.5743886005043,2811.2059239306122,0.9998422161064175,0.9999687426074018,-0.01471496597246156,-14.71496597246156,-1.3174863526466603,-12.146310920464556,8.201316010537262,0.08953376821341487,0.8254392801992112,-0.5573452243033168,28.128993772385627,0.0011798185940266137,1
000348,30.519130416447297,3,2834.900998297384,2846.566788581379,1.000405340269197,0.9999952251993129,0.00460382902514341,4.60382902514341,-3.474098282427898,-0.21349663593725648,3.013353945892836,-0.7546106216052798,-0.0463737108331485,0.6545321143412726,28.137665297567242,0.0009382782073639079,2
000348,30.519130416447297,4,2869.0592264031256,2875.751831132393,0.9995995456636388,0.9997797928739066,0.006670822289890998,6.670822289890999,0.571002554098373,5.132636279973274,4.22254318201979,0.08559702676590164,0.7694158316511145,0.6329869090379842,24.503188789884803,0.003501258611740536,3
000348,30.519130416447297,5,2877.1583926076537,2884.3827511279114,0.9992212946075671,0.998675183346328,-0.029833863176080475,-29.833863176080474,-3.5372422654408253,25.79538646376654,14.565210137502293,0.1185646741276482,-0.8646344696133146,-0.4882106635516134,24.648424874504606,0.003708329692425451,4
000348,30.519130416447297,6,2904.4342455818605,2920.419747695074,0.9998823432900593,0.9998238687356978,-0.019054949098989537,-19.054949098989535,-16.575823797399533,0.9072917122585425,9.354676496357985,0.869895989293329,-0.04761449151846096,-0.49093159198489034,28.149854264219062,0.0007143761320573302,5
000348,30.519130416447297,7,2937.7002853231734,2949.15820684722,1.0002460044268346,0.9996536642538834,0.00675972533948822,6.75972533948822,0.603172756095388,-5.412391218644844,4.004508782355161,0.0892303645196706,-0.8006821204742347,0.5924070256171595,28.13207628590776,0.001246223926997528,6
000348,30.519130416447297,8,2969.468369204371,2979.433000494655,0.9993746353798706,0.9996515584839998,-0.007114996221448066,-7.114996221448066,-5.815085557403244,0.33287654753851337,-4.08621394390936,0.8172998799175385,-0.046785203699063284,0.5743100652100869,28.0579231763767,0.0031239019448423113,7
000349,30.597670916467905,1,2762.6782471497686,2772.902259762475,0.9997521388474203,0.9988819216205639,0.0055295445960940786,5.529544596094079,-4.500059595792963,-0.26436498047882506,-3.2024113151813167,-0.8138210150202394,-0.04780953944481529,-0.5791455805317881,28.057776830812678,0.003214665552417328,0
000349,30.597670916467905,2,2798.5743886005043,2811.2059239306122,0.9992927492222394,0.9996813147012956,-0.022610771873865048,-22.610771873865048,-2.0244276080810337,-18.663819260311737,12.60200572171044,0.08953376821341487,0.8254392801992112,-0.5573452243033168,28.128993772385627,0.0011798185940266137,1
000349,30.597670916467905,3,2834.900998297384,2846.566788581379,1.0000434575679278,0.9998789802644218,-0.004700294141059466,-4.700294141059466,3.5468918835125383,0.21797008132823378,-3.0764934621735476,-0.7546106216052798,-0.0463737108331485,0.6545321143412726,28.137665297567242,0.0009382782073639079,2
000349,30.597670916467905,4,2869.0592264031256,2875.751831132393,0.999259745304889,0.99948027257906,0.006201313902818513,6.201313902818512,0.5308140321233142,4.771389093866724,3.9253505193193683,0.08559702676590164,0.7694158316511145,0.6329869090379842,24.503188789884803,0.003501258611740536,3
000349,30.597670916467905,5,2877.1583926076537,2884.3827511279114,1.0002135770900575,0.9991421361481061,-0.02408655574449134,-24.08655574449134,-2.8558146327030487,20.826066350949805,11.759313362691042,0.1185646741276482,-0.8646344696133146,-0.4882106635516134,24.648424874504606,0.003708329692425451,4
000349,30.597670916467905,6,2904.4342455818605,2920.419747695074,0.9995188276419118,0.999969927223683,-0.044394813710261744,-44.394813710261744,-38.61887039198118,2.113836480870912,21.794816570651435,0.869895989293329,-0.04761449151846096,-0.49093159198489034,28.149854264219062,0.0007143761320573302,5
000349,30.597670916467905,7,2937.7002853231734,2949.15820684722,1.0003297902955925,1.0000238530273948,-0.001409474998762206,-1.409474998762206,-0.1257679679209139,1.1285414307643424,-0.8349828916984681,0.0892303645196706,-0.8006821204742347,0.5924070256171595,28.13207628590776,0.001246223926997528,6
000349,30.597670916467905,8,2969.468369204371,2979.433000494655,0.9991515558012316,0.9993138561504565,-0.0058072667024550335,-5.807266702455034,-4.746278378565618,0.2716941556091463,-3.3351717185793164,0.8172998799175385,-0.046785203699063284,0.5743100652100869,28.0579231763767,0.0031239019448423113,7
000350,30.67685181193519,1,2762.6782471497686,2772.902259762475,0.9992257179468723,0.9993237027595384,-0.005204834780323034,-5.204834780323034,4.235803923935136,0.2488407537336006,3.0143570604222254,-0.8138210150202394,-0.04780953944481529,-0.5791455805317881,28.057776830812678,0.003214665552417328,0
000350,30.67685181193519,2,2798.5743886005043,2811.2059239306122,0.9996940201645456,1.0004287146093125,-0.033040392498300604,-33.040392498300605,-2.9582308436230975,-27.27283780129667,18.414904968034975,0.08953376821341487,0.8254392801992112,-0.5573452243033168,28.128993772385627,0.0011798185940266137,1
000350,30.67685181193519,3,2834.900998297384,2846.566788581379,1.0003143101237004,1.000243263134353,-0.008239192752643622,-8.239192752643621,6.21738236459812,0.3820819422096681,-5.39281625285312,-0.7546106216052798,-0.0463737108331485,0.6545321143412726,28.137665297567242,0.0009382782073639079,2
000350,30.67685181193519,4,2869.0592264031256,2875.751831132393,0.9992652032729783,0.9994878989273868,0.006176039049474093,6.176039049474093,0.5286505798250877,4.751942221560868,3.9093518680244954,0.08559702676590164,0.7694158316511145,0.6329869090379842,24.503188789884803,0.003501258611740536,3
000350,30.67685181193519,5,2877.1583926076537,2884.3827511279114,0.9996595684489621,0.9989980071816745,-0.028570795997315084,-28.570795997315084,-3.3874871169891785,24.70329504356874,13.948567272046978,0.1185646741276482,-0.8646344696133146,-0.4882106635516134,24.648424874504606,0.003708329692425451,4
000350,30.67685181193519,6,2904.4342455818605,2920.419747695074,0.9993252852754102,0.9997223338851493,-0.04170699222113191,-41.70699222113191,-36.280745258650725,1.9858572273736024,20.475280088021726,0.869895989293329,-0.04761449151846096,-0.49093159198489034,28.149854264219062,0.0007143761320573302,5
000350,30.67685181193519,7,2937.7002853231734,2949.15820684722,1.0001198780009395,0.9996160725218705,0.004234409991055703,4.234409991055704,0.37783794702763557,-3.3904163705957657,2.5084942280448925,0.0892303645196706,-0.8006821204742347,0.5924070256171595,28.13207628590776,0.001246223926997528,6
000350,30.67685181193519,8,2969.468369204371,2979.433000494655,0.9990817877868584,0.999603431872291,-0.009907014712319629,-9.90701471231963,-8.09700193472012,0.4635017013654907,-5.689698265469576,0.8172998799175385,-0.046785203699063284,0.5743100652100869,28.0579231763767,0.0031239019448423113,7
000351,30.808466166374274,1,2762.6782471497686,2772.902259762475,0.9990508203328471,0.9991188963096087,-0.004873237884014057,-4.873237884014057,3.965943401203403,0.23298725883973825,2.822314183406824,-0.8138210150202394,-0.04780953944481529,-0.5791455805317881,28.057776830812678,0.003214665552417328,0
000351,30.808466166374274,2,2798.5743886005043,2811.2059239306122,1.0000690715188647,0.9997588094113428,-0.0015535725870797555,-1.5535725870797554,-0.13909720791431412,-1.2823798380163396,0.8658762620174505,0.08953376821341487,0.8254392801992112,-0.5573452243033168,28.128993772385627,0.0011798185940266137,1
000351,30.808466166374274,3,2834.900998297384,2846.566788581379,1.0008992198490096,0.9999351398390866,0.025586587938313542,25.586587938313542,-19.307911028888938,-1.1865450302582774,16.747243502043265,-0.7546106216052798,-0.0463737108331485,0.6545321143412726,28.137665297567242,0.0009382782073639079,2
000351,30.808466166374274,4,2869.0592264031256,2875.751831132393,0.9994285589508511,0.9993541239517287,0.00963942317478883,9.639423174788831,0.825105963500252,7.4167247986671745,6.1016286803186945,0.08559702676590164,0.7694158316511145,0.6329869090379842,24.503188789884803,0.003501258611740536,3
000351,30.808466166374274,5,2877.1583926076537,2884.3827511279114,0.9994373953752146,0.9989144960510007,-0.03008781063624675,-30.08781063624675,-3.5673514633009833,26.01495819129705,14.689189995537317,0.1185646741276482,-0.8646344696133146,-0.4882106635516134,24.648424874504606,0.003708329692425451,4
000351,30.808466166374274,6,2904.4342455818605,2920.419747695074,0.9996123227515831,0.9998051395830996,-0.031551049753651604,-31.551049753651604,-27.446131638695807,1.502287190893784,15.489407084354664,0.869895989293329,-0.04761449151846096,-0.49093159198489034,28.149854264219062,0.0007143761320573302,5
000351,30.808466166374274,7,2937.7002853231734,2949.15820684722,1.0002506344623991,1.0000647066330106,-0.004832558814747992,-4.832558814747992,-0.4312109846027106,3.8693434391088766,-2.8628417935648436,0.0892303645196706,-0.8006821204742347,0.5924070256171595,28.13207628590776,0.001246223926997528,6
000351,30.808466166374274,8,2969.468369204371,2979.433000494655,0.9994950090646714,0.9996883327211661,-0.006161211211356209,-6.16121121135621,-5.035557183188022,0.2882535215562527,-3.5384456125671027,0.8172998799175385,-0.046785203699063284,0.5743100652100869,28.0579231763767,0.0031239019448423113,7
000352,30.888236103928648,1,2762.6782471497686,2772.902259762475,0.9997110810953524,0.9995960379230068,-0.0028430103722296976,-2.8430103722296978,2.313701586841041,0.1359230165331347,1.6465168924828633,-0.8138210150202394,-0.04780953944481529,-0.5791455805317881,28.057776830812678,0.003214665552417328,0
000352,30.888236103928648,2,2798.5743886005043,2811.2059239306122,0.9998086579677501,0.9998720598472027,-0.01281288345450899,-12.81288345450899,-1.1471857373615062,-10.576257295966283,7.14119940292557,0.08953376821341487,0.8254392801992112,-0.5573452243033168,28.128993772385627,0.0011798185940266137,1
000352,30.888236103928648,3,2834.900998297384,2846.566788581379,1.0006271920118766,1.000257581554061,0.003069619098704063,3.069619098704063,-2.316367176164512,-0.14234962845121216,2.009164278897122,-0.7546106216052798,-0.0463737108331485,0.6545321143412726,28.137665297567242,0.0009382782073639079,2
000352,30.888236103928648,4,2869.0592264031256,2875.751831132393,0.9993970936547029,0.9998944167424245,0.0029749546725839687,2.974954672583969,0.2546472747365141,2.288977223530563,1.8831073627270345,0.08559702676590164,0.7694158316511145,0.6329869090379842,24.503188789884803,0.003501258611740536,3
000352,30.888236103928648,5,2877.1583926076537,2884.3827511279114,0.9996764296079164,0.9989846962799235,-0.028240702124676956,-28.240702124676957,-3.348349644548305,24.417884503077666,13.787411923451995,0.1185646741276482,-0.8646344696133146,-0.4882106635516134,24.648424874504606,0.003708329692425451,4
000352,30.888236103928648,6,2904.4342455818605,2920.419747695074,0.9996156289600995,0.9999874948967253,-0.04045472001579117,-40.45472001579117,-35.19139868972129,1.9262309230736012,19.860500100655365,0.869895989293329,-0.04761449151846096,-0.49093159198489034,28.149854264219062,0.0007143761320573302,5
000352,30.888236103928648,7,2937.7002853231734,2949.15820684722,0.9998438384132396,0.9996920882375195,-0.005807423577900133,-5.807423577900133,-0.5181985227761585,4.649900224845146,-3.4403585282827804,0.0892303645196706,-0.8006821204742347,0.5924070256171595,28.13207628590776,0.001246223926997528,6
000352,30.888236103928648,8,2969.468369204371,2979.433000494655,0.9997448818771022,0.9990832630880674,0.003592816023401121,3.592816023401121,2.936408104491544,-0.16809062950807996,2.063390404687343,0.8172998799175385,-0.046785203699063284,0.5743100652100869,28.0579231763767,0.0031239019448423113,7
000353,30.967072186875157,1,2762.6782471497686,2772.902259762475,0.9994207705949042,0.9993222225670216,-0.003025890733257636,-3.025890733257636,2.462533467880066,0.144666442367382,1.7524312453382516,-0.8138210150202394,-0.04780953944481529,-0.5791455805317881,28.057776830812678,0.003214665552417328,0
000353,30.967072186875157,2,2798.5743886005043,2811.2059239306122,0.9999977515576232,0.9999673687665765,-0.009986946793338754,-9.986946793338754,-0.8941689793544988,-8.243618172481362,5.566177100638678,0.08953376821341487,0.8254392801992112,-0.5573452243033168,28.128993772385627,0.0011798185940266137,1
000353,30.967072186875157,3,2834.900998297384,2846.566788581379,1.0002147666166585,0.999717828619932,0.007892456897411354,7.892456897411354,-5.95573180534846,-0.3660025139236425,5.165866500410013,-0.7546106216052798,-0.0463737108331485,0.6545321143412726,28.137665297567242,0.0009382782073639079,2
000353,30.967072186875157,4,2869.0592264031256,2875.751831132393,0.9993620001706301,0.9994986403055527,0.007179110649598671,7.1791106495986705,0.614510526429067,5.523721390976334,4.544283059731137,0.08559702676590164,0.7694158316511145,0.6329869090379842,24.503188789884803,0.003501258611740536,3
000353,30.967072186875157,5,2877.1583926076537,2884.3827511279114,0.9996620271019443,0.9990094420172076,-0.028668998864155224,-28.668998864155224,-3.3991305078944807,24.78820462725357,13.996510958829674,0.1185646741276482,-0.8646344696133146,-0.4882106635516134,24.648424874504606,0.003708329692425451,4
000353,30.967072186875157,6,2904.4342455818605,2920.419747695074,0.9992955730304847,0.9999828534900351,-0.056139506076551354,-56.139506076551356,-48.835531176900496,2.673054035932542,27.56065709140678,0.869895989293329,-0.04761449151846096,-0.49093159198489034,28.149854264219062,0.0007143761320573302,5
000353,30.967072186875157,7,2937.7002853231734,2949.15820684722,1.0004139878109986,0.9994678758474694,0.016850519054511955,16.850519054511956,1.5035779575797572,-13.49190932765813,9.982365873188698,0.0892303645196706,-0.8006821204742347,0.5924070256171595,28.13207628590776,0.001246223926997528,6
000353,30.967072186875157,8,2969.468369204371,2979.433000494655,0.9993119682920505,0.9992509025792226,-0.003258886207397605,-3.2588862073976053,-2.663487305970985,0.15246765504516474,-1.8716111502827713,0.8172998799175385,-0.046785203699063284,0.5743100652100869,28.0579231763767,0.0031239019448423113,7
000354,31.046172770438716,1,2762.6782471497686,2772.902259762475,0.9992815452267196,0.9992833749986084,-0.004138771454152445,-4.138771454152445,3.368219185755135,0.19787275709037686,2.3969511965035104,-0.8138210150202394,-0.04780953944481529,-0.5791455805317881,28.057776830812678,0.003214665552417328,0
000354,31.046172770438716,2,2798.5743886005043,2811.2059239306122,0.9999008989136183,1.0001237745602902,-0.0176181758640335,-17.6181758640335,-1.5774216741535558,-14.542734403630929,9.819406178755035,0.08953376821341487,0.8254392801992112,-0.5573452243033168,28.128993772385627,0.0011798185940266137,1
000354,31.046172770438716,3,2834.900998297384,2846.566788581379,1.0000652942635,0.9999487567466826,-0.006516129248539125,-6.516129248539125,4.917140342700454,0.3021770935231746,-4.265015854367321,-0.7546106216052798,-0.0463737108331485,0.6545321143412726,28.137665297567242,0.0009382782073639079,2
000354,31.046172770438716,4,2869.0592264031256,2875.751831132393,0.9996359666043938,0.999166052463252,0.014249166956141418,14.24916695614142,1.2196863253366383,10.963534643895128,9.019536147934136,0.08559702676590164,0.7694158316511145,0.6329869090379842,24.503188789884803,0.003501258611740536,3
000354,31.046172770438716,5,2877.1583926076537,2884.3827511279114,0.9996041716719883,0.9991264024195209,-0.03058155086502046,-30.58155086502046,-3.625891612629249,26.441863012129566,14.930239240249056,0.1185646741276482,-0.8646344696133146,-0.4882106635516134,24.648424874504606,0.003708329692425451,4
000354,31.046172770438716,6,2904.4342455818605,2920.419747695074,0.9993954613154357,1.000040451616018,-0.054036520805800604,-54.036520805800606,-47.00615272433147,2.5729214615949316,26.52823518451634,0.869895989293329,-0.04761449151846096,-0.49093159198489034,28.149854264219062,0.0007143761320573302,5
000354,31.046172770438716,7,2937.7002853231734,2949.15820684722,0.9998668558711066,1.0003575748983098,-0.024132864915000603,-24.132864915000603,-2.1533843332694738,19.322753453260944,-14.296478723916213,0.0892303645196706,-0.8006821204742347,0.5924070256171595,28.13207628590776,0.001246223926997528,6
000354,31.046172770438716,8,2969.468369204371,2979.433000494655,0.9994794289138094,0.9993843566793965,-0.0028709062451988633,-2.870906245198863,-2.3463913294555425,0.13431593348254173,-1.6487903528922048,0.8172998799175385,-0.046785203699063284,0.5743100652100869,28.0579231763767,0.0031239019448423113,7
000355,31.143870061961938,1,2762.6782471497686,2772.902259762475,0.9993989101228579,0.999322061465111,-0.0032664699323896843,-3.2664699323896844,2.6583218759104654,0.15616842307788772,1.8917616252834544,-0.8138210150202394,-0.04780953944481529,-0.5791455805317881,28.057776830812678,0.003214665552417328,0
000355,31.143870061961938,2,2798.5743886005043,2811.2059239306122,0.9998704961683665,1.0001037019682941,-0.01792944591110362,-17.929445911103617,-1.6052908543997104,-14.79966892723206,9.992891052958232,0.08953376821341487,0.8254392801992112,-0.5573452243033168,28.128993772385627,0.0011798185940266137,1
000355,31.143870061961938,3,2834.900998297384,2846.566788581379,1.000151610923476,0.9999540802790844,-0.0034483190918266475,-3.4483190918266473,2.6021382133766604,0.1599113524247942,-2.257035586096672,-0.7546106216052798,-0.0463737108331485,0.6545321143412726,28.137665297567242,0.0009382782073639079,2
000355,31.143870061961938,4,2869.0592264031256,2875.751831132393,0.9995051196807351,0.9993014726659284,0.011145531139763043,11.145531139763044,0.9540243272904874,8.575548111094177,7.054975305745209,0.08559702676590164,0.7694158316511145,0.6329869090379842,24.503188789884803,0.003501258611740536,3
000355,31.143870061961938,5,2877.1583926076537,2884.3827511279114,0.9995464762788734,0.9988587865280955,-0.028284940404429557,-28.28494040442956,-3.3535947417711407,24.456134444628162,13.809009523364393,0.1185646741276482,-0.8646344696133146,-0.4882106635516134,24.648424874504606,0.003708329692425451,4
000355,31.143870061961938,6,2904.4342455818605,2920.419747695074,0.9995015867886385,0.9997793186884348,-0.035773666603864614,-35.77366660386461,-31.119369101018535,1.7033449450939617,17.56242309697196,0.869895989293329,-0.04761449151846096,-0.49093159198489034,28.149854264219062,0.0007143761320573302,5
000355,31.143870061961938,7,2937.7002853231734,2949.15820684722,1.0004204487150397,1.000199279868962,-0.003827363264429622,-3.8273632644296223,-0.3415170192342516,3.064501334388699,-2.2673568874371344,0.0892303645196706,-0.8006821204742347,0.5924070256171595,28.13207628590776,0.001246223926997528,6
000355,31.143870061961938,8,2969.468369204371,2979.433000494655,0.9993520552132669,0.9988242354712852,0.00206630443684342,2.0663044368434202,1.688790368105204,-0.09667247398199766,1.1866994358674363,0.8172998799175385,-0.046785203699063284,0.5743100652100869,28.0579231763767,0.0031239019448423113,7
000356,31.22314547887072,1,2762.6782471497686,2772.902259762475,0.9990627303850794,0.9994132046005694,-0.008004164804222632,-8.004164804222633,6.5139575253617386,0.38267543293028417,4.635576672213622,-0.8138210150202394,-0.04780953944481529,-0.5791455805317881,28.057776830812678,0.003214665552417328,0
000356,31.22314547887072,2,2798.5743886005043,2811.2059239306122,0.9999882911726662,0.9999433774688369,-0.009549098700102525,-9.549098700102526,-0.8549667896620007,-7.882201157563851,5.322144556903153,0.08953376821341487,0.8254392801992112,-0.5573452243033168,28.128993772385627,0.0011798185940266137,1
000356,31.22314547887072,3,2834.900998297384,2846.566788581379,0.9999422110136094,1.0003628836720297,-0.026864261012838928,-26.864261012838927,20.27205670186487,1.2457954719556175,-17.583521560949283,-0.7546106216052798,-0.0463737108331485,0.6545321143412726,28.137665297567242,0.0009382782073639079,2
000356,31.22314547887072,4,2869.0592264031256,2875.751831132393,0.999321943280651,0.9991627425580124,0.01062746078621769,10.62746078621769,0.9096790453714457,8.176936579167291,6.727043553990321,0.08559702676590164,0.7694158316511145,0.6329869090379842,24.503188789884803,0.003501258611740536,3
000356,31.22314547887072,5,2877.1583926076537,2884.3827511279114,0.9998584351740498,0.9986311962199406,-0.022382065962213385,-22.382065962213385,-2.653722357113357,19.352305732088592,10.927163275068176,0.1185646741276482,-0.8646344696133146,-0.4882106635516134,24.648424874504606,0.003708329692425451,4
000356,31.22314547887072,6,2904.4342455818605,2920.419747695074,0.999221564450045,1.0000942273985043,-0.0653581198898471,-65.3581198898471,-56.85476635993055,3.1119936451576793,32.08636584666196,0.869895989293329,-0.04761449151846096,-0.49093159198489034,28.149854264219062,0.0007143761320573302,5
000356,31.22314547887072,7,2937.7002853231734,2949.15820684722,1.0001047801472442,0.9994895385400098,0.007412953367512542,7.412953367512542,0.6614605311504639,-5.935419221276561,4.391485655486811,0.0892303645196706,-0.8006821204742347,0.5924070256171595,28.13207628590776,0.001246223926997528,6
000356,31.22314547887072,8,2969.468369204371,2979.433000494655,0.9994391233974529,0.9994117878217844,-0.0036437129032831942,-3.6437129032831943,-2.97800611830734,0.1704718504010095,-2.0926209950914063,0.8172998799175385,-0.046785203699063284,0.5743100652100869,28.0579231763767,0.0031239019448423113,7
000357,31.301124895340763,1,2762.6782471497686,2772.902259762475,0.9994845008900396,0.9986804281901153,0.004796205461513301,4.796205461513301,-3.90325279693437,-0.22930437419765867,-2.7777011963578535,-0.8138210150202394,-0.04780953944481529,-0.5791455805317881,28.057776830812678,0.003214665552417328,0
000357,31.301124895340763,2,2798.5743886005043,2811.2059239306122,0.9999586253535093,0.9997111411613695,-0.003445208092602819,-3.4452080926028192,-0.30846246281008194,-2.843810088094568,1.9201702771433204,0.08953376821341487,0.8254392801992112,-0.5573452243033168,28.128993772385627,0.0011798185940266137,1
000357,31.301124895340763,3,2834.900998297384,2846.566788581379,1.0000067156672015,1.000255051496781,-0.02033658774316628,-20.33658774316628,15.346205118201022,0.9430830393345452,-13.310949774021434,-0.7546106216052798,-0.0463737108331485,0.6545321143412726,28.137665297567242,0.0009382782073639079,2
000357,31.301124895340763,4,2869.0592264031256,2875.751831132393,0.9997807797294368,0.9997099069292661,0.009597901833406084,9.597901833406084,0.821551860130557,7.384777621255899,6.075346214777719,0.08559702676590164,0.7694158316511145,0.6329869090379842,24.503188789884803,0.003501258611740536,3
000357,31.301124895340763,5,2877.1583926076537,2884.3827511279114,0.9994168943545974,0.998921967082767,-0.030393835577238095,-30.393835577238097,-3.6036352107045553,26.27955790383955,14.838594635042044,0.1185646741276482,-0.8646344696133146,-0.4882106635516134,24.648424874504606,0.003708329692425451,4
000357,31.301124895340763,6,2904.4342455818605,2920.419747695074,0.9992142429847021,0.9996465202203842,-0.04345882487616704,-43.45882487616704,-37.80465745917887,2.0692698484685357,21.33531008224924,0.869895989293329,-0.04761449151846096,-0.49093159198489034,28.149854264219062,0.0007143761320573302,5
000357,31.301124895340763,7,2937.7002853231734,2949.15820684722,0.9998394551579176,0.9997100726410499,-0.006445426486496498,-6.4454264864964985,-0.5751277548748223,5.160737746568812,-3.8183159336994494,0.0892303645196706,-0.8006821204742347,0.5924070256171595,28.13207628590776,0.001246223926997528,6
000357,31.301124895340763,8,2969.468369204371,2979.433000494655,0.9996351247361364,0.999616770026254,-0.0037461754841597544,-3.7461754841597545,-3.0617487733537936,0.17526558311885113,-2.151466286596217,0.8172998799175385,-0.046785203699063284,0.5743100652100869,28.0579231763767,0.0031239019448423113,7
000358,31.430204520351253,1,2762.6782471497686,2772.902259762475,0.9992608105074312,0.99900489732281,-0.0012811956963668092,-1.2811956963668092,1.042663982056799,0.06125337618197655,0.7419988253471843,-0.8138210150202394,-0.04780953944481529,-0.5791455805317881,28.057776830812678,0.003214665552417328,0
000358,31.430204520351253,2,2798.5743886005043,2811.2059239306122,1.000221455323224,1.000069115902546,-0.006312127562079962,-6.312127562079962,-0.5651485660767748,-5.210278031368886,3.5180341519186045,0.08953376821341487,0.8254392801992112,-0.5573452243033168,28.128993772385627,0.0011798185940266137,1
000358,31.430204520351253,3,2834.900998297384,2846.566788581379,1.0002041275852886,0.999996306993632,-0.0030585625078154233,-3.0585625078154233,2.3080237552412,0.14183689330254193,-2.001927385085374,-0.7546106216052798,-0.0463737108331485,0.6545321143412726,28.137665297567242,0.0009382782073639079,2
000358,31.430204520351253,4,2869.0592264031256,2875.751831132393,0.9994821129407696,0.9998192929252405,0.004841598436821607,4.841598436821607,0.4144264309863666,3.7252024877878323,3.0646684293268445,0.08559702676590164,0.7694158316511145,0.6329869090379842,24.503188789884803,0.003501258611740536,3
000358,31.430204520351253,5,2877.1583926076537,2884.3827511279114,0.9997046463364494,0.9991488288919415,-0.029727673822458896,-29.727673822458897,-3.524651959332857,25.703571488319362,14.513367362708586,0.1185646741276482,-0.8646344696133146,-0.4882106635516134,24.648424874504606,0.003708329692425451,4
000358,31.430204520351253,6,2904.4342455818605,2920.419747695074,0.9995074903541572,0.9994906457068717,-0.021125101672061334,-21.125101672061334,-18.37664121793995,1.0058609743909896,10.37097979470774,0.869895989293329,-0.04761449151846096,-0.49093159198489034,28.149854264219062,0.0007143761320573302,5
000358,31.430204520351253,7,2937.7002853231734,2949.15820684722,1.0001049135551865,0.9995849483378865,0.004695341555755599,4.695341555755599,0.4189670385644294,-3.759476033213185,2.781553325301821,0.0892303645196706,-0.8006821204742347,0.5924070256171595,28.13207628590776,0.001246223926997528,6
000358,31.430204520351253,8,2969.468369204371,2979.433000494655,0.9992316798055582,0.9987829677722578,0.0011637656180118192,1.1637656180118192,0.9511454998532198,-0.05444701149664924,0.668362307969625,0.8172998799175385,-0.046785203699063284,0.5743100652100869,28.0579231763767,0.0031239019448423113,7
000359,31.509779790998437,1,2762.6782471497686,2772.902259762475,0.999145443551244,0.9997253643874822,-0.010548021327146993,-10.548021327146992,8.584201422913898,0.504296041704987,6.108839934972227,-0.8138210150202394,-0.04780953944481529,-0.5791455805317881,28.057776830812678,0.003214665552417328,0
000359,31.509779790998437,2,2798.5743886005043,2811.2059239306122,1.000007906945408,1.0000465633151359,-0.012067247277954026,-12.067247277954026,-1.0804261207582972,-9.960779907100262,6.725622640854875,0.08953376821341487,0.8254392801992112,-0.5573452243033168,28.128993772385627,0.0011798185940266137,1
000359,31.509779790998437,3,2834.900998297384,2846.566788581379,0.9997735630890167,1.0003095498233805,-0.031232059911170014,-31.232059911170015,23.568044143581343,1.448346515044168,-20.442386208891406,-0.7546106216052798,-0.0463737108331485,0.6545321143412726,28.137665297567242,0.0009382782073639079,2
000359,31.509779790998437,4,2869.0592264031256,2875.751831132393,0.9997291280362282,0.9994173999013255,0.012405335307183706,12.405335307183705,1.0618598183289882,9.544861382287683,7.852414851673985,0.08559702676590164,0.7694158316511145,0.6329869090379842,24.503188789884803,0.003501258611740536,3
000359,31.509779790998437,5,2877.1583926076537,2884.3827511279114,0.9995470366057135,0.9990281726531912,-0.030131959144438395,-30.131959144438394,-3.572585916787948,26.053130513261557,14.710743768016375,0.1185646741276482,-0.8646344696133146,-0.4882106635516134,24.648424874504606,0.003708329692425451,4
000359,31.509779790998437,6,2904.4342455818605,2920.419747695074,0.999254696955537,1.0000469775618839,-0.061360904329171476,-61.360904329171476,-53.377604575357935,2.921668258746429,30.124006447952702,0.869895989293329,-0.04761449151846096,-0.49093159198489034,28.149854264219062,0.0007143761320573302,5
000359,31.509779790998437,7,2937.7002853231734,2949.15820684722,1.0003993936963271,1.0001807897776718,-0.003900523856090943,-3.9005238560909428,-0.34804516549666603,3.1230797120552345,-2.310697735935609,0.0892303645196706,-0.8006821204742347,0.5924070256171595,28.13207628590776,0.001246223926997528,6
000359,31.509779790998437,8,2969.468369204371,2979.433000494655,0.9997229801878044,0.9992811441098763,0.0010853179326534956,1.0853179326534956,0.887030216030053,-0.05077682055744004,0.6233090126759058,0.8172998799175385,-0.046785203699063284,0.5743100652100869,28.0579231763767,0.0031239019448423113,7
000360,31.58890185400378,1,2762.6782471497686,2772.902259762475,0.9994643350091214,0.9990948781323644,-2.2345768944097503e-05,-0.022345768944097504,0.018185456363493176,0.001068340921757558,0.01294145332755855,-0.8138210150202394,-0.04780953944481529,-0.5791455805317881,28.057776830812678,0.003214665552417328,0
000360,31.58890185400378,2,2798.5743886005043,2811.2059239306122,0.9999336365261764,1.0000712160278566,-0.015048016989398501,-15.048016989398501,-1.3473056652003346,-12.421224312154601,8.386940404276428,0.08953376821341487,0.8254392801992112,-0.5573452243033168,28.128993772385627,0.0011798185940266137,1
000360,31.58890185400378,3,2834.900998297384,2846.566788581379,1.000370031281531,1.0002571308422723,-0.006653892337949244,-6.653892337949244,5.021097833234488,0.30856567919496064,-4.355186220557112,-0.7546106216052798,-0.0463737108331485,0.6545321143412726,28.137665297567242,0.0009382782073639079,2
000360,31.58890185400378,4,2869.0592264031256,2875.751831132393,0.9995710893259278,0.9994624258644786,0.010038393498609409,10.038393498609409,0.8592566369871225,7.723698882173699,6.354171672391765,0.08559702676590164,0.7694158316511145,0.6329869090379842,24.503188789884803,0.003501258611740536,3
000360,31.58890185400378,5,2877.1583926076537,2884.3827511279114,0.9998126202337868,0.9989992425020748,-0.02690986586856056,-26.90986586856056,-3.1905594775246056,23.267197602628293,13.137683471774865,0.1185646741276482,-0.8646344696133146,-0.4882106635516134,24.648424874504606,0.003708329692425451,4
000360,31.58890185400378,6,2904.4342455818605,2920.419747695074,0.999358724156242,1.0001009987292029,-0.058874227659580586,-58.87422765958058,-51.214454513811525,2.803266413553039,28.90321831179876,0.869895989293329,-0.04761449151846096,-0.49093159198489034,28.149854264219062,0.0007143761320573302,5
000360,31.58890185400378,7,2937.7002853231734,2949.15820684722,1.0001907659599785,0.9994942980759859,0.009729807409681178,9.729807409681177,0.8681942618720435,-7.790482828589447,5.764006267397026,0.0892303645196706,-0.8006821204742347,0.5924070256171595,28.13207628590776,0.001246223926997528,6
000360,31.58890185400378,8,2969.468369204371,2979.433000494655,0.9995488495778643,0.9992348680247827,-0.00037337267741042416,-0.3733726774104242,-0.3051574444120295,0.01746831676831134,-0.21443168671124543,0.8172998799175385,-0.046785203699063284,0.5743100652100869,28.0579231763767,0.0031239019448423113,7
000361,31.669761770404875,1,2762.6782471497686,2772.902259762475,0.9994974645414724,0.9990783717937624,0.0005279632035013633,0.5279632035013633,-0.42966755016681674,-0.025241677603209473,-0.3057675559912197,-0.8138210150202394,-0.04780953944481529,-0.5791455805317881,28.057776830812678,0.003214665552417328,0
000361,31.669761770404875,2,2798.5743886005043,2811.2059239306122,0.9996391685033541,0.999632741398272,-0.010708783857435723,-10.708783857435723,-0.9587977717392088,-8.839450839090675,5.9684895410382515,0.08953376821341487,0.8254392801992112,-0.5573452243033168,28.128993772385627,0.0011798185940266137,1
000361,31.669761770404875,3,2834.900998297384,2846.566788581379,1.0003126032723317,1.0006657949998619,-0.02430825791270237,-24.30825791270237,18.343269613645795,1.1272641233012535,-15.91053544755405,-0.7546106216052798,-0.0463737108331485,0.6545321143412726,28.137665297567242,0.0009382782073639079,2
000361,31.669761770404875,4,2869.0592264031256,2875.751831132393,0.999354555747034,0.9993616352944485,0.008689281602038234,8.689281602038234,0.7437766698661233,6.685670830282977,5.500201503034805,0.08559702676590164,0.7694158316511145,0.6329869090379842,24.503188789884803,0.003501258611740536,3
000361,31.669761770404875,5,2877.1583926076537,2884.3827511279114,0.9998785989712432,0.9992852396294531,-0.029316951121710507,-29.316951121710506,-3.4759547561617965,25.348446483799634,14.312848160440504,0.1185646741276482,-0.8646344696133146,-0.4882106635516134,24.648424874504606,0.003708329692425451,4
000361,31.669761770404875,6,2904.4342455818605,2920.419747695074,0.9994948253488267,0.9998941184041217,-0.04181860296131656,-41.81860296131656,-36.377834993899405,1.9911715160154932,20.53007332638319,0.869895989293329,-0.04761449151846096,-0.49093159198489034,28.149854264219062,0.0007143761320573302,5
000361,31.669761770404875,7,2937.7002853231734,2949.15820684722,1.0002046345206068,0.9999336917272404,-0.002407638323520207,-2.407638323520207,-0.21483444523923667,1.9277529582111907,-1.4263018579984903,0.0892303645196706,-0.8006821204742347,0.5924070256171595,28.13207628590776,0.001246223926997528,6
000361,31.669761770404875,8,2969.468369204371,2979.433000494655,0.9993110745729055,0.9993037109348871,-0.0038715724800171603,-3.8715724800171603,-3.164235723010072,0.18113230711329048,-2.223483043464233,0.8172998799175385,-0.046785203699063284,0.5743100652100869,28.0579231763767,0.0031239019448423113,7
000362,31.764903937466443,1,2762.6782471497686,2772.902259762475,0.9994178210584646,0.9994587880644121,-0.004572682870346029,-4.572682870346029,3.7213454149106675,0.2186178620584397,2.6482490755343147,-0.8138210150202394,-0.04780953944481529,-0.5791455805317881,28.057776830812678,0.003214665552417328,0
000362,31.764903937466443,2,2798.5743886005043,2811.2059239306122,0.9996791278321406,1.000033265009949,-0.021573372071104224,-21.573372071104224,-1.9315452945960034,-17.807508713842036,12.023815895948493,0.08953376821341487,0.8254392801992112,-0.5573452243033168,28.128993772385627,0.0011798185940266137,1
000362,31.764903937466443,3,2834.900998297384,2846.566788581379,1.0002884102668383,0.9999354424797497,0.002439237783401542,2.4392377834015417,-1.8406747399757224,-0.11311650762075322,1.5965594637509302,-0.7546106216052798,-0.0463737108331485,0.6545321143412726,28.137665297567242,0.0009382782073639079,2
000362,31.764903937466443,4,2869.0592264031256,2875.751831132393,0.9994825893789223,0.999190586741926,0.012175412963255963,12.175412963255964,1.0421791493017265,9.367955490819348,7.7068770178723955,0.08559702676590164,0.7694158316511145,0.6329869090379842,24.503188789884803,0.003501258611740536,3
000362,31.764903937466443,5,2877.1583926076537,2884.3827511279114,0.9993711798034034,0.9994214125553297,-0.03635809453875985,-36.35809453875985,-4.310785630890287,31.436461787671373,17.75040946024024,0.1185646741276482,-0.8646344696133146,-0.4882106635516134,24.648424874504606,0.003708329692425451,4
000362,31.764903937466443,6,2904.4342455818605,2920.419747695074,0.9994758866742262,0.9997982774515,-0.037994442402180924,-37.99444240218092,-33.051213061093584,1.809086055507297,18.652672095080902,0.869895989293329,-0.04761449151846096,-0.49093159198489034,28.149854264219062,0.0007143761320573302,5
000362,31.764903937466443,7,2937.7002853231734,2949.15820684722,1.000215740978411,0.9996732505837116,0.005337837437520308,5.337837437520308,0.47629718029668155,-4.273910998220516,3.162172399589326,0.0892303645196706,-0.8006821204742347,0.5924070256171595,28.13207628590776,0.001246223926997528,6
000362,31.764903937466443,8,2969.468369204371,2979.433000494655,0.9991070619266895,0.9992062528219575,-0.00508725176357184,-5.087251763571841,-4.157810255477551,0.2380081100271275,-2.921659892077073,0.8172998799175385,-0.046785203699063284,0.5743100652100869,28.0579231763767,0.0031239019448423113,7
000363,31.844003103440627,1,2762.6782471497686,2772.902259762475,0.9996728481471381,0.9988536364264593,0.0049640505863241015,4.964050586324102,-4.039848686774095,-0.23732897231292058,-2.8749079586058346,-0.8138210150202394,-0.04780953944481529,-0.5791455805317881,28.057776830812678,0.003214665552417328,0
000363,31.844003103440627,2,2798.5743886005043,2811.2059239306122,0.9993879828522082,0.9999760579338628,-0.028622431319241262,-28.62243131924126,-2.5626741314413337,-23.626079105705866,15.952575403728801,0.08953376821341487,0.8254392801992112,-0.5573452243033168,28.128993772385627,0.0011798185940266137,1
000363,31.844003103440627,3,2834.900998297384,2846.566788581379,0.9999590294882374,1.0001516051040242,-0.01822453508713157,-18.22453508713157,13.752427750567586,0.8451393201992082,-11.928543483466935,-0.7546106216052798,-0.0463737108331485,0.6545321143412726,28.137665297567242,0.0009382782073639079,2
000363,31.844003103440627,4,2869.0592264031256,2875.751831132393,0.9997194559020024,1.0002628142366161,0.0024383633064752356,2.4383633064752357,0.20871664920935318,1.8761153313192047,1.5434520524773983,0.08559702676590164,0.7694158316511145,0.6329869090379842,24.503188789884803,0.003501258611740536,3
000363,31.844003103440627,5,2877.1583926076537,2884.3827511279114,0.9996746804172955,0.9994413833870139,-0.0332561703867677,-33.2561703867677,-3.943007004640657,28.754431243732913,16.236017011709375,0.1185646741276482,-0.8646344696133146,-0.4882106635516134,24.648424874504606,0.003708329692425451,4
000363,31.844003103440627,6,2904.4342455818605,2920.419747695074,0.9994667499357656,0.99997813900052,-0.04739286095785589,-47.39286095785589,-41.22685966837523,2.2565869761134283,23.266652678758746,0.869895989293329,-0.04761449151846096,-0.49093159198489034,28.149854264219062,0.0007143761320573302,5
000363,31.844003103440627,7,2937.7002853231734,2949.15820684722,1.000445207241618,0.9998661164654835,0.006381806766869656,6.381806766869656,0.5694509441018799,-5.1097985745540155,3.7806271648247143,0.0892303645196706,-0.8006821204742347,0.5924070256171595,28.13207628590776,0.001246223926997528,6
000363,31.844003103440627,8,2969.468369204371,2979.433000494655,0.9991528936789619,0.9995736713913147,-0.008756231574536215,-8.756231574536216,-7.156467014398608,0.40966207785084646,-5.028791926566516,0.8172998799175385,-0.046785203699063284,0.5743100652100869,28.0579231763767,0.0031239019448423113,7
000364,31.923724062391557,1,2762.6782471497686,2772.902259762475,0.999289068001777,0.9992080478129525,-0.003220220497519247,-3.220220497519247,2.620683113880094,0.15395725889714915,1.8649764694761477,-0.8138210150202394,-0.04780953944481529,-0.5791455805317881,28.057776830812678,0.003214665552417328,0
000364,31.923724062391557,2,2798.5743886005043,2811.2059239306122,0.999586458354367,0.9995480051004989,-0.009743766147307719,-9.743766147307719,-0.8723960997587678,-8.042887315063124,5.430641528930286,0.08953376821341487,0.8254392801992112,-0.5573452243033168,28.128993772385627,0.0011798185940266137,1
000364,31.923724062391557,3,2834.900998297384,2846.566788581379,1.0002225004857141,0.9999351382530043,-4.573090576659728e-05,-0.04573090576659728,0.03450902722710445,0.0021207118001581454,-0.02993234644215241,-0.7546106216052798,-0.0463737108331485,0.6545321143412726,28.137665297567242,0.0009382782073639079,2
000364,31.923724062391557,4,2869.0592264031256,2875.751831132393,0.9994400436016478,0.9997825180572384,0.004779885560651574,4.779885560651574,0.40914399227303955,3.6777196238458845,3.0256049865921315,0.08559702676590164,0.7694158316511145,0.6329869090379842,24.503188789884803,0.003501258611740536,3
000364,31.923724062391557,5,2877.1583926076537,2884.3827511279114,0.9998600395211523,0.9985575911628934,-0.021559246343857846,-21.559246343857847,-2.5561650171971966,18.640867527784323,10.525453963207534,0.1185646741276482,-0.8646344696133146,-0.4882106635516134,24.648424874504606,0.003708329692425451,4
000364,31.923724062391557,6,2904.4342455818605,2920.419747695074,0.9992152248528423,0.9996105063270181,-0.04161911692929658,-41.61911692929658,-36.20430289472519,1.981673090035827,20.43213933110487,0.869895989293329,-0.04761449151846096,-0.49093159198489034,28.149854264219062,0.0007143761320573302,5
000364,31.923724062391557,7,2937.7002853231734,2949.15820684722,1.00009003019155,0.9998455031468613,-0.0031611067396928377,-3.161106739692838,-0.2820667066683794,2.531041647382656,-1.8726618413197906,0.0892303645196706,-0.8006821204742347,0.5924070256171595,28.13207628590776,0.001246223926997528,6
000364,31.923724062391557,8,2969.468369204371,2979.433000494655,0.9995813215899007,0.9998630625961531,-0.007169963604071723,-7.1699636040717225,-5.860010392620941,0.33544820773136547,-4.1177822650083815,0.8172998799175385,-0.046785203699063284,0.5743100652100869,28.0579231763767,0.0031239019448423113,7
000365,32.02062031184323,1,2762.6782471497686,2772.902259762475,0.9997744190093519,0.9995662715330831,-0.0018107703240869896,-1.8107703240869897,1.4736429431170017,0.08657209523493789,1.0486996305530936,-0.8138210150202394,-0.04780953944481529,-0.5791455805317881,28.057776830812678,0.003214665552417328,0
000365,32.02062031184323,2,2798.5743886005043,2811.2059239306122,1.0000779973343965,1.0001698707144946,-0.013670791863678408,-13.670791863678408,-1.2239975100164204,-11.284408595707939,7.6193505576658005,0.08953376821341487,0.8254392801992112,-0.5573452243033168,28.128993772385627,0.0011798185940266137,1
000365,32.02062031184323,3,2834.900998297384,2846.566788581379,1.0002120963981462,1.000035694819658,-0.004248633450857244,-4.248633450857244,3.20606392932437,0.19702489908609566,-2.780867035650649,-0.7546106216052798,-0.0463737108331485,0.6545321143412726,28.137665297567242,0.0009382782073639079,2
000365,32.02062031184323,4,2869.0592264031256,2875.751831132393,0.9995609810788747,0.9993582676847642,0.011134648765090988,11.134648765090988,0.9530928283744069,8.567175039735538,7.048086905038551,0.08559702676590164,0.7694158316511145,0.6329869090379842,24.503188789884803,0.003501258611740536,3
000365,32.02062031184323,5,2877.1583926076537,2884.3827511279114,0.9996081813443958,0.9992540307168055,-0.03193398585494189,-31.933985854941895,-3.7862426264881126,27.611224922326773,15.590512424089018,0.1185646741276482,-0.8646344696133146,-0.4882106635516134,24.648424874504606,0.003708329692425451,4
000365,32.02062031184323,6,2904.4342455818605,2920.419747695074,0.9994681884179263,0.9994557760867147,-0.021345509815374215,-21.345509815374214,-18.568373377815416,1.0163555960613606,10.479185115390766,0.869895989293329,-0.04761449151846096,-0.49093159198489034,28.149854264219062,0.0007143761320573302,5
000365,32.02062031184323,7,2937.7002853231734,2949.15820684722,1.0000895524878515,0.9998405709923492,-0.003034050412791767,-3.0340504127917667,-0.27072942430446645,2.429309918139839,-1.7973927806144856,0.0892303645196706,-0.8006821204742347,0.5924070256171595,28.13207628590776,0.001246223926997528,6
000365,32.02062031184323,8,2969.468369204371,2979.433000494655,0.9993681851579167,0.9990634027725707,-0.0004783258623867606,-0.4783258623867606,-0.3909356698901525,0.02237857290629471,-0.2747073572190115,0.8172998799175385,-0.046785203699063284,0.5743100652100869,28.0579231763767,0.0031239019448423113,7
000366,32.140089874505065,1,2762.6782471497686,2772.902259762475,0.9991525635554995,0.998849380186584,-0.0007571149046569507,-0.7571149046569507,0.6161560201948715,0.036197314898454055,0.43847975098681913,-0.8138210150202394,-0.04780953944481529,-0.5791455805317881,28.057776830812678,0.003214665552417328,0
000366,32.140089874505065,2,2798.5743886005043,2811.2059239306122,0.9998962070376304,1.000007881542807,-0.014267442947423263,-14.267442947423262,-1.277417929852715,-11.77690783680437,7.951891189766394,0.08953376821341487,0.8254392801992112,-0.5573452243033168,28.128993772385627,0.0011798185940266137,1
000366,32.140089874505065,3,2834.900998297384,2846.566788581379,1.000357293707452,1.0003939533293102,-0.012318840565956635,-12.318840565956634,9.295927936932873,0.5712703502053325,-8.063076761868635,-0.7546106216052798,-0.0463737108331485,0.6545321143412726,28.137665297567242,0.0009382782073639079,2
000366,32.140089874505065,4,2869.0592264031256,2875.751831132393,0.9997984195746734,0.9998394926643197,0.0082930495299525,8.293049529952501,0.7098603825862921,6.380803601012287,5.249391788463541,0.08559702676590164,0.7694158316511145,0.6329869090379842,24.503188789884803,0.003501258611740536,3
000366,32.140089874505065,5,2877.1583926076537,2884.3827511279114,0.9996999997112519,0.9987220058131165,-0.025108902109265602,-25.108902109265603,-2.977028796288095,21.7100222578175,12.258433759817066,0.1185646741276482,-0.8646344696133146,-0.4882106635516134,24.648424874504606,0.003708329692425451,4
000366,32.140089874505065,6,2904.4342455818605,2920.419747695074,0.9996822588570232,0.999408685622489,-0.008358622407436693,-8.358622407436693,-7.27113210824653,0.3979915557249121,4.103511805283473,0.869895989293329,-0.04761449151846096,-0.49093159198489034,28.149854264219062,0.0007143761320573302,5
000366,32.140089874505065,7,2937.7002853231734,2949.15820684722,1.0001851084599926,1.0000010254103062,-0.004885178305389806,-4.885178305389806,-0.43590624093351915,3.9114749244542386,-2.894013949505451,0.0892303645196706,-0.8006821204742347,0.5924070256171595,28.13207628590776,0.001246223926997528,6
000366,32.140089874505065,8,2969.468369204371,2979.433000494655,0.9992090311538152,0.9990518964716604,-0.0021628365865962035,-2.1628365865962036,-1.767686082506336,0.10118875027169011,-1.2421388210868272,0.8172998799175385,-0.046785203699063284,0.5743100652100869,28.0579231763767,0.0031239019448423113,7
000367,32.2199786453275,1,2762.6782471497686,2772.902259762475,0.9990933454489073,0.999077054735722,-0.00393787107042051,-3.9378710704205098,3.204722231548456,0.18826780226986636,2.28060062713802,-0.8138210150202394,-0.04780953944481529,-0.5791455805317881,28.057776830812678,0.003214665552417328,0
000367,32.2199786453275,2,2798.5743886005043,2811.2059239306122,1.0003241095677593,1.0000071270338595,-0.001351071483448135,-1.351071483448135,-0.1209665210387999,-1.115227472795109,0.7530132389922157,0.08953376821341487,0.8254392801992112,-0.5573452243033168,28.128993772385627,0.0011798185940266137,1
000367,32.2199786453275,3,2834.900998297384,2846.566788581379,1.0006412344961908,0.9999484289920719,0.015311411400645847,15.311411400645847,-11.55415367469553,-0.7100469647409238,10.02181047761379,-0.7546106216052798,-0.0463737108331485,0.6545321143412726,28.137665297567242,0.0009382782073639079,2
000367,32.2199786453275,4,2869.0592264031256,2875.751831132393,0.9997925996217247,0.9992105927921933,0.015555730358197678,15.555730358197678,1.3315242678337955,11.968825210493156,9.846573677263883,0.08559702676590164,0.7694158316511145,0.6329869090379842,24.503188789884803,0.003501258611740536,3
000367,32.2199786453275,5,2877.1583926076537,2884.3827511279114,1.0000567567054635,0.9989270899973363,-0.023449543614892713,-23.44954361489271,-2.7802874971418285,20.27528370613705,11.448317248209271,0.1185646741276482,-0.8646344696133146,-0.4882106635516134,24.648424874504606,0.003708329692425451,4
000367,32.2199786453275,6,2904.4342455818605,2920.419747695074,0.9994400731182618,0.9998951208676496,-0.044591146345247884,-44.591146345247886,-38.78965936372302,2.1231847594542566,21.891202463703767,0.869895989293329,-0.04761449151846096,-0.49093159198489034,28.149854264219062,0.0007143761320573302,5
000367,32.2199786453275,7,2937.7002853231734,2949.15820684722,0.9997852662443817,1.0002981792295094,-0.024765913273011017,-24.765913273011016,-2.2098714690133217,19.82962395491546,-14.67150101875699,0.0892303645196706,-0.8006821204742347,0.5924070256171595,28.13207628590776,0.001246223926997528,6
000367,32.2199786453275,8,2969.468369204371,2979.433000494655,0.999447681317084,0.9991402429600763,-0.0004480239162645634,-0.4480239162645634,-0.366169892963213,0.02096089018448967,-0.25730464456557994,0.8172998799175385,-0.046785203699063284,0.5743100652100869,28.0579231763767,0.0031239019448423113,7
000368,32.31836283300072,1,2762.6782471497686,2772.902259762475,0.9993050133856721,0.9992405282635418,-0.0034035434731631794,-3.4035434731631793,2.7698752039951695,0.16272184593233863,1.9711471606302682,-0.8138210150202394,-0.04780953944481529,-0.5791455805317881,28.057776830812678,0.003214665552417328,0
000368,32.31836283300072,2,2798.5743886005043,2811.2059239306122,0.9998862393870567,0.9997794941752653,-0.007685980514207763,-7.685980514207763,-0.6881547978519011,-6.344310223272819,4.283744533682048,0.08953376821341487,0.8254392801992112,-0.5573452243033168,28.128993772385627,0.0011798185940266137,1
000368,32.31836283300072,3,2834.900998297384,2846.566788581379,1.000115730316559,0.9999759136644423,-0.005634375822662539,-5.634375822662539,4.2517598418971385,0.2612869151254358,-3.687879920200659,-0.7546106216052798,-0.0463737108331485,0.6545321143412726,28.137665297567242,0.0009382782073639079,2
000368,32.31836283300072,4,2869.0592264031256,2875.751831132393,0.9994168900399306,0.9996037472745692,0.006593775195618074,6.593775195618075,0.5644075519076587,5.073355025856971,4.173773379965614,0.08559702676590164,0.7694158316511145,0.6329869090379842,24.503188789884803,0.003501258611740536,3
000368,32.31836283300072,5,2877.1583926076537,2884.3827511279114,0.999690817483475,0.9989471649275365,-0.0276726859329984,-27.672685932998398,-3.28100298988271,23.9267581244539,13.510100361604547,0.1185646741276482,-0.8646344696133146,-0.4882106635516134,24.648424874504606,0.003708329692425451,4
000368,32.31836283300072,6,2904.4342455818605,2920.419747695074,0.9995173964524141,0.9999252859490718,-0.0422460827818664,-42.246082781866406,-36.74969797529955,2.0115257503053776,20.73993667522714,0.869895989293329,-0.04761449151846096,-0.49093159198489034,28.149854264219062,0.0007143761320573302,5
000368,32.31836283300072,7,2937.7002853231734,2949.15820684722,0.9998281200539534,0.999726583084689,-0.007239677707848825,-7.239677707848824,-0.6459990808762839,5.796680498670444,-4.288835937333578,0.0892303645196706,-0.8006821204742347,0.5924070256171595,28.13207628590776,0.001246223926997528,6
000368,32.31836283300072,8,2969.468369204371,2979.433000494655,0.9993794404890995,0.9995454130253474,-0.005849162636409248,-5.849162636409248,-4.780519920355431,0.2736542654133567,-3.3592329751405985,0.8172998799175385,-0.046785203699063284,0.5743100652100869,28.0579231763767,0.0031239019448423113,7
000369,32.398120540892705,1,2762.6782471497686,2772.902259762475,0.9998862165661215,0.999149135875084,0.004053470361580947,4.053470361580946,-3.2987993640162627,-0.19379455114039393,-2.347549445726194,-0.8138210150202394,-0.04780953944481529,-0.5791455805317881,28.057776830812678,0.003214665552417328,0
000369,32.398120540892705,2,2798.5743886005043,2811.2059239306122,0.9998594535803836,1.0000576454275083,-0.016874399149713705,-16.874399149713707,-1.5108285422111118,-13.928791887933864,9.404865779080883,0.08953376821341487,0.8254392801992112,-0.5573452243033168,28.128993772385627,0.0011798185940266137,1
000369,32.398120540892705,3,2834.900998297384,2846.566788581379,1.0002472225285066,1.0000393672472694,-0.0030572485562407113,-3.0572485562407112,2.3070322334266473,0.14177596049216748,-2.001067361583036,-0.7546106216052798,-0.0463737108331485,0.6545321143412726,28.137665297567242,0.0009382782073639079,2
000369,32.398120540892705,4,2869.0592264031256,2875.751831132393,0.9995267287453542,0.9997920083878137,0.005679675895905515,5.679675895905515,0.48616336968347074,4.37003255295693,3.5951604896867755,0.08559702676590164,0.7694158316511145,0.6329869090379842,24.503188789884803,0.003501258611740536,3
000369,32.398120540892705,5,2877.1583926076537,2884.3827511279114,0.9993888126894063,0.9990008318727709,-0.031563870660522485,-31.563870660522486,-3.742360039072085,27.29121056750412,15.409818239430985,0.1185646741276482,-0.8646344696133146,-0.4882106635516134,24.648424874504606,0.003708329692425451,4
000369,32.398120540892705,6,2904.4342455818605,2920.419747695074,0.9995546142789653,1.000033688064108,-0.0457859018283174,-45.7859018283174,-39.828972366631405,2.180072434269505,22.47774567503976,0.869895989293329,-0.04761449151846096,-0.49093159198489034,28.149854264219062,0.0007143761320573302,5
000369,32.398120540892705,7,2937.7002853231734,2949.15820684722,0.9999745588808185,1.0000951860644143,-0.013576566903346918,-13.576566903346919,-1.2114420137113409,10.870514376932125,-8.042853617304118,0.0892303645196706,-0.8006821204742347,0.5924070256171595,28.13207628590776,0.001246223926997528,6
000369,32.398120540892705,8,2969.468369204371,2979.433000494655,0.9995976047846369,0.9995705136184093,-0.0036465013674137517,-3.6465013674137516,-2.9802851297063992,0.17060230926336517,-2.0942224381080625,0.8172998799175385,-0.046785203699063284,0.5743100652100869,28.0579231763767,0.0031239019448423113,7
000370,32.47862308297772,1,2762.6782471497686,2772.902259762475,0.9997231097782984,0.9993426320490554,9.98415502389724e-05,0.0998415502389724,-0.08125315175667473,-0.004773378534381658,-0.057822792574343355,-0.8138210150202394,-0.04780953944481529,-0.5791455805317881,28.057776830812678,0.003214665552417328,0
000370,32.47862308297772,2,2798.5743886005043,2811.2059239306122,1.0000388974218173,1.0000356873756007,-0.0108057208572762,-10.8057208572762,-0.9674769066142299,-8.91946644646367,6.022516914957632,0.08953376821341487,0.8254392801992112,-0.5573452243033168,28.128993772385627,0.0011798185940266137,1
000370,32.47862308297772,3,2834.900998297384,2846.566788581379,1.0000387095349756,0.9997234174830554,0.0010121783961091918,1.0121783961091917,-0.7638005686633923,-0.0469384682527277,0.6625032656959073,-0.7546106216052798,-0.0463737108331485,0.6545321143412726,28.137665297567242,0.0009382782073639079,2
000370,32.47862308297772,4,2869.0592264031256,2875.751831132393,0.9999480936009786,0.9993743430626534,0.01545949421575341,15.459494215753411,1.3232867401731463,11.894779598919504,9.785657458920346,0.08559702676590164,0.7694158316511145,0.6329869090379842,24.503188789884803,0.003501258611740536,3
000370,32.47862308297772,5,2877.1583926076537,2884.3827511279114,1.000129880775569,0.999295933039509,-0.026684822161346877,-26.684822161346876,-3.1638772437143374,23.07261705620178,13.027814734147958,0.1185646741276482,-0.8646344696133146,-0.4882106635516134,24.648424874504606,0.003708329692425451,4
000370,32.47862308297772,6,2904.4342455818605,2920.419747695074,0.9996738817057633,1.0000467863981706,-0.0405063747780685,-40.506374778068505,-35.23633296025425,1.9286904383139436,19.88585905533378,0.869895989293329,-0.04761449151846096,-0.49093159198489034,28.149854264219062,0.0007143761320573302,5
000370,32.47862308297772,7,2937.7002853231734,2949.15820684722,1.0001389807030072,1.0000751949435411,-0.008316472638120763,-8.316472638120763,-0.7420818850173823,6.658850946756485,-4.926736819175613,0.0892303645196706,-0.8006821204742347,0.5924070256171595,28.13207628590776,0.001246223926997528,6
000370,32.47862308297772,8,2969.468369204371,2979.433000494655,0.9996011995009267,0.9991422112602104,0.0012810067346856338,1.2810067346856338,1.0469666504321267,-0.059932161022139295,0.7356950613318669,0.8172998799175385,-0.046785203699063284,0.5743100652100869,28.0579231763767,0.0031239019448423113,7
000371,32.558617770439014,1,2762.6782471497686,2772.902259762475,0.9992815664449113,0.9992052039334799,-0.003271859798109037,-3.271859798109037,2.662708261901012,0.1564261100755994,1.8948831421944774,-0.8138210150202394,-0.04780953944481529,-0.5791455805317881,28.057776830812678,0.003214665552417328,0
000371,32.558617770439014,2,2798.5743886005043,2811.2059239306122,0.9996926117722491,1.0000055899445457,-0.020333161469584825,-20.333161469584823,-1.8205045660637458,-16.783790167628432,11.332590440061312,0.08953376821341487,0.8254392801992112,-0.5573452243033168,28.128993772385627,0.0011798185940266137,1
000371,32.558617770439014,3,2834.900998297384,2846.566788581379,0.9999826782588552,1.0000075838035503,-0.011873626528866865,-11.873626528866865,8.959964695657167,0.5506241231904728,-7.771669876837854,-0.7546106216052798,-0.0463737108331485,0.6545321143412726,28.137665297567242,0.0009382782073639079,2
000371,32.558617770439014,4,2869.0592264031256,2875.751831132393,0.9994829287854026,0.9991153173146594,0.013056716966799352,13.056716966799351,1.1176161516819263,10.04604474364314,8.264730914998125,0.08559702676590164,0.7694158316511145,0.6329869090379842,24.503188789884803,0.003501258611740536,3
000371,32.558617770439014,5,2877.1583926076537,2884.3827511279114,0.9998933730234475,0.9987682611305617,-0.02349937503399516,-23.49937503399516,-2.7861957431090283,20.31836966876277,11.472645478394995,0.1185646741276482,-0.8646344696133146,-0.4882106635516134,24.648424874504606,0.003708329692425451,4
000371,32.558617770439014,6,2904.4342455818605,2920.419747695074,0.9997006670421125,1.0002468070696795,-0.04912094060386201,-49.12094060386201,-42.73010922161539,2.3388686097614118,24.115021570449215,0.869895989293329,-0.04761449151846096,-0.49093159198489034,28.149854264219062,0.0007143761320573302,5
000371,32.558617770439014,7,2937.7002853231734,2949.15820684722,1.0004227062044557,0.9999511336398137,0.0033150159099572286,3.3150159099572285,0.29580007803399105,-2.6542739681903784,1.9638387150913232,0.0892303645196706,-0.8006821204742347,0.5924070256171595,28.13207628590776,0.001246223926997528,6
000371,32.558617770439014,8,2969.468369204371,2979.433000494655,0.9993612670344657,0.9990679289368951,-0.0006088935926799029,-0.6088935926799028,-0.49764866017984327,0.028487210764583725,-0.3496937189179991,0.8172998799175385,-0.046785203699063284,0.5743100652100869,28.0579231763767,0.0031239019448423113,7
000372,32.65834862436168,1,2762.6782471497686,2772.902259762475,0.9997160542362933,0.9993726854932349,-0.0003115828423144827,-0.3115828423144827,0.2535726649952635,0.014896632189961921,0.18045182609596566,-0.8138210150202394,-0.04780953944481529,-0.5791455805317881,28.057776830812678,0.003214665552417328,0
000372,32.65834862436168,2,2798.5743886005043,2811.2059239306122,0.9997563018798864,1.0000076196250356,-0.018475198321752265,-18.475198321752266,-1.6541541242366387,-15.250154404244865,10.297063552685279,0.08953376821341487,0.8254392801992112,-0.5573452243033168,28.128993772385627,0.0011798185940266137,1
000372,32.65834862436168,3,2834.900998297384,2846.566788581379,1.0003180137884267,0.9998790352869882,0.005697101147509091,5.697101147509091,-4.299093038269988,-0.2641957212017851,3.7289356596952157,-0.7546106216052798,-0.0463737108331485,0.6545321143412726,28.137665297567242,0.0009382782073639079,2
000372,32.65834862436168,4,2869.0592264031256,2875.751831132393,0.9994400695605816,0.9997839901241742,0.004763029583531261,4.763029583531261,0.40770117074830664,3.6647503681915667,3.0149353737359297,0.08559702676590164,0.7694158316511145,0.6329869090379842,24.503188789884803,0.003501258611740536,3
000372,32.65834862436168,5,2877.1583926076537,2884.3827511279114,0.9996570744536271,0.9988205038293357,-0.02665612676190927,-26.65612676190927,-3.160474983031055,23.047806024728704,13.013805334147644,0.1185646741276482,-0.8646344696133146,-0.4882106635516134,24.648424874504606,0.003708329692425451,4
000372,32.65834862436168,6,2904.4342455818605,2920.419747695074,0.9995097289821632,0.9997270192146475,-0.032768051605055394,-32.7680516050554,-28.50479666819452,1.5602341152254011,16.086871740712887,0.869895989293329,-0.04761449151846096,-0.49093159198489034,28.149854264219062,0.0007143761320573302,5
000372,32.65834862436168,7,2937.7002853231734,2949.15820684722,0.9998524424372229,0.9998071053973154,-0.008842693858495418,-8.842693858495418,-0.7890367963293987,7.080186869324603,-5.238473967154395,0.0892303645196706,-0.8006821204742347,0.5924070256171595,28.13207628590776,0.001246223926997528,6
000372,32.65834862436168,8,2969.468369204371,2979.433000494655,0.9991466276039128,0.9993825161951541,-0.006646833997935865,-6.646833997935865,-5.432456628344794,0.3109734825472886,-3.817343666795169,0.8172998799175385,-0.046785203699063284,0.5743100652100869,28.0579231763767,0.0031239019448423113,7
000373,32.73864895792212,1,2762.6782471497686,2772.902259762475,0.9994348244517871,0.9989114076797954,0.0016845954031886592,1.6845954031886592,-1.370959140921424,-0.08053973037730272,-0.9756259827408776,-0.8138210150202394,-0.04780953944481529,-0.5791455805317881,28.057776830812678,0.003214665552417328,0
000373,32.73864895792212,2,2798.5743886005043,2811.2059239306122,1.0002958260182757,1.0000219208007135,-0.0026490849738739033,-2.6490849738739035,-0.23718256002846624,-2.186658794021021,1.4764548589622968,0.08953376821341487,0.8254392801992112,-0.5573452243033168,28.128993772385627,0.0011798185940266137,1
000373,32.73864895792212,3,2834.900998297384,2846.566788581379,1.0003155141058826,0.9999803137215324,0.0017662545289977617,1.7662545289977618,-1.3328344280401416,-0.0819077767854811,1.1560703113297535,-0.7546106216052798,-0.0463737108331485,0.6545321143412726,28.137665297567242,0.0009382782073639079,2
000373,32.73864895792212,4,2869.0592264031256,2875.751831132393,0.999178807325945,0.9995238979284913,0.004749391494393796,4.749391494393796,0.40653379086737135,3.6542570064957323,3.0063026418476215,0.08559702676590164,0.7694158316511145,0.6329869090379842,24.503188789884803,0.003501258611740536,3
000373,32.73864895792212,5,2877.1583926076537,2884.3827511279114,0.9994184461835541,0.9987394942785893,-0.028380535776291564,-28.380535776291563,-3.364928975884071,24.538789498275555,13.855680203293607,0.1185646741276482,-0.8646344696133146,-0.4882106635516134,24.648424874504606,0.003708329692425451,4
000373,32.73864895792212,6,2904.4342455818605,2920.419747695074,0.9993449294364288,0.9998611584280902,-0.047633538582274856,-47.63353858227486,-41.43622416856994,2.268046718820009,23.38480892806989,0.869895989293329,-0.04761449151846096,-0.49093159198489034,28.149854264219062,0.0007143761320573302,5
000373,32.73864895792212,7,2937.7002853231734,2949.15820684722,1.0006205988216796,0.999823458073333,0.0126013453161905,12.601345316190502,1.1244226360019223,-10.089671888595477,7.465125497539138,0.0892303645196706,-0.8006821204742347,0.5924070256171595,28.13207628590776,0.001246223926997528,6
000373,32.73864895792212,8,2969.468369204371,2979.433000494655,0.9989823534313129,0.9990946297269299,-0.005236542925858506,-5.2365429258585054,-4.2798259044871925,0.24499272746517906,-3.0073993092252174,0.8172998799175385,-0.046785203699063284,0.5743100652100869,28.0579231763767,0.0031239019448423113,7
000374,32.855473103467375,1,2762.6782471497686,2772.902259762475,0.9994681237220604,0.9988979285338182,0.0022032240015211904,2.2032240015211904,-1.7930299932349287,-0.10533512480649113,-1.2759874434025589,-0.8138210150202394,-0.04780953944481529,-0.5791455805317881,28.057776830812678,0.003214665552417328,0
000374,32.855473103467375,2,2798.5743886005043,2811.2059239306122,0.9998894672609386,1.0001484864637586,-0.018707260037814755,-18.707260037814756,-1.6749314841337848,-15.44170726011328,10.426402041876338,0.08953376821341487,0.8254392801992112,-0.5573452243033168,28.128993772385627,0.0011798185940266137,1
000374,32.855473103467375,3,2834.900998297384,2846.566788581379,1.0003020183582276,1.0000726244658398,-0.002241421682673396,-2.241421682673396,1.6914006092417238,0.10394304096744521,-1.4670824730905907,-0.7546106216052798,-0.0463737108331485,0.6545321143412726,28.137665297567242,0.0009382782073639079,2
000374,32.855473103467375,4,2869.0592264031256,2875.751831132393,0.9995489068721267,0.9998509521259158,0.0052511323137362995,5.251132313736299,0.44948131321017704,4.040304336283456,3.3238980122214183,0.08559702676590164,0.7694158316511145,0.6329869090379842,24.503188789884803,0.003501258611740536,3
000374,32.855473103467375,5,2877.1583926076537,2884.3827511279114,0.9996486083475701,0.999166272663926,-0.030531592363148414,-30.531592363148413,-3.6199682991348845,26.398667169360756,14.90584896690006,0.1185646741276482,-0.8646344696133146,-0.4882106635516134,24.648424874504606,0.003708329692425451,4
000374,32.855473103467375,6,2904.4342455818605,2920.419747695074,0.999243952182887,0.9995137443018611,-0.03537884089194144,-35.37884089194144,-30.77591179774668,1.6845455195823253,17.36859068166095,0.869895989293329,-0.04761449151846096,-0.49093159198489034,28.149854264219062,0.0007143761320573302,5
000374,32.855473103467375,7,2937.7002853231734,2949.15820684722,0.9999611651161531,0.9997609936926608,-0.004426282300652377,-4.426282300652377,-0.3949587831541778,3.54404509830392,-2.6221607322713525,0.0892303645196706,-0.8006821204742347,0.5924070256171595,28.13207628590776,0.001246223926997528,6
000374,32.855473103467375,8,2969.468369204371,2979.433000494655,0.9995187329907416,0.9997225546985691,-0.006280983342389613,-6.280983342389613,-5.1334469314990905,0.29385708510412134,-3.607231952951248,0.8172998799175385,-0.046785203699063284,0.5743100652100869,28.0579231763767,0.0031239019448423113,7
000375,32.953240499366075,1,2762.6782471497686,2772.902259762475,0.9991828563151162,0.9996050229612498,-0.008799013108121957,-8.799013108121958,7.160821778828203,0.42067676426820344,5.095909554610104,-0.8138210150202394,-0.04780953944481529,-0.5791455805317881,28.057776830812678,0.003214665552417328,0
000375,32.953240499366075,2,2798.5743886005043,2811.2059239306122,0.9998634005696196,1.0000791861263232,-0.017404535990204386,-17.404535990204387,-1.5582936912089966,-14.366387659955574,9.700335015355613,0.08953376821341487,0.8254392801992112,-0.5573452243033168,28.128993772385627,0.0011798185940266137,1
000375,32.953240499366075,3,2834.900998297384,2846.566788581379,0.9998422638772126,1.0001630244068016,-0.02307984802882632,-23.07984802882632,17.41629846758802,1.070298198561804,-15.106501728982943,-0.7546106216052798,-0.0463737108331485,0.6545321143412726,28.137665297567242,0.0009382782073639079,2
000375,32.953240499366075,4,2869.0592264031256,2875.751831132393,0.9992450893523445,0.9995871456335039,0.004784759842954708,4.784759842954708,0.4095612163458055,3.681469973817853,3.0286903434809713,0.08559702676590164,0.7694158316511145,0.6329869090379842,24.503188789884803,0.003501258611740536,3
000375,32.953240499366075,5,2877.1583926076537,2884.3827511279114,0.9997997482985834,0.9988933602455851,-0.025892297415129623,-25.892297415129622,-3.069911805440992,22.387372842600797,12.640895701916158,0.1185646741276482,-0.8646344696133146,-0.4882106635516134,24.648424874504606,0.003708329692425451,4
000375,32.953240499366075,6,2904.4342455818605,2920.419747695074,0.999338017285258,0.9995883567823323,-0.03441150999674108,-34.41150999674108,-29.93443453169236,1.6384865508772624,16.893697385304066,0.869895989293329,-0.04761449151846096,-0.49093159198489034,28.149854264219062,0.0007143761320573302,5
000375,32.953240499366075,7,2937.7002853231734,2949.15820684722,1.000317818090271,1.0003599558547933,-0.011337777497927925,-11.337777497927926,-1.0116740189830278,9.077955728505994,-6.716579044656643,0.0892303645196706,-0.8006821204742347,0.5924070256171595,28.13207628590776,0.001246223926997528,6
000375,32.953240499366075,8,2969.468369204371,2979.433000494655,0.9993970969236852,0.9994208923902099,-0.004227066298242313,-4.227066298242312,-3.454780777956916,0.197764157812712,-2.427646721390903,0.8172998799175385,-0.046785203699063284,0.5743100652100869,28.0579231763767,0.0031239019448423113,7
000376,33.03306654142216,1,2762.6782471497686,2772.902259762475,0.9992190730314382,0.9993309423444081,-0.005358771136196299,-5.358771136196299,4.361080565320433,0.2562003800117146,3.1035086206093956,-0.8138210150202394,-0.04780953944481529,-0.5791455805317881,28.057776830812678,0.003214665552417328,0
000376,33.03306654142216,2,2798.5743886005043,2811.2059239306122,1.000104541590524,0.9997748065623716,-0.0009668110191502711,-0.9668110191502711,-0.08656223369477578,-0.7980437917360657,0.5388475043272262,0.08953376821341487,0.8254392801992112,-0.5573452243033168,28.128993772385627,0.0011798185940266137,1
000376,33.03306654142216,3,2834.900998297384,2846.566788581379,1.0002486763019411,1.0000575351547738,-0.003690336718113041,-3.690336718113041,2.7847672847880705,0.1711346078427244,-2.4154438947377614,-0.7546106216052798,-0.0463737108331485,0.6545321143412726,28.137665297567242,0.0009382782073639079,2
000376,33.03306654142216,4,2869.0592264031256,2875.751831132393,0.9996947200406932,0.9992212799108878,0.014290266226842874,14.290266226842874,1.2232043007109297,10.995157073442144,9.045551448259166,0.08559702676590164,0.7694158316511145,0.6329869090379842,24.503188789884803,0.003501258611740536,3
000376,33.03306654142216,5,2877.1583926076537,2884.3827511279114,0.9995726772287505,0.999116073491933,-0.030813109693417818,-30.813109693417818,-3.653346309659562,26.642076756905197,15.043288729512165,0.1185646741276482,-0.8646344696133146,-0.4882106635516134,24.648424874504606,0.003708329692425451,4
000376,33.03306654142216,6,2904.4342455818605,2920.419747695074,0.9997026543507469,1.000075180081266,-0.040487529938311166,-40.48752993831117,-35.21993990973047,1.9277931508511512,19.87660752815101,0.869895989293329,-0.04761449151846096,-0.49093159198489034,28.149854264219062,0.0007143761320573302,5
000376,33.03306654142216,7,2937.7002853231734,2949.15820684722,0.9997248366550539,0.9995743612187915,-0.00584378355133875,-5.84378355133875,-0.5214429364600118,4.679013005478365,-3.4618984319990704,0.0892303645196706,-0.8006821204742347,0.5924070256171595,28.13207628590776,0.001246223926997528,6
000376,33.03306654142216,8,2969.468369204371,2979.433000494655,0.9994184191557504,0.9995414664834744,-0.005359429490993514,-5.359429490993514,-4.380261079415513,0.2507420004468986,-3.0779743004613476,0.8172998799175385,-0.046785203699063284,0.5743100652100869,28.0579231763767,0.0031239019448423113,7
000377,33.1125108540291,1,2762.6782471497686,2772.902259762475,0.9996240301917934,0.9990290569334255,0.0024779365037544535,2.4779365037544534,-2.0165968006411528,-0.11846900301799623,-1.4350859749877825,-0.8138210150202394,-0.04780953944481529,-0.5791455805317881,28.057776830812678,0.003214665552417328,0
000377,33.1125108540291,2,2798.5743886005043,2811.2059239306122,0.9999740989194398,0.9997727778286349,-0.004836203014922102,-4.836203014922102,-0.43300347977105363,-3.991991935534555,2.6954346541281358,0.08953376821341487,0.8254392801992112,-0.5573452243033168,28.128993772385627,0.0011798185940266137,1
000377,33.1125108540291,3,2834.900998297384,2846.566788581379,1.000043701348063,1.0000212880980155,-0.010081312989901737,-10.081312989901738,7.607465861907132,0.46750789341216686,-6.59854310661652,-0.7546106216052798,-0.0463737108331485,0.6545321143412726,28.137665297567242,0.0009382782073639079,2
000377,33.1125108540291,4,2869.0592264031256,2875.751831132393,0.9995415511936013,0.999626127747046,0.007785968876627393,7.785968876627393,0.666455786331152,5.990647718419959,4.928416373082319,0.08559702676590164,0.7694158316511145,0.6329869090379842,24.503188789884803,0.003501258611740536,3
000377,33.1125108540291,5,2877.1583926076537,2884.3827511279114,0.999646958192427,0.9987203219274754,-0.025670774239668792,-25.67077423966879,-3.043646982330756,22.195836269279166,12.532745725432365,0.1185646741276482,-0.8646344696133146,-0.4882106635516134,24.648424874504606,0.003708329692425451,4
000377,33.1125108540291,6,2904.4342455818605,2920.419747695074,0.9994714402011368,0.99985312557533,-0.040943016420324094,-40.94301642032409,-35.61616577361084,1.9494809080857292,20.100220231893214,0.869895989293329,-0.04761449151846096,-0.49093159198489034,28.149854264219062,0.0007143761320573302,5
000377,33.1125108540291,7,2937.7002853231734,2949.15820684722,1.0002384792301724,0.9999913912620119,-0.0030880603545331716,-3.0880603545331717,-0.2755487510937381,2.472554712820037,-1.8293886495552674,0.0892303645196706,-0.8006821204742347,0.5924070256171595,28.13207628590776,0.001246223926997528,6
000377,33.1125108540291,8,2969.468369204371,2979.433000494655,0.9995702501633046,0.999448627591265,-0.002567993788743207,-2.5679937887432067,-2.0988210151688076,0.12014411250428021,-1.4748246802722091,0.8172998799175385,-0.046785203699063284,0.5743100652100869,28.0579231763767,0.0031239019448423113,7
000378,33.20946881186683,1,2762.6782471497686,2772.902259762475,0.9994921635349556,0.9992970612917096,-0.0019554017900459877,-1.9554017900459877,1.5913470695476186,0.09348685901166608,1.1324623048690812,-0.8138210150202394,-0.04780953944481529,-0.5791455805317881,28.057776830812678,0.003214665552417328,0
000378,33.20946881186683,2,2798.5743886005043,2811.2059239306122,1.0000051619645087,0.9999637545287429,-0.00965475020382523,-9.654750203825229,-0.8644261669077081,-7.969410058748684,5.381028917943466,0.08953376821341487,0.8254392801992112,-0.5573452243033168,28.128993772385627,0.0011798185940266137,1
000378,33.20946881186683,3,2834.900998297384,2846.566788581379,1.0005152507722164,1.0000744939484825,0.005764459395834508,5.764459395834508,-4.349922287909073,-0.2673193731318554,3.773023796389975,-0.7546106216052798,-0.0463737108331485,0.6545321143412726,28.137665297567242,0.0009382782073639079,2
000378,33.20946881186683,4,2869.0592264031256,2875.751831132393,0.999516707541773,0.9994002655531887,0.010129060776045066,10.129060776045065,0.8670174863605739,7.793459720845397,6.411562872086651,0.08559702676590164,0.7694158316511145,0.6329869090379842,24.503188789884803,0.003501258611740536,3
000378,33.20946881186683,5,2877.1583926076537,2884.3827511279114,0.9998242273301737,0.9990799231645427,-0.02766555707398679,-27.66555707398679,-3.2801577590370963,23.92059426722345,13.506619976616122,0.1185646741276482,-0.8646344696133146,-0.4882106635516134,24.648424874504606,0.003708329692425451,4
000378,33.20946881186683,6,2904.4342455818605,2920.419747695074,0.9995165130130854,1.0003675271806565,-0.06428157942633088,-64.28157942633088,-55.918288128405806,3.0607347183883062,31.55785812307179,0.869895989293329,-0.04761449151846096,-0.49093159198489034,28.149854264219062,0.0007143761320573302,5
000378,33.20946881186683,7,2937.7002853231734,2949.15820684722,1.000014445047106,1.0000831179093053,-0.012094650159901412,-12.094650159901411,-1.0792100425058955,9.683970136423904,-7.164955727107298,0.0892303645196706,-0.8006821204742347,0.5924070256171595,28.13207628590776,0.001246223926997528,6
000378,33.20946881186683,8,2969.468369204371,2979.433000494655,0.9996033568775746,0.9993116540826474,-0.0006275507392566107,-0.6275507392566108,-0.5128971438365905,0.029360089167618283,-0.36040870598510233,0.8172998799175385,-0.046785203699063284,0.5743100652100869,28.0579231763767,0.0031239019448423113,7
000379,33.289803957915865,1,2762.6782471497686,2772.902259762475,0.9996394477703255,0.9993504777030671,-0.0009146966551082559,-0.9146966551082559,0.7443993602958187,0.04373122581243877,0.5297425253331557,-0.8138210150202394,-0.04780953944481529,-0.5791455805317881,28.057776830812678,0.003214665552417328,0
000379,33.289803957915865,2,2798.5743886005043,2811.2059239306122,0.9998910711488264,0.9998723531216772,-0.010338431569755509,-10.338431569755508,-0.9256387358567406,-8.533747513327787,5.762075462189875,0.08953376821341487,0.8254392801992112,-0.5573452243033168,28.128993772385627,0.0011798185940266137,1
000379,33.289803957915865,3,2834.900998297384,2846.566788581379,0.9999359852317061,1.0000261564756252,-0.014345722383924502,-14.345722383924501,10.825434485510046,0.6652643815247405,-9.389736003703025,-0.7546106216052798,-0.0463737108331485,0.6545321143412726,28.137665297567242,0.0009382782073639079,2
000379,33.289803957915865,4,2869.0592264031256,2875.751831132393,0.999275065454928,0.9995163370051512,0.0059595165806076746,5.959516580607675,0.5101169002621098,4.58534640610686,3.7722959797194684,0.08559702676590164,0.7694158316511145,0.6329869090379842,24.503188789884803,0.003501258611740536,3
000379,33.289803957915865,5,2877.1583926076537,2884.3827511279114,0.9996451267724298,0.9990865609870325,-0.02969760592300902,-29.697605923009018,-3.521086968632879,25.67757374602613,14.498687893566558,0.1185646741276482,-0.8646344696133146,-0.4882106635516134,24.648424874504606,0.003708329692425451,4
000379,33.289803957915865,6,2904.4342455818605,2920.419747695074,0.9996753490930089,1.0002343539771215,-0.04976067818077381,-49.76067818077381,-43.286614373971204,2.3693293891913196,24.429088957535082,0.869895989293329,-0.04761449151846096,-0.49093159198489034,28.149854264219062,0.0007143761320573302,5
000379,33.289803957915865,7,2937.7002853231734,2949.15820684722,1.0001314426299692,0.9996111872278073,0.004703618630578464,4.703618630578464,0.4197056049680302,-3.766103339033681,2.786456722578445,0.0892303645196706,-0.8006821204742347,0.5924070256171595,28.13207628590776,0.001246223926997528,6
000379,33.289803957915865,8,2969.468369204371,2979.433000494655,0.9995046328299001,0.998873785951948,0.0032417396903267628,3.241739690326763,2.649473459627982,-0.1516654517512759,1.86176373294569,0.8172998799175385,-0.046785203699063284,0.5743100652100869,28.0579231763767,0.0031239019448423113,7
000380,33.37013006245252,1,2762.6782471497686,2772.902259762475,0.99939190272914,0.9996147381141879,-0.006589043194064437,-6.589043194064438,5.362301820205721,0.31501912049021547,3.8160152457754757,-0.8138210150202394,-0.04780953944481529,-0.5791455805317881,28.057776830812678,0.003214665552417328,0
000380,33.37013006245252,2,2798.5743886005043,2811.2059239306122,0.9999859849295281,1.0000270631389463,-0.012140222589718702,-12.140222589718702,-1.0869598754071375,-10.02101659591561,6.766295082358964,0.08953376821341487,0.8254392801992112,-0.5573452243033168,28.128993772385627,0.0011798185940266137,1
000380,33.37013006245252,3,2834.900998297384,2846.566788581379,0.9999579371097397,1.0002573231830267,-0.022270238916286905,-22.270238916286907,16.805358831917353,1.0327536196890195,-14.57658656476256,-0.7546106216052798,-0.0463737108331485,0.6545321143412726,28.137665297567242,0.0009382782073639079,2
000380,33.37013006245252,4,2869.0592264031256,2875.751831132393,0.9993564442459189,0.9993817604801825,0.008476712986242809,8.47671298624281,0.7255814283702917,6.522117171977813,5.365648351963976,0.08559702676590164,0.7694158316511145,0.6329869090379842,24.503188789884803,0.003501258611740536,3
000380,33.37013006245252,5,2877.1583926076537,2884.3827511279114,0.9993726167028609,0.9992337122223619,-0.034288860948085344,-34.28886094808534,-4.065447624517981,29.647331099492465,16.74018755589375,0.1185646741276482,-0.8646344696133146,-0.4882106635516134,24.648424874504606,0.003708329692425451,4
000380,33.37013006245252,6,2904.4342455818605,2920.419747695074,0.9995729878303967,0.9998938878779341,-0.037920312090191706,-37.92031209019171,-32.986727400009094,1.8055563783958253,18.6162791830017,0.869895989293329,-0.04761449151846096,-0.49093159198489034,28.149854264219062,0.0007143761320573302,5
000380,33.37013006245252,7,2937.7002853231734,2949.15820684722,1.0003051008353543,1.0000835741694658,-0.0038171570071897083,-3.8171570071897083,-0.34060631118035256,3.0563293666997393,-2.2613106289429536,0.0892303645196706,-0.8006821204742347,0.5924070256171595,28.13207628590776,0.001246223926997528,6
000380,33.37013006245252,8,2969.468369204371,2979.433000494655,0.9995895888226598,0.9988378873676147,0.004620567987569576,4.620567987569577,3.776389661391437,-0.21617421450381355,2.6536387022487236,0.8172998799175385,-0.046785203699063284,0.5743100652100869,28.0579231763767,0.0031239019448423113,7
000381,33.45045510341879,1,2762.6782471497686,2772.902259762475,0.9994796478097006,0.9992045625525428,-0.001068636445674729,-1.068636445674729,0.869678796906629,0.051091016301653164,0.6188960747077176,-0.8138210150202394,-0.04780953944481529,-0.5791455805317881,28.057776830812678,0.003214665552417328,0
000381,33.45045510341879,2,2798.5743886005043,2811.2059239306122,0.9998824480394821,0.9999420034229745,-0.012696980142236348,-12.696980142236347,-1.1368084770653204,-10.480586149311248,7.076601245349476,0.08953376821341487,0.8254392801992112,-0.5573452243033168,28.128993772385627,0.0011798185940266137,1
000381,33.45045510341879,3,2834.900998297384,2846.566788581379,1.000253284487279,0.9999260636368706,0.0014640104250092626,1.4640104250092625,-1.1047578168528496,-0.06789159610609438,0.9582418388989777,-0.7546106216052798,-0.0463737108331485,0.6545321143412726,28.137665297567242,0.0009382782073639079,2
000381,33.45045510341879,4,2869.0592264031256,2875.751831132393,0.9996636193805066,0.9992189059788573,0.01395542465770321,13.95542465770321,1.1945428579549453,10.737524669051187,8.833601118392023,0.08559702676590164,0.7694158316511145,0.6329869090379842,24.503188789884803,0.003501258611740536,3
000381,33.45045510341879,5,2877.1583926076537,2884.3827511279114,0.9997495134461314,0.9990606412039746,-0.028272003496924086,-28.272003496924086,-3.352060881548535,24.444948748468732,13.802693587166843,0.1185646741276482,-0.8646344696133146,-0.4882106635516134,24.648424874504606,0.003708329692425451,4
000381,33.45045510341879,6,2904.4342455818605,2920.419747695074,0.9992980006171007,1.0000755527989973,-0.06062849611799407,-60.62849611799407,-52.74048560992921,2.8867950141872716,29.76444411885657,0.869895989293329,-0.04761449151846096,-0.49093159198489034,28.149854264219062,0.0007143761320573302,5
000381,33.45045510341879,7,2937.7002853231734,2949.15820684722,1.0000556146972122,0.9998620563348434,-0.004614909651388636,-4.614909651388636,-0.411790070418754,3.6950756454708644,-2.7339049000710647,0.0892303645196706,-0.8006821204742347,0.5924070256171595,28.13207628590776,0.001246223926997528,6
000381,33.45045510341879,8,2969.468369204371,2979.433000494655,0.9996365474587898,0.9993986328771483,-0.0012412197646280505,-1.2412197646280505,-1.0144487645817812,0.05807071952342673,-0.7128450039635844,0.8172998799175385,-0.046785203699063284,0.5743100652100869,28.0579231763767,0.0031239019448423113,7
000382,33.551214540959336,1,2762.6782471497686,2772.902259762475,0.9997437366496266,0.999119396975851,0.002803519626950091,2.803519626950091,-2.281563188433686,-0.13403498218898421,-1.6236460018822727,-0.8138210150202394,-0.04780953944481529,-0.5791455805317881,28.057776830812678,0.003214665552417328,0
000382,33.551214540959336,2,2798.5743886005043,2811.2059239306122,0.999846776780271,0.9995951100041618,-0.0033191777156274882,-3.319177715627488,-0.2971784882501234,-2.739779664440816,1.849927848418973,0.08953376821341487,0.8254392801992112,-0.5573452243033168,28.128993772385627,0.0011798185940266137,1
000382,33.551214540959336,3,2834.900998297384,2846.566788581379,1.0003748032262252,1.00030858482073,-0.008422087018222878,-8.422087018222879,6.355396320034923,0.39056342799468163,-5.512526423203604,-0.7546106216052798,-0.0463737108331485,0.6545321143412726,28.137665297567242,0.0009382782073639079,2
000382,33.551214540959336,4,2869.0592264031256,2875.751831132393,0.999857755101506,0.9994462660085031,0.013568158847955685,13.568158847955685,1.1613940560724678,10.439556223974252,8.588466930503845,0.08559702676590164,0.7694158316511145,0.6329869090379842,24.503188789884803,0.003501258611740536,3
000382,33.551214540959336,5,2877.1583926076537,2884.3827511279114,0.9997734439193434,0.99912245061863,-0.02868641358957861,-28.68641358957861,-3.4011952791393267,24.803261999133483,14.005013013484193,0.1185646741276482,-0.8646344696133146,-0.4882106635516134,24.648424874504606,0.003708329692425451,4
000382,33.551214540959336,6,2904.4342455818605,2920.419747695074,0.9993388357123607,0.9998917199475046,-0.04945631340791484,-49.45631340791484,-43.021848678779016,2.3548372152955084,24.279666675051313,0.869895989293329,-0.04761449151846096,-0.49093159198489034,28.149854264219062,0.0007143761320573302,5
000382,33.551214540959336,7,2937.7002853231734,2949.15820684722,1.0002218155177447,1.0002403294810025,-0.010663945067886788,-10.663945067886788,-0.9515477056252816,8.53843014957635,-6.31739597901159,0.0892303645196706,-0.8006821204742347,0.5924070256171595,28.13207628590776,0.001246223926997528,6
000382,33.551214540959336,8,2969.468369204371,2979.433000494655,0.9993040098773096,0.9994745543576059,-0.005901323886558477,-5.901323886558477,-4.823151303838745,0.27609464012678614,-3.3891897061152423,0.8172998799175385,-0.046785203699063284,0.5743100652100869,28.0579231763767,0.0031239019448423113,7
000383,33.67218704149127,1,2762.6782471497686,2772.902259762475,0.9995588352311112,0.9994896966589096,-0.00335195104055587,-3.35195104055587,2.727888198123326,0.16025523549054552,1.9412676312968604,-0.8138210150202394,-0.04780953944481529,-0.5791455805317881,28.057776830812678,0.003214665552417328,0
000383,33.67218704149127,2,2798.5743886005043,2811.2059239306122,0.9998197104213671,1.000183612755244,-0.02186761752069556,-21.867617520695557,-1.9578901984775658,-18.0503904659546,12.187812192051206,0.08953376821341487,0.8254392801992112,-0.5573452243033168,28.128993772385627,0.0011798185940266137,1
000383,33.67218704149127,3,2834.900998297384,2846.566788581379,1.0002418058184932,1.000315643794715,-0.01372706045500622,-13.72706045500622,10.3585856227655,0.6365747321296062,-8.98480190330569,-0.7546106216052798,-0.0463737108331485,0.6545321143412726,28.137665297567242,0.0009382782073639079,2
000383,33.67218704149127,4,2869.0592264031256,2875.751831132393,0.9995029111817086,0.9994328886292952,0.009587991261910806,9.587991261910807,0.8207035446770103,7.377152270646722,6.069072952760123,0.08559702676590164,0.7694158316511145,0.6329869090379842,24.503188789884803,0.003501258611740536,3
000383,33.67218704149127,5,2877.1583926076537,2884.3827511279114,0.99942704066497,0.9989366017238398,-0.03044293963005528,-30.44293963005528,-3.6094572167251715,26.322014960503004,14.862567757250996,0.1185646741276482,-0.8646344696133146,-0.4882106635516134,24.648424874504606,0.003708329692425451,4
000383,33.67218704149127,6,2904.4342455818605,2920.419747695074,0.9991529148841236,1.0002110756424947,-0.07458246833210469,-74.5824683321047,-64.8789900736946,3.551206305824882,36.61488991244283,0.869895989293329,-0.04761449151846096,-0.49093159198489034,28.149854264219062,0.0007143761320573302,5
000383,33.67218704149127,7,2937.7002853231734,2949.15820684722,1.0001613928360344,1.0001171598287155,-0.00887418468224864,-8.87418468224864,-0.7918467340119234,7.105401008862814,-5.257129352388275,0.0892303645196706,-0.8006821204742347,0.5924070256171595,28.13207628590776,0.001246223926997528,6
000383,33.67218704149127,8,2969.468369204371,2979.433000494655,0.9994741263652346,0.9991247956743183,2.9925176108608757e-05,0.02992517610860876,0.02445784284007713,-0.0014000554599716026,0.017186329842358426,0.8172998799175385,-0.046785203699063284,0.5743100652100869,28.0579231763767,0.0031239019448423113,7
000384,33.75265837437473,1,2762.6782471497686,2772.902259762475,0.9995260337017664,0.9989823538158741,0.0019092509431249325,1.9092509431249325,-1.5537885404622818,-0.09128040827538225,-1.105734245836953,-0.8138210150202394,-0.04780953944481529,-0.5791455805317881,28.057776830812678,0.003214665552417328,0
000384,33.75265837437473,2,2798.5743886005043,2811.2059239306122,0.9994801982727074,0.9998025591557657,-0.020615883007992133,-20.61588300799213,-1.8458176907524457,-17.017159630788175,11.490163939300313,0.08953376821341487,0.8254392801992112,-0.5573452243033168,28.128993772385627,0.0011798185940266137,1
000384,33.75265837437473,3,2834.900998297384,2846.566788581379,1.0005084364975554,1.0001426565744989,0.0029245283509940477,2.9245283509940476,-2.2068801568458825,-0.13562123207234258,1.9141977250271294,-0.7546106216052798,-0.0463737108331485,0.6545321143412726,28.137665297567242,0.0009382782073639079,2
000384,33.75265837437473,4,2869.0592264031256,2875.751831132393,0.999350027142958,0.9996728122559856,0.0050093864743403285,5.009386474340329,0.42878858812485476,3.854301260216408,3.1708760605693698,0.08559702676590164,0.7694158316511145,0.6329869090379842,24.503188789884803,0.003501258611740536,3
000384,33.75265837437473,5,2877.1583926076537,2884.3827511279114,0.9998487529529868,0.9990969116496767,-0.027583097907892797,-27.583097907892796,-3.2703810148803245,23.849297229883014,13.466362532421462,0.1185646741276482,-0.8646344696133146,-0.4882106635516134,24.648424874504606,0.003708329692425451,4
000384,33.75265837437473,6,2904.4342455818605,2920.419747695074,0.9997250892432191,0.9998803892834112,-0.029685432279369726,-29.685432279369728,-25.82323848026245,1.413456763487897,14.57351652767063,0.869895989293329,-0.04761449151846096,-0.49093159198489034,28.149854264219062,0.0007143761320573302,5
000384,33.75265837437473,7,2937.7002853231734,2949.15820684722,1.0007313420474278,1.0002035769397792,0.004917821376370701,4.917821376370702,0.4388189940561859,-3.937611647746013,2.9133519340922525,0.0892303645196706,-0.8006821204742347,0.5924070256171595,28.13207628590776,0.001246223926997528,6
000384,33.75265837437473,8,2969.468369204371,2979.433000494655,0.9989980593754727,0.9995544197770607,-0.010303092711536609,-10.303092711536609,-8.420716435918136,0.48203229123957453,-5.917169847028161,0.8172998799175385,-0.046785203699063284,0.5743100652100869,28.0579231763767,0.0031239019448423113,7
000385,33.85007574991323,1,2762.6782471497686,2772.902259762475,0.9995860682966776,0.9991854238954997,0.0003234278457358805,0.3234278457358805,-0.2632123777025837,-0.015462936348261213,-0.18731180747885212,-0.8138210150202394,-0.04780953944481529,-0.5791455805317881,28.057776830812678,0.003214665552417328,0
000385,33.85007574991323,2,2798.5743886005043,2811.2059239306122,0.9997537015424345,0.9999238086029031,-0.0160281432764457,-16.0281432764457,-1.4350600650046934,-13.230259049039166,8.933209109576328,0.08953376821341487,0.8254392801992112,-0.5573452243033168,28.128993772385627,0.0011798185940266137,1
000385,33.85007574991323,3,2834.900998297384,2846.566788581379,1.0002112019724279,1.0005606881182205,-0.024167900062213452,-24.16790006221345,18.237354088841176,1.1207552089295183,-15.818666726909143,-0.7546106216052798,-0.0463737108331485,0.6545321143412726,28.137665297567242,0.0009382782073639079,2
000385,33.85007574991323,4,2869.0592264031256,2875.751831132393,0.9993472867676214,0.9991047486087874,0.011598850140138717,11.598850140138717,0.9928270858991358,8.924338926771478,7.341920298601196,0.08559702676590164,0.7694158316511145,0.6329869090379842,24.503188789884803,0.003501258611740536,3
000385,33.85007574991323,5,2877.1583926076537,2884.3827511279114,0.9996359024676014,0.9987660946978103,-0.026292499690473915,-26.292499690473914,-3.117361657802331,22.73340152468115,12.836278720316859,0.1185646741276482,-0.8646344696133146,-0.4882106635516134,24.648424874504606,0.003708329692425451,4
000385,33.85007574991323,6,2904.4342455818605,2920.419747695074,0.9994780049736096,1.0001148330235308,-0.053630632217643144,-53.63063221764315,-46.653071869393365,2.5535952828566684,26.3289716537637,0.869895989293329,-0.04761449151846096,-0.49093159198489034,28.149854264219062,0.0007143761320573302,5
000385,33.85007574991323,7,2937.7002853231734,2949.15820684722,1.0004584057194472,0.9999058603058192,0.005624641316496794,5.624641316496794,0.5018887949634089,-4.503549736199644,3.33207703246925,0.0892303645196706,-0.8006821204742347,0.5924070256171595,28.13207628590776,0.001246223926997528,6
000385,33.85007574991323,8,2969.468369204371,2979.433000494655,0.9994702980925891,0.9991785768320843,-0.0006273400657218278,-0.6273400657218278,-0.5127249603819106,0.02935023276337946,-0.3602877140536031,0.8172998799175385,-0.046785203699063284,0.5743100652100869,28.0579231763767,0.0031239019448423113,7
000386,33.93139854143374,1,2762.6782471497686,2772.902259762475,0.9990514245992961,0.9992762006385492,-0.006610559073629804,-6.610559073629804,5.379811895152661,0.3160477847829857,3.828476072337012,-0.8138210150202394,-0.04780953944481529,-0.5791455805317881,28.057776830812678,0.003214665552417328,0
000386,33.93139854143374,2,2798.5743886005043,2811.2059239306122,0.999967523718018,1.0000866308698086,-0.014491404800081,-14.491404800081002,-1.29747007845722,-11.961774747254255,8.076715258771307,0.08953376821341487,0.8254392801992112,-0.5573452243033168,28.128993772385627,0.0011798185940266137,1
000386,33.93139854143374,3,2834.900998297384,2846.566788581379,1.00002181189027,1.0001380696971955,-0.015333813908995202,-15.333813908995202,11.571058845446554,0.7110858521850539,-10.036473638770245,-0.7546106216052798,-0.0463737108331485,0.6545321143412726,28.137665297567242,0.0009382782073639079,2
000386,33.93139854143374,4,2869.0592264031256,2875.751831132393,0.9993515992369436,0.9998852312177724,0.0025517346429416474,2.551734642941647,0.21842089853135466,1.963345032451907,1.6152146243207777,0.08559702676590164,0.7694158316511145,0.6329869090379842,24.503188789884803,0.003501258611740536,3
000386,33.93139854143374,5,2877.1583926076537,2884.3827511279114,0.9995060224360555,0.9987538066945203,-0.0275790014106402,-27.579001410640203,-3.269895315018506,23.845755257153748,13.464362578779536,0.1185646741276482,-0.8646344696133146,-0.4882106635516134,24.648424874504606,0.003708329692425451,4
000386,33.93139854143374,6,2904.4342455818605,2920.419747695074,0.9994307381331192,1.0001749476772561,-0.05897044900236757,-58.97044900236757,-51.298157073986346,2.807847943863065,28.9504564087961,0.869895989293329,-0.04761449151846096,-0.49093159198489034,28.149854264219062,0.0007143761320573302,5
000386,33.93139854143374,7,2937.7002853231734,2949.15820684722,1.0001440979591745,0.9998323361329786,-0.0012433384813638668,-1.2433384813638668,-0.11094354591343152,0.9955188917256356,-0.7365624515801245,0.0892303645196706,-0.8006821204742347,0.5924070256171595,28.13207628590776,0.001246223926997528,6
000386,33.93139854143374,8,2969.468369204371,2979.433000494655,0.9990733174503359,0.9994093701498854,-0.0077896050060811805,-7.789605006081181,-6.366443236075206,0.3644382569447511,-4.473648559003302,0.8172998799175385,-0.046785203699063284,0.5743100652100869,28.0579231763767,0.0031239019448423113,7
000387,34.012412165873684,1,2762.6782471497686,2772.902259762475,0.9995340751811959,0.9992689955085342,-0.0011795675690149294,-1.1795675690149294,0.9599568763006862,0.05639458221864415,0.6831413445336213,-0.8138210150202394,-0.04780953944481529,-0.5791455805317881,28.057776830812678,0.003214665552417328,0
000387,34.012412165873684,2,2798.5743886005043,2811.2059239306122,1.0000586447042041,0.9999186153641476,-0.006683057138788254,-6.6830571387882545,-0.5983592888212751,-5.516457874171577,3.7247699800498224,0.08953376821341487,0.8254392801992112,-0.5573452243033168,28.128993772385627,0.0011798185940266137,1
000387,34.012412165873684,3,2834.900998297384,2846.566788581379,1.0000540270669336,1.0001877848149179,-0.015996666406851268,-15.996666406851269,12.071254380886334,0.7418247822456614,-10.470331885688367,-0.7546106216052798,-0.0463737108331485,0.6545321143412726,28.137665297567242,0.0009382782073639079,2
000387,34.012412165873684,4,2869.0592264031256,2875.751831132393,0.9996263770484219,0.9996794019728585,0.008153737767974309,8.153737767974308,0.69793570996744,6.273614925811055,5.161209266856329,0.08559702676590164,0.7694158316511145,0.6329869090379842,24.503188789884803,0.003501258611740536,3
000387,34.012412165873684,5,2877.1583926076537,2884.3827511279114,0.9998364489974806,0.9991992289216999,-0.028837097932989778,-28.837097932989778,-3.4190611192120106,24.93354887647783,14.0785787167678,0.1185646741276482,-0.8646344696133146,-0.4882106635516134,24.648424874504606,0.003708329692425451,4
000387,34.012412165873684,6,2904.4342455818605,2920.419747695074,0.999356925558602,1.0002162281119338,-0.06469374040180088,-64.69374040180088,-56.276825307910386,3.080359553659063,31.76020096691333,0.869895989293329,-0.04761449151846096,-0.49093159198489034,28.149854264219062,0.0007143761320573302,5
000387,34.012412165873684,7,2937.7002853231734,2949.15820684722,1.0000902273842285,0.9998144604366914,-0.002270036779580256,-2.2700367795802556,-0.20255620931500537,1.8175778622288221,-1.344785736632695,0.0892303645196706,-0.8006821204742347,0.5924070256171595,28.13207628590776,0.001246223926997528,6
000387,34.012412165873684,8,2969.468369204371,2979.433000494655,0.9993612873675922,0.9991827340801414,-0.0019184719975172224,-1.9184719975172224,-1.567966933195986,0.08975610319479208,-1.1017977779978416,0.8172998799175385,-0.046785203699063284,0.5743100652100869,28.0579231763767,0.0031239019448423113,7
