time_s,peak_01,peak_02,peak_03,peak_04,peak_05,peak_06,peak_07,peak_08,peak_09,peak_10,peak_11,peak_12,peak_13,peak_14,peak_15,peak_16
0.0066327503882348,1.0364657214263977,1.0565719302537988,1.0501749325972698,1.1097412676488712,1.0936489979955764,1.0676074020421824,1.0671843561146115,1.0840203264853399,1.072881367681488,1.1060628394154413,1.078491481402458,1.1043626077247084,1.0837175116074234,1.1182606190105242,1.0480115658090121,1.0587589411975975
0.0758101041428744,1.0364657214263977,1.0565719302537988,1.0501749325972698,1.1097412676488712,1.0936489979955764,1.0676074020421824,1.0671843561146115,1.0840203264853399,1.072881367681488,1.1060628394154413,1.078491481402458,1.1043626077247084,1.0837175116074234,1.1182606190105242,1.0480115658090121,1.0587589411975975
0.144606729503721,1.0364657214263977,1.0565719302537988,1.0501749325972698,1.1097412676488712,1.0936489979955764,1.0676074020421824,1.0671843561146115,1.0840203264853399,1.072881367681488,1.1060628394154413,1.078491481402458,1.1043626077247084,1.0837175116074234,1.1182606190105242,1.0480115658090121,1.0587589411975975
0.2126524369232356,1.0364657214263977,1.0565719302537988,1.0501749325972698,1.1097412676488712,1.0936489979955764,1.0676074020421824,1.0671843561146115,1.0840203264853399,1.072881367681488,1.1060628394154413,1.078491481402458,1.1043626077247084,1.0837175116074234,1.1182606190105242,1.0480115658090121,1.0587589411975975
0.2787648956291377,0.9992159597849003,1.0178639603668709,1.0028666881649588,1.0019602146533324,1.018813490868582,0.9831861944565934,0.9728793480886316,0.9983302571667895,1.024571301179967,0.979583128875493,0.9925251377835639,0.9937015098304809,1.0112768672072827,1.0196591701094466,0.9942043713868702,0.9719102075304408
0.3478410416282713,1.014142322246436,1.0246210198758765,1.0092042259312113,1.0222344561706438,1.020528899314746,1.0034325301729259,0.9931669818628553,1.007436135682214,1.0256594786978745,1.0058385576785878,1.0047856025770243,1.013017925333311,1.0258351934892171,1.0362528564476647,1.0092996372567618,0.988927295692361
0.4162569791078567,1.0028153602521752,1.0273086339267399,1.012112472448689,1.0170113940303684,1.017022936678987,1.0074406224851342,0.997325601826728,1.0121004912674405,1.0275946582787876,1.0058385576785878,1.0047856025770243,1.0144169453987315,1.0193199042462484,1.0309317182720106,1.0082254159923547,0.988927295692361
0.4794713333249092,0.9930474212353647,1.0273086339267399,1.0149981042898686,1.0135669852255298,1.010539705623306,1.0114487147973428,0.997325601826728,1.0167648468526673,1.0295265243381055,1.0058385576785878,1.0047856025770243,1.0144169453987315,1.0155194339000624,1.0297320202063462,1.0117133075956262,0.988927295692361
0.5465867081657052,1.0008863446283354,1.0202994072900664,1.0191121554276863,1.0129194074213184,1.0162485728542254,1.0245694903201705,1.0044407619589357,1.020671360344766,1.0274799624667657,1.009733995755602,1.0115856817781492,1.0140848324940608,1.015371656875094,1.0256904468934993,1.0147183888034783,1.0056541755828414
0.6288954582996666,1.0088626325043486,1.0201193938577324,1.0191121554276863,1.0080634291557342,1.024174963565826,1.0245694903201705,1.011193126613585,1.020671360344766,1.0274799624667657,1.0159117055095261,1.0115856817781492,1.0160020436888986,1.0155194339000624,1.0256904468934993,1.0219338119398207,1.016049325468579
0.6995962085202336,1.0044268507074305,1.0159664589747692,1.0150811762583871,1.020443099870838,1.0240808605832266,1.0245694903201705,1.0119378675690878,1.0214561447715418,1.0278689279729052,1.0093340657373713,1.0171095098642182,1.017064477694906,1.0233466195663232,1.0272854583427804,1.0166645997590766,1.020849658812138
0.7712562293745577,1.0032962982401528,1.0116511792014249,1.0130506102634471,1.0303729558813364,1.0257968556738035,1.0245694903201705,1.0126826085245904,1.023204595644609,1.028257893479045,1.0124173723218837,1.0134508866927572,1.0160020436888986,1.0227488028082876,1.0288804697920613,1.017022104802065,1.0127880635157702
0.8441604375839233,1.0044268507074305,1.0159664589747692,1.0102764732294471,1.0114007454757306,1.0207483997200706,1.0156210104457521,0.9988769314288477,1.0132899535776547,1.0191743154484434,1.0098226924910478,1.0113499903863066,1.0160020436888986,1.014112518318896,1.0198589120535824,1.0169808433822023,1.0106316358944942
0.914357999805361,1.00201637899676,1.0159664589747692,1.0133750215700732,1.0283516529845753,1.024174963565826,1.0174150270467066,0.9959975334958716,1.0167648468526673,1.0183025208073218,1.0098226924910478,1.0163308204285877,1.019900257771437,1.0178036464841946,1.0306974999367051,1.0151912269245034,1.0134203867644185
0.987136770505458,0.9985520166721291,1.0068414287061984,1.0092712146556049,1.0269379184077738,1.0229510738632104,1.0170034001018264,1.0118612757959178,1.023204595644609,1.0211127350189502,1.024760191713751,1.0163308204285877,1.0160020436888986,1.0213318715529551,1.0277236198134678,1.021001089318652,1.0085182300086646
1.0672937287017703,1.0018529393312545,1.0116511792014249,1.006975183653244,1.0269379184077738,1.0339081618627575,1.0191716268205302,1.0118718445659018,1.0274761416744969,1.0251925644908537,1.024760191713751,1.0187255057510631,1.0190208619042826,1.0176359724774142,1.0329126395255506,1.0270104026090132,1.0113711495850848
1.1457290411926806,1.0083549569602879,1.001826350150529,1.0092712146556049,1.0202942186434871,1.0235843773433706,1.0195841313441283,1.0121255938260731,1.02790641028175,1.0252577215080656,1.020225793351141,1.0199998403468833,1.0187764057723467,1.0241194713279373,1.031369073839728,1.0249282481093493,1.0067186279903062
1.261078874580562,1.0060769946482582,1.0012370213238406,1.005763690458978,1.0229518373888444,1.0235843773433706,1.0255800639822263,1.011193126613585,1.0284471496290521,1.0252577215080656,1.0282374095931432,1.013538301146236,1.0249278715206378,1.0302530404624064,1.0308144357626627,1.0195000400899352,1.0140115702939037
1.336148853879422,1.0085679936446383,1.007206476126162,1.0077949962472181,1.0229518373888444,1.0239478872957313,1.0240808418940177,1.010636931187869,1.0284471496290521,1.0252577215080656,1.0307621345819673,1.0155549461331137,1.0206561454783971,1.0278404757602957,1.0292652586497093,1.0219799428434033,1.0099324945096908
1.4101992496289313,1.006200508555143,1.0099886432234768,1.00760588003643,1.0229518373888444,1.0220022039185168,1.0241883584881297,1.0103835551492084,1.0284471496290521,1.0302009751963819,1.034117505744946,1.0152375714393735,1.0209010526552287,1.0302530404624064,1.0292652586497093,1.0222626732391646,1.0094472672024786
1.488831603899598,1.0136365909419653,1.0042271590914316,1.00760588003643,1.023337758048561,1.0224526558931242,1.0273386057985254,1.0234925068125669,1.0307292566940425,1.0328535814595272,1.0326794452926982,1.012981743291462,1.0201449835724692,1.0294943730328219,1.0293436138341172,1.0207546793865383,1.010488462465991
1.5624674377031624,1.0114998842102054,1.0099886432234768,1.0102764732294471,1.025560840093446,1.025540611915753,1.0225194330840095,1.0126660678273751,1.0305118538592573,1.0315061318409204,1.0309921449792956,1.0150010291863802,1.0190208619042826,1.0279176953381426,1.0362160744896274,1.0244144746341854,1.0079036459993318
1.6367497285827994,1.011375719790241,1.015892938187723,1.0128747792438977,1.0249898740645387,1.0218478449537376,1.0286082013919184,1.0152496410904717,1.0305118538592573,1.0276376513302203,1.0348095496544212,1.0195195741223884,1.0193500782108138,1.0277483551326787,1.029113737676837,1.023686780589203,1.011990165083902
1.7105017290450633,1.0118783140708052,1.0207317665923463,1.0149102320993566,1.030413356150446,1.0234334480850282,1.0241883584881297,1.0155922932988808,1.0345747075834946,1.0287599522913506,1.0339586241839078,1.0195195741223884,1.0193500782108138,1.0287412223620283,1.0293436138341172,1.0230248774081638,1.0121082117365454
1.781453208066523,1.0156242436747513,1.0131082528338466,1.0052183933343852,1.0307357885258568,1.0241384573866448,1.0287335278747194,1.0146759517001216,1.0281229484244072,1.0283555176998016,1.0346792159785954,1.018553025158637,1.0163032891261357,1.0335845367761032,1.0326174814132532,1.0175709349780844,1.0144402079561423
1.8528404170647264,1.012567250142108,1.0169516691556046,1.00646292409027,1.0316715052170193,1.0262255949190398,1.0258051989327894,1.0158066576636098,1.0282946667059165,1.0307520658375042,1.0334597503595442,1.0190052454863312,1.0211994307186738,1.0301101883480095,1.0326174814132532,1.020262588701836,1.0126341836972401
1.927699541673064,1.009770548777577,1.0150453183143875,1.0031805524213766,1.031174151820962,1.0259021810034665,1.0258051989327894,1.0149566946860276,1.0288015601170548,1.0278633550596004,1.0313147292556575,1.0190052454863312,1.0164033325089106,1.0304962825810393,1.0286168072420765,1.020262588701836,1.0126341836972401
2.0019193328917027,1.0087282910540296,1.0198870363051697,1.0017258765793355,1.0280978624364814,1.023144891767513,1.0285169126832974,1.0183419784414687,1.0276022983795077,1.0297633888443165,1.0292840368730065,1.0234390180843214,1.0166247553553103,1.0264525570612801,1.0286168072420765,1.020262588701836,1.0083026006172673
2.077547041233629,1.0097526527587681,1.0114082080386662,1.0021623688768353,1.0303370701850934,1.029620147874728,1.023779663015972,1.0196562807427099,1.0282293762469132,1.0283568633200244,1.0283892042813065,1.0202920861938272,1.0235024561108035,1.0283523875260607,1.0293566100089264,1.020262588701836,1.0126341836972401
2.1501371250487864,1.009871957741935,1.0172515798495123,1.009109888957708,1.0303370701850934,1.0216381352918447,1.0250766628575354,1.018325807506283,1.027182105617155,1.027291746482242,1.0243284407146303,1.0147150109423697,1.0214836633340805,1.028970161073397,1.037745539298202,1.0171695777718952,1.018730555463202
2.222048833500594,1.0078434122025015,1.0137377221872208,1.009292560627636,1.0316715052170193,1.0210200964189875,1.0250766628575354,1.0187700497303447,1.0276022983795077,1.0257915107725903,1.0298835693093242,1.0174952132356578,1.0167118789721117,1.0269719018151717,1.0244144065158982,1.0182906808100072,1.0108090831417786
2.3023975621908903,1.0052084239975057,1.016813515465449,1.0052183933343852,1.0263157619994485,1.0234334480850282,1.0257516201255348,1.0196393976928961,1.0264957427417898,1.0267254514272122,1.0298835693093242,1.0200629411749176,1.0175175054606287,1.0279567618280907,1.0269963325315659,1.0201656411629414,1.0122217431517202
2.3733089375309646,1.0073660460611962,1.0065292097404777,1.0063346194134313,1.0245360339399532,1.0276220732301145,1.0251495963628225,1.0180413421189993,1.0316995644056057,1.0268390832645955,1.0323405019583496,1.0207148932939702,1.0212985986014862,1.0310857194559755,1.027438414316489,1.018385627113245,1.0060521175354773
2.4431376247666776,1.0059404571824968,1.0174219160942024,1.0060360509707225,1.0207074967720389,1.027955448875932,1.0280002553346919,1.0156287824447408,1.0217677532141989,1.0291173606858732,1.0265561217967922,1.019401733723337,1.024672343465784,1.0310857194559755,1.0291983343700188,1.0176381194582198,1.0078542527283614
2.5498548122122884,1.0095237950648768,1.0108165262313946,1.006394111476813,1.0245360339399532,1.0234334480850282,1.0266814432377989,1.0147628539461708,1.0255891818440033,1.023321877826234,1.0292894672653505,1.0202920861938272,1.0193172100672894,1.0269719018151717,1.026792665263179,1.0247595868564519,1.0106188931777487
2.623232875019312,1.0080855229385126,1.0141469674881278,1.0034812814793463,1.0252441747152512,1.0187815433253127,1.0274024703933886,1.0078849791906974,1.0206455762916093,1.022621261558925,1.031305999941314,1.0202920861938272,1.0151589775942458,1.0305891340539168,1.0277414054231298,1.0207635871247518,1.0151320994045476
2.6941996668465436,1.0071167094135096,1.0123092838716305,1.009292560627636,1.0252441747152512,1.01971234989243,1.0232220078040113,1.010123685131642,1.0251377072326397,1.0262240209535733,1.030118052223437,1.0187264265071532,1.0184228809360882,1.0269719018151717,1.0269265312503464,1.0194572909211634,1.0108283528161306
2.766350645571947,1.0070498912414507,1.014465969223913,1.0090561936005618,1.0278627766046786,1.0261658822067408,1.0232220078040113,1.0156287824447408,1.026694760215055,1.0266206829178934,1.030085265657352,1.015501457784671,1.0197213358370572,1.0292056456790986,1.0317771313147344,1.0212405573408148,1.0113454009144323
2.838767624925822,1.0062039860820546,1.0167452659992544,1.0051560677652414,1.0270201405562636,1.0307938090784714,1.0163114753078195,1.013377875726563,1.0200139289252066,1.0249772087994131,1.0292840368730065,1.014938356815679,1.0187580781489225,1.0268568618873881,1.0291524746655802,1.0225361269539213,1.0103547892643274
2.9099426665343344,1.005852122980813,1.0070648194231953,1.0055106666230975,1.0276581401528226,1.0263934139795055,1.019523864416946,1.0062129203231156,1.0228610908612663,1.0200796881821794,1.0281600609140948,1.0154889464925958,1.0187580781489225,1.026153937571158,1.0296645186368623,1.020268568822726,1.0065109635632759
2.985401208512485,1.0068216461211104,1.0120576512042891,1.0119747218004118,1.0215981749432963,1.0230739510226068,1.019523864416946,1.0076009679027735,1.0217677532141989,1.0249060629240394,1.031150706109092,1.0193093113260003,1.0214941989902546,1.0296033011836414,1.0289942304148734,1.0212405573408148,1.0074978064991025
3.063223000150174,1.0031777122221262,1.0136130531288745,1.0098781465630449,1.0268322628584425,1.026389095634119,1.0227308798314827,1.0042193811873246,1.024710856212372,1.0255764787918515,1.033458671697033,1.021684806107156,1.0233824478195555,1.026788457827807,1.0280395790266466,1.019970855117539,1.0103547892643274
3.134638541843742,1.0075564937901025,1.0122642489030094,1.011867032795126,1.0262557575199942,1.026314915967674,1.0241052893386877,1.0078849791906974,1.0228610908612663,1.0232174566223533,1.0277125326345036,1.0233595507498177,1.0225668276413449,1.026153937571158,1.027487935751029,1.018385627113245,1.0108283528161306
3.2038277913816273,1.016184936119144,1.015254523336078,1.011867032795126,1.0262557575199942,1.026314915967674,1.0241052893386877,1.0078849791906974,1.0228610908612663,1.0232174566223533,1.0315523503894637,1.0231605538825965,1.0225668276413449,1.026153937571158,1.027487935751029,1.018385627113245,1.0026876244263032
3.2711541247554123,1.0126633503500062,1.0124495964267959,1.0051560677652414,1.0247252941276481,1.0230739510226068,1.0227308798314827,1.0042193811873246,1.0217377131586833,1.022621261558925,1.0281128377093618,1.0201326922408827,1.0207165946025683,1.0237669182340319,1.0274778731160819,1.018773903305461,1.0026876244263032
3.339728291146457,1.0031405135138076,1.011492535559926,1.0037006741361465,1.0283058663301778,1.0199414371686373,1.0207987064326158,0.9996640930805782,1.0130608035046533,1.020232499229251,1.0271309165165978,1.0199978565681653,1.0175034722015033,1.023692749166591,1.028666848183952,1.0156547227094215,1.0054743028684998
3.409972374793142,1.0031405135138076,1.011492535559926,1.0093511640632615,1.0200412179701783,1.0141866689757377,1.0279816216450015,1.0143495231804511,1.0079663299933592,1.0211450313193673,1.0273762696529187,1.0199978565681653,1.0175034722015033,1.0255590604774198,1.02479920088733,1.0212825626784487,1.0054743028684998
3.479825770482421,1.0102122664318882,1.0089570748612195,1.007594312703723,1.0153314278594707,1.0178851990694395,1.0289713549876387,1.0089626916755854,1.0096398329179177,1.0221448630696965,1.0323962402366154,1.016459251690548,1.0167343186256486,1.0189879897144194,1.0267014171750155,1.022598158263943,1.0011943230399574
3.5490593537688255,1.0098780971385766,1.0062365490125507,1.0037006741361465,1.0175510357820996,1.015193065653814,1.0265912923553304,1.0088433879422276,1.0096398329179177,1.0226084376477578,1.0266047935566887,1.016459251690548,1.0124259556853659,1.0212875667209982,1.0296557360786818,1.0178702021491501,1.0028805087953487
3.658958187326789,1.0098609528153821,1.0066655193158,1.0037006741361465,1.0254745612145362,1.022432887899919,1.0239654253687396,1.009369292396442,1.014742764664439,1.0221628320360272,1.0266047935566887,1.0212548060361102,1.0167343186256486,1.025636182834007,1.0290287468233443,1.0205691436497044,1.0125542431562033
3.728171124588698,1.0053747591142757,1.0084164667076239,1.0030222036356968,1.0272105501081845,1.0219890523735309,1.0207241926324897,1.0089626916755854,1.0044386197884385,1.020473840803417,1.0180303809374844,1.0140855305859686,1.0177986983504783,1.0255264074233026,1.0314904477806242,1.0205691436497044,1.0158049529982356
3.796655895654112,1.002372620857917,1.0196967350008381,1.0022406354972992,1.0272105501081845,1.0219890523735309,1.0207241926324897,1.001355565118491,1.0044386197884385,1.0247573142067483,1.0187220144256335,1.0140855305859686,1.0177986983504783,1.0255264074233026,1.0314904477806242,1.0205691436497044,1.014652104745351
3.8658872293308377,1.0041749462429514,1.011633718060992,1.0068765305381515,1.0281594327856869,1.0241375698541886,1.015689627734092,1.00372961242395,1.006135121738066,1.0337423717729035,1.027875638447156,1.0105058147915993,1.0145067370954466,1.0268706779366474,1.0199571742811637,1.0193383552785762,1.014652104745351
3.936066812369973,1.0041749462429514,1.012641792074778,1.011073530109262,1.0251470056628287,1.017236150914668,1.0246047525242834,1.00372961242395,1.0093936484571133,1.0287045419293408,1.02379570916502,1.007249513808959,1.0149224339521201,1.0246748165207304,1.0273537509672466,1.0193383552785762,1.0135180684140648
4.004562229383737,1.0093323319420842,1.012641792074778,0.9982740777537554,1.023528225247488,1.0219890523735309,1.0199988404433236,1.0003185440087305,1.0101880637381104,1.0287045419293408,1.021066804060538,1.0092712462601092,1.0179804955585494,1.0211189558076428,1.0244203636225355,1.016587028601414,1.0031280796818571
4.077622874639928,1.0141968293921113,1.0141864729528167,1.002379882701895,1.026535895532544,1.0219890523735309,1.0199988404433236,1.0068132252927293,1.0101880637381104,1.0287045419293408,1.021066804060538,1.0092712462601092,1.0179804955585494,1.0211189558076428,1.0244203636225355,1.016587028601414,1.0031280796818571
4.150375478900969,1.0103062537958556,1.010110701534641,1.0055569102768371,1.0252127029885465,1.0176037426440039,1.0199196855292465,1.010580267565563,1.0093936484571133,1.0287045419293408,1.0164901059109601,1.0104782336957532,1.0179804955585494,1.0280870928022239,1.0254262907327318,1.0092619126323217,1.0017907318020591
4.218275312334299,1.0034468310719518,1.0112671364568218,1.010010866921251,1.0276039390503322,1.0184917376316764,1.0161873671510504,1.010580267565563,1.0252302588089128,1.026640817517395,1.0250082141428074,1.0104782336957532,1.0116456188789484,1.0280870928022239,1.0248062944033196,1.0058224318145612,1.0017907318020591
4.286419270560145,1.0054604171171093,1.0112671364568218,1.010010866921251,1.0276039390503322,1.0184917376316764,1.0151798954503681,1.0152536298015737,1.0252302588089128,1.026640817517395,1.0250082141428074,1.0104782336957532,1.0116456188789484,1.0280870928022239,1.0248062944033196,1.0058224318145612,1.0017907318020591
4.353377020452172,0.9991954317190668,1.0087638929887277,1.0177308617573146,1.028704752433358,1.0176037426440039,1.0151798954503681,1.0109932866027813,1.0239223400516921,1.0214503180996697,1.018537015522484,1.0116821251540744,1.0148662177711227,1.032524620959388,1.019162700949237,1.0083510239850002,1.0017907318020591
4.4220515000633895,1.0015836566891605,1.0087638929887277,1.0152319779697898,1.028704752433358,1.0184917376316764,1.0161873671510504,1.0160521521861714,1.0239223400516921,1.0222813241502693,1.0249752426866559,1.013010301229261,1.0148662177711227,1.0255264074233026,1.019162700949237,1.020119229140576,0.999435199905914
4.4895125408656895,1.0008597856595596,1.0099313039705928,1.0124530449690028,1.0272105501081845,1.0184917376316764,1.0145345219013224,1.0136824625914678,1.0307405344237506,1.0222813241502693,1.0222389192814865,1.0118324465602875,1.0135042792331814,1.0277240937846315,1.0262445534358826,1.020119229140576,0.9992914314879738
4.558356875088066,1.0008597856595596,1.0087638929887277,1.0124530449690028,1.0291403158364387,1.0118098385881458,1.0198979264226622,1.0184214664874607,1.0307405344237506,1.0222813241502693,1.0222389192814865,1.0191768731749042,1.0135042792331814,1.0308194934788573,1.0224019712978638,1.020119229140576,1.0181609335118753
4.626488958019763,1.0008597856595596,1.0087638929887277,1.0104899846901292,1.028669377022126,1.0080487707479375,1.0226424868704325,1.0138343643165908,1.0246049816283282,1.0194652187360793,1.0222389192814865,1.02274279268547,1.0173840653350437,1.0301891358659157,1.0234059164525755,1.0143284970798312,1.0164023959332542
4.742783437017351,1.0018054563711476,1.0060673890379181,1.0104899846901292,1.028704752433358,1.0080487707479375,1.0226424868704325,1.0139933032456265,1.0246049816283282,1.0194652187360793,1.0222389192814865,1.029303233377476,1.0173840653350437,1.030398990145773,1.0234059164525755,1.021256628292836,1.0164023959332542
4.810751145705581,0.9967587989197358,1.0079101735148588,1.0117133868551627,1.0308341844843443,1.0168261961923255,1.0213482731128944,1.0153690847483159,1.0264697899800852,1.0271320453105313,1.0188000172977605,1.0248104474890871,1.0131764827526248,1.0281188772875702,1.0208871169885285,1.0184422589976063,1.0164023959332542
4.8797147502191365,0.9984190941753386,1.0136936767035778,1.0117133868551627,1.0308341844843443,1.0175299457851321,1.0146365114812812,1.0153690847483159,1.0293766262611215,1.0299693290753202,1.0249752426866559,1.0263988342517127,1.0131764827526248,1.0281188772875702,1.0263150034739075,1.017052382116247,1.0181609335118753
4.948344749864191,1.0007996379658115,1.0087638929887277,1.0107732592305436,1.0282021420740688,1.0231400960862826,1.0113668871859396,1.0160521521861714,1.0293766262611215,1.0299693290753202,1.0249752426866559,1.02274279268547,1.0194556489832307,1.0306386603768305,1.0230849112493332,1.0178865913930246,1.0181609335118753
5.0226282915100455,1.0007996379658115,1.0087638929887277,1.0107732592305436,1.0282021420740688,1.0231400960862826,1.0113668871859396,1.0160521521861714,1.0293766262611215,1.0299693290753202,1.0249752426866559,1.02274279268547,1.0194556489832307,1.0306386603768305,1.0230849112493332,1.0178865913930246,1.0181609335118753
5.091585083398968,0.9984190941753386,1.0087638929887277,1.0126671497676356,1.0277088332737738,1.019861461671275,1.0176258019700068,1.0237915688556998,1.0293766262611215,1.0299693290753202,1.0208578055550013,1.024382808589719,1.0150192605946404,1.0306386603768305,1.0230849112493332,1.020119229140576,1.0181609335118753
5.161636520642787,1.0007996379658115,1.0087638929887277,1.0107732592305436,1.0299713667538,1.0206951259060462,1.0151490045053142,1.0172967500031658,1.0273299749404787,1.0299693290753202,1.0249752426866559,1.02274279268547,1.0150192605946404,1.0306386603768305,1.0272478732596018,1.020119229140576,1.0181609335118753
5.230477937031537,1.0007996379658115,1.01505296842994,1.0107732592305436,1.0299713667538,1.019861461671275,1.020085386169188,1.0179756075583357,1.0293766262611215,1.0299693290753202,1.0249752426866559,1.0248407635388685,1.0150192605946404,1.0306386603768305,1.0293852313075245,1.0151947271855624,1.0181609335118753
5.298093083314598,1.0034741578143178,1.01505296842994,1.0117133868551627,1.0299713667538,1.0199673341019755,1.0195704010369468,1.0153690847483159,1.0293766262611215,1.0155264104127362,1.0144726238232353,1.0283960778791772,1.0150192605946404,1.0361967870232671,1.0293852313075245,1.0151947271855624,1.0181609335118753
5.366109770722687,0.993773001250551,1.00796149631315,1.0160495011438666,1.0299713667538,1.0244030826540447,1.0100178253165835,1.015741449890521,1.0269798032978994,1.0131030229008782,1.0134594698581556,1.0251432874383672,1.0208255412621976,1.032885332338749,1.0229908764759013,1.0062546071676033,1.0151749641503434
5.435415874700993,1.0049568393656396,1.00796149631315,1.0160495011438666,1.0299713667538,1.028061162177047,1.0100178253165835,1.015741449890521,1.0269798032978994,1.0131030229008782,1.0134594698581556,1.0251432874383672,1.0208255412621976,1.032885332338749,1.0229908764759013,1.0062546071676033,1.0151749641503434
5.504896437283605,1.004412533937801,1.003781222250731,1.0131276814258208,1.0299713667538,1.0264799198049739,1.0151245861755869,1.0199735865592465,1.029185874159907,1.0146871707246439,1.0144726238232353,1.021662552648159,1.0208255412621976,1.0323498607258412,1.0187533003280598,1.018563782617775,1.0130050143778286
5.574328812304884,1.0099205043832022,1.00796149631315,1.0044338232400698,1.0299713667538,1.0236095738435262,1.0146222976892278,1.0148517463757394,1.029185874159907,1.0160682748037906,1.0207919298760937,1.024382808589719,1.0208255412621976,1.0323498607258412,1.0229908764759013,1.014892432429562,1.01528230602226
5.644985457882285,1.0124479653857603,1.00796149631315,1.0115691838829894,1.0282021420740688,1.0277066833897157,1.0146222976892278,1.0148517463757394,1.029185874159907,1.0160682748037906,1.0144726238232353,1.0176909942737442,1.0208255412621976,1.0323498607258412,1.0229908764759013,1.0188246434350796,1.0151749641503434
5.764045228715986,1.009581497018725,1.00983230103453,1.008222348265219,1.0282021420740688,1.0277066833897157,1.0075082910190845,1.0191833705207907,1.0285158883322065,1.0119400347677645,1.018584486316657,1.0179377862310248,1.017408245668939,1.0315551478589529,1.026483103038086,1.0110487419097356,1.0151749641503434
5.833082916215062,1.005214243116646,1.0099850669561825,1.0115691838829894,1.0282021420740688,1.0277066833897157,1.0108795975108613,1.0162981258429307,1.0220097165217144,1.0131030229008782,1.0167664961145404,1.0162790260050965,1.0202296314346955,1.0315551478589529,1.0303796322050225,1.0110487419097356,1.0170789386474228
5.9017807291820645,1.005214243116646,1.0099850669561825,1.006630619227099,1.0318160186628356,1.0352449938288792,1.0108795975108613,1.0162981258429307,1.0220097165217144,1.0119400347677645,1.018937738584844,1.0162790260050965,1.0202296314346955,1.0266881702951596,1.0311213027423298,1.0112623543457357,1.0170789386474228
5.970603083260357,1.0081230266843464,1.0057733657583365,1.006630619227099,1.0251577227871522,1.0304724722754293,1.0100178253165835,1.0156533296133625,1.0220097165217144,1.008253124800589,1.022576702501146,1.0153118539914334,1.022069468732288,1.0266881702951596,1.0311213027423298,1.0165022561464923,1.012596279863305
6.041543187573552,1.0068075714763896,1.0057733657583365,1.0098347007518957,1.0251577227871522,1.0304724722754293,1.0105178343601746,1.0215390584577988,1.0220097165217144,1.008253124800589,1.0301797330638105,1.0153118539914334,1.022069468732288,1.027479133629412,1.0301261860719024,1.0165022561464923,1.012596279863305
6.112619000021368,1.0042941910746448,1.016840504339589,1.0110256250207015,1.0255318897133594,1.0204983875237414,1.0155742188761385,1.021627689393508,1.0280688190347846,1.0288162834924925,1.0261785078466121,1.0231313057251818,1.0138460087330672,1.0247949903026647,1.0243834728781622,1.0195305988241992,1.01742316954153
6.184263312257826,1.003967916755082,1.016840504339589,1.0110256250207015,1.025532378869056,1.019359164289557,1.0170429490493964,1.0229799413405374,1.0266673931204342,1.0290072499839684,1.0267009723632168,1.0246398574833324,1.0168016392823565,1.0204560662309952,1.0271605857639687,1.0216615054509206,1.0172251174369478
6.2533214166760445,0.9953427332385951,1.0131681190269162,1.0098350094220998,1.0256557598924936,1.0208245208809628,1.0288215461680157,1.0235058958171779,1.028865187143334,1.033650465580855,1.0223946885675246,1.0217117894412877,1.0168016392823565,1.0193957488745977,1.0328779931201368,1.0233320046429275,1.014861205361046
6.322094062808901,1.003967916755082,1.0131681190269162,1.0098350094220998,1.025532378869056,1.0161169787528834,1.02920676951361,1.0235058958171779,1.028865187143334,1.033650465580855,1.0223946885675246,1.0210200848441753,1.0167590048432238,1.0193957488745977,1.0328779931201368,1.0233320046429275,1.014861205361046
6.391392187215388,0.9925378635657325,1.016840504339589,1.0080942708185232,1.0276145173184403,1.0212248469144127,1.0257963434699344,1.0199762897516793,1.0285873465635287,1.0352017839721315,1.0250837033490823,1.022952946214332,1.0255265832212463,1.027402801953625,1.0367688471762178,1.0253781482293383,1.0107399361384835
6.460875229444355,0.9925378635657325,1.0131681190269162,1.0098350094220998,1.0276145173184403,1.0204185840246187,1.0277204733465517,1.0215390584577988,1.0280784829622347,1.02920856322645,1.0261785078466121,1.0210200848441753,1.0167590048432238,1.026934298249346,1.0328779931201368,1.0223367422050849,1.0170789386474228
6.530359500087798,0.9925378635657325,1.0131681190269162,1.0098350094220998,1.0276145173184403,1.0204185840246187,1.0257963434699344,1.013379368881883,1.0246449128067994,1.02920856322645,1.0194926050226225,1.0210200848441753,1.0167590048432238,1.024766466290799,1.0287521709292653,1.0223367422050849,1.0170789386474228
6.599444874562323,0.9967670041556846,1.0175033583827335,1.0098350094220998,1.0276145173184403,1.0212248469144127,1.0257963434699344,1.0199762897516793,1.0246449128067994,1.0289119760441325,1.0250837033490823,1.0207394471775084,1.0180406634246917,1.0259218277218518,1.0318394417620957,1.0216615054509206,1.0154125504639793
6.7138069164939225,1.0008923117546733,1.0175033583827335,1.0081760761606342,1.0265732358635034,1.026753567053626,1.022026459888969,1.0147708425811168,1.02007976490975,1.028728267878298,1.022884463911877,1.0207394471775084,1.0180406634246917,1.0205450551506823,1.0274576333094287,1.0200653183087702,1.0158978912994527
6.784285583533347,1.000484244560431,1.0212002730195238,1.0143450259282627,1.0299706458157831,1.0239218393364788,1.013069191723895,1.0116332493545999,1.02007976490975,1.0276262711937174,1.0223946885675246,1.0168567403666533,1.0215880856150248,1.0195310060722793,1.0288934370731109,1.0203298884807708,1.0167729953992222
6.854894395451993,0.9990981672496021,1.0131681190269162,1.010299047444944,1.0299706458157831,1.0239218393364788,1.013069191723895,1.0102460779847888,1.0172659525602383,1.0276262711937174,1.0223946885675246,1.013466286158438,1.0184769481730205,1.0206382413531925,1.0271047456992128,1.0198981600513903,1.015319190592986
6.92461822880432,1.0026755053098644,1.0084940150054595,1.0089089608408062,1.0299706458157831,1.0239218393364788,1.0120875717985132,1.0102460779847888,1.0181756916548992,1.0276262711937174,1.0231854961011528,1.0155312296422208,1.017294692818868,1.0213698811433767,1.0201070740091513,1.0101537193217716,1.0015524292774647
6.9939925209619105,1.0026755053098644,1.0126333316472167,0.9981000983232883,0.9750079359938034,1.0089106744198084,1.0113864143165874,1.0034524348231462,1.0030075076672835,0.9996654420138271,1.0194926050226225,1.0021324910505713,1.0020296410722578,1.0006349342619922,1.0201070740091513,1.0060157345695016,0.9948833280768543
7.066992854233831,0.9977266342452571,0.994141532617017,0.9940562391778548,0.9717152259002709,0.9800535825544335,0.9935609907516708,0.9950354435539701,1.0008919196157924,0.9996654420138271,0.9907848719789955,0.9934981620881224,1.0028596854522467,0.9993320565357671,1.007655486868281,0.997431208126396,0.984557588207823
7.139634125400335,1.014145427287696,1.0186027572948824,0.9926939277228134,0.9852161621595475,1.005074860110083,0.9949169434358264,0.9783791687572816,0.987298243509159,1.0124111208213795,0.9981155932386199,0.9837045744464091,1.0011103570571733,0.9985881615703954,1.0034411316793714,0.9931149223918195,0.9593167812046026
7.211081624962389,1.014145427287696,1.0186027572948824,0.9926441486408377,0.9852161621595475,1.005074860110083,0.9906824620633764,0.9783791687572816,0.987298243509159,1.0124111208213795,0.9954012106422727,0.9837045744464091,1.0011103570571733,0.996928781147708,1.0015586109716088,0.9952638109670288,0.9593167812046026
7.281242353376001,1.014145427287696,1.0186027572948824,0.9970255198274018,0.9852161621595475,1.005074860110083,0.9906824620633764,0.9783791687572816,0.987298243509159,1.0124111208213795,0.9954012106422727,0.9819657863358731,1.0011103570571733,0.9981327975672455,1.0015586109716088,0.9938771430441862,0.9593167812046026
7.350521250162274,1.0066679922379311,1.0062292426135955,0.9967539745202698,0.9697152590085155,0.983260190187693,0.9982274831927801,0.9902361429029042,1.0008919196157924,0.9990124031784504,0.9959312908005182,0.994476734289269,1.011253516235452,0.9971487228880913,1.0017127679538347,1.0080654991120597,0.984557588207823
7.420715812593699,1.0066679922379311,1.0062292426135955,0.9943349822904757,0.9729310965449212,0.9810482787797501,0.9976664561189335,0.9847441042890289,0.9993101853736411,0.9958171968875529,0.995694154582883,0.9819657863358731,1.011253516235452,0.9939700666128843,1.0018187007344066,0.9925612648043661,0.984557588207823
7.493615062441677,1.0066679922379311,1.0062292426135955,0.9967539745202698,0.9734905104001936,0.9786228449460747,0.9950476413600998,0.9849234263815277,1.0002933664421352,0.9963962957427003,0.9905315979220847,0.9880406514134724,1.011253516235452,0.9975481538504484,1.001151965010987,0.9851003749090804,0.984557588207823
7.56594920810312,0.9997780698787889,1.0032142642240491,0.9967539745202698,0.9729310965449212,0.9683229891072598,0.9957837994122395,0.9866800870005309,0.9991841709861756,0.9954627017309086,0.9915512297757713,0.9927794425375915,1.0061253094770715,0.9975481538504484,1.0001717460152395,0.9807925433321625,1.004195136259632
7.689131978433579,0.9997780698787889,1.0068879797243535,0.9967539745202698,0.9729310965449212,0.9695151369600787,0.9982261075500602,0.9866800870005309,1.0050762104254731,0.9914184896608284,0.9915512297757713,0.9929848512335451,1.0116723796918663,0.9975481538504484,0.9959333325240406,0.9811926673065092,1.004195136259632
7.76106402091682,0.9997780698787889,1.0069061210515715,1.001217196570364,0.9670090671580793,0.9980619305947774,1.0048169735675205,1.007668203213578,1.0000605716077755,0.9906761363582595,0.9959312908005182,1.0207880084651955,1.023010911372542,0.9977029927071379,1.0201918387717641,1.0067336514513525,1.0057918547526046
7.83207408292219,1.0082644068946187,1.0048948522008496,1.0076923776453488,1.0300737475096018,1.0306760966233153,1.0110907172301535,1.0146263381394998,1.0259526847032783,1.0276841565730854,1.0174429380252952,1.023089035752777,1.02166924892405,1.0250168386973904,1.0199667178689176,1.015065509427431,1.0116534694963983
7.904355354141444,1.0024472195507,1.0066389151861432,1.0091429873120754,1.0278294141268447,1.0195361741917088,1.0155483901434634,1.0085172885410327,1.0309342372282473,1.0281414220963663,1.0218294677858648,1.013448065515503,1.0180819493845186,1.0283631979576653,1.0189941960743014,1.0191077464344056,1.01195070936206
7.975824937224388,1.00989527096467,1.0171156732885034,1.015798063591789,1.0297525395668143,1.0222058572533501,1.0257297474537377,1.0113382831491837,1.028976702979584,1.025505148067375,1.0209563973470834,1.0200224330182677,1.0161393099880451,1.0286833723148916,1.0208115665806026,1.0184643358348733,1.014022238783638
8.048978333361447,1.0045011348279822,1.014749888367811,1.0096238142933334,1.0304434642347478,1.022962591818251,1.0226843814458106,1.0135690494405503,1.028376980094348,1.0273251107215373,1.0284858340975214,1.014156686174122,1.0158155126413313,1.0298636904067742,1.0247568772241453,1.0184643358348733,1.01195070936206
8.122835353482515,1.001183260642676,1.0145970676589955,1.0095974568509078,1.0302170636500605,1.026647334664872,1.0175203996243312,1.0160867789114425,1.024354440913805,1.0278942561113982,1.0276618151621753,1.0182194094625456,1.019710782025051,1.0284006241696644,1.0239277257550767,1.0168086244185972,1.0166321463404318
8.19570443732664,1.0114399299818737,1.009494117435835,1.008836691294003,1.0354666866680182,1.0250161352362925,1.0249063004939094,1.0139513880168929,1.028376980094348,1.022788853989837,1.024011139900685,1.0200224330182677,1.0172527987665811,1.0298636904067742,1.0239675650200222,1.0180892406409097,1.012462948414587
8.264458208344877,1.00989527096467,1.0089349916914916,1.0092100216529032,1.0385671101886327,1.026647334664872,1.0203272789364215,1.0123888260742007,1.0263982007390668,1.0273251107215373,1.0255516377504634,1.0193241779017934,1.0201128162736086,1.0285947085616902,1.0277871888391794,1.024253107864596,1.0131357670284367
8.340794978663325,1.0143216429049782,1.0089349916914916,1.0075892294064435,1.032172677260698,1.0313560195691218,1.0226843814458106,1.0137370230047926,1.028306735674237,1.0270851513736412,1.0264592183496102,1.0193241779017934,1.0201128162736086,1.0303727845566082,1.0277872038746292,1.024253107864596,1.0131357670284367
8.409065625164658,1.0099885798310164,1.010520342749452,1.0072206364486458,1.0319774805703492,1.0311061400342392,1.0242739158551404,1.0165492280271686,1.0267667749812865,1.0290734163151725,1.0264437629605898,1.0200224330182677,1.0204892852790701,1.0351025411262846,1.0349287584219127,1.022532438147637,1.0145111151992865
8.477991228923202,1.0119366739462572,1.010520342749452,1.0072206364486458,1.0319774805703492,1.0291421708409694,1.0242739158551404,1.0165492280271686,1.0267667749812865,1.0338630912989877,1.0264437629605898,1.0200224330182677,1.0204892852790701,1.0351025411262846,1.0349287584219127,1.022532438147637,1.0145111151992865
8.556178791914135,1.0146077529742232,1.0145970676589955,1.004426656026619,1.029006467958502,1.0242626257245524,1.0216893596352203,1.0137370230047926,1.028306735674237,1.034320768591981,1.032869204118713,1.0232022656242987,1.0164878430135806,1.02939433972642,1.0335620753899046,1.0233801880215445,1.0161164455081682
8.652513166889548,1.0069400047320725,1.0202438342799578,1.0070074451018654,1.0283179057952831,1.0339010357864364,1.019670892894996,1.0146263381394998,1.029205669620827,1.0296996614811635,1.0264437629605898,1.020694486517759,1.0177654983988924,1.0263992545387643,1.0310102808493817,1.0234533599315272,1.0176011636080873
8.7232381044887,1.005212306694263,1.013719367775222,1.004426656026619,1.0290868431810731,1.019713932753162,1.021176361770444,1.0160867789114425,1.029205669620827,1.0296996614811635,1.0264437629605898,1.020694486517759,1.0171122049792996,1.0270839560920575,1.0310102808493817,1.017083982464348,1.0182068105207576
8.79191081225872,1.0048690764231425,1.0144131743127422,1.004426656026619,1.0290868431810731,1.0242626257245524,1.021176361770444,1.0160867789114425,1.029205669620827,1.0296996614811635,1.0264437629605898,1.021456495425468,1.0135730494763469,1.0270839560920575,1.0310102808493817,1.0210686726327258,1.0176101284546168
8.8605414791964,1.004368747422334,1.0032361329295767,0.9973501758888125,1.0290868431810731,1.0240057919000274,1.0188930055518228,1.015970323088496,1.028931153005778,1.0283463926814338,1.0264437629605898,1.021456495425468,1.0135730494763469,1.0259221576016873,1.0309884644606226,1.0180533165654246,1.0155088674596306
8.92929495824501,1.004368747422334,1.0028601463928444,0.9991227978137787,1.0265774262731087,1.017530786176921,1.0148871088063494,1.0140745342042083,1.0260989247229366,1.0260858346366357,1.0292867745484777,1.021456495425468,1.0142655503857674,1.0259221576016873,1.0291517293085277,1.0204309615550182,1.0147599654075916
8.998010999988765,1.004368747422334,1.0028601463928444,1.0081412842652575,1.0265774262731087,1.017530786176921,1.0148871088063494,1.0140745342042083,1.0260989247229366,1.0260858346366357,1.0292867745484777,1.021456495425468,1.0142655503857674,1.0259221576016873,1.0291517293085277,1.0204309615550182,1.0147599654075916
9.068498249631377,1.003135474739701,1.0122302584509348,1.012972151693785,1.0231096835505278,1.0162748586755388,1.0201888088155224,1.0140745342042083,1.0243090219669728,1.0304050705863304,1.0211057066546396,1.015662219807181,1.0124132848811527,1.021330933686889,1.0265565295571344,1.0204309615550182,1.0161043174382394
9.138786436989903,1.0004313261510784,1.0049984075574496,1.006712144057938,1.023694337680789,1.0207181404163808,1.0188930055518228,1.0140745342042083,1.0257562166029828,1.0260858346366357,1.0202767685279446,1.0149965761841389,1.0110058351877207,1.025109002590736,1.0291517293085277,1.022185994769446,1.0155088674596306
9.208402061834931,1.0031449316643357,1.0049984075574496,1.008651496407518,1.023694337680789,1.0207181404163808,1.0188930055518228,1.0140745342042083,1.0253382240171662,1.0304050705863304,1.0159045430983467,1.0149965761841389,1.0107624940674074,1.0147578915995712,1.0265565295571344,1.0192165398806934,1.0155088674596306
9.278156333602965,1.0031449316643357,1.0032361329295767,0.9947913826955487,1.0296358968790211,1.0162748586755388,1.0245522858631422,1.009354478051224,1.0215957968817702,1.0219026617622124,1.0202767685279446,1.0149965761841389,1.0087435192266356,1.011637094813718,1.0193887913257593,1.0212853504106212,1.0155088674596306
9.348443020600826,1.0031449316643357,1.0032361329295767,0.9931635964658017,1.0282757399082965,1.0152750224224059,1.0162365304393641,1.004603647143234,1.0099455666780157,1.0228971133221603,1.0102806657072876,1.0149965761841389,1.0087435192266356,1.0231401047231248,1.0193887913257593,1.0196123795923868,1.0155088674596306
9.429444895591589,1.0054781026580712,1.0028601463928444,0.9815606484948124,0.984506033197011,1.027303541249062,1.0067750813803067,1.0041236400702513,1.000882773529354,1.0191010290645213,1.0060286982284385,1.0150695582116671,1.0095850285459549,0.9856418207036606,1.0146108164944856,1.0129172244782763,1.0135085515103004
9.499711603857577,1.0046085284010533,1.0019434688106705,0.9697726610008051,0.984506033197011,1.0230593574437077,1.0067750813803067,1.0041236400702513,1.000882773529354,1.0191010290645213,1.0030419689649148,1.0149965761841389,1.008500722627908,0.9856418207036606,1.0217095197154615,1.0070191458977449,1.022580302483088
9.589206479024142,1.0033882663557792,1.0028601463928444,0.9715400948106605,0.9841215133499517,1.0157771410666498,1.0136750641263959,1.0032253224875356,0.996356350379488,1.0241873048149226,1.0036688574845198,1.0150695582116671,1.0090734073699144,0.9843763521047045,1.0214643362204068,1.0151885479919012,1.0193362814990277
9.660786291584373,1.0104041852575025,1.0119945736981257,0.9735366633751774,0.991172934675342,1.0162748586755388,1.0130763232993338,1.0082566689551542,0.9971607788170816,1.0220823670720127,1.0036688574845198,1.0153148655858744,1.0111106168574786,0.9856418207036606,1.0224710093932827,1.0106656954685398,1.011334709598397
9.73094518762082,1.0108807369063353,1.010354642437894,1.00842808468914,1.0277664923854908,1.0197071974385536,1.0242571777494445,1.0154504916367166,1.0265478733879079,1.0310423862186908,1.013758079795563,1.0153148655858744,1.0185128857400003,1.0283463239467487,1.029754003552533,1.0096453064242652,1.0133502743012313
9.801615416072307,1.014653062698555,1.0126686880332005,1.00444641141105,1.0311469936270274,1.0272092810319082,1.0194980147397132,1.0125601414764254,1.0265478733879079,1.0245810073321504,1.0187105736330824,1.0153148655858744,1.0143889451111316,1.0283463239467487,1.0281604570274403,1.0106656954685398,1.0133502743012313
9.871100458316503,1.0073905000438905,1.0057110916125136,1.0007362093595407,1.0006985416535015,1.026706208321982,0.9902329337433096,1.0125601414764254,1.003894703323869,1.0230742963168011,0.9989257486058186,1.0112492018347727,1.0182677377319043,0.9926197069537619,1.029412569253577,0.9854842607072877,1.0272592461704453
9.940641812514514,1.0061271019508669,1.0034380795968452,1.002023857524254,0.9939675683255235,1.0158911780852689,0.9977550218252702,1.0088722009960003,1.0026235932684138,1.0228971133221603,0.9942910173704668,1.0128472267030966,1.0141447897029772,0.991345279424948,1.0243489268621366,0.9854842607072877,1.0181198853464455
10.011200666427612,1.003724923838725,1.002282386572912,1.0032488479504784,0.9846762198861724,1.0090241080214237,1.0038038529269373,1.0119423593532317,1.0026235932684138,0.99982304986421,0.9948646211655872,1.0112492018347727,1.0119486901483525,0.991345279424948,1.0271993632998007,0.9995772771932177,1.0186946535444852
10.0930509371683,1.0022102635549646,1.0071513021922247,1.0125974328100364,0.9856339008928303,1.0109233051786253,1.0073191033516384,1.0054059360317724,1.0261466595836768,0.9998455094530909,1.0149300261838652,1.0112492018347727,1.00131605374288,1.0169308991598305,1.026524437868997,1.000868360670613,1.0186946535444852
10.166300645563751,1.0061271019508669,1.0034380795968452,0.987134273959876,0.9935477053660198,1.0208916318162709,1.0073191033516384,1.0153711571321176,1.0286003848375636,1.02794263526416,1.0158960269836013,1.0080593066428165,1.0106757048204142,1.0011592605479356,1.0281604570274403,1.000868360670613,1.0025074880636058
10.238527583424002,1.0078846312060994,1.0169151526376643,1.0041872200380013,1.0302097298450714,1.0206869874417663,1.0243042924337615,1.016048653711055,1.0286003848375636,1.0218267752579422,1.0189607815932569,1.0098216652301812,1.0119486901483525,1.0274815909252388,1.0277548947932804,1.0142863915904146,1.0115759135235776
10.31913945823908,1.0126657448812386,1.0169151526376643,1.0024486176250371,1.0242755899411102,1.0286685812224012,1.020445057543394,1.0156302605149263,1.0256948154908394,1.0225237632282775,1.0182628521732762,1.0104723152199964,1.0103386771478877,1.0207918818653552,1.0295140322739644,1.0142863915904146,1.0085697342269166
10.389709166251125,1.0073905000438905,1.016742798656896,1.0041872200380013,1.025732854187542,1.0322102008231686,1.0213009080734556,1.0156302605149263,1.0261466595836768,1.0241873048149226,1.0240077837215396,1.0189310949900634,1.0193524237906628,1.0246040675232744,1.0280569507963015,1.0208983222187313,1.0147844758046685
10.49363720836118,1.0039578407744874,1.0117686210638592,1.0080707639565032,1.0253734750821095,1.0278211374613258,1.024910886779288,1.014354360598235,1.025551849064808,1.024239803184813,1.026374310964007,1.0200997582943663,1.016997820849578,1.0274271955767487,1.0283692732643694,1.0201608539304665,1.0139325681612679
10.564014853909612,1.0029109323346508,1.0146572850697193,1.0015615483097162,1.025732854187542,1.0206869874417663,1.02159761401644,1.0201576357728122,1.0271828502973321,1.0212539724772192,1.0216276051539304,1.019587614382947,1.006568646073161,1.0208901571773052,1.0235607167833942,1.0153155907638423,1.0160597992822042
10.634189125150442,1.0029109323346508,1.011597139353704,1.0041872200380013,1.0242755899411102,1.0148574371652652,1.02159761401644,1.014175025384627,1.0230710411758368,1.0160870757100002,1.0158960269836013,1.0139567294089544,1.0123663099832723,1.0246040675232744,1.0232498547053506,1.0153155907638423,1.013833903705459
10.70565970800817,1.0029109323346508,1.011597139353704,1.0041872200380013,1.0242755899411102,1.0148574371652652,1.02159761401644,1.0121921198013808,1.0230710411758368,1.0160870757100002,1.0158960269836013,1.0139567294089544,1.00887649050273,1.0246040675232744,1.0232498547053506,1.0153155907638423,1.013833903705459
10.775403624866158,1.0085435500971147,1.0138062499750513,1.0089671239988731,1.0351106810791726,1.0148574371652652,1.0181553643732766,1.0131386620200784,1.0230710411758368,1.0160870757100002,1.0158960269836013,1.017019549289218,1.0117116231366368,1.0291990308643235,1.0180871146979908,1.023143155061638,1.0174760306981192
10.845202208030967,1.0096329304816951,1.011597139353704,1.0098191171706614,1.0253734750821095,1.0207929059085743,1.0252232776962544,1.0146539283298273,1.0258747778999642,1.0156741274133219,1.0236528343686362,1.023942119971073,1.0175964289039912,1.0259810430547904,1.0211656731061658,1.016834273844552,1.0126281822030747
10.915439500007778,1.0096329304816951,1.011597139353704,1.0098191171706614,1.0253734750821095,1.0207929059085743,1.023959880228993,1.016638149404398,1.0213308536798862,1.0156741274133219,1.0245037122395206,1.023942119971073,1.0175964289039912,1.0259810430547904,1.0211656731061658,1.016834273844552,1.0126281822030747
10.984891875181347,1.0121684944763236,1.006675599484314,1.0089671239988731,1.0315723233055736,1.0148574371652652,1.0213009080734556,1.013051877744329,1.0143694441991513,1.0079991069859797,1.0178893305154169,1.0185444822308145,1.0186394407961308,1.0278177364513774,1.0112058094933698,1.0185686247912547,1.0160597992822042
11.055275207851082,1.0114622797391453,0.9929014155852887,1.005333130017628,0.9725722919677328,0.9778432443233628,1.001963812081601,1.0131386620200784,1.0143694441991513,0.99213924017619,1.0077791028688443,1.0020519160149468,1.0046318052014676,1.0208566047475274,0.9998529374384395,0.9987507915715456,1.0146883638881812
11.137624562252311,1.001948699718425,1.0028901100396967,1.0051908018734144,0.9594744215006109,0.9769385428858428,0.9943064707592498,1.0123683721238375,1.0048087834754684,0.9860038624748946,1.0039387002412143,0.9938926087872536,1.0067010164188634,1.015142097098735,0.996440307003309,0.9885088826683466,1.0059092058937262
11.210170853417369,1.001948699718425,1.0028901100396967,1.0111738891185384,0.9702883696209426,0.9749659591995591,0.9993019231250911,1.0085867804110475,1.0030340510931963,0.9897873872541594,1.0039046006285695,0.9949184169466173,1.0101866773351398,0.9941686175763017,0.9931723635474261,1.0049735886156348,1.0059092058937262
11.281026791315526,1.001948699718425,1.0028901100396967,1.0111738891185384,0.9702883696209426,0.9748943515000887,0.9993019231250911,1.0128523191206014,1.003735114707904,0.9877779514496019,1.0032801871865966,0.9949184169466173,1.009297490320793,0.9941686175763017,0.9972367140196297,1.0049735886156348,1.0059092058937262
11.380935812368987,1.001948699718425,1.00697212211025,1.0051908018734144,0.9745448248700406,0.9783625496128943,1.0026545968160296,1.0112957155999363,1.006024442965764,0.9939243683631659,1.0048835479952594,0.9938926087872536,1.0104829199323058,1.015142097098735,0.9973369835070649,0.9906401923302002,0.997964995949867
11.451581000350416,0.9982495018807076,1.00697212211025,1.0046385878158461,0.9745448248700406,0.9762595835713219,1.0080927452777744,1.0085867804110475,0.9993500726460269,0.9915119855662371,1.00195831166372,0.9938926087872536,1.0029799861678772,0.9936099705478659,0.9963288038639629,1.0024376482919146,0.997964995949867
11.527481583412737,1.0086526646018261,1.013655766058551,1.0037605623278798,0.9874885391817558,1.0027866908955563,1.0026545968160296,1.004443897930404,1.006024442965764,0.9944434134046883,1.0055847764813415,1.011448533838441,1.010160156312252,0.9975399550418088,1.0215746925399432,1.0021238316100736,1.0123010613717862
11.598720041569322,1.0049287157040914,1.00542077599358,0.9920472918644333,0.9820552571358698,1.014908803174005,1.0002149658413706,1.0053822052593449,1.0059326340582049,0.9997767648540984,1.0062106242350375,1.0111511365555943,1.010160156312252,0.999123707456235,1.0228156657503296,1.0021238316100736,1.0028186444648521
11.66909020813182,1.0009687497436746,1.00542077599358,0.9876898360352269,0.9846034754522208,1.0145501065494213,1.0026545968160296,1.0053822052593449,1.006024442965764,1.0008848483840933,1.0055847764813415,1.0111511365555943,1.010160156312252,0.9975399550418088,1.0223911882668988,1.0021238316100736,1.0028186444648521
11.739772853907198,1.007184254759683,1.001363905936489,0.9880176341649293,0.9847001736957931,1.0218325572037505,1.0012261411248677,1.0013211804931987,1.006024442965764,1.0170880913018663,1.0000205390860344,1.0136016964446026,1.0163744113505944,0.9963376979434899,1.0223911882668988,1.0070804852001072,1.000616134378982
11.820113520603629,1.011564808169922,0.999348550458772,0.9883405432211492,0.9847001736957931,1.0220262282440509,1.0026545968160296,1.0090736735935217,1.006306484490182,1.0205838059695063,1.0032815247577247,1.0136016964446026,1.0081834525705191,0.9939723031261546,1.0230022462165411,1.0051056447122164,0.9965719115008094
11.891426978632808,1.007980310847973,1.009916825184682,0.9989694858627138,1.01846989447846,1.0223070613747391,1.0241686303842672,1.0072420173085395,1.01460244423238,1.0176848419008113,1.0171792626830383,1.0164186592285493,1.0122109824460972,1.0214621046967762,1.0273892693312232,1.0185220123051784,1.010709371865765
11.961908791679887,1.0070518477662995,1.012619234608119,1.0120339379026049,1.0266556894531895,1.0248942208083989,1.0241686303842672,1.0067606319020928,1.0252006388232158,1.0241724207123772,1.0233931393842413,1.012943525179461,1.0115399582749447,1.0256959186205248,1.0221253857525425,1.019901392751836,1.0130459403848315
12.032231020741165,1.0092380060133397,1.0096681561060472,1.0080843509278747,1.0259525016782096,1.0220262282440509,1.0253183894793942,1.0100155765215884,1.0236661421530233,1.0313033548611654,1.0271579708666854,1.0180818825401692,1.0147014886291967,1.0276235731548444,1.0273892693312232,1.0198522343700869,1.0114124086302672
12.10714729130268,1.007184254759683,1.0096681561060472,1.006460985977739,1.0241835813587734,1.021431000024697,1.0239772141588996,1.0081516965344794,1.0201928809425886,1.0247580265036857,1.0271579708666854,1.0180818825401692,1.0175634200772807,1.0244541569533123,1.0273892693312232,1.019901392751836,1.0114124086302672
12.179797937627882,1.0026481612616787,1.0096415377295411,1.0029453391532526,1.0231122446006156,1.0187234790210935,1.0228109487510721,1.0141968826847363,1.0164215899086444,1.026769738813172,1.0223891803189553,1.0191161597892804,1.0183448163367366,1.0227002396367475,1.0307791832563544,1.0198602618928825,1.0160776313385256
12.2854242506437,1.0045872100462943,1.0119482947861218,1.0067899227860164,1.0266556894531895,1.0211795358535345,1.0208473600697185,1.0146818237552524,1.0199281810392238,1.028324985147778,1.0316469773902397,1.0217272604642509,1.011088223364657,1.0256959186205248,1.026529961090151,1.0158651474741107,1.0160776313385256
12.357631583232433,1.0137440881679918,1.0199979274343614,1.0040239094260424,1.0266556894531895,1.0246889138544455,1.0250950308061064,1.0146818237552524,1.0237625234790837,1.0306549666854474,1.0272495180358965,1.0191161597892804,1.0182530069856777,1.0244541569533123,1.0325263829112454,1.0168839054658727,1.0112216719535316
12.42788445809856,1.010609217047189,1.0080635803630216,1.0051157186583297,1.0298370475748124,1.0270688675585427,1.027323373891991,1.0131318863598804,1.0260455664774455,1.0309818677904026,1.0272495180358965,1.0198832747936266,1.0162860283960808,1.028580278344107,1.0279102311975339,1.0162535934863284,1.0162173158478423
12.499550458043814,1.0069163295128967,1.0166831117985198,1.0091865222729033,1.0268085493146692,1.0289016747035866,1.027323373891991,1.0174758693492891,1.024400964253207,1.0300720241552186,1.0277615317882114,1.0191161597892804,1.0192890803554644,1.032625127001821,1.0305891087235826,1.0180505250750331,1.0137430038677941
12.57042208313942,1.0073398149266257,1.015165044896461,1.010563244215909,1.0274377281602673,1.0261743510813008,1.0257114250131156,1.0129569526364604,1.0258344458433855,1.0296050404003647,1.0223891803189553,1.0213273169215078,1.0188618021748217,1.0335864885775705,1.0316352671103048,1.0198228244981606,1.0135666559016072
12.6511601456441,1.00924396460687,1.013223324513428,1.0077868641873275,1.025593192780364,1.0317756058092502,1.0305463146059655,1.0167414199730576,1.022774364630244,1.033658361623536,1.0268048580419369,1.025746629147558,1.0192890803554644,1.0264244135332814,1.0272263252680807,1.0180505250750331,1.0223955789380965
12.721985437441615,1.010609217047189,1.0180893391887946,1.0081470310376466,1.0271030341633187,1.0253404997454538,1.0257114250131156,1.018334806333837,1.0263635611677215,1.0301877186532562,1.0299522744669494,1.023823430464928,1.0145050746831266,1.0276263831791028,1.0305891087235826,1.019770544098357,1.0190014100654556
12.795807749498636,1.010609217047189,1.0128307288289389,1.0081470310376466,1.0298370475748124,1.0286350567728941,1.0201804283523181,1.018334806333837,1.0263635611677215,1.0308584514318098,1.0304857425476726,1.022885823264116,1.0145050746831266,1.0276263831791028,1.0345209498317072,1.0187366260353774,1.0164858622650885
12.868083770852536,1.0069042322300326,1.0127802211385173,1.0120537992994192,1.02580607965641,1.0263362990337728,1.022035846664333,1.0191168482030444,1.025858690327179,1.0270037301460062,1.0210271777468494,1.0148516222524286,1.015832254976136,1.0262881894221425,1.0310871491337024,1.0190837468126253,1.016423217058102
12.938668728340415,1.010609217047189,1.0047908357123272,1.0035371191153528,1.0284607935332615,1.027637027122731,1.0206296588457933,1.0154585749791118,1.0260455664774455,1.0258512673068891,1.0277892539737483,1.0191161597892804,1.015832254976136,1.0263561656891933,1.0307791832563544,1.0187366260353774,1.0116998667563946
13.009684854187071,1.0044355055747045,1.0116900645874707,1.0079098559939972,1.0267080664398185,1.0207646478250505,1.0206296588457933,1.0135688072763211,1.025889254456527,1.0257074044752708,1.0268048580419369,1.018432138373239,1.0132314531072428,1.0242366540491532,1.0307851547890288,1.0187366260353774,1.0115518598443465
13.083756666164843,1.003712327743711,1.0108058768794337,1.0104376840213447,1.0230673342985386,1.0176397332099631,1.0246409672318042,1.015047084797811,1.026519808731404,1.0188432456523158,1.0172131368395,1.0117114807281316,1.0100301213787664,1.0207073743687034,1.0291887605223289,1.018845081394694,1.0133895901837287
13.186648041475564,1.0036638871245482,1.007754028377458,1.0049290812264955,1.0275611109633753,1.0209553316510103,1.022035846664333,1.0126140086175703,1.0307239316574945,1.0218089047326104,1.0180250584413542,1.0124636295963656,1.0100301213787664,1.0251976523375121,1.0265163528045516,1.0156974298421397,1.005952217482912
13.259553937241437,1.0114322563595892,1.0092882073396585,1.0082316452571485,1.025844124697333,1.021068984555161,1.022035846664333,1.0154895312041485,1.0240290752682566,1.0225486528228815,1.026137962704263,1.0145099602961625,1.0100301213787664,1.0261521628345072,1.022408070256113,1.0174968583449444,1.010225024476992
13.331546708475798,1.006224905334044,1.0051767432003236,1.0049921859772049,1.0253035667399193,1.0248518010683538,1.020585058559018,1.0113449003455826,1.0236283487699716,1.0209898670101405,1.022919586906514,1.013667721566364,1.0159460198890855,1.0222378614571035,1.0281338995302476,1.0195580589785123,1.0146317981523538
13.402767333202064,1.008988957222574,1.006619561057865,1.0085978668498725,1.026639493941613,1.0249577695989927,1.020585058559018,1.0128898322517976,1.0241279399804035,1.0291322111168688,1.026137962704263,1.0111544238113148,1.0161078005464488,1.0212237778487867,1.0325447593375097,1.0147824437842183,1.0140077266012144
13.484361187554896,1.0048987090622794,1.0057671346966242,1.0117788814551234,1.026639493941613,1.0200522886583978,1.020585058559018,1.0159910161747137,1.025858690327179,1.0274110164951324,1.0292653789920063,1.0158776404109728,1.015212869242466,1.0219988131542348,1.028970155729585,1.0194501298823964,1.0138349509451423
13.556713833473625,1.0086980425719176,1.009907178274818,1.0093228517118837,1.0281125535913478,1.0237794103698716,1.0153799739598777,1.0160682960518563,1.0218265785684704,1.0274213989902505,1.0273759754365495,1.0152370575678737,1.0222259371811417,1.0243700923868422,1.0320124366245549,1.0163001892261436,1.0077826671465422
13.634062833152711,1.01066600081768,1.008269633223228,1.005169060272067,1.02580607965641,1.0224479317809247,1.0241501029604374,1.0121079456171074,1.0234768256342381,1.0212059884768716,1.0273759754365495,1.0150261040277486,1.0166526666436553,1.0230006384713797,1.0295800162212085,1.0226880200508786,1.0093775241449938
13.706340208649635,1.0064442638806084,1.008813130681535,1.0044914835285592,1.0260035113592627,1.0196262714007875,1.0281464105240683,1.0094227069681254,1.0241279399804035,1.0260476081025456,1.0221207209591725,1.0150236587201653,1.020858868656577,1.0236641120632226,1.0227399887892943,1.022170065719251,1.0076629247234268
13.778575687203556,1.0040204777620851,1.0128612232037086,1.0031364934641571,1.0243796765660302,1.0205437238998039,1.028458288781559,1.013706696740553,1.0241279399804035,1.028057672278309,1.026618740785978,1.01991955475001,1.0215592204391744,1.02732069485669,1.0248918781676268,1.0203336873450592,1.0174079723006768
13.851472249720246,1.0069375845221271,1.009907178274818,1.0126493644814922,1.0354003397519802,1.029743641162429,1.0247186307076426,1.0164545542324164,1.0255885965477243,1.02340410679104,1.0311294697234212,1.0175087282116126,1.020400855746054,1.0231013335832158,1.0336131110203073,1.0203336873450592,1.0095785627886538
13.924178145360202,1.0100160757366528,1.0120353854019564,1.0093470644294738,1.0326574149304997,1.0269490763117843,1.0246594641859736,1.0140192450474717,1.029751206743942,1.028154820286483,1.0285502785156075,1.01991955475001,1.020858868656577,1.0261521628345072,1.029551378719659,1.0203336873450592,1.0139687795245411
13.999946103431284,1.0119715416794357,1.0123696790983316,1.011583795901888,1.0326574149304997,1.026519596732985,1.0289457664510864,1.013651503611312,1.0202661188239452,1.0281044561965462,1.030655088387753,1.0235136990457752,1.0169963700232016,1.029150891633428,1.0324582798006057,1.019318755112518,1.0129753060113218
14.11317070806399,1.0086980425719176,1.0149043660507042,1.0085854399585514,1.0326574149304997,1.0219699584948227,1.0234612545363315,1.0164545267308127,1.0218891637463323,1.0267232816636753,1.0282408200615916,1.017374776009553,1.0189695488460577,1.0279640460452997,1.0337543439857662,1.023001086377304,1.0132778561126692
14.188519437331706,1.0098464864148096,1.0152920498253482,1.0104772055029954,1.0323905363861945,1.0255420114098464,1.0247186307076426,1.0182342736854157,1.0262137963272007,1.0278969383811027,1.0291029554198294,1.0267111996883402,1.0154057053832701,1.0292601945279567,1.0323648078174463,1.0168453372953898,1.0129753060113218
14.263055771123618,1.0086980425719176,1.0182620921879852,1.0096609364519904,1.0328355165353096,1.0287266027666662,1.0219500104112151,1.0132544278037803,1.024107662202912,1.028468143032637,1.0290664599641626,1.0209652523875463,1.0186912566916917,1.0279640460452997,1.0324469738885054,1.0203378831786232,1.0129753060113218
14.344933290965855,1.0107454580710655,1.0122659309959625,1.0098928758204302,1.033541785835664,1.0293129928708253,1.0247186307076426,1.0120549658197167,1.0218891637463323,1.0273942975616934,1.0290664599641626,1.0209652523875463,1.0179107003535601,1.0279640460452997,1.0320237377782122,1.0178541522394147,1.0126265996195323
14.41819458315149,1.005868271800646,1.0154546925249677,1.0140661534158224,1.026776715927875,1.0199005113969886,1.023058392760103,1.0095627668189135,1.0322829592067928,1.0280923109008338,1.0281266784116994,1.0220381424178993,1.0162130961452798,1.0311166040306041,1.0328821400062562,1.0206369083736917,1.0136472984260274
14.492628812324256,1.0080325234865695,1.0097839872499785,1.0105687279554614,1.0304462102796417,1.0275453430740515,1.0266322386230236,1.0127046451247304,1.027749326595158,1.0263003682181722,1.0284635742637716,1.0234059338052102,1.016831825528485,1.0310706265734801,1.0255575078600412,1.0235021174417072,1.0170956743679656
14.567096229176968,1.0126554971051247,1.0144012427275475,1.011396079912722,1.0273883686138245,1.024365278703263,1.0281313944286257,1.0163556537981355,1.028789874277212,1.0318353485698653,1.024949078741355,1.02256754483544,1.0175463618200182,1.0289739806162592,1.030638116375287,1.0169236559038994,1.0150840194765007
14.638877291698009,1.0106511383321994,1.010652772793869,1.0092489627331869,1.0282918243482777,1.0247689498425165,1.0251602466147218,1.0149309532837107,1.029936107494347,1.0255155914857195,1.0282359335569848,1.0198587047414427,1.021958666086989,1.024554926315778,1.0274490637905376,1.0164885119634068,1.0141578418774233
14.712024312000722,1.0098420608383143,1.0117629605143648,1.008933780694633,1.030808456999954,1.0253747804204987,1.026105612956687,1.0132544278037803,1.027991953509673,1.0250447307936432,1.0281266784116994,1.0195551170725632,1.019421839460132,1.0288835003505383,1.0288193434007635,1.01950339098084,1.0148623073780494
14.78448231285438,1.0098420608383143,1.0177428599766054,1.0122854675056239,1.0316194621471455,1.0279525783732575,1.0222446727984158,1.0093079907149107,1.03114195545789,1.0274329764768628,1.0303726354384306,1.025547582964432,1.0237314893798835,1.0283912372263446,1.0302542904410865,1.0168640822547843,1.0148623073780494
14.857610187027603,1.0076777337452245,1.0141024578502436,1.014993091777829,1.0307038562313051,1.0253747804204987,1.0208468011304204,1.0150285017699021,1.0308179940174775,1.0289423933861004,1.0293933537279045,1.0251221198267841,1.017890283367018,1.0301328973269288,1.0284727505602587,1.0158300220273435,1.0157523538167317
14.959865853656083,1.0093646705577368,1.016323695790325,1.0087577327588997,1.034377593449684,1.0259465279344557,1.0206820496373326,1.010654338873224,1.0310638135541559,1.027376469344414,1.0288018904389542,1.0215195145876446,1.0211692465533022,1.0286349646677933,1.0323147462068665,1.0178639935445692,1.0149406654962239
15.031367520336062,1.0098420608383143,1.0143714982876424,1.0107611989622767,1.0313290423800037,1.0253747804204987,1.024367088009826,1.0132544278037803,1.030388839923771,1.0274181122692096,1.0281266784116994,1.0182799512224872,1.0148190573287028,1.0286349646677933,1.030081324354677,1.0209687159388474,1.0149406654962239
15.120600812137129,1.0137843637926078,1.007597334897056,1.0066417257297777,1.0357803014162226,1.0243247605265662,1.0209665543999678,1.0134608836401207,1.0310638135541559,1.0286128879990326,1.0268965163876413,1.022422393575775,1.0131669349376375,1.0259606741275027,1.0318521136713108,1.0174743076603086,1.0138384940313572
15.212136624380946,1.0063147201620932,1.010652772793869,1.0082898021100117,1.035879899112291,1.0267261256430693,1.027166133191968,1.0135278790296076,1.0350456738486313,1.0322733323184783,1.0285453379869522,1.0214628101338246,1.0170977954155143,1.0269608189051838,1.0286058409758732,1.021597295611277,1.018319759001378
15.285687791649252,1.0059480272656884,1.0146703624322961,1.015165969916884,1.0306258418139853,1.0235086392688246,1.0226945335062658,1.0138874582726398,1.0307214254680128,1.0307224738911687,1.0289375610296203,1.019313630111183,1.020932108466523,1.0254337793661605,1.0304155697503414,1.0188045426221997,1.016469469819166
15.358786770608276,1.0102189580052712,1.0110204499441449,1.0122244998217644,1.031228565933211,1.026723703125963,1.0223225557675824,1.0106428014398154,1.0272957061573977,1.0316021997324654,1.025596227847912,1.0228452190413848,1.0162308263772166,1.0298052369119144,1.029684197253697,1.0165587905089448,1.0187808448576394
15.435053666122258,1.008398779313892,1.0131284182272398,1.0089690537739724,1.0345498056645386,1.0279627665637079,1.0302067592278168,1.0100654546342311,1.0277585540396679,1.0254980620442866,1.0306623914056379,1.0213130539142379,1.016581466473114,1.0250546816189654,1.025212984265477,1.0194862827441482,1.0164087850233878
15.508079958613962,1.0098757428817164,1.0092438130437762,1.0083475416799224,1.0306046688161794,1.0304266343711008,1.0230634720378589,1.0098389905667908,1.0295294396255321,1.0322594032068348,1.0291037117178687,1.0230186918251098,1.015767068602279,1.030373060399005,1.0281509137917242,1.0183387968714508,1.0195961012830934
15.581398375332355,1.0080420991606454,1.009349796496065,1.0090601822610736,1.032140457106123,1.0266565202597093,1.0230634720378589,1.0119443891650135,1.0268078109068968,1.0274795351254762,1.0306701841160022,1.0250928767007805,1.0178344962637549,1.0259700353155918,1.025567558813458,1.021581009902408,1.0207546649831207
15.65333841694519,1.011720507210144,1.013054860434656,1.0118849356844624,1.032140457106123,1.029680767203431,1.0213204326663528,1.0141022142658158,1.0307309478271047,1.0287745272796809,1.030267025594937,1.019832377366306,1.0178344962637549,1.0297910927283465,1.0295742707101685,1.02054129232361,1.015203822655621
15.72705677105114,1.0117355478383165,1.007944103470839,1.0090773673264666,1.0362894784133407,1.0260257671702149,1.020935517923451,1.012406076845197,1.0286460137098217,1.0328648845114419,1.0291668070969515,1.0168155130541388,1.0167639942258277,1.0268015037529765,1.0242374403357097,1.0216438006092192,1.0198581774003646
15.839214853942394,1.007904559913255,1.0055695295764524,1.0053639866784743,1.028374207495669,1.0263514658111148,1.0225905903743098,1.0113059166670122,1.0290690384203942,1.026604948947538,1.0339702640840982,1.0206019671673983,1.0136267186582224,1.0218612095667454,1.0327431318630564,1.0186263312426507,1.0150142163034583
15.915845020674167,1.0079880090204572,1.009349796496065,1.008687494329704,1.0365225756247953,1.0266565202597093,1.0251656477682933,1.0138934622272446,1.0279415067423567,1.0275677404151862,1.0315589834246506,1.021055318937958,1.0182590964694749,1.0238388933597127,1.0298333921523506,1.0186263312426507,1.016029868279321
16.00270783342421,1.0141111893423465,1.0084708408297007,1.0090601822610736,1.0335591463170397,1.0220271078176233,1.0264942216171389,1.0185429920578646,1.0307899658721473,1.0287155536095465,1.031741641997999,1.0208704109213804,1.0166931314365384,1.0269904299039474,1.0254002360550698,1.0170113774083214,1.0205039509082063
16.08062716620043,1.0099261486560815,1.0120948179833256,1.0107400162147546,1.0287169344819582,1.0200389306753541,1.021974404454875,1.015175400693642,1.0285576965259047,1.029882473729912,1.0288318562866656,1.0208704109213804,1.0174834239718156,1.0298052369119144,1.0286824459460984,1.0204450190611607,1.020876805244055
16.159646207932383,1.0100334158876956,1.0149632238576536,1.0130022451650746,1.0319571208575722,1.0257992561675389,1.0243377306518078,1.0120599867604252,1.0285576965259047,1.0248100035227445,1.030367377991454,1.017371246498468,1.0218504578199767,1.0267330095561644,1.0284653869203462,1.0180712466049715,1.0118277072280926
16.239271875470877,1.0170894481144372,1.0141429669594715,1.0101196594933664,1.027033178500032,1.026977045165838,1.0257590254612172,1.0147088013026346,1.0315856080778167,1.0294422971753214,1.026693507373279,1.0170348568219414,1.0182160977519745,1.0302620424466489,1.0262648194157717,1.0211006820555133,1.014545930280393
16.314821458421648,1.0126762297075813,1.0111273094981728,1.0104449016890622,1.0304894800515343,1.0260812276737123,1.0253970786509214,1.0147088013026346,1.0301617490653834,1.0281908612748745,1.0260451114967162,1.0224005107387653,1.018327643872911,1.0285165965657934,1.0297365147745183,1.0200531990100716,1.0170916234449046
16.388424708507955,1.0076861034361648,1.0163299072130842,1.0122509356476546,1.0334315005338925,1.027199110432601,1.024421277262095,1.017190236919333,1.0299442165908699,1.0297419109831059,1.023999901448535,1.0258861635813845,1.0223608764743761,1.0269840731773066,1.0313129846495588,1.0188051686754145,1.0205141545426144
16.460278291255236,1.0121954150841888,1.0139965561184399,1.0094572027691566,1.0304833231873016,1.0270914064572891,1.025110064607176,1.0179087878494801,1.0301672484605127,1.0284724857110834,1.0277579137863062,1.0224005107387653,1.0193808252932242,1.0283781792254854,1.0317780151737153,1.0199681111120615,1.0194706481998799
16.53171318722889,1.006918530372899,1.0168171019300556,1.010980267317008,1.0321388328400358,1.0294569255833756,1.0229766399863316,1.020276942939836,1.0276143853320352,1.0244097506089191,1.0224903987133578,1.0165863740226595,1.0162129023683444,1.0277273035956134,1.029831782080239,1.02214386479024,1.0155097987022665
16.603362374939024,1.0115274079572465,1.0082500822579625,1.0102281040606769,1.033686810639123,1.026348241773343,1.0235955775355619,1.017165838020652,1.0299442165908699,1.0276683200297911,1.0254217770039,1.0183867750528302,1.0181419616041902,1.0302700472911979,1.0284192592500347,1.0215919577127086,1.0138984399945303
16.70517056202516,1.011120011499632,1.012147309448809,1.0105304850450434,1.0244975095577544,1.0229928731204911,1.0273396669847867,1.01694365653648,1.0288872445520225,1.0318315403572549,1.0203671462543136,1.018394479478993,1.0173082392332202,1.0277273035956134,1.031904967337515,1.0234012349607735,1.016727042015735
16.78785197902471,1.0100666908128075,1.0132517590710806,1.0115663910154877,1.0344872333794763,1.021680549640003,1.0204218551166129,1.019650803232356,1.0288872445520225,1.0284724857110834,1.030262455924257,1.0194774660661978,1.015858041279744,1.0339032642072512,1.0328031980728867,1.0170701064741465,1.0178801940242699
16.861505354288965,1.015758356242062,1.013547379123274,1.0069636368033612,1.0310923898218465,1.0253543438066344,1.0193086356815773,1.015484401418335,1.0282357254091539,1.0307423296363067,1.030097514929564,1.0194774660661978,1.0132249388074277,1.0278960303440938,1.0260631345818887,1.024727231780055,1.0128491320408388
16.935190624557436,1.0134803526670164,1.0137457128326897,1.0121032489670143,1.0333213406245108,1.024121139827632,1.0265347535954992,1.0147937598814398,1.0301672484605127,1.03369230822454,1.0250882970543556,1.0127372800067065,1.0142374444327178,1.029478441953083,1.0309976283458817,1.0197217419256963,1.0138984399945303
17.008957895915955,1.00748041247324,1.011396405758099,1.0098197314628345,1.0290661282554894,1.0277903385063023,1.0199367389305987,1.0195105243248295,1.0292155311446032,1.0335896346160423,1.0259823544963398,1.0195313178826246,1.0197851707846437,1.024324109742049,1.0290099727458832,1.0226552666274866,1.016844277021014
17.083710895385593,1.0117119681239217,1.010042493323387,1.013472614710358,1.033051430901758,1.0268406227112732,1.025957933522078,1.015484401418335,1.030306689619376,1.0329766271243315,1.0270655187621949,1.0183867750528302,1.0159297770519717,1.0302411376311362,1.0325329923212545,1.0205938197677709,1.0175063069879238
17.159960499964654,1.0121196571316293,1.0131428916867058,1.0152475612575276,1.0322324962977978,1.0236663757069344,1.0249725901181694,1.015484401418335,1.0271737861160253,1.0298406917748684,1.02308235201345,1.0161131676317345,1.0200934636618422,1.0260077406002237,1.0276721415259655,1.0240730607838164,1.013470447810446
17.239140291698277,1.0120046743928572,1.0101558366434633,1.0078218487901072,1.0326288113643822,1.0277666684434341,1.0286037277494315,1.0124613093932917,1.0314016543482014,1.032698382988134,1.030701581373708,1.0194255868706597,1.0136303647095082,1.0323435423465765,1.0310025121153654,1.0209705173497485,1.013917936890438
17.315384457819164,1.012962826285006,1.012355110882242,1.005039465504651,1.0273332329698186,1.0248152752447468,1.0270271428933004,1.0179087878494801,1.0296442873674014,1.027964517579079,1.0220761129536906,1.0227850338710844,1.0210520819198754,1.0282401822275893,1.0322936930606312,1.0202362678570585,1.0103928633025687
17.39802635414526,1.0108038452587143,1.0141935143372702,1.008504201570837,1.0315533379697082,1.0305972834234358,1.023005424477604,1.0137269255032753,1.0246464740878547,1.0338818227751196,1.0258986561488517,1.020190140271295,1.0210520819198754,1.0300311862703877,1.0282056415422873,1.019709360465649,1.0150054059082592
17.472318937070668,1.013550622373005,1.0076522562559262,1.007103770889342,1.0340686263620011,1.0290076495608593,1.025575948933503,1.0161456714092554,1.0330509973657171,1.0279597958470499,1.0272373416274838,1.01841618691962,1.0210015025070445,1.0293438312124323,1.0342604416920722,1.0176156918806938,1.0164654659907675
17.561901582870632,1.0151237968202171,1.0108326596483568,1.0089777184296718,1.0280251691330307,1.0241793138977482,1.0231862876750148,1.015484401418335,1.0294124539283733,1.0315917848058342,1.0252713642665072,1.0216057337632936,1.0227472495378878,1.0286575536824012,1.0315617046907803,1.0203418195054643,1.0148080777177126
17.67163089569658,1.0063437587079966,1.0108326596483568,1.0080584154567611,1.0285489566009436,1.0301949173187668,1.0267851007565243,1.0115979086688045,1.0280141078234781,1.0302632228812783,1.0251356373806122,1.0235120808680234,1.022837447315818,1.0305177892971356,1.0324263374258176,1.020802856712693,1.0185838116399104
17.746091229375452,1.0055686308160732,1.0123177863741226,1.0080584154567611,1.0274868519415024,1.0322890216273248,1.0231862876750148,1.0124613093932917,1.0303130268862193,1.0299227061245864,1.0272373416274838,1.0195114139926682,1.0210015025070445,1.0298962905646274,1.0290674137660698,1.0217517908157712,1.0191784528131422
17.821131708100438,1.0164578783010523,1.0086216518122662,1.0099497862347224,1.0275659559618289,1.0276959763481701,1.0230236609100307,1.0144800460275265,1.0329205841539622,1.0274848901423421,1.026773339542361,1.016433179737104,1.0232405841442225,1.0288679806145231,1.0332613458587436,1.0168166416001778,1.0121147565654462
17.89594337530434,1.0059839416005194,1.0072423569490068,1.0071183580494825,1.0232637946170433,1.0305113429849937,1.023916843754232,1.011248821708815,1.0327681587576434,1.027040206485636,1.0277911605263483,1.017777167989658,1.0205442620837362,1.0292888631924026,1.0279657369328545,1.0192829519151052,1.0111679875293373
17.96972258295864,1.007511027124228,1.0127795343863029,1.010231811621819,1.034737075234575,1.031447329990812,1.024298504139427,1.0137974051638932,1.0333887548572696,1.029734231110547,1.0276464468272442,1.0226078284598636,1.0219771492049945,1.0344412502961355,1.0259792229889573,1.019721021978319,1.0146592877729306
18.04298562463373,1.0093794510882599,1.0105390295574481,1.0086818248010094,1.033617983807216,1.0277987703934046,1.0183030561130064,1.0151816614703713,1.027100315412269,1.0316096779775081,1.0292402799151807,1.0242631158407496,1.024861970474616,1.0305177892971356,1.0326940810640357,1.019721021978319,1.014384077134807
18.120315708220005,1.0156341778451536,1.010722159046181,1.0040879649898136,1.0279018932521542,1.0305972834234358,1.0217438179564768,1.0140668191024973,1.0306420385647488,1.029058327332348,1.0277911605263483,1.0195114139926682,1.0210015025070445,1.0305738041426937,1.0310399292801997,1.0137059700124469,1.011963248142646
18.196131916251034,1.0082646447391084,1.01237058280793,1.0084624879759578,1.0342559389515469,1.0284132335271172,1.0215007718465128,1.0162343280192827,1.0254538692823356,1.0268988539502883,1.0267410510584243,1.0223102988328403,1.0185806047471506,1.0299842927501557,1.0315400868885936,1.0193038706174051,1.0096523388890701
18.26981822913513,1.0096246238676962,1.0120501835473743,1.0110234489109236,1.033509515406679,1.0284311010595555,1.0222697941020304,1.0179110053973308,1.0296945266183084,1.029058327332348,1.0277911605263483,1.020448716589613,1.0245714794004814,1.033359955752616,1.0355028427836734,1.022652643804478,1.0157183478988614
18.35637935437262,1.0091926901428505,1.0120501835473743,1.0099497862347224,1.0308878161118,1.0261079092114676,1.0235279557474846,1.0128472892489855,1.0331252824725319,1.0286904343924839,1.0319728276364155,1.0205199897503359,1.0238929597011674,1.0251302966820965,1.0326940810640357,1.019721021978319,1.0137763298104598
18.43040454154834,1.0126986167389551,1.0107213353410276,1.0156831059704856,1.0266599869377855,1.0294699346757323,1.025997077041675,1.0157805946670673,1.0291290920451102,1.031987141902975,1.031986696595179,1.0192739712807826,1.0215053769071136,1.0298867159715783,1.0318769252628142,1.0166601456416813,1.01862445285473
18.532270749565217,1.0042410730649975,1.0120501835473743,1.0136493517740681,1.0293122251310935,1.0296504328496179,1.025375474820128,1.014937784950242,1.0289562345517256,1.0303183483803704,1.0310932928196337,1.02150472168781,1.0207218307103894,1.0299102718989521,1.0355401607348775,1.0187687251672455,1.0160825123745625
18.606335791759193,1.0135062221005535,1.008306519506932,1.0136493517740681,1.0295125798916973,1.0323397136607988,1.0251301302789158,1.0137173257505123,1.0289562345517256,1.0327012151119426,1.0295361314162987,1.0177567507825902,1.0208912449993122,1.0312479608226897,1.031300973745986,1.0217032788997722,1.0112775912381342
18.680175562854856,1.0078261556597674,1.0114145583197056,1.0122233818267496,1.024742740085222,1.0277733475732511,1.0271971556506772,1.0180016546332011,1.0288111929458221,1.029754142949896,1.0326775357895661,1.0218042989491283,1.0175885197881032,1.0297635413800268,1.0305459762127618,1.020837876100041,1.0092086337875792
18.753595125395805,1.0129745562670598,1.0116305407109134,1.0124041189595134,1.0310460771695245,1.0237920421656015,1.026017966712076,1.0148269203149143,1.0308923581966662,1.0317213618868577,1.0319728276364155,1.0223102988328403,1.0208912449993122,1.0275905664617915,1.035099712346286,1.0173530920381666,1.0095810857973846
18.828481916803867,1.0109280668828315,1.0102578835013099,1.012296105277081,1.032650501432888,1.0241418632374446,1.028468737599982,1.012563630561521,1.0279309075623202,1.0305837669685227,1.0327315626092455,1.02600056732485,1.0155493385180594,1.0289790795298037,1.0297718165240137,1.0161907010802698,1.0134452100252014
18.9020130620338,1.0131966511197774,1.011225880290236,1.008065778861878,1.0315853591394752,1.0278611340865635,1.0260886696280371,1.0113270784990653,1.028695857469709,1.0266853958650608,1.0330173023753786,1.0221589949390597,1.0212871884475518,1.0278226363268297,1.0305728783853423,1.020264251007079,1.0137763298104598
18.97581052081659,1.0134544862488117,1.0117523083258504,1.0150912422957405,1.0315853591394752,1.0244977222836973,1.026017966712076,1.0136964430155089,1.0240298745073906,1.0244996392025925,1.0325056407070252,1.0234968977041408,1.0188900924018207,1.0284204033081474,1.0295959827023637,1.0183340202758573,1.0181874020407484
19.048700083512813,1.0125808374647358,1.0086013797003148,1.0081935373190305,1.0357362252036735,1.031158501817209,1.0236928571076935,1.0175061609498088,1.0268311334406404,1.0296651752487818,1.0339151120837342,1.0252952389778778,1.0159983301842102,1.028592167432335,1.0298066602388884,1.0147460397229093,1.0098215596481686
19.140712729189545,1.0126834313223452,1.0100029923636875,1.0108146012912365,1.0310460771695245,1.028634448307528,1.0217569686826442,1.0137174242377827,1.023270653580428,1.028895819975713,1.0350482519321365,1.0234968977041408,1.0183981005931282,1.0286618046203155,1.0311182455086358,1.021005437719895,1.0134979407694376
19.21690872916952,1.0156385370440946,1.014929245062598,1.013314226421729,1.0286358951690584,1.0267181956107876,1.022099553925702,1.0138016719671685,1.0303308503968218,1.0341173866493671,1.0324604252821317,1.0186364916392885,1.0229159817441693,1.0282673980633135,1.0265230714191755,1.0196877955131536,1.0071644734328737
19.29251697892323,1.0152123022324393,1.0087887158215587,1.0108659668284237,1.0270086946136499,1.0246536545780924,1.0207979401253464,1.0132492404418154,1.023903192903431,1.0276844012389448,1.0356049757719807,1.0269132783239778,1.0188900924018207,1.0288041675905315,1.0268034275259255,1.0186963078491384,1.0152901501365565
19.40052860369906,1.014701962345261,1.0155568090069778,1.0108146012912365,1.0306213821389218,1.0261121656929841,1.016390496533987,1.0132492404418154,1.0242665005219018,1.0296382190202675,1.0330173023753786,1.0178290785951352,1.0206482290950682,1.0270359568000667,1.026962032327449,1.0212829861112227,1.012845104603048
19.477686979342252,1.0099814244857699,1.0158438357315323,1.005096182392945,1.0324949532375107,1.0262375684703675,1.0217944295883412,1.0095795527602671,1.0319337298391373,1.029031387607802,1.0312316030314497,1.0201291382468924,1.0146956633881132,1.0250816403525298,1.0265230714191755,1.021005437719895,1.014014139747374
19.554105020593852,1.0159683683609935,1.0122658754394918,1.0061309944640258,1.0309121390662306,1.0218324934788647,1.019685240333936,1.0174500127146964,1.0277601151509408,1.0278262598164845,1.0310168963931368,1.0162165295252439,1.0136682548563118,1.0273527302418055,1.02867216025222,1.0161157182248857,1.00761078134402
19.62960756244138,1.011468330416279,1.0088629973737895,1.005386947092883,1.0305475733033886,1.0242639265984161,1.0199035772820264,1.0170358017369705,1.0279309075623202,1.0322024879143485,1.0342274928272346,1.0181409733687696,1.0222206724682783,1.0304145249446308,1.0227763755977344,1.0205644332486206,1.0095353727213132
19.704740228597075,1.0082217622141725,1.0139444343015873,1.0084065141069658,1.0307567812127956,1.0269663991308433,1.0279150911827333,1.014678532416985,1.0319959461925416,1.029031387607802,1.030910826312874,1.020183132244792,1.0228668512339825,1.027324613380872,1.0265230714191755,1.0182643697394216,1.0062350144740415
19.77921366598457,1.0149627365604026,1.0038249629870721,1.0097372802624072,1.031768057118965,1.0266950390394067,1.0186458398218845,1.0177700290344107,1.0301184212421655,1.0318235330817196,1.0286582198539909,1.0181409733687696,1.022672613644839,1.027324613380872,1.0275195383112088,1.0219557799614962,1.0089249586863895
19.854328041896224,1.012229444468533,1.007550362353557,1.0092350344704417,1.0299670954045004,1.02213350059073,1.020689528790529,1.0153570773452603,1.0254583699613438,1.0296429696671474,1.033268589486272,1.015352536926528,1.0253200503346531,1.0237151843745111,1.0273902829286279,1.0188496587714984,1.0134401668037143
19.938835250213742,1.0143277931561268,1.0107093198512649,1.0092350344704417,1.0299670954045004,1.0256929253787308,1.020689528790529,1.0153570773452603,1.0254583699613438,1.0296429696671474,1.029683458957645,1.0181409733687696,1.022672613644839,1.0257949108253541,1.0275195383112088,1.0192461111477693,1.009263208322275
20.01445679180324,1.0099814244857699,1.0106329877520097,1.0101265879284527,1.0279694798609587,1.0228371638492075,1.0196117569717364,1.0160797731666398,1.0248750046159356,1.0296429696671474,1.029683458957645,1.0186364916392885,1.0228668512339825,1.0288041675905315,1.0270511091587398,1.0172589622432668,1.009263208322275
20.08989343745634,1.0149153344085264,1.0106329877520097,1.0101265879284527,1.0317945638939259,1.0263714040043768,1.0179213053463376,1.0162248259391309,1.0262427810844552,1.0328913719076676,1.0257982891896478,1.0180626625955198,1.0271525454126471,1.0288041675905315,1.0231568448298725,1.0151028245395988,1.0103737350153175
20.182815104257315,1.006092264617179,1.0106329877520097,1.0140899846464722,1.0239937806597237,1.0249311012951612,1.022180664423397,1.0176701847914114,1.0304744968673416,1.0250752760350943,1.0272606931345165,1.0177630580603565,1.0179965520894565,1.0273819760520526,1.0225323491913532,1.0161214215734493,1.0139020597397583
20.29136314569041,1.0083444880218686,1.0099417550876648,1.0037891293532109,1.0273168766783356,1.0211781773468247,1.0220298494318683,1.0168456587721972,1.0232292783259278,1.0252676458064414,1.0261700054398348,1.019896099836666,1.0155044340817523,1.0309432135829437,1.0271275641478046,1.016176300821493,1.0135445254285373
20.366794229485095,1.0055719737406899,1.0156420396159496,1.0053156188053474,1.0281914869433806,1.0203352871913451,1.0221767723923556,1.0181028470920932,1.0261851547418674,1.0252159568345667,1.0283926667568857,1.016752491945928,1.0220208975774343,1.028734521770946,1.02725690744844,1.02032723611888,1.016711214608701
20.442084020469338,1.0070153740777406,1.012120067430557,1.0103198859189493,1.0337074570609424,1.020685103871354,1.0256470203896249,1.0165076789595748,1.0333570731915556,1.028385884758978,1.028214563126551,1.018143720663986,1.0179965520894565,1.0304108677696928,1.0265916120051968,1.0252699915502348,1.0128025524604272
20.516962041612715,1.0044811791255155,1.0084267389510075,1.0106200326910706,1.031695586293059,1.025003448742399,1.0228956869526409,1.0094636155154821,1.0285857706233987,1.0299547075087236,1.0240369931265387,1.0169031145312475,1.0190140648393933,1.0273819760520526,1.0309355944621343,1.0162477976967446,1.0121967526633786
20.58834262518212,1.0055906514731832,1.0146754825570594,1.0063172186140128,1.0259654453564615,1.0212909156462675,1.0230761954572571,1.014636072147809,1.0298249683975484,1.0305636664291051,1.0249217144035558,1.0228531915681724,1.0169341352642958,1.0318120538889304,1.0255820844265913,1.0184396941003393,1.0135996936694913
20.660177166573703,1.005130789404295,1.0103611183371406,1.007575840373533,1.0342170670801145,1.0272253182361377,1.020606993064668,1.010810492960213,1.034579168252742,1.0285651862013403,1.0257466213467648,1.020222851476471,1.0094137256908144,1.031358596842526,1.0253983461580758,1.0186862689004659,1.007031319417459
20.74306795792654,1.0067264480689286,1.0116313726395043,1.0142837258914366,1.0289742199491896,1.0302043694414866,1.0252747112086358,1.014208766199035,1.0262680449825643,1.0333676042525288,1.0269316974112515,1.0183725939889823,1.0160075945368066,1.0278232028078442,1.0338352016587211,1.0244944415725175,1.007655562571549
20.814533312804997,1.008285931364097,1.0120656498403264,1.0137971378632717,1.026716241543668,1.0304094674449005,1.0230761954572571,1.0171877415072244,1.025047429039602,1.029021793768205,1.0299330714498642,1.020222851476471,1.0169341352642958,1.0315979738307421,1.0310154955199626,1.0218644104435042,1.0100099781540883
20.886044416576624,1.0064639940993938,1.0116455791033425,1.0086188973973653,1.028180430428301,1.024849740097587,1.0230761954572571,1.0104319986570847,1.0300804606070602,1.0325512249917614,1.0281227045595522,1.020222851476471,1.0169341352642958,1.0278232028078442,1.0255300133211376,1.023269498484595,1.0128025524604272
20.95747487479821,1.0021833911709723,1.013848296924693,1.0137803124184797,1.0289742199491896,1.0209805993250836,1.0179212030133953,1.0136512885240465,1.0306195785448535,1.0286214462505676,1.020562513258917,1.0193073378967281,1.0174493093500707,1.023859352104629,1.0257525904909373,1.0223682327338377,1.0126985759188978
21.028391687665135,1.0070738569473277,1.0116302361429763,1.0121792902788223,1.0289742199491896,1.025686226804834,1.0191304963546768,1.0136512885240465,1.0297420132775066,1.028553904891532,1.0249217144035558,1.0193073378967281,1.013492639273656,1.027897390413739,1.0285335611150939,1.0181014955158518,1.013783329711712
21.118502916768193,1.0070738569473277,1.0116302361429763,1.0121792902788223,1.0289742199491896,1.025686226804834,1.0191304963546768,1.0136512885240465,1.0272768387416316,1.0291899177970856,1.0249217144035558,1.0193073378967281,1.0133268664466049,1.028298696357501,1.0337615755724028,1.0195014433171496,1.0140132318646216
21.20772952074185,1.0041684737267351,1.0165677293117596,1.0063857801842129,1.0243699558376922,1.021120767511528,1.0191304963546768,1.0112332460383062,1.0272768387416316,1.0259039858746346,1.0244539793982015,1.020913308991355,1.0096750081021386,1.027859091454778,1.0267407702457068,1.0235509782714216,1.0131971212924518
21.281032312195748,1.0080411910832003,1.009982759488601,1.0116964966290092,1.0256611829846844,1.024639626425115,1.015834333184125,1.0124454237536475,1.0356198169054462,1.0272645890653571,1.0268295973502746,1.0163186152775616,1.01455475270592,1.0225933100529738,1.0323099451859374,1.021826063933135,1.0156994491527152
21.353436020668596,1.0046337995033354,1.0165932842058238,1.0158103431180263,1.0239077396269107,1.028129398276844,1.022105752805956,1.0106659288277755,1.0232204265621627,1.0247931364657883,1.0244539793982015,1.0160079238719473,1.010595473667822,1.0276671235674053,1.0298703308798316,1.0222846645318486,1.0131971212924518
21.425518166739497,1.0080313208978002,1.0139608346918383,1.0092385892312679,1.0309153842496974,1.0221221334033734,1.0196026788083208,1.0144714358006603,1.0260803397194893,1.0298863719741267,1.0245635231214796,1.019045638583208,1.017107873318867,1.030971302594037,1.0324606219769668,1.017462613970053,1.0136201588752234
21.505523375235494,1.0068298982356048,1.016902359594616,1.0097169455739854,1.0276378054870985,1.0289816709399071,1.02124613019635,1.014138483300862,1.0265442051357399,1.024342648583265,1.0237284013252816,1.015059077969733,1.013072454905538,1.029035035793651,1.0261545606053184,1.0189968379987968,1.011452873228326
21.577006458304822,1.00419485991526,1.0140865264723684,1.008081474722226,1.0277063068643209,1.026887614560859,1.016792902371149,1.0171521335304028,1.0250091219141793,1.0211943478186323,1.0286420787555415,1.0184367975837971,1.0205256426879799,1.0268582636720627,1.0280393493952829,1.0171543571628912,1.01226757884261
21.64921533316374,1.00419485991526,1.013848296924693,1.006438714232296,1.027050518476373,1.0263624334937906,1.0235649435355165,1.015201248641647,1.0314117019848383,1.024294358012811,1.0290924546056497,1.0113217543120592,1.0202617958499944,1.0251132652153834,1.023920392517082,1.0199856860804954,1.0140132318646216
21.720198187511414,1.0040691978537024,1.013046360126895,1.0097169455739854,1.0244150383559842,1.0246556517254954,1.022105752805956,1.015443780478025,1.0265442051357399,1.0272645890653571,1.0277394590443962,1.0149501124627323,1.0192294142238327,1.0266832820179403,1.027162010082675,1.017462613970053,1.0136201588752234
21.791450166143477,1.0041684737267351,1.011428385373817,1.0103180266517722,1.025057193380744,1.0258913071979678,1.0185199334750321,1.0161781530086618,1.0227540696560393,1.0286804927513347,1.0224997164175642,1.0166218479478981,1.0194111374991772,1.0268582636720627,1.0301726941631775,1.0192227110663623,1.0156994491527152
21.86541979154572,1.0041684737267351,1.011428385373817,1.0140703750941156,1.021945887032492,1.0253158126841841,1.0197316312916056,1.0161781530086618,1.0233478828949818,1.0286804927513347,1.0275637763122738,1.013305035673329,1.0169660314809628,1.0268582636720627,1.0301726941631775,1.0192227110663623,1.0189125341223797
21.96796774957329,1.0022387962637778,1.0166612853760222,1.011856608645579,1.0299925365299805,1.0274061974274902,1.017970158381229,1.0120676561395758,1.03047018053061,1.0328517612612116,1.0281380725770515,1.0185985678701983,1.0157051997282864,1.0265695042554492,1.0313739289125186,1.0185741671739355,1.0112552866717681
22.04297962458804,1.0055220908304163,1.0180700203559185,1.007866201417127,1.024647692735315,1.0307345044320009,1.0211021493989085,1.012804597019146,1.026660675131247,1.0291920326618385,1.028734402968689,1.020633745700277,1.0159261133151662,1.028968157316406,1.0305758608901174,1.0224094468341491,1.0101860715628428
22.12268964573741,1.0089804963856186,1.0108615167669293,1.0106813802101107,1.0318981525349478,1.0233476818150467,1.0235637681198142,1.0144714358006603,1.0267468008360174,1.0310940934617305,1.03390104832989,1.015420905569296,1.0185357892406608,1.0294965105017346,1.028473463685903,1.0204553970760932,1.0086789453632203
22.197131583001465,1.0028810381564583,1.0121354816448884,1.0087935367656429,1.0291140405780141,1.0237648114141762,1.0256885662748805,1.0144714358006603,1.021871869677427,1.0321751234222796,1.0289119723223141,1.0149182032185575,1.0176190908780791,1.0315712781541775,1.028473463685903,1.019467535616292,1.0118422388653252
22.282127437647432,1.0089804963856186,1.011428385373817,1.0093073755964694,1.0345745442466743,1.026393926214166,1.0197755359371272,1.0160014773997805,1.0292237116823268,1.0271854203900217,1.0238171410308032,1.0194857172502185,1.018508758134998,1.030994933830522,1.0291955486815059,1.0186613360464325,1.0138809413230416
22.35504312487319,1.004728268632764,1.0155653788532941,1.0087690670405178,1.0352773628237415,1.0260454914375947,1.0233330617838932,1.0157066925781295,1.034921697666079,1.0309179614915351,1.0327109485809307,1.0116424285117527,1.0171356768782096,1.027984342018077,1.0317517685633546,1.0144767818317968,1.0193886577087805
22.42667047912255,1.0091914841012846,1.0154114660800313,1.007866201417127,1.0276943255530242,1.029496000629079,1.0225599073522775,1.017578791232949,1.0318562041026493,1.030050059315474,1.0305373134616485,1.0143411933877737,1.0182357756720208,1.027409559379601,1.0313739289125186,1.0186613360464325,1.0151329686124693
22.498890020418912,1.0128254714732456,1.01260126473833,1.004056384996887,1.030498129955932,1.0258913071979678,1.0273607481787994,1.021530793626515,1.027766798121078,1.0313562859011605,1.0278491604057762,1.0189256654638104,1.0199951143360855,1.0252878906922054,1.0291955486815059,1.0151809757367514,1.0138809413230416
22.5707970620133,1.0131609854005494,1.015198862235293,1.0092813045665838,1.0307068164147781,1.0244384901171237,1.0250809834749288,1.0174650867893522,1.0278077968220793,1.0313562859011605,1.025781656184511,1.017889141280577,1.015478128455774,1.0301573673977977,1.0315901959776164,1.0241100692240988,1.0130670249107203
22.645791937597096,1.0113015436356272,1.0135285984682112,1.003410809670163,1.0325939400543165,1.0290403648115032,1.027639882299141,1.0086880022423832,1.0336568231215681,1.0320576986535217,1.0269016774868467,1.0163096924796253,1.0135009876860055,1.0239628792363213,1.0313739289125186,1.0202963361366502,1.0179019953735369
22.7187558747828,1.014229461651728,1.0118120638995183,1.0066820123561382,1.0290673022151653,1.0283667912536252,1.0197932151102544,1.0153607925399641,1.0312186230395708,1.028558686874886,1.0278019833940064,1.0212630721050027,1.0165417721520196,1.028663933926551,1.0297453313530467,1.0245667760592652,1.0166201366784497
22.820411999709904,1.013641463810645,1.0070026447193372,1.0091209930734497,1.0311272533455504,1.026171300634746,1.0164925713144428,1.0113119118409213,1.0324352958444658,1.026267121165432,1.0278291618065336,1.0159774146709157,1.0195766570954377,1.028800649274592,1.0274049957297562,1.019467535616292,1.009871420598037
22.892707061953843,1.0129836234787146,1.0068341013788922,1.012598956369386,1.0336215785589173,1.0236960632648675,1.023421811182017,1.0104772021499953,1.0297569870681134,1.0268258992235442,1.0229126451887436,1.0197999307844008,1.0149995922230806,1.0258029310948293,1.0324094585516759,1.0163211726314885,1.018219443368105
22.96422379137948,1.0118415497648658,1.0090857056514477,1.0092813045665838,1.03122504054266,1.026216910165129,1.0203333304945839,1.0140176657093678,1.0288450176510793,1.0275256844822187,1.02962258053677,1.0164744497009826,1.0174827717646815,1.0300623266864655,1.0304045952559369,1.01939172733297,1.0139768223813035
23.047943125478923,1.0149414878548522,1.010559206215419,1.0092813045665838,1.0291140405780141,1.0249607835887382,1.0188819016317292,1.0165924916128897,1.0281425651081677,1.0334773270847482,1.0213237584227193,1.0214241629295144,1.0140326837270752,1.027714930152715,1.027566471039404,1.0202676655695244,1.0109747035288732
23.122643562033772,1.0190209571712285,1.0112574004390062,1.007441110170244,1.0234809606433963,1.0247224046580232,1.023011268055096,1.0169253511852856,1.0312424561130544,1.0324315449341488,1.028375540930986,1.0192763758397598,1.019068315336322,1.0318555417721766,1.0288187195903817,1.0187703781896333,1.0087112720477611
23.196937166154385,1.0158759347365596,1.0088280502026408,1.007441110170244,1.0274611903189783,1.0284057009618763,1.0247156858988402,1.0130048704475767,1.0288450176510793,1.0316966008280373,1.0252612516915907,1.0214241629295144,1.0169632253472207,1.0252332979941015,1.0286693618291918,1.0187703781896333,1.0089540857077348
23.269539958331737,1.0173201183108664,1.013083733241917,1.0113080271924708,1.0289716162082745,1.0278422857123013,1.0239131075766756,1.0172696002046155,1.025465427621778,1.032606074621583,1.0257820094901384,1.0224773464457406,1.0182130454857916,1.028862180889394,1.0302240272367953,1.019691340753827,1.0152982554437564
23.341834229417145,1.0150954885325707,1.0062113895809153,1.0152982440600484,1.0273696063190423,1.0254830156563188,1.0217123630262566,1.0132078968584064,1.030343533863776,1.0323652066140325,1.028713609544218,1.0192381060794473,1.0123902090992172,1.0325087341471528,1.026964623762476,1.0165003698950263,1.0152982554437564
23.414154624566436,1.0113782524641002,1.0085932706877119,1.0155054162728052,1.030277507123973,1.0246299503509966,1.021354936725607,1.0164669697071969,1.0259436595439733,1.027695560802124,1.028453613241683,1.0265492810868029,1.0172632045483052,1.0313604996443249,1.0284575199513868,1.0158866652591019,1.015478237703412
23.48559662513435,1.010915417122991,1.0112028208654842,1.0114513632253264,1.0289716162082745,1.026171300634746,1.021354936725607,1.0155313737643519,1.0246991229498332,1.0338286092998499,1.0251268856867732,1.0240645949258473,1.0136617678697388,1.0313604996443249,1.0282865436601207,1.0190727338396577,1.0176682141698699
23.58959235390648,1.0082600435153688,1.0108272616154979,1.0159923761347776,1.0249087252128615,1.027358991186818,1.0263217860064449,1.0183505733785063,1.0273621225610998,1.031906146998572,1.0282105996365023,1.024539601771111,1.0197171321406113,1.0279052126347963,1.0270311802761554,1.0152075979140485,1.0109234682225525
23.66144831199199,1.0076354551729259,1.006830606966373,1.0096441213015652,1.0303645958619785,1.0280997176511653,1.0242491208009745,1.015331711939681,1.0297569870681134,1.0305113476723722,1.0250727215418252,1.0241846573702618,1.0193260006836538,1.031569914968057,1.0293670558509984,1.0131858497028887,1.020054792857575
23.73240612540394,1.010983332697182,1.0039390291435955,1.0023328633526605,1.032354136087996,1.0294130410332067,1.0242491208009745,1.0175519226180438,1.0280650587901623,1.0342139669128005,1.0269656748217895,1.0222857222657793,1.0165752803110188,1.0306477946680532,1.0293140706290105,1.0152075979140485,1.0146673956951293
23.814618937205523,1.0112825891042019,1.0057314491470972,1.0058283985815835,1.03023202614366,1.0282357527889028,1.0233886948704864,1.0180127108156318,1.027549985155357,1.0335478424692988,1.0291911560893958,1.0221826862347894,1.022450185826933,1.0288933959632975,1.0277654875699418,1.0125001877219633,1.021682092620074
23.888015208300203,1.0092016726343958,1.0129379071463886,1.0105315523094796,1.0266453508684825,1.0312638948723587,1.027713276716156,1.0119836318287516,1.0314119940592026,1.0322230140441722,1.030839209822435,1.0204154029532098,1.0203608417768302,1.0240107237793838,1.0284575199513868,1.0133694982381296,1.0160012293153469
23.961006354074925,1.0097477066197051,1.0145337463389976,1.012363803773109,1.02889841359299,1.0294570583130795,1.0232140171323238,1.0163852817706318,1.0300081766718374,1.0229769582219037,1.029162182015037,1.0242646822626411,1.0198257335408654,1.0279933585110432,1.0283228675118548,1.0156490854001043,1.0142771377891204
24.03508222894743,1.0138352547970901,1.0106496446760127,1.013170695077361,1.0267951316241513,1.0331638983827351,1.0235461669422814,1.0163852817706318,1.0263801804605286,1.023587887869823,1.0320133870040877,1.0163120274420623,1.0198465014269664,1.0233728642577113,1.0293098144478945,1.0208896602548656,1.01552311200875
24.109711749944836,1.0115778258954438,1.0082280995546602,1.009306868830514,1.0300115730580828,1.0338463213323512,1.027684664832214,1.0219509108962541,1.029655122160241,1.0252766125403652,1.023527996013301,1.0248861155327007,1.0196353741869182,1.0259829655342467,1.0295150884729405,1.0116946146552235,1.0134394493350547
24.185587166808546,1.012340776052325,1.0124672383914342,1.0078374533418273,1.0301471763597387,1.0361106385027803,1.0298934655703613,1.0145998923616535,1.0300081766718374,1.0268363578711992,1.0227049385978482,1.0230876900859562,1.0184316779938785,1.026555311950587,1.0283228675118548,1.0161293272267913,1.0119092376162349
24.26139233354479,1.0103157945772037,1.0106496446760127,1.0082244308565902,1.0301471763597387,1.031627740751116,1.025105861088118,1.0145998923616535,1.0291632786085474,1.027163297434201,1.0274554334481019,1.0204154029532098,1.0201333193753668,1.025758551256408,1.0296139380364044,1.0178559498933628,1.0128963041291785
24.3381478744559,1.0060272528744143,1.0108349207089595,1.0084650435688942,1.029276507895613,1.0326553271925731,1.0242411511429512,1.017261166764079,1.022443152278843,1.0261745287346924,1.0274554334481019,1.0204154029532098,1.0245165245778753,1.025758551256408,1.0296139380364044,1.0178559498933628,1.0149967338680481
24.437119895592332,1.0071414295301309,1.0132128321062421,1.0134011726825312,1.0270759120545114,1.0323846122536575,1.023261050072603,1.0175472633881164,1.0285551035420761,1.027474187502702,1.024513854726443,1.0215566176609885,1.0168975867283867,1.028471672257276,1.0291092242107702,1.0125500445850604,1.0134189173429309
24.510312020778656,1.0074171106463548,1.0160467132773703,1.0085202451156137,1.033403688070117,1.0239538447449958,1.027542232995694,1.0165094964561026,1.0273366475343535,1.027474187502702,1.0225083240148656,1.0201014933655852,1.0183311560921684,1.0297628413819724,1.0261597700804426,1.0171671274753384,1.0134189173429309
24.592520041856915,1.0075882559051663,1.010476770892154,1.015255175487778,1.0373215003631175,1.0238140156604338,1.0231669615397858,1.014403151507742,1.0329470359425275,1.0261567105631255,1.0236093573162202,1.0152006326251113,1.0228344693170313,1.0256623794834503,1.0291940215980688,1.013986308374842,1.0097078918213223
24.66686172923073,1.0075882559051663,1.0129166840243984,1.0116963513092805,1.0296114244370773,1.0278576210266026,1.0188902672877749,1.0162474527154517,1.0289312316430939,1.0234599570555172,1.0251533438093678,1.0213206922277582,1.0253055199992236,1.0234644391205514,1.0293539852981155,1.0178658215221903,1.0175205485791308
24.741390583105385,1.007027549072058,1.0150504030246246,1.0102060564389181,1.0314141775581764,1.0249759668433058,1.0279956483740857,1.0109655428332147,1.0275928269550085,1.0292412301212681,1.033967782419005,1.0174423212347317,1.0178147956533263,1.026584375007242,1.0285923182052805,1.018795828741244,1.0149512923471482
24.817012708634135,1.011688807183016,1.018007257534114,1.0096566557682018,1.0282600197957101,1.0303696490902619,1.0271263693549908,1.0163852817706318,1.0294440484484162,1.033273254822357,1.0309823312263593,1.021050408681651,1.0207259115087925,1.0240799394072655,1.0321415019103466,1.020232355725942,1.0100953368508938
24.8899712911807,1.0102577382968416,1.0180258158626465,1.0085779897510334,1.0334153019700025,1.0260995436763887,1.0263067696125248,1.0131911347337832,1.0308317871209265,1.0295732241710052,1.026641907858395,1.0215940713616187,1.021547023188142,1.0248623704831803,1.0321415019103466,1.0193001299570579,1.0161454613390353
24.963763249572366,1.008499428005719,1.0125789161326304,1.0099254842337704,1.0318074023601311,1.028878929537493,1.0189945031663152,1.020715422296941,1.035392337544463,1.0290621737305348,1.0223342180662238,1.015080619793286,1.0173270632443774,1.0309651860300302,1.0308771155280831,1.0205517678489375,1.0119275680399218
25.03699381230399,1.011796198314303,1.0070466405502738,1.0104655170511128,1.0306319903992667,1.0273388669039363,1.024528865105731,1.020726892785407,1.0294219765445685,1.029886876231787,1.0328651062340717,1.0173301719322305,1.0207259115087925,1.0249836051041088,1.0321415019103466,1.0193001299570579,1.0100676466170884
25.110719541087747,1.0086032844481583,1.013410482884723,1.0065810497669099,1.0304825810582219,1.029934467336355,1.0249546027245047,1.014403151507742,1.0294660136418623,1.0309003694147212,1.0296249614416766,1.0159958982572381,1.018903842201738,1.0268606157651619,1.0293539852981155,1.0204398736538176,1.015450577858597
25.233667999505997,1.010050337631966,1.0193781902766272,1.0105562108041335,1.0262752999632145,1.0294310747979407,1.020187104357347,1.0125927795420142,1.0291922166234992,1.0302308594546594,1.032428216116913,1.016939223729562,1.0232202410576026,1.030831548203053,1.0275255915358046,1.0205652392115263,1.0179576587452965
25.308889041189104,1.0088749114178746,1.0182921265813305,1.0114693375696346,1.031870510813062,1.0270992778213142,1.0268473047608464,1.013328826041954,1.0318337597832972,1.0330672374277028,1.0328857906640534,1.0163097541158723,1.0215668350404319,1.0257974976578068,1.0313551014990971,1.0203600177871743,1.0181343078288423
25.392790167126805,1.00813950317395,1.0134647010079854,1.0122063243420625,1.0331745227033664,1.0202434058490084,1.0199419801274026,1.0171958338621778,1.0259412731229478,1.0302308594546594,1.0288495229390022,1.0135962073756721,1.020597062110701,1.0319223323821693,1.0293084889705901,1.0205517678489375,1.0149187909312751
25.467470104340464,1.0112388088631246,1.015163889169016,1.0068947854741128,1.0264148294558644,1.0254095191395594,1.0243854693745724,1.0172965403831147,1.02479217136449,1.0318296059465366,1.0308037789203084,1.0143748157772023,1.0188455070623965,1.0308752623312913,1.0304712433727339,1.0206612854139858,1.0195260869623435
25.54031283315271,1.0065282549973305,1.0150504030246246,1.0072365899115527,1.0340006297337583,1.0267106594396433,1.023034486659247,1.0125927795420142,1.0270264191263407,1.0305696085408156,1.0308037789203084,1.015080619793286,1.0261237809265324,1.0268957151388936,1.0265785975657173,1.0229888691818496,1.0182758237460565
25.61412008339539,1.0057317105297017,1.0115317421353671,1.0095539724782474,1.0290838371841793,1.0274737425429163,1.0227648519844095,1.0136470198542327,1.0278208581649273,1.0337694812403808,1.027321407503782,1.0170320977460912,1.0224572095928348,1.0254200188198372,1.0294586083280066,1.020866567431237,1.0168707354026867
25.68743170797825,1.008640607921187,1.0120921700657672,1.008908045918734,1.0238948547043043,1.0224681065800587,1.0198307785547123,1.013894942018922,1.0241002379785222,1.0357311874076778,1.0298068034463275,1.016001475856916,1.0207658245074402,1.0306766780924943,1.0289805700284462,1.0219921673263535,1.0194866370285185
25.76039760420099,1.0046470630708118,1.01034888572078,1.003708868153384,1.0288321107956544,1.0254743961347097,1.0217299231940662,1.0137234403683937,1.0263899562946897,1.037833240313858,1.0251081356724006,1.0160224487802454,1.021837630749041,1.0253767344300082,1.0270513345860814,1.024671892965753,1.012067330021281
25.83426777087152,1.0096861186207209,1.0068361953960667,1.0120371932839436,1.0230648654153605,1.026646682182448,1.0271510315279533,1.0101927369072854,1.0270592713812403,1.0283448569925642,1.0246023887562163,1.0156567076804603,1.0176408925930658,1.0248661803483199,1.0333959546877267,1.0204033909696406,1.0200131040006035
25.908915583509952,1.0087209264557948,1.0163551019546786,1.0099197357817304,1.0215258784214238,1.0282583400809109,1.0227648519844095,1.0098052966337374,1.0242013498993159,1.0293058976448797,1.0222508609989758,1.0183260096343218,1.0190438930338777,1.0281571169741686,1.0294124289869255,1.0251923850494908,1.0193303306068866
26.010523770935833,1.008862307345271,1.0086389465903982,1.009864441336175,1.025562907114668,1.02680965440139,1.0220023022793454,1.0090958705925739,1.0278491786992294,1.0327532357424825,1.0262115350699592,1.025426097529972,1.015235705882865,1.0281571169741686,1.0294124289869255,1.0217962668922032,1.01368072194501
26.084499978926033,1.007534365380423,1.013122338731688,1.0068143604703466,1.0266273648504953,1.0254743961347097,1.021148530785412,1.0088530340570236,1.026579054153544,1.030955983161546,1.0354311632032005,1.0141199039136437,1.0178826458674874,1.0281571169741686,1.030425932141711,1.0208646296597121,1.0157120301677782
26.175731979310513,1.007534365380423,1.0126619170615734,1.0093119152991716,1.0266273648504953,1.0257009038678648,1.0243302514947668,1.0125248624557983,1.0281694444728227,1.031260598416618,1.0280457849447482,1.0186409856900969,1.0176408925930658,1.0273730780849146,1.0294999369706714,1.0113176067903642,1.0168707354026867
26.251311645377427,1.0046470630708118,1.0126619170615734,1.0093119152991716,1.0266273648504953,1.0257009038678648,1.0243302514947668,1.0125248624557983,1.0281694444728227,1.031260598416618,1.0280321438810869,1.0186409856900969,1.0176408925930658,1.0286736579636777,1.0294999369706714,1.015557716432496,1.0168707354026867
26.324798563029617,1.0064407627678034,1.0166957716654532,1.0079325735877984,1.0254502295774948,1.0258661674079441,1.0271510315279533,1.0125248624557983,1.0327568503010525,1.0283448569925642,1.027321407503782,1.0180887518062212,1.0188455070623965,1.0321228029414258,1.0292559890450779,1.016933591580416,1.0152891390633174
26.39854595810175,1.0026983485285939,1.0126619170615734,1.0100306928734553,1.0238797694948936,1.0269495923934189,1.0291167822294278,1.0110604042724731,1.029926193662319,1.0288284209831215,1.025193137982346,1.015762201845359,1.0174050012398705,1.0249851714647462,1.0282230807708816,1.012855571640728,1.015129406415632
26.47217735415325,1.0015927557441584,1.0126619170615734,1.0100306928734553,1.0206711304764247,1.030582499354749,1.0201972868725555,1.0156501841836192,1.0328616775323558,1.0281395017513553,1.026230408824451,1.0191062609135977,1.0138386252748552,1.0271520473277096,1.0273379506325855,1.0103516189517237,1.0107679094289783
26.546667812392116,1.0054746424153198,1.008516053536997,1.0100306928734553,1.0283591125446812,1.0282500452956205,1.021681093373933,1.0132345260576097,1.0324472443219226,1.0287536255212324,1.026937261840165,1.0214332349363415,1.0215747212785373,1.0276258089370935,1.0324429713598784,1.0184337123527687,1.011190420057351
26.620084250345823,1.0068605728968292,1.009811581486261,1.009864441336175,1.0260786148085999,1.0270936010254434,1.021681093373933,1.0132345260576097,1.0318467622549843,1.0281683214148363,1.0262115350699592,1.0191062609135977,1.0174050012398705,1.0249851714647462,1.0287846199342174,1.0152908249293031,1.0109269557863672
26.69308422878385,1.0057951849197195,1.0117341186047866,1.0157708886000645,1.0267438352427483,1.0282295216712278,1.0288654565128872,1.0192549482141386,1.0315712997124455,1.030955983161546,1.0217814949739574,1.022362930131897,1.0196466256873034,1.0286820117806934,1.0265722133054755,1.0246771329890658,1.011190420057351
26.795054604299366,1.0113191291646364,1.0130044232711242,1.0136576605856082,1.0245760759358367,1.0269070523471984,1.0245465273811738,1.0188060268028882,1.02162897301797,1.0314701439487828,1.027169811306322,1.023091352789736,1.0205528802416,1.0248104067871195,1.0304618757272344,1.0219267436441912,1.0143636569375925
26.87113943696022,1.0050341714639224,1.014720838246098,1.0135281777449932,1.0270305113843663,1.0303573692004464,1.024689464524723,1.0173974685127787,1.0264689754019722,1.0353509166569699,1.0273720798698724,1.0232547046701626,1.0207461994907667,1.025607412166963,1.030425932141711,1.021852017158274,1.0137375192263889
26.95770699949935,1.0146161313668431,1.0133497417505388,1.0174205883687975,1.0316176565022361,1.0269301013508128,1.022704400395681,1.014381523171758,1.0255959488770423,1.0317989196120028,1.0293948823426682,1.023635879670101,1.0206160603844694,1.0235840939420606,1.029542049056817,1.0241103814337995,1.013922457983683
27.030579124577343,1.0109172148436099,1.0133497417505388,1.0132217397559866,1.0297999949340166,1.031253872156319,1.0246115118614816,1.0142537054016525,1.025367093759421,1.030414323400112,1.024036884860796,1.0227103175200696,1.021839960516079,1.0265208607533889,1.0341263251734114,1.0214658344695884,1.0121840415257644
27.10371487447992,1.0135892231605472,1.0120963269031265,1.0132217397559866,1.0291132121702478,1.0299034124084183,1.0234319204534192,1.0157850608783947,1.0245853780507024,1.0313250528993594,1.026230408824451,1.0218585650039889,1.0177788994915535,1.0220915624543594,1.0319899090484848,1.0233224197194966,1.013922457983683
27.17965877102688,1.0113191291646364,1.0104438159846507,1.0132217397559866,1.0291132121702478,1.0283659601204072,1.0249191731019403,1.0155005798824004,1.0254875061643949,1.0279176786744062,1.0295659012657896,1.026302110022298,1.0196466256873034,1.0235840939420606,1.0296020021613799,1.0198276593218645,1.0153598224019995
27.253660999704152,1.0109172148436099,1.0103600506442993,1.0120436153862649,1.028403019752482,1.0269495923934189,1.0237654013248938,1.0163260675794457,1.0255959488770423,1.0271587314805057,1.026937261840165,1.0217874347537972,1.0202361307647594,1.0268024379100396,1.031246841661496,1.020391785474955,1.013922457983683
27.327559395693243,1.0130664265791698,1.014720838246098,1.009396782760388,1.0291522585248818,1.0280005908394834,1.0243556826493265,1.0173974685127787,1.0255959488770423,1.0299197844231662,1.026937261840165,1.0178608935097133,1.0248243822269103,1.0237200288299229,1.0325743810558878,1.0200873567331803,1.0123504572259627
27.402864166535437,1.0113191291646364,1.0180257663204508,1.0095708837027197,1.0314451592869573,1.0280233504028717,1.0239235431325866,1.014381523171758,1.0223273197095837,1.0299197844231662,1.0342630121041607,1.0196095037389183,1.0215747212785373,1.0291580253673207,1.0302413463955782,1.0219267436441912,1.013922457983683
27.477879874873903,1.0113191291646364,1.0130044232711242,1.0112417571833143,1.032158958930178,1.0227274707944973,1.0230572435658898,1.0114057863812191,1.0290934094229118,1.0288951237272523,1.0313734235532812,1.018313578510135,1.021701595552371,1.0265208607533889,1.0322417500129484,1.0171087465932478,1.017677399181564
27.5538663957268,1.008022669990315,1.0107561079858338,1.009762136873301,1.028649089852555,1.019698887422804,1.0253326310096003,1.009583207930504,1.0314791766009757,1.0294651404714799,1.0291326828362397,1.017902409522788,1.021701595552371,1.0265208607533889,1.0311081058064584,1.0237494195874504,1.0162768120184462
27.65000924980268,1.0084995737830105,1.0093944829498769,1.0112417571833143,1.028649089852555,1.0227274707944973,1.024417587018468,1.0081533135460825,1.0272502565436445,1.0300769441892745,1.0277756148386108,1.021568724737754,1.0211632831086928,1.0312646190809294,1.031246841661496,1.0211322057933356,1.016956955570137
27.73072385415435,1.0084756872106384,1.0109683255051132,1.0106089272355085,1.032024039640231,1.025198331712322,1.0230572435658898,1.0103893488955853,1.029224398078075,1.0282734358572367,1.0280879673257612,1.017682394914606,1.021025009772293,1.0271942932657885,1.0356488688415793,1.0238548041814113,1.013188138106676
27.804491291753948,1.014279472172899,1.008418169566513,1.0112417571833143,1.0279396348915166,1.0250327731906224,1.0205094090774087,1.0123327567554588,1.024196770641147,1.0285196829625551,1.0288947237824515,1.0188217833177127,1.0251239629217581,1.0271942932657885,1.0306624592156897,1.0207280901516695,1.0149613546992646
27.87806429201737,1.0164148384551617,1.012577641566271,1.0105736035442898,1.0312116031539778,1.0323794919493838,1.0220017654024385,1.011647234684039,1.028729767607949,1.0322192738102602,1.0263031223131789,1.017546061439924,1.0210450388359966,1.0270927682993376,1.035052797513389,1.0209696702763074,1.013955500813218
27.952818457968533,1.0129669066334575,1.0056208004581801,1.0140970552133672,1.032158958930178,1.032261891691172,1.0201214589463525,1.0109398325700456,1.0282252068013413,1.0299485260451913,1.0253092586859025,1.0176145124998273,1.0218884384001872,1.0260454634210623,1.0320756266152464,1.0250620830050734,1.0149613546992646
28.02827166672796,1.008507746516728,1.0052876185892676,1.0078460061300456,1.0258715372541465,1.0305633056814363,1.0205232977184255,1.0094728489326779,1.031318455683673,1.0314938864696328,1.0253341767978872,1.0214615657084458,1.016627543784621,1.0292792617124367,1.0337282133361292,1.0194742614174541,1.0146048416697204
28.10133060440421,1.014172334072217,1.0070361738707563,1.0111347868636569,1.0288277692268792,1.0305633056814363,1.0244933946636692,1.0073965443383055,1.0289503635250736,1.0318704129084864,1.0280879673257612,1.0184703138831146,1.0188626954535074,1.0267285854863282,1.035051460463625,1.0199047222015423,1.0151165289204505
28.178416854236275,1.008258170914398,1.0112039147340868,1.0024178514870263,1.0288277692268792,1.0272957820332504,1.0235239999197758,1.009107689099314,1.029390835957395,1.0351678588758935,1.0323554255903644,1.0184703138831146,1.0231837861368818,1.0294192877910695,1.0341728252907043,1.022768665364082,1.0149613546992646
28.25357783352956,1.0142404550564348,1.009701139231806,1.0069344109745828,1.0288277692268792,1.0305633056814363,1.0220017654024385,1.0092572413346252,1.028011872197934,1.0322629381648827,1.0282104323171368,1.020426971966861,1.0191605334046254,1.0300868102689618,1.0308122988082522,1.0208379763037287,1.0182811401994454
28.329063458368186,1.0069821174805025,1.0105948799985052,1.0104858071147578,1.0288277692268792,1.0305633056814363,1.0220017654024385,1.0070203990173823,1.0254108733574552,1.0318862684947328,1.0282104323171368,1.0186452668747383,1.0191605334046254,1.0294192877910695,1.0320756266152464,1.025431177093839,1.0153321533348232
28.419371916912496,1.011515619565005,1.0091478855130256,1.0078460061300456,1.0288277692268792,1.0304869839939168,1.0220017654024385,1.010869837857828,1.025268339338979,1.0318862684947328,1.024017730234521,1.015895501811405,1.0155039320120542,1.0284798604689218,1.029730366994043,1.021204957416748,1.0150256240191335
28.526988020632416,1.0142139207699832,1.0108535387603208,1.0097264460322057,1.0324788126241453,1.0238002105134936,1.0226198578937846,1.0129658955938856,1.025268339338979,1.0280430829827865,1.028612078600253,1.021437785474415,1.0218264384969897,1.0282043192424315,1.0311502562487054,1.0207280901516695,1.0192642978907087
28.60312929144129,1.0114916615568113,1.0095290869269853,1.0121230223495812,1.0340937307385707,1.0238002105134936,1.0226198578937846,1.0129658955938856,1.0301584896318126,1.0313363887993234,1.0263031223131789,1.0184703138831146,1.0235146908983206,1.0282043192424315,1.0316983458012061,1.0207280901516695,1.0150256240191335
28.678017458412796,1.0097352543188565,1.010402203446476,1.0090113472481446,1.032896937373712,1.0238002105134936,1.0231694861651603,1.0105994150629714,1.0305994792380069,1.0299615963929274,1.026858834758753,1.016715675469881,1.021594852079377,1.0280979604115135,1.0346888318049183,1.0207280901516695,1.0150256240191335
28.753984165843576,1.0089953783639674,1.0091478855130256,1.0100253824396186,1.032896937373712,1.0238002105134936,1.0183220030800808,1.0109561185371543,1.0238498683376576,1.0275837118227489,1.0221186572568446,1.0260216060550378,1.015516741088347,1.0309325572442156,1.034780326288633,1.022668648647965,1.012553927012635
28.830498687457293,1.0110926690837738,1.0131776553855232,1.0088340776414226,1.0300409138362316,1.0330009008484475,1.0197872543006752,1.0119442901461282,1.0284668592819761,1.032473116585835,1.0290099978308793,1.023728317240543,1.0186849465668901,1.0282043192424315,1.0310446143050915,1.025497108359844,1.0130981326413986
28.90496929176152,1.0109477826068771,1.009190505078222,1.0091312561525625,1.0262393127068294,1.0270484503427035,1.0210510399203132,1.017388556910615,1.0289819584832047,1.0260427481164092,1.0273764248092216,1.0233361047001515,1.0188378632544837,1.0249481637080684,1.0308267259510373,1.0208379763037287,1.0164753121461267
28.979789187200367,1.0142369183273057,1.0059072478745235,1.0106985114277272,1.0276883232916618,1.0270484503427035,1.0224184386026554,1.0099690709728386,1.0253101434603664,1.0274248326294433,1.0301598474488773,1.0219941119670197,1.0207753426879655,1.0268601181160528,1.0342727990076093,1.024333472811831,1.0164753121461267
29.054117458406836,1.010349884781629,1.0053398651321934,1.0050637582725994,1.0258238830157393,1.0270484503427035,1.0256803679565873,1.0139708103589178,1.027179409271889,1.0294533759043138,1.0290099978308793,1.0228963968108804,1.0199930676036721,1.0264285032229574,1.0308267259510373,1.0208379763037287,1.0208246083197225
29.13118960428983,1.0119728454997319,1.0104619322005517,1.0109040710245614,1.029590732849381,1.0258455542899776,1.0200834371690355,1.0134469461051772,1.0269447728502579,1.0291327429837718,1.0297404869291602,1.0208109949419097,1.0163677974500858,1.0311905695602168,1.0299474360036152,1.020653619207653,1.0153321533348232
29.20803818758577,1.0097897116801182,1.014402805496009,1.0114259776477041,1.0288812604267374,1.0258455542899776,1.022648887414189,1.0110664968623104,1.0269447728502579,1.0315955349056323,1.0262905188775258,1.0270969226058475,1.0153107567782422,1.0270116088801235,1.0263567925152046,1.0237814530142049,1.014988261488993
29.35022758319974,1.0095154912179831,1.0145549323537302,1.010748926439675,1.027537481067744,1.0246270043197712,1.0175739705257414,1.0202257687371261,1.030693227683594,1.0236652493889415,1.0294174434996093,1.017526914620149,1.0164011468223748,1.028243920753432,1.0218806635065607,1.0252937515632905,1.0185159093415637
29.427624832838777,1.0087629519009538,1.0104937375088154,1.0062803162402145,1.027866678205282,1.0255756119088697,1.0197872543006752,1.0174860586804768,1.0292425490055304,1.025646373768564,1.0299439675568967,1.0195029042792223,1.016510885668481,1.0256273105359714,1.0282913965000138,1.014850013880649,1.0174361132193623
29.50417545810342,1.0049519285296797,1.0104619322005517,1.0100384339718365,1.0263870895745009,1.0301525007635628,1.020474238528481,1.0170993858754307,1.0265118146422922,1.0296865091966578,1.0294174434996093,1.021440008425522,1.0167164126741477,1.029436436924535,1.0243214737001074,1.020653619207653,1.0174361132193623
29.58106764545664,1.0095154912179831,1.0104619322005517,1.0100384339718365,1.0263870895745009,1.028346075207575,1.020474238528481,1.0137540549715152,1.022025289246942,1.0296865091966578,1.0294174434996093,1.021440008425522,1.0167164126741477,1.0320157012234075,1.0282271620563448,1.020653619207653,1.0174361132193623
29.65786581253633,1.0077745672638332,1.0075711424355906,1.005313447807756,1.025519083712098,1.0321469045512468,1.015119166034793,1.014019951052992,1.0269785666253073,1.0257572617599136,1.0265662437866574,1.0212747374849118,1.0163677974500858,1.031630729164558,1.0251049926680211,1.0213260923028922,1.0134097768741144
29.73340631229803,1.0107298648815064,1.0098757785824393,1.009233711967485,1.0255304916471981,1.0331473698137699,1.0176422418653222,1.0154496115942875,1.0291118352114357,1.0287214970066234,1.025196349817517,1.019467928559641,1.0145500626513746,1.0341414484358566,1.0262834406099537,1.0213260923028922,1.0134882186442067
29.80859745806083,1.0078076055144412,1.0098757785824393,1.0060997050342795,1.023684258382454,1.0240550216356274,1.0199462797833139,1.0164257371831906,1.0284815936311011,1.0269122015262668,1.0274030741180646,1.0184521025689852,1.0188648177113366,1.0332217190365236,1.0243508146975706,1.0213260923028922,1.0134882186442067
29.884496145881712,1.0119544970305885,1.0102617693686233,1.0095771762203598,1.0290078495568344,1.0276867119739956,1.0206931445755223,1.0175532541138483,1.02752821917639,1.0295927819328736,1.0298769212418581,1.0144688894224885,1.0163287140517765,1.0296021592161941,1.0258032907638501,1.0150631109304793,1.0141927394999066
29.95983204152435,1.0130456990975905,1.011460588374698,1.0082851629991403,1.0308675776781602,1.0291051241453861,1.0218610955799223,1.0134867952738817,1.02752821917639,1.027024220464554,1.0289435079659752,1.0179145890610881,1.0168236838483717,1.0337079608004769,1.0263567925152046,1.018318143337285,1.0191461804899846
30.034469937440008,1.0095423237323364,1.0087981879083694,1.0082851629991403,1.0289770690640077,1.0278457380000903,1.0161804025936285,1.0127573070854088,1.02752821917639,1.027024220464554,1.0289435079659752,1.0179145890610881,1.0149218215044227,1.0296021592161941,1.030342440896533,1.0191473746771293,1.0070386284753738
