batch,time_s,timestamp_epoch_s,acq_seconds,peak_01,peak_01_ref,peak_01_freq_mhz,peak_01_spike_sig,peak_01_spike_ref,peak_02,peak_02_ref,peak_02_freq_mhz,peak_02_spike_sig,peak_02_spike_ref,peak_03,peak_03_ref,peak_03_freq_mhz,peak_03_spike_sig,peak_03_spike_ref,peak_04,peak_04_ref,peak_04_freq_mhz,peak_04_spike_sig,peak_04_spike_ref,peak_05,peak_05_ref,peak_05_freq_mhz,peak_05_spike_sig,peak_05_spike_ref,peak_06,peak_06_ref,peak_06_freq_mhz,peak_06_spike_sig,peak_06_spike_ref,peak_07,peak_07_ref,peak_07_freq_mhz,peak_07_spike_sig,peak_07_spike_ref,peak_08,peak_08_ref,peak_08_freq_mhz,peak_08_spike_sig,peak_08_spike_ref,peak_09,peak_09_ref,peak_09_freq_mhz,peak_09_spike_sig,peak_09_spike_ref,peak_10,peak_10_ref,peak_10_freq_mhz,peak_10_spike_sig,peak_10_spike_ref,peak_11,peak_11_ref,peak_11_freq_mhz,peak_11_spike_sig,peak_11_spike_ref,peak_12,peak_12_ref,peak_12_freq_mhz,peak_12_spike_sig,peak_12_spike_ref,peak_13,peak_13_ref,peak_13_freq_mhz,peak_13_spike_sig,peak_13_spike_ref,peak_14,peak_14_ref,peak_14_freq_mhz,peak_14_spike_sig,peak_14_spike_ref,peak_15,peak_15_ref,peak_15_freq_mhz,peak_15_spike_sig,peak_15_spike_ref,peak_16,peak_16_ref,peak_16_freq_mhz,peak_16_spike_sig,peak_16_spike_ref,delta_f_mhz_b01,f_new_mhz_b01,delta_f_mhz_b02,f_new_mhz_b02,delta_f_mhz_b03,f_new_mhz_b03,delta_f_mhz_b04,f_new_mhz_b04,delta_f_mhz_b05,f_new_mhz_b05,delta_f_mhz_b06,f_new_mhz_b06,delta_f_mhz_b07,f_new_mhz_b07,delta_f_mhz_b08,f_new_mhz_b08
0,0.005797854624688625,1782850994.9351091,0.010873958468437195,-428.80222361463456,-413.7157792584894,2715.9999938964847,True,True,-418.7635311917353,-396.3417153161964,2720.771614496614,True,True,-554.0209829752117,-527.5511400800808,2770.99997291565,True,True,-571.0444233884525,-514.5743787633339,2777.6248020826647,True,True,-553.1564599443714,-505.7897560901059,2816.709009497122,True,True,-515.0822783262524,-482.4641317969252,2822.9999530792243,True,True,-588.7161414555123,-551.6536464223493,2866.303001911963,True,True,-571.4655255677476,-527.1723339548246,2872.999934005738,True,True,-593.2152886878382,-552.9178775560107,2898.999924087525,True,True,-570.5044319466945,-515.797486016444,2904.940258772472,True,True,-542.0875263624415,-502.63496347464616,2945.56898315595,True,True,-515.4023412904606,-466.69666075740435,2951.999903869629,True,True,-598.5108215912218,-552.2756762539353,2982.999892044068,True,True,-582.0952868539291,-520.5363373781214,2989.429982117626,True,True,-490.6141730598771,-468.13812849588896,3026.9998752593997,True,True,-442.77431763303485,-418.20125469939177,3033.8853034551807,True,True,0.689875558891528,2759.8892959693085,0.2635225127279506,2774.143740165306,-0.3454708564754302,2854.6770300618264,0.08730215404376304,2868.2850858184775,0.1788280043144822,2902.996083197128,0.28897296452140153,2974.391430686569,0.15171950045855173,2985.9913983811616,0.1873650885536052,2986.0270439692567
1,0.0731651047244668,1782850995.0043352,0.014632709324359894,-428.80222361463456,-413.7157792584894,2715.9999938964847,True,True,-418.7635311917353,-396.3417153161964,2720.771614496614,True,True,-554.0209829752117,-527.5511400800808,2770.99997291565,True,True,-571.0444233884525,-514.5743787633339,2777.6248020826647,True,True,-553.1564599443714,-505.7897560901059,2816.709009497122,True,True,-515.0822783262524,-482.4641317969252,2822.9999530792243,True,True,-588.7161414555123,-551.6536464223493,2866.303001911963,True,True,-571.4655255677476,-527.1723339548246,2872.999934005738,True,True,-593.2152886878382,-552.9178775560107,2898.999924087525,True,True,-570.5044319466945,-515.797486016444,2904.940258772472,True,True,-542.0875263624415,-502.63496347464616,2945.56898315595,True,True,-515.4023412904606,-466.69666075740435,2951.999903869629,True,True,-598.5108215912218,-552.2756762539353,2982.999892044068,True,True,-582.0952868539291,-520.5363373781214,2989.429982117626,True,True,-490.6141730598771,-468.13812849588896,3026.9998752593997,True,True,-442.77431763303485,-418.20125469939177,3033.8853034551807,True,True,0.689875558891528,2759.8892959693085,0.2635225127279506,2774.143740165306,-0.3454708564754302,2854.6770300618264,0.08730215404376304,2868.2850858184775,0.1788280043144822,2902.996083197128,0.28897296452140153,2974.391430686569,0.15171950045855173,2985.9913983811616,0.1873650885536052,2986.0270439692567
2,0.1381434383802116,1782850995.067272,0.01056454237550497,-428.80222361463456,-413.7157792584894,2715.9999938964847,True,True,-418.7635311917353,-396.3417153161964,2720.771614496614,True,True,-554.0209829752117,-527.5511400800808,2770.99997291565,True,True,-571.0444233884525,-514.5743787633339,2777.6248020826647,True,True,-553.1564599443714,-505.7897560901059,2816.709009497122,True,True,-515.0822783262524,-482.4641317969252,2822.9999530792243,True,True,-588.7161414555123,-551.6536464223493,2866.303001911963,True,True,-571.4655255677476,-527.1723339548246,2872.999934005738,True,True,-593.2152886878382,-552.9178775560107,2898.999924087525,True,True,-570.5044319466945,-515.797486016444,2904.940258772472,True,True,-542.0875263624415,-502.63496347464616,2945.56898315595,True,True,-515.4023412904606,-466.69666075740435,2951.999903869629,True,True,-598.5108215912218,-552.2756762539353,2982.999892044068,True,True,-582.0952868539291,-520.5363373781214,2989.429982117626,True,True,-490.6141730598771,-468.13812849588896,3026.9998752593997,True,True,-442.77431763303485,-418.20125469939177,3033.8853034551807,True,True,0.689875558891528,2759.8892959693085,0.2635225127279506,2774.143740165306,-0.3454708564754302,2854.6770300618264,0.08730215404376304,2868.2850858184775,0.1788280043144822,2902.996083197128,0.28897296452140153,2974.391430686569,0.15171950045855173,2985.9913983811616,0.1873650885536052,2986.0270439692567
3,0.20663616713136435,1782850995.136758,0.012551084160804749,-428.80222361463456,-413.7157792584894,2715.9999938964847,True,True,-418.7635311917353,-396.3417153161964,2720.771614496614,True,True,-554.0209829752117,-527.5511400800808,2770.99997291565,True,True,-571.0444233884525,-514.5743787633339,2777.6248020826647,True,True,-553.1564599443714,-505.7897560901059,2816.709009497122,True,True,-515.0822783262524,-482.4641317969252,2822.9999530792243,True,True,-588.7161414555123,-551.6536464223493,2866.303001911963,True,True,-571.4655255677476,-527.1723339548246,2872.999934005738,True,True,-593.2152886878382,-552.9178775560107,2898.999924087525,True,True,-570.5044319466945,-515.797486016444,2904.940258772472,True,True,-542.0875263624415,-502.63496347464616,2945.56898315595,True,True,-515.4023412904606,-466.69666075740435,2951.999903869629,True,True,-598.5108215912218,-552.2756762539353,2982.999892044068,True,True,-582.0952868539291,-520.5363373781214,2989.429982117626,True,True,-490.6141730598771,-468.13812849588896,3026.9998752593997,True,True,-442.77431763303485,-418.20125469939177,3033.8853034551807,True,True,0.689875558891528,2759.8892959693085,0.2635225127279506,2774.143740165306,-0.3454708564754302,2854.6770300618264,0.08730215404376304,2868.2850858184775,0.1788280043144822,2902.996083197128,0.28897296452140153,2974.391430686569,0.15171950045855173,2985.9913983811616,0.1873650885536052,2986.0270439692567
4,0.27728993771597743,1782850995.206885,0.010573375038802624,-1393.5334917626922,-1391.6466408900574,2715.9999938964847,False,False,-1368.1773680349665,-1346.0884738820794,2720.771614496614,False,False,-1436.688967509246,-1421.7267330439831,2770.99997291565,True,True,-1530.178877189229,-1478.5243046428463,2777.6248020826647,True,True,-1517.413673319681,-1474.0053229208056,2816.709009497122,False,False,-1429.5028456154294,-1389.7623559617323,2822.9999530792243,False,False,-1451.083789772901,-1433.075281963505,2866.303001911963,False,False,-1540.3576978329306,-1495.1439587981781,2872.999934005738,True,True,-1553.2894336277777,-1498.8488156004523,2898.999924087525,False,False,-1506.2112067121068,-1456.415583641532,2904.940258772472,False,False,-1428.1949384112236,-1392.0868936638444,2945.56898315595,False,False,-1459.8945150839015,-1436.2620992144757,2951.999903869629,False,False,-1537.1873238683254,-1492.3249770761377,2982.999892044068,True,True,-1542.280898309747,-1495.3501558822632,2989.429982117626,False,False,-1429.5381560045234,-1390.2025323226455,3026.9998752593997,False,False,-1410.681100039735,-1406.3780595714766,3033.8853034551807,False,True,0.5165211758989481,2759.715941586316,0.10800170755872977,2773.988219360137,-0.011330328629635216,2855.011170589672,0.0916479990924088,2868.289431663526,-0.011485276868775086,2902.805769915945,-0.10593304722282887,2973.996524674825,0.005808221559202123,2985.8454871022623,-0.4399399993671844,2985.399738881336
5,0.34376514609903097,1782850995.275954,0.015703458338975906,-1394.3441513586208,-1389.3846394840605,2715.9999938964847,True,False,-1367.1203594461592,-1353.895140141211,2720.771614496614,False,False,-1436.688967509246,-1422.0672708377906,2770.99997291565,True,True,-1537.2397759574533,-1479.6537381177982,2777.6248020826647,False,True,-1515.095911911239,-1472.3567900479875,2816.709009497122,False,False,-1428.0443286364891,-1389.7623559617323,2822.9999530792243,False,True,-1458.0228367515358,-1433.075281963505,2866.303001911963,False,True,-1547.6625958981567,-1500.800467646789,2872.999934005738,False,True,-1551.764779778097,-1504.8256991777976,2898.999924087525,False,False,-1507.2293715805238,-1461.097869609072,2904.940258772472,False,False,-1429.346920561176,-1392.0868936638444,2945.56898315595,False,True,-1465.5930433719473,-1432.834880948742,2951.999903869629,False,True,-1548.3591756579149,-1497.6988859002963,2982.999892044068,False,True,-1544.26135036831,-1492.787092337317,2989.429982117626,False,False,-1431.0578170370145,-1396.440880887612,3026.9998752593997,False,False,-1414.1926811749245,-1406.4039245652107,3033.8853034551807,False,True,0.21268711974133317,2759.4121075301587,0.1266887761434949,2774.006906428722,-0.019660341792599758,2855.0028405765092,0.07164405583835808,2868.2694277202722,0.0020523177370619225,2902.819307510551,-0.04359657538454045,2974.0588611466633,0.0028837507556874176,2985.842562631459,-0.3356194918457084,2985.5040593888575
6,0.41438122978433967,1782850995.344409,0.01151129137724638,-1397.4873032368491,-1389.3846394840605,2715.9999938964847,False,False,-1367.1203594461592,-1353.895140141211,2720.771614496614,False,False,-1445.7287648623037,-1426.8565814408412,2770.99997291565,False,True,-1537.2397759574533,-1483.3649937341443,2777.6248020826647,False,True,-1515.095911911239,-1472.3567900479875,2816.709009497122,False,False,-1428.0443286364891,-1400.031555460464,2822.9999530792243,False,False,-1458.0228367515358,-1435.112380413852,2866.303001911963,False,True,-1547.6625958981567,-1502.1737154995872,2872.999934005738,False,True,-1551.764779778097,-1504.8256991777976,2898.999924087525,False,False,-1507.2293715805238,-1461.097869609072,2904.940258772472,False,False,-1429.346920561176,-1403.822413424214,2945.56898315595,False,False,-1465.5930433719473,-1434.5484900816089,2951.999903869629,False,True,-1548.3591756579149,-1500.4520295259344,2982.999892044068,False,True,-1544.26135036831,-1492.787092337317,2989.429982117626,False,False,-1431.0578170370145,-1396.440880887612,3026.9998752593997,False,False,-1414.1926811749245,-1413.5044013815445,3033.8853034551807,False,False,0.13506536726910703,2759.334485777686,0.10216338388878157,2773.982381036467,-0.11964738638816663,2854.9028535319135,0.07424436247027952,2868.272028026904,0.0020523177370619225,2902.819307510551,0.03863039441087825,2974.141088116459,0.011215457193415667,2985.8508943378965,-0.42367876949797834,2985.416000111205
7,0.48466185480356216,1782850995.414061,0.010263541713356972,-1397.4873032368491,-1390.5344881865694,2715.9999938964847,True,False,-1363.3917825595256,-1353.3473836231929,2720.771614496614,False,True,-1445.7287648623037,-1431.6458920438915,2770.99997291565,True,True,-1535.7059082434212,-1479.984660879665,2777.6248020826647,False,False,-1512.594047437112,-1467.630251856833,2816.709009497122,False,False,-1428.4816288168229,-1400.031555460464,2822.9999530792243,False,True,-1456.031320108812,-1439.6261469572394,2866.303001911963,False,False,-1549.3298132469358,-1501.4796329125531,2872.999934005738,False,False,-1552.0120090472842,-1497.844336277776,2898.999924087525,False,False,-1502.6722865788427,-1457.4077788305774,2904.940258772472,False,False,-1426.199567503133,-1393.4376547360698,2945.56898315595,False,False,-1464.925443958798,-1436.6719824556042,2951.999903869629,False,False,-1547.5040498823241,-1497.0546336766818,2982.999892044068,False,False,-1544.2658556713636,-1492.0641256838953,2989.429982117626,False,False,-1430.8686905889901,-1389.0073157685606,3026.9998752593997,False,False,-1409.5215362044196,-1411.114957055965,3033.8853034551807,False,False,0.08309541475293904,2759.28251582517,0.1230453811542969,2774.0032630337328,-0.1368530260048114,2854.885647892297,0.10616307216608425,2868.3039467365998,-0.02751566599600272,2902.789739526818,-0.042954954581617535,2974.0595027674663,0.005653331418907702,2985.8453322121222,-0.5450920768264035,2985.294586803877
8,0.5508101671002805,1782850995.483005,0.01575199980288744,-1401.828818351316,-1391.0905645383134,2715.9999938964847,True,True,-1367.6488637405628,-1350.1286181495857,2720.771614496614,True,True,-1441.343294006174,-1426.8565814408412,2770.99997291565,True,True,-1536.4728421004372,-1483.5304551150775,2777.6248020826647,True,True,-1516.25479261546,-1472.5316761928052,2816.709009497122,True,True,-1434.7372222392028,-1394.8969557110981,2822.9999530792243,False,True,-1457.0270784301738,-1437.149478864199,2866.303001911963,True,True,-1547.6625958981567,-1502.5132981324693,2872.999934005738,True,True,-1551.764779778097,-1498.8488156004523,2898.999924087525,True,True,-1506.405127303848,-1458.0573310511354,2904.940258772472,True,True,-1428.7709294861997,-1397.1675237644038,2945.56898315595,True,True,-1461.4498059112998,-1436.2620992144757,2951.999903869629,True,True,-1546.6319971268758,-1500.4520295259344,2982.999892044068,True,True,-1542.9626616132286,-1492.787092337317,2989.429982117626,True,True,-1429.5599688235473,-1390.2025323226455,3026.9998752593997,True,True,-1410.1013181220774,-1411.805610233212,3033.8853034551807,True,True,0.18039023376953517,2759.379810644187,0.112962281243756,2773.993179933822,-0.015004492752604803,2855.007496425549,0.08409725876470094,2868.2818809231985,-0.011562155719128437,2902.8056930370944,-0.056771615786594086,2974.045686106261,0.012450228594506061,2985.8521291092975,-0.5145996611021737,2985.325079219601
9,0.6246148757636547,1782850995.554879,0.011898167431354523,-1406.1703334657825,-1391.6466408900574,2715.9999938964847,True,True,-1368.1773680349665,-1353.3473836231929,2720.771614496614,True,True,-1436.957823150044,-1422.0672708377906,2770.99997291565,True,True,-1535.7059082434212,-1479.984660879665,2777.6248020826647,True,True,-1515.095911911239,-1472.3567900479875,2816.709009497122,True,True,-1434.7372222392028,-1400.031555460464,2822.9999530792243,False,True,-1458.0228367515358,-1437.149478864199,2866.303001911963,True,True,-1547.6625958981567,-1501.4796329125531,2872.999934005738,True,True,-1551.764779778097,-1498.8488156004523,2898.999924087525,True,True,-1506.2112067121068,-1458.1507396766206,2904.940258772472,True,True,-1429.346920561176,-1400.8973927927377,2945.56898315595,True,True,-1463.0050967386983,-1436.2620992144757,2951.999903869629,True,True,-1545.7599443714278,-1497.6988859002963,2982.999892044068,True,True,-1542.280898309747,-1492.787092337317,2989.429982117626,True,True,-1429.581781642571,-1390.2025323226455,3026.9998752593997,True,True,-1410.681100039735,-1412.4962634104593,3033.8853034551807,True,True,0.017899190156410928,2759.2173196005733,0.1202395827175662,2774.000457235296,-0.056228309394897855,2854.966272608907,0.08418150924286324,2868.281965173677,-0.012635585873629535,2902.80461960694,-0.01885687180589398,2974.083600850242,0.004679283790992917,2985.844358164494,-0.516231325576281,2985.3234475551267
10,0.6995737925171852,1782850995.629187,0.010683249682188034,-1408.7289215086957,-1391.6466408900574,2715.9999938964847,True,True,-1368.1773680349665,-1353.3473836231929,2720.771614496614,True,True,-1438.992740776966,-1423.0524161750773,2770.99997291565,False,False,-1535.5991181954337,-1482.8759696793716,2777.6248020826647,False,False,-1513.8188204908765,-1471.0103631139773,2816.709009497122,False,False,-1427.7728153559315,-1400.031555460464,2822.9999530792243,False,True,-1456.1978283461196,-1435.0171088424981,2866.303001911963,False,False,-1547.8499663783355,-1506.4445762142004,2872.999934005738,False,False,-1552.1305880734785,-1500.014544426445,2898.999924087525,False,False,-1507.9477381789284,-1458.1681312467524,2904.940258772472,False,False,-1431.586698046887,-1395.0492817189838,2945.56898315595,False,False,-1464.5383776018584,-1437.8788580860105,2951.999903869629,False,False,-1548.2096173243267,-1503.7485359293332,2982.999892044068,False,False,-1544.1530335910998,-1494.007821621787,2989.429982117626,False,False,-1431.8684231439315,-1395.253050401932,3026.9998752593997,False,False,-1417.3115857199623,-1412.4962634104593,3033.8853034551807,False,True,-0.04518375488999817,2759.1542366555273,0.10773879128279075,2773.987956443861,-0.12319789773194964,2854.8993030205697,0.06598800541420992,2868.2637716698478,-0.0032618621694404763,2902.8139933306443,-0.08544721452487071,2974.017010507523,0.01755725331354108,2985.8572361340166,-0.3980733936310913,2985.441605487072
11,0.8063423968851566,1782850995.736105,0.010965624824166298,-1406.1703334657825,-1391.6466408900574,2715.9999938964847,True,True,-1368.1773680349665,-1353.3473836231929,2720.771614496614,True,True,-1433.4783736283891,-1418.6555536876851,2770.99997291565,False,False,-1532.0506128312495,-1480.995266986582,2777.6248020826647,False,False,-1514.02510927041,-1466.5950683131093,2816.709009497122,False,False,-1426.7747913928538,-1400.031555460464,2822.9999530792243,False,True,-1457.1670538252285,-1434.1778952837976,2866.303001911963,False,False,-1544.564338111685,-1500.6404560320323,2872.999934005738,False,False,-1551.256871045634,-1494.5409083962463,2898.999924087525,False,False,-1503.2254256197084,-1456.1303175719042,2904.940258772472,False,False,-1423.60096433047,-1400.8973927927377,2945.56898315595,False,True,-1461.112268851056,-1437.0925803099303,2951.999903869629,False,False,-1543.41932787236,-1495.6430449002048,2982.999892044068,False,False,-1541.3285371519391,-1493.3162667726258,2989.429982117626,False,False,-1427.9694852828804,-1386.5057584741876,3026.9998752593997,False,False,-1414.848540514106,-1412.4962634104593,3033.8853034551807,False,True,0.017899190156410928,2759.2173196005733,0.10628779346809646,2773.9865054460465,-0.17562166083724798,2854.8468792574645,0.06865846230412166,2868.2664421267377,-0.030213509477616148,2902.787041683336,0.005670159299154985,2974.108127881347,0.0009127007619098302,2985.840591581465,-0.49232154137310813,2985.34735733933
12,0.8818822712637484,1782850995.812055,0.011720542795956135,-1406.1703334657825,-1391.6466408900574,2715.9999938964847,True,True,-1368.1773680349665,-1353.3473836231929,2720.771614496614,True,True,-1437.5782880459699,-1425.4054146162546,2770.99997291565,False,False,-1535.0695143197725,-1484.6869165877067,2777.6248020826647,False,False,-1513.9032704710091,-1470.311877617141,2816.709009497122,False,False,-1428.581428615093,-1400.031555460464,2822.9999530792243,False,True,-1460.2207827734815,-1435.2658006540944,2866.303001911963,False,False,-1545.9964131796926,-1506.3947764159304,2872.999934005738,False,False,-1551.491943026561,-1500.3094125378243,2898.999924087525,False,False,-1504.5600085582419,-1455.7950576153073,2904.940258772472,False,False,-1431.120573402207,-1398.3928798483967,2945.56898315595,False,False,-1464.0929470917258,-1438.480742427484,2951.999903869629,False,False,-1545.5754378457684,-1498.8545205856285,2982.999892044068,False,False,-1542.7194654155333,-1493.484928324724,2989.429982117626,False,False,-1434.387315462909,-1392.0252758504755,3026.9998752593997,False,False,-1415.8809212336096,-1412.4962634104593,3033.8853034551807,False,True,0.017899190156410928,2759.2173196005733,0.11234744854900831,2773.992565101127,-0.1227833740873392,2854.8997175442146,0.04616094146961906,2868.2439446059034,-0.00332807798764467,2902.813927114826,-0.06253643227325699,2974.0399212897746,0.007884520663548725,2985.8475634013666,-0.4887626521736163,2985.3509162285295
13,0.9530406463891268,1782850995.8847558,0.014884792268276215,-1393.7448039245653,-1390.5344881865694,2715.9999938964847,False,True,-1367.1203594461592,-1346.9098526759788,2720.771614496614,True,True,-1437.0391417305987,-1417.812568389522,2770.99997291565,False,False,-1532.2333114283097,-1483.4999510957607,2777.6248020826647,False,False,-1513.7693752483417,-1474.3458614787419,2816.709009497122,False,False,-1425.9829308921967,-1390.6628358345813,2822.9999530792243,False,False,-1454.2167542867621,-1433.4899608766086,2866.303001911963,False,False,-1544.445166121588,-1499.0615352874652,2872.999934005738,False,False,-1551.9115169483753,-1498.4353149738668,2898.999924087525,False,False,-1505.53784271174,-1456.739723996699,2904.940258772472,False,False,-1428.0277027233547,-1395.4807500687716,2945.56898315595,False,False,-1466.918530121955,-1436.6694944524254,2951.999903869629,False,False,-1545.345089708714,-1500.8844744322523,2982.999892044068,False,False,-1546.1927575877983,-1493.570101170645,2989.429982117626,False,False,-1432.9578552434511,-1391.7590916037534,3026.9998752593997,False,False,-1420.5298529816305,-1412.4962634104593,3033.8853034551807,False,True,0.4356334125338182,2759.635053822951,0.08533722354235503,2773.9655548761207,-0.017798293857675642,2855.0047026244442,0.08201170024420297,2868.2797953646777,-0.011801993972317798,2902.8054531988414,-0.025334457839159278,2974.0771232642087,0.024639493572649208,2985.8643183742756,-0.4169137117911574,2985.422765168912
14,1.0267345840111375,1782850995.956341,0.01067216694355011,-1396.6910276003302,-1389.3846394840605,2715.9999938964847,False,True,-1367.1203594461592,-1346.0884738820794,2720.771614496614,True,True,-1430.9823027783723,-1418.069560167497,2770.99997291565,False,False,-1531.8423770516856,-1482.1708118103736,2777.6248020826647,False,False,-1510.4239508512394,-1468.024352782957,2816.709009497122,False,False,-1428.4816288168229,-1386.7080753125288,2822.9999530792243,True,False,-1457.1670538252285,-1430.679975242229,2866.303001911963,True,False,-1544.5183238071952,-1497.8838279793379,2872.999934005738,False,False,-1553.088852889935,-1496.7650808448207,2898.999924087525,False,False,-1502.8058761500138,-1455.7904545037748,2904.940258772472,False,False,-1430.1041553320902,-1388.2376684903873,2945.56898315595,False,False,-1463.5735611455816,-1435.9062307057495,2951.999903869629,False,False,-1542.0412858758443,-1500.9495552770734,2982.999892044068,False,False,-1541.0968777699668,-1492.3342344958278,2989.429982117626,False,False,-1429.7613855182321,-1391.241183482593,3026.9998752593997,False,False,-1413.1351835437235,-1412.4962634104593,3033.8853034551807,False,True,0.3556642060428541,2759.55508461646,0.10797634792783359,2773.988194000506,0.016478883106904377,2855.038979801409,0.06544021145658865,2868.26322387589,-0.028751745094737637,2902.788503447719,-0.1216360091031538,2973.980821712945,0.023270907285923955,2985.8629497879892,-0.47480874336616846,2985.3648701373368
15,1.0985359377227724,1782850996.02828,0.010757875628769398,-1392.9945945532904,-1389.3846394840605,2715.9999938964847,False,True,-1363.3917825595256,-1346.0884738820794,2720.771614496614,True,True,-1435.005110493016,-1423.3503897056573,2770.99997291565,False,False,-1535.5906440077022,-1481.6508267872973,2777.6248020826647,False,False,-1514.439355686646,-1471.998181373598,2816.709009497122,False,False,-1426.8893190084668,-1390.9055139529908,2822.9999530792243,False,False,-1451.970495461075,-1431.8997906287252,2866.303001911963,False,False,-1548.0993856404925,-1502.3811382461715,2872.999934005738,False,False,-1550.310890362808,-1500.305410031482,2898.999924087525,False,False,-1507.4904392212,-1456.6174267200538,2904.940258772472,False,False,-1429.1469664089007,-1391.2972965125164,2945.56898315595,False,False,-1458.9215438457072,-1436.5006021334475,2951.999903869629,False,False,-1547.4764403826757,-1497.862167986062,2982.999892044068,False,False,-1541.3076336461168,-1497.3669758840967,2989.429982117626,False,False,-1427.6690405599534,-1390.022954427362,3026.9998752593997,False,False,-1416.8061909710545,-1411.114957055965,3033.8853034551807,False,True,0.3519087250422425,2759.5513291354596,0.12483243697596244,2774.005050089554,-0.039288654315864806,2854.983212263986,0.0851124343317322,2868.2828960987654,0.008597401935423915,2902.825852594749,-0.12953020654189307,2973.972927515506,-0.016594119731853377,2985.823084760971,-0.4018423422696738,2985.4378365384337
16,1.168844000902027,1782850996.098505,0.010781832970678806,-1396.6910276003302,-1375.8354800256748,2715.9999938964847,True,True,-1363.5203395788121,-1340.6391188067366,2720.771614496614,False,False,-1437.8463428798482,-1425.0231103096248,2770.99997291565,False,False,-1535.2804276064433,-1480.5270868355901,2777.6248020826647,False,False,-1512.5635021548433,-1473.3472735886544,2816.709009497122,False,False,-1428.0443286364891,-1388.30617568848,2822.9999530792243,True,False,-1456.1383867714032,-1435.3268285600757,2866.303001911963,False,False,-1543.705594950637,-1501.1412522541798,2872.999934005738,False,False,-1556.1954243971024,-1497.011477213681,2898.999924087525,False,False,-1503.6343491151388,-1455.1597441696977,2904.940258772472,False,False,-1428.9208194516611,-1392.3808570467952,2945.56898315595,False,False,-1465.945629183605,-1437.0494039795826,2951.999903869629,False,False,-1547.4191536510073,-1500.7978359874073,2982.999892044068,False,False,-1542.8997738178928,-1498.1525063422685,2989.429982117626,False,False,-1433.6248127884585,-1394.9904529755174,3026.9998752593997,False,False,-1417.2616086438243,-1403.3896002078432,3033.8853034551807,False,False,0.06549862817691753,2759.264919038594,0.1238004506792969,2774.0040181032577,0.026616889442848856,2855.0491178077446,0.07184514047693903,2868.2696288049106,-0.03353555105195949,2902.7837196417618,-0.06852357562158173,2974.0339341464264,-0.005253292953155719,2985.83442558775,-0.31049925106384124,2985.529179629639
17,1.244632750749588,1782850996.175106,0.012091832235455513,-1396.6910276003302,-1375.8354800256748,2715.9999938964847,True,True,-1356.4293822783263,-1334.6767552037168,2720.771614496614,True,True,-1436.957823150044,-1418.6555536876851,2770.99997291565,True,True,-1535.0695143197725,-1481.6508267872973,2777.6248020826647,True,True,-1513.7693752483417,-1470.311877617141,2816.709009497122,True,True,-1427.7728153559315,-1389.2564675856588,2822.9999530792243,True,True,-1456.1978283461196,-1435.2658006540944,2866.303001911963,True,True,-1544.564338111685,-1501.1412522541798,2872.999934005738,True,True,-1551.764779778097,-1497.844336277776,2898.999924087525,True,True,-1501.8971192346487,-1456.739723996699,2904.940258772472,False,True,-1429.346920561176,-1395.0492817189838,2945.56898315595,True,True,-1460.41733196809,-1437.0925803099303,2951.999903869629,False,True,-1545.5754378457684,-1498.8545205856285,2982.999892044068,True,True,-1542.7194654155333,-1493.3162667726258,2989.429982117626,True,True,-1431.8684231439315,-1392.0252758504755,3026.9998752593997,True,True,-1416.8061909710545,-1401.6277363450195,3033.8853034551807,True,True,0.039101071738163594,2759.238521482155,0.10242642974529233,2773.9826440823235,-0.02430644249657712,2854.998194475805,0.07437309278732476,2868.272156757221,-0.026945624650739658,2902.790309568163,-0.09331999848191176,2974.009137723566,0.00839694578523812,2985.848075826488,-0.3102001352122944,2985.529478745491
18,1.318350313231349,1782850996.247908,0.010521041229367256,-1393.4339303725894,-1375.0086529938567,2715.9999938964847,False,False,-1355.9542745361737,-1328.3556835895713,2720.771614496614,False,False,-1438.1654262310117,-1423.673059877128,2770.99997291565,False,False,-1534.4600131430145,-1481.4561221994682,2777.6248020826647,False,False,-1513.1851422807715,-1469.1559632606902,2816.709009497122,False,False,-1427.09799186967,-1386.6273023198949,2822.9999530792243,False,False,-1454.645959287221,-1432.0455130360365,2866.303001911963,False,False,-1543.5730048598587,-1500.4020386954794,2872.999934005738,False,False,-1551.9644068832715,-1499.5308799706575,2898.999924087525,False,False,-1505.6922838279793,-1459.5967188311888,2904.940258772472,False,False,-1425.8305009628023,-1392.7046443744841,2945.56898315595,False,False,-1464.7108399303113,-1437.4969526545833,2951.999903869629,False,False,-1545.3132927835684,-1501.1483433688907,2982.999892044068,False,False,-1544.585126998197,-1494.5798789620073,2989.429982117626,False,False,-1433.3415655469635,-1388.6984961946391,3026.9998752593997,False,False,-1418.1709111471098,-1402.877125042027,3033.8853034551807,False,False,0.2530954905614871,2759.4525159009786,0.11324900165186089,2773.99346665423,-0.010382168663930172,2855.012118749638,0.06736423239284808,2868.2651478968264,-0.01824628821072012,2902.799008904603,-0.05421587589308457,2974.0482418461547,0.01773101666422985,2985.8574098973672,-0.3703881224810025,2985.469290758222
19,1.3900473336689174,1782850996.3196049,0.010555916465818882,-1399.988386771403,-1380.354256197084,2715.9999938964847,False,False,-1356.8189840144269,-1332.649908304551,2720.771614496614,False,False,-1438.934689916557,-1425.6996897637314,2770.99997291565,False,False,-1538.3578781673139,-1487.5388956811444,2777.6248020826647,False,False,-1518.9454305101322,-1471.2322233089833,2816.709009497122,False,False,-1426.9194470764437,-1389.3527279396033,2822.9999530792243,False,False,-1456.2697435583946,-1433.745239477947,2866.303001911963,False,False,-1547.747648011737,-1505.2007610722253,2872.999934005738,False,False,-1552.3929669590732,-1504.3580814255586,2898.999924087525,False,False,-1510.929165265764,-1462.1856939817221,2904.940258772472,False,False,-1431.8745866063514,-1394.0367301402941,2945.56898315595,False,False,-1468.2448207353973,-1437.0925803099303,2951.999903869629,False,True,-1548.8646987804505,-1504.2707949995415,2982.999892044068,False,False,-1543.9168582082707,-1495.5583488706175,2989.429982117626,False,False,-1431.6569917779748,-1391.8573249381056,3026.9998752593997,False,False,-1419.9745560412016,-1398.0838157532783,3033.8853034551807,False,False,0.13423108718735613,2759.3336514976045,0.11006941221623297,2773.9902870647943,-0.07152786914275983,2854.950973049159,0.06511027775535148,2868.262893942189,0.00757504528708858,2902.8248302381007,-0.061046776916318414,2974.0414109451317,0.011814469901512562,2985.8514933506044,-0.22553756361477267,2985.6141413170885
20,1.462715542409569,1782850996.3925729,0.011147416196763515,-1396.1145734633371,-1380.1281566158266,2715.9999938964847,False,False,-1358.5429639025583,-1336.54404285234,2720.771614496614,False,False,-1441.9287480514718,-1425.7317419078768,2770.99997291565,False,False,-1535.393732616071,-1487.4602225142894,2777.6248020826647,False,False,-1518.4144817678884,-1472.099472751169,2816.709009497122,False,False,-1428.7010101781948,-1389.3997692331202,2822.9999530792243,False,False,-1455.0453861906653,-1433.7717440474373,2866.303001911963,False,False,-1545.5749488033744,-1504.6885594644987,2872.999934005738,False,False,-1553.5524864749214,-1504.3521945777425,2898.999924087525,False,False,-1508.0817999816609,-1458.3550661735487,2904.940258772472,False,False,-1427.406805330562,-1395.3976617660542,2945.56898315595,False,False,-1462.6055567442004,-1440.0597059632607,2951.999903869629,False,False,-1547.2906363664151,-1501.456430907479,2982.999892044068,False,False,-1547.3222055811962,-1494.615475135251,2989.429982117626,False,False,-1431.851309716661,-1396.7324189259407,3026.9998752593997,False,False,-1424.713069657976,-1399.5505654552678,3033.8853034551807,False,False,0.16731251681266543,2759.36673292723,0.09230528506700347,2773.9725229376454,-0.04212503994874708,2854.9803758783532,0.06396320843474987,2868.2617468728686,0.007504850129624343,2902.824760042943,-0.0813477864193554,2974.0211099356284,0.020809752653477405,2985.8604886333565,-0.12490484499320391,2985.71477403571
21,1.5356821878813207,1782850996.46523,0.010559624992311,-1395.1803848152338,-1375.8774857107926,2715.9999938964847,False,False,-1353.4442797322492,-1333.9347770272336,2720.771614496614,False,False,-1437.710624446007,-1424.9423128648716,2770.99997291565,False,False,-1534.4782574808203,-1488.4763975914664,2777.6248020826647,False,False,-1519.291207934713,-1474.617585658832,2816.709009497122,False,False,-1430.5679432710824,-1396.488990433108,2822.9999530792243,False,False,-1456.3851545068314,-1433.745239477947,2866.303001911963,False,True,-1544.564338111685,-1501.176695601675,2872.999934005738,True,False,-1553.9604486963963,-1502.0072301861417,2898.999924087525,False,False,-1509.7726105694287,-1458.9112281077116,2904.940258772472,False,False,-1432.042600177278,-1395.6115872482194,2945.56898315595,False,False,-1464.7074899899133,-1438.9134746462087,2951.999903869629,False,False,-1548.1076260048294,-1506.168650854296,2982.999892044068,False,False,-1550.1960158327474,-1497.0969404285233,2989.429982117626,False,False,-1431.6160253079438,-1390.261394687777,3026.9998752593997,False,False,-1418.8348824769996,-1402.9940306262797,3033.8853034551807,False,False,0.02045006759278838,2759.21987047801,0.09708397005956715,2773.9773016226377,-0.07816059932344284,2854.9443403189784,0.06798996714805222,2868.265773631582,0.0014732886359042656,2902.8187284814494,-0.09134522159076276,2974.011112500457,0.03348254724298477,2985.873161427946,-0.32173981034629834,2985.517939070357
22,1.6043633758090436,1782850996.534401,0.011546832509338856,-1393.7448039245653,-1375.8354800256748,2715.9999938964847,True,True,-1355.9542745361737,-1334.372042057646,2720.771614496614,True,True,-1437.5782880459699,-1423.673059877128,2770.99997291565,True,True,-1535.0885182015468,-1484.6502017299874,2777.6248020826647,False,False,-1508.252669865819,-1466.3220772075679,2816.709009497122,False,False,-1428.3635831524894,-1391.066896414708,2822.9999530792243,False,False,-1457.3112540880888,-1439.4514059968824,2866.303001911963,False,False,-1550.4525537182506,-1507.652523153101,2872.999934005738,False,False,-1557.4427193813613,-1502.6273130176974,2898.999924087525,False,False,-1510.34939328178,-1458.8274566739005,2904.940258772472,False,False,-1431.0105037136655,-1397.5980239630774,2945.56898315595,False,False,-1465.2932878931442,-1438.6497157441086,2951.999903869629,False,False,-1550.5373490845739,-1508.4755402390197,2982.999892044068,False,False,-1545.241363816976,-1494.615475135251,2989.429982117626,False,True,-1430.643064767552,-1394.7710548033133,3026.9998752593997,False,False,-1422.5134654766632,-1404.4154354005561,3033.8853034551807,False,False,0.10832233692666804,2759.3077427473436,0.10708798569197632,2773.9873056382703,-0.023669266123430427,2854.9988316521785,0.08286939442865011,2868.2806530588623,-0.006264345405251896,2902.8109908474084,-0.06017376703187006,2974.042283955016,0.026302692344795247,2985.865981573048,-0.22371453380422315,2985.615964346899
23,1.672621438279748,1782850996.6023219,0.010861791670322418,-1395.3349374942688,-1375.8774857107926,2715.9999938964847,False,True,-1356.4293822783263,-1334.4886236513128,2720.771614496614,True,True,-1437.710624446007,-1424.9423128648716,2770.99997291565,True,True,-1535.0885182015468,-1484.6502017299874,2777.6248020826647,False,False,-1508.252669865819,-1466.3220772075679,2816.709009497122,False,False,-1428.3635831524894,-1391.066896414708,2822.9999530792243,False,False,-1457.3112540880888,-1439.4514059968824,2866.303001911963,False,False,-1550.4525537182506,-1507.652523153101,2872.999934005738,False,False,-1557.4427193813613,-1502.6273130176974,2898.999924087525,False,False,-1510.34939328178,-1458.8274566739005,2904.940258772472,False,False,-1431.0105037136655,-1397.5980239630774,2945.56898315595,False,False,-1465.2932878931442,-1438.6497157441086,2951.999903869629,False,False,-1550.5373490845739,-1508.4755402390197,2982.999892044068,False,False,-1545.241363816976,-1495.5583488706175,2989.429982117626,False,True,-1430.643064767552,-1394.7710548033133,3026.9998752593997,False,False,-1422.5134654766632,-1404.4154354005561,3033.8853034551807,False,False,0.07889855916162145,2759.278318969579,0.1106562588685255,2773.9908739114467,-0.023669266123430427,2854.9988316521785,0.08286939442865011,2868.2806530588623,-0.006264345405251896,2902.8109908474084,-0.06017376703187006,2974.042283955016,0.02343985266353774,2985.8631187333667,-0.22371453380422315,2985.615964346899
24,1.7403979590162635,1782850996.6715531,0.013749582692980766,-1395.3349374942688,-1380.1281566158266,2715.9999938964847,True,True,-1356.8189840144269,-1334.6767552037168,2720.771614496614,True,True,-1437.8463428798482,-1424.9423128648716,2770.99997291565,True,True,-1535.0885182015468,-1490.3982516734418,2777.6248020826647,True,False,-1513.1851422807715,-1476.8743741785615,2816.709009497122,True,False,-1432.236303756457,-1394.0445150839014,2822.9999530792243,False,False,-1456.1383867714032,-1433.745239477947,2866.303001911963,True,True,-1553.5371060916343,-1507.4509918391052,2872.999934005738,False,False,-1559.0215224501026,-1506.0606641807012,2898.999924087525,False,False,-1503.3251765137393,-1457.25059449216,2904.940258772472,False,False,-1433.2675077177,-1402.3686065348293,2945.56898315595,False,False,-1464.7108399303113,-1441.1866598404501,2951.999903869629,True,False,-1551.3744918543875,-1506.587810618333,2982.999892044068,False,False,-1546.6273833175414,-1498.4005134945135,2989.429982117626,False,False,-1437.8723064461901,-1397.1768010514413,3026.9998752593997,False,False,-1423.3425772534156,-1402.1044181923771,3033.8853034551807,False,False,0.19116940578343397,2759.3905898162006,0.09259303580162162,2773.97281068838,0.03727996938893873,2855.059780887691,0.07754108605969275,2868.2753247504934,-0.01911985696669828,2902.798135335847,-0.06378553314354228,2974.0386721889045,0.01079745781161209,2985.850476338515,-0.24371446547958317,2985.5959644152235
25,1.8098466251976788,1782850996.7394161,0.010611499659717083,-1397.1327551425866,-1380.354256197084,2715.9999938964847,False,True,-1358.5429639025583,-1336.54404285234,2720.771614496614,True,True,-1438.1654262310117,-1425.0231103096248,2770.99997291565,True,True,-1535.0885182015468,-1490.3982516734418,2777.6248020826647,True,False,-1513.1851422807715,-1476.8743741785615,2816.709009497122,True,False,-1432.236303756457,-1394.0445150839014,2822.9999530792243,False,False,-1456.2697435583946,-1433.7717440474373,2866.303001911963,True,True,-1553.5371060916343,-1507.4509918391052,2872.999934005738,False,False,-1559.0215224501026,-1506.0606641807012,2898.999924087525,False,False,-1503.3251765137393,-1457.25059449216,2904.940258772472,False,False,-1433.2675077177,-1402.3686065348293,2945.56898315595,False,False,-1464.7108399303113,-1441.1866598404501,2951.999903869629,True,False,-1551.3744918543875,-1506.587810618333,2982.999892044068,False,False,-1546.6273833175414,-1498.4005134945135,2989.429982117626,False,False,-1437.8723064461901,-1397.1768010514413,3026.9998752593997,False,False,-1423.3425772534156,-1402.1044181923771,3033.8853034551807,False,False,0.14768877328799698,2759.347109183705,0.09185554317454646,2773.9720731957527,0.03727996938893873,2855.059780887691,0.07716336918757244,2868.274947033621,-0.01911985696669828,2902.798135335847,-0.06378553314354228,2974.0386721889045,0.01079745781161209,2985.850476338515,-0.24371446547958317,2985.5959644152235
26,1.8787865634076297,1782850996.8086479,0.011120458133518696,-1396.1145734633371,-1388.1244016871965,2715.9999938964847,True,True,-1363.5203395788121,-1340.6391188067366,2720.771614496614,True,True,-1438.934689916557,-1425.6996897637314,2770.99997291565,True,True,-1535.2804276064433,-1487.5849634746462,2777.6248020826647,True,False,-1512.1458584222269,-1474.784142800379,2816.709009497122,False,False,-1431.8148546627137,-1392.0024589662864,2822.9999530792243,False,False,-1462.80378549378,-1435.3268285600757,2866.303001911963,False,True,-1552.8916496011248,-1508.095309777791,2872.999934005738,False,False,-1560.0731485160618,-1505.6732585506006,2898.999924087525,False,False,-1511.4930815783841,-1465.1343414738515,2904.940258772472,False,False,-1434.6936241097897,-1400.6197649539995,2945.56898315595,False,False,-1469.8590197756519,-1438.6497157441086,2951.999903869629,False,True,-1548.1076260048294,-1506.584084726595,2982.999892044068,True,False,-1545.241363816976,-1505.7413194975086,2989.429982117626,True,False,-1439.1972735886543,-1400.7731133661398,3026.9998752593997,False,False,-1424.335605342788,-1408.3198673472507,3033.8853034551807,False,False,0.3881086324335125,2759.5875290428507,0.10077551437497162,2773.9809931669533,0.04334205335260437,2855.0658429716545,0.05476136853299078,2868.2525450329667,-0.02419112199569659,2902.793064070818,-0.029423600558703047,2974.073034121489,-0.005834693902193206,2985.833844186801,-0.2799560715420878,2985.559722809161
27,1.9483582298271358,1782850996.878197,0.011062958277761936,-1400.8555796680625,-1391.338611425253,2715.9999938964847,False,True,-1383.2904422777149,-1355.7113366139927,2720.771614496614,False,True,-1441.9287480514718,-1425.7317419078768,2770.99997291565,True,True,-1535.0885182015468,-1487.5849634746462,2777.6248020826647,True,False,-1512.1458584222269,-1474.784142800379,2816.709009497122,False,False,-1431.8148546627137,-1392.0024589662864,2822.9999530792243,False,False,-1462.80378549378,-1443.7410092612404,2866.303001911963,False,False,-1552.8916496011248,-1508.095309777791,2872.999934005738,False,False,-1560.0731485160618,-1505.6732585506006,2898.999924087525,False,False,-1511.4930815783841,-1465.1343414738515,2904.940258772472,False,False,-1434.6936241097897,-1400.6197649539995,2945.56898315595,False,False,-1469.8590197756519,-1446.902084543204,2951.999903869629,False,False,-1556.6488538068893,-1506.584084726595,2982.999892044068,False,False,-1545.241363816976,-1505.7413194975086,2989.429982117626,True,False,-1439.1972735886543,-1400.7731133661398,3026.9998752593997,False,False,-1424.335605342788,-1408.3198673472507,3033.8853034551807,False,False,0.46330058456691453,2759.662720994984,0.0910146604748968,2773.971232313053,0.04334205335260437,2855.0658429716545,0.08556093627646713,2868.2833446007103,-0.02419112199569659,2902.793064070818,-0.09451175844669321,2974.0079459636013,-0.030735128718542754,2985.8089437519848,-0.2799560715420878,2985.559722809161
28,2.018637729808688,1782850996.9483929,0.010821875184774399,-1397.1327551425866,-1391.8253537916066,2715.9999938964847,True,False,-1371.2409328483664,-1355.7113366139927,2720.771614496614,False,True,-1451.4896429990524,-1434.577954885839,2770.99997291565,True,True,-1540.5564828682336,-1485.851354036128,2777.6248020826647,False,False,-1515.0586866155209,-1470.3710395207383,2816.709009497122,False,False,-1428.6142372466913,-1394.5216508237309,2822.9999530792243,False,False,-1459.7544197206346,-1438.3023412904608,2866.303001911963,False,False,-1552.507612250512,-1507.362424733319,2872.999934005738,False,False,-1553.5379466332486,-1505.0612464468013,2898.999924087525,False,False,-1508.900473759819,-1459.8499037197787,2904.940258772472,False,False,-1429.3037014396184,-1395.231450010698,2945.56898315595,False,False,-1466.8908243420851,-1438.3599290888528,2951.999903869629,False,False,-1546.694265977932,-1502.4842268545403,2982.999892044068,False,False,-1547.846099886909,-1496.5573875966622,2989.429982117626,False,False,-1432.587213069658,-1394.997819176575,3026.9998752593997,False,False,-1419.1760598465632,-1403.48905614818,3033.8853034551807,False,False,0.2621979007165695,2759.461618311134,0.11072761852865662,2773.9909452711067,-0.07886143434116027,2854.943639483961,0.07796293834680228,2868.2757466027806,0.007494565007477705,2902.8247497578213,-0.05121074923157191,2974.0512469728164,0.021286702350864162,2985.860965583054,-0.2749046360467018,2985.5647742446563
29,2.0876836669631302,1782850997.017519,0.011079833842813969,-1402.9590992450408,-1391.338611425253,2715.9999938964847,False,True,-1375.6187211541403,-1355.7113366139927,2720.771614496614,True,True,-1451.4896429990524,-1434.577954885839,2770.99997291565,True,True,-1535.0885182015468,-1487.5388956811444,2777.6248020826647,True,True,-1515.0586866155209,-1472.099472751169,2816.709009497122,True,True,-1428.7010101781948,-1392.0024589662864,2822.9999530792243,True,True,-1457.3112540880888,-1439.4514059968824,2866.303001911963,True,True,-1552.319824556041,-1507.4509918391052,2872.999934005738,True,True,-1557.4427193813613,-1504.3580814255586,2898.999924087525,True,True,-1502.548390744873,-1458.9112281077116,2904.940258772472,False,True,-1431.8745866063514,-1397.5980239630774,2945.56898315595,True,True,-1466.8908243420851,-1440.0597059632607,2951.999903869629,True,True,-1550.5373490845739,-1506.584084726595,2982.999892044068,True,True,-1546.6273833175414,-1498.4005134945135,2989.429982117626,True,True,-1432.587213069658,-1394.997819176575,3026.9998752593997,True,True,-1422.5134654766632,-1402.9940306262797,3033.8853034551807,True,True,0.21726318558928562,2759.4166835960064,0.08926199257267688,2773.969479645151,-0.03738950712415128,2854.9851114111775,0.09000551086624765,2868.2877891753,-0.028975871411384354,2902.788279321402,-0.06582743744329432,2974.0366302846046,0.013226814005495432,2985.8529056947086,-0.22721419465471857,2985.6124646860485
30,2.1549781463108957,1782850997.08589,0.013273957185447216,-1400.8555796680625,-1391.8253537916066,2715.9999938964847,True,True,-1375.6187211541403,-1355.7113366139927,2720.771614496614,True,True,-1451.4896429990524,-1434.577954885839,2770.99997291565,True,True,-1535.0885182015468,-1487.5388956811444,2777.6248020826647,True,True,-1515.0586866155209,-1474.617585658832,2816.709009497122,True,True,-1430.5679432710824,-1392.0024589662864,2822.9999530792243,True,True,-1459.7544197206346,-1439.4514059968824,2866.303001911963,True,True,-1552.319824556041,-1507.4509918391052,2872.999934005738,True,True,-1557.4427193813613,-1505.0612464468013,2898.999924087525,True,True,-1502.548390744873,-1458.9112281077116,2904.940258772472,False,True,-1432.042600177278,-1397.5980239630774,2945.56898315595,True,True,-1466.8908243420851,-1440.0597059632607,2951.999903869629,True,True,-1550.5373490845739,-1506.584084726595,2982.999892044068,True,True,-1546.6273833175414,-1498.4005134945135,2989.429982117626,True,True,-1432.587213069658,-1396.7324189259407,3026.9998752593997,True,True,-1423.3425772534156,-1403.48905614818,3033.8853034551807,True,True,0.2812190804349363,2759.480639490852,0.08926199257267688,2773.969479645151,0.0037176240494206404,2855.026218542351,0.08120429427075541,2868.2789879587044,-0.026369094714695857,2902.7908860980992,-0.06717021465179929,2974.035287507396,0.013226814005495432,2985.8529056947086,-0.200915745375203,2985.6387631353277
31,2.224821812938899,1782850997.1549609,0.01174012478441,-1400.8555796680625,-1396.4841122352295,2715.9999938964847,True,False,-1368.4346425405752,-1357.013593850292,2720.771614496614,False,False,-1446.1556988721459,-1434.577954885839,2770.99997291565,False,True,-1542.3055384051104,-1487.4602225142894,2777.6248020826647,False,True,-1519.0446327597274,-1471.6828651771252,2816.709009497122,False,False,-1431.5093422379803,-1400.5200125317115,2822.9999530792243,False,False,-1456.1187242106548,-1438.9841229330316,2866.303001911963,False,False,-1548.3592215056392,-1501.9922257541953,2872.999934005738,False,False,-1557.4427193813613,-1507.5543891554848,2898.999924087525,True,False,-1511.815933612495,-1458.9112281077116,2904.940258772472,False,True,-1437.1622367576488,-1400.6197649539995,2945.56898315595,False,True,-1464.3834229911056,-1440.3639896689792,2951.999903869629,False,False,-1547.6398844637345,-1503.7284072500536,2982.999892044068,False,False,-1549.1751505333618,-1500.9488003178776,2989.429982117626,False,False,-1432.9871106764067,-1393.1807149188496,3026.9998752593997,False,False,-1419.4452287801446,-1404.6270455726383,3033.8853034551807,False,False,0.18137002672336902,2759.3807904371406,0.12741745152432069,2774.0076351041025,-0.1333912115276641,2854.889109706774,0.09833125579353283,2868.2961149202274,0.01708931664247108,2902.834344509456,-0.10515464815736901,2973.9973030738906,0.012863998779888551,2985.852542879483,-0.3142010500173446,2985.5254778306858
32,2.2932654381729662,1782850997.2229068,0.010758708231151104,-1397.479565669224,-1396.4841122352295,2715.9999938964847,False,False,-1368.4346425405752,-1357.013593850292,2720.771614496614,False,False,-1446.1556988721459,-1434.577954885839,2770.99997291565,False,True,-1542.3055384051104,-1487.5849634746462,2777.6248020826647,False,True,-1519.0446327597274,-1471.6828651771252,2816.709009497122,False,False,-1431.5093422379803,-1400.5200125317115,2822.9999530792243,False,False,-1456.1187242106548,-1438.9841229330316,2866.303001911963,False,False,-1548.3592215056392,-1501.9922257541953,2872.999934005738,False,False,-1557.4427193813613,-1507.5543891554848,2898.999924087525,True,False,-1511.815933612495,-1467.4986306812973,2904.940258772472,False,False,-1437.1622367576488,-1400.6197649539995,2945.56898315595,False,True,-1464.3834229911056,-1440.3639896689792,2951.999903869629,False,False,-1547.6398844637345,-1503.7284072500536,2982.999892044068,False,False,-1549.1751505333618,-1500.9488003178776,2989.429982117626,False,False,-1432.9871106764067,-1393.1807149188496,3026.9998752593997,False,False,-1419.4452287801446,-1404.6270455726383,3033.8853034551807,False,False,0.26431857882826887,2759.4637389892455,0.12703279845363752,2774.0072504510317,-0.1333912115276641,2854.889109706774,0.09833125579353283,2868.2961149202274,-0.015591586874548109,2902.801663605939,-0.10515464815736901,2973.9973030738906,0.012863998779888551,2985.852542879483,-0.3142010500173446,2985.5254778306858
33,2.362088125664741,1782850997.292048,0.011275417171418667,-1402.9590992450408,-1395.0650074884616,2715.9999938964847,True,False,-1383.2250236879906,-1361.2521685973652,2720.771614496614,False,False,-1455.9674007396768,-1438.6741953724363,2770.99997291565,False,False,-1531.739714827154,-1483.411671302381,2777.6248020826647,False,False,-1512.0646605740135,-1473.8106978023657,2816.709009497122,False,False,-1433.4100131430143,-1394.68904392212,2822.9999530792243,False,False,-1463.9032460188894,-1441.7809655530764,2866.303001911963,False,False,-1551.7536112724272,-1506.162148118715,2872.999934005738,False,False,-1560.0201424335974,-1504.1297077971699,2898.999924087525,False,False,-1515.8812819023747,-1465.1343414738515,2904.940258772472,False,True,-1439.4023718556102,-1408.5779243206894,2945.56898315595,False,False,-1467.386539108109,-1444.6080753125284,2951.999903869629,False,False,-1547.3015863312648,-1510.0214842436653,2982.999892044068,False,False,-1548.408627013479,-1502.8912140477428,2989.429982117626,False,False,-1437.3511523061404,-1397.194580798973,3026.9998752593997,False,False,-1428.6554283705718,-1404.8595363266802,3033.8853034551807,False,False,0.3596904302256064,2759.559110840643,0.09095225142918704,2773.9711699040076,0.023976349773616727,2855.0464772680753,0.07739932866351097,2868.275182993097,-0.013589975555395723,2902.803665217258,-0.06830792972032466,2974.0341497923273,0.024587887562425324,2985.8642667682657,-0.20576119039778137,2985.633917690305
34,2.4617902925238013,1782850997.391814,0.011394916102290154,-1398.2178592169207,-1395.0650074884616,2715.9999938964847,False,False,-1383.2250236879906,-1361.2521685973652,2720.771614496614,False,False,-1455.9674007396768,-1438.6741953724363,2770.99997291565,False,False,-1531.739714827154,-1483.411671302381,2777.6248020826647,False,False,-1512.0646605740135,-1473.8106978023657,2816.709009497122,False,False,-1433.4100131430143,-1394.68904392212,2822.9999530792243,False,False,-1463.9032460188894,-1441.7809655530764,2866.303001911963,False,False,-1551.7536112724272,-1506.162148118715,2872.999934005738,False,False,-1560.0201424335974,-1504.1297077971699,2898.999924087525,False,False,-1515.8812819023747,-1465.1343414738515,2904.940258772472,False,True,-1439.4023718556102,-1408.5779243206894,2945.56898315595,False,False,-1467.386539108109,-1444.6080753125284,2951.999903869629,False,False,-1547.3015863312648,-1510.0214842436653,2982.999892044068,False,False,-1548.408627013479,-1502.8912140477428,2989.429982117626,False,False,-1437.3511523061404,-1397.194580798973,3026.9998752593997,False,False,-1428.6554283705718,-1404.8595363266802,3033.8853034551807,False,False,0.4763010401410448,2759.6757214505583,0.09095225142918704,2773.9711699040076,0.023976349773616727,2855.0464772680753,0.07739932866351097,2868.275182993097,-0.013589975555395723,2902.803665217258,-0.06830792972032466,2974.0341497923273,0.024587887562425324,2985.8642667682657,-0.20576119039778137,2985.633917690305
35,2.531513021327555,1782850997.461497,0.011406291276216507,-1402.9590992450408,-1402.978717486322,2715.9999938964847,True,False,-1383.2250236879906,-1361.2521685973652,2720.771614496614,True,True,-1452.8262432374609,-1438.6741953724363,2770.99997291565,True,True,-1531.739714827154,-1484.2068343674541,2777.6248020826647,True,False,-1517.1243757068191,-1475.6636656783935,2816.709009497122,False,False,-1430.2167007977505,-1394.68904392212,2822.9999530792243,False,True,-1460.2268300883331,-1435.6725463826144,2866.303001911963,False,False,-1548.7467692636856,-1505.62152397836,2872.999934005738,False,False,-1557.5324800562398,-1505.6121420056852,2898.999924087525,False,False,-1511.7255020325824,-1467.4986306812973,2904.940258772472,False,True,-1429.6726533606382,-1408.5779243206894,2945.56898315595,False,True,-1467.685038359263,-1440.689082128557,2951.999903869629,False,False,-1552.2486092856923,-1506.182897270532,2982.999892044068,False,False,-1551.2079316563254,-1502.526162239814,2989.429982117626,False,False,-1434.464652932726,-1400.2608903628084,3026.9998752593997,False,False,-1421.9264419109331,-1406.244116208699,3033.8853034551807,False,False,0.5543250911976487,2759.753745501615,0.0981641341378549,2773.978381786716,-0.03479412709359086,2854.9877067912084,0.059839291285215784,2868.257622955719,-0.023427411550781454,2902.7938277812627,0.04202402284263959,2974.1444817448905,0.007974176486254082,2985.8476530571893,-0.23142684176797343,2985.608252038935
36,2.6064617712982,1782850997.536609,0.011643041856586933,-1402.9590992450408,-1396.4841122352295,2715.9999938964847,True,True,-1383.2250236879906,-1361.2521685973652,2720.771614496614,True,True,-1446.1556988721459,-1434.577954885839,2770.99997291565,True,True,-1531.739714827154,-1485.851354036128,2777.6248020826647,True,True,-1512.1458584222269,-1474.784142800379,2816.709009497122,True,True,-1431.8148546627137,-1394.68904392212,2822.9999530792243,True,True,-1462.80378549378,-1438.9841229330316,2866.303001911963,True,True,-1551.7536112724272,-1506.162148118715,2872.999934005738,True,True,-1557.5324800562398,-1505.6732585506006,2898.999924087525,True,True,-1511.4930815783841,-1467.4986306812973,2904.940258772472,True,True,-1437.1622367576488,-1408.5779243206894,2945.56898315595,True,True,-1467.386539108109,-1440.689082128557,2951.999903869629,True,True,-1547.6398844637345,-1506.182897270532,2982.999892044068,True,True,-1548.408627013479,-1502.8912140477428,2989.429982117626,True,True,-1437.3511523061404,-1397.194580798973,3026.9998752593997,True,True,-1424.335605342788,-1404.8595363266802,3033.8853034551807,True,True,0.39475508668600107,2759.594175497103,0.10092537633753285,2773.981143028916,0.017056696897584957,2855.0395576151996,0.07112808115933149,2868.268911745593,-0.024054672555943766,2902.793200520258,-0.019680981139022734,2974.0827767409087,0.012131321172014728,2985.851810201875,-0.2593679191076576,2985.5803109615954
37,2.6755847921594977,1782850997.605747,0.011786166578531265,-1412.747368340618,-1400.9957621420058,2715.9999938964847,False,False,-1378.7156096219092,-1367.53048415197,2720.771614496614,False,False,-1446.1556988721459,-1434.577954885839,2770.99997291565,True,True,-1526.8787251276096,-1485.6244918543878,2777.6248020826647,True,False,-1509.1796267995235,-1473.3275560106365,2816.709009497122,False,False,-1433.870446556836,-1395.6842222697683,2822.9999530792243,False,False,-1459.8256548583304,-1439.3593498792675,2866.303001911963,False,False,-1550.955472690039,-1504.4429547330135,2872.999934005738,False,False,-1555.7350184919155,-1505.7474646208395,2898.999924087525,False,False,-1505.9956521074669,-1461.312109912278,2904.940258772472,False,False,-1439.942355656081,-1407.0693844178868,2945.56898315595,False,False,-1467.386539108109,-1445.9034920683432,2951.999903869629,True,False,-1541.852116636611,-1498.6658663691662,2982.999892044068,False,False,-1548.408627013479,-1502.8912140477428,2989.429982117626,True,True,-1439.7448268484272,-1399.992928752636,3026.9998752593997,False,False,-1432.2651480881498,-1408.9079790323074,3033.8853034551807,False,False,-0.007170084624281198,2759.192250325793,0.08714634561387372,2773.967363998192,0.040145096136052404,2855.062646014438,0.08658533037812077,2868.2843689948118,-0.014121008890082845,2902.8031341839237,-0.09499672172932187,2974.0074610003185,0.006456949931030554,2985.846135830634,-0.2059976192735431,2985.6336812614295
38,2.749287437647581,1782850997.679839,0.012580124661326408,-1412.747368340618,-1400.9957621420058,2715.9999938964847,True,False,-1378.7156096219092,-1367.53048415197,2720.771614496614,False,False,-1446.1556988721459,-1434.577954885839,2770.99997291565,True,True,-1535.6182840725007,-1485.6244918543878,2777.6248020826647,False,False,-1509.1796267995235,-1473.3275560106365,2816.709009497122,False,False,-1433.870446556836,-1395.6842222697683,2822.9999530792243,False,False,-1459.8256548583304,-1439.3593498792675,2866.303001911963,False,False,-1550.955472690039,-1504.4429547330135,2872.999934005738,False,False,-1555.7350184919155,-1505.7474646208395,2898.999924087525,False,False,-1505.9956521074669,-1461.312109912278,2904.940258772472,False,False,-1439.942355656081,-1407.0693844178868,2945.56898315595,False,False,-1467.386539108109,-1445.9034920683432,2951.999903869629,True,False,-1541.852116636611,-1498.6658663691662,2982.999892044068,False,False,-1548.408627013479,-1502.526162239814,2989.429982117626,True,True,-1439.7448268484272,-1399.992928752636,3026.9998752593997,False,False,-1432.2651480881498,-1408.9079790323074,3033.8853034551807,False,False,-0.007170084624281198,2759.192250325793,0.11317173932574523,2773.993389391904,0.040145096136052404,2855.062646014438,0.08658533037812077,2868.2843689948118,-0.014121008890082845,2902.8031341839237,-0.09499672172932187,2974.0074610003185,0.0075563873117841,2985.847235268015,-0.2059976192735431,2985.6336812614295
39,2.818900833837688,1782850997.74869,0.01103941723704338,-1412.747368340618,-1405.1388437203902,2715.9999938964847,True,False,-1381.2332716936148,-1355.5523947794725,2720.771614496614,False,False,-1440.1978375156646,-1438.6741953724363,2770.99997291565,False,True,-1529.855159397255,-1481.5175810740593,2777.6248020826647,False,False,-1518.9688067365591,-1474.8736100498213,2816.709009497122,False,False,-1427.2273833175414,-1391.4585261484856,2822.9999530792243,False,False,-1460.2268300883331,-1433.8932053672404,2866.303001911963,True,False,-1544.6337882446435,-1508.9312421676802,2872.999934005738,False,False,-1558.1253889415289,-1509.5255402390192,2898.999924087525,False,False,-1509.1494100926125,-1460.4778097013786,2904.940258772472,False,False,-1434.5949995415228,-1409.2144359201636,2945.56898315595,False,False,-1473.048130941101,-1440.689082128557,2951.999903869629,False,True,-1548.452044808509,-1499.767211235749,2982.999892044068,False,False,-1547.846099886909,-1493.34998777394,2989.429982117626,True,False,-1439.5773237154995,-1399.483459669285,3026.9998752593997,False,False,-1432.7604930158636,-1412.2619494452424,3033.8853034551807,False,False,0.4642413000058988,2759.663661710423,0.1396574327784275,2774.0198750853565,-0.05560616291443169,2854.9668947553873,0.027460580566051256,2868.225244245,0.006091953136244142,2902.82334714595,0.049709445982222336,2974.1521671680302,0.0177045724433911,2985.8573834531467,-0.24641222754236455,2985.5932666531608
40,2.893204021733254,1782850997.8231192,0.011291875503957272,-1412.747368340618,-1400.9957621420058,2715.9999938964847,True,True,-1381.2332716936148,-1361.2521685973652,2720.771614496614,True,True,-1446.1556988721459,-1438.6741953724363,2770.99997291565,True,True,-1531.739714827154,-1483.411671302381,2777.6248020826647,True,True,-1512.0646605740135,-1473.8106978023657,2816.709009497122,True,True,-1433.4100131430143,-1395.6842222697683,2822.9999530792243,True,True,-1460.2268300883331,-1438.9841229330316,2866.303001911963,True,True,-1548.3592215056392,-1504.4429547330135,2872.999934005738,True,True,-1555.7350184919155,-1505.7474646208395,2898.999924087525,True,True,-1509.1494100926125,-1463.4061863862823,2904.940258772472,True,False,-1434.2251413638169,-1408.811747715255,2945.56898315595,False,True,-1467.386539108109,-1444.6080753125284,2951.999903869629,True,True,-1547.3015863312648,-1499.767211235749,2982.999892044068,True,True,-1539.395308249534,-1500.9488003178776,2989.429982117626,True,True,-1439.5773237154995,-1399.992928752636,3026.9998752593997,True,True,-1432.2651480881498,-1408.9079790323074,3033.8853034551807,True,True,0.21583467546575918,2759.415255085883,0.12112387859346392,2774.001341531172,0.014254461754493802,2855.0367553800565,0.07481964291799781,2868.272603307352,-0.010454257392078198,2902.8068009354215,-0.025366029505397802,2974.0770916925426,-0.02670312478580423,2985.8129757559173,-0.20391176796310967,2985.63576711274
41,2.9666132712736726,1782850997.896697,0.01164320856332779,-1416.5264403826757,-1400.9957621420058,2715.9999938964847,True,True,-1381.2332716936148,-1361.2521685973652,2720.771614496614,True,True,-1440.1010101781947,-1438.6741953724363,2770.99997291565,False,True,-1532.7843277195343,-1484.156684598221,2777.6248020826647,False,False,-1516.325933001192,-1472.4769126142369,2816.709009497122,False,False,-1430.4326451080476,-1389.633936485619,2822.9999530792243,False,False,-1459.5743573677294,-1441.5049316868906,2866.303001911963,False,False,-1552.520672738943,-1510.19600819146,2872.999934005738,False,False,-1557.2692499312286,-1504.5270425161232,2898.999924087525,False,False,-1509.322789375554,-1462.4263181220772,2904.940258772472,False,False,-1432.5941926215726,-1408.811747715255,2945.56898315595,False,True,-1470.1844148302107,-1448.2552296970994,2951.999903869629,False,False,-1554.1178041996516,-1505.733004248556,2982.999892044068,False,False,-1545.1316135342483,-1498.4909848091206,2989.429982117626,False,False,-1436.261868447596,-1398.1471864779776,3026.9998752593997,False,False,-1432.2651480881498,-1401.614435920164,3033.8853034551807,True,False,0.12328201238194812,2759.322702422799,0.14056314888992813,2774.0207808014684,-0.005568687386056872,2855.0169322309157,0.08032698643302819,2868.278110650867,-0.016104012731722225,2902.801151180082,-0.019428733561195607,2974.0830289884866,-0.004430186526653005,2985.8352486941762,-0.09401404388507492,2985.745664836818
42,3.038173499982804,1782850997.9679182,0.010964750312268734,-1416.5264403826757,-1400.9957621420058,2715.9999938964847,True,True,-1378.7156096219092,-1361.2521685973652,2720.771614496614,True,True,-1443.5623146987803,-1438.6741953724363,2770.99997291565,False,True,-1539.2335284408716,-1488.3681816792491,2777.6248020826647,False,False,-1519.5565653941374,-1475.380051655103,2816.709009497122,False,False,-1432.567055353486,-1388.6100559342237,2822.9999530792243,False,False,-1457.3097625087876,-1435.9493795274627,2866.303001911963,False,False,-1551.3266680930403,-1506.1379191246142,2872.999934005738,False,False,-1559.779654308158,-1504.5311030962498,2898.999924087525,False,False,-1511.263204144634,-1462.8739844729039,2904.940258772472,False,False,-1433.9705413087995,-1408.5779243206894,2945.56898315595,False,True,-1470.4330898309747,-1443.4677919735916,2951.999903869629,False,False,-1551.8746462083932,-1510.8159259712077,2982.999892044068,False,False,-1548.644174282483,-1499.779127059327,2989.429982117626,False,False,-1438.7307943882388,-1396.1525720573404,3026.9998752593997,False,False,-1428.6554283705718,-1404.1194593025034,3033.8853034551807,True,False,0.05982210663869708,2759.259242517056,0.13616059506544567,2774.016378247644,0.022723942156581817,2855.0452248604583,0.07844357539382053,2868.2762272398277,-0.019634931190572972,2902.7976202616233,0.007302581600658378,2974.1097603036483,0.02373961632255691,2985.8634184970256,-0.2270295244916874,2985.6126493562115
43,3.1097005219198763,1782850998.039587,0.011224125511944294,-1412.747368340618,-1400.9957621420058,2715.9999938964847,True,True,-1378.7156096219092,-1361.2521685973652,2720.771614496614,True,True,-1446.1779029250847,-1431.4392594064245,2770.99997291565,False,False,-1537.7472414952474,-1491.276594736681,2777.6248020826647,False,False,-1512.0646605740135,-1480.5733013418098,2816.709009497122,True,False,-1433.5196961824129,-1395.3999862456826,2822.9999530792243,False,False,-1461.8065959592873,-1446.0854708561299,2866.303001911963,False,False,-1551.0569612128252,-1510.9687165693674,2872.999934005738,False,False,-1555.2497310266833,-1504.8541843689825,2898.999924087525,False,False,-1512.441681694532,-1458.9811214353397,2904.940258772472,False,False,-1431.8395467188311,-1408.5779243206894,2945.56898315595,False,True,-1468.4377968640156,-1441.34939328178,2951.999903869629,False,False,-1551.3675933001193,-1505.5236864626952,2982.999892044068,False,False,-1542.997038237002,-1501.054522113886,2989.429982117626,False,False,-1430.949466638139,-1395.399113610661,3026.9998752593997,False,False,-1421.856608185347,-1400.2688907907204,3033.8853034551807,False,False,0.15237476972250816,2759.3517951801396,0.09230834021450786,2773.9725259927927,0.08023901750974594,2855.1027399358118,0.08120411370369462,2868.2789877781374,0.01699672252761003,2902.834251915341,0.025461574943161897,2974.127919296991,-0.011017508961861008,2985.8286613717414,-0.17538164759716432,2985.664297233106
44,3.1798408338800073,1782850998.1098208,0.011403916403651237,-1412.2481401106459,-1400.9957621420058,2715.9999938964847,False,True,-1378.7156096219092,-1361.2521685973652,2720.771614496614,True,True,-1446.3285371519396,-1429.2682137726565,2770.99997291565,False,False,-1531.739714827154,-1484.156684598221,2777.6248020826647,True,True,-1512.0646605740135,-1475.2112403337712,2816.709009497122,True,False,-1433.1557355503255,-1395.0281413332518,2822.9999530792243,False,False,-1462.497412660085,-1442.8811275483695,2866.303001911963,False,False,-1551.1245820215788,-1508.9196778433231,2872.999934005738,False,False,-1557.414229605404,-1507.3098251673441,2898.999924087525,False,False,-1515.6459929088853,-1466.872683925788,2904.940258772472,False,False,-1436.5741923159214,-1402.8870633004249,2945.56898315595,False,False,-1472.5307943882385,-1445.9034920683432,2951.999903869629,False,True,-1547.3015863312648,-1504.9912064064554,2982.999892044068,True,False,-1547.566511293823,-1501.652469664089,2989.429982117626,False,False,-1437.2488736742366,-1399.483459669285,3026.9998752593997,False,True,-1424.5636167741543,-1402.6094155943392,3033.8853034551807,False,False,0.164601290322361,2759.3640217007396,0.08903002274136212,2773.96924767532,0.031165630659030122,2855.053666548961,0.07454121453793384,2868.2723248789716,4.803248685697897e-05,2902.8173032253007,-0.06251722037826465,2974.0399405016697,0.01081487910183312,2985.850493759805,-0.19757206674632347,2985.6421068139566
45,3.2556093125604093,1782850998.18544,0.011080875061452389,-1408.3872680869274,-1400.974426139316,2715.9999938964847,False,False,-1378.7156096219092,-1355.5523947794725,2720.771614496614,True,True,-1443.5623146987803,-1427.409151205795,2770.99997291565,True,True,-1532.7843277195343,-1484.2068343674541,2777.6248020826647,True,True,-1516.325933001192,-1473.8106978023657,2816.709009497122,True,True,-1433.1557355503255,-1395.0281413332518,2822.9999530792243,True,True,-1459.8256548583304,-1441.5049316868906,2866.303001911963,True,True,-1550.955472690039,-1506.162148118715,2872.999934005738,True,True,-1557.2692499312286,-1503.9680288535012,2898.999924087525,True,False,-1509.322789375554,-1461.312109912278,2904.940258772472,True,True,-1434.5949995415228,-1407.0693844178868,2945.56898315595,True,True,-1472.5307943882385,-1445.9034920683432,2951.999903869629,True,True,-1548.452044808509,-1505.5236864626952,2982.999892044068,True,True,-1542.997038237002,-1498.4909848091206,2989.429982117626,True,True,-1437.3511523061404,-1399.483459669285,3026.9998752593997,True,True,-1429.956230705749,-1406.244116208699,3033.8853034551807,False,True,0.4047548044135133,2759.604175214831,0.09473227031567286,2773.9749499228938,-0.02011263391445718,2855.0023882843875,0.0883113942745459,2868.2860950587083,-0.013936402894594956,2902.803318789919,-0.012808170966004421,2974.089649551082,0.005212097667215183,2985.84489097837,-0.17775816857326024,2985.66192071213
46,3.3250905219465494,1782850998.254695,0.010670125484466553,-1412.2481401106459,-1407.5188204908764,2715.9999938964847,True,False,-1382.256611241862,-1351.4297842100439,2720.771614496614,False,False,-1441.3262875569276,-1429.2843216065044,2770.99997291565,False,False,-1529.6244062719686,-1478.759576061375,2777.6248020826647,False,False,-1514.9114573463335,-1472.5604700920014,2816.709009497122,False,False,-1435.3639957820094,-1393.3460968303941,2822.9999530792243,False,False,-1463.064681969618,-1440.9973866797077,2866.303001911963,False,False,-1550.3850154354009,-1503.916101720818,2872.999934005738,False,False,-1552.2503774795978,-1500.6104441116236,2898.999924087525,False,False,-1508.3503377449033,-1466.0920072133754,2904.940258772472,False,False,-1434.3706666259134,-1404.4931457651983,2945.56898315595,False,False,-1472.5307943882385,-1445.9034920683432,2951.999903869629,True,True,-1542.0463688602254,-1500.724022679341,2982.999892044068,False,False,-1545.1360042179908,-1498.6207506800745,2989.429982117626,False,False,-1443.458442094324,-1399.992928752636,3026.9998752593997,False,True,-1424.184961946389,-1402.7554436531468,3033.8853034551807,False,False,0.6673767494009758,2759.866797159818,0.11489963600080597,2773.995117288579,0.018519631453883904,2855.0410205497556,0.08081376950136895,2868.278597433935,-0.03012038165900355,2902.787134811155,-0.031913303299023026,2974.070544418749,0.015389179257650692,2985.8550680599606,-0.27493119593935533,2985.564747684764
47,3.409685167018324,1782850998.3392398,0.010532249696552753,-1412.2481401106459,-1400.9957621420058,2715.9999938964847,True,True,-1378.7156096219092,-1355.5523947794725,2720.771614496614,True,True,-1441.3262875569276,-1428.7192957789525,2770.99997291565,True,False,-1532.7843277195343,-1484.156684598221,2777.6248020826647,True,True,-1516.325933001192,-1473.3275560106365,2816.709009497122,True,True,-1433.5196961824129,-1395.3999862456826,2822.9999530792243,True,True,-1459.8256548583304,-1440.9973866797077,2866.303001911963,True,True,-1550.955472690039,-1506.1379191246142,2872.999934005738,True,True,-1555.7350184919155,-1504.5311030962498,2898.999924087525,True,True,-1509.1494100926125,-1468.3552999969434,2904.940258772472,True,False,-1434.5949995415228,-1407.0693844178868,2945.56898315595,True,True,-1472.5307943882385,-1445.9034920683432,2951.999903869629,True,True,-1542.0463688602254,-1500.724022679341,2982.999892044068,True,True,-1542.997038237002,-1498.4909848091206,2989.429982117626,True,True,-1439.5773237154995,-1399.992928752636,3026.9998752593997,True,True,-1429.956230705749,-1404.1194593025034,3033.8853034551807,True,True,0.31072409231381,2759.510144502731,0.10591325153375952,2773.986130904112,-0.024760002022843217,2854.997740916279,0.08654767045657118,2868.2843313348903,-0.033688878581226066,2902.7835663142323,-0.012808170966004421,2974.089649551082,0.009511883133673698,2985.8491907638368,-0.17213934412056886,2985.6675395365824
48,3.489006395917386,1782850998.418636,0.01070829201489687,-1412.2481401106459,-1400.9957621420058,2715.9999938964847,True,True,-1378.7156096219092,-1355.5523947794725,2720.771614496614,True,True,-1439.8812803741175,-1431.6870495461076,2770.99997291565,False,False,-1532.7843277195343,-1486.8425864229607,2777.6248020826647,True,False,-1519.8728016016137,-1471.1782039918085,2816.709009497122,False,False,-1433.8605006571509,-1394.5198948558852,2822.9999530792243,False,False,-1457.628656356023,-1441.6099092215059,2866.303001911963,False,False,-1552.5579041476908,-1506.320802640829,2872.999934005738,False,False,-1552.0195020937126,-1497.9963444081056,2898.999924087525,False,False,-1509.4713298896597,-1459.7377051685667,2904.940258772472,False,False,-1434.7196732585505,-1404.0595623070574,2945.56898315595,False,False,-1469.7242549744783,-1444.4492358712596,2951.999903869629,False,False,-1542.0463688602254,-1509.9622642662837,2982.999892044068,True,False,-1542.997038237002,-1505.1749044839075,2989.429982117626,True,False,-1437.266658006541,-1395.7899608766086,3026.9998752593997,False,False,-1426.6564431335391,-1404.2717165388024,3033.8853034551807,False,False,0.31072409231381,2759.510144502731,0.1113763287431484,2773.9915939813213,-0.06484726739355788,2854.9576536509085,0.10155028107946659,2868.2993339455134,-0.010743021593454558,2902.80651217122,-0.048462324173011856,2974.0539953978746,0.017040701190079454,2985.8567195818932,-0.2401494689085629,2985.5995294117947
49,3.567481438629329,1782850998.497164,0.010827042162418365,-1408.3872680869274,-1400.974426139316,2715.9999938964847,True,True,-1378.7156096219092,-1351.4297842100439,2720.771614496614,True,True,-1445.576712412507,-1430.587301708592,2770.99997291565,False,False,-1538.2192147813062,-1484.156684598221,2777.6248020826647,False,True,-1516.8854051410583,-1477.1649738667973,2816.709009497122,False,False,-1431.682791820766,-1390.245372436348,2822.9999530792243,False,False,-1462.9208454320383,-1447.9119341626679,2866.303001911963,False,False,-1553.7038634349117,-1506.8253583763792,2872.999934005738,False,False,-1557.7816975884095,-1498.838207965278,2898.999924087525,False,False,-1510.0861753828287,-1459.2433459669285,2904.940258772472,False,False,-1436.9424167863804,-1404.4931457651983,2945.56898315595,False,True,-1471.8088394412691,-1444.7438579331847,2951.999903869629,False,False,-1549.9791133050096,-1507.2307974447535,2982.999892044068,False,False,-1546.937903842039,-1502.1043157991257,2989.429982117626,False,False,-1435.7131980316044,-1398.4628205520066,3026.9998752593997,False,False,-1421.0335437234464,-1407.9111761469571,3033.8853034551807,False,False,0.5112126762968697,2759.710633086714,0.11479718727446986,2773.995014839853,0.038686565825480405,2855.0611874841275,0.1075715980172636,2868.305355262451,-0.024167150853395908,2902.7930880419603,-0.048817098959075524,2974.0536406230885,0.006522517965302079,2985.846201398668,-0.30188326879262006,2985.5377956119105
50,3.6440739799290895,1782850998.573628,0.010560374706983566,-1402.8244826848427,-1381.731015985573,2715.9999938964847,False,False,-1361.617166916282,-1341.6839624659965,2720.771614496614,False,False,-1440.829165265764,-1429.0261943332212,2770.99997291565,False,False,-1532.7843277195343,-1484.156684598221,2777.6248020826647,True,True,-1522.6975532597735,-1478.3688632820858,2816.709009497122,False,False,-1437.3115169483756,-1398.5186646086133,2822.9999530792243,False,False,-1459.779533575817,-1441.9689656753371,2866.303001911963,False,False,-1551.6842176849955,-1508.7101415166428,2872.999934005738,False,False,-1554.9785875844361,-1505.604853745759,2898.999924087525,False,False,-1510.8945823272306,-1461.2312605067702,2904.940258772472,False,False,-1435.4928294159,-1400.861471100651,2945.56898315595,False,False,-1471.7355044777946,-1445.4961747715256,2951.999903869629,False,False,-1551.7492694929244,-1504.3889461136412,2982.999892044068,False,False,-1547.5267949384113,-1498.2839655225112,2989.429982117626,False,False,-1435.8538252284748,-1396.2312712045725,3026.9998752593997,False,False,-1428.1542607818567,-1405.9310327964058,3033.8853034551807,False,False,-0.014037429099741924,2759.1853829813176,0.10841074450852765,2773.988628397087,-0.02980013163021251,2854.992700786672,0.08365394259353795,2868.2814376070273,0.006435060687115477,2902.823690253501,-0.07337382019796317,2974.02908390185,0.006081925419130276,2985.845760806122,-0.219165169510659,2985.6205137111924
51,3.717298937961459,1782850998.647389,0.011663874611258507,-1402.5246691322554,-1384.2228413363086,2715.9999938964847,False,False,-1355.726807164471,-1336.3344560931625,2720.771614496614,False,False,-1438.9865727297733,-1432.4526087355196,2770.99997291565,False,False,-1538.2098190543145,-1491.3166167435888,2777.6248020826647,False,False,-1517.645664333527,-1481.372564721704,2816.709009497122,False,False,-1432.3994223186724,-1392.4741571659993,2822.9999530792243,False,False,-1463.5904896536967,-1445.1648424366535,2866.303001911963,False,False,-1556.4882920194395,-1507.1365696732587,2872.999934005738,False,False,-1554.9785875844361,-1506.1294372955954,2898.999924087525,True,False,-1510.68806125256,-1461.9396047926157,2904.940258772472,False,False,-1435.9886098969955,-1400.49103371336,2945.56898315595,False,False,-1472.0752513983555,-1445.0333496347466,2951.999903869629,False,False,-1549.2906867989118,-1509.2369043616468,2982.999892044068,False,False,-1549.9521808234254,-1506.330852462023,2989.429982117626,False,False,-1438.3589082128556,-1399.365233670569,3026.9998752593997,False,False,-1426.7955069230065,-1406.0084558486415,3033.8853034551807,False,False,0.04425728545327782,2759.2436776958702,0.11892989263698225,2773.9991475452152,0.055532420669460854,2855.078033338971,0.10368573351063026,2868.3014693979444,0.004912366167155702,2902.8221675589807,-0.0740868353367845,2974.028370886711,0.010627174981903097,2985.850306055685,-0.2280452900045481,2985.6116335906986
52,3.791617708746344,1782850998.721319,0.010889667086303234,-1400.742305223584,-1381.4966347770273,2715.9999938964847,False,False,-1359.3863236238042,-1339.6019439435158,2720.771614496614,False,False,-1441.7260690161079,-1427.8039108108933,2770.99997291565,False,False,-1539.6441513586208,-1490.5772870373198,2777.6248020826647,False,False,-1518.5909114527615,-1478.1575174985483,2816.709009497122,False,False,-1436.132859064095,-1394.458283155546,2822.9999530792243,False,False,-1467.0316807775775,-1440.873648256258,2866.303001911963,False,False,-1553.9473576428159,-1505.2219778708318,2872.999934005738,False,False,-1555.4285065867898,-1505.7734144328635,2898.999924087525,False,False,-1511.6599061649906,-1462.5058501696365,2904.940258772472,False,False,-1433.6674175505086,-1401.0988645046918,2945.56898315595,False,False,-1467.3526851483934,-1447.0005180792864,2951.999903869629,False,False,-1549.4730659901581,-1507.9374759299449,2982.999892044068,False,False,-1546.2307913317236,-1501.077283980805,2989.429982117626,False,False,-1440.5015297857385,-1397.679609988691,3026.9998752593997,False,False,-1428.4769126142373,-1404.0144359201638,3033.8853034551807,False,False,0.02874692101006264,2759.2281673314274,0.10249244565403642,2773.9827100982325,0.033589001838414505,2855.05608992014,0.07371956497352068,2868.2715032294072,0.003411519851650085,2902.8206667126656,-0.102537203286589,2973.9999205187614,0.011138994696964319,2985.8508178754,-0.23037810428993624,2985.609300776413
53,3.8683906672522426,1782850998.797975,0.010597165673971176,-1398.4831463765015,-1383.1314041629732,2715.9999938964847,False,False,-1361.2260384509582,-1341.9961472628909,2720.771614496614,False,False,-1444.1769003881777,-1427.901398355595,2770.99997291565,False,False,-1540.2155041721428,-1488.0288550294952,2777.6248020826647,False,False,-1519.9314484824406,-1478.201960754348,2816.709009497122,False,False,-1436.330537640982,-1395.3913500626586,2822.9999530792243,False,False,-1465.387336858514,-1443.6545725463827,2866.303001911963,False,False,-1555.7769798575664,-1508.4034401075892,2872.999934005738,False,False,-1561.7302442155456,-1505.3653238377603,2898.999924087525,False,False,-1512.1588914020233,-1464.9609270409878,2904.940258772472,False,False,-1434.3238652688206,-1401.5767597884892,2945.56898315595,False,False,-1476.1316532689427,-1443.7119051257757,2951.999903869629,False,False,-1552.56432894214,-1506.4960739065316,2982.999892044068,False,False,-1548.7546367331965,-1497.6754164501635,2989.429982117626,False,False,-1439.1649050952103,-1398.2019057370785,3026.9998752593997,False,False,-1425.7680609469082,-1404.2535700094754,3033.8853034551807,False,False,0.11082822058697764,2759.310248631004,0.10472886229920028,2773.9849465148773,0.014711608148243559,2855.0372125264503,0.08479472546219904,2868.282578389896,-0.028158425468115277,2902.7890967673457,-0.010149310655451148,2974.0923084113924,0.015486514512582199,2985.855165395216,-0.2436509807950452,2985.596027899908
54,3.98630364658311,1782850998.9162629,0.011010208167135715,-1405.5422593758599,-1377.3349267964668,2715.9999938964847,False,False,-1361.2136656783937,-1340.8196411651436,2720.771614496614,False,False,-1446.539167710976,-1431.7356099275607,2770.99997291565,False,False,-1538.2192147813062,-1487.5344392823304,2777.6248020826647,True,False,-1518.4848412140477,-1476.8009780847876,2816.709009497122,False,False,-1437.099579729193,-1392.4772488308831,2822.9999530792243,False,False,-1459.313572454687,-1441.9258275514258,2866.303001911963,False,False,-1549.87011034019,-1511.674571323777,2872.999934005738,False,False,-1556.2544350032097,-1506.6714979979827,2898.999924087525,False,False,-1512.965183238072,-1465.1802090656233,2904.940258772472,False,False,-1437.7176238652687,-1399.5150090167194,2945.56898315595,False,False,-1465.4546382614544,-1446.7735321086898,2951.999903869629,False,False,-1550.7758520035454,-1508.9210792554327,2982.999892044068,False,False,-1547.3863389063788,-1501.351271510224,2989.429982117626,False,False,-1436.7531971146498,-1397.758698841581,3026.9998752593997,False,False,-1426.722745056087,-1409.376969159764,3033.8853034551807,False,False,-0.18080580296860702,2759.0186146074484,0.10499707042034101,2773.9852147229985,0.0506699731221986,2855.073170891424,0.06849125481997956,2868.2662749192536,-0.0015909782930283267,2902.815664214521,-0.16067387076406053,2973.9417838512836,0.01284365631386333,2985.852522537017,-0.27179747904040785,2985.567881401663
55,4.062302021775395,1782850998.991791,0.010468375869095325,-1402.6724684414833,-1383.8585460158326,2715.9999938964847,False,False,-1360.073978359874,-1339.9175764892868,2720.771614496614,False,False,-1444.419506678485,-1429.0401137023564,2770.99997291565,False,False,-1542.9207537365896,-1491.6797077971696,2777.6248020826647,False,False,-1521.2589280802028,-1476.4962848060643,2816.709009497122,False,False,-1432.7932573279945,-1398.1488400525723,2822.9999530792243,False,False,-1466.6193783048568,-1444.078647186478,2866.303001911963,False,False,-1551.907815508757,-1510.043726503041,2872.999934005738,False,False,-1558.4848595531373,-1503.7707598496193,2898.999924087525,False,False,-1513.6109774734846,-1466.7342620044624,2904.940258772472,False,False,-1436.279256961213,-1400.8508374850994,2945.56898315595,False,False,-1468.3156738087232,-1445.4145719350795,2951.999903869629,False,False,-1550.7642830944155,-1509.4013586209005,2982.999892044068,False,False,-1550.475627349696,-1504.1040850322463,2989.429982117626,False,False,-1441.7126677262586,-1400.841672524987,3026.9998752593997,False,False,-1425.3346394840603,-1405.6670033927317,3033.8853034551807,False,False,0.049674646337286965,2759.2490950567544,0.10435901123606009,2773.9845766638146,-0.07346807684298917,2854.949032841459,0.06282014466956497,2868.2606038091035,-0.023846327417931818,2902.7934088653956,-0.10551662622479048,2973.996941095823,0.0150497103324771,2985.8547285910354,-0.2647174239111265,2985.574961456792
56,4.136657417286187,1782850999.066226,0.010626166127622128,-1405.4308509337652,-1384.2660803252134,2715.9999938964847,False,False,-1363.4736941039823,-1341.8342696457498,2720.771614496614,False,False,-1444.0027218265732,-1425.4813552587339,2770.99997291565,False,False,-1542.2589708714124,-1489.36076198918,2777.6248020826647,False,False,-1522.5513372252958,-1474.998019378305,2816.709009497122,False,False,-1431.1558883760733,-1394.4038985848335,2822.9999530792243,False,False,-1465.874123544335,-1438.4252223614635,2866.303001911963,False,False,-1551.689346517101,-1508.9483296145736,2872.999934005738,False,False,-1555.6262417092032,-1505.7350918482746,2898.999924087525,False,False,-1510.452037167222,-1465.2687303236848,2904.940258772472,False,False,-1437.4443057126261,-1396.50098266956,2945.56898315595,False,False,-1473.836774459761,-1444.8630497906288,2951.999903869629,False,False,-1556.1639636886023,-1509.0661108903628,2982.999892044068,False,False,-1551.075480636978,-1503.6367729315036,2989.429982117626,False,False,-1440.279492312865,-1395.4403673930985,3026.9998752593997,False,False,-1424.4866949903721,-1406.925135250787,3033.8853034551807,False,False,0.028726474096959834,2759.228146884514,0.0996480315604838,2773.9798656841385,-0.07804198991957069,2854.944458928382,0.047926203966264166,2868.2457098684,-0.012384236543355059,2902.8048709562704,-0.10349389670430043,2973.9989638253437,0.0014906174169778638,2985.84116949812,-0.34257605548593734,2985.497102825217
57,4.207492833957076,1782850999.137072,0.010588333010673523,-1402.6724684414833,-1383.4773955436012,2715.9999938964847,True,False,-1362.7054849160986,-1341.2297077971696,2720.771614496614,False,False,-1447.0791453984164,-1427.8166900999481,2770.99997291565,False,False,-1543.002225142892,-1488.561477213681,2777.6248020826647,False,False,-1522.994774887673,-1478.8108873062934,2816.709009497122,False,False,-1437.671855610233,-1400.4106764067612,2822.9999530792243,False,False,-1463.9956612770118,-1441.9689656753371,2866.303001911963,False,True,-1552.276457193508,-1509.5697618974843,2872.999934005738,False,False,-1559.6840327658404,-1503.2810419659504,2898.999924087525,False,False,-1513.8865192407616,-1464.9082923250908,2904.940258772472,False,False,-1443.6122963596904,-1405.325633462726,2945.56898315595,False,False,-1472.7187028150502,-1444.3447183421463,2951.999903869629,False,False,-1552.611264785891,-1506.4299889965464,2982.999892044068,False,False,-1549.1091206406456,-1501.073419017636,2989.429982117626,False,False,-1437.0995843139651,-1396.5328728184124,3026.9998752593997,False,False,-1424.629692514595,-1406.306340740288,3033.8853034551807,False,False,0.07334076623936872,2759.2727611766563,0.10211463270611335,2773.9823322852844,-0.043388967144300516,2854.9791119511574,0.06748977946554507,2868.2652734438993,-0.022018875841147333,2902.7952363169725,-0.0848796899061084,2974.0175780321415,0.00590658397789917,2985.845585464681,-0.2792638429176766,2985.5604150377853
58,4.282038896344602,1782850999.2115998,0.010612208396196365,-1402.6724684414833,-1383.1314041629732,2715.9999938964847,True,True,-1361.2260384509582,-1340.8196411651436,2720.771614496614,True,True,-1444.0027218265732,-1429.0261943332212,2770.99997291565,True,True,-1542.2589708714124,-1489.36076198918,2777.6248020826647,True,True,-1519.8728016016137,-1477.1649738667973,2816.709009497122,True,True,-1433.8605006571509,-1394.5198948558852,2822.9999530792243,True,True,-1463.5904896536967,-1443.6545725463827,2866.303001911963,True,True,-1552.276457193508,-1508.7101415166428,2872.999934005738,True,True,-1556.2544350032097,-1505.3653238377603,2898.999924087525,True,True,-1503.594463123147,-1464.9082923250908,2904.940258772472,False,True,-1436.279256961213,-1400.861471100651,2945.56898315595,True,True,-1471.8088394412691,-1445.0333496347466,2951.999903869629,True,True,-1550.7758520035454,-1508.9210792554327,2982.999892044068,True,True,-1548.7546367331965,-1501.351271510224,2989.429982117626,True,True,-1437.266658006541,-1397.758698841581,3026.9998752593997,True,True,-1426.6564431335391,-1406.0084558486415,3033.8853034551807,True,True,0.0374412139644973,2759.2368616243816,0.11076482786709958,2773.9909824804454,-0.009301707985105037,2855.0131992103165,0.07813023030386285,2868.2759138947376,-0.039862978850146044,2902.7773922139636,-0.0754350563954916,2974.027022665652,0.0168465893248972,2985.856525470028,-0.23674236210725588,2985.602936518596
59,4.354230313561857,1782850999.28408,0.010913291946053505,-1399.6551960754348,-1381.9413149127363,2715.9999938964847,False,False,-1360.6800531833603,-1341.6053061099733,2720.771614496614,False,False,-1439.2721765443039,-1429.3189733166241,2770.99997291565,False,False,-1539.2275774062412,-1488.108798178317,2777.6248020826647,False,False,-1519.2581777057799,-1477.6073982944647,2816.709009497122,False,False,-1431.0797016841398,-1391.67871290155,2822.9999530792243,False,False,-1457.8391249197664,-1439.7485359293335,2866.303001911963,False,False,-1550.2635938502922,-1509.8841947611331,2872.999934005738,False,False,-1556.7866552556775,-1505.918634043464,2898.999924087525,False,False,-1511.158727878473,-1457.6836247210929,2904.940258772472,False,False,-1436.1975899379527,-1396.7661735489194,2945.56898315595,False,False,-1474.2281902374912,-1447.9795106519546,2951.999903869629,False,False,-1554.1225173457224,-1511.2058119631997,2982.999892044068,False,False,-1547.0315019714521,-1499.5074456704465,2989.429982117626,False,False,-1436.574426139316,-1395.2325136779043,3026.9998752593997,False,False,-1427.620370143962,-1407.7056010636672,3033.8853034551807,False,False,0.04802724540926189,2759.2474476558264,0.12116458737584272,2774.001382239954,0.0016430724826542633,2855.0241439907845,0.0735207790360243,2868.27130444347,0.01566294796975234,2902.8329181407835,-0.11284432131769652,2973.98961340073,0.014468408021862916,2985.854147288725,-0.2699390959716961,2985.5697397847316
60,4.426454500760883,1782850999.3560781,0.010709083639085293,-1400.1547589937952,-1382.8087156524132,2715.9999938964847,False,False,-1361.4445502338235,-1340.557794113152,2720.771614496614,False,False,-1442.998636794327,-1429.7352630131124,2770.99997291565,False,False,-1546.3404881254396,-1492.4133447443226,2777.6248020826647,False,False,-1526.6441391325611,-1480.2813858238835,2816.709009497122,False,False,-1434.4875049668367,-1397.6113488400526,2822.9999530792243,False,False,-1461.828812238286,-1440.4757236299172,2866.303001911963,False,False,-1549.3574899899133,-1506.2406210838403,2872.999934005738,False,False,-1558.0052541492191,-1501.775188739799,2898.999924087525,False,False,-1509.763155240395,-1466.4693874744019,2904.940258772472,False,False,-1435.1813904086562,-1398.0631567686526,2945.56898315595,False,False,-1469.5260965247426,-1444.0808998380048,2951.999903869629,False,False,-1552.2091267536755,-1508.219648806431,2982.999892044068,False,False,-1550.5738973622276,-1499.1753965828161,2989.429982117626,False,False,-1440.4266314148608,-1395.561512363603,3026.9998752593997,False,False,-1423.1318060946905,-1403.3832686371,3033.8853034551807,False,False,0.10418982554766726,2759.3036102359647,0.11881753578575788,2773.999035188364,-0.06546962164411373,2854.9570312966575,0.07156885563582252,2868.2693525200693,-0.04268372442297699,2902.7745714683906,-0.09973896417703215,2974.0027187578708,0.02247926511956924,2985.862158145823,-0.3151351547781576,2985.524543725925
61,4.496875959448516,1782850999.426281,0.010299500077962875,-1402.5246691322554,-1383.1314041629732,2715.9999938964847,True,True,-1361.2260384509582,-1344.573422074151,2720.771614496614,True,False,-1443.9047269003884,-1428.7415380383286,2770.99997291565,False,False,-1541.6393679127061,-1484.0154965308557,2777.6248020826647,False,False,-1519.0090686798915,-1477.6684353699911,2816.709009497122,False,False,-1432.8840602744754,-1394.6383867714032,2822.9999530792243,False,False,-1460.4214552067735,-1441.1489714827153,2866.303001911963,False,False,-1551.2166075740438,-1505.9490127456672,2872.999934005738,False,False,-1558.9328025185682,-1504.5475792401505,2898.999924087525,False,False,-1511.158727878473,-1465.6574395574166,2904.940258772472,True,False,-1438.3922502063147,-1401.2858957117091,2945.56898315595,False,False,-1474.743747898646,-1443.2990662346792,2951.999903869629,False,False,-1552.4963016168963,-1510.8435476969162,2982.999892044068,False,False,-1551.926221841856,-1503.249049423847,2989.429982117626,False,False,-1439.1675031329278,-1396.9299920530611,3026.9998752593997,False,False,-1429.1347892532933,-1409.5539138674085,3033.8853034551807,False,False,-0.0561412391884788,2759.1432791712286,0.12483130076719198,2774.0050489533455,-0.00734375846936157,2855.0151571598326,0.08652543643171857,2868.2843091008654,-0.02749808230018524,2902.7897571105136,-0.05242554626429123,2974.0500321757836,0.02113562653732584,2985.8608145072403,-0.28494142722706434,2985.5547374534763
62,4.572122334036976,1782850999.5018082,0.010858000256121159,-1402.5246691322554,-1383.4773955436012,2715.9999938964847,True,True,-1361.2260384509582,-1341.2297077971696,2720.771614496614,True,True,-1443.9047269003884,-1429.0401137023564,2770.99997291565,True,True,-1541.6393679127061,-1489.36076198918,2777.6248020826647,True,True,-1519.2581777057799,-1478.1575174985483,2816.709009497122,True,True,-1434.4875049668367,-1394.6383867714032,2822.9999530792243,True,True,-1463.5904896536967,-1435.982188159061,2866.303001911963,True,False,-1551.689346517101,-1508.9483296145736,2872.999934005738,True,True,-1558.0052541492191,-1505.7350918482746,2898.999924087525,True,True,-1510.1196365803708,-1465.1802090656233,2904.940258772472,False,True,-1436.279256961213,-1400.8508374850994,2945.56898315595,True,True,-1472.0752513983555,-1445.0333496347466,2951.999903869629,True,True,-1552.2091267536755,-1509.0661108903628,2982.999892044068,True,True,-1549.1091206406456,-1501.351271510224,2989.429982117626,True,True,-1439.1675031329278,-1397.679609988691,3026.9998752593997,True,True,-1425.7680609469082,-1406.306340740288,3033.8853034551807,True,True,0.03915887792414218,2759.2385792883415,0.10927126627579886,2773.989488918854,0.010185075595403173,2855.0326859938973,0.04718224899294286,2868.2449659134268,-0.021786326985266755,2902.7954688658283,-0.07346269639657144,2974.028995025651,0.014145867784610355,2985.8538247484876,-0.2762264354953128,2985.563452445208
63,4.643251292407513,1782850999.572834,0.010671500116586685,-1404.3962068649325,-1382.67350765657,2715.9999938964847,False,False,-1360.795922609041,-1338.8817327383317,2720.771614496614,False,False,-1445.0145291438703,-1428.7415380383286,2770.99997291565,False,True,-1542.7333328239142,-1490.7747776385365,2777.6248020826647,False,False,-1521.695172234618,-1475.6272213222485,2816.709009497122,False,False,-1430.4427728703731,-1392.1433490234435,2822.9999530792243,False,False,-1462.0390897698442,-1442.6488094874226,2866.303001911963,False,False,-1554.0809334596695,-1516.547933795886,2872.999934005738,False,False,-1561.7443912950455,-1505.7350918482746,2898.999924087525,False,True,-1511.6599061649906,-1465.2687303236848,2904.940258772472,True,True,-1441.096119754256,-1405.059151205795,2945.56898315595,False,False,-1469.5260965247426,-1449.458619372192,2951.999903869629,True,False,-1556.791755050891,-1506.5980529999692,2982.999892044068,False,False,-1550.7033606382006,-1502.8736100498213,2989.429982117626,False,False,-1441.940353638781,-1397.679609988691,3026.9998752593997,False,True,-1425.7680609469082,-1411.5291560962191,3033.8853034551807,True,False,0.02253866677552801,2759.221959077193,0.10380361212960548,2773.9840212647077,-0.04919225776596147,2854.973308660536,0.05863826472251149,2868.256421929156,-0.029839933663143046,2902.7874152591507,-0.13183830966297672,2973.9706194123846,-0.006546060420703817,2985.8331328202826,-0.37621164950556824,2985.4634672311977
64,4.714168522041291,1782850999.6437912,0.010727125220000744,-1402.6724684414833,-1386.7781229941622,2715.9999938964847,True,False,-1362.7079316563256,-1341.281829018553,2720.771614496614,False,False,-1447.8546672983464,-1431.2098862976434,2770.99997291565,False,False,-1541.4485466271356,-1492.0718189320537,2777.6248020826647,False,False,-1515.2193034202403,-1477.8046107528194,2816.709009497122,False,False,-1429.5966775682368,-1396.1299782987437,2822.9999530792243,False,False,-1461.0482409756396,-1435.8610248494667,2866.303001911963,False,False,-1548.9784790781553,-1505.5538038328698,2872.999934005738,False,False,-1554.5312543937403,-1508.4004814011066,2898.999924087525,False,False,-1512.3512760949964,-1465.3748800317878,2904.940258772472,False,False,-1435.5102148730016,-1397.193553809946,2945.56898315595,False,False,-1468.7450927652292,-1443.4691704618394,2951.999903869629,False,False,-1552.9847158969344,-1505.1849955680532,2982.999892044068,False,False,-1552.053508879176,-1498.857729926338,2989.429982117626,False,False,-1439.1318427728704,-1400.2795503866491,3026.9998752593997,False,False,-1424.819913194975,-1408.3425955925054,3033.8853034551807,False,False,0.1548481365636604,2759.3542685469806,0.09495207544186286,2773.9751697280203,-0.017865545730361736,2855.0046353725716,0.05860314944267413,2868.2563868138764,0.007949461403103318,2902.825204654217,-0.11073068633169901,2973.991727035716,0.016401148317632435,2985.8560800290206,-0.2797443078513348,2985.559934572852
65,4.7854179800488055,1782850999.715046,0.010752459056675434,-1397.4906531772474,-1383.8585460158326,2715.9999938964847,False,True,-1362.7054849160986,-1341.281829018553,2720.771614496614,True,True,-1444.0027218265732,-1429.3189733166241,2770.99997291565,True,True,-1542.2589708714124,-1489.36076198918,2777.6248020826647,True,True,-1519.2581777057799,-1477.6684353699911,2816.709009497122,True,True,-1432.8840602744754,-1396.1299782987437,2822.9999530792243,True,True,-1461.828812238286,-1441.1489714827153,2866.303001911963,True,True,-1550.2635938502922,-1509.5697618974843,2872.999934005738,True,True,-1556.7866552556775,-1505.918634043464,2898.999924087525,True,True,-1508.4564477183117,-1465.6574395574166,2904.940258772472,False,True,-1437.7176238652687,-1400.8508374850994,2945.56898315595,True,True,-1469.5260965247426,-1444.8630497906288,2951.999903869629,True,True,-1552.4963016168963,-1508.9210792554327,2982.999892044068,True,True,-1550.475627349696,-1502.8736100498213,2989.429982117626,True,True,-1440.279492312865,-1397.758698841581,3026.9998752593997,True,True,-1425.3346394840603,-1408.3425955925054,3033.8853034551807,True,True,0.2100461074565117,2759.4094665178736,0.11168053248622639,2773.9918981850647,-0.024142068960378186,2854.9983588493415,0.06537658583347601,2868.263160250267,-0.02466992632174621,2902.792585266492,-0.10329696477977485,2973.999160757268,0.012278782633098432,2985.851957663336,-0.32000043445101956,2985.519678446252
66,4.856775084044784,1782850999.786242,0.010421332903206348,-1406.3375615123637,-1389.0177170889751,2715.9999938964847,False,False,-1368.4448757526668,-1341.6053061099733,2720.771614496614,False,True,-1448.1834061802733,-1434.260138460128,2770.99997291565,False,False,-1542.3288458599504,-1491.5549301586332,2777.6248020826647,False,False,-1523.6579484671577,-1481.7401106458417,2816.709009497122,False,False,-1437.7667390041875,-1397.532444906318,2822.9999530792243,False,False,-1468.812936699575,-1446.8229437295597,2866.303001911963,False,False,-1554.8421661521531,-1510.2841061221993,2872.999934005738,False,False,-1560.7665021242778,-1509.9951554237855,2898.999924087525,False,False,-1516.1657028456154,-1461.2816135342482,2904.940258772472,False,False,-1433.4828193294009,-1399.6491457040681,2945.56898315595,False,False,-1472.496471253477,-1440.249923587126,2951.999903869629,False,False,-1551.5823394565518,-1508.341784087783,2982.999892044068,False,False,-1548.2839242595594,-1499.4277760797136,2989.429982117626,False,False,-1435.0847067273894,-1401.313702356573,3026.9998752593997,False,False,-1424.5915090014366,-1408.666575480637,3033.8853034551807,False,False,0.258586792675371,2759.4580072030926,0.10765093992882803,2773.9878685925073,0.006632027502666934,2855.0291329458046,0.07417420977388316,2868.2719578742076,0.02120918091525398,2902.838464373729,-0.019920257920069205,2974.0825374641277,0.017197946724901693,2985.856876827428,-0.22305485113069884,2985.6166240295724
67,4.927821604534984,1782850999.8574212,0.010654540732502937,-1407.3267062994773,-1390.9841168200019,2715.9999938964847,False,False,-1365.9069184216155,-1341.6961625454655,2720.771614496614,False,False,-1449.4912889323593,-1432.0071614145552,2770.99997291565,False,False,-1538.7956016749702,-1490.654195066785,2777.6248020826647,False,False,-1520.2591405079927,-1480.032585506006,2816.709009497122,False,False,-1436.6598801846135,-1393.0493688296606,2822.9999530792243,False,False,-1464.3671806705993,-1440.9199880795918,2866.303001911963,False,False,-1549.0171501054497,-1510.8251780419967,2872.999934005738,False,False,-1561.7520127151022,-1508.7422242259377,2898.999924087525,False,False,-1513.6533713360027,-1467.1292126417459,2904.940258772472,False,False,-1433.683727114344,-1403.1559617324328,2945.56898315595,False,False,-1472.967555093682,-1445.7357581685362,2951.999903869629,False,False,-1557.551016291225,-1512.2220451141607,2982.999892044068,False,False,-1553.7903322431766,-1506.0034064859244,2989.429982117626,False,False,-1443.7338126967632,-1399.4900464590273,3026.9998752593997,False,False,-1429.881787755601,-1411.8754898065226,3033.8853034551807,False,False,0.21602380839419721,2759.4154442188114,0.08886065807100159,2773.9690783106494,0.05473976517245327,2855.0772406834744,0.046702824330104815,2868.244486488764,-0.018453659889487856,2902.7988015329242,-0.0326217900918008,2974.069835931956,0.007712131398587012,2985.8473910121015,-0.3288100691206166,2985.5108688115824
68,5.001655312720686,1782850999.9313269,0.010844874195754528,-1397.4229880490268,-1387.190989393893,2715.9999938964847,False,False,-1370.1374805147173,-1341.6961625454655,2720.771614496614,False,True,-1443.9047269003884,-1431.2098862976434,2770.99997291565,True,True,-1541.4485466271356,-1490.7747776385365,2777.6248020826647,True,True,-1519.2581777057799,-1477.144239997555,2816.709009497122,True,False,-1440.4521212213833,-1397.2898187486626,2822.9999530792243,False,False,-1467.4354891952196,-1447.599297001559,2866.303001911963,False,False,-1549.3574899899133,-1516.6149555277073,2872.999934005738,True,False,-1562.518047192591,-1510.5182305834887,2898.999924087525,False,False,-1515.856521074671,-1464.0313552587338,2904.940258772472,False,False,-1435.2601415166428,-1400.2222376746035,2945.56898315595,False,False,-1472.1757419690068,-1447.5895833970108,2951.999903869629,False,False,-1555.2399883852427,-1507.4760766573952,2982.999892044068,False,False,-1548.321540789192,-1499.642088211022,2989.429982117626,False,False,-1437.831358315249,-1394.6577054742181,3026.9998752593997,False,False,-1425.185423480148,-1405.142699514014,3033.8853034551807,False,False,0.47425366316953005,2759.673674073587,0.11113822101169364,2773.99135587359,0.031568559626271885,2855.054069477928,0.040894569636169026,2868.23867823407,0.005248165980406167,2902.822503358794,-0.0897921410692315,2974.0126655809786,0.003408436349068382,2985.8430873170523,-0.2910118335552772,2985.548667047148
69,5.116458917036653,1782851000.046052,0.010680750012397766,-1402.0846394840605,-1389.0177170889751,2715.9999938964847,False,True,-1361.0786426017057,-1339.9124644680137,2720.771614496614,False,False,-1442.6777180059296,-1425.1101934773972,2770.99997291565,False,False,-1543.0482745973043,-1493.7711296879302,2777.6248020826647,False,False,-1520.210673350246,-1478.3952700430968,2816.709009497122,False,False,-1433.0366842925698,-1394.049021915212,2822.9999530792243,False,False,-1458.5637833542194,-1437.7083366445577,2866.303001911963,False,False,-1552.5277928905462,-1508.9023351774308,2872.999934005738,False,False,-1558.5704633676683,-1503.9919063483817,2898.999924087525,False,False,-1506.817440474371,-1460.9468105266374,2904.940258772472,False,False,-1430.774420026286,-1397.6334260476206,2945.56898315595,False,False,-1465.6232646636304,-1441.7422318672247,2951.999903869629,False,False,-1548.4753155851697,-1504.999669896384,2982.999892044068,False,False,-1545.6924274841826,-1499.2619907081946,2989.429982117626,False,False,-1434.0516642723967,-1398.970325824495,3026.9998752593997,False,False,-1422.8239707185865,-1402.434781612006,3033.8853034551807,False,False,0.21922950138007305,2759.4186499117973,0.09140587826352119,2773.971623530842,-0.004206797994811474,2855.018294120307,0.07470172729005245,2868.272485391724,-0.026360877517355222,2902.7908943152966,-0.07984345008153913,2974.022614271966,0.009141805345070624,2985.8488206860484,-0.18371701938560372,2985.6559618613173
70,5.188954854849726,1782851000.118548,0.010662958957254887,-1405.9507014701837,-1381.681517254027,2715.9999938964847,False,False,-1360.4491365345234,-1341.4355992297583,2720.771614496614,False,False,-1442.7446572118472,-1433.7332854479323,2770.99997291565,False,False,-1542.122457743681,-1488.5446847204817,2777.6248020826647,False,False,-1520.3816777210623,-1477.6048170675795,2816.709009497122,False,False,-1434.5625408808876,-1395.7671241250728,2822.9999530792243,False,False,-1463.991796313843,-1443.480154048354,2866.303001911963,False,False,-1552.7587569153652,-1507.0204587828957,2872.999934005738,False,False,-1562.1273802610262,-1504.1619326344103,2898.999924087525,False,False,-1509.8706681541703,-1464.7930938044442,2904.940258772472,False,False,-1435.4941223217288,-1401.2163599963324,2945.56898315595,False,False,-1472.1303160436469,-1446.8789436684292,2951.999903869629,False,False,-1555.2693523244798,-1512.6430846348992,2982.999892044068,False,False,-1551.0144603722838,-1499.1453892471804,2989.429982117626,False,False,-1440.2814775193324,-1399.706852706544,3026.9998752593997,False,False,-1429.2901014762967,-1410.037692942507,3033.8853034551807,False,False,-0.11634850123220106,2759.083071909185,0.13142934526742292,2774.0116469978457,-0.015323510472533068,2855.007177407829,0.08369477031138994,2868.281478434745,-0.041836165017173896,2902.7754190277965,-0.07830588581512204,2974.0241518362327,0.028193846562169788,2985.8678727272654,-0.2673283944953866,2985.5723504862076
71,5.263883000705391,1782851000.19342,0.010498416610062122,-1399.174779166794,-1382.7500871106763,2715.9999938964847,False,False,-1362.9774902955648,-1341.8669147537978,2720.771614496614,False,False,-1448.8502750863465,-1431.0387764770608,2770.99997291565,False,False,-1541.2529205000458,-1494.6414585689397,2777.6248020826647,False,False,-1525.8036831005288,-1479.267194424917,2816.709009497122,False,False,-1442.1490555368769,-1396.4822920805698,2822.9999530792243,False,False,-1464.3727358865422,-1444.9066570895861,2866.303001911963,False,False,-1554.4416297337773,-1513.8875584558486,2872.999934005738,False,False,-1557.2502108995325,-1510.7077788305774,2898.999924087525,False,False,-1515.7725968151115,-1467.0092291469268,2904.940258772472,False,False,-1434.3097701500749,-1399.9912064064556,2945.56898315595,False,False,-1472.9546290919093,-1446.2369013051318,2951.999903869629,False,False,-1552.668106794633,-1509.1941070391538,2982.999892044068,False,False,-1552.2968472048171,-1501.9599397866552,2989.429982117626,False,False,-1439.4204679524405,-1396.1774902955651,3026.9998752593997,False,False,-1425.9045847724424,-1404.6024788336338,3033.8853034551807,False,False,0.1322355097279126,2759.331655920145,0.08290238427968409,2773.963120036858,0.016478288331620402,2855.0389792066335,0.06904862126599379,2868.2668322857,0.013104983760382598,2902.8303601765742,-0.0674589045883657,2974.0349988174594,0.02067857740765484,2985.8603574581107,-0.2755632395086952,2985.5641156411943
72,5.34135293867439,1782851000.270737,0.010261042043566704,-1401.580224348198,-1384.3074303878716,2715.9999938964847,False,False,-1364.8459134394961,-1344.5382599260324,2720.771614496614,False,False,-1452.2101461014151,-1431.9987835070453,2770.99997291565,False,False,-1541.1726105694286,-1496.4691842161565,2777.6248020826647,False,False,-1527.2418314637648,-1481.305816547972,2816.709009497122,False,False,-1436.0650258275514,-1395.5673839288445,2822.9999530792243,False,False,-1461.7507992786627,-1445.8047513525082,2866.303001911963,False,False,-1557.2870587156526,-1510.5388253813003,2872.999934005738,False,False,-1565.867252498701,-1510.793182443378,2898.999924087525,False,False,-1515.1693997004616,-1464.739482532017,2904.940258772472,False,False,-1436.4317541339365,-1401.4779762814437,2945.56898315595,False,False,-1470.4057324938108,-1449.0822416480728,2951.999903869629,False,False,-1557.8329859094658,-1508.534816761928,2982.999892044068,False,False,-1550.6239615490417,-1506.1802426872878,2989.429982117626,False,False,-1442.2225876455664,-1401.3924779166794,3026.9998752593997,False,False,-1426.0011782865179,-1404.5770287618056,3033.8853034551807,False,False,0.09011046520697578,2759.289530875624,0.06971591913391767,2773.9499335717123,-0.026422418782147798,2854.9960784995196,0.10328837131625485,2868.30107203575,-0.010910672199459228,2902.8063445206144,-0.11421569512290047,2973.988242026925,-0.013931699926871703,2985.825747180776,-0.2420178035621114,2985.597661077141
73,5.416169063188136,1782851000.3458009,0.010723041370511055,-1400.361842467219,-1382.8094324051713,2715.9999938964847,False,False,-1362.9452761561265,-1341.5471818932053,2720.771614496614,False,False,-1441.6099718800624,-1430.477030290063,2770.99997291565,False,False,-1537.3729437295597,-1487.7637008283155,2777.6248020826647,False,False,-1520.9914218907602,-1475.3395986795854,2816.709009497122,False,False,-1433.2025735855977,-1392.034931381239,2822.9999530792243,False,False,-1462.757968334505,-1442.2048843109087,2866.303001911963,False,False,-1548.2162377357338,-1503.7298697924628,2872.999934005738,False,False,-1555.7035745942478,-1504.9614802701958,2898.999924087525,False,False,-1509.149043310817,-1464.9118608063088,2904.940258772472,False,False,-1438.4015114466486,-1399.972749640859,2945.56898315595,False,False,-1473.1209294861999,-1444.2894550233823,2951.999903869629,False,False,-1554.8731194791699,-1506.1405752361159,2982.999892044068,False,False,-1553.955133416878,-1501.867827123514,2989.429982117626,False,False,-1438.246611853165,-1399.9793578262068,3026.9998752593997,False,False,-1423.9260613748206,-1404.7996836507014,3033.8853034551807,False,False,0.11175326432619082,2759.3111736747433,0.11308745639028076,2773.9933051089683,-0.01816862208585405,2855.004332296216,0.07950785192227786,2868.277291516356,-0.01896362851867058,2902.798291564295,-0.08363047807804909,2974.0188272439696,0.010215231237654155,2985.8498941119406,-0.23917345046421437,2985.600505430239
74,5.488970001228154,1782851000.4186602,0.010878833010792732,-1403.51215117523,-1378.5875278906988,2715.9999938964847,False,False,-1358.00640034233,-1337.6810923984472,2720.771614496614,False,False,-1443.4462068649325,-1432.0071614145552,2770.99997291565,False,True,-1537.7445670446555,-1489.87988965981,2777.6248020826647,False,False,-1519.2710532750557,-1478.7333710303512,2816.709009497122,False,False,-1432.7034171837272,-1395.79640859492,2822.9999530792243,False,False,-1464.44322370633,-1441.5417917290704,2866.303001911963,False,False,-1552.5528028242202,-1512.1601781948223,2872.999934005738,False,False,-1563.864400770242,-1505.4741250725922,2898.999924087525,False,False,-1515.9102102882293,-1459.8281963505212,2904.940258772472,False,False,-1432.8200889445852,-1402.9216538802457,2945.56898315595,False,False,-1475.8632255402392,-1449.6042134058746,2951.999903869629,False,False,-1552.936568145001,-1504.5216966714552,2982.999892044068,False,False,-1548.9207277562123,-1501.5911345783538,2989.429982117626,False,False,-1442.3518583610967,-1401.7011813430327,3026.9998752593997,False,False,-1429.4650945991382,-1405.4060748234863,3033.8853034551807,False,False,-0.09900231880229227,2759.1004180916148,0.10678876769789056,2773.987006420276,-0.012897928395127843,2855.009602989907,0.056133094975016236,2868.2539167594086,-0.001985709865871638,2902.8152694829478,-0.03570891363074676,2974.066748808417,-0.0028986153431698005,2985.8367802653597,-0.2071464827589003,2985.632532397944
75,5.560802750755101,1782851000.490301,0.010505416430532932,-1400.4253919980438,-1380.5574487269614,2715.9999938964847,False,False,-1365.62709294862,-1345.8059006021335,2720.771614496614,False,False,-1445.2240364336585,-1433.2482104104897,2770.99997291565,False,False,-1545.3054940856437,-1491.7915288687836,2777.6248020826647,False,False,-1525.8329308921968,-1484.6196151847664,2816.709009497122,False,False,-1441.4613503683097,-1402.5039291499832,2822.9999530792243,False,False,-1467.797686218174,-1442.0176742977656,2866.303001911963,False,False,-1555.7717700278142,-1509.4839915028883,2872.999934005738,False,False,-1560.8478650242992,-1505.1463581624234,2898.999924087525,False,False,-1510.5801188984321,-1464.0578582999663,2904.940258772472,False,False,-1436.780656845065,-1399.5662056423266,2945.56898315595,False,False,-1473.4936455053946,-1446.1943637864108,2951.999903869629,False,False,-1557.3513616774155,-1508.6702952593455,2982.999892044068,False,False,-1550.41672524987,-1501.583345049974,2989.429982117626,False,False,-1436.4851774306933,-1394.8728795427455,3026.9998752593997,False,False,-1421.6276981385822,-1406.664023290644,3033.8853034551807,False,False,0.011558679665566684,2759.2109790900827,0.12173373384563622,2774.001951386424,0.00022372310605726223,2855.022724641408,0.06630588735772054,2868.2640895517916,-0.02819258796890086,2902.7890626048447,-0.08615594367649719,2974.016301778371,0.0011144141317415098,2985.840793294835,-0.33463067892772014,2985.5050482017755
76,5.639627396129072,1782851000.569383,0.010986791923642159,-1396.9462725800045,-1381.6821132744446,2715.9999938964847,False,False,-1362.4955329033833,-1343.8772442461109,2720.771614496614,False,False,-1447.7986276247823,-1432.0085475440899,2770.99997291565,False,False,-1544.6415334535563,-1490.1376226426628,2777.6248020826647,False,False,-1519.0053672402728,-1479.416566311092,2816.709009497122,False,False,-1431.4588302717243,-1396.9437463703885,2822.9999530792243,False,False,-1460.1977045572637,-1441.2245957758964,2866.303001911963,False,False,-1556.8486429073569,-1506.966540330715,2872.999934005738,False,False,-1557.3190405599535,-1505.6455481859584,2898.999924087525,False,False,-1513.8224011981542,-1466.2646926674204,2904.940258772472,False,False,-1432.9686202891464,-1399.9482822385917,2945.56898315595,False,False,-1472.4784210043708,-1445.571005899074,2951.999903869629,False,False,-1557.7440000611305,-1509.4656035088792,2982.999892044068,False,False,-1550.8899899135008,-1500.0146804413607,2989.429982117626,False,False,-1432.7626325763365,-1396.9109530213652,3026.9998752593997,False,False,-1427.224669132255,-1411.0585765809824,3033.8853034551807,False,False,0.09630021334438449,2759.2957206237616,0.11303321151651595,2773.993250864095,-0.027224325793362505,2854.9952765925086,0.10337943222376511,2868.3011630966575,-0.010160222459794017,2902.807094970354,-0.0555484612880612,2974.0469092607595,0.008489087821419019,2985.8481679685246,-0.2477006302658546,2985.591978250437
77,5.71293375082314,1782851000.642496,0.010615082457661629,-1407.016858208271,-1388.4475181098512,2715.9999938964847,False,False,-1361.2353012195497,-1337.6011293822783,2720.771614496614,False,False,-1444.3425589143258,-1425.643318458294,2770.99997291565,False,False,-1538.2054818595839,-1493.0719855121192,2777.6248020826647,False,False,-1524.743102973989,-1477.1867882140784,2816.709009497122,False,False,-1436.393280251857,-1394.963720695663,2822.9999530792243,False,False,-1462.0701684139742,-1440.3141195708654,2866.303001911963,False,False,-1553.9034477488767,-1508.6315615734939,2872.999934005738,False,False,-1555.1272396613383,-1509.47491518171,2898.999924087525,False,False,-1517.5354036128008,-1465.0534645597088,2904.940258772472,False,False,-1434.0969648806429,-1400.6181450010695,2945.56898315595,False,False,-1472.8674649264908,-1442.2582174404743,2951.999903869629,False,False,-1556.6464254057523,-1507.4055292355654,2982.999892044068,False,False,-1547.875662499618,-1494.342676590152,2989.429982117626,False,False,-1435.1910382981325,-1396.7193324571324,3026.9998752593997,False,False,-1418.6621144970507,-1405.791145276156,3033.8853034551807,False,False,0.1473646818880151,2759.3467850923053,0.07570494391605553,2773.9559225964945,-0.0330917765023857,2854.9894091417996,0.0772814412664412,2868.2750651057,0.030065795097009292,2902.8473209879107,-0.029932020879323548,2974.0725257011686,0.013869520393141401,2985.8535484010963,-0.32057991413610415,2985.519098966567
78,5.78962281299755,1782851000.719307,0.010869625024497509,-1401.0887122902468,-1386.4726487758658,2715.9999938964847,False,False,-1364.5037656264328,-1340.9435278295687,2720.771614496614,False,False,-1444.0159488950696,-1432.2106519546412,2770.99997291565,False,False,-1540.5264281566158,-1492.269777180059,2777.6248020826647,False,False,-1519.9589999083046,-1476.8391249197664,2816.709009497122,False,False,-1434.721308494055,-1395.1198872145978,2822.9999530792243,False,False,-1466.241764220436,-1442.728446984748,2866.303001911963,False,False,-1557.2725112326925,-1507.8470198979123,2872.999934005738,False,False,-1565.833889109637,-1505.3286930342024,2898.999924087525,False,False,-1511.88668429257,-1462.3409481309411,2904.940258772472,False,False,-1432.1769401228719,-1403.5157792584896,2945.56898315595,False,False,-1471.1656294892562,-1443.9592811076811,2951.999903869629,False,False,-1556.0757954580188,-1510.0151144664853,2982.999892044068,False,False,-1548.1800073356358,-1499.6452608735522,2989.429982117626,False,False,-1437.3161827184645,-1403.3667833236545,3026.9998752593997,False,False,-1426.9778693034204,-1407.7089418345201,3033.8853034551807,False,False,0.24114136617777945,2759.440561776595,0.10659689246706451,2773.9868145450455,-0.010768534464847193,2855.011732383837,0.08546166777374445,2868.2832453322076,-0.03402269379589322,2902.7832324990177,-0.017642359191139254,2974.0848153628567,0.00817250322454078,2985.8478513839277,-0.18310906087106782,2985.656569819832
79,5.9016295010223985,1782851000.831436,0.011106416583061218,-1406.5998578720541,-1381.1835590060214,2715.9999938964847,False,False,-1362.670055322921,-1346.1456215423173,2720.771614496614,False,False,-1445.2470107283675,-1428.6394917015618,2770.99997291565,False,False,-1543.4178714429806,-1491.529374637039,2777.6248020826647,False,False,-1524.8468395635296,-1481.8133248769755,2816.709009497122,False,False,-1436.3818565271874,-1393.205469633524,2822.9999530792243,False,False,-1464.9141210991227,-1441.7892899715744,2866.303001911963,False,False,-1555.4755784454564,-1511.8380994589968,2872.999934005738,False,False,-1563.4329553443165,-1510.565872482196,2898.999924087525,False,False,-1519.2311718678363,-1470.5131812207721,2904.940258772472,False,False,-1436.612929058288,-1404.1820796527797,2945.56898315595,False,False,-1468.613016168964,-1450.2892349543051,2951.999903869629,False,False,-1555.0839028639548,-1508.5179539688845,2982.999892044068,False,False,-1552.1410703915394,-1500.4811978482135,2989.429982117626,False,False,-1433.8889522266713,-1398.338791759636,3026.9998752593997,False,False,-1422.7249518598894,-1409.7155943393343,3033.8853034551807,False,False,-0.21020834332893462,2758.9892120670884,0.10247828323683601,2773.982695935815,0.025863144929535058,2855.0483640632315,0.06650280829803465,2868.264286472732,-0.010068858663572778,2902.80718633415,-0.11685001804142028,2973.9856077040063,0.01563701847386104,2985.855315899177,-0.2823328194686645,2985.5573460612345
80,5.9753578756935894,1782851000.904969,0.010731416754424572,-1399.4465323837762,-1382.7358819573922,2715.9999938964847,False,False,-1362.7199468166395,-1341.953802304612,2720.771614496614,False,False,-1449.4553962771647,-1434.907592383165,2770.99997291565,False,False,-1545.948133997616,-1499.4192224225937,2777.6248020826647,False,False,-1525.077733288504,-1478.7333710303512,2816.709009497122,False,True,-1440.002520096586,-1395.233436745423,2822.9999530792243,False,False,-1463.474928936027,-1441.4685438762722,2866.303001911963,False,False,-1550.036173854571,-1506.751639820277,2872.999934005738,False,False,-1562.3547849741722,-1510.4832900327046,2898.999924087525,False,False,-1519.9960769630468,-1468.413905614818,2904.940258772472,False,False,-1440.5787434666993,-1404.391758107406,2945.56898315595,False,False,-1476.1422685454045,-1445.591316440994,2951.999903869629,False,False,-1553.7577696610329,-1510.1373781214656,2982.999892044068,False,False,-1550.6239615490417,-1503.1473438884982,2989.429982117626,True,False,-1437.9622520402238,-1400.3337821316138,3026.9998752593997,False,False,-1425.8984320078246,-1410.4046734113765,3033.8853034551807,False,False,0.11629398768909398,2759.315714398106,0.09243008737191478,2773.9726477399504,0.009904256797453772,2855.0324051750995,0.06979834170676145,2868.2675820061404,0.004240494914691048,2902.821495687728,-0.051750796761509794,2974.0507069252862,0.011857818208339954,2985.8515366989113,-0.27694517416220815,2985.5627337065407
81,6.0485487300902605,1782851000.9779232,0.01025145873427391,-1401.0887122902468,-1384.9479230980837,2715.9999938964847,True,False,-1360.0851636763762,-1337.5727909038117,2720.771614496614,False,False,-1445.9198902711128,-1429.3666045175291,2770.99997291565,False,False,-1542.7391753522636,-1492.4200048904243,2777.6248020826647,False,False,-1523.6356863404346,-1480.3564079836171,2816.709009497122,False,False,-1434.090206926063,-1396.0205764587217,2822.9999530792243,False,False,-1459.6182428095485,-1444.7019683956353,2866.303001911963,False,False,-1551.2546183941072,-1506.7253247547146,2872.999934005738,False,False,-1560.819210196534,-1508.180618638628,2898.999924087525,False,False,-1510.8082403643366,-1464.6552174710398,2904.940258772472,False,False,-1438.7532139254822,-1406.322871901458,2945.56898315595,False,False,-1471.9387184032767,-1448.159395726992,2951.999903869629,False,False,-1562.1432084237554,-1510.7633050096279,2982.999892044068,False,False,-1557.1347510468565,-1505.0046642418315,2989.429982117626,False,False,-1440.5487086224289,-1400.691217104258,3026.9998752593997,False,False,-1429.3323700217013,-1409.4952776843843,3033.8853034551807,False,False,0.177607896542204,2759.3770283069593,0.09792846182827478,2773.9781461144066,-0.026075988604369528,2854.9964249296972,0.09971047519139806,2868.297494139625,-0.018274686758838442,2902.7989805060547,-0.07416692608617322,2974.0282907959618,0.002760878068668925,2985.842439758772,-0.2507241527057696,2985.588954727997
82,6.121919041965157,1782851001.051357,0.010371333919465542,-1403.0273221872421,-1385.6337729620686,2715.9999938964847,False,False,-1362.7199468166395,-1347.2270241770334,2720.771614496614,True,False,-1445.2470107283675,-1431.0387764770608,2770.99997291565,True,True,-1542.3506678485187,-1492.270773603937,2777.6248020826647,False,False,-1523.9144695418283,-1481.2489348045358,2816.709009497122,False,False,-1439.1641547207873,-1395.976775071064,2822.9999530792243,False,False,-1460.1633646116697,-1442.262148118715,2866.303001911963,False,False,-1551.2801173701744,-1511.0006097747346,2872.999934005738,False,False,-1561.9698811015678,-1507.5604731485164,2898.999924087525,False,False,-1510.5799125836718,-1469.6127319130724,2904.940258772472,False,False,-1438.9840098419781,-1403.7548033132623,2945.56898315595,False,False,-1477.4044518140415,-1445.2636121893818,2951.999903869629,False,False,-1555.6714979979827,-1505.4925833664458,2982.999892044068,False,False,-1553.3727144909376,-1499.5334963474647,2989.429982117626,False,False,-1442.870649815081,-1402.3086942568084,3026.9998752593997,False,False,-1423.9813063544946,-1406.8407693248157,3033.8853034551807,False,False,-0.036127158919675155,2759.1632932514976,0.10454354518740391,2773.9847611977657,0.028300286447577754,2855.0508012047494,0.07386992678608832,2868.27165359122,-0.04427308071287127,2902.7729821121006,-0.03191936324877591,2974.0705383587992,0.011302902178074729,2985.8509817828813,-0.29186263172090804,2985.547816248982
83,6.195264000445604,1782851001.124911,0.010698249563574791,-1403.9580447473786,-1385.7246125867287,2715.9999938964847,False,False,-1361.515701317358,-1341.9184842742307,2720.771614496614,False,False,-1444.9516810832288,-1431.0203701439618,2770.99997291565,False,False,-1543.4630772992634,-1489.7205657609193,2777.6248020826647,False,False,-1521.7174633982336,-1480.6702326007885,2816.709009497122,False,False,-1436.0650258275514,-1397.581596723416,2822.9999530792243,True,False,-1462.4626386893665,-1445.5388421921325,2866.303001911963,False,False,-1557.628761805789,-1511.9916052816577,2872.999934005738,False,False,-1560.8689595623068,-1505.2928064920375,2898.999924087525,False,False,-1514.2634822874957,-1464.6663538833022,2904.940258772472,False,False,-1431.4169728275817,-1400.227455145643,2945.56898315595,False,False,-1474.0886358773726,-1446.202934254363,2951.999903869629,False,False,-1559.9668352844087,-1510.131040437693,2982.999892044068,False,False,-1549.9207430387874,-1501.357743680655,2989.429982117626,False,False,-1442.5476892746888,-1401.1332854479324,3026.9998752593997,False,False,-1430.0671745575694,-1411.5473148516062,3033.8853034551807,False,False,0.049608747498351445,2759.2490291579156,0.11653011071572514,2773.996747763294,-0.002471895174900665,2855.020029023127,0.09580576840163586,2868.2935894328352,-0.016481229643604132,2902.8007739631703,-0.03342643340584377,2974.069031288642,-0.002876522568245069,2985.8368023581347,-0.2865648848028494,2985.5531139959003
84,6.275289875455201,1782851001.2047849,0.010427000001072884,-1397.5723202005074,-1386.5671974814318,2715.9999938964847,False,False,-1367.6831524895313,-1343.3831066418072,2720.771614496614,False,False,-1448.1264724760829,-1431.7177018064006,2770.99997291565,False,False,-1542.5208469602958,-1489.9457774245805,2777.6248020826647,False,False,-1519.981670079775,-1478.6548965369686,2816.709009497122,False,False,-1432.873180609469,-1397.289753033591,2822.9999530792243,False,False,-1463.295118745606,-1442.6403414127212,2866.303001911963,False,False,-1550.621002842559,-1505.910661124186,2872.999934005738,False,False,-1561.0535959898525,-1505.233916618272,2898.999924087525,False,False,-1511.937807561818,-1465.9082434208515,2904.940258772472,False,False,-1434.4996912919892,-1401.8366369165878,2945.56898315595,False,False,-1472.9170675795456,-1445.418562215362,2951.999903869629,False,False,-1552.132658862365,-1514.5491884952776,2982.999892044068,False,False,-1554.2471085368463,-1500.9973224928935,2989.429982117626,False,False,-1439.4221520921844,-1398.8224791392854,3026.9998752593997,False,False,-1426.4147339303727,-1408.9011354953084,3033.8853034551807,False,False,0.3483220530376111,2759.5477424634546,0.10540517200326976,2773.9856228245817,-0.03293795952859657,2854.989562958773,0.07971370477151807,2868.2774973692053,-0.030631658903136943,2902.7866235339106,-0.04775708901652507,2974.054700633031,0.0468263987396332,2985.8865052794426,-0.28928387173954173,2985.5503950089637
85,6.353890313301235,1782851001.2833989,0.010402542538940907,-1403.489587981783,-1380.733364917321,2715.9999938964847,False,False,-1367.980980835651,-1340.7461976953878,2720.771614496614,False,False,-1445.4650319405814,-1432.5992190604272,2770.99997291565,False,False,-1540.0485848335725,-1494.3538649631687,2777.6248020826647,False,False,-1521.9465721184708,-1479.3502628602869,2816.709009497122,False,False,-1432.390925207079,-1397.8091359232203,2822.9999530792243,False,False,-1461.5880826481648,-1442.0176742977656,2866.303001911963,False,True,-1556.0106687654738,-1508.84122168903,2872.999934005738,False,False,-1563.639349573616,-1508.0830546810525,2898.999924087525,False,False,-1514.6212825136777,-1466.375362961152,2904.940258772472,False,False,-1440.0067228046582,-1400.020290674573,2945.56898315595,False,False,-1472.9758199101384,-1449.3662117553565,2951.999903869629,False,False,-1556.1814759910749,-1513.5290399486507,2982.999892044068,False,False,-1554.0176024696643,-1502.539962404866,2989.429982117626,False,False,-1440.524404743711,-1398.7374850994895,3026.9998752593997,False,False,-1427.1365696732585,-1405.9639010300455,3033.8853034551807,False,False,0.1314783337231161,2759.33089874414,0.09554770896109328,2773.9757653615393,-0.053780004319392366,2854.9687209139825,0.09173322433297418,2868.2895168887667,-0.02122092776048864,2902.796034265053,-0.13707148885237697,2973.965386233195,0.026702814995964844,2985.866381695699,-0.2582880049518306,2985.5813908757514
86,6.428929417394102,1782851001.3585331,0.010676084086298943,-1406.51413485344,-1387.450912369716,2715.9999938964847,False,False,-1366.134613503683,-1339.319598373934,2720.771614496614,False,False,-1447.0810618332976,-1430.1756991777975,2770.99997291565,False,False,-1546.762068649326,-1491.4608781367483,2777.6248020826647,False,False,-1520.929244735153,-1480.3937738790232,2816.709009497122,False,False,-1435.9227297735124,-1398.8289727053213,2822.9999530792243,False,False,-1466.215945838555,-1446.100114619311,2866.303001911963,False,False,-1551.7108949475805,-1510.039603264358,2872.999934005738,False,False,-1565.3092887489686,-1511.4338509032,2898.999924087525,False,False,-1516.9143518660026,-1463.91232081181,2904.940258772472,False,False,-1439.3122413424212,-1402.7316364581106,2945.56898315595,False,False,-1476.8406058012654,-1448.695343399456,2951.999903869629,False,False,-1558.0867240272642,-1510.8638016933094,2982.999892044068,False,False,-1555.4949536937984,-1501.5688204908763,2989.429982117626,False,False,-1439.9640935904881,-1400.2703502766144,3026.9998752593997,False,False,-1429.559687624171,-1405.884740349054,3033.8853034551807,False,False,0.21553243592392834,2759.414952846341,0.11174209910450592,2773.9919597516828,-0.011459603062300214,2855.0110413152397,0.07096687197241765,2868.268750536406,0.003020707813909511,2902.8202759006276,-0.0742798443170418,2974.0281778777307,0.020457081542891224,2985.860135962246,-0.20061341911770306,2985.6390654615852
87,6.502199479844421,1782851001.4318001,0.010707375593483448,-1407.558709539383,-1380.8564247944491,2715.9999938964847,False,False,-1363.3754684109176,-1344.2866185774978,2720.771614496614,False,False,-1447.195051502277,-1433.4194623590186,2770.99997291565,False,False,-1541.1141287404103,-1494.2583580401629,2777.6248020826647,False,False,-1524.7628786257906,-1480.327184644069,2816.709009497122,False,False,-1436.7218571384908,-1397.5379267659016,2822.9999530792243,False,False,-1466.9994666381392,-1447.5674282483114,2866.303001911963,False,False,-1557.015907632118,-1510.4909297918512,2872.999934005738,False,False,-1559.0308814989148,-1511.6593361249502,2898.999924087525,False,False,-1514.2912171042576,-1465.974954916404,2904.940258772472,False,False,-1432.288707705474,-1400.9831402634713,2945.56898315595,False,False,-1478.283860072745,-1449.4102698902711,2951.999903869629,False,False,-1552.5601720817922,-1507.8732142311337,2982.999892044068,False,False,-1555.4058975456187,-1501.2658495583335,2989.429982117626,False,False,-1439.780828009903,-1404.816404315799,3026.9998752593997,False,False,-1430.1777485710793,-1411.2611578078672,3033.8853034551807,False,False,-0.17627554160068518,2759.0231448688164,0.09620871061631367,2773.9764263631946,-0.026262293307770895,2854.996238624994,0.09010921113852091,2868.287892875572,0.008736218879023172,2902.825991411693,-0.027081014408917997,2974.075376707639,0.028229318746293395,2985.867908199449,-0.20022330310468325,2985.6394555775983
88,6.575845313258469,1782851001.50591,0.011619707569479942,-1403.1253583763792,-1382.7764678913102,2715.9999938964847,False,False,-1363.8231439312895,-1346.044666381392,2720.771614496614,False,False,-1448.5372314087479,-1437.1003255188434,2770.99997291565,False,False,-1547.8485068924413,-1497.8585490723478,2777.6248020826647,False,False,-1525.6340190115234,-1483.655044777944,2816.709009497122,False,False,-1436.720446556836,-1398.1470779716967,2822.9999530792243,False,False,-1466.6418589723996,-1449.356864932604,2866.303001911963,False,False,-1554.463282085766,-1511.378037411743,2872.999934005738,False,False,-1563.4308448207353,-1512.6877082250817,2898.999924087525,False,False,-1516.798239447382,-1469.325630406211,2904.940258772472,False,False,-1439.0876119448603,-1405.999879267659,2945.56898315595,False,False,-1474.1640798361707,-1452.469754256197,2951.999903869629,False,False,-1555.9716263716111,-1514.042568083871,2982.999892044068,False,False,-1553.8032123972248,-1506.936745422869,2989.429982117626,False,False,-1441.0057584741878,-1403.6935660360057,3026.9998752593997,False,False,-1423.8638719931535,-1406.2789283858544,3033.8853034551807,False,False,-0.051742703191355266,2759.1476777072257,0.11244066981167845,2773.99265832239,-0.009357586971826225,2855.01314333133,0.0859814867735684,2868.2837651512073,-0.006660774472475274,2902.810594418341,-0.09602684850761065,2974.00643087354,0.014964327469307726,2985.8546432081725,-0.2454096320910185,2985.594269248612
89,6.647013479843736,1782851001.576401,0.010293541476130486,-1401.5175550936822,-1389.290842681175,2715.9999938964847,False,False,-1365.5311122657945,-1346.3071063972861,2720.771614496614,False,False,-1450.992690344469,-1437.1110538863588,2770.99997291565,False,False,-1543.2886481034325,-1491.2268239753034,2777.6248020826647,False,False,-1527.005692759116,-1477.0324449063178,2816.709009497122,False,False,-1433.5395864535258,-1399.5980514717119,2822.9999530792243,False,False,-1465.996153375921,-1444.6293394871168,2866.303001911963,False,False,-1558.6710991227803,-1512.820652871596,2872.999934005738,False,False,-1558.7332258458905,-1512.352345875233,2898.999924087525,False,False,-1520.6137145826328,-1469.3248097319436,2904.940258772472,False,False,-1444.785084206987,-1408.0532337928294,2945.56898315595,False,False,-1477.0276553473727,-1451.1943316930037,2951.999903869629,False,False,-1559.9853715193935,-1515.2060182779596,2982.999892044068,False,False,-1555.1843964911209,-1503.0904758993795,2989.429982117626,False,False,-1439.185791790201,-1402.6536189137146,3026.9998752593997,False,False,-1427.2132973683406,-1408.2216462389583,3033.8853034551807,False,False,0.1879717562887593,2759.387392166706,0.11171826371522012,2773.9919359162936,-0.12712431209681593,2854.895376606205,0.08046478289011379,2868.2782484473237,0.022842436992346483,2902.840097629806,-0.09254721961392555,2974.0099105024337,0.022420157837643298,2985.8620990385407,-0.21894427530389418,2985.6207346053993
90,6.731813063379377,1782851001.661696,0.011286708526313305,-1401.025579973714,-1380.690585933918,2715.9999938964847,False,False,-1365.2917122596814,-1342.4306201668855,2720.771614496614,False,False,-1445.5586514655988,-1434.4737460647368,2770.99997291565,False,False,-1548.8147385151453,-1495.3550172693097,2777.6248020826647,False,False,-1524.587877861662,-1478.9838172815355,2816.709009497122,False,False,-1437.6363419628938,-1393.2022694623588,2822.9999530792243,False,False,-1461.037304765107,-1444.28484579882,2866.303001911963,False,False,-1553.5462389583397,-1512.615491946083,2872.999934005738,False,False,-1563.2213390592046,-1509.4728291102483,2898.999924087525,False,False,-1513.7207843017393,-1470.1539749977078,2904.940258772472,False,False,-1437.0127624782222,-1403.0133126509154,2945.56898315595,False,False,-1470.1969251459486,-1450.7956184858026,2951.999903869629,False,False,-1554.3369257572515,-1512.5715346761622,2982.999892044068,False,False,-1549.278997157441,-1501.113249992359,2989.429982117626,False,False,-1439.854083503989,-1405.007603080967,3026.9998752593997,False,False,-1428.5020875997186,-1411.8604593941989,3033.8853034551807,False,False,0.07896786579143411,2759.2783882762087,0.12397430870928765,2774.0041919612877,0.014045592023024528,2855.036546510325,0.0801694399232289,2868.277953104357,-0.0321924083419417,2902.785062784472,-0.12130627174769737,2973.9811514503003,0.0196528416678138,2985.859331722371,-0.22689108707097247,2985.612787793632
91,6.804589855019003,1782851001.734283,0.010883291251957417,-1402.3333649173214,-1383.262631048079,2715.9999938964847,False,False,-1364.5716340128984,-1340.6327077666042,2720.771614496614,False,False,-1445.7124476571814,-1434.0876150013755,2770.99997291565,False,False,-1542.710441055109,-1490.4570574930462,2777.6248020826647,False,False,-1523.560138460128,-1479.4221306965796,2816.709009497122,False,False,-1436.2972231561573,-1396.478567717089,2822.9999530792243,False,False,-1465.088776477061,-1442.120866827643,2866.303001911963,False,False,-1555.3196381086286,-1508.3811657548063,2872.999934005738,False,False,-1564.067967723202,-1512.2177904453345,2898.999924087525,False,False,-1516.6333114283093,-1470.3337928294159,2904.940258772472,False,False,-1437.7086774459763,-1403.8169865818993,2945.56898315595,False,False,-1475.2273252437572,-1448.726165296329,2951.999903869629,False,False,-1558.1481767888254,-1509.883030228933,2982.999892044068,False,False,-1552.255902130391,-1504.1634853440105,2989.429982117626,False,False,-1442.7686691933857,-1403.2536555918944,3026.9998752593997,False,False,-1425.4804872084849,-1405.1453174190788,3033.8853034551807,False,False,0.13963647700129403,2759.3390568874183,0.11923854634504608,2773.9994561989233,-0.017524672059065487,2855.0049762462427,0.0787772238705146,2868.276560888304,-0.015081600576118757,2902.8021735922375,-0.06534051783412563,2974.0371172042137,2.9498137649806627e-05,2985.839708378841,-0.2386242512762644,2985.601054629427
92,6.897388751152903,1782851001.829324,0.015333333052694798,-1409.1705458935724,-1383.4533545251702,2715.9999938964847,False,False,-1363.3569046672985,-1342.2835299691292,2720.771614496614,False,False,-1449.8126218785342,-1433.5739218143474,2770.99997291565,False,False,-1543.8993627166305,-1494.5486413790998,2777.6248020826647,False,False,-1525.254329553443,-1480.327184644069,2816.709009497122,False,True,-1438.734931381239,-1401.6057172112357,2822.9999530792243,False,False,-1465.080922761867,-1447.5095164593329,2866.303001911963,False,False,-1554.4422654888895,-1511.179801020876,2872.999934005738,False,False,-1568.1121725708347,-1514.6691078032827,2898.999924087525,False,False,-1516.4099306171101,-1468.4905232753613,2904.940258772472,False,False,-1434.8503423296759,-1406.5341091787147,2945.56898315595,False,False,-1476.9699987773938,-1451.6034676162242,2951.999903869629,False,False,-1557.942520707889,-1512.2335635907937,2982.999892044068,False,False,-1555.1147400434024,-1501.5688204908763,2989.429982117626,False,True,-1443.9322645719349,-1407.8266421126632,3026.9998752593997,False,False,-1431.7855518537765,-1412.539641470795,3033.8853034551807,False,False,-0.09914269592844538,2759.1002777144886,0.09597048269755604,2773.9761881352756,-0.05119375106141565,2854.9713071672404,0.08550404267292948,2868.2832877071064,-0.014292198694378491,2902.8029629941193,-0.029678874705389,2974.0727788473423,0.023866488571219893,2985.863545369274,-0.20957439209437015,2985.6301044886086
93,6.97737199999392,1782851001.906837,0.010433750227093697,-1402.0751001008653,-1384.7476785768865,2715.9999938964847,False,False,-1363.005266375279,-1342.910583183055,2720.771614496614,False,False,-1446.2315737995536,-1430.420166885717,2770.99997291565,False,False,-1543.8493688296603,-1492.1116529632914,2777.6248020826647,False,False,-1523.8085093376533,-1480.3839242595593,2816.709009497122,False,False,-1436.3151587859525,-1393.3319329400617,2822.9999530792243,False,False,-1464.1046428462264,-1445.5388421921325,2866.303001911963,False,True,-1559.922353822172,-1511.0006097747346,2872.999934005738,False,True,-1567.65376715469,-1513.208651465599,2898.999924087525,False,False,-1521.0633737812148,-1474.6210563315708,2904.940258772472,False,False,-1437.7086774459763,-1409.0917336552861,2945.56898315595,True,False,-1477.2798376990554,-1446.186103554727,2951.999903869629,False,False,-1558.2416190359752,-1507.9776904972948,2982.999892044068,False,False,-1554.6466928508114,-1499.9264678913103,2989.429982117626,False,False,-1440.4728963535777,-1398.172674756243,3026.9998752593997,False,False,-1431.7713253048873,-1408.917697221628,3033.8853034551807,False,False,0.08407970852057446,2759.283500118938,0.10449741120441779,2773.9847150637825,0.020110234012798798,2855.0426111523147,0.10129025497240081,2868.299073919406,-0.0241741502539493,2902.7930810425596,0.013311164582955039,2974.1157688866306,0.0138350451349565,2985.853513925838,-0.2446493366473039,2985.5950295440557
94,7.049054687377065,1782851001.9786549,0.010720374993979931,-1407.9138276736862,-1383.4533545251702,2715.9999938964847,False,True,-1362.1503010667236,-1341.86833908977,2720.771614496614,False,False,-1445.1603126814803,-1431.238891096372,2770.99997291565,False,False,-1544.0172219335514,-1492.1116529632914,2777.6248020826647,False,True,-1518.1398187486627,-1476.5391356175687,2816.709009497122,False,False,-1436.477407769661,-1393.4433123452638,2822.9999530792243,False,False,-1459.2378365987101,-1440.7009811413025,2866.303001911963,False,False,-1553.547103952074,-1511.3651389186052,2872.999934005738,False,False,-1557.3533728642603,-1507.5140660818536,2898.999924087525,False,False,-1518.5782987437724,-1467.1758413057432,2904.940258772472,False,False,-1438.876409817526,-1404.6463688602255,2945.56898315595,False,False,-1474.95519301892,-1449.319757312712,2951.999903869629,False,False,-1559.7692988354677,-1508.0090350582266,2982.999892044068,False,False,-1548.3883042454993,-1501.4388574747074,2989.429982117626,False,False,-1437.923561145582,-1402.774449063178,3026.9998752593997,False,False,-1429.309846562949,-1407.4296252712654,3033.8853034551807,False,False,-0.08804408138666635,2759.1113763290305,0.11086508024470336,2773.991082732823,0.03593556645269861,2855.0584364847546,0.0780062966965612,2868.27578996113,0.010640686971718879,2902.8278958797855,-0.07462754597372254,2974.027830176074,-0.013413452631210002,2985.826265428072,-0.16580411130806946,2985.673874769395
95,7.1203615218400955,1782851002.049966,0.010660124942660332,-1407.8452914387017,-1389.3914555124247,2715.9999938964847,False,False,-1368.535229391448,-1343.8527248830883,2720.771614496614,False,False,-1451.0578338478467,-1433.9063437968027,2770.99997291565,False,False,-1542.8994956750314,-1495.7374117431305,2777.6248020826647,False,False,-1524.626124033377,-1476.3369884158085,2816.709009497122,False,False,-1442.2459959654002,-1396.3018904545038,2822.9999530792243,False,False,-1469.9252941895652,-1444.5945318947336,2866.303001911963,False,False,-1558.4028914631538,-1513.4079927866246,2872.999934005738,False,False,-1559.808648409084,-1514.5692866094082,2898.999924087525,False,False,-1511.4731347617449,-1466.311464987621,2904.940258772472,False,False,-1436.1090029648196,-1403.2611364122627,2945.56898315595,False,False,-1468.8838829966073,-1445.7287908426813,2951.999903869629,False,False,-1555.2674007396768,-1507.3736375584558,2982.999892044068,False,False,-1554.2471085368463,-1500.6621634012897,2989.429982117626,True,False,-1441.6251413638172,-1399.6022358406944,3026.9998752593997,False,False,-1423.1065944310299,-1409.0556683069965,3033.8853034551807,False,False,0.17447485839631852,2759.3738952688136,0.08657633257809673,2773.9667939851565,0.002592013159722268,2855.0250929314616,0.06324172503724478,2868.261025389471,0.005012404996225223,2902.82226759781,-0.08256680151054044,2974.0198909205374,0.017281232705212896,2985.856960113408,-0.34959561988154375,2985.4900832608214
96,7.192306979559362,1782851002.121866,0.010629124939441681,-1397.632466301923,-1385.1209967295288,2715.9999938964847,False,False,-1364.0455527707309,-1343.9330225876456,2720.771614496614,False,False,-1451.9412812910718,-1437.41930953327,2770.99997291565,False,False,-1548.1092046948067,-1489.7660115536266,2777.6248020826647,False,False,-1523.1692575725158,-1477.145331173396,2816.709009497122,False,False,-1434.4249931228412,-1396.8744979674175,2822.9999530792243,False,False,-1463.7818626402175,-1446.57487850353,2866.303001911963,False,False,-1555.6738545710182,-1511.9712259681507,2872.999934005738,False,False,-1563.934628786258,-1511.4154201179817,2898.999924087525,False,False,-1518.5740761683528,-1466.7101491579301,2904.940258772472,False,False,-1436.4028731240637,-1403.8382171348228,2945.56898315595,False,False,-1472.8795595561937,-1444.4411299935812,2951.999903869629,False,False,-1552.87250664792,-1512.8469175046612,2982.999892044068,False,False,-1546.4348259314731,-1499.1601491579302,2989.429982117626,False,False,-1437.1279869792463,-1398.485140752514,3026.9998752593997,False,False,-1427.5075327811228,-1405.3560809365163,3033.8853034551807,False,False,0.20355897466951417,2759.402979385087,0.1285612746163149,2774.0087789271947,-0.05671993150193169,2854.9657809868,0.08820157735575064,2868.2859852417896,0.0033002438265631647,2902.8205554366405,-0.03919097727242094,2974.0632667447753,0.022298986290141792,2985.861977866993,-0.20693240889801212,2985.632746471805
97,7.267483125440776,1782851002.197064,0.010656999424099922,-1404.707091114711,-1388.1043784576825,2715.9999938964847,False,False,-1368.3015236727083,-1342.6050845126388,2720.771614496614,False,False,-1448.7021105235813,-1438.8032139254822,2770.99997291565,False,False,-1547.0317250970445,-1498.362054895009,2777.6248020826647,False,False,-1524.3440780022615,-1482.7641516642723,2816.709009497122,False,False,-1436.2597395849255,-1403.4801265397195,2822.9999530792243,False,False,-1469.5575144420332,-1446.9270257052908,2866.303001911963,False,False,-1558.297183421463,-1511.9853470672738,2872.999934005738,False,False,-1561.6966867377814,-1511.868076229483,2898.999924087525,False,False,-1512.2708607146135,-1466.072735886542,2904.940258772472,False,False,-1437.6885625210136,-1400.0466515878595,2945.56898315595,False,False,-1476.9764312131308,-1452.6425451600085,2951.999903869629,False,False,-1563.4445670446555,-1516.7233013418102,2982.999892044068,False,False,-1555.7507366201057,-1508.6430464284624,2989.429982117626,False,False,-1441.7017208179236,-1409.7540957300487,3026.9998752593997,False,False,-1435.1178836690406,-1413.104312742611,3033.8853034551807,False,False,0.24630660870910287,2759.445727019126,0.11326353929946857,2773.993481191878,-0.06216794655413891,2854.960332971748,0.0777270453414762,2868.275510709775,-0.007797502319268213,2902.8094576904946,-0.11320189528483056,2973.989255826763,0.0018496620865759194,2985.8415285427895,-0.12349377872416369,2985.716185101979
98,7.34011427173391,1782851002.269516,0.0102956248447299,-1403.1253583763792,-1386.8812100742734,2715.9999938964847,True,False,-1368.828379741419,-1344.5030916648836,2720.771614496614,False,False,-1447.2416251490051,-1431.2836812666196,2770.99997291565,False,False,-1546.0182871290158,-1494.3972307974448,2777.6248020826647,False,False,-1527.690865605037,-1481.9061359537857,2816.709009497122,False,False,-1434.4194593025031,-1392.0323975303359,2822.9999530792243,False,False,-1466.965851086591,-1446.345572638078,2866.303001911963,False,False,-1559.4508099764648,-1511.3283155546046,2872.999934005738,False,False,-1561.9814744628172,-1514.5504324968672,2898.999924087525,False,False,-1516.5400250634225,-1467.7963138429564,2904.940258772472,False,False,-1438.8338875813797,-1405.0842864565823,2945.56898315595,False,False,-1476.621621786839,-1449.4419797047406,2951.999903869629,False,False,-1555.3895130971666,-1512.7179646666873,2982.999892044068,False,False,-1556.87350154354,-1505.9010315737996,2989.429982117626,False,False,-1442.180039429043,-1410.2848794204847,3026.9998752593997,False,False,-1430.985105602592,-1409.686782101048,3033.8853034551807,False,False,0.21889690905691322,2759.418317319474,0.10349400419419094,2773.9837116567724,-0.005917613545300183,2855.0165833047568,0.091182990213781,2868.2889666546475,0.010195973071175757,2902.8274511658847,-0.058840133425412194,2974.0436175886225,0.024771699363018543,2985.864450580066,-0.13088357195033287,2985.708795308753
99,7.41903889644891,1782851002.348496,0.010422708466649055,-1410.3245377021121,-1392.3809120640647,2715.9999938964847,False,False,-1364.5716340128984,-1342.910583183055,2720.771614496614,True,True,-1452.942814133325,-1435.7456276553473,2770.99997291565,False,False,-1545.0878228443928,-1497.5009994803925,2777.6248020826647,False,False,-1527.610114008008,-1483.869508206743,2816.709009497122,False,False,-1440.4301800287315,-1401.59999388697,2822.9999530792243,False,False,-1470.482038389828,-1446.9747745820216,2866.303001911963,False,False,-1562.843465171012,-1516.6466011553625,2872.999934005738,False,False,-1563.539610905645,-1514.3307103340771,2898.999924087525,False,False,-1519.6519821499528,-1470.6707659626495,2904.940258772472,False,False,-1441.2216554085032,-1411.6379053702967,2945.56898315595,False,False,-1478.2224546871657,-1451.1887413271388,2951.999903869629,False,False,-1557.3960601522144,-1511.4026102637774,2982.999892044068,False,False,-1559.9887734205458,-1500.1296665342174,2989.429982117626,False,False,-1442.9298300577682,-1406.2641684751047,3026.9998752593997,False,False,-1429.8658266344714,-1415.432632881988,3033.8853034551807,False,False,0.11126962499165519,2759.3106900354087,0.08759383072190434,2773.9678114833,-0.023523589069556865,2854.9989773292323,0.07370642551439548,2868.271490089948,0.004364760251860231,2902.8216199530657,-0.026007222146235562,2974.0764504999015,0.04160118073637596,2985.8812800614396,-0.27677665919573397,2985.5629022215076
100,7.492221584543586,1782851002.4217322,0.010530499741435051,-1402.4003637252804,-1385.5212840419354,2715.9999938964847,False,False,-1363.2029678760277,-1341.5541385212582,2720.771614496614,False,False,-1445.0785402084546,-1430.6812543937406,2770.99997291565,False,False,-1541.5893006693768,-1494.3972307974448,2777.6248020826647,False,True,-1521.0823837760188,-1477.0220603967357,2816.709009497122,False,False,-1437.2865222972766,-1396.9456918421615,2822.9999530792243,False,False,-1465.0077497936854,-1439.824873918758,2866.303001911963,False,False,-1559.4893923648256,-1513.2481752605677,2872.999934005738,False,False,-1558.8591236971604,-1505.5130620166885,2898.999924087525,False,False,-1510.0023611578079,-1463.9265672280467,2904.940258772472,False,False,-1437.7358024880034,-1404.6463688602255,2945.56898315595,False,True,-1473.7529266130755,-1448.6245606259745,2951.999903869629,False,False,-1553.3810893419322,-1510.5297322492893,2982.999892044068,False,False,-1554.6466928508114,-1499.8032475471464,2989.429982117626,True,False,-1436.6838081119906,-1402.6299905248036,3026.9998752593997,False,False,-1426.2871611089035,-1408.109469083351,3033.8853034551807,False,False,0.13569027683703164,2759.335110687254,0.09518758891551432,2773.9754052414937,-0.012637715448718827,2855.009863202853,0.06776016907339161,2868.2655438335073,-0.021340343536499915,2902.7959148492773,-0.06937244671111135,2974.033085275337,0.03600999399418247,2985.875688874697,-0.19820671440224427,2985.641472166301
101,7.564058521296829,1782851002.4936142,0.010615707375109196,-1407.5125485221754,-1390.141180426078,2715.9999938964847,False,False,-1371.15177736345,-1342.6050845126388,2720.771614496614,False,True,-1453.337219182688,-1437.2751841550266,2770.99997291565,False,False,-1541.3325671669163,-1493.8451034630314,2777.6248020826647,False,False,-1524.673377754684,-1476.870684965003,2816.709009497122,False,False,-1440.4317663599961,-1397.9057951523675,2822.9999530792243,False,False,-1462.9500657150716,-1442.9253308677448,2866.303001911963,False,False,-1558.5204328025186,-1510.704847632729,2872.999934005738,False,False,-1559.8460693217596,-1512.6198199712687,2898.999924087525,False,False,-1519.2788183513157,-1469.4179646666869,2904.940258772472,False,False,-1442.7085674114373,-1406.3246202280159,2945.56898315595,False,False,-1477.367217348779,-1446.0039612433904,2951.999903869629,False,False,-1555.2383837148882,-1508.8789574227465,2982.999892044068,False,False,-1554.5144695418282,-1504.952628602867,2989.429982117626,False,False,-1445.3334902344345,-1406.5564110401322,3026.9998752593997,False,False,-1423.9183069963626,-1405.9318947336246,3033.8853034551807,False,False,0.3007768757051346,2759.5001972861223,0.09119408546066318,2773.971411738039,-0.02582057537132536,2854.9966803429306,0.09216264874916359,2868.289946313183,0.01461005372823462,2902.831865246542,-0.046712287200559206,2974.0557454348473,0.009698261538394804,2985.8493771422413,-0.25759094657213377,2985.582087934131
102,7.63591981260106,1782851002.5655181,0.010706375353038311,-1408.6567105785984,-1389.8490861020266,2715.9999938964847,False,False,-1368.0887688357732,-1347.0441681694533,2720.771614496614,False,False,-1455.1856817556625,-1435.9559174129658,2770.99997291565,False,False,-1547.2609774734847,-1497.2793456001468,2777.6248020826647,False,False,-1523.0521533147908,-1479.7754882782651,2816.709009497122,False,False,-1439.1737766298866,-1396.9006907723815,2822.9999530792243,False,False,-1465.495792707155,-1447.4866430296174,2866.303001911963,False,False,-1555.27887031207,-1512.1234297154383,2872.999934005738,False,False,-1563.0356420209678,-1509.1694317938686,2898.999924087525,False,False,-1512.2917351835436,-1466.4666014610143,2904.940258772472,False,False,-1438.5077895283798,-1401.4238026102635,2945.56898315595,False,False,-1472.7433429104135,-1449.0516535745944,2951.999903869629,False,False,-1553.1120717058411,-1512.1516841397438,2982.999892044068,False,False,-1552.3703441635848,-1503.3295702539963,2989.429982117626,False,False,-1441.8552908273984,-1406.0267445059144,3026.9998752593997,False,False,-1429.7173487789225,-1412.8938487636397,3033.8853034551807,False,False,0.07173399487875842,2759.271154405296,0.08843621123542351,2773.968653863814,0.01348671778501355,2855.0359876360867,0.08347523135735753,2868.281258895791,-0.023950181428902144,2902.7933050113847,-0.11294655126268247,2973.989511170785,0.024306110605914092,2985.863984991309,-0.2366606802599401,2985.6030182004433
103,7.714492375496775,1782851002.6438348,0.01016541663557291,-1409.8756731974204,-1391.9831341504416,2715.9999938964847,False,False,-1368.4378152031054,-1343.8527248830883,2720.771614496614,False,True,-1454.604500718281,-1433.9063437968027,2770.99997291565,False,True,-1549.7868967203592,-1494.3972307974448,2777.6248020826647,False,True,-1524.3440780022615,-1481.8697267475623,2816.709009497122,True,False,-1441.6148149280193,-1399.3791301158417,2822.9999530792243,False,False,-1470.5540284867195,-1450.2633294617476,2866.303001911963,False,False,-1557.2991227802058,-1511.4857505272487,2872.999934005738,False,False,-1567.061076810221,-1513.5411727847907,2898.999924087525,False,False,-1517.3264495522205,-1468.3778097013785,2904.940258772472,False,False,-1439.5346119754258,-1401.850730507076,2945.56898315595,False,False,-1480.9752636244154,-1455.484899287832,2951.999903869629,False,False,-1559.1383424519363,-1511.4026102637774,2982.999892044068,False,True,-1551.6640064798116,-1506.5612724271784,2989.429982117626,False,False,-1447.9282620655927,-1403.6267062994773,3026.9998752593997,False,False,-1429.284737292539,-1412.5879068985544,3033.8853034551807,False,False,0.18667179113743546,2759.3860922015547,0.10011588931669832,2773.980333541895,0.020151969795146985,2855.042652888097,0.08462201667569348,2868.2824056811096,-0.010916421592902114,2902.806338771221,-0.10464016117808105,2973.99781756087,-0.007230373845971425,2985.832448506857,-0.3441765666338087,2985.495502314069
104,7.7869915422052145,1782851002.71649,0.010449916124343872,-1402.120637589021,-1385.9536341962894,2715.9999938964847,False,False,-1370.101972980408,-1347.2888895681147,2720.771614496614,False,False,-1447.9353822171956,-1436.1985557966805,2770.99997291565,False,False,-1545.586583427576,-1492.4757755906714,2777.6248020826647,False,False,-1524.9439526851486,-1482.8190558425283,2816.709009497122,False,False,-1434.9153910810894,-1397.8131796925145,2822.9999530792243,False,False,-1466.82568542348,-1447.315660054406,2866.303001911963,False,False,-1553.179825472996,-1508.5249243512549,2872.999934005738,False,False,-1564.5937112204665,-1512.9617217348775,2898.999924087525,False,False,-1515.75758321362,-1467.9108154781914,2904.940258772472,False,False,-1440.0411223522938,-1404.074378763334,2945.56898315595,False,False,-1473.4838356206253,-1453.2264999847175,2951.999903869629,False,False,-1558.946290919094,-1517.0587721979398,2982.999892044068,False,False,-1557.639222728245,-1508.7672601399886,2989.429982117626,False,False,-1441.7017208179236,-1403.0365528624263,3026.9998752593997,True,False,-1430.501483938014,-1411.6009994803921,3033.8853034551807,False,False,0.18074270531657802,2759.380163115734,0.12127807534855584,2774.001495727927,-0.024749480973341748,2854.9977514373286,0.08359758046532464,2868.281381244899,-0.00825271606431758,2902.8090024767494,-0.13042225603813443,2973.97203546601,0.02099890325214428,2985.8606777839555,-0.24701287216202977,2985.592666008541
105,7.892629813402891,1782851002.8219972,0.010253792628645897,-1400.3094476877463,-1385.4679891188066,2715.9999938964847,False,False,-1368.7476098053003,-1350.8570284561542,2720.771614496614,False,False,-1449.9615230614052,-1431.099654613809,2770.99997291565,False,False,-1545.1198887428554,-1490.1584344530363,2777.6248020826647,False,False,-1522.9684644068834,-1480.0427056270441,2816.709009497122,False,False,-1442.0110554146165,-1396.9456918421615,2822.9999530792243,False,True,-1470.7907081945166,-1450.7078124522418,2866.303001911963,False,False,-1555.0627059326955,-1511.4468762417096,2872.999934005738,False,False,-1564.28805513953,-1514.6962343735672,2898.999924087525,False,False,-1516.5400250634225,-1467.1758413057432,2904.940258772472,True,True,-1438.8338875813797,-1411.5678821407832,2945.56898315595,True,False,-1474.95519301892,-1449.319757312712,2951.999903869629,True,True,-1560.7244184980284,-1514.3607283675153,2982.999892044068,False,False,-1554.4573295228784,-1505.502646941957,2989.429982117626,False,False,-1443.999484977229,-1404.0509643304704,3026.9998752593997,False,False,-1429.773269248403,-1407.2512317755295,3033.8853034551807,False,False,0.0868645347377981,2759.286284945155,0.10486238980066385,2773.9850800423787,0.043206032147103446,2855.065706950449,0.07785176282603713,2868.2756354272597,0.004878897596503526,2902.82213409041,-0.018186573445328726,2974.0842711486025,0.008350205826019733,2985.848029086529,-0.21701396954793445,2985.622664911155
106,7.965037896297872,1782851002.89447,0.010377207770943642,-1405.7826787297124,-1388.1043784576825,2715.9999938964847,False,True,-1362.587772411896,-1340.3846853317846,2720.771614496614,False,False,-1447.7578109239844,-1433.3752666809303,2770.99997291565,False,False,-1540.2496332182045,-1490.9697313323347,2777.6248020826647,False,False,-1528.930843292478,-1478.5143579790324,2816.709009497122,False,False,-1440.9433658342757,-1400.5745101934774,2822.9999530792243,False,False,-1467.3408579637498,-1452.6888421921326,2866.303001911963,False,False,-1558.7932252345877,-1512.0692254791088,2872.999934005738,False,False,-1565.4545542072929,-1509.8650884861083,2898.999924087525,False,False,-1511.7769981966565,-1462.551862945869,2904.940258772472,False,False,-1437.7081257450257,-1403.4525002292385,2945.56898315595,False,False,-1476.30199590427,-1444.7473408319834,2951.999903869629,False,False,-1557.6481553932206,-1506.1589357214903,2982.999892044068,False,False,-1554.0744979674173,-1501.3395146254238,2989.429982117626,False,False,-1444.0980071522451,-1401.4588914020237,3026.9998752593997,False,False,-1427.1096723415963,-1410.0233227374147,3033.8853034551807,False,False,0.13138389309758255,2759.330804303515,0.1018329598511157,2773.9820506124292,-0.06999671934983845,2854.952504198952,0.10793298215120013,2868.305716646585,-0.017033105503199968,2902.8002220873104,-0.0286744463902407,2974.0737832756577,0.0041264836884023475,2985.8438053643913,-0.31915680927249435,2985.5205220714306
107,8.0385507713072,1782851002.9681559,0.010737457312643528,-1402.4397606748785,-1385.236882966042,2715.9999938964847,False,False,-1372.000114619311,-1351.127254943913,2720.771614496614,False,False,-1449.9615230614052,-1435.5356466057399,2770.99997291565,True,False,-1542.449828835162,-1493.8451034630314,2777.6248020826647,False,True,-1526.4115643243572,-1479.2337148882846,2816.709009497122,False,False,-1437.4370816395146,-1402.9917519943758,2822.9999530792243,False,False,-1466.1663049790627,-1443.0984274230525,2866.303001911963,False,False,-1556.4915334535558,-1512.0635587003699,2872.999934005738,False,False,-1559.776238652688,-1510.9073753706025,2898.999924087525,False,False,-1516.7898875202495,-1471.5463749732558,2904.940258772472,False,False,-1440.2120105755416,-1404.9015527096005,2945.56898315595,False,False,-1473.0997600635756,-1445.340347525751,2951.999903869629,False,False,-1556.1054344836018,-1512.0090090778497,2982.999892044068,False,False,-1551.2982027692026,-1500.7560763517438,2989.429982117626,False,False,-1437.96832686371,-1401.4380811199069,3026.9998752593997,False,False,-1426.1575343093803,-1417.2501283736285,3033.8853034551807,False,False,0.10395553269601368,2759.303375943113,0.09948523768576001,2773.979702890264,-0.09740111629569595,2854.925099802006,0.06947150759588654,2868.2672551720298,-0.008614907607391939,2902.8086402852064,-0.06620976171328775,2974.0362479603345,0.01982474369717491,2985.8595036244,-0.344858012259627,2985.4948208684436
108,8.110852791927755,1782851003.040224,0.01026725023984909,-1407.1920943240518,-1391.0747883363388,2715.9999938964847,False,False,-1370.7963948406027,-1346.8197328605925,2720.771614496614,False,False,-1445.3171990096894,-1436.6172509704434,2770.99997291565,False,False,-1543.4664623895835,-1492.6655561328976,2777.6248020826647,False,False,-1521.0623223400678,-1475.4675092459577,2816.709009497122,False,False,-1434.3628908518508,-1399.03843109087,2822.9999530792243,False,False,-1464.366321789895,-1446.3800699941926,2866.303001911963,False,False,-1556.5894458538373,-1512.1607864412995,2872.999934005738,False,False,-1561.5103661704923,-1507.6705596478894,2898.999924087525,False,False,-1510.3099306171105,-1466.142997524223,2904.940258772472,False,False,-1436.7200751902683,-1402.8761775223888,2945.56898315595,False,False,-1471.5586209004491,-1443.3439542134058,2951.999903869629,False,False,-1558.2168322278937,-1509.4812589785129,2982.999892044068,False,False,-1552.231911544457,-1506.0756487453004,2989.429982117626,False,False,-1443.4728275819912,-1404.2797964361034,3026.9998752593997,False,False,-1430.8830470397654,-1410.1682642051533,3033.8853034551807,False,False,0.21328767869456072,2759.4127080891117,0.12377439526070903,2774.003992047839,-0.0749912922663252,2854.9475096260353,0.0878703904612494,2868.285654054895,-0.030105242856654082,2902.787149949957,-0.0511184721358372,2974.051339249912,-0.00720139940441136,2985.8324774812986,-0.23047384758891057,2985.609205033114
109,8.184225813485682,1782851003.1139011,0.010860208421945572,-1399.5059204694808,-1388.4572286578846,2715.9999938964847,False,False,-1370.2667481737321,-1347.3404300516552,2720.771614496614,False,False,-1447.6836400036677,-1437.3128113824619,2770.99997291565,False,False,-1545.071991625149,-1496.1418971788366,2777.6248020826647,False,False,-1526.1204648959258,-1481.7663676376196,2816.709009497122,False,False,-1434.4574120487819,-1395.662036555919,2822.9999530792243,False,False,-1465.637596662286,-1446.4345645994438,2866.303001911963,False,False,-1554.4859369746616,-1516.6681373597826,2872.999934005738,False,False,-1564.5539749977074,-1513.1075083290032,2898.999924087525,False,False,-1515.8103126814808,-1471.7123223400679,2904.940258772472,False,False,-1437.3853944432558,-1402.7286716385975,2945.56898315595,False,False,-1471.199263379894,-1451.0036433658343,2951.999903869629,False,False,-1555.3761698811018,-1514.1381116850566,2982.999892044068,False,False,-1555.2181862640216,-1509.987616529633,2989.429982117626,False,False,-1444.270461839411,-1401.6683788244643,3026.9998752593997,False,False,-1433.6622612097685,-1410.2421890760156,3033.8853034551807,False,False,0.3108095909325599,2759.5102300013496,0.1127626835470506,2773.992980336125,-0.02833836826939804,2854.9941625500323,0.060455517730555845,2868.2582391821643,-0.021755938022792163,2902.795499254791,-0.12050181398736057,2973.9819559080606,0.011942029427999589,2985.8516209101313,-0.24035155427433355,2985.599327326429
110,8.259305583778769,1782851003.188881,0.010646083392202854,-1412.5095959287219,-1387.114188342452,2715.9999938964847,False,False,-1367.9849405507841,-1349.9707705474218,2720.771614496614,False,False,-1446.2680670599382,-1431.3193064767554,2770.99997291565,False,False,-1543.554919460831,-1493.54821041049,2777.6248020826647,False,False,-1531.0439878350705,-1479.4088684781611,2816.709009497122,False,False,-1440.3054711617815,-1400.4407754378458,2822.9999530792243,False,False,-1468.069492924168,-1449.9693691353116,2866.303001911963,False,False,-1562.2675306415624,-1514.566887245163,2872.999934005738,False,False,-1562.3172845921083,-1511.3372879542744,2898.999924087525,False,False,-1514.782600788581,-1463.3407525139837,2904.940258772472,False,False,-1437.0939053091665,-1411.2276018583611,2945.56898315595,False,False,-1478.5628266650363,-1449.6644298071337,2951.999903869629,False,False,-1557.3960601522144,-1518.6517941742823,2982.999892044068,True,False,-1554.953476785769,-1507.689635357765,2989.429982117626,False,False,-1445.5920591741296,-1398.4371611089036,3026.9998752593997,False,False,-1430.2560809365164,-1410.0792905828773,3033.8853034551807,False,False,-0.1703215514036996,2759.0290988590136,0.10191951980705656,2773.982137172385,-0.08539020310656194,2854.937110715195,0.0985831040410511,2868.296366768475,0.007663667590145556,2902.824918860404,0.017934131405271832,2974.120391853453,0.02563382802121681,2985.865312708724,-0.3383983673368005,2985.5012805133665
111,8.329846334178,1782851003.259388,0.010605749674141407,-1405.7826787297124,-1392.8669407341747,2715.9999938964847,True,False,-1364.4199819665616,-1345.6530672127642,2720.771614496614,False,False,-1451.117357948467,-1432.4209325427146,2770.99997291565,False,False,-1546.306161934163,-1497.508127273283,2777.6248020826647,False,False,-1523.5157181281904,-1480.9795763670263,2816.709009497122,False,False,-1439.5187593605772,-1406.27868844943,2822.9999530792243,False,False,-1466.8780603356054,-1446.6713940764741,2866.303001911963,False,False,-1562.9031589082128,-1517.3730018033436,2872.999934005738,False,False,-1567.460861325916,-1511.5411162392638,2898.999924087525,False,False,-1518.2425986490202,-1468.602072317144,2904.940258772472,False,False,-1437.0892746889995,-1404.335912522542,2945.56898315595,False,False,-1474.2090503408015,-1447.10976098053,2951.999903869629,False,False,-1552.7918070116452,-1506.7638475410338,2982.999892044068,False,False,-1551.5745896628664,-1505.0546092245625,2989.429982117626,False,False,-1439.986482562582,-1401.432509093132,3026.9998752593997,False,False,-1428.318174037962,-1408.0074517834767,3033.8853034551807,False,False,0.16035691616506959,2759.3597773265824,0.0864180093645642,2773.9666356619427,-0.0674545512968842,2854.955046367005,0.08316542269964053,2868.280949087133,-0.0172135970055972,2902.800041595808,-0.05134194270123666,2974.0511157793467,0.0015882301479434098,2985.841267110851,-0.22812259492150974,2985.6115562857817
112,8.399818875826895,1782851003.329298,0.010488832369446754,-1407.1920943240518,-1388.4572286578846,2715.9999938964847,True,True,-1368.7476098053003,-1347.3404300516552,2720.771614496614,True,True,-1449.9615230614052,-1435.9559174129658,2770.99997291565,True,True,-1545.071991625149,-1493.8451034630314,2777.6248020826647,True,True,-1524.9439526851486,-1479.7754882782651,2816.709009497122,True,True,-1439.5187593605772,-1399.3791301158417,2822.9999530792243,True,True,-1466.82568542348,-1447.315660054406,2866.303001911963,True,True,-1556.5894458538373,-1512.0692254791088,2872.999934005738,True,True,-1564.28805513953,-1511.5411162392638,2898.999924087525,True,True,-1509.2287006754898,-1468.3778097013785,2904.940258772472,False,True,-1438.5077895283798,-1404.074378763334,2945.56898315595,True,True,-1474.2090503408015,-1449.0516535745944,2951.999903869629,True,True,-1557.6481553932206,-1512.1516841397438,2982.999892044068,True,True,-1554.0744979674173,-1505.502646941957,2989.429982117626,True,True,-1444.0980071522451,-1403.0365528624263,3026.9998752593997,True,True,-1429.7173487789225,-1410.1682642051533,3033.8853034551807,True,True,0.08218218901528083,2759.2816025994325,0.10855858296617729,2773.9887762355443,-0.02440937198052012,2854.998091546321,0.08277590849677784,2868.2805595729305,-0.03813378436647742,2902.7791214084473,-0.08000459121435005,2974.0224531308336,0.009555797249661109,2985.8492346779526,-0.26853251497831754,2985.571146365725
113,8.468864979688078,1782851003.3983748,0.010518708266317844,-1407.1920943240518,-1388.4572286578846,2715.9999938964847,True,True,-1368.7476098053003,-1347.3404300516552,2720.771614496614,True,True,-1447.9353822171956,-1435.9559174129658,2770.99997291565,True,True,-1545.071991625149,-1496.1418971788366,2777.6248020826647,True,True,-1524.9439526851486,-1480.0427056270441,2816.709009497122,True,True,-1442.375618180151,-1400.4407754378458,2822.9999530792243,False,True,-1466.82568542348,-1447.4866430296174,2866.303001911963,True,True,-1556.4915334535558,-1512.1234297154383,2872.999934005738,True,True,-1564.28805513953,-1511.5411162392638,2898.999924087525,True,True,-1515.75758321362,-1468.3778097013785,2904.940258772472,True,True,-1438.5077895283798,-1404.074378763334,2945.56898315595,True,True,-1473.4838356206253,-1449.6644298071337,2951.999903869629,True,True,-1557.6481553932206,-1514.1381116850566,2982.999892044068,True,True,-1552.3703441635848,-1506.0756487453004,2989.429982117626,True,True,-1444.0980071522451,-1403.0365528624263,3026.9998752593997,True,True,-1429.7173487789225,-1410.2421890760156,3033.8853034551807,True,True,0.08218218901528083,2759.2816025994325,0.10777649399162045,2773.9879941465697,-0.005223845391771487,2855.01727707291,0.08286957288231803,2868.280653237316,-0.014170798723953739,2902.8030843940896,-0.09039582367281389,2974.012061898375,0.008796553761812417,2985.848475434465,-0.26945905114494295,2985.570219829558
114,8.538377083837986,1782851003.467895,0.010515332221984863,-1407.1920943240518,-1388.4572286578846,2715.9999938964847,True,True,-1370.101972980408,-1349.9707705474218,2720.771614496614,True,True,-1447.7578109239844,-1435.5356466057399,2770.99997291565,True,True,-1543.554919460831,-1493.54821041049,2777.6248020826647,True,True,-1524.9439526851486,-1480.0427056270441,2816.709009497122,True,True,-1442.375618180151,-1400.5745101934774,2822.9999530792243,False,True,-1466.8780603356054,-1449.9693691353116,2866.303001911963,True,True,-1556.4915334535558,-1512.0692254791088,2872.999934005738,True,True,-1564.28805513953,-1511.5411162392638,2898.999924087525,True,True,-1515.75758321362,-1468.602072317144,2904.940258772472,True,True,-1439.5346119754258,-1404.335912522542,2945.56898315595,True,True,-1474.2090503408015,-1451.0036433658343,2951.999903869629,True,True,-1557.6481553932206,-1514.1381116850566,2982.999892044068,True,True,-1552.231911544457,-1506.0756487453004,2989.429982117626,True,True,-1444.270461839411,-1403.0365528624263,3026.9998752593997,True,True,-1429.773269248403,-1410.2421890760156,3033.8853034551807,True,True,0.04868906738527386,2759.2481094778022,0.11045802196326174,2773.9906756745413,-0.006528499889747889,2855.0159724184123,0.09187108469416118,2868.2896547491277,-0.015020340164686305,2902.8022348526492,-0.10132761308373997,2974.001130108964,0.008392841769531636,2985.8480717224725,-0.2709106086994697,2985.5687682720036
115,8.607211000751704,1782851003.5370119,0.011129667051136494,-1407.1920943240518,-1388.4572286578846,2715.9999938964847,True,True,-1370.2667481737321,-1349.9707705474218,2720.771614496614,True,True,-1447.6836400036677,-1433.3752666809303,2770.99997291565,True,True,-1537.8186172326311,-1488.8541293517133,2777.6248020826647,False,False,-1516.587674603417,-1473.7933077604914,2816.709009497122,False,False,-1441.0347158969341,-1398.3846012776235,2822.9999530792243,False,False,-1466.7038237002173,-1443.0874056301004,2866.303001911963,False,False,-1556.7670599382584,-1508.0125286548277,2872.999934005738,False,False,-1564.505909771678,-1513.2396643946572,2898.999924087525,False,False,-1508.6207491518167,-1471.5463749732558,2904.940258772472,False,True,-1440.0411223522938,-1404.9015527096005,2945.56898315595,True,True,-1479.1804092673533,-1456.7704328025186,2951.999903869629,False,False,-1550.8492587951218,-1516.9872925390468,2982.999892044068,False,False,-1555.771744047437,-1507.2765886236514,2989.429982117626,False,False,-1445.0596891524285,-1408.266893358193,3026.9998752593997,False,False,-1433.1800440138154,-1414.3505486444358,3033.8853034551807,False,False,0.05287708051501578,2759.252297490932,0.10133243263335114,2773.9815500852114,0.019404013004542305,2855.0419049313064,0.0827863973170805,2868.280570061751,-0.04680316808675418,2902.770452024727,-0.10755084338583228,2973.994906878662,0.043272505405743775,2985.8829513861087,-0.2233783916563483,2985.616300489047
116,8.681878083385527,1782851003.6111119,0.009972916916012764,-1408.351896567534,-1391.0747883363388,2715.9999938964847,False,True,-1370.7963948406027,-1350.8570284561542,2720.771614496614,True,True,-1447.6836400036677,-1433.3752666809303,2770.99997291565,True,True,-1537.8186172326311,-1488.8541293517133,2777.6248020826647,False,False,-1516.587674603417,-1473.7933077604914,2816.709009497122,False,False,-1441.0347158969341,-1398.3846012776235,2822.9999530792243,False,False,-1466.7038237002173,-1443.0874056301004,2866.303001911963,False,False,-1556.7670599382584,-1508.0125286548277,2872.999934005738,False,False,-1564.505909771678,-1513.2396643946572,2898.999924087525,False,False,-1508.6207491518167,-1471.7123223400679,2904.940258772472,False,True,-1440.2120105755416,-1411.2276018583611,2945.56898315595,True,True,-1479.1804092673533,-1456.7704328025186,2951.999903869629,False,False,-1550.8492587951218,-1516.9872925390468,2982.999892044068,False,False,-1555.771744047437,-1507.2765886236514,2989.429982117626,False,False,-1445.0596891524285,-1408.266893358193,3026.9998752593997,False,False,-1433.1800440138154,-1414.3505486444358,3033.8853034551807,False,False,0.0803082750587664,2759.2797286854757,0.10133243263335114,2773.9815500852114,0.019404013004542305,2855.0419049313064,0.0827863973170805,2868.280570061751,-0.04742617583494263,2902.7698290169787,-0.05758107309714771,2974.044876648951,0.043272505405743775,2985.8829513861087,-0.2233783916563483,2985.616300489047
117,8.777626167517155,1782851003.707082,0.010430834256112576,-1405.6099092215056,-1392.5155561328972,2715.9999938964847,False,False,-1376.8366170492409,-1346.7995476357855,2720.771614496614,False,False,-1454.229771983984,-1437.1275178041997,2770.99997291565,False,False,-1540.2496332182045,-1492.6655561328976,2777.6248020826647,True,True,-1527.52291927744,-1480.9915242840113,2816.709009497122,False,False,-1440.4801632178992,-1399.5580814255586,2822.9999530792243,False,False,-1470.5924167863802,-1447.1178806125256,2866.303001911963,False,False,-1559.709800715224,-1510.2647935324144,2872.999934005738,False,False,-1559.7149050952103,-1511.5081425558576,2898.999924087525,False,False,-1510.3099306171105,-1472.4036586484092,2904.940258772472,True,False,-1441.585020020173,-1409.176032337928,2945.56898315595,False,False,-1474.606216951432,-1449.4096371916742,2951.999903869629,False,False,-1557.3532185102545,-1512.0090090778497,2982.999892044068,False,True,-1555.9547972002322,-1505.8745331173395,2989.429982117626,False,False,-1444.821705841,-1405.9140141210992,3026.9998752593997,False,False,-1429.506426322707,-1412.1090916037535,3033.8853034551807,False,False,0.44259088101745,2759.6420112914348,0.08838430006652598,2773.968601952645,-0.028917409886009837,2854.9935835084157,0.0856518724630729,2868.283435536897,-0.033137605183401364,2902.78411758763,-0.06271242302790814,2974.03974529902,0.014350215177532509,2985.854029095881,-0.2676784250777744,2985.572000455625
118,8.848473667167127,1782851003.7781289,0.010840749368071556,-1412.5095959287219,-1390.9409588287435,2715.9999938964847,True,False,-1369.034766329431,-1347.668183207507,2720.771614496614,False,False,-1447.6836400036677,-1439.6959134394965,2770.99997291565,True,False,-1547.9700522664057,-1501.5037946633247,2777.6248020826647,False,False,-1521.0623223400678,-1479.2337148882846,2816.709009497122,True,True,-1436.871325304887,-1403.602526209616,2822.9999530792243,False,False,-1470.5635862090044,-1451.629998166091,2866.303001911963,False,False,-1556.5894458538373,-1512.0635587003699,2872.999934005738,True,True,-1561.5103661704923,-1518.5687471345173,2898.999924087525,True,False,-1510.3099306171105,-1475.5343842650607,2904.940258772472,True,False,-1447.7559296390255,-1413.4001742213527,2945.56898315595,False,False,-1480.14083351163,-1453.3187410214873,2951.999903869629,False,False,-1552.7918070116452,-1517.165797597579,2982.999892044068,True,False,-1558.2700843598127,-1508.818606534829,2989.429982117626,False,False,-1443.1162912247455,-1407.1951447259835,3026.9998752593997,False,False,-1431.1239034752575,-1414.3505486444358,3033.8853034551807,False,True,0.011939589061545587,2759.2113599994786,0.11236242073999558,2773.992580073318,-0.06068953162047111,2854.9618113866813,0.08506278981206411,2868.282846454246,-0.025381826815321886,2902.7918733659985,-0.06535859900131692,2974.0370991230466,0.0408165906059801,2985.880495471309,-0.23827093321961293,2985.6014079474835
119,8.918380959425122,1782851003.8479989,0.010619250126183033,-1418.8298499251155,-1392.8669407341747,2715.9999938964847,False,True,-1376.8366170492409,-1349.9707705474218,2720.771614496614,True,True,-1447.6836400036677,-1441.250161995293,2770.99997291565,True,False,-1543.4664623895835,-1493.54821041049,2777.6248020826647,True,True,-1521.0623223400678,-1479.4088684781611,2816.709009497122,True,True,-1440.4801632178992,-1400.4407754378458,2822.9999530792243,True,True,-1466.8780603356054,-1447.1178806125256,2866.303001911963,True,True,-1556.7670599382584,-1512.1607864412995,2872.999934005738,True,True,-1562.3172845921083,-1511.5411162392638,2898.999924087525,True,True,-1511.8078567717089,-1475.5343842650607,2904.940258772472,False,True,-1447.7559296390255,-1413.4001742213527,2945.56898315595,True,True,-1478.5628266650363,-1453.3187410214873,2951.999903869629,True,True,-1552.7918070116452,-1516.9872925390468,2982.999892044068,True,True,-1554.953476785769,-1507.2765886236514,2989.429982117626,True,True,-1445.0596891524285,-1407.1951447259835,3026.9998752593997,True,True,-1431.1239034752575,-1412.1090916037535,3033.8853034551807,True,True,0.043272092002776284,2759.2426925024197,0.12811412472221553,2774.0083317773006,0.005771954942980775,2855.028272873245,0.08215582368127179,2868.279939488115,-0.04855325329602793,2902.7687019395175,-0.07748661848587318,2974.0249711035617,0.035263770357529645,2985.874942651061,-0.23434676906977997,2985.6053321116333
120,8.997638542205095,1782851003.9270248,0.010299334302544594,-1420.9973316624385,-1401.6044823791913,2715.9999938964847,True,True,-1396.5244001589385,-1370.2904025430205,2720.771614496614,True,True,-1447.6836400036677,-1437.3128113824619,2770.99997291565,True,True,-1537.8186172326311,-1496.1418971788366,2777.6248020826647,True,True,-1516.587674603417,-1480.9795763670263,2816.709009497122,True,True,-1434.317688052083,-1403.602526209616,2822.9999530792243,False,True,-1466.8780603356054,-1449.9693691353116,2866.303001911963,True,True,-1556.7670599382584,-1514.566887245163,2872.999934005738,True,True,-1562.3172845921083,-1513.1075083290032,2898.999924087525,True,True,-1511.8078567717089,-1484.8863434911514,2904.940258772472,True,True,-1450.1141012317755,-1421.8910291285877,2945.56898315595,True,True,-1478.5628266650363,-1456.7704328025186,2951.999903869629,True,True,-1550.8492587951218,-1516.9872925390468,2982.999892044068,True,True,-1554.953476785769,-1507.2765886236514,2989.429982117626,True,True,-1444.5770394596082,-1408.266893358193,3026.9998752593997,False,True,-1431.1239034752575,-1414.3505486444358,3033.8853034551807,True,True,0.18214869271005424,2759.3815691031273,0.09131481433085425,2773.971532466909,-0.028661723161727333,2854.99383919514,0.08401188960798264,2868.2817955540418,-0.07756400731475928,2902.739691185499,-0.054615210221906095,2974.047842511826,0.04088808833050544,2985.8805669690337,-0.2427478532094939,2985.5969310274936
121,9.068059271201491,1782851003.997704,0.010832542553544044,-1418.2069382889626,-1401.6044823791913,2715.9999938964847,False,True,-1396.5244001589385,-1370.2904025430205,2720.771614496614,True,True,-1450.1473224928936,-1439.965310083443,2770.99997291565,False,False,-1542.82648011737,-1489.359941314913,2777.6248020826647,False,False,-1516.587674603417,-1481.6592734663936,2816.709009497122,True,False,-1435.4819543356666,-1400.311773695632,2822.9999530792243,False,False,-1470.951998960785,-1449.414544426445,2866.303001911963,False,False,-1562.9208377907512,-1510.2647935324144,2872.999934005738,False,True,-1562.6634853440107,-1513.170628419476,2898.999924087525,False,False,-1509.2287006754898,-1484.8863434911514,2904.940258772472,True,True,-1446.1905171623316,-1421.8910291285877,2945.56898315595,False,True,-1481.7147369868876,-1450.5429394504386,2951.999903869629,False,False,-1557.8065210746704,-1509.154115597396,2982.999892044068,False,False,-1556.4629473973775,-1500.8173915701318,2989.429982117626,False,False,-1439.1590992450413,-1408.266893358193,3026.9998752593997,False,True,-1431.1239034752575,-1421.2507182810161,3033.8853034551807,True,False,0.25045810112279693,2759.4498785115397,0.1275355426860733,2774.0077531952643,0.020457980128620133,2855.0429588984302,0.10374031116637117,2868.3015239756,-0.08792597614278498,2902.729329216671,0.049148816983957254,2974.151606539032,0.02125216048423248,2985.8609310411875,-0.26132045825562955,2985.5783584224473
122,9.137902354821563,1782851004.067455,0.010592624545097351,-1422.4916496011244,-1401.6044823791913,2715.9999938964847,False,True,-1400.3303145153895,-1373.3386221230553,2720.771614496614,False,False,-1450.1473224928936,-1439.6959134394965,2770.99997291565,True,True,-1537.8186172326311,-1489.359941314913,2777.6248020826647,True,True,-1516.587674603417,-1480.9795763670263,2816.709009497122,True,True,-1441.0347158969341,-1406.27868844943,2822.9999530792243,True,True,-1470.5635862090044,-1451.629998166091,2866.303001911963,True,True,-1556.7670599382584,-1510.2647935324144,2872.999934005738,True,True,-1559.7149050952103,-1513.170628419476,2898.999924087525,True,True,-1517.166991166672,-1484.8863434911514,2904.940258772472,False,True,-1450.1141012317755,-1421.8910291285877,2945.56898315595,True,True,-1479.1804092673533,-1456.7704328025186,2951.999903869629,True,True,-1550.8492587951218,-1516.9872925390468,2982.999892044068,True,True,-1551.5745896628664,-1505.8745331173395,2989.429982117626,True,True,-1445.0596891524285,-1422.8685087263502,3026.9998752593997,True,True,-1433.1800440138154,-1421.2507182810161,3033.8853034551807,True,True,0.1630397562418572,2759.362460166659,0.1118264321033208,2773.9920440846818,0.008905294189422994,2855.031406212491,0.0920305013947286,2868.2898141658284,-0.04861213053937236,2902.7686430622744,-0.04987992861372326,2974.052577793434,0.03525162231501607,2985.8749305030183,-0.12556606578353274,2985.7141128149196
123,9.206599896308035,1782851004.136608,0.011539542116224766,-1421.7131888620595,-1415.9095271571355,2715.9999938964847,True,True,-1397.6750970443502,-1373.3386221230553,2720.771614496614,True,True,-1421.2810052877708,-1439.965310083443,2770.99997291565,True,True,-1439.7056958156309,-1489.359941314913,2777.6248020826647,True,True,-1497.7903780909005,-1480.9915242840113,2816.709009497122,True,True,-1446.1001788061255,-1434.3588195739217,2822.9999530792243,False,False,-1470.5635862090044,-1462.4427591160559,2866.303001911963,True,True,-1485.8144725983434,-1510.2647935324144,2872.999934005738,True,True,-1520.370296787603,-1513.2396643946572,2898.999924087525,True,True,-1509.2287006754898,-1515.9224394045907,2904.940258772472,True,True,-1468.8240180945686,-1440.4669865818996,2945.56898315595,True,True,-1479.1804092673533,-1477.3726075129136,2951.999903869629,True,True,-1469.848124828071,-1516.9872925390468,2982.999892044068,True,True,-1523.152587339915,-1507.2765886236514,2989.429982117626,True,True,-1445.0596891524285,-1434.4495308249534,3026.9998752593997,True,True,-1433.1800440138154,-1426.4453097777916,3033.8853034551807,True,True,0.4673843916454161,2759.6668048020624,-0.09008978368852316,2773.7901278688896,-0.041883628754299684,2854.9806172895474,-0.11274394123319635,2868.0850397232007,-0.049193219462821104,2902.768061973351,-0.2062189616097287,2973.896238760438,0.18274583665480104,2986.022424717358,-0.04664063676238687,2985.793038243941
124,9.281276416964829,1782851004.21087,0.010683083906769753,-1422.4916496011244,-1415.9095271571355,2715.9999938964847,True,True,-1397.8086529938564,-1373.3386221230553,2720.771614496614,True,True,-1437.7438808570469,-1439.6959134394965,2770.99997291565,False,True,-1428.9980423021673,-1488.8541293517133,2777.6248020826647,False,True,-1497.100597548675,-1473.7933077604914,2816.709009497122,True,True,-1446.1001788061255,-1434.3588195739217,2822.9999530792243,False,False,-1470.5924167863802,-1462.4427591160559,2866.303001911963,True,True,-1527.1844453953602,-1508.0125286548277,2872.999934005738,False,True,-1520.370296787603,-1513.170628419476,2898.999924087525,True,True,-1508.6207491518167,-1484.8863434911514,2904.940258772472,True,True,-1468.8240180945686,-1442.5305559800718,2945.56898315595,True,True,-1480.14083351163,-1477.3726075129136,2951.999903869629,True,True,-1516.821559128282,-1516.9872925390468,2982.999892044068,False,True,-1523.152587339915,-1505.8745331173395,2989.429982117626,True,True,-1445.0596891524285,-1434.4495308249534,3026.9998752593997,True,True,-1433.1800440138154,-1429.6264999847174,3033.8853034551807,True,True,0.4518568137374925,2759.6512772241545,-0.1718594723868039,2773.7083581801917,-0.10120323628322567,2854.9212976820186,0.03702794636253528,2868.2348116107964,0.060501257113199515,2902.877756449927,-0.18266460208573201,2973.919793119962,0.0508746899297187,2985.8905535706326,-0.08561678589208688,2985.754062094811
125,9.352744875475764,1782851004.282089,0.010191749781370163,-1422.4916496011244,-1415.9095271571355,2715.9999938964847,True,True,-1397.8086529938564,-1373.3386221230553,2720.771614496614,True,True,-1437.7438808570469,-1433.709300975028,2770.99997291565,True,False,-1434.5871122046642,-1488.8541293517133,2777.6248020826647,True,True,-1497.100597548675,-1481.7853806889384,2816.709009497122,True,False,-1441.0017177614084,-1434.3588195739217,2822.9999530792243,False,True,-1471.8502781428615,-1462.4427591160559,2866.303001911963,False,True,-1527.1844453953602,-1515.327163248464,2872.999934005738,True,False,-1520.370296787603,-1513.2446235901828,2898.999924087525,True,False,-1514.8736803496652,-1484.8863434911514,2904.940258772472,False,True,-1468.8240180945686,-1442.5305559800718,2945.56898315595,True,True,-1482.6877005837944,-1477.3726075129136,2951.999903869629,False,True,-1516.821559128282,-1518.1211678943669,2982.999892044068,True,False,-1523.152587339915,-1507.7240624140354,2989.429982117626,True,False,-1439.1479169850538,-1434.4495308249534,3026.9998752593997,False,True,-1426.4889889048504,-1425.3923296757036,3033.8853034551807,False,False,0.4518568137374925,2759.6512772241545,-0.17369990339371444,2773.7065177491845,-0.07567503224604069,2854.9468258860556,0.007218959583085865,2868.2050026240167,0.08346105052100258,2902.9007162433345,-0.16340895520667448,2973.939048766841,0.048705105464573885,2985.888383986168,-0.04368885954474575,2985.7959900211586
126,9.424937437754124,1782851004.354677,0.011013875715434551,-1421.7131888620595,-1401.6044823791913,2715.9999938964847,True,True,-1396.5244001589385,-1370.2904025430205,2720.771614496614,True,True,-1449.3619861234224,-1434.6572240731118,2770.99997291565,False,False,-1544.9301723874437,-1496.0482073539752,2777.6248020826647,False,False,-1522.6738912491978,-1482.1994865054862,2816.709009497122,False,False,-1440.265271877006,-1402.5634547788613,2822.9999530792243,False,False,-1465.6621634012897,-1447.0753079438823,2866.303001911963,False,False,-1559.1990662346793,-1512.208763028395,2872.999934005738,False,False,-1565.654898065226,-1516.5420744567043,2898.999924087525,False,False,-1515.9833496347467,-1467.8158373322738,2904.940258772472,False,False,-1450.1141012317755,-1421.8910291285877,2945.56898315595,True,True,-1478.4303145153895,-1450.475427147966,2951.999903869629,False,False,-1557.9227740929791,-1513.2166564782835,2982.999892044068,False,False,-1555.5509918391049,-1503.9938365375797,2989.429982117626,False,False,-1439.3812681480576,-1422.8685087263502,3026.9998752593997,False,True,-1432.1004095730048,-1425.3923296757036,3033.8853034551807,False,True,0.16462436001957065,2759.3640447704365,0.09920588717418852,2773.9794235397526,-0.005655862262860265,2855.016845056039,0.09452836193353008,2868.292312026367,0.002322999942697965,2902.8195781927566,-0.006434382130724819,2974.096023339917,0.02080310964961614,2985.8604819903526,-0.12027647104161704,2985.7194024096616
127,9.495213687885553,1782851004.424801,0.010603792034089565,-1425.6514090533972,-1403.787890087722,2715.9999938964847,False,False,-1396.5244001589385,-1370.2904025430205,2720.771614496614,True,True,-1447.5490876302842,-1436.5383027172415,2770.99997291565,False,False,-1537.8186172326311,-1502.8294388238533,2777.6248020826647,True,False,-1516.587674603417,-1486.8026362441542,2816.709009497122,True,False,-1442.4235000152826,-1403.213225540239,2822.9999530792243,False,False,-1470.2687990952716,-1447.8673090442276,2866.303001911963,False,False,-1560.266095607788,-1512.7176773542808,2872.999934005738,False,False,-1559.7149050952103,-1517.5924947275114,2898.999924087525,True,False,-1518.318482745973,-1476.5369868875507,2904.940258772472,False,False,-1450.1141012317755,-1421.8910291285877,2945.56898315595,True,True,-1474.6996362747195,-1448.9310450224655,2951.999903869629,False,False,-1558.253120701776,-1512.5794158999909,2982.999892044068,False,False,-1553.6599122780203,-1504.8415028884065,2989.429982117626,False,False,-1444.821705841,-1422.8685087263502,3026.9998752593997,True,True,-1437.2257541950669,-1425.3923296757036,3033.8853034551807,False,True,0.12249865638471799,2759.321919066802,0.06909164147123699,2773.9493092940497,0.10493840463058016,2855.1274393229323,0.08276185603195602,2868.2805455204657,0.0029150001302431627,2902.820170192944,-0.02305893369865081,2974.079398788349,0.009860408199935718,2985.849539288903,-0.12424831098482204,2985.715430569718
128,9.594486229587346,1782851004.524095,0.010725208558142185,-1422.4916496011244,-1403.787890087722,2715.9999938964847,True,True,-1383.1987040376564,-1354.1330393984779,2720.771614496614,True,True,-1446.7515924442948,-1436.5383027172415,2770.99997291565,True,True,-1542.82648011737,-1500.8871870892808,2777.6248020826647,True,True,-1522.6738912491978,-1481.7853806889384,2816.709009497122,True,True,-1441.0017177614084,-1403.602526209616,2822.9999530792243,True,True,-1470.5924167863802,-1451.629998166091,2866.303001911963,True,True,-1559.1990662346793,-1512.7176773542808,2872.999934005738,True,True,-1559.7149050952103,-1513.2446235901828,2898.999924087525,True,True,-1516.1877831096983,-1472.4036586484092,2904.940258772472,False,True,-1447.7559296390255,-1413.4001742213527,2945.56898315595,True,True,-1480.14083351163,-1453.595257817037,2951.999903869629,True,True,-1557.3532185102545,-1513.2166564782835,2982.999892044068,True,True,-1553.6599122780203,-1504.8415028884065,2989.429982117626,True,True,-1444.5770394596082,-1422.8685087263502,3026.9998752593997,True,True,-1432.1004095730048,-1425.3923296757036,3033.8853034551807,True,True,0.27931776598159647,2759.4787381763986,0.09216709739168572,2773.97238474997,-0.012588750473035601,2855.0099121678286,0.09159705082425612,2868.289380715258,-0.00524139692530712,2902.8120137958886,-0.06752262293990953,2974.0349350991078,0.014377884430090188,2985.854056765133,-0.18393718638409387,2985.655741694319
129,9.666425625793636,1782851004.595972,0.010622583329677582,-1417.796040284867,-1415.9095271571355,2715.9999938964847,False,True,-1397.8086529938564,-1373.3386221230553,2720.771614496614,True,True,-1437.7438808570469,-1435.056152764618,2770.99997291565,True,False,-1434.5871122046642,-1492.9365941253782,2777.6248020826647,True,False,-1497.100597548675,-1485.3577727175475,2816.709009497122,True,False,-1438.2785371519392,-1434.3588195739217,2822.9999530792243,False,True,-1473.332512149647,-1449.9048002567472,2866.303001911963,False,False,-1527.1844453953602,-1517.0891188067367,2872.999934005738,True,False,-1520.370296787603,-1519.4552266405844,2898.999924087525,True,False,-1522.6768621817405,-1476.8607360088029,2904.940258772472,False,False,-1468.8240180945686,-1442.5305559800718,2945.56898315595,True,True,-1484.1401885869732,-1450.2073157685604,2951.999903869629,False,False,-1516.821559128282,-1512.5794158999909,2982.999892044068,True,True,-1523.152587339915,-1510.708671332946,2989.429982117626,True,False,-1446.3840709722772,-1434.4495308249534,3026.9998752593997,False,True,-1437.6386832533547,-1429.6264999847174,3033.8853034551807,False,True,0.5656449598123585,2759.7650653702294,-0.18119274116119655,2773.699024911417,-0.06862548923629348,2854.9538754290656,-0.04928098996982173,2868.148502674464,0.16394755225311353,2902.9812027450666,0.057762125550156806,2974.160219847598,0.023860785708537936,2985.8635396664117,-0.04734181166067749,2985.7923370690423
130,9.744772417005152,1782851004.674307,0.010465250350534916,-1418.8298499251155,-1415.9095271571355,2715.9999938964847,True,True,-1397.8086529938564,-1373.3386221230553,2720.771614496614,True,True,-1437.7438808570469,-1438.281482104105,2770.99997291565,True,False,-1434.5871122046642,-1494.9852125806158,2777.6248020826647,True,False,-1497.100597548675,-1487.8788259926034,2816.709009497122,True,False,-1443.3753278112295,-1434.3588195739217,2822.9999530792243,False,True,-1466.636335849864,-1445.494678607452,2866.303001911963,False,False,-1527.1844453953602,-1518.6199727970168,2872.999934005738,True,False,-1520.370296787603,-1512.1442950148244,2898.999924087525,True,False,-1520.0224470458784,-1470.5648684170305,2904.940258772472,False,False,-1468.8240180945686,-1442.5305559800718,2945.56898315595,True,True,-1476.8106779350187,-1449.7927239661335,2951.999903869629,False,False,-1516.821559128282,-1510.4920958523091,2982.999892044068,True,False,-1523.152587339915,-1509.0242549744778,2989.429982117626,True,False,-1445.751004065165,-1434.4495308249534,3026.9998752593997,False,True,-1430.3567166916282,-1429.6264999847174,3033.8853034551807,False,True,0.5405927728787231,2759.740013183296,-0.17707876416548884,2773.703138888413,0.001169512748736805,2855.0236704310505,-0.046597818890741244,2868.151185845543,0.15193632131253282,2902.969191514126,0.00456191478894681,2974.107019636837,0.02271735640599214,2985.862396237109,-0.12844771285142234,2985.7112311678516
131,9.815420688129961,1782851004.744977,0.010510541498661041,-1422.9832411284654,-1403.787890087722,2715.9999938964847,False,True,-1383.1987040376564,-1348.9271494941468,2720.771614496614,True,False,-1450.3194638872756,-1439.9593972552495,2770.99997291565,False,False,-1549.8690818229056,-1492.9365941253782,2777.6248020826647,False,True,-1522.6738912491978,-1487.0479765870955,2816.709009497122,True,False,-1441.3292753003027,-1403.213225540239,2822.9999530792243,False,True,-1465.388991961366,-1450.362643274139,2866.303001911963,False,False,-1561.1009658587277,-1519.6348977595746,2872.999934005738,False,False,-1569.706140538558,-1510.6015618791457,2898.999924087525,False,False,-1517.5147278173426,-1469.9507732982852,2904.940258772472,False,False,-1442.7857444142187,-1406.8310007029984,2945.56898315595,False,False,-1477.4798407555704,-1443.7190206926064,2951.999903869629,False,False,-1554.101780419965,-1509.523875966623,2982.999892044068,False,False,-1558.080725616652,-1506.3311015679924,2989.429982117626,False,False,-1442.8774566739005,-1422.8685087263502,3026.9998752593997,False,True,-1434.7639178408776,-1425.3923296757036,3033.8853034551807,False,True,0.4025625043753185,2759.6019829147926,0.13687853502936645,2774.0170961876074,0.042530248530721786,2855.0650311668323,0.08777135413103417,2868.2855550185645,-0.036480816882605877,2902.7807743759313,-0.024267746906541782,2974.0781899751414,0.02118630864426596,2985.8608651893474,-0.13053659309785615,2985.709142287605
132,9.90135447960347,1782851004.8312,0.011202124878764153,-1418.2069382889626,-1392.9587294067303,2715.9999938964847,True,True,-1378.281599779931,-1351.293133539139,2720.771614496614,True,True,-1447.5490876302842,-1435.056152764618,2770.99997291565,True,True,-1544.9301723874437,-1494.9852125806158,2777.6248020826647,True,True,-1524.3316058929609,-1485.3577727175475,2816.709009497122,True,True,-1442.4235000152826,-1402.5634547788613,2822.9999530792243,True,True,-1470.951998960785,-1449.9048002567472,2866.303001911963,True,True,-1559.1990662346793,-1515.327163248464,2872.999934005738,True,True,-1562.9479658892928,-1513.2446235901828,2898.999924087525,True,True,-1511.451369318703,-1470.5648684170305,2904.940258772472,False,True,-1446.1905171623316,-1409.6946969465414,2945.56898315595,True,True,-1478.4303145153895,-1450.475427147966,2951.999903869629,True,True,-1556.482992022496,-1510.4920958523091,2982.999892044068,True,True,-1553.6599122780203,-1506.3311015679924,2989.429982117626,True,True,-1445.751004065165,-1409.2211923464863,3026.9998752593997,True,True,-1437.2257541950669,-1421.2507182810161,3033.8853034551807,True,True,0.06336414169378851,2759.262784552111,0.10928559030212487,2773.9895032428803,0.028929949667520837,2855.0514308679694,0.07485637280027811,2868.272640037234,-0.027174837126160988,2902.7900803556877,-0.07390162029595261,2974.0285561017517,0.004270518849832916,2985.843949399553,-0.2559572009659234,2985.583721679737
133,9.973218938335776,1782851004.902379,0.009863708168268204,-1417.796040284867,-1403.787890087722,2715.9999938964847,True,True,-1383.1987040376564,-1354.1330393984779,2720.771614496614,True,True,-1445.4062734969589,-1435.953187945105,2770.99997291565,False,False,-1543.9492542103494,-1496.7139575755723,2777.6248020826647,False,False,-1524.0973347189536,-1479.518365070147,2816.709009497122,False,False,-1443.3753278112295,-1395.8547314851608,2822.9999530792243,True,False,-1465.1248953143627,-1450.362643274139,2866.303001911963,False,True,-1555.8263578567717,-1511.7789604792615,2872.999934005738,False,False,-1565.7677247302627,-1510.114808814989,2898.999924087525,False,False,-1523.2220206620411,-1471.8375202494117,2904.940258772472,False,False,-1446.5400968915242,-1406.9539688846776,2945.56898315595,False,False,-1476.391357703946,-1451.8109896995445,2951.999903869629,False,False,-1557.5448742244093,-1508.6150502796709,2982.999892044068,False,False,-1550.2729085796375,-1502.9710196533913,2989.429982117626,False,False,-1441.5106305590366,-1409.2211923464863,3026.9998752593997,False,True,-1427.0070208148668,-1425.3923296757036,3033.8853034551807,False,True,0.3940884669134023,2759.5935088773304,0.11049510940565585,2773.990712761984,0.051915006034758696,2855.074415924337,0.09830489835021379,2868.296088562784,-0.010464215583656492,2902.80679097723,-0.1251590354920131,2973.977298686556,-0.004222413893121849,2985.83545646681,-0.37970591216388494,2985.459972968539
134,10.04417497990653,1782851004.9738328,0.010738625191152096,-1407.0688250756486,-1395.4796176299783,2715.9999938964847,True,False,-1378.281599779931,-1351.293133539139,2720.771614496614,True,True,-1446.7515924442948,-1435.056152764618,2770.99997291565,True,True,-1544.9301723874437,-1502.2204664241833,2777.6248020826647,True,False,-1524.0973347189536,-1485.3577727175475,2816.709009497122,True,True,-1442.8607008588806,-1409.4309609683037,2822.9999530792243,False,False,-1471.1733869242291,-1449.9048002567472,2866.303001911963,False,True,-1556.2717287648625,-1512.7176773542808,2872.999934005738,True,True,-1571.182178989516,-1516.4786410734482,2898.999924087525,False,False,-1523.2430265611151,-1474.2925421034938,2904.940258772472,False,False,-1445.7561405385582,-1411.0640049515541,2945.56898315595,False,False,-1478.8436210532752,-1450.475427147966,2951.999903869629,False,True,-1556.482992022496,-1510.4920958523091,2982.999892044068,True,True,-1553.1900174221357,-1506.3311015679924,2989.429982117626,True,True,-1448.867530641562,-1411.1888192682704,3026.9998752593997,False,False,-1437.7721245835496,-1413.4009521044104,3033.8853034551807,False,False,0.40033040094640293,2759.5997508113637,0.08972454985704333,2773.9699422024355,-0.031339290978027734,2854.991161627324,0.07323401190411916,2868.271017676338,-0.015467799312839583,2902.801787393501,-0.056160625577553414,2974.0462970964704,0.002900393667112786,2985.84257927437,-0.16487010609040428,2985.6748087746128
135,10.125521875917912,1782851005.055307,0.011080833151936531,-1408.6018996240487,-1392.9587294067303,2715.9999938964847,False,True,-1366.492273130177,-1344.1484854968364,2720.771614496614,False,False,-1450.7166732891158,-1431.536233456613,2770.99997291565,False,False,-1545.7070513800165,-1494.795587920653,2777.6248020826647,False,False,-1521.491048995935,-1482.4302763089522,2816.709009497122,False,False,-1440.0610309624967,-1399.694247638842,2822.9999530792243,False,False,-1465.6627395543599,-1449.0716492954737,2866.303001911963,False,False,-1555.2372145979152,-1515.327163248464,2872.999934005738,False,True,-1558.182211082923,-1516.4786410734482,2898.999924087525,False,True,-1515.4676681847359,-1471.8375202494117,2904.940258772472,False,True,-1440.8089265519454,-1406.3075281963504,2945.56898315595,False,False,-1475.8207170584099,-1447.5350842069872,2951.999903869629,False,False,-1560.213625943699,-1512.8258779839227,2982.999892044068,False,False,-1549.605222055812,-1502.7973438884983,2989.429982117626,False,False,-1438.8039749977077,-1403.1624323746064,3026.9998752593997,False,False,-1431.976845370908,-1415.2024284011372,3033.8853034551807,False,False,0.1850364735688449,2759.384456883986,0.0914030626768286,2773.971620715255,0.03304017273653161,2855.0555410910383,0.07720165986546601,2868.274985324299,0.011549737090789578,2902.8288049299044,-0.05576782700901524,2974.046689895039,-0.0007766584414766201,2985.838902222262,-0.23618737208433638,2985.603491508619
136,10.201633542310447,1782851005.131144,0.010469249449670315,-1408.9463168994712,-1387.453247547147,2715.9999938964847,False,False,-1366.7944356145122,-1349.6650349970964,2720.771614496614,False,False,-1446.2212213833786,-1435.984320078247,2770.99997291565,False,False,-1549.9888666442523,-1498.7129321148027,2777.6248020826647,False,False,-1530.306190971055,-1484.541183482593,2816.709009497122,False,False,-1440.4448879787265,-1404.9430021089952,2822.9999530792243,False,False,-1471.874670660513,-1446.9094171225966,2866.303001911963,False,False,-1558.4847434055691,-1514.5664348809485,2872.999934005738,False,False,-1571.5482180517772,-1518.5370159244428,2898.999924087525,False,False,-1517.5147278173426,-1476.110552617905,2904.940258772472,True,False,-1444.9181679249323,-1404.124632454076,2945.56898315595,False,False,-1473.0720007946936,-1454.9647644955223,2951.999903869629,False,False,-1556.918597365284,-1516.853667817954,2982.999892044068,False,False,-1557.2013356970383,-1509.8844973561145,2989.429982117626,False,False,-1441.915291744353,-1405.1478848916468,3026.9998752593997,False,False,-1429.6454213405875,-1411.511553626555,3033.8853034551807,False,False,-0.09605278042374862,2759.1033676299935,0.11982218759336379,2774.0000398401717,-0.0737389192038574,2854.9487619990978,0.06089324845822724,2868.258676912892,-0.03697060534880645,2902.780284587465,-0.1855010434955614,2973.916956678552,0.0216309145838944,2985.861309795287,-0.23219928286995636,2985.607479597833
137,10.281139083672315,1782851005.210708,0.010494417510926723,-1405.6929562612709,-1392.7807011645323,2715.9999938964847,False,True,-1365.4240975639577,-1349.6650349970964,2720.771614496614,False,True,-1450.2629611516945,-1432.4197068802152,2770.99997291565,False,False,-1542.762404865972,-1491.468438426506,2777.6248020826647,False,False,-1524.924925879512,-1486.8026362441542,2816.709009497122,False,True,-1435.8488583916617,-1395.3063774184675,2822.9999530792243,False,False,-1464.2019057370785,-1443.545914967754,2866.303001911963,False,False,-1556.0606595959287,-1513.4934896231318,2872.999934005738,False,False,-1566.1802075373657,-1510.0378029770457,2898.999924087525,False,False,-1516.7797949078463,-1467.905604120182,2904.940258772472,False,False,-1442.1818840358223,-1406.2195647522694,2945.56898315595,False,False,-1476.159764037045,-1447.1455955619404,2951.999903869629,False,False,-1559.45895406058,-1510.4089372497479,2982.999892044068,False,False,-1553.2370327352753,-1507.3118241281293,2989.429982117626,False,False,-1441.9768820490876,-1402.4272671699728,3026.9998752593997,False,False,-1430.4821866308037,-1411.761591832992,3033.8853034551807,False,False,0.08253411142664645,2759.281954521844,0.09704022715586456,2773.977257879734,0.045315439659502445,2855.0678163579614,0.07164175326492159,2868.2694254176986,-0.020933929783881654,2902.7963212630298,-0.061707271313244876,2974.040750450735,-0.008812350967074941,2985.830866529736,-0.26046412938724306,2985.5792147513157
138,10.360030479729176,1782851005.289949,0.011280374601483345,-1408.755825717517,-1388.0389094354618,2715.9999938964847,False,False,-1370.323040009781,-1350.5567808784422,2720.771614496614,False,False,-1449.3702646941958,-1440.9510147629671,2770.99997291565,False,False,-1547.5682733746983,-1498.8687242106553,2777.6248020826647,False,False,-1531.3795381605892,-1485.2718112907664,2816.709009497122,False,False,-1445.7710899532353,-1401.3954121710426,2822.9999530792243,False,False,-1469.242867622337,-1449.7083947183423,2866.303001911963,False,False,-1556.9961717150104,-1513.9188250756486,2872.999934005738,False,False,-1561.823874438365,-1511.0231561573494,2898.999924087525,False,False,-1514.4792936393924,-1470.796538496806,2904.940258772472,False,False,-1437.0330500962805,-1404.6734266589233,2945.56898315595,False,False,-1482.5377112815968,-1449.7552312253567,2951.999903869629,False,False,-1560.31852095241,-1514.9287022037472,2982.999892044068,False,False,-1555.2957239355687,-1504.640277225907,2989.429982117626,False,False,-1441.717261668246,-1404.8788641990402,3026.9998752593997,False,False,-1429.8030977779135,-1415.0480346608797,3033.8853034551807,False,False,-0.009939256534300877,2759.1894811538828,0.11789134238089771,2773.9981089949592,0.008252306021080577,2855.030753224323,0.07767519178361018,2868.2754588562175,-0.021126490351840718,2902.796128702462,-0.004743675882259611,2974.0977140461655,0.01627067015301054,2985.855949550856,-0.2753546178932725,2985.56432426281
139,10.437647187616676,1782851005.367284,0.01080737542361021,-1413.3886893663846,-1387.625306415625,2715.9999938964847,False,False,-1370.1432328758747,-1348.3954427361919,2720.771614496614,False,False,-1449.8250649509432,-1436.590874774582,2770.99997291565,False,False,-1540.156531772473,-1497.2366323318154,2777.6248020826647,False,False,-1521.3378152031053,-1478.0298545098879,2816.709009497122,False,False,-1441.010823119479,-1403.3608873062935,2822.9999530792243,False,False,-1469.645581807623,-1447.365439985329,2866.303001911963,False,False,-1562.6086606351437,-1520.7320185224805,2872.999934005738,False,False,-1566.4168857169057,-1513.7110661124186,2898.999924087525,False,False,-1517.535735244674,-1475.267305987713,2904.940258772472,False,False,-1441.685359293334,-1409.3890240547728,2945.56898315595,False,False,-1477.2582541186543,-1451.783224317633,2951.999903869629,False,False,-1561.4090793776936,-1513.6120457254638,2982.999892044068,False,False,-1553.2370327352753,-1511.1384356756428,2989.429982117626,True,False,-1446.637887031207,-1410.0955206773237,3026.9998752593997,False,False,-1435.5383592627684,-1412.8714047742765,3033.8853034551807,False,False,-0.08364759316097106,2759.115772817256,0.08606420485448077,2773.966281857433,-0.03280358577795187,2854.989697332524,0.06296996059771859,2868.2607536250316,-0.03323947875790441,2902.784015714056,-0.05995593655031944,2974.0425017854973,-0.016335677448333752,2985.823343203255,-0.17209778000666617,2985.667581100696
140,10.540735479909927,1782851005.47031,0.010682458989322186,-1410.4518002873124,-1391.2969679371581,2715.9999938964847,False,False,-1366.3787648623043,-1347.4786288473883,2720.771614496614,False,False,-1453.785146865544,-1439.2224959501177,2770.99997291565,False,False,-1549.5385579362412,-1496.3048415196995,2777.6248020826647,False,False,-1529.1467845462603,-1488.6516612158816,2816.709009497122,False,False,-1441.1561558211329,-1401.9496576703245,2822.9999530792243,False,False,-1472.80738301189,-1449.7226640584408,2866.303001911963,False,False,-1559.0012073234097,-1523.752289329706,2872.999934005738,False,False,-1569.8399272549439,-1516.270872940673,2898.999924087525,False,False,-1521.8190879359354,-1469.7335788733685,2904.940258772472,False,False,-1438.032340984809,-1407.3357138490692,2945.56898315595,False,False,-1479.8835941559432,-1449.753756456888,2951.999903869629,False,False,-1561.4593682183572,-1516.133780603356,2982.999892044068,False,False,-1557.8247394320995,-1505.4513020753734,2989.429982117626,False,False,-1442.258333588043,-1411.4133386312926,3026.9998752593997,False,False,-1434.0952180823426,-1416.4761759941316,3033.8853034551807,False,False,0.008876012978215999,2759.2082964233955,0.11262827712079568,2773.992845929699,0.010123967543131211,2855.032624885845,0.037384168606009585,2868.2351678330397,0.0005888811948715392,2902.8178440740085,-0.011495247128867705,2974.090962474919,0.021493948911137647,2985.861172829614,-0.16414285212242916,2985.6755360285806
141,10.620230375323445,1782851005.550017,0.01111650001257658,-1411.6010422716022,-1384.5384203930678,2715.9999938964847,False,False,-1366.1701302075373,-1346.3717547452395,2720.771614496614,False,False,-1451.9846303145155,-1439.2990799889963,2770.99997291565,False,False,-1550.500146712718,-1495.5706849650028,2777.6248020826647,False,False,-1525.251045328117,-1480.8832869761898,2816.709009497122,False,False,-1442.1323195892041,-1402.6091573188253,2822.9999530792243,False,False,-1465.2424427667572,-1445.964276981386,2866.303001911963,False,False,-1560.7128877953357,-1517.23923801082,2872.999934005738,False,False,-1569.8407509857261,-1509.5160039123393,2898.999924087525,False,False,-1519.9964238774946,-1468.72948925635,2904.940258772472,False,False,-1439.1241862028917,-1403.585567136351,2945.56898315595,False,False,-1476.1282834611975,-1447.1812161873029,2951.999903869629,False,False,-1559.93824922823,-1513.8184460677935,2982.999892044068,False,False,-1555.8588256869516,-1506.3505318336033,2989.429982117626,False,False,-1444.1873827062386,-1404.5634012898493,3026.9998752593997,False,False,-1432.0015496530857,-1411.9483235015434,3033.8853034551807,False,False,-0.16611359576368587,2759.0333068146533,0.12349377247701376,2774.0037114250554,-0.02364048015980504,2854.998860438142,0.07944496291565564,2868.2772286273494,-0.02725598623359245,2902.78999920658,-0.05939494788122903,2974.0430627741666,0.0105434622278821,2985.850222342931,-0.24421580642201976,2985.5954630742813
142,10.692281229887158,1782851005.621782,0.010536291636526585,-1415.9143472812302,-1388.4460922456215,2715.9999938964847,False,False,-1374.7689274689003,-1350.6120503102363,2720.771614496614,False,False,-1452.7302533850902,-1433.3741128465322,2770.99997291565,False,False,-1545.4342054589356,-1497.2011966256073,2777.6248020826647,False,False,-1528.1217195953172,-1478.8836583427578,2816.709009497122,False,False,-1441.2940229849924,-1399.9489332762785,2822.9999530792243,False,False,-1469.2504829293641,-1452.2486215117522,2866.303001911963,False,False,-1562.039079072042,-1513.4985680227405,2872.999934005738,False,False,-1560.7748647492128,-1513.3181190206926,2898.999924087525,False,False,-1519.0071446037227,-1474.9134685331785,2904.940258772472,False,False,-1444.9765687563042,-1407.093488094874,2945.56898315595,False,False,-1476.1717639147844,-1454.7528135220223,2951.999903869629,False,False,-1561.7712550050433,-1515.0607833847848,2982.999892044068,False,False,-1558.9861081394995,-1508.6906210838401,2989.429982117626,False,False,-1442.258333588043,-1406.014420637589,3026.9998752593997,True,False,-1431.9835941559436,-1413.6117660543448,3033.8853034551807,False,False,-0.06510883294137274,2759.1343115774757,0.08278022206442544,2773.9629978746425,-0.049891070865809774,2854.972609847436,0.1055989726458556,2868.3033826370797,-0.007888060758762586,2902.809367132055,-0.13626488628517408,2973.9661928357627,0.011008644581897199,2985.850687525285,-0.2228252698303088,2985.616853610873
143,10.764181542210281,1782851005.6935208,0.010212084278464317,-1407.3087477458205,-1387.458683559006,2715.9999938964847,False,False,-1371.236244154415,-1351.2087202371854,2720.771614496614,False,False,-1453.1976189748448,-1440.1315692147814,2770.99997291565,False,False,-1548.6937631812207,-1501.7774872390503,2777.6248020826647,False,False,-1531.6179509123697,-1483.7360378396552,2816.709009497122,False,False,-1438.3275361432893,-1404.88465782315,2822.9999530792243,False,False,-1464.169760369227,-1447.9802549133478,2866.303001911963,False,False,-1562.6354769691598,-1518.8682412812911,2872.999934005738,False,False,-1570.3107650456946,-1509.958200629642,2898.999924087525,False,False,-1519.1259543967967,-1470.7627089892108,2904.940258772472,False,False,-1444.4734618088455,-1406.2339471834214,2945.56898315595,False,False,-1480.0872787847297,-1448.91712565333,2951.999903869629,False,False,-1562.932712351377,-1518.5269661032492,2982.999892044068,False,False,-1558.9231790812116,-1505.323386924229,2989.429982117626,False,False,-1446.3958309135924,-1406.8308830271724,3026.9998752593997,False,False,-1426.8197084084725,-1410.8991395910382,3033.8853034551807,False,False,0.017675725249833404,2759.217096135667,0.09807020958751349,2773.978287862166,-0.11231712276060397,2854.9101837955413,0.0914451713071149,2868.2892288357407,-0.038192402841455246,2902.779062789972,-0.0634454118990039,2974.039012310149,0.027952628965757315,2985.867631509669,-0.29357201277412875,2985.5461068679288
144,10.83722302177921,1782851005.7668102,0.010670875199139118,-1408.1842237980256,-1393.976260048293,2715.9999938964847,False,False,-1371.3523474034905,-1347.5087355197606,2720.771614496614,False,False,-1450.7166732891158,-1436.590874774582,2770.99997291565,True,True,-1547.5682733746983,-1497.2011966256073,2777.6248020826647,True,True,-1535.097044350032,-1485.8805590365866,2816.709009497122,False,False,-1444.9529984411772,-1402.906861876089,2822.9999530792243,False,False,-1472.994033682795,-1452.5840679157625,2866.303001911963,False,False,-1559.0012073234097,-1517.3505241923158,2872.999934005738,True,False,-1573.720558119632,-1512.231196319956,2898.999924087525,False,False,-1520.5627441391325,-1467.0334459149676,2904.940258772472,False,False,-1442.178144389767,-1407.1066509765565,2945.56898315595,False,False,-1476.391357703946,-1450.1003438579332,2951.999903869629,True,False,-1563.1064431335392,-1522.2406210838403,2982.999892044068,False,False,-1557.4764251001009,-1512.6167328911574,2989.429982117626,False,False,-1450.248445762142,-1410.6712229116363,3026.9998752593997,False,False,-1431.8422135281353,-1412.8714047742765,3033.8853034551807,False,True,0.2574118331788486,2759.456832243596,0.10532683080952941,2773.985544483388,-0.04181543724618067,2854.980685481056,0.06947893524933337,2868.267262599683,-0.022491156282382217,2902.7947640365314,-0.075887746137983,2974.0265699759098,0.01234718625578187,2985.852026066959,-0.2550263441545178,2985.5846525365487
145,10.908476104959846,1782851005.837952,0.01048429124057293,-1408.9463168994712,-1389.589406119143,2715.9999938964847,True,False,-1370.6904896536969,-1347.550883332824,2720.771614496614,False,False,-1453.47231867225,-1438.9381086285416,2770.99997291565,False,False,-1553.1412476694072,-1498.168392578782,2777.6248020826647,False,False,-1530.586221230553,-1489.8125867286121,2816.709009497122,False,False,-1441.1561558211329,-1402.6091573188253,2822.9999530792243,True,True,-1469.2504829293641,-1453.3394641929272,2866.303001911963,True,False,-1563.109666228566,-1521.3964315187823,2872.999934005738,False,False,-1569.08724821958,-1516.238194210961,2898.999924087525,False,False,-1526.0833404652017,-1476.6245086652198,2904.940258772472,False,False,-1442.178144389767,-1410.221267231103,2945.56898315595,True,False,-1479.3723110309625,-1449.7552312253567,2951.999903869629,False,True,-1561.553956658618,-1520.9462893908367,2982.999892044068,False,False,-1565.3012730384817,-1514.135891126937,2989.429982117626,False,False,-1444.1873827062386,-1412.2699345905799,3026.9998752593997,True,False,-1432.907948467158,-1417.9824189259405,3033.8853034551807,False,False,0.11122613979153825,2759.3106465502087,0.11764668440670648,2773.997864336985,0.001513055954995021,2855.024013974257,0.08540353061824309,2868.283187195052,-0.007334184453373396,2902.8099210083606,-0.024929394801739297,2974.077528327246,0.03115308312939195,2985.8708319638326,-0.2104965955095977,2985.6291822851936
146,10.979969771578908,1782851005.909367,0.010334458202123642,-1409.2208148668888,-1394.4676330348136,2715.9999938964847,False,False,-1368.4593758596448,-1345.0196992389278,2720.771614496614,False,False,-1449.3535944615953,-1443.4663263746675,2770.99997291565,False,False,-1547.4503927621727,-1497.1767108842498,2777.6248020826647,False,False,-1527.8146208393189,-1485.7118378824466,2816.709009497122,False,False,-1439.8336858513924,-1395.7966424183146,2822.9999530792243,False,False,-1468.8650227710366,-1447.2433581929881,2866.303001911963,False,False,-1556.0580202952594,-1509.3093437662378,2872.999934005738,False,False,-1569.08724821958,-1511.8281199376474,2898.999924087525,True,False,-1519.3991946083074,-1467.342152397836,2904.940258772472,False,False,-1438.36135648134,-1404.3454885839167,2945.56898315595,False,False,-1477.5890668459824,-1449.7324617171503,2951.999903869629,False,False,-1561.5811779808662,-1513.0679631384296,2982.999892044068,False,False,-1555.1934728122992,-1502.0643686768349,2989.429982117626,False,False,-1444.6056163462422,-1401.732533545252,3026.9998752593997,False,False,-1431.4042898187486,-1408.4782956872575,3033.8853034551807,False,False,0.23493880645988488,2759.434359216877,0.13051040833983835,2774.010728060918,0.04260145020772872,2855.0651023685095,0.08314180949305802,2868.280925473927,-0.012918379553209491,2902.8043368132603,-0.05592526756909575,2974.046532454479,0.01452893691065025,2985.8542078176138,-0.24945068544422028,2985.590228195259
147,11.052958083804697,1782851005.982615,0.010750333778560162,-1407.5508115047223,-1391.6875553993336,2715.9999938964847,False,False,-1370.9228764862305,-1350.9317220405296,2720.771614496614,False,False,-1451.9178362930586,-1433.4007091114713,2770.99997291565,False,False,-1546.9039291499835,-1494.3203533331296,2777.6248020826647,False,False,-1525.6710975945225,-1482.995355625516,2816.709009497122,False,False,-1438.532906440077,-1405.5597533392424,2822.9999530792243,False,False,-1469.7810603050402,-1446.7397774857109,2866.303001911963,False,False,-1555.9664073723143,-1513.5772748112602,2872.999934005738,False,False,-1563.2472674756245,-1514.0112128251367,2898.999924087525,False,False,-1518.42666809304,-1470.1261240333772,2904.940258772472,False,False,-1445.1418925940643,-1405.9553076382308,2945.56898315595,False,False,-1476.1173778158143,-1451.747889476419,2951.999903869629,False,False,-1557.2208836384755,-1509.1858834856498,2982.999892044068,False,False,-1550.167668184736,-1499.6687700583796,2989.429982117626,False,False,-1440.6147782498394,-1403.5233105113552,3026.9998752593997,False,False,-1434.1560075801574,-1407.8231775529543,3033.8853034551807,False,False,0.11664127268812255,2759.316061683105,0.0985256985318865,2773.97874335111,-0.07054429673474169,2854.951956621567,0.06263809105792502,2868.2604217554917,0.0018023385430975538,2902.819057531357,-0.12382235029773316,2973.97863537175,0.00810334641667723,2985.8477822271198,-0.13463514814670963,2985.7050437325565
148,11.124452646356076,1782851006.053898,0.010430042631924152,-1409.8623636030197,-1393.0192239508513,2715.9999938964847,False,False,-1372.0649203777853,-1350.2408854723844,2720.771614496614,False,False,-1452.3259543967968,-1440.5673671180118,2770.99997291565,False,False,-1549.066010025369,-1496.7934621144973,2777.6248020826647,False,False,-1525.3108689672033,-1479.2414921906043,2816.709009497122,False,False,-1440.4785126998197,-1400.5067426720057,2822.9999530792243,False,False,-1471.5005730965554,-1454.6734694501329,2866.303001911963,False,False,-1565.085947672464,-1522.7589173824006,2872.999934005738,False,False,-1568.4599535409723,-1516.756213894917,2898.999924087525,False,False,-1520.3568282544243,-1474.0211663661094,2904.940258772472,False,False,-1448.1053672402727,-1406.7442323562673,2945.56898315595,False,False,-1484.1277867775163,-1454.2228994100929,2951.999903869629,False,False,-1562.4856741143747,-1514.9287022037472,2982.999892044068,False,True,-1557.3216538802458,-1502.6301479353242,2989.429982117626,False,False,-1443.2360882721523,-1413.9064125683897,3026.9998752593997,False,False,-1434.8052709600515,-1418.4403383562062,3033.8853034551807,False,False,0.1397154787057045,2759.3391358891226,0.11838914498610473,2773.998606797564,-0.03453150396306839,2854.9879694143387,0.08415298621626359,2868.28193665065,-0.014300735930263236,2902.8029544568835,-0.09871631522555073,2974.0037414068224,0.021982705419596172,2985.861661586123,-0.16050118300917698,2985.679177697694
149,11.196379146538675,1782851006.126061,0.010887958109378815,-1407.617452700431,-1385.0142632270686,2715.9999938964847,False,False,-1366.4597487544702,-1340.6690879359355,2720.771614496614,False,False,-1449.8883439801937,-1437.077290093835,2770.99997291565,False,False,-1544.4744826848425,-1494.2858070727755,2777.6248020826647,False,False,-1528.1217195953172,-1476.265433872299,2816.709009497122,True,False,-1435.9932802518567,-1396.4965828162728,2822.9999530792243,False,False,-1468.2904636733194,-1450.9818932053672,2866.303001911963,False,False,-1557.0530504019318,-1517.9397881835132,2872.999934005738,False,False,-1564.1580982363907,-1510.6667160803252,2898.999924087525,False,False,-1515.543941987346,-1466.8218785340955,2904.940258772472,False,False,-1442.0462679952316,-1404.5063086468808,2945.56898315595,False,False,-1481.7934865666168,-1455.363890332243,2951.999903869629,False,False,-1560.1565592811078,-1517.344733624721,2982.999892044068,False,False,-1553.8041461625455,-1504.9263731393464,2989.429982117626,False,False,-1444.5386007274506,-1400.441142219641,3026.9998752593997,False,False,-1424.925055781398,-1408.0041018430788,3033.8853034551807,False,False,0.10009823598002833,2759.2995186463972,0.10915116113275466,2773.989368813711,-0.09079284559386926,2854.931708072708,0.07175873828054712,2868.2695424027143,-0.011819200999429732,2902.805435991814,-0.09570313090153014,2974.006754591146,0.018726279644934323,2985.858405160348,-0.3394415677359042,2985.5002373129673
150,11.272506062872708,1782851006.201859,0.010237125679850578,-1409.7753935263013,-1388.6588104043772,2715.9999938964847,False,False,-1369.2304383042454,-1351.169089464193,2720.771614496614,False,False,-1450.3633172356879,-1433.9809059510346,2770.99997291565,False,False,-1551.1878977290094,-1497.6065745636824,2777.6248020826647,False,False,-1525.427154078919,-1487.0721306965797,2816.709009497122,False,False,-1435.8609224562153,-1403.6091007732982,2822.9999530792243,False,False,-1468.0649371886175,-1451.6361998349482,2866.303001911963,False,False,-1565.9858529204998,-1519.375382828499,2872.999934005738,False,False,-1573.288822324785,-1512.6435645077484,2898.999924087525,False,False,-1517.4718494972033,-1470.3261882201916,2904.940258772472,False,False,-1445.2060824647738,-1409.3275422563192,2945.56898315595,False,False,-1483.07890087722,-1458.4057095699484,2951.999903869629,False,False,-1563.2354448757528,-1518.575100100865,2982.999892044068,False,False,-1560.4487132072013,-1505.0450728978817,2989.429982117626,False,False,-1440.8651939358742,-1407.7226487758658,3026.9998752593997,False,False,-1434.3014105816546,-1411.214032460189,3033.8853034551807,False,False,-0.063107822157249,2759.13631258826,0.10774049886782529,2773.987958151446,-0.037337860857594635,2854.9851630574444,0.10039037499385854,2868.2981740394275,-0.04326319033882719,2902.773992002475,-0.09538925704065582,2974.0070684650073,0.03251342097945489,2985.8721923016824,-0.12523291646989917,2985.714445964233
151,11.345273876097053,1782851006.274944,0.010874916799366474,-1411.7348702509398,-1396.7441758107404,2715.9999938964847,False,False,-1377.2028929914113,-1347.550883332824,2720.771614496614,False,True,-1458.5572836751533,-1440.3559540911453,2770.99997291565,False,False,-1549.066010025369,-1500.6544380597243,2777.6248020826647,True,False,-1533.9629519821501,-1487.047886419904,2816.709009497122,False,False,-1440.4785126998197,-1400.402634715897,2822.9999530792243,True,False,-1469.2504829293641,-1450.9818932053672,2866.303001911963,True,True,-1562.039079072042,-1524.2072576947767,2872.999934005738,True,False,-1575.6654995873703,-1512.6435645077484,2898.999924087525,False,True,-1519.3991946083074,-1470.1261240333772,2904.940258772472,True,True,-1451.69682733747,-1406.7442323562673,2945.56898315595,False,True,-1485.2193018919827,-1451.747889476419,2951.999903869629,False,True,-1567.6684262004462,-1524.4793517131768,2982.999892044068,False,False,-1557.4764251001009,-1508.3376348687227,2989.429982117626,True,False,-1450.5589173824005,-1413.6428660940796,3026.9998752593997,False,False,-1431.9123024727207,-1414.982426567228,3033.8853034551807,False,False,0.38675219500524355,2759.5861726054222,0.08681523012348301,2773.967032882702,-0.03889270079144918,2854.98360821751,0.06341889752834194,2868.261202561962,-0.04390857613324606,2902.7733466166806,-0.09940057262851185,2974.0030571494194,0.01865680564807444,2985.858335686351,-0.24667456776567603,2985.5930043129374
152,11.453752250876278,1782851006.383266,0.010588833130896091,-1408.1974814316716,-1393.1691383684324,2715.9999938964847,False,False,-1371.2220344163586,-1350.4880322156678,2720.771614496614,False,False,-1453.750365253538,-1440.2618027325243,2770.99997291565,False,False,-1552.3053702967877,-1497.2011966256073,2777.6248020826647,False,True,-1532.894398936333,-1491.1876073600881,2816.709009497122,False,False,-1444.8426506097746,-1407.4961656019807,2822.9999530792243,False,False,-1468.4546061680473,-1453.4785952257237,2866.303001911963,False,False,-1567.6274398630683,-1518.001233303787,2872.999934005738,False,False,-1566.9132545771313,-1514.4782055200662,2898.999924087525,False,False,-1520.9498899654614,-1474.3567640676101,2904.940258772472,False,False,-1444.9765687563042,-1413.1750649509427,2945.56898315595,True,False,-1487.3239539077545,-1454.2228994100929,2951.999903869629,False,True,-1561.7712550050433,-1525.7159152734052,2982.999892044068,True,False,-1557.4764251001009,-1505.323386924229,2989.429982117626,True,True,-1451.602463551059,-1412.0935690925207,3026.9998752593997,False,False,-1437.6266375278908,-1419.2427728703733,3033.8853034551807,False,False,0.1566599861077667,2759.3560803965247,0.12139253841182004,2774.00161019099,-0.019034962575855324,2855.003465955726,0.11609321637376387,2868.3138768808076,-0.01627691989660758,2902.8009782729173,0.00288668385039783,2974.105344405898,0.04837539147396971,2985.888054272177,-0.26195082094888644,2985.577728059754
153,11.53346047969535,1782851006.463048,0.010726041160523891,-1409.3082663447137,-1386.4554268423144,2715.9999938964847,False,False,-1370.173171439924,-1346.4875064950943,2720.771614496614,False,False,-1452.7302533850902,-1434.5707170584099,2770.99997291565,True,False,-1544.3876761316747,-1493.804074334444,2777.6248020826647,False,False,-1527.9081578384325,-1481.1314438976679,2816.709009497122,False,False,-1441.9511079866736,-1407.7021013540361,2822.9999530792243,False,False,-1467.2251902680564,-1446.1234052633185,2866.303001911963,False,False,-1562.3213757373842,-1516.0214215851086,2872.999934005738,False,False,-1566.9864733930374,-1512.2372466913225,2898.999924087525,False,False,-1518.6914387015925,-1465.7382568695175,2904.940258772472,False,False,-1445.1425619708411,-1407.9369211724793,2945.56898315595,False,False,-1475.7432374606474,-1453.0494972032886,2951.999903869629,False,False,-1566.9807882752086,-1520.1535333312956,2982.999892044068,False,False,-1558.5736910474675,-1505.323386924229,2989.429982117626,False,True,-1446.9888834550843,-1408.0692545160007,3026.9998752593997,False,False,-1433.7396032643578,-1407.7482822385914,3033.8853034551807,False,False,0.03800971273763584,2759.237430123155,0.09380579487863598,2773.974023447457,-0.09620611523499926,2854.926294803067,0.08270005271708553,2868.2804837171507,-0.0004139823314449237,2902.8168412104824,-0.12071814941896206,2973.981739572629,0.02007387156043737,2985.8597527522634,-0.15999440903843182,2985.6796844716646
154,11.606215563137084,1782851006.5358021,0.01071754191070795,-1411.6762019745086,-1384.9743069352326,2715.9999938964847,False,False,-1371.0312543937403,-1350.1134777027232,2720.771614496614,False,False,-1456.3797444753495,-1437.116110890363,2770.99997291565,False,False,-1548.6227679799492,-1500.6393770822508,2777.6248020826647,False,False,-1526.487292539047,-1488.2090381147416,2816.709009497122,False,False,-1442.9493306232234,-1400.4123238683255,2822.9999530792243,False,False,-1470.2070956994835,-1451.5972949842587,2866.303001911963,False,False,-1563.4629687929823,-1520.0972812299415,2872.999934005738,False,False,-1569.6365666167437,-1520.540887000642,2898.999924087525,False,False,-1521.3268530121954,-1469.7593636335853,2904.940258772472,False,False,-1451.1721398661246,-1406.703676987499,2945.56898315595,False,False,-1476.8655973958491,-1452.2030014976922,2951.999903869629,False,False,-1560.3533224317634,-1513.9616285111717,2982.999892044068,False,False,-1561.450349970963,-1509.7341275178042,2989.429982117626,False,False,-1444.445490112174,-1407.970819451661,3026.9998752593997,False,False,-1434.0667940214566,-1410.156475226946,3033.8853034551807,False,False,-0.12991585352930912,2759.0695045568878,0.08215811831083866,2773.962375770889,0.061735339801365974,2855.0842362581034,0.08145316192701163,2868.279236826361,0.015076120222705856,2902.8323313130363,-0.163400954510947,2973.939056767537,0.015867198058101512,2985.855546078761,-0.15603132273131085,2985.6836475579717
155,11.679176250938326,1782851006.6084301,0.010010416619479656,-1405.6114787419385,-1390.5041599168626,2715.9999938964847,False,False,-1372.7326863709995,-1347.035753583764,2720.771614496614,False,False,-1450.2757618363544,-1439.6217043127428,2770.99997291565,False,False,-1549.066010025369,-1492.2710716141453,2777.6248020826647,True,False,-1525.8997707613778,-1482.5592948619983,2816.709009497122,False,False,-1441.9511079866736,-1402.9845187517192,2822.9999530792243,True,False,-1473.1210655011157,-1444.7704236329737,2866.303001911963,False,False,-1560.2279090381148,-1519.3596647003085,2872.999934005738,False,False,-1563.8972812299414,-1512.4238943057126,2898.999924087525,False,False,-1519.5351881284957,-1470.781304826237,2904.940258772472,False,False,-1442.4235321086896,-1404.2265229085797,2945.56898315595,False,False,-1482.3442690344468,-1450.3980514717118,2951.999903869629,False,False,-1564.7952455909772,-1512.7866032949232,2982.999892044068,False,False,-1558.5736910474675,-1506.2911819543356,2989.429982117626,True,False,-1442.2700706054954,-1406.937127487239,3026.9998752593997,False,False,-1427.786716385977,-1414.213123146988,3033.8853034551807,False,False,0.28176722813954186,2759.4811876385565,0.13563508137641764,2774.0158527339545,-0.019361683129831254,2855.003139235172,0.03772623006309997,2868.2355098944968,-0.004771850605581823,2902.812483342208,-0.05781029016069266,2974.044647431887,0.0014497081268552156,2985.84112858883,-0.27048867139595323,2985.569190209307
156,11.7515042508021,1782851006.680937,0.010401666164398193,-1414.9463123146988,-1394.5960463978972,2715.9999938964847,False,False,-1372.488240058685,-1353.6786181495859,2720.771614496614,False,False,-1452.7308234251307,-1436.9023733838678,2770.99997291565,False,False,-1553.5118134303266,-1497.7887061772167,2777.6248020826647,False,False,-1525.7042332732217,-1489.9310327964058,2816.709009497122,False,False,-1439.0124170920315,-1405.4636305284712,2822.9999530792243,False,False,-1467.6889720940185,-1451.6107482348625,2866.303001911963,False,False,-1559.6420377785248,-1521.7937326160713,2872.999934005738,False,False,-1569.6334627258,-1515.3137741846745,2898.999924087525,False,False,-1519.5351881284957,-1471.6150212427788,2904.940258772472,True,False,-1441.933332823914,-1406.7442323562673,2945.56898315595,False,True,-1484.0545358682032,-1452.9485481553934,2951.999903869629,False,False,-1562.745658220497,-1514.667166916282,2982.999892044068,False,False,-1556.2056759482837,-1501.2813797108538,2989.429982117626,False,False,-1447.2029663477701,-1404.4601934773968,3026.9998752593997,False,False,-1434.1752727939604,-1411.214032460189,3033.8853034551807,False,True,-0.023916519141587864,2759.1755038912756,0.115855765935666,2773.996073418514,-0.0018533783652116987,2855.020647539937,0.07153191417189082,2868.2693155786055,-0.01769972713792613,2902.799555465676,-0.040274599995363175,2974.0621831220524,0.02127129280326457,2985.8609501735064,-0.24691224881535467,2985.5927666318876
157,11.823726083617657,1782851006.753102,0.010303833521902561,-1405.4613411987652,-1384.5147217043127,2715.9999938964847,False,False,-1365.214727817343,-1348.2287786166212,2720.771614496614,False,False,-1446.9653681572267,-1437.3725815325365,2770.99997291565,False,False,-1543.5988889568114,-1497.8197787083168,2777.6248020826647,False,False,-1524.924094507443,-1482.672618210716,2816.709009497122,False,False,-1438.563467004921,-1397.644939939481,2822.9999530792243,False,False,-1474.0205183849373,-1448.1213298896598,2866.303001911963,False,False,-1562.8478130635451,-1519.2541874254975,2872.999934005738,False,False,-1570.1478589112694,-1514.308301494636,2898.999924087525,False,False,-1524.5151175230005,-1471.4305758474188,2904.940258772472,False,False,-1441.5842727022646,-1411.5059831280373,2945.56898315595,False,False,-1481.406543998533,-1449.817608582694,2951.999903869629,False,False,-1555.0864718647795,-1517.344733624721,2982.999892044068,False,True,-1555.4649524711926,-1504.1898355594951,2989.429982117626,False,False,-1443.048025491335,-1407.7226487758658,3026.9998752593997,False,True,-1429.8149662255096,-1406.644316410429,3033.8853034551807,False,False,-0.08682541286663358,2759.1125949975503,0.10568976352681461,2773.985907416105,0.010346692212217694,2855.032847610514,0.05605172572072161,2868.2538353901546,-0.004299688022180785,2902.8129555047917,0.005348649651711251,2974.1078063716996,0.040472403197443316,2985.8801512839004,-0.15030700832430705,2985.6893718723786
158,11.896610437892377,1782851006.8260238,0.010363124310970306,-1403.9890362808326,-1390.5041599168626,2715.9999938964847,False,True,-1374.3361616285113,-1348.8274016566313,2720.771614496614,False,False,-1453.5167007977504,-1440.4575984961946,2770.99997291565,False,False,-1553.8042195189046,-1499.699564446618,2777.6248020826647,False,False,-1531.6524528532568,-1488.1897178836691,2816.709009497122,False,False,-1441.1918757832318,-1405.8034615031938,2822.9999530792243,False,False,-1475.4836797383625,-1452.4057126264634,2866.303001911963,False,False,-1568.9530335910995,-1514.9124033377143,2872.999934005738,False,False,-1571.1547972002322,-1512.299870098114,2898.999924087525,False,False,-1516.967761408442,-1474.9329904942383,2904.940258772472,False,False,-1438.8311749243512,-1411.000651037687,2945.56898315595,False,False,-1478.6319589204388,-1453.0494972032886,2951.999903869629,False,True,-1565.7370862242872,-1524.7697649539998,2982.999892044068,False,False,-1557.3216538802458,-1505.0450728978817,2989.429982117626,True,True,-1450.209310144573,-1407.7226487758658,3026.9998752593997,False,True,-1435.0487850353027,-1417.28004707033,3033.8853034551807,False,False,0.3161458280942874,2759.5155662385114,0.11949738549971979,2773.999715038078,-0.053489190761200546,2854.9690117275404,0.10258367856704279,2868.3003673430007,-0.05614698835250288,2902.7611082044614,-0.023656469908165525,2974.07880125214,0.03455044096769885,2985.874229321671,-0.30759646977545446,2985.5320824109276
159,11.969470229931176,1782851006.899151,0.010847458615899086,-1407.3440810587767,-1384.9499663783354,2715.9999938964847,False,False,-1371.2220344163586,-1348.1300409573007,2720.771614496614,True,False,-1450.5736146345935,-1439.368730323685,2770.99997291565,False,False,-1546.8616040590518,-1496.2698917993705,2777.6248020826647,False,False,-1525.069213253049,-1479.6976312009047,2816.709009497122,False,False,-1437.2326833144848,-1395.424337500382,2822.9999530792243,False,False,-1467.6677247302625,-1452.1865788428036,2866.303001911963,False,False,-1558.4506617354891,-1516.7014029403674,2872.999934005738,False,False,-1565.6626555001985,-1512.8302197634257,2898.999924087525,False,False,-1512.9291683222787,-1476.7198979124005,2904.940258772472,False,False,-1442.3047284286456,-1408.5665724241221,2945.56898315595,False,False,-1482.7885900296483,-1452.2622061924994,2951.999903869629,False,False,-1560.0486383225848,-1518.575100100865,2982.999892044068,False,True,-1558.5736910474675,-1500.8378564660575,2989.429982117626,True,False,-1438.6969816914757,-1405.2884983341992,3026.9998752593997,False,False,-1428.619197970474,-1412.803388146835,3033.8853034551807,False,False,0.03291462516577773,2759.2323350355828,0.11514526444034541,2773.9953629170186,-0.00930899569263374,2855.013191922609,0.08745671516996999,2868.2852403796037,-0.05606502239932391,2902.7611901704145,-0.032752222060440477,2974.0697054999873,0.04900900189186601,2985.888687882595,-0.21929281839987602,2985.620386062303
160,12.042893396224827,1782851006.9721951,0.010124041698873043,-1408.1974814316716,-1388.6588104043772,2715.9999938964847,True,True,-1372.281799981661,-1350.2466072683926,2720.771614496614,False,False,-1451.616671760858,-1444.7972109300977,2770.99997291565,False,False,-1553.4198749885384,-1497.7887061772167,2777.6248020826647,False,True,-1530.3140355167036,-1494.8701286792798,2816.709009497122,False,False,-1439.0124170920315,-1408.7440550783997,2822.9999530792243,True,False,-1473.520614665159,-1455.4895818687532,2866.303001911963,False,False,-1563.2943164104286,-1517.583560534279,2872.999934005738,False,False,-1571.2750817617753,-1518.035229391448,2898.999924087525,False,False,-1524.6205015741052,-1471.4305758474188,2904.940258772472,False,True,-1448.398334199346,-1416.092111134884,2945.56898315595,False,False,-1485.41792646025,-1453.0494972032886,2951.999903869629,False,True,-1559.0754638261453,-1524.2914493993949,2982.999892044068,False,False,-1558.5736910474675,-1506.2911819543356,2989.429982117626,True,True,-1444.5386007274506,-1414.3864000366782,3026.9998752593997,True,False,-1439.3033270165356,-1417.0006403398843,3033.8853034551807,False,False,0.0771739200199823,2759.276594330437,0.14343633062447123,2774.0236539832026,-0.02950777987499005,2854.9929931384268,0.09195084235008551,2868.2897345067836,0.005803791319143941,2902.823058984133,-0.006003045432252247,2974.0964546766154,0.05222141519309723,2985.891900295896,-0.09725938969519543,2985.7424194910077
161,12.115231541916728,1782851007.0446599,0.010397084057331085,-1413.1814087477458,-1391.4499908304551,2715.9999938964847,False,False,-1371.2220344163586,-1352.128555491029,2720.771614496614,True,False,-1458.3633997615918,-1443.7907173640615,2770.99997291565,False,False,-1550.6560977473484,-1498.8547574655381,2777.6248020826647,False,False,-1533.8687899257268,-1488.0206971910627,2816.709009497122,False,False,-1445.2977167833237,-1408.7038833022586,2822.9999530792243,False,False,-1476.087416327903,-1457.0483999144176,2866.303001911963,False,False,-1559.7622887184034,-1514.9159519515847,2872.999934005738,False,False,-1566.261261729376,-1510.599523183666,2898.999924087525,False,False,-1521.2209768621815,-1469.3670645230309,2904.940258772472,False,False,-1445.1425619708411,-1408.4345707124735,2945.56898315595,True,False,-1479.5471987040376,-1454.4840067854632,2951.999903869629,False,False,-1558.606944401993,-1515.7085444875752,2982.999892044068,False,False,-1555.936294586912,-1509.6917688052085,2989.429982117626,False,False,-1443.6750374423082,-1402.1174251917962,3026.9998752593997,False,False,-1431.4405721796008,-1413.3298438120853,3033.8853034551807,False,False,-0.051356484735023286,2759.148063925682,0.10824361258623588,2773.9884612651645,-0.06413516798176513,2854.95836575032,0.08574846572473786,2868.2835321301586,-0.008393892520936223,2902.808861300293,-0.09864305449130971,2974.0038146675565,0.010230384307870264,2985.849909265011,-0.2933189768241311,2985.546359903879
162,12.188577958848327,1782851007.117985,0.010354666970670223,-1414.4038343980196,-1399.0378763334047,2715.9999938964847,False,False,-1366.9979674175506,-1350.1912705932696,2720.771614496614,False,False,-1447.9220283033287,-1438.6412461411498,2770.99997291565,False,False,-1556.4875630406211,-1494.4639820276923,2777.6248020826647,False,False,-1527.9081578384325,-1488.083539138674,2816.709009497122,True,False,-1446.9847296512517,-1404.2686860042181,2822.9999530792243,False,False,-1475.1526163768071,-1452.2725372130697,2866.303001911963,False,False,-1562.1626203502765,-1522.0113136901307,2872.999934005738,False,False,-1568.1896689794296,-1513.3593728031299,2898.999924087525,False,False,-1520.141975119968,-1470.0567518415503,2904.940258772472,False,False,-1441.8128281932936,-1405.7747806950515,2945.56898315595,False,False,-1482.446494177339,-1456.2498089678147,2951.999903869629,False,False,-1564.9527707308127,-1520.9360301983677,2982.999892044068,False,False,-1560.4106779350184,-1512.3031008344287,2989.429982117626,False,False,-1449.9833481064888,-1411.0342329675702,3026.9998752593997,False,False,-1433.7396032643578,-1416.4400754959197,3033.8853034551807,True,False,0.05024617287605833,2759.249666583293,0.1550669063594607,2774.0352845589377,0.048505660292313506,2855.0710065785943,0.055099354592830586,2868.2528830190267,-0.011644240945652933,2902.805610951868,-0.08541004074653821,2974.0170476813014,0.012606623034138465,2985.852285503737,-0.26830005243487914,2985.5713788282683
163,12.298177354503423,1782851007.2277482,0.010679124854505062,-1408.444981202433,-1390.7100070299844,2715.9999938964847,False,False,-1367.3243695937895,-1346.9473790384204,2720.771614496614,False,False,-1453.5320215789957,-1445.2899348962312,2770.99997291565,False,False,-1546.2939236482562,-1500.6932955344316,2777.6248020826647,False,False,-1533.3548170675797,-1485.2857291316443,2816.709009497122,False,False,-1446.4849145704068,-1405.8054237857996,2822.9999530792243,False,False,-1468.159884769386,-1451.9931671608033,2866.303001911963,False,False,-1564.08787327689,-1520.7821896873188,2872.999934005738,False,False,-1569.1842039306782,-1510.471988568634,2898.999924087525,False,False,-1524.7259253599047,-1468.964023290644,2904.940258772472,False,False,-1440.3958905156342,-1406.873958492527,2945.56898315595,False,False,-1475.3694577742458,-1454.3801998960785,2951.999903869629,False,False,-1564.0222453158908,-1509.9809059510344,2982.999892044068,False,False,-1557.942797322493,-1503.0025109270412,2989.429982117626,False,False,-1447.3949002047866,-1403.4110386037842,3026.9998752593997,False,False,-1435.060991227802,-1412.2335758168538,3033.8853034551807,False,False,0.08151793301166647,2759.2809383434287,0.10920091127700364,2773.9894185638555,-0.04545957401822233,2854.9770413442834,0.08992496633070352,2868.2877086307644,-0.004904849778055252,2902.8123503430356,-0.10494491219625748,2973.9975128098517,0.0033568104277907503,2985.843035691131,-0.26458284586752556,2985.5750960348355
164,12.373604834079742,1782851007.302965,0.010265249758958817,-1412.8185209524104,-1393.8825274322219,2715.9999938964847,False,False,-1369.2738652688204,-1356.2422211694225,2720.771614496614,False,False,-1454.1917030901366,-1442.0349115138918,2770.99997291565,False,False,-1554.8055857810923,-1500.377013479231,2777.6248020826647,False,False,-1535.0752926613077,-1490.7293456001466,2816.709009497122,False,False,-1443.2576107222546,-1402.434034294098,2822.9999530792243,False,False,-1469.6067976892748,-1451.9931671608033,2866.303001911963,False,True,-1564.4834718953448,-1520.0927957942354,2872.999934005738,False,False,-1569.1842039306782,-1516.9988354677998,2898.999924087525,True,False,-1526.0655973958492,-1476.1816181190209,2904.940258772472,False,False,-1440.7089341932328,-1411.955524650793,2945.56898315595,False,False,-1485.0855090625669,-1450.9766589234955,2951.999903869629,False,False,-1565.7162300944465,-1521.6139010300456,2982.999892044068,False,False,-1559.0889216615217,-1511.0094599138063,2989.429982117626,False,False,-1450.76691322554,-1410.4144191093317,3026.9998752593997,False,False,-1431.8129030779105,-1416.3861539872237,3033.8853034551807,False,False,-0.13643757312105187,2759.062982837296,0.1231924929349239,2774.003410145513,-0.008473476168517792,2855.0140274421333,0.08852582979306638,2868.2863094942268,-0.0032758096559525295,2902.813979383158,0.03510936046760671,2974.1375670825155,0.012454091257977805,2985.852132971961,-0.30890109433492186,2985.530777786368
165,12.454516792204231,1782851007.384105,0.010724249295890331,-1409.6383684323137,-1395.9497982700127,2715.9999938964847,False,False,-1373.066476143901,-1353.2112311642263,2720.771614496614,False,False,-1452.8689763731393,-1438.0838509032,2770.99997291565,False,False,-1553.7259880184615,-1503.0005623987531,2777.6248020826647,False,False,-1530.3140355167036,-1489.4547100895559,2816.709009497122,True,False,-1447.10795305193,-1405.291978176483,2822.9999530792243,False,False,-1474.0932282911024,-1450.3123697160497,2866.303001911963,False,False,-1565.9806415624903,-1522.5756059540913,2872.999934005738,False,False,-1571.9769569337043,-1508.8001390714307,2898.999924087525,False,False,-1515.7151908793592,-1468.1500244521199,2904.940258772472,False,False,-1438.1165219916252,-1409.1320169942232,2945.56898315595,False,False,-1477.879321148027,-1454.0885319558638,2951.999903869629,False,False,-1562.9918650854295,-1514.581428615093,2982.999892044068,False,False,-1561.8381346089188,-1512.5445960815478,2989.429982117626,False,False,-1449.5079775040501,-1411.1993107558762,3026.9998752593997,False,False,-1432.8022526515265,-1415.7672356878686,3033.8853034551807,False,False,0.1669864585172841,2759.3664068689345,0.10382421555763875,2773.984041868136,0.03082608561025479,2855.0533270039123,0.06279885422298663,2868.2605825186565,-0.0510601678998784,2902.766195024914,-0.04699924919034431,2974.0554584728575,0.0027534305555903735,2985.8424323112586,-0.26348779706702324,2985.576191083636
166,12.528454625513405,1782851007.457974,0.010491167195141315,-1415.8001956169578,-1391.945737689886,2715.9999938964847,False,False,-1366.4077467371703,-1345.6592245621541,2720.771614496614,False,False,-1453.6046015832749,-1440.798251673442,2770.99997291565,False,False,-1553.4198749885384,-1491.7363113977442,2777.6248020826647,True,False,-1525.7676849955678,-1480.193043371947,2816.709009497122,False,False,-1435.8565669223951,-1400.236037839655,2822.9999530792243,False,False,-1468.5777500993368,-1452.039020998258,2866.303001911963,False,False,-1560.0259971880064,-1518.3365177125038,2872.999934005738,False,False,-1569.6334627258,-1509.0716798606231,2898.999924087525,True,False,-1517.9597227740928,-1470.3618638628236,2904.940258772472,False,False,-1442.1232891157501,-1408.4588700064187,2945.56898315595,False,False,-1474.7942292997525,-1449.942500840542,2951.999903869629,False,False,-1557.5012348320447,-1507.7570788886512,2982.999892044068,False,False,-1553.387474401687,-1504.234644068833,2989.429982117626,False,False,-1444.2560732952288,-1403.7497065745638,3026.9998752593997,False,False,-1432.9076275330867,-1413.768536234985,3033.8853034551807,False,False,-0.058969164200547264,2759.140451246217,0.14361160758342664,2774.0238292601616,-0.07098320597569895,2854.951517712326,0.08331643118563782,2868.2811000956194,-0.04182323499641286,2902.775431957817,-0.07552729952148719,2974.026930422526,-0.001387270754055719,2985.838291609949,-0.26705071634585653,2985.5726281643574
167,12.601508917286992,1782851007.531042,0.010629415512084961,-1407.4027462786933,-1390.997253721307,2715.9999938964847,False,False,-1367.0658082953819,-1347.8316074212182,2720.771614496614,False,False,-1451.1904988232418,-1439.115504172143,2770.99997291565,False,False,-1548.848108017239,-1499.7542241036767,2777.6248020826647,False,False,-1527.8005165510287,-1480.4249992358712,2816.709009497122,False,False,-1438.7629886603295,-1405.291978176483,2822.9999530792243,False,True,-1468.7313690130513,-1447.4183222789375,2866.303001911963,False,False,-1554.9201057554178,-1514.0513800165052,2872.999934005738,False,False,-1567.8716706910782,-1507.6720283033287,2898.999924087525,False,False,-1519.5960922456215,-1468.0669774123546,2904.940258772472,False,False,-1440.843456001467,-1402.7272213222484,2945.56898315595,False,False,-1478.055610233212,-1449.8210563315708,2951.999903869629,False,False,-1560.6352569000824,-1515.387086224287,2982.999892044068,False,False,-1557.7596845676558,-1504.9414799645444,2989.429982117626,False,False,-1442.2121343643976,-1403.5152122749637,3026.9998752593997,False,False,-1431.938678668582,-1414.232388360791,3033.8853034551807,False,False,0.08497008330203591,2759.284390493719,0.10769851731786532,2773.987916169896,-0.10856275747859048,2854.9139381608234,0.06361561010747531,2868.261399274541,-0.026024819503376442,2902.7912303733106,-0.0859893282831862,2974.0164683937646,0.02300345179361496,2985.8626823324967,-0.26239887839892073,2985.577280002304
168,12.674974604975432,1782851007.6046898,0.010975458659231663,-1410.0987651679554,-1393.9573952379496,2715.9999938964847,False,False,-1373.1551471711953,-1345.5511798147752,2720.771614496614,False,False,-1455.3167206650976,-1439.967694165113,2770.99997291565,False,False,-1552.1008405416146,-1500.6123743008222,2777.6248020826647,False,False,-1525.7170095057616,-1491.5684200874164,2816.709009497122,False,False,-1439.5636993000583,-1405.29680288535,2822.9999530792243,False,False,-1467.5921172479138,-1456.9252391722953,2866.303001911963,False,False,-1560.5065424702755,-1512.2553611272426,2872.999934005738,False,False,-1565.7715362044196,-1515.9983296145733,2898.999924087525,False,False,-1521.5929379221811,-1471.1530014976925,2904.940258772472,False,False,-1437.7469816914756,-1411.3540391845218,2945.56898315595,False,False,-1482.1997799309227,-1446.747498242504,2951.999903869629,False,False,-1554.9491839105053,-1511.3325809212336,2982.999892044068,False,False,-1556.4167879084266,-1510.4201454901122,2989.429982117626,False,False,-1445.6817250970446,-1412.200044319467,3026.9998752593997,False,False,-1437.3478711373293,-1416.5500550172692,3033.8853034551807,False,False,0.3065896429343148,2759.5060100533515,0.10463841693852546,2773.984856069517,0.01976229581238152,2855.0422632141144,0.12748578386168138,2868.3252694482953,0.00783630139335831,2902.8250914942073,0.06483318923500635,2974.1672909112826,0.006997533795688143,2985.8466764144987,-0.15737036224995551,2985.6823085184533
169,12.748230375815183,1782851007.677637,0.010366917587816715,-1414.3988156004525,-1391.9865329950792,2715.9999938964847,False,False,-1372.9097304153804,-1346.7061374820428,2720.771614496614,False,False,-1449.3863679432711,-1432.6016031420972,2770.99997291565,False,False,-1548.429492312865,-1499.7542241036767,2777.6248020826647,False,True,-1531.6524528532568,-1485.8591619035974,2816.709009497122,True,False,-1439.307103340771,-1398.916413485344,2822.9999530792243,False,False,-1469.0254363175106,-1445.0432130085276,2866.303001911963,False,False,-1556.6789834031238,-1513.6826527493351,2872.999934005738,False,False,-1565.300614359507,-1508.0097365284103,2898.999924087525,False,False,-1522.1645612372772,-1471.5816547972004,2904.940258772472,False,False,-1435.1939465721184,-1405.752873124064,2945.56898315595,False,False,-1478.6704801785004,-1452.8534844270564,2951.999903869629,False,False,-1560.0573967662071,-1518.510329492313,2982.999892044068,False,False,-1554.5629305865452,-1502.6751872115415,2989.429982117626,False,False,-1444.975071063973,-1410.4144191093317,3026.9998752593997,False,True,-1432.9076275330867,-1410.955675948284,3033.8853034551807,True,False,0.11517054528489336,2759.314590955702,0.09175064868304544,2773.9719683012613,-0.025823319454388535,2854.9966775988473,0.061234601539472425,2868.2590182659733,-0.01949826779494732,2902.797756925019,-0.03544621474251735,2974.0670115073053,0.03149119349820696,2985.8711700742015,-0.15595517684565263,2985.6837237038576
170,12.821054979693145,1782851007.750447,0.010344791226089,-1405.4379252376443,-1390.3087874805146,2715.9999938964847,False,False,-1368.9400724394047,-1349.9543402512456,2720.771614496614,False,False,-1454.2169483754624,-1442.2124705810434,2770.99997291565,False,False,-1551.1699086102026,-1495.5308921967173,2777.6248020826647,False,False,-1529.7176253935263,-1483.2279166794021,2816.709009497122,False,False,-1438.6504798728488,-1402.0069550997953,2822.9999530792243,False,False,-1471.5926307424274,-1454.0487498853806,2866.303001911963,False,False,-1561.6608980040955,-1514.7079683345053,2872.999934005738,False,False,-1565.138539597151,-1514.549996943485,2898.999924087525,False,False,-1520.583795885931,-1468.255539933368,2904.940258772472,False,False,-1441.8096631720514,-1412.6926918727268,2945.56898315595,False,False,-1482.8145169178101,-1453.2486306812973,2951.999903869629,False,False,-1565.6487942048475,-1515.5454259253597,2982.999892044068,False,False,-1561.8563330990005,-1510.724369593789,2989.429982117626,False,False,-1447.8852844087173,-1409.4011140997036,3026.9998752593997,False,False,-1438.0360118592782,-1415.8863755845584,3033.8853034551807,False,False,0.10918375527307306,2759.30860416569,0.12776504268852337,2774.007982695267,-0.06907833663841119,2854.9534225816633,0.0981734553077893,2868.2959571197416,0.012061722662466105,2902.8293169154763,-0.0029743577632352237,2974.0994833642844,0.0034538462584693414,2985.8431327269614,-0.20330470935025213,2985.636374171353
171,12.89496041694656,1782851007.8244328,0.010374915786087513,-1412.9119326344103,-1393.1241357703948,2715.9999938964847,False,False,-1369.5403903169604,-1349.9543402512456,2720.771614496614,False,True,-1449.5651465598924,-1441.8646957239355,2770.99997291565,False,False,-1551.8799492618514,-1503.0505119662562,2777.6248020826647,False,False,-1531.6986841703092,-1488.0206971910627,2816.709009497122,False,True,-1439.4463627471957,-1404.2686860042181,2822.9999530792243,False,True,-1468.8845737689885,-1450.2294800868049,2866.303001911963,False,False,-1558.8891432588564,-1514.3300669376777,2872.999934005738,False,False,-1564.6949292416787,-1516.293773879023,2898.999924087525,False,False,-1518.3636091328667,-1465.7713253048876,2904.940258772472,False,False,-1445.4280511660606,-1402.6588791759636,2945.56898315595,False,False,-1478.4174358895987,-1453.7250542531406,2951.999903869629,False,False,-1562.9866399731027,-1515.784213100223,2982.999892044068,False,False,-1559.6427178531042,-1510.7178699147232,2989.429982117626,False,False,-1447.3382446434575,-1406.5372848977595,3026.9998752593997,False,False,-1431.5435431121437,-1413.1419949873155,3033.8853034551807,False,False,0.010457317291983723,2759.209877727709,0.12009557912148436,2774.0003132316997,-0.0570780814240218,2854.9654228368777,0.085878367630253,2868.283662032064,0.02133973961531908,2902.8385949324293,-0.15085705108962763,2973.951600670958,0.005466361870343628,2985.8451452425734,-0.2786993390600334,2985.560979541643
172,12.968225542455912,1782851007.8977122,0.010534999892115593,-1418.1017422135283,-1393.110879665006,2715.9999938964847,False,False,-1366.8370036983831,-1345.427970168414,2720.771614496614,False,False,-1455.8028471436867,-1441.4962634104593,2770.99997291565,False,False,-1545.8461549041783,-1502.584775498976,2777.6248020826647,False,False,-1531.6180196839564,-1481.8199315340648,2816.709009497122,False,False,-1437.5332548827828,-1402.2941376043036,2822.9999530792243,False,False,-1469.0254363175106,-1453.938331754134,2866.303001911963,True,False,-1560.5065424702755,-1520.375735855977,2872.999934005738,True,False,-1573.096900693829,-1510.599523183666,2898.999924087525,False,True,-1520.583795885931,-1469.3670645230309,2904.940258772472,True,True,-1440.7089341932328,-1406.6934407188924,2945.56898315595,True,False,-1482.5969251459483,-1453.6556209310145,2951.999903869629,False,False,-1570.4666029892717,-1520.1866292753002,2982.999892044068,False,False,-1557.269051257756,-1510.43365070147,2989.429982117626,False,False,-1447.3382446434575,-1412.9154430418437,3026.9998752593997,True,False,-1431.9379099550692,-1414.232388360791,3033.8853034551807,False,True,-0.06953088301295118,2759.129889527404,0.08346569159702795,2773.9636833441755,-0.11244908804079033,2854.910051830261,0.08306374890278369,2868.2808474133367,-0.035118599523889404,2902.78213659329,-0.04771525396189343,2974.054742468086,-0.00907842490657993,2985.8306004557967,-0.20647325957445287,2985.6332056211286
173,13.041378812864423,1782851007.9708438,0.010443374514579773,-1411.4174664547484,-1394.7427316074213,2715.9999938964847,False,False,-1371.4883179998167,-1350.414037044961,2720.771614496614,False,False,-1452.68626555002,-1439.3448971482715,2770.99997291565,False,False,-1545.0843154934742,-1500.333904392212,2777.6248020826647,False,False,-1530.4749518598894,-1485.2525934529447,2816.709009497122,False,False,-1441.2392471803648,-1402.1584634899289,2822.9999530792243,False,False,-1468.152946480423,-1447.3324800562398,2866.303001911963,False,False,-1560.6130803557783,-1515.820214261699,2872.999934005738,False,False,-1569.3710486902833,-1519.0392884433168,2898.999924087525,False,False,-1521.9849970963107,-1470.0567518415503,2904.940258772472,False,True,-1440.843456001467,-1410.707150716753,2945.56898315595,True,False,-1477.3312482807103,-1448.288545710181,2951.999903869629,False,False,-1562.9918650854295,-1519.2989271632487,2982.999892044068,True,False,-1550.1505990769324,-1507.7231378182598,2989.429982117626,False,False,-1441.3065516398203,-1403.7045694898677,3026.9998752593997,False,False,-1433.878871840328,-1414.1178546321482,3033.8853034551807,False,False,0.12525000549312473,2759.32467041591,0.09094856326244387,2773.9711662158406,-0.03416972052827016,2854.9883311977737,0.07863660017585661,2868.2764202646094,0.011802937467800789,2902.8290581302817,-0.014625989372259311,2974.0878317326756,-0.0027166970972184877,2985.836962183606,-0.22338640973126958,2985.616292470972
174,13.149591958615929,1782851008.0790982,0.010551082901656628,-1408.7554650487514,-1391.8077803588349,2715.9999938964847,False,False,-1368.7965369685485,-1348.6816517406853,2720.771614496614,False,False,-1452.9570559647889,-1441.6038298132466,2770.99997291565,False,False,-1549.0259161903598,-1501.0463230125013,2777.6248020826647,False,False,-1533.1119005410033,-1487.0079973713969,2816.709009497122,False,False,-1444.3565394137604,-1408.6671638597668,2822.9999530792243,False,False,-1470.3650701470185,-1446.397511996821,2866.303001911963,False,False,-1558.4704771219856,-1518.1440642479445,2872.999934005738,False,False,-1565.9026347158967,-1514.7713726808693,2898.999924087525,False,False,-1525.324979368524,-1475.2248662774703,2904.940258772472,False,False,-1447.8492221169422,-1408.4240960357001,2945.56898315595,False,False,-1477.687174863221,-1449.2335635907937,2951.999903869629,False,False,-1560.5266466974356,-1513.818650854296,2982.999892044068,False,False,-1557.1594217073693,-1506.300921539261,2989.429982117626,False,False,-1443.9658006540942,-1406.0001665800653,3026.9998752593997,False,False,-1429.4261607115566,-1409.370831677721,3033.8853034551807,False,False,0.09393606638738859,2759.2933564768045,0.10656876790478953,2773.986786420483,-0.07520445844366096,2854.947296459858,0.051815386908125094,2868.2495990513416,0.0011096710179146724,2902.8183648638314,-0.0933654826538387,2974.009092239394,0.012778685174240155,2985.8524575658776,-0.22267187618666004,2985.6170070045164
175,13.255346542224288,1782851008.185936,0.01196216605603695,-1415.69860470092,-1397.2989500871106,2715.9999938964847,False,False,-1373.44124002812,-1350.6730231989484,2720.771614496614,False,False,-1454.735855977015,-1436.6867454228686,2770.99997291565,False,False,-1548.7936852400894,-1494.903843567564,2777.6248020826647,False,False,-1532.699546107528,-1493.1013525078704,2816.709009497122,False,False,-1445.9961304520584,-1398.9742106550113,2822.9999530792243,False,False,-1471.3878472965123,-1454.9720848488555,2866.303001911963,False,False,-1568.212227588104,-1515.820214261699,2872.999934005738,False,True,-1572.5413943821256,-1514.7713726808693,2898.999924087525,False,True,-1521.5929379221811,-1471.1530014976925,2904.940258772472,True,True,-1441.8096631720514,-1414.05521135801,2945.56898315595,True,False,-1484.0271342115718,-1450.9766589234955,2951.999903869629,False,True,-1560.6352569000824,-1515.5454259253597,2982.999892044068,True,True,-1561.9504936271665,-1513.530201424336,2989.429982117626,False,False,-1453.2204205764585,-1414.4628434758688,3026.9998752593997,False,False,-1431.938678668582,-1420.6575343093805,3033.8853034551807,True,False,0.12657284488165893,2759.3259932552987,0.10390258739449708,2773.984120239973,0.09406931527827228,2855.11657023358,0.12072228588240827,2868.318505950316,-0.020758829458534057,2902.7964963633553,0.03519050550794297,2974.137648227556,0.00983879844025864,2985.8495176791434,-0.33925938921131193,2985.500419491492
176,13.361146229784936,1782851008.291053,0.01123120915144682,-1413.3986918115963,-1389.9251917963138,2715.9999938964847,False,False,-1371.7309747226213,-1349.1879221811291,2720.771614496614,False,False,-1457.2148347953664,-1445.6158251062138,2770.99997291565,False,False,-1548.6516642723964,-1502.425989546719,2777.6248020826647,False,False,-1529.6943133539137,-1487.1637695999023,2816.709009497122,False,False,-1439.4463627471957,-1406.7026270746094,2822.9999530792243,True,False,-1469.0254363175106,-1447.4766115475136,2866.303001911963,True,False,-1560.5065424702755,-1517.0450148240975,2872.999934005738,True,False,-1572.613861295351,-1521.5415594339333,2898.999924087525,False,False,-1528.3846196167128,-1471.1530014976925,2904.940258772472,False,True,-1444.282295137085,-1406.7383103585294,2945.56898315595,False,False,-1478.4174358895987,-1453.9091007732982,2951.999903869629,True,False,-1559.8660665708958,-1511.519022220864,2982.999892044068,False,False,-1552.9219335513649,-1506.0219931534066,2989.429982117626,False,False,-1445.903343827368,-1406.014992205887,3026.9998752593997,False,False,-1432.8022526515265,-1414.3715484304798,3033.8853034551807,True,False,-0.006166155047312162,2759.19325425537,0.10061887681380058,2773.980836529392,-0.07059543349074468,2854.951905484811,0.07136035163711407,2868.2691440160706,0.02875997935962294,2902.8460151721733,-0.10981859663495648,2973.992639125413,-0.003707567182176626,2985.835971313521,-0.2674094897471971,2985.572269390956
177,13.443340209312737,1782851008.3730738,0.01093975082039833,-1408.8951584803006,-1393.0541583886054,2715.9999938964847,False,False,-1364.102526209616,-1348.447374453648,2720.771614496614,False,False,-1446.9890699024972,-1436.5269263685545,2770.99997291565,False,False,-1545.0295717822537,-1500.333904392212,2777.6248020826647,False,True,-1526.042001100345,-1486.1018033438272,2816.709009497122,False,False,-1442.3564247944494,-1402.1970626891218,2822.9999530792243,False,False,-1474.1450010697804,-1447.7778188709235,2866.303001911963,False,False,-1561.2336919644222,-1514.9320888223249,2872.999934005738,False,False,-1568.703187945105,-1512.4485512119081,2898.999924087525,False,False,-1516.4453265886236,-1473.0643992419841,2904.940258772472,False,False,-1440.8284057217957,-1401.8137023565728,2945.56898315595,False,False,-1472.6475165815937,-1446.2790995506925,2951.999903869629,False,False,-1553.225398111074,-1510.8765045694897,2982.999892044068,False,False,-1550.6854525170402,-1505.0977198398386,2989.429982117626,False,False,-1443.4957636702634,-1401.7905660665708,3026.9998752593997,False,False,-1425.5326084298683,-1411.5463566341655,3033.8853034551807,False,False,0.008177948200588146,2759.207598358618,0.09957374032372626,2773.979791392902,0.023408025011998658,2855.045908943314,0.06404715221858402,2868.2618308166525,-0.04174068780813414,2902.7755145050055,-0.10722573281159292,2973.9952319892363,0.00992426330100192,2985.849603144004,-0.34593278282299067,2985.49374609788
178,13.529328854754567,1782851008.458976,0.010854624211788177,-1413.074158694257,-1397.3515909160376,2715.9999938964847,False,False,-1369.5403903169604,-1348.447374453648,2720.771614496614,True,True,-1452.9570559647889,-1439.967694165113,2770.99997291565,True,True,-1548.7936852400894,-1500.333904392212,2777.6248020826647,True,True,-1536.4550004584776,-1485.8591619035974,2816.709009497122,False,True,-1439.5636993000583,-1402.1584634899289,2822.9999530792243,True,True,-1470.3650701470185,-1447.7778188709235,2866.303001911963,True,True,-1560.6130803557783,-1514.9320888223249,2872.999934005738,True,True,-1567.8716706910782,-1515.9983296145733,2898.999924087525,True,True,-1521.9849970963107,-1473.0643992419841,2904.940258772472,True,True,-1444.282295137085,-1406.7383103585294,2945.56898315595,True,True,-1478.6704801785004,-1460.269804688694,2951.999903869629,True,False,-1560.5266466974356,-1519.861680471926,2982.999892044068,True,False,-1558.2835299691294,-1510.3826405232755,2989.429982117626,False,False,-1450.2264724760826,-1406.014992205887,3026.9998752593997,False,True,-1431.938678668582,-1416.4202157899563,3033.8853034551807,True,False,0.1506537195687721,2759.350074129986,0.10298554643655809,2773.983203199015,-0.09783329613563033,2854.924667622166,0.07546130747944246,2868.2732449719133,-0.005428161868771068,2902.811827030945,-0.15735667207587828,2973.945101049972,0.02177951740957722,2985.8614583981125,-0.35718614951409766,2985.482492731189
179,13.606109708547592,1782851008.5354502,0.010254167020320892,-1408.798714735459,-1390.1502017299874,2715.9999938964847,False,False,-1377.5270944768774,-1350.1509154262308,2720.771614496614,False,False,-1447.3696396368857,-1440.105339731638,2770.99997291565,False,False,-1546.5329400617416,-1497.483827979338,2777.6248020826647,False,False,-1531.270526026225,-1488.035084206987,2816.709009497122,False,False,-1438.3667619280498,-1399.0529113305013,2822.9999530792243,False,False,-1475.9371458263288,-1448.3120610080384,2866.303001911963,False,False,-1559.5108215912217,-1520.7898600116146,2872.999934005738,False,False,-1566.2169896384144,-1516.293773879023,2898.999924087525,False,True,-1522.3682718464408,-1477.7150426383837,2904.940258772472,False,False,-1446.4096891524282,-1410.2837500382063,2945.56898315595,False,False,-1479.4631827490298,-1454.4125622764925,2951.999903869629,False,False,-1562.3882981324691,-1514.6721031879451,2982.999892044068,False,False,-1554.251516031421,-1504.0791606809917,2989.429982117626,False,False,-1444.4505348901184,-1408.3578185652718,3026.9998752593997,False,False,-1433.878871840328,-1414.3715484304798,3033.8853034551807,True,True,0.23543354911207168,2759.4348539595294,0.12258982794128628,2774.0028074805196,-0.012669936534431533,2855.009830981767,0.03312001236194761,2868.2309036767956,-0.014587725549130957,2902.8026674672647,-0.09373847147966287,2974.008719250568,0.008146905670747183,2985.847825786374,-0.20633147419698428,2985.6333474065063
180,13.681224438361824,1782851008.6108391,0.010786708444356918,-1411.6762875569275,-1393.1908350398876,2715.9999938964847,False,False,-1373.4241892594064,-1353.3494192621572,2720.771614496614,False,False,-1446.389282330287,-1437.1001467127182,2770.99997291565,False,False,-1553.7477519332458,-1503.8041140691384,2777.6248020826647,False,False,-1530.5140110645839,-1491.6949567503134,2816.709009497122,False,False,-1447.6044197206345,-1400.3835314973867,2822.9999530792243,False,False,-1475.450797750405,-1444.907117095088,2866.303001911963,False,False,-1559.2351575633463,-1512.613905614818,2872.999934005738,False,False,-1567.0743650090167,-1517.2946235901825,2898.999924087525,False,False,-1525.356855763059,-1473.4603478314027,2904.940258772472,False,False,-1443.8701852248068,-1405.4925925359908,2945.56898315595,False,False,-1481.5252819635052,-1453.0450835956844,2951.999903869629,False,False,-1560.2545847724423,-1516.601321942721,2982.999892044068,False,False,-1554.2279472445518,-1508.1601827795948,2989.429982117626,False,False,-1441.2224210655013,-1401.7089830974724,3026.9998752593997,False,False,-1428.466849038726,-1418.8356053427883,3033.8853034551807,False,False,0.05369655494546326,2759.2531169653626,0.11833241085889995,2773.998550063437,0.102102864772141,2855.124603783074,0.050209680197760946,2868.2479933446316,0.013002526570960815,2902.8302577193845,-0.08606356162683926,2974.016394160421,0.007739280564139575,2985.8474181612673,-0.3731017129747802,2985.4665771677282
181,13.755942812655121,1782851008.685239,0.010151625610888004,-1414.4307745208914,-1387.926752147202,2715.9999938964847,False,False,-1375.4220512271907,-1349.5909817526056,2720.771614496614,False,False,-1451.8468716569366,-1440.9861753828286,2770.99997291565,False,False,-1548.0151985206467,-1500.1228627319128,2777.6248020826647,False,False,-1531.0108353455391,-1484.8228352232784,2816.709009497122,False,False,-1450.1990433108167,-1402.1584634899289,2822.9999530792243,False,True,-1469.1837699055538,-1444.7027294678608,2866.303001911963,False,False,-1554.3060136931867,-1511.2683696549193,2872.999934005738,False,False,-1565.9398462572974,-1509.4785081150471,2898.999924087525,False,False,-1519.8725219304947,-1477.7150426383837,2904.940258772472,False,True,-1441.361277011951,-1404.50121343644,2945.56898315595,False,False,-1478.4045649050954,-1457.0731622703793,2951.999903869629,False,False,-1563.247663294312,-1517.0067594828377,2982.999892044068,False,False,-1558.733128037412,-1503.5090442277715,2989.429982117626,False,False,-1441.6656875630408,-1403.402463551059,3026.9998752593997,False,False,-1435.418008986154,-1413.5638169758843,3033.8853034551807,False,False,0.0015028382776818422,2759.200923248695,0.10789568489562461,2773.988113337474,0.04185638692821932,2855.0643573052303,0.059800979646897144,2868.2575846440805,-0.047834660268907335,2902.7694205325447,-0.12961710078475874,2973.972840621263,0.02744434360098619,2985.867123224304,-0.2057903885373685,2985.6338884921656
182,13.831244583707303,1782851008.760567,0.010180416516959667,-1408.1398432007825,-1398.1303496653115,2715.9999938964847,False,False,-1371.004512944341,-1355.4333282391417,2720.771614496614,False,False,-1459.0819543356665,-1441.1608796650062,2770.99997291565,False,False,-1553.3596662285663,-1502.6889002659168,2777.6248020826647,False,False,-1534.2787633340465,-1487.0079973713969,2816.709009497122,False,True,-1444.3565394137604,-1407.1953128343062,2822.9999530792243,True,False,-1476.8582006296422,-1448.634177950301,2866.303001911963,False,False,-1559.2492190604273,-1516.1935874316105,2872.999934005738,False,False,-1571.9900128373629,-1521.1304902649997,2898.999924087525,False,False,-1527.5735275239172,-1475.3797230797443,2904.940258772472,False,False,-1442.5461319803162,-1414.4056942873735,2945.56898315595,False,False,-1486.952469664089,-1460.8864642234926,2951.999903869629,False,False,-1561.723240211511,-1519.178923801082,2982.999892044068,False,False,-1555.6933260995813,-1514.0100452364213,2989.429982117626,False,False,-1444.4505348901184,-1406.014992205887,3026.9998752593997,True,True,-1439.375356848122,-1415.3619142953203,3033.8853034551807,False,False,0.14852710346521558,2759.3479475138824,0.0941647632102469,2773.9743824157886,-0.07138725229610489,2854.9511136660058,0.04622309174142308,2868.244006756175,0.010461771479729414,2902.8277169642934,-0.022931373353878126,2974.079526348694,-0.0020779511575371007,2985.8376009295457,-0.18078989931238243,2985.6588889813906
183,13.906193834263831,1782851008.835623,0.01042299997061491,-1413.0805758474191,-1390.494295014824,2715.9999938964847,False,False,-1376.1450255219,-1345.3956505792096,2720.771614496614,False,False,-1458.3929425069537,-1445.125888681725,2770.99997291565,False,False,-1548.6516642723964,-1500.7819466943793,2777.6248020826647,True,False,-1532.5414004951556,-1484.6148409083962,2816.709009497122,False,False,-1446.076162239814,-1404.0629214170003,2822.9999530792243,False,False,-1468.9626065959594,-1447.8510437998593,2866.303001911963,False,False,-1559.1764571935078,-1519.4508588807043,2872.999934005738,False,False,-1563.4526775071067,-1521.7313185805542,2898.999924087525,False,False,-1526.2025598312803,-1474.8214811871505,2904.940258772472,False,False,-1452.2590564538318,-1415.5138154476267,2945.56898315595,False,False,-1480.1179952318369,-1452.2576198917995,2951.999903869629,False,False,-1564.9758275514257,-1518.4662010575544,2982.999892044068,False,False,-1561.981372069566,-1507.7231378182598,2989.429982117626,False,True,-1449.5466454748298,-1413.763888803986,3026.9998752593997,False,False,-1438.4320139377082,-1417.2859904636734,3033.8853034551807,False,False,0.2268653098212724,2759.4262857202384,0.10049582890179486,2773.98071348148,-0.03130181027074638,2854.991199108031,0.05996147637114795,2868.2577451408047,0.039999066502783294,2902.8572542593165,-0.07567209412579862,2974.026785627922,0.023531196549632705,2985.863210077253,-0.1811381696333564,2985.6585407110697
184,14.013086563441902,1782851008.9426298,0.010659792460501194,-1411.6762875569275,-1397.2462756365194,2715.9999938964847,True,False,-1378.59124614115,-1356.2468135831525,2720.771614496614,False,False,-1456.1999801326524,-1445.6440443805973,2770.99997291565,False,False,-1553.4481538649634,-1502.2121557600024,2777.6248020826647,False,False,-1529.4089632301248,-1492.1513372252957,2816.709009497122,False,False,-1440.5062673839286,-1409.978259009078,2822.9999530792243,False,False,-1472.50436775988,-1453.7359553137512,2866.303001911963,False,False,-1561.153382033805,-1517.4887229880492,2872.999934005738,False,False,-1571.368276431213,-1516.2947229269187,2898.999924087525,False,False,-1526.0356145123333,-1475.3797230797443,2904.940258772472,False,True,-1449.0458034049577,-1410.8055521594279,2945.56898315595,False,False,-1480.288926246294,-1452.9486474921296,2951.999903869629,False,False,-1561.4885579362412,-1523.1444677079194,2982.999892044068,False,False,-1555.6933260995813,-1509.838084176422,2989.429982117626,True,False,-1451.8431488217134,-1413.1397759574531,3026.9998752593997,False,False,-1435.2050524192316,-1420.0129596234374,3033.8853034551807,False,False,0.21093830683247738,2759.4103587172494,0.1185864132303086,2773.9988040658086,-0.044012504032535524,2854.978488414269,0.08226111461811068,2868.280044779052,-0.01070873601353854,2902.8065464568003,-0.09257634828972189,2974.009881373758,0.022824704026051863,2985.862503584729,-0.2909601922328437,2985.54871868847
185,14.0884517300874,1782851009.017844,0.010352209210395813,-1408.1873124063943,-1391.5743054069749,2715.9999938964847,False,False,-1369.013653452334,-1348.8411315218389,2720.771614496614,False,False,-1448.774893786105,-1433.762039612434,2770.99997291565,False,False,-1548.4880444417274,-1501.0463230125013,2777.6248020826647,False,True,-1527.7920240242072,-1483.1562505730967,2816.709009497122,False,False,-1446.076162239814,-1400.815345233365,2822.9999530792243,True,False,-1472.3618103738117,-1447.6827581991013,2866.303001911963,False,False,-1563.5894886450467,-1517.3974264144024,2872.999934005738,False,False,-1566.8649463581623,-1516.6270944768771,2898.999924087525,False,False,-1525.9607742152398,-1477.242403032063,2904.940258772472,False,False,-1446.7458309135923,-1406.7244154415137,2945.56898315595,False,False,-1478.1599183910507,-1454.523238683253,2951.999903869629,False,False,-1563.612472109301,-1521.4156126784242,2982.999892044068,False,False,-1561.9127120457256,-1512.7058944891035,2989.429982117626,False,False,-1442.3303022893297,-1407.3175016046703,3026.9998752593997,False,False,-1429.4364963168994,-1413.6712764006481,3033.8853034551807,False,False,0.10352364728906965,2759.302944057706,0.09350079397178906,2773.9737184465503,0.029387265828692378,2855.0518881841303,0.06945583153604558,2868.2672394959695,-0.0007839194074735642,2902.816471273406,-0.13626609646440538,2973.966191625583,0.02105497919862437,2985.8607338599018,-0.23931293401140596,2985.600365946692
186,14.167723271995783,1782851009.0972009,0.010530374944210052,-1413.074158694257,-1391.944539536021,2715.9999938964847,True,False,-1369.335111715622,-1349.9078353761042,2720.771614496614,False,False,-1455.4589754561846,-1443.9522648775865,2770.99997291565,False,False,-1549.4361402329064,-1506.0215667695693,2777.6248020826647,False,False,-1528.8539826389947,-1486.0455206773236,2816.709009497122,False,False,-1440.25836568145,-1398.9376730751596,2822.9999530792243,False,False,-1474.1450010697804,-1447.8510437998593,2866.303001911963,True,True,-1567.0837362838888,-1517.5726350215484,2872.999934005738,False,False,-1568.1861524589663,-1518.9719962099214,2898.999924087525,False,False,-1525.538859002965,-1479.4183986918117,2904.940258772472,False,False,-1449.4905446709663,-1415.261003453862,2945.56898315595,False,False,-1485.1958935721493,-1454.4125622764925,2951.999903869629,False,True,-1566.3238820796528,-1520.3228550906256,2982.999892044068,False,False,-1560.1727267169974,-1514.5106840480482,2989.429982117626,False,False,-1451.7670339578813,-1411.2471314607085,3026.9998752593997,False,False,-1434.1857612250512,-1411.3387535531988,3033.8853034551807,False,False,-0.02705025685231352,2759.1723701535648,0.09227804143948333,2773.9724956940177,0.009687289462684816,2855.0321882077646,0.075005082258089,2868.2727887466917,-0.00660159090800372,2902.810653601906,-0.03373870221326659,2974.0687190198346,-0.0004730675053200392,2985.8392058131976,-0.21833699140613988,2985.621341889297
187,14.241540438029915,1782851009.170986,0.010216792114078999,-1413.7858605617876,-1388.0900281199379,2715.9999938964847,False,False,-1373.5521548430481,-1346.9374285539627,2720.771614496614,False,False,-1453.7591924687472,-1439.2947320964636,2770.99997291565,False,False,-1546.8562551578689,-1502.2121557600024,2777.6248020826647,False,True,-1525.2616820001833,-1483.2620014059964,2816.709009497122,False,False,-1446.076162239814,-1396.2485145337284,2822.9999530792243,True,False,-1468.5170950881807,-1442.6418024268728,2866.303001911963,False,False,-1553.475650273558,-1512.8595363266807,2872.999934005738,False,False,-1561.3343063239295,-1510.3753599046368,2898.999924087525,False,False,-1518.4041920102698,-1471.5005348901182,2904.940258772472,False,False,-1438.993518660024,-1406.3497111593363,2945.56898315595,False,False,-1484.9699590426994,-1454.4125622764925,2951.999903869629,False,True,-1557.2684475960511,-1513.029639025583,2982.999892044068,False,False,-1558.9773496958767,-1514.0308050860408,2989.429982117626,False,False,-1449.4171378793903,-1406.6682626768957,3026.9998752593997,False,False,-1434.1689656753367,-1414.3715484304798,3033.8853034551807,False,True,0.04281366207884619,2759.242234072496,0.08701696683102746,2773.9672346194093,0.09778522919075608,2855.1202861474926,0.04620861554939701,2868.243992279983,-0.010048775720283142,2902.8072064170933,-0.024591216094282588,2974.0778665059534,0.0019682112252792103,2985.8416470919283,-0.28578561917756834,2985.5538932615254
188,14.319332854822278,1782851009.248736,0.010333124548196793,-1411.8124552984684,-1391.944539536021,2715.9999938964847,False,True,-1379.1832701653575,-1349.9078353761042,2720.771614496614,False,True,-1461.5369823027786,-1442.1653437051075,2770.99997291565,False,False,-1547.318031910016,-1499.5751765137393,2777.6248020826647,False,False,-1532.1144573157685,-1490.1956597487547,2816.709009497122,False,False,-1446.8347892532934,-1408.136532995079,2822.9999530792243,False,False,-1475.6445028578414,-1449.063207201149,2866.303001911963,False,False,-1567.2710196533912,-1518.116587706697,2872.999934005738,False,False,-1567.6325702234312,-1521.7157318825075,2898.999924087525,False,False,-1524.1760751291379,-1476.0149035669529,2904.940258772472,False,False,-1446.3104884310908,-1407.9652504814012,2945.56898315595,False,False,-1482.4758153253663,-1460.0378518812854,2951.999903869629,False,False,-1569.6681939053094,-1522.5621297796256,2982.999892044068,False,False,-1563.3176941651132,-1512.9133309900049,2989.429982117626,False,False,-1450.191116239264,-1408.2794831433198,3026.9998752593997,False,False,-1436.1903826756732,-1416.7965843445304,3033.8853034551807,False,False,0.2543685082974873,2759.4537889187145,0.08142518784181076,2773.96164284042,-0.008594257844830953,2855.013906660457,0.07277672319014854,2868.270560387624,0.013229905830056886,2902.8304850986437,-0.13254464516713046,2973.969913076881,0.01044202370991337,2985.850120904413,-0.2801991355608391,2985.559479745142
189,14.395608792547137,1782851009.324981,0.010174916125833988,-1415.7076290613443,-1384.9169055842526,2715.9999938964847,False,False,-1372.8125790873248,-1355.3761423724668,2720.771614496614,False,False,-1455.6300975028273,-1435.4654430418436,2770.99997291565,False,False,-1544.6092383164716,-1505.6002170125623,2777.6248020826647,False,False,-1531.0108353455391,-1488.440448390745,2816.709009497122,True,False,-1445.5833847846686,-1405.5642494727513,2822.9999530792243,False,False,-1476.4690023535165,-1448.3120610080384,2866.303001911963,False,True,-1562.3740532444904,-1517.4887229880492,2872.999934005738,False,True,-1567.0743650090167,-1524.7793425436319,2898.999924087525,True,False,-1521.9339395421339,-1479.8725983433687,2904.940258772472,False,False,-1448.0343613411983,-1406.5073998227222,2945.56898315595,False,False,-1482.646799828835,-1453.0323088914022,2951.999903869629,False,False,-1563.8983586514655,-1520.4118974844882,2982.999892044068,False,False,-1560.4651114099704,-1509.3920026286028,2989.429982117626,False,False,-1449.6284225326283,-1408.3578185652718,3026.9998752593997,False,True,-1435.7745117217348,-1417.2425191796315,3033.8853034551807,False,False,-0.321439534902942,2758.8779808755144,0.05247687686678671,2773.932694529445,-0.0017077372027414642,2855.020793181099,0.052567435986299385,2868.25035110042,0.0036853601830262057,2902.820940552997,-0.10213263687605054,2974.000325085172,0.02299354697318439,2985.8626724276764,-0.28291140361721384,2985.556767477086
190,14.47353510465473,1782851009.405246,0.014969458803534508,-1407.2426337989425,-1390.346275636519,2715.9999938964847,False,False,-1371.7731775529542,-1356.9897026010942,2720.771614496614,False,False,-1458.1971467432834,-1448.4658877647705,2770.99997291565,False,False,-1555.8764755325979,-1494.3498731546292,2777.6248020826647,False,False,-1530.1433398538986,-1480.9378350704526,2816.709009497122,False,False,-1446.8699040254303,-1407.926921783782,2822.9999530792243,False,False,-1478.1963871993153,-1448.3120610080384,2866.303001911963,False,True,-1559.5108215912217,-1518.2367561206713,2872.999934005738,True,False,-1571.6250038206435,-1512.73784882477,2898.999924087525,False,False,-1521.6354739126448,-1475.1036311397743,2904.940258772472,False,False,-1441.5710670293731,-1407.9652504814012,2945.56898315595,False,True,-1484.2439817220406,-1453.973180609469,2951.999903869629,False,False,-1564.096234373567,-1515.5793333740871,2982.999892044068,False,False,-1567.1030427606443,-1511.3331081700644,2989.429982117626,False,False,-1446.3644741266007,-1413.022887184033,3026.9998752593997,False,False,-1433.6929333374087,-1418.689994498273,3033.8853034551807,False,False,-0.04317457807894507,2759.1562458323383,0.15242732024196412,2774.0326449728204,-0.07384059542342218,2854.9486603228784,0.0339731592824981,2868.2317568237163,-0.03978848402465144,2902.7774667087892,-0.034056328047829404,2974.068401394,0.021473526363790962,2985.861152407067,-0.22699763803080278,2985.6126812426724
191,14.554977749940008,1782851009.484295,0.010196750052273273,-1412.9558211327444,-1390.2329018553048,2715.9999938964847,False,False,-1367.9602576642112,-1350.8934896231317,2720.771614496614,False,False,-1454.4742626157656,-1438.3239416816944,2770.99997291565,False,False,-1552.260723782743,-1498.7936775988014,2777.6248020826647,False,False,-1530.8743268025796,-1489.3371076198919,2816.709009497122,False,False,-1441.9331234526394,-1402.8754225631935,2822.9999530792243,False,False,-1470.6900877219794,-1448.5922563193449,2866.303001911963,False,False,-1563.367555093682,-1518.3850628113826,2872.999934005738,False,False,-1569.9253278112296,-1512.4594048965369,2898.999924087525,False,False,-1523.8744322523457,-1472.3091175841305,2904.940258772472,False,False,-1442.138802457438,-1403.6236834061804,2945.56898315595,False,False,-1478.281424030321,-1450.3848855335145,2951.999903869629,False,False,-1567.046249656142,-1519.3965064033987,2982.999892044068,False,False,-1556.4895696426936,-1510.3130986948681,2989.429982117626,False,False,-1444.755127303848,-1404.7194379068983,3026.9998752593997,False,False,-1431.0198001039216,-1409.0638612953512,3033.8853034551807,False,False,-0.1273301078941348,2759.072090302523,0.10814429815061051,2773.988361950729,-0.0006442127275351228,2855.0218567055745,0.07451770834066733,2868.2723013727746,-0.016015061236038974,2902.8012401315777,-0.09165739659776231,2974.01080032545,-0.003456038143676859,2985.8362228425594,-0.2252226963904368,2985.6144561843125
192,14.62990914657712,1782851009.559319,0.010407041758298874,-1415.150279671119,-1398.2390041874255,2715.9999938964847,False,False,-1379.4448406027445,-1356.9263548002568,2720.771614496614,False,False,-1459.1587706696823,-1445.5569046672983,2770.99997291565,False,False,-1556.9703181832076,-1503.9621083840204,2777.6248020826647,False,False,-1527.228822936088,-1490.5525934529448,2816.709009497122,False,False,-1446.8993627166305,-1412.1407907204207,2822.9999530792243,False,False,-1472.3618103738117,-1448.634177950301,2866.303001911963,True,True,-1566.1794907846074,-1518.9607956108443,2872.999934005738,False,False,-1567.8644695418284,-1519.231075587615,2898.999924087525,False,False,-1523.4684277287038,-1475.3797230797443,2904.940258772472,False,True,-1442.7624476571812,-1414.966804719259,2945.56898315595,False,False,-1486.232912553107,-1458.5304963780297,2951.999903869629,False,False,-1566.2203395788124,-1522.0865880123483,2982.999892044068,False,False,-1568.4053320903506,-1518.5613931595194,2989.429982117626,False,False,-1453.8980361891372,-1411.2471314607085,3026.9998752593997,False,True,-1435.2050524192316,-1418.580798973011,3033.8853034551807,True,False,0.15441990094700775,2759.3538403113644,0.11430015072650684,2773.994517803305,0.0001101687000251936,2855.0226110870017,0.07626180872667977,2868.27404547316,0.0031380973028216825,2902.8203932901165,-0.007267572478907704,2974.0951901495687,0.01681137814887469,2985.856490258852,-0.3225768518783754,2985.517102028825
193,14.703946772031486,1782851009.6333241,0.010335125029087067,-1409.035467799615,-1390.9255601063664,2715.9999938964847,False,False,-1367.2103539444327,-1355.3761423724668,2720.771614496614,False,True,-1452.452908273986,-1439.5505700400404,2770.99997291565,False,False,-1550.183701133967,-1495.9804505303055,2777.6248020826647,False,False,-1529.3441865085429,-1483.7405798208881,2816.709009497122,False,False,-1440.5885075037443,-1405.5642494727513,2822.9999530792243,False,True,-1470.743521716539,-1449.4002674450592,2866.303001911963,False,False,-1557.4629917168443,-1515.6523076687959,2872.999934005738,False,False,-1567.6596509459914,-1511.8325457713113,2898.999924087525,False,False,-1517.6154033071493,-1474.3279778097017,2904.940258772472,False,False,-1439.1198291408139,-1406.600733563591,2945.56898315595,False,False,-1482.464773665067,-1455.342947091726,2951.999903869629,False,False,-1568.235547269004,-1520.9348824769995,2982.999892044068,False,False,-1568.002746278693,-1512.9133309900049,2989.429982117626,False,True,-1452.635085735245,-1415.4926261576552,3026.9998752593997,False,False,-1435.2050524192316,-1416.3117232631355,3033.8853034551807,True,False,-0.14715302541306902,2759.052267385004,0.12064224437452782,2774.000859896953,-0.07717266080081156,2854.945328257501,0.06668679464648834,2868.2644704590803,-0.04077611867761531,2902.776479074136,-0.0500725342981742,2974.0523851877497,0.023335964927722167,2985.863014845631,-0.22489550352472676,2985.6147833771784
194,14.807075833436102,1782851009.736489,0.010398332960903645,-1406.8864519974327,-1395.7200033621662,2715.9999938964847,False,False,-1380.685047528808,-1355.0889552831861,2720.771614496614,False,False,-1462.5432252345875,-1442.7318366598406,2770.99997291565,False,False,-1549.717169972797,-1499.011134884005,2777.6248020826647,False,False,-1522.6692743833478,-1482.7953067212768,2816.709009497122,False,False,-1442.6083351163002,-1399.0879420484762,2822.9999530792243,False,False,-1466.3131628816823,-1449.612430846349,2866.303001911963,False,False,-1562.2755066173547,-1513.341466210227,2872.999934005738,False,False,-1573.1258917382402,-1512.9646345936362,2898.999924087525,False,False,-1524.9451951584801,-1471.4385166732893,2904.940258772472,False,False,-1445.4713039092826,-1404.2187700583795,2945.56898315595,False,False,-1479.1244857413576,-1452.2491166671762,2951.999903869629,False,False,-1558.1275743497263,-1513.307997371397,2982.999892044068,False,False,-1555.3419369135313,-1507.3666687043435,2989.429982117626,False,False,-1442.2836170798055,-1413.022887184033,3026.9998752593997,False,True,-1427.5637191674055,-1412.5720558119633,3033.8853034551807,False,False,0.37359710522521505,2759.5730175156423,0.08889826736943429,2773.969115919948,0.055919064607756204,2855.0784199829095,0.1079314426524574,2868.305715107086,-0.01832558762550304,2902.7989296051883,-0.12143190659802366,2973.98102581545,0.009707807496694455,2985.8493866882,-0.1759895860251024,2985.663689294678
195,14.88264035480097,1782851009.812048,0.010389790870249271,-1408.3506968854113,-1391.346084604334,2715.9999938964847,False,False,-1370.9553229208059,-1352.8010483846317,2720.771614496614,False,False,-1457.1055552159428,-1443.978633432161,2770.99997291565,False,False,-1548.747651068252,-1505.7748785035303,2777.6248020826647,False,False,-1531.1344362258153,-1484.567061466516,2816.709009497122,False,False,-1442.899659198582,-1401.0270119509737,2822.9999530792243,False,False,-1473.4080401626065,-1449.8847281229941,2866.303001911963,False,False,-1563.367555093682,-1511.734193232876,2872.999934005738,True,False,-1570.860220986032,-1513.4175260567897,2898.999924087525,False,False,-1519.2448589418343,-1476.4975563162882,2904.940258772472,False,False,-1452.118730323685,-1411.5562322340068,2945.56898315595,False,False,-1485.6154262310113,-1453.5398645963874,2951.999903869629,False,False,-1567.7974646208393,-1520.4118974844882,2982.999892044068,False,True,-1556.9493474340557,-1512.2318443011281,2989.429982117626,False,False,-1443.8465935140753,-1404.8440764740044,3026.9998752593997,False,False,-1428.4475410337134,-1412.659652474249,3033.8853034551807,False,False,0.041107602697526446,2759.2405280131147,0.08603759912217132,2773.9662552517007,-0.019640981122517023,2855.0028599371794,0.09297928921860439,2868.290762953652,-0.04852495958295585,2902.7687302332306,-0.07448865073949275,2974.0279690713082,-0.007008756114318966,2985.8326701245887,-0.28916842450846186,2985.550510456195
196,14.957393833436072,1782851009.8868759,0.010426582768559456,-1410.518765473607,-1392.0433383256411,2715.9999938964847,False,False,-1375.3609713604549,-1353.5449109025888,2720.771614496614,False,False,-1447.897279701684,-1434.9284775498977,2770.99997291565,False,False,-1553.0552434514168,-1498.938570162301,2777.6248020826647,False,False,-1533.7776859125224,-1486.3172311030962,2816.709009497122,False,False,-1448.5100360668766,-1408.058432924779,2822.9999530792243,False,False,-1470.3097823761348,-1452.5772029831587,2866.303001911963,False,False,-1561.9847632729166,-1519.2508130329797,2872.999934005738,False,False,-1565.8802961763,-1516.1957988201852,2898.999924087525,False,False,-1524.3912491976648,-1477.356635693982,2904.940258772472,False,False,-1444.1105128832105,-1414.2567212764009,2945.56898315595,False,False,-1480.884616560198,-1453.9831891677109,2951.999903869629,False,False,-1564.8662713573983,-1517.1023917229575,2982.999892044068,False,False,-1564.1414784362871,-1516.1653177247304,2989.429982117626,False,False,-1443.8474600360669,-1407.0444019928475,3026.9998752593997,False,False,-1432.2452486474922,-1413.759169544885,3033.8853034551807,False,False,0.09763556278234765,2759.2970559731993,0.1197377448036194,2773.999955397382,-0.042490558229664924,2854.9800103600724,0.08255573774613838,2868.28033940218,-0.0050238624954861205,2902.8122313303184,-0.02912268192309411,2974.0733350401247,0.0007004227016928324,2985.840379303405,-0.2280389775165272,2985.6116399031866
197,15.039286667015404,1782851009.968695,0.01038991566747427,-1410.7677247302627,-1392.6405523122535,2715.9999938964847,False,False,-1376.8140507992787,-1353.9211969312587,2720.771614496614,False,False,-1451.8618592780508,-1446.861912767063,2770.99997291565,False,False,-1548.9723125592197,-1498.0128969648808,2777.6248020826647,False,False,-1530.1275101629124,-1484.4281566158268,2816.709009497122,False,False,-1439.8905951034628,-1399.3780481095455,2822.9999530792243,False,False,-1471.5844820735397,-1451.8248998991353,2866.303001911963,False,False,-1566.3394993428492,-1523.2918605006573,2872.999934005738,False,False,-1574.3893602714186,-1518.7057004004034,2898.999924087525,False,False,-1518.3701271510222,-1470.8019271326834,2904.940258772472,False,False,-1439.9155607176697,-1411.1390958828745,2945.56898315595,False,False,-1486.2319543356666,-1453.973180609469,2951.999903869629,False,True,-1561.1289406119145,-1515.8504493076994,2982.999892044068,False,False,-1560.3912491976648,-1518.7855594950636,2989.429982117626,False,False,-1448.4760323379282,-1411.420501574105,3026.9998752593997,False,False,-1432.4588914020235,-1416.41814500107,3033.8853034551807,False,False,0.13354586829999499,2759.3329662787173,0.1352081112276511,2774.015425763806,-0.024349103683542237,2854.9981518146183,0.07596402313470484,2868.2737476875686,-0.02330121059230021,2902.7939539822214,0.020041475384720203,2974.1224991974327,-0.0108749198529535,2985.82880396085,-0.2602692456995531,2985.5794096350037
198,15.114081292413175,1782851010.043324,0.010059583932161331,-1410.7677247302627,-1394.1784041935384,2715.9999938964847,True,False,-1378.5317663599963,-1354.4788045969985,2720.771614496614,False,False,-1461.7816104777332,-1440.9924427667574,2770.99997291565,False,False,-1551.1743512546993,-1504.4039902802824,2777.6248020826647,False,False,-1533.5692973072103,-1484.567061466516,2816.709009497122,False,True,-1449.8315676865236,-1407.3037396460556,2822.9999530792243,False,False,-1476.6425375187212,-1450.8910214873003,2866.303001911963,False,False,-1567.0310710028425,-1523.2571384906928,2872.999934005738,False,False,-1566.2362105327506,-1517.6856236818778,2898.999924087525,False,False,-1526.6673946266467,-1475.1036311397743,2904.940258772472,False,True,-1442.7624476571812,-1414.2905614817985,2945.56898315595,True,False,-1481.9362028914634,-1452.1711984595163,2951.999903869629,False,False,-1568.0002918971788,-1517.1023917229575,2982.999892044068,False,True,-1558.916451691781,-1512.0523947794725,2989.429982117626,False,False,-1454.8468915242843,-1414.2776660451752,3026.9998752593997,False,False,-1440.4067808784423,-1419.836112724272,3033.8853034551807,False,False,0.2010349042132549,2759.4004553146306,0.07371291282554884,2773.953930565404,-0.03699117191378639,2854.985509746388,0.05697933113837999,2868.254762995572,0.015985716299376923,2902.833240909113,0.004080629535903839,2974.106538351584,-0.011225284278707727,2985.8284535964244,-0.24751160332118552,2985.592167277382
199,15.200268355198205,1782851010.130172,0.01106770895421505,-1416.2066800134487,-1392.0433383256411,2715.9999938964847,False,True,-1377.917955497142,-1355.9464529143868,2720.771614496614,False,False,-1460.1031115322307,-1442.1653437051075,2770.99997291565,False,True,-1550.183701133967,-1502.8819329400617,2777.6248020826647,True,False,-1536.362256624996,-1493.6412690650122,2816.709009497122,False,False,-1448.2775712932114,-1404.8982348626096,2822.9999530792243,False,False,-1472.219074181618,-1453.6196732585508,2866.303001911963,False,False,-1560.473001803344,-1520.1944035211052,2872.999934005738,False,False,-1575.9279136228872,-1519.330777577406,2898.999924087525,False,False,-1521.3708836384753,-1473.9804444172755,2904.940258772472,False,False,-1446.4688556407982,-1408.8015328422534,2945.56898315595,False,False,-1480.6948772809242,-1453.952825748082,2951.999903869629,False,False,-1561.7443989363328,-1518.9229284469848,2982.999892044068,False,False,-1560.1029281413335,-1511.754503774796,2989.429982117626,False,False,-1447.8066311092095,-1411.4246309258183,3026.9998752593997,False,False,-1435.3330898309746,-1423.4299844117736,3033.8853034551807,False,False,-0.039608217089161325,2759.159812193328,0.08421542798709732,2773.9644330805654,0.030184432277306907,2855.052685350579,0.07104309355225992,2868.268826757986,-0.02748603432387339,2902.78976915849,-0.0932054740551319,2974.0092522479927,0.016644894457029113,2985.85632377516,-0.30359725377632546,2985.5360816269267
200,15.276715104933828,1782851010.2062452,0.01061487477272749,-1403.3843567564263,-1392.0433383256411,2715.9999938964847,False,True,-1368.566263716111,-1354.4788045969985,2720.771614496614,False,True,-1452.128809181771,-1437.9988797872666,2770.99997291565,False,False,-1552.749310755876,-1500.2056239875296,2777.6248020826647,False,False,-1523.8803634196288,-1485.164573463337,2816.709009497122,False,False,-1443.4430739370969,-1401.8514121099122,2822.9999530792243,False,False,-1464.7843827368033,-1446.0276797994925,2866.303001911963,False,False,-1562.3740532444904,-1518.9607956108443,2872.999934005738,True,True,-1564.0603753400374,-1517.514471070086,2898.999924087525,False,False,-1521.948334199346,-1471.9987529418954,2904.940258772472,False,False,-1443.7258168536234,-1404.7609209279578,2945.56898315595,False,False,-1477.5002277103645,-1448.1314759910751,2951.999903869629,False,False,-1560.9744704587831,-1515.9361448176787,2982.999892044068,False,False,-1555.1236941039829,-1514.478641073448,2989.429982117626,False,False,-1448.9836323623806,-1404.838538068894,3026.9998752593997,False,False,-1427.4967310572486,-1411.527160191949,3033.8853034551807,False,False,0.07732522498490632,2759.276745635402,0.1114773560304427,2773.9916950086085,0.04776789524670701,2855.0702688135484,0.08094339505471503,2868.2787270594886,0.01757323077889355,2902.8348284235926,-0.08329583284931405,2974.0191618891986,-0.012615461448593147,2985.8270634192545,-0.35058770856066435,2985.4890911721423
201,15.35381539631635,1782851010.2833269,0.010586457327008247,-1410.518765473607,-1392.0433383256411,2715.9999938964847,True,True,-1375.3609713604549,-1353.9211969312587,2720.771614496614,True,True,-1457.1055552159428,-1449.552955649968,2770.99997291565,True,False,-1552.260723782743,-1499.011134884005,2777.6248020826647,True,True,-1536.315577528502,-1485.164573463337,2816.709009497122,False,True,-1448.6052801295962,-1407.0379878962008,2822.9999530792243,False,False,-1477.8729376165297,-1457.3943637864108,2866.303001911963,False,False,-1568.5762997829875,-1518.3850628113826,2872.999934005738,False,True,-1569.9253278112296,-1516.1957988201852,2898.999924087525,True,True,-1521.948334199346,-1474.3279778097017,2904.940258772472,True,True,-1443.7258168536234,-1412.851586331265,2945.56898315595,True,False,-1481.9362028914634,-1461.369775651802,2951.999903869629,True,False,-1564.8662713573983,-1517.1023917229575,2982.999892044068,True,True,-1560.1029281413335,-1519.716578537152,2989.429982117626,True,False,-1447.8066311092095,-1418.961318274903,3026.9998752593997,True,False,-1432.4588914020235,-1416.3117232631355,3033.8853034551807,True,True,0.08794588575086866,2759.287366296168,0.13410457477577292,2774.014322227354,-0.06498930447523496,2854.9575116138267,0.09854526973924681,2868.296328934173,-0.01690847558653882,2902.800346717227,-0.08688953523042074,2974.0155681868173,-0.021559891422101393,2985.818118989281,-0.15564013329844353,2985.684038747405
202,15.431115521583706,1782851010.3605309,0.010398291982710361,-1411.829127059327,-1392.9896292447352,2715.9999938964847,False,False,-1378.3386771403245,-1351.2144145245593,2720.771614496614,False,False,-1458.371361983067,-1440.2507182810161,2770.99997291565,False,False,-1560.0210043708162,-1500.2056239875296,2777.6248020826647,False,True,-1533.2523565730355,-1490.8393190084664,2816.709009497122,False,False,-1438.0726090411713,-1402.3700018339089,2822.9999530792243,False,False,-1470.8769706880212,-1457.7880811199072,2866.303001911963,False,False,-1562.2755066173547,-1522.1973362472108,2872.999934005738,True,False,-1577.0947076443438,-1517.514471070086,2898.999924087525,False,True,-1523.4684277287038,-1477.1731057248523,2904.940258772472,True,False,-1450.6988033743924,-1410.8870143961856,2945.56898315595,False,False,-1483.2710930097505,-1458.4934132102576,2951.999903869629,False,False,-1561.5338936944095,-1519.1060243909894,2982.999892044068,False,False,-1566.4271647767218,-1513.0608934193235,2989.429982117626,False,False,-1453.0161735489196,-1406.7848702509398,3026.9998752593997,False,False,-1438.8270730812728,-1418.537578323196,3033.8853034551807,False,False,0.22472298659045514,2759.424143397008,0.1207308413092045,2774.0009484938873,-0.03967015041468222,2854.982830767887,0.08997053480583385,2868.2877541992393,-0.04269067944145573,2902.7745645133723,-0.12542484414553937,2973.9770328779023,0.032242575996724976,2985.8719214567,-0.32356677474559126,2985.5161121059573
203,15.507882583886385,1782851010.437362,0.010489417240023613,-1409.4362517957024,-1393.4022297276642,2715.9999938964847,False,False,-1372.448922578476,-1348.103690741816,2720.771614496614,False,False,-1452.5900953632668,-1441.3944142189077,2770.99997291565,False,False,-1557.1850796222147,-1502.6235091848273,2777.6248020826647,False,False,-1536.1341137634868,-1491.7021854081975,2816.709009497122,False,False,-1443.4430739370969,-1402.3700018339089,2822.9999530792243,True,True,-1476.2842360240852,-1451.8248998991353,2866.303001911963,False,True,-1562.2755066173547,-1520.1624507136962,2872.999934005738,True,False,-1570.25875997188,-1515.1450652565945,2898.999924087525,False,False,-1519.2706421737935,-1475.5661521533143,2904.940258772472,False,False,-1442.3175902436042,-1406.5640385732186,2945.56898315595,False,False,-1480.7837118317693,-1453.1939205917413,2951.999903869629,False,False,-1564.4064630008863,-1518.9229284469848,2982.999892044068,False,True,-1554.6566005440595,-1507.0267490906867,2989.429982117626,False,False,-1452.8293562979488,-1406.4055949506374,3026.9998752593997,False,False,-1428.3472017605525,-1412.459557722285,3033.8853034551807,False,False,0.22480148840826966,2759.424221898825,0.12627745488495368,2774.0064951074633,-0.006602953805510881,2855.015897964496,0.05629169723922964,2868.254075361673,-0.0364128935581276,2902.7808422992557,-0.07185975428732244,2974.0305979677605,0.0072935778388218,2985.846972458542,-0.37936467868191454,2985.460314202021
204,15.615144959185272,1782851010.544658,0.010595832951366901,-1416.09882935477,-1396.7660115536269,2715.9999938964847,False,False,-1376.8925741969008,-1351.849790628725,2720.771614496614,False,False,-1457.9979139285385,-1441.7127212152704,2770.99997291565,False,False,-1560.6133584986396,-1509.5512378885596,2777.6248020826647,False,False,-1533.2523565730355,-1486.3172311030962,2816.709009497122,True,True,-1443.4430739370969,-1402.3700018339089,2822.9999530792243,True,True,-1471.5844820735397,-1459.1101094232358,2866.303001911963,True,False,-1561.8956016749703,-1518.330701164532,2872.999934005738,False,False,-1570.4642219641164,-1522.8899073875966,2898.999924087525,False,False,-1528.5222147507413,-1481.9585903352995,2904.940258772472,False,False,-1447.2584115291745,-1416.3536937983313,2945.56898315595,False,False,-1484.983183054681,-1453.952825748082,2951.999903869629,False,True,-1567.7887734205458,-1517.1023917229575,2982.999892044068,False,True,-1564.8452012715102,-1520.753226151542,2989.429982117626,False,False,-1455.73702967876,-1413.3413561756884,3026.9998752593997,False,False,-1432.4588914020235,-1422.2147446281747,3033.8853034551807,True,False,0.16070504422244938,2759.3601254546397,0.0996744439070979,2773.9798920964854,-0.030376845674235244,2854.9921240726276,0.10445230510408755,2868.302235969538,0.00097456771605983,2902.81822976053,-0.0053374375513174505,2974.0971202844967,-0.019397983019063033,2985.820280897684,-0.3973774993635364,2985.4423013813393
205,15.692936083767563,1782851010.622441,0.010583666153252125,-1408.874737903842,-1389.354318855641,2715.9999938964847,False,False,-1376.3510437998593,-1346.6964804230215,2720.771614496614,False,False,-1452.4862762478222,-1438.9392853868019,2770.99997291565,False,False,-1557.4150930708806,-1500.3943561451233,2777.6248020826647,False,False,-1538.591557905676,-1489.8966103249074,2816.709009497122,False,False,-1451.678812238286,-1404.8982348626096,2822.9999530792243,False,True,-1478.4672738943054,-1452.5772029831587,2866.303001911963,False,True,-1562.2755066173547,-1519.0989149371883,2872.999934005738,True,False,-1575.7551410581652,-1518.258197573127,2898.999924087525,False,False,-1529.6058761500137,-1473.7728948253202,2904.940258772472,False,False,-1446.3451982149952,-1408.8120228016016,2945.56898315595,False,False,-1481.2240563010057,-1457.875071063973,2951.999903869629,False,False,-1563.6083305315278,-1521.5593743313873,2982.999892044068,False,False,-1556.3331066418073,-1508.2730858575055,2989.429982117626,False,False,-1445.144354616866,-1411.406817556622,3026.9998752593997,False,False,-1438.8824464345753,-1415.1853974997707,3033.8853034551807,False,False,0.27347124418056007,2759.472891654598,0.12647941447148428,2774.0066970670496,0.008155420657846921,2855.0306563389595,0.054960420772395116,2868.252744085206,7.57376453333787e-05,2902.817330930459,-0.1186888245227687,2973.983768897525,0.018573795911077943,2985.858252676614,-0.1248007104960791,2985.714878170207
206,15.769527208991349,1782851010.699036,0.010538499802350998,-1410.7677247302627,-1392.9896292447352,2715.9999938964847,True,True,-1376.8140507992787,-1352.8010483846317,2720.771614496614,True,True,-1457.1055552159428,-1441.3944142189077,2770.99997291565,True,True,-1557.1850796222147,-1502.8819329400617,2777.6248020826647,True,True,-1533.7776859125224,-1490.8393190084664,2816.709009497122,True,True,-1452.5968258092125,-1411.4691078032827,2822.9999530792243,False,False,-1473.4080401626065,-1458.542655194547,2866.303001911963,True,False,-1573.9087171806707,-1520.1624507136962,2872.999934005738,False,True,-1570.860220986032,-1518.258197573127,2898.999924087525,True,True,-1524.3912491976648,-1476.4975563162882,2904.940258772472,True,True,-1446.4688556407982,-1416.5195372436349,2945.56898315595,True,False,-1487.4277760797138,-1453.9831891677109,2951.999903869629,False,True,-1564.4064630008863,-1518.9229284469848,2982.999892044068,True,True,-1560.1029281413335,-1520.6656615826635,2989.429982117626,True,False,-1448.9836323623806,-1411.406817556622,3026.9998752593997,True,True,-1435.3330898309746,-1416.41814500107,3033.8853034551807,True,True,0.17114721771441294,2759.3705676281315,0.11162998244785777,2773.9918476350263,0.004467532126794563,2855.0269684504287,0.1304850244527095,2868.3282686888865,-0.011904789932278196,2902.8053504028812,0.020766209550653447,2974.1232239315987,-0.0176143237418433,2985.8220645569613,-0.23133630803665675,2985.6083425726665
207,15.845458688214421,1782851010.77484,0.010337792336940765,-1411.829127059327,-1393.4022297276642,2715.9999938964847,True,True,-1376.8925741969008,-1353.5449109025888,2720.771614496614,True,True,-1457.9979139285385,-1441.3944142189077,2770.99997291565,True,True,-1557.4150930708806,-1510.2102591924688,2777.6248020826647,True,False,-1536.1341137634868,-1495.5780297704555,2816.709009497122,True,False,-1454.5141807011646,-1407.3037396460556,2822.9999530792243,False,True,-1484.095876761317,-1457.3943637864108,2866.303001911963,False,True,-1567.0310710028425,-1520.1944035211052,2872.999934005738,True,True,-1578.352049393282,-1518.4254516000854,2898.999924087525,False,False,-1526.6673946266467,-1483.1135082678732,2904.940258772472,True,False,-1445.164918849528,-1418.6007045266988,2945.56898315595,False,False,-1481.9362028914634,-1457.2123513769602,2951.999903869629,True,False,-1569.1182000183392,-1519.0132561053886,2982.999892044068,False,False,-1562.3684048048417,-1514.478641073448,2989.429982117626,False,True,-1459.3189320536724,-1411.059484365926,3026.9998752593997,False,False,-1442.514331998655,-1422.353114588746,3033.8853034551807,False,False,0.13809991820675988,2759.3375203286237,0.08732158291531586,2773.9675392354934,0.0852931863452219,2855.107794104647,0.06475725498915681,2868.262540919423,-0.054431543592955316,2902.7628236492205,-0.01964870171255279,2974.0828090203354,-0.005990514610593958,2985.8336883660927,-0.3491299887843781,2985.490548891919
208,15.927943729795516,1782851010.857287,0.010275041684508324,-1418.986021028823,-1399.8260292814134,2715.9999938964847,False,False,-1371.9998288351621,-1353.3684720481708,2720.771614496614,False,False,-1458.8037549286303,-1446.1275774062412,2770.99997291565,False,False,-1551.8550065715071,-1504.1979001742216,2777.6248020826647,False,False,-1534.8709432405171,-1490.5400724394046,2816.709009497122,False,False,-1448.7018980957914,-1414.818682947703,2822.9999530792243,False,False,-1476.6425375187212,-1463.4439526851484,2866.303001911963,True,False,-1568.5762997829875,-1519.1300852767674,2872.999934005738,True,False,-1573.1831876394535,-1520.2857337164166,2898.999924087525,False,False,-1525.0426108750805,-1470.988519729804,2904.940258772472,False,False,-1446.3699896078492,-1412.834660879665,2945.56898315595,False,False,-1479.3587232937007,-1459.391895650579,2951.999903869629,False,False,-1569.5036112724272,-1519.1060243909894,2982.999892044068,False,True,-1565.4044227771496,-1516.2502322951373,2989.429982117626,False,False,-1451.587283369502,-1403.5492863037566,3026.9998752593997,False,False,-1436.3537809090076,-1413.883195280741,3033.8853034551807,False,False,0.0027190444173994938,2759.2021394548347,0.10138581150395602,2773.981603464082,-0.07684634590644059,2854.9456545723956,0.12201467287679449,2868.3197983373107,0.010522057454150024,2902.827777250268,-0.11230689383884719,2973.990150828209,-0.003327346515182001,2985.836351534188,-0.31961426950222016,2985.5200646112007
209,16.00389681244269,1782851010.933495,0.010682624764740467,-1420.150651037687,-1398.5956200140597,2715.9999938964847,False,False,-1378.5655209829752,-1353.8551807928598,2720.771614496614,False,False,-1460.9796298560384,-1441.7127212152704,2770.99997291565,False,True,-1566.7792019439435,-1506.3992603233794,2777.6248020826647,False,False,-1534.9225173457226,-1489.848072867317,2816.709009497122,False,False,-1447.0975181098513,-1409.067570376257,2822.9999530792243,False,False,-1476.3769401228715,-1459.4839899746312,2866.303001911963,False,False,-1569.0347327077666,-1520.1944035211052,2872.999934005738,False,True,-1575.7551410581652,-1519.330777577406,2898.999924087525,True,True,-1534.9003881774001,-1477.1731057248523,2904.940258772472,False,True,-1450.8376440382676,-1412.834660879665,2945.56898315595,False,True,-1487.91812666198,-1462.6434682275271,2951.999903869629,False,False,-1571.025052724883,-1527.688764251001,2982.999892044068,False,False,-1562.5246660757407,-1520.9476434269645,2989.429982117626,False,False,-1454.6857780358835,-1414.8395176819392,3026.9998752593997,False,False,-1438.9971910627503,-1419.8155973958494,3033.8853034551807,False,False,0.09744222133489469,2759.296862631752,0.11820264268619271,2773.9984202952646,-0.043313177931541484,2854.9791877403704,0.1065770655507342,2868.3043607299846,0.0104657836709433,2902.8277209764847,-0.10743329557580561,2973.995024426472,-0.004528168526036443,2985.835150712177,-0.25545713315958196,2985.5842217475433
210,16.08021143823862,1782851011.0095732,0.010211542248725891,-1418.2942797322492,-1395.0088363847542,2715.9999938964847,False,False,-1380.8198153864964,-1353.2830378702206,2720.771614496614,False,False,-1456.5293257327994,-1446.1275774062412,2770.99997291565,False,True,-1556.4541599168626,-1510.7876959990217,2777.6248020826647,False,False,-1535.31693767766,-1496.571177063912,2816.709009497122,False,False,-1448.7018980957914,-1416.0044747379038,2822.9999530792243,True,False,-1481.8868080814257,-1465.6543616468502,2866.303001911963,False,False,-1569.6121939664395,-1520.1944035211052,2872.999934005738,False,True,-1575.9279136228872,-1520.2857337164166,2898.999924087525,True,True,-1533.2134486658313,-1477.1731057248523,2904.940258772472,False,True,-1454.3106473698688,-1416.985823883608,2945.56898315595,False,False,-1481.618024268729,-1456.3332686371,2951.999903869629,False,False,-1560.3283858544487,-1523.5426017055352,2982.999892044068,False,False,-1567.262487391876,-1517.6193935874314,2989.429982117626,False,False,-1454.9219518904545,-1411.406817556622,3026.9998752593997,False,True,-1440.0424993122838,-1419.6879710853686,3033.8853034551807,False,False,0.1254485981532948,2759.32486900857,0.1019032383153496,2773.982120890894,-0.037123372792834966,2854.985377545509,0.1111363422299708,2868.308920006664,0.007209620923414104,2902.824464813737,-0.1002936072331768,2974.0021641148146,0.03762455226094246,2985.8773034329643,-0.28754420964683586,2985.552134671056
211,16.154985146131366,1782851011.084536,0.010435041971504688,-1418.947819176575,-1402.8541599168627,2715.9999938964847,False,False,-1378.9970718586667,-1356.2875905492558,2720.771614496614,False,False,-1453.7384356756427,-1441.7127212152704,2770.99997291565,False,True,-1557.672341596112,-1503.8026515267293,2777.6248020826647,False,False,-1530.4421096066262,-1491.7021854081975,2816.709009497122,False,True,-1451.678812238286,-1404.6145597090199,2822.9999530792243,True,False,-1473.105295412171,-1458.333872298805,2866.303001911963,False,False,-1569.7464376318123,-1526.821750160467,2872.999934005738,False,False,-1576.0600528777088,-1528.7080065409423,2898.999924087525,False,False,-1533.8037518721153,-1485.1630849405508,2904.940258772472,False,False,-1454.877279396033,-1420.5092581838187,2945.56898315595,False,False,-1488.5968441483021,-1460.7580936516183,2951.999903869629,False,False,-1564.771959531742,-1519.6257893449888,2982.999892044068,False,False,-1571.2396842620046,-1521.5872283522326,2989.429982117626,False,False,-1451.5046948069808,-1418.4957972919278,3026.9998752593997,False,False,-1438.9971910627503,-1427.447635785677,3033.8853034551807,True,False,0.1808827313044989,2759.3803031417215,0.12157662123140467,2774.0017942738095,0.09998141963105851,2855.122482337933,0.0932592513605177,2868.291042915794,0.00957077846203788,2902.826825971276,-0.057372244096169873,2974.0450854779515,0.01283953444040097,2985.8525184151435,-0.26462932814875517,2985.5750495525544
212,16.231269501149654,1782851011.16078,0.010602083057165146,-1418.5789283858544,-1395.9857062077817,2715.9999938964847,False,False,-1374.9783201393773,-1354.3731561573493,2720.771614496614,False,False,-1457.9600238408166,-1444.7846700492098,2770.99997291565,False,False,-1560.0210043708162,-1504.5754439587981,2777.6248020826647,True,False,-1540.718682947703,-1496.29898676529,2816.709009497122,False,False,-1450.9287663905616,-1414.4809273466394,2822.9999530792243,False,False,-1483.843379588593,-1460.1821071614145,2866.303001911963,False,False,-1566.8904789558947,-1528.005391692392,2872.999934005738,False,False,-1576.0179830057766,-1521.199326038451,2898.999924087525,False,False,-1533.2134486658313,-1482.5459577589631,2904.940258772472,True,True,-1445.141134578354,-1416.6293318458293,2945.56898315595,False,False,-1488.8056790047988,-1465.4152520096586,2951.999903869629,False,False,-1567.7887734205458,-1527.5443148821712,2982.999892044068,True,False,-1567.974918238225,-1521.0967142464165,2989.429982117626,False,False,-1459.4696457499158,-1413.6351545068314,3026.9998752593997,False,False,-1447.2116820001834,-1416.1041354647432,3033.8853034551807,False,False,-0.033303530992134386,2759.166116879425,0.12268707085499761,2774.0029047234334,-0.051986391447832916,2854.970514526854,0.04793400690047163,2868.245717671334,-0.010026814737722602,2902.807228378076,-0.04652040286195753,2974.055937319186,0.019645485902031877,2985.859324366605,-0.18228798592246553,2985.6573908947807
213,16.313481354620308,1782851011.243104,0.01081212516874075,-1418.5789283858544,-1396.4400158938777,2715.9999938964847,True,False,-1381.801305131889,-1353.3684720481708,2720.771614496614,False,True,-1462.5655301525198,-1444.7846700492098,2770.99997291565,False,True,-1564.491710731424,-1506.3992603233794,2777.6248020826647,False,True,-1536.1341137634868,-1491.7021854081975,2816.709009497122,True,True,-1456.356761011095,-1418.5873643671487,2822.9999530792243,False,False,-1486.4160925512729,-1460.4188204908762,2866.303001911963,False,False,-1573.3411147110069,-1527.153226151542,2872.999934005738,False,False,-1582.1304826237124,-1522.8899073875966,2898.999924087525,False,True,-1537.5210777271755,-1485.5474141883424,2904.940258772472,False,False,-1447.2584115291745,-1422.0961885258428,2945.56898315595,True,False,-1490.454691750466,-1461.4039215086955,2951.999903869629,False,False,-1567.7887734205458,-1526.934893174802,2982.999892044068,True,False,-1568.456693767766,-1520.6656615826635,2989.429982117626,False,True,-1453.7584054161446,-1413.839945594034,3026.9998752593997,False,False,-1444.2568038023048,-1423.371867836293,3033.8853034551807,False,False,0.17688005803928342,2759.3763004684565,0.11616077917268784,2773.996378431751,-0.04193957018502658,2854.9805613481167,0.06452360360742078,2868.2623072680412,-0.021093549739436522,2902.7961616430744,0.024404884494023997,2974.1268626065416,0.020521235953009757,2985.860200116656,-0.23642031209284642,2985.6032585686103
214,16.421334396116436,1782851011.3508291,0.010553957894444466,-1425.046021945777,-1396.7660115536269,2715.9999938964847,False,True,-1384.507465537794,-1360.6776920255525,2720.771614496614,False,False,-1457.9979139285385,-1449.1020860714611,2770.99997291565,True,False,-1563.1176849955682,-1512.260152214445,2777.6248020826647,False,False,-1542.6377724118959,-1493.9069092520708,2816.709009497122,False,False,-1449.8807729926339,-1412.1577436806554,2822.9999530792243,False,False,-1476.4424290124402,-1459.2610599993889,2866.303001911963,False,False,-1572.7752437570684,-1520.925179570254,2872.999934005738,False,False,-1575.058550600605,-1524.2896231317052,2898.999924087525,False,False,-1526.1166106305593,-1485.7043371947304,2904.940258772472,False,False,-1453.4782926307423,-1416.6293318458293,2945.56898315595,False,True,-1494.873422074151,-1463.3322141394378,2951.999903869629,False,False,-1573.980831066418,-1527.2927102118165,2982.999892044068,False,False,-1567.7827490295563,-1520.6505746248126,2989.429982117626,False,False,-1455.8834642540573,-1415.8222774092978,3026.9998752593997,False,False,-1445.5083167772107,-1424.2215682978265,3033.8853034551807,False,False,-0.09379451110355923,2759.1056258993135,0.12162196251189562,2774.0018396150904,-0.07835901718157062,2854.9441419011205,0.11572437346083157,2868.3135080378947,-0.032906903591583006,2902.784348289222,-0.049787236900774474,2974.0526704851472,0.0018690497315268808,2985.8415479304344,-0.23272271159747354,2985.6069561691056
215,16.497517250478268,1782851011.426889,0.010319000110030174,-1418.986021028823,-1403.0726992083626,2715.9999938964847,True,False,-1382.4600238408166,-1358.4896002078428,2720.771614496614,False,False,-1461.1291102484947,-1453.4099214475657,2770.99997291565,False,False,-1567.2342589479479,-1514.1794953693798,2777.6248020826647,False,False,-1544.9277363450194,-1496.3215102240424,2816.709009497122,False,False,-1453.5747455451296,-1414.851057554177,2822.9999530792243,False,False,-1488.5351483938014,-1462.4254378457683,2866.303001911963,False,False,-1571.355422257542,-1527.153226151542,2872.999934005738,True,True,-1580.9413439496286,-1529.005466577009,2898.999924087525,False,False,-1535.6464192927224,-1485.1630849405508,2904.940258772472,False,True,-1450.8376440382676,-1416.985823883608,2945.56898315595,True,True,-1487.91812666198,-1469.3835819298838,2951.999903869629,True,False,-1569.5036112724272,-1533.8412247455449,2982.999892044068,True,False,-1567.262487391876,-1521.652310725311,2989.429982117626,True,False,-1461.6134731179507,-1413.839945594034,3026.9998752593997,False,True,-1444.2568038023048,-1422.2147446281747,3033.8853034551807,True,True,0.21627068820204276,2759.4156910986194,0.13151513196242148,2774.0117327845405,-0.0678477880268146,2854.954653130275,0.05750915110049563,2868.255292815534,0.00013301601731009998,2902.817388208831,-0.12595184578876342,2973.976505876259,0.02953184587483532,2985.869210726578,-0.31888622589165316,2985.5207926548114
216,16.571776188444346,1782851011.501251,0.010414707474410534,-1414.054948497723,-1394.4537472873428,2715.9999938964847,False,False,-1382.3107405935755,-1353.153817587187,2720.771614496614,False,False,-1460.9796298560384,-1453.6389277745513,2770.99997291565,True,False,-1565.7889109637192,-1512.3357306599019,2777.6248020826647,False,False,-1540.718682947703,-1495.5780297704555,2816.709009497122,True,True,-1451.678812238286,-1416.6180670599383,2822.9999530792243,True,False,-1481.7067335024608,-1460.4188204908762,2866.303001911963,False,True,-1577.077890699025,-1532.6808387077053,2872.999934005738,False,False,-1573.3574319161294,-1528.493491151389,2898.999924087525,False,True,-1532.285655775285,-1479.733971635541,2904.940258772472,False,False,-1457.5132652749335,-1421.4715484304797,2945.56898315595,False,False,-1496.236106611242,-1464.1089020998259,2951.999903869629,False,False,-1570.5721902986215,-1526.2527844851302,2982.999892044068,False,False,-1564.8729681816792,-1519.2480912064063,2989.429982117626,False,False,-1455.4105312223003,-1415.9478558547544,3026.9998752593997,False,False,-1442.9948085093376,-1426.8992542103492,3033.8853034551807,False,False,0.25702240174510077,2759.456442812162,0.13402518938229377,2774.0142428419604,-0.07207662494618591,2854.950424293356,0.07462047485345186,2868.272404139287,0.03321235317957363,2902.850467545993,-0.038111445642953094,2974.0643462764046,0.004362186401210571,2985.844041067104,-0.2892238476225331,2985.5504550330807
217,16.645916333887726,1782851011.575132,0.010004083625972271,-1420.150651037687,-1399.8260292814134,2715.9999938964847,True,True,-1381.801305131889,-1356.2875905492558,2720.771614496614,True,True,-1461.1291102484947,-1451.6849099856342,2770.99997291565,True,True,-1564.491710731424,-1510.7876959990217,2777.6248020826647,True,True,-1542.6377724118959,-1496.29898676529,2816.709009497122,True,True,-1452.5968258092125,-1414.818682947703,2822.9999530792243,True,True,-1480.9467035486139,-1462.2958293853349,2866.303001911963,False,False,-1575.954332609958,-1527.637607360088,2872.999934005738,False,False,-1582.6036189137144,-1530.9536724027264,2898.999924087525,False,False,-1530.9904346364274,-1490.7878564660573,2904.940258772472,False,False,-1454.3106473698688,-1424.3661613228596,2945.56898315595,True,False,-1488.8056790047988,-1469.3480102087601,2951.999903869629,True,False,-1571.025052724883,-1527.2927102118165,2982.999892044068,True,True,-1567.7827490295563,-1525.2693477397072,2989.429982117626,True,False,-1455.4105312223003,-1415.8222774092978,3026.9998752593997,True,True,-1444.2568038023048,-1423.371867836293,3033.8853034551807,True,True,0.14726672159811546,2759.346687132015,0.1284794317288425,2774.008697084307,-0.056608895517131705,2854.965892022785,0.09786963952463631,2868.2956533039583,-0.03648495019098753,2902.7807702426226,-0.08690751790753741,2974.0155502041403,-0.0033432384308284564,2985.8363356422724,-0.2316651862340434,2985.6080136944693
218,16.7268445212394,1782851011.6561549,0.010217208415269852,-1420.5840144267509,-1403.1600238408168,2715.9999938964847,False,False,-1381.801305131889,-1350.9999220588684,2720.771614496614,True,False,-1465.4742075984962,-1446.8912278020603,2770.99997291565,False,False,-1557.1324082281383,-1505.3176605434483,2777.6248020826647,False,False,-1536.3655316807776,-1497.613569398172,2816.709009497122,False,False,-1451.4304673411377,-1408.062027386374,2822.9999530792243,False,False,-1485.0473194363788,-1460.9230140294037,2866.303001911963,False,False,-1567.2086331265093,-1528.005391692392,2872.999934005738,False,True,-1579.2423434300208,-1521.6090411712566,2898.999924087525,False,False,-1528.5023061405386,-1488.4395314362564,2904.940258772472,False,False,-1458.6214827154079,-1424.687975670141,2945.56898315595,False,False,-1493.1471880062352,-1469.3347113121617,2951.999903869629,False,False,-1571.4431335391387,-1533.4938288962921,2982.999892044068,False,False,-1567.7827490295563,-1518.9599092215055,2989.429982117626,True,False,-1455.4105312223003,-1418.4551196625607,3026.9998752593997,True,False,-1444.2568038023048,-1429.6773772045112,3033.8853034551807,True,False,0.35619778035707556,2759.555618190774,0.09546036453565876,2773.9756780171138,0.0653261171943842,2855.087827035496,0.04741280582618225,2868.24519647026,-0.059070951127101375,2902.7581842416866,-0.08502276060133158,2974.0174349614463,0.032481598314103625,2985.872160479017,-0.2764192861738215,2985.5632595945294
219,16.803647896740586,1782851011.733106,0.01039812434464693,-1421.6643335269127,-1402.3872497478376,2715.9999938964847,False,False,-1383.004306629581,-1359.0340816700798,2720.771614496614,False,False,-1468.4971834214628,-1444.3526698658193,2770.99997291565,False,False,-1563.1176849955682,-1509.2755356542468,2777.6248020826647,True,False,-1538.929585536571,-1493.9757007060548,2816.709009497122,False,False,-1448.0027615612678,-1417.3165938197267,2822.9999530792243,False,False,-1480.8612433902863,-1467.8703212397224,2866.303001911963,False,False,-1572.7752437570684,-1527.2614588745912,2872.999934005738,True,False,-1580.3635617568848,-1525.0470657456367,2898.999924087525,False,False,-1532.54900510438,-1485.9159443102974,2904.940258772472,False,False,-1460.9326878992574,-1421.585643549225,2945.56898315595,False,True,-1488.2807026927896,-1461.056932175933,2951.999903869629,False,False,-1578.3709692208945,-1532.903528746523,2982.999892044068,False,False,-1572.6697771800593,-1517.5953174190788,2989.429982117626,False,False,-1452.6243268025796,-1412.2480529999693,3026.9998752593997,False,False,-1441.0369288137667,-1427.96812054895,3033.8853034551807,False,False,0.1335332803072943,2759.3329536907245,0.08386908127470304,2773.964086733853,-0.11195558568523171,2854.9105453326165,0.10863904430696361,2868.3064227087407,-0.02634667113656966,2902.790908521677,-0.10103393041879362,2974.001423791629,0.02911846347167104,2985.8687973441747,-0.3388743959478707,2985.500804484755
220,16.878948104567826,1782851011.8085902,0.01080595888197422,-1417.6889843200784,-1406.396161017208,2715.9999938964847,False,False,-1382.0358315248955,-1356.2875905492558,2720.771614496614,False,True,-1469.313687073998,-1453.1192163095639,2770.99997291565,False,False,-1566.3539199804381,-1513.7862181740377,2777.6248020826647,False,False,-1540.718682947703,-1501.6252238897207,2816.709009497122,True,False,-1451.4304673411377,-1414.851057554177,2822.9999530792243,True,True,-1474.9998532872817,-1468.8155790567594,2866.303001911963,False,False,-1568.0205092153924,-1521.1262554635205,2872.999934005738,False,False,-1583.4528181067947,-1524.7075495919553,2898.999924087525,False,False,-1531.7008222025247,-1480.2480850933766,2904.940258772472,False,False,-1452.2829431182568,-1418.6779762814438,2945.56898315595,False,False,-1487.3173533636948,-1463.329539688847,2951.999903869629,False,False,-1569.7947427942659,-1527.6038710761989,2982.999892044068,False,False,-1571.783106641807,-1518.8433383256408,2989.429982117626,False,False,-1458.312869456246,-1411.3999556805334,3026.9998752593997,False,False,-1445.5083167772107,-1422.457768132775,3033.8853034551807,True,False,0.37587411850234,2759.5752945289196,0.104324298891337,2773.9845419514695,-0.002390609707845528,2855.0201103085938,0.13802776063088992,2868.3358114250645,-0.02031445563845166,2902.796940737175,-0.08148187866078192,2974.020975843387,0.03178326032605498,2985.871462141029,-0.2969605040123736,2985.5427183766906
221,16.95684543857351,1782851011.886694,0.011205458082258701,-1423.5034538619066,-1397.970666625913,2715.9999938964847,False,False,-1378.4929608460434,-1358.852055506312,2720.771614496614,False,False,-1466.2026927896811,-1452.171956475227,2770.99997291565,False,False,-1565.7676697129934,-1512.260152214445,2777.6248020826647,False,True,-1545.7040911452762,-1490.9934957361615,2816.709009497122,False,False,-1454.771870892808,-1418.0052831861117,2822.9999530792243,False,False,-1481.7067335024608,-1464.0707919430265,2866.303001911963,True,False,-1570.0997126875936,-1528.461124186203,2872.999934005738,False,False,-1582.0925955925054,-1524.1750129901886,2898.999924087525,False,False,-1525.1959455329034,-1485.5412018216828,2904.940258772472,False,False,-1457.5132652749335,-1414.2374438365375,2945.56898315595,True,False,-1490.454691750466,-1462.0700568511784,2951.999903869629,True,False,-1573.8727572821467,-1522.5303129871322,2982.999892044068,False,False,-1566.7662973377755,-1512.9963719167406,2989.429982117626,False,False,-1455.8834642540573,-1416.123065990158,3026.9998752593997,True,False,-1443.792334260476,-1428.7661781336917,3033.8853034551807,False,False,-0.13073177783808845,2759.068688632579,0.11378831820295716,2773.994005970781,-0.1428186122822065,2854.8796823060197,0.07879991662838705,2868.276583581062,-0.06092976907256378,2902.756325423741,-0.12494554737956569,2973.9775121746684,0.007980206246286531,2985.8476590869495,-0.30613450864336117,2985.5335443720596
222,17.033919000532478,1782851011.963248,0.010211500339210033,-1423.2640630253384,-1408.1076535134641,2715.9999938964847,False,False,-1389.4120671210685,-1361.554577131155,2720.771614496614,False,False,-1467.2654965308554,-1452.345569581563,2770.99997291565,False,False,-1558.459884769386,-1512.3357306599019,2777.6248020826647,False,True,-1538.3150548644435,-1495.6630039429042,2816.709009497122,False,False,-1446.9879496897636,-1411.7134868722683,2822.9999530792243,False,False,-1479.3534294097872,-1465.6604593941988,2866.303001911963,False,False,-1571.1412782345567,-1520.251833908977,2872.999934005738,False,False,-1579.2531650212427,-1524.7075495919553,2898.999924087525,False,True,-1531.7008222025247,-1485.5474141883424,2904.940258772472,True,True,-1464.118857169056,-1424.100947519638,2945.56898315595,False,False,-1497.1890729590123,-1463.3322141394378,2951.999903869629,False,True,-1573.980831066418,-1527.5443148821712,2982.999892044068,True,True,-1575.3227710364642,-1526.541431060305,2989.429982117626,False,False,-1455.8834642540573,-1415.9478558547544,3026.9998752593997,True,True,-1451.465215331479,-1419.9131323165325,3033.8853034551807,False,False,0.33269830702450803,2759.532118717442,0.08947856028679813,2773.969696212865,-0.04683163168146399,2854.9756692866204,0.12513448053898193,2868.322918144973,-0.025363529794340804,2902.791891663019,-0.05544252088206086,2974.047015201166,0.006834265867113427,2985.84651314657,-0.1043053058598504,2985.7353735748434
223,17.109499000478536,1782851012.0389419,0.010481082834303379,-1429.6797291927746,-1403.0726992083626,2715.9999938964847,False,True,-1385.8689840144266,-1363.628774031849,2720.771614496614,False,False,-1473.8090167191372,-1452.345569581563,2770.99997291565,False,True,-1571.5635235504476,-1514.7772916220924,2777.6248020826647,False,False,-1543.2483296145735,-1493.5715255066175,2816.709009497122,False,False,-1454.0300883332825,-1420.0815279518297,2822.9999530792243,False,False,-1487.1282406699884,-1459.2306553168078,2866.303001911963,False,False,-1576.5004233273223,-1527.2614588745912,2872.999934005738,False,True,-1581.7785509062567,-1528.8658602561359,2898.999924087525,False,False,-1532.0569061955557,-1482.4480820368617,2904.940258772472,False,False,-1455.9575618180152,-1421.2457254638261,2945.56898315595,False,False,-1491.383542195189,-1469.5737231408748,2951.999903869629,False,False,-1580.7178439343459,-1527.6038710761989,2982.999892044068,False,True,-1577.3927010422717,-1517.4633157074306,2989.429982117626,False,False,-1456.9382461717148,-1415.9478558547544,3026.9998752593997,False,True,-1445.109004493077,-1426.8992542103492,3033.8853034551807,False,True,-0.09105682011710624,2759.1083635903,0.1004681162219177,2773.9806857688,-0.12409586801355735,2854.898405050288,0.06804366878837786,2868.265827333222,-0.006170802081346224,2902.8110843907325,-0.1070350129521645,2973.9954227090957,0.02074719766392352,2985.8604260783673,-0.2822027043297749,2985.5574761763733
224,17.206753437872976,1782851012.137058,0.012033124454319477,-1419.1131858055444,-1403.1600238408168,2715.9999938964847,False,True,-1377.8083198337256,-1361.8012440015896,2720.771614496614,False,False,-1468.4971834214628,-1453.1192163095639,2770.99997291565,True,True,-1562.4885732188159,-1508.19025124553,2777.6248020826647,False,False,-1544.9277363450194,-1492.7751551181343,2816.709009497122,True,False,-1453.4098954671886,-1419.2002949536939,2822.9999530792243,False,False,-1481.6980377173948,-1464.4671776140844,2866.303001911963,False,False,-1573.4612556163463,-1530.2840373506128,2872.999934005738,False,False,-1580.7762508787482,-1530.6434009841976,2898.999924087525,False,False,-1527.1452715713542,-1482.1440443805973,2904.940258772472,False,False,-1454.130646147263,-1425.0275422563193,2945.56898315595,False,False,-1493.1471880062352,-1467.75178347648,2951.999903869629,True,False,-1577.9543922119997,-1538.6369700767186,2982.999892044068,False,False,-1572.6697771800593,-1518.9599092215055,2989.429982117626,True,True,-1456.9382461717148,-1420.2260185836108,3026.9998752593997,True,False,-1445.109004493077,-1428.0981385823884,3033.8853034551807,True,False,0.013206101211710201,2759.212626511629,0.11245663994046391,2773.9926742925186,-0.1436961768709445,2854.878804741431,0.08529661305938911,2868.283080277493,-0.012883591678973695,2902.804371601135,-0.03485606841927088,2974.0676016536286,0.043070690231855675,2985.882749570935,-0.2429893092617678,2985.5966895714414
225,17.294766375329345,1782851012.224339,0.010722250677645206,-1426.629588593086,-1411.044958278571,2715.9999938964847,False,False,-1382.4600238408166,-1364.382706238347,2720.771614496614,True,False,-1470.9300684659352,-1453.4605159397256,2770.99997291565,False,False,-1563.4039276217256,-1512.7630176972214,2777.6248020826647,False,False,-1547.3440749457468,-1495.6630039429042,2816.709009497122,False,True,-1454.182516734419,-1412.568968731852,2822.9999530792243,False,False,-1482.4013861295352,-1466.6722422593762,2866.303001911963,False,False,-1574.0832457132378,-1527.637607360088,2872.999934005738,False,True,-1583.9635281352203,-1525.0470657456367,2898.999924087525,False,True,-1525.9488736742364,-1483.5533422991107,2904.940258772472,False,False,-1455.0527401656632,-1425.3084955833358,2945.56898315595,False,False,-1493.3753919980436,-1462.0516184246721,2951.999903869629,False,False,-1580.5913301953112,-1533.4938288962921,2982.999892044068,False,True,-1578.851554237858,-1519.2480912064063,2989.429982117626,False,True,-1463.688452486475,-1423.2069123085855,3026.9998752593997,False,False,-1449.9445471773086,-1432.2998609285694,3033.8853034551807,False,False,0.07564684966027684,2759.2750672600773,0.09492388670623522,2773.9751415392843,-0.06758388416592122,2854.954917034136,0.10204556747695984,2868.2998292319107,-0.0541932336978406,2902.763061959116,0.006209208104882569,2974.1086669301526,0.03741989063105281,2985.877098771334,-0.2811120984925187,2985.5585667822106
226,17.37297591706738,1782851012.302454,0.010513833723962307,-1423.2640630253384,-1403.1600238408168,2715.9999938964847,True,True,-1374.4901733043982,-1361.554577131155,2720.771614496614,False,True,-1468.4971834214628,-1453.1192163095639,2770.99997291565,True,True,-1565.7676697129934,-1512.7630176972214,2777.6248020826647,True,True,-1544.9277363450194,-1492.67032888101,2816.709009497122,True,False,-1448.7682672616684,-1417.3165938197267,2822.9999530792243,False,True,-1480.3696090717362,-1464.4671776140844,2866.303001911963,False,True,-1574.0832457132378,-1528.461124186203,2872.999934005738,True,True,-1580.9413439496286,-1526.605504783446,2898.999924087525,True,False,-1531.7008222025247,-1485.5412018216828,2904.940258772472,True,True,-1454.1042531405687,-1424.100947519638,2945.56898315595,False,True,-1493.3753919980436,-1467.75178347648,2951.999903869629,True,True,-1578.3709692208945,-1533.8412247455449,2982.999892044068,True,True,-1575.8915380383287,-1514.0716065042639,2989.429982117626,True,False,-1461.6134731179507,-1420.2260185836108,3026.9998752593997,True,True,-1449.9445471773086,-1428.0981385823884,3033.8853034551807,True,True,-0.1656246924933588,2759.0337957179236,0.10819189715141649,2773.9884095497296,-0.1700496277600391,2854.852451290542,0.09846944393995914,2868.2962531083735,-0.02436001377158327,2902.7928951790423,-0.040328431817466454,2974.06212929023,0.051822151064201946,2985.8915010317673,-0.24134859630752165,2985.5983302843956
227,17.449698521289974,1782851012.3790562,0.010269957594573498,-1421.6643335269127,-1400.1593773879026,2715.9999938964847,True,False,-1382.3107405935755,-1364.2599352018829,2720.771614496614,True,False,-1472.7001665800656,-1445.4924335972123,2770.99997291565,False,False,-1563.4039276217256,-1510.6834810648897,2777.6248020826647,True,False,-1543.2483296145735,-1494.6855656080936,2816.709009497122,True,False,-1454.7043601185928,-1417.3165938197267,2822.9999530792243,False,True,-1474.3598542042364,-1464.4671776140844,2866.303001911963,False,True,-1573.4612556163463,-1528.796983219733,2872.999934005738,True,False,-1578.4356450774826,-1523.282773481676,2898.999924087525,False,False,-1526.5965690619555,-1480.8590992450409,2904.940258772472,False,False,-1452.244136076046,-1417.3078476021642,2945.56898315595,False,False,-1488.4701592444294,-1460.373816364581,2951.999903869629,False,False,-1577.9543922119997,-1533.4938288962921,2982.999892044068,True,True,-1568.883265580585,-1511.4605679004796,2989.429982117626,False,False,-1459.4946281749549,-1420.8717730843296,3026.9998752593997,False,False,-1448.9386312926001,-1427.96812054895,3033.8853034551807,False,True,-0.07300567226291932,2759.1264147381544,0.07112024175168362,2773.9513378943298,-0.08106957602487135,2854.941431342277,0.11646618053421341,2868.314249844968,-0.02867599421906707,2902.7885791985946,-0.060434925777856384,2974.04202279627,0.03952321308976424,2985.879202093793,-0.21786634936908106,2985.621812531334
228,17.52618154231459,1782851012.4554958,0.010196084156632423,-1421.6643335269127,-1403.1600238408168,2715.9999938964847,True,True,-1378.195587920653,-1361.8012440015896,2720.771614496614,False,True,-1461.7889629244733,-1447.3621282513677,2770.99997291565,False,False,-1557.7264403826757,-1508.8288076535136,2777.6248020826647,False,False,-1540.61573035425,-1491.9479857566403,2816.709009497122,False,False,-1456.1332518262677,-1421.1776904972949,2822.9999530792243,False,False,-1480.8547681633402,-1461.7230079163737,2866.303001911963,False,False,-1570.702018828132,-1528.4406180273252,2872.999934005738,False,False,-1578.7737857994316,-1526.605504783446,2898.999924087525,False,True,-1532.1707904147693,-1485.016442522236,2904.940258772472,False,False,-1452.6998242503898,-1418.324390989394,2945.56898315595,False,False,-1491.383542195189,-1463.329539688847,2951.999903869629,True,True,-1577.9543922119997,-1533.4938288962921,2982.999892044068,True,True,-1570.0380245743804,-1519.2006525659444,2989.429982117626,False,False,-1451.6865070147019,-1420.2260185836108,3026.9998752593997,False,True,-1448.5496698963839,-1427.96812054895,3033.8853034551807,False,True,-0.039419789266795346,2759.16000062115,0.099274953508123,2773.9794926060863,-0.10644832475342567,2854.9160525935486,0.07550805685551641,2868.2732917212893,-0.013038635483641856,2902.80421655733,-0.05657794247027664,2974.0458797795777,0.019634147863787924,2985.8593130285667,-0.13491098715434313,2985.7047678935487
229,17.60876814648509,1782851012.53825,0.010541874915361404,-1423.8679325732796,-1402.411142525293,2715.9999938964847,False,False,-1383.2505517009506,-1362.175754195067,2720.771614496614,False,False,-1460.2443836537582,-1452.2751214964696,2770.99997291565,False,False,-1560.113647339304,-1509.2755356542468,2777.6248020826647,False,True,-1538.929585536571,-1493.9757007060548,2816.709009497122,True,True,-1454.2842314393126,-1412.566803191002,2822.9999530792243,False,False,-1484.30178347648,-1464.0707919430265,2866.303001911963,False,True,-1569.9941559433933,-1529.7988522786318,2872.999934005738,False,False,-1579.8972063453252,-1531.172642662836,2898.999924087525,False,False,-1531.594078002262,-1484.9114359507291,2904.940258772472,False,False,-1457.179579423541,-1416.3695464131797,2945.56898315595,False,False,-1488.4701592444294,-1462.8237475929943,2951.999903869629,True,False,-1573.8727572821467,-1532.903528746523,2982.999892044068,True,True,-1572.6697771800593,-1524.723953907754,2989.429982117626,True,False,-1457.9097212458355,-1417.631443897668,3026.9998752593997,False,False,-1441.0326023168386,-1426.797174251918,3033.8853034551807,False,False,0.0058842545327601374,2759.20530466495,0.12474115459691873,2774.004958807175,-0.007389740328506849,2855.0151111779733,0.06459302326243957,2868.2623766876964,-0.0020680897010430877,2902.8151871031127,-0.12600547241791732,2973.97645224963,0.020726789916834427,2985.86040567062,-0.32139102727934543,2985.5182878534238
230,17.68476206343621,1782851012.6144729,0.010883541777729988,-1423.8499969434852,-1406.0195036219702,2715.9999938964847,False,False,-1386.229759757924,-1362.2854250084056,2720.771614496614,False,False,-1469.739615490418,-1450.6457743680653,2770.99997291565,False,False,-1558.2419735917108,-1511.3005883791302,2777.6248020826647,False,False,-1535.3023061405386,-1496.2640660818536,2816.709009497122,False,False,-1454.182516734419,-1417.3165938197267,2822.9999530792243,True,True,-1480.8612433902863,-1464.0707919430265,2866.303001911963,True,True,-1572.5501940887,-1532.0935981294128,2872.999934005738,False,False,-1580.3635617568848,-1528.6555491029126,2898.999924087525,True,False,-1537.4543188556408,-1490.154630620167,2904.940258772472,False,False,-1457.8372971238193,-1420.7974065470548,2945.56898315595,False,False,-1496.0249870098116,-1462.0700568511784,2951.999903869629,False,True,-1573.171851025461,-1522.5214261698811,2982.999892044068,False,False,-1565.3225326282973,-1518.8433383256408,2989.429982117626,False,True,-1463.3303466087966,-1418.5331326221842,3026.9998752593997,False,False,-1442.800580737843,-1429.1109560778798,3033.8853034551807,False,False,0.16795688428950098,2759.367377294707,0.07918085871035238,2773.959398511289,-0.0010533780087214185,2855.021447540293,0.07745903666207846,2868.275242701096,-0.011233367089586587,2902.806021825724,-0.03178806398901968,2974.0706696580587,-0.011708488745022042,2985.827970391958,-0.3835530569531525,2985.45612582375
231,17.78321647970006,1782851012.712739,0.010623124428093433,-1422.9736192193661,-1405.3364137909955,2715.9999938964847,False,False,-1379.1077375676255,-1362.175754195067,2720.771614496614,False,True,-1467.2654965308554,-1447.0160803252134,2770.99997291565,True,False,-1560.113647339304,-1507.7215698260843,2777.6248020826647,True,False,-1540.61573035425,-1494.6855656080936,2816.709009497122,True,True,-1454.182516734419,-1407.5190115230612,2822.9999530792243,True,False,-1480.8547681633402,-1454.169265213803,2866.303001911963,True,False,-1562.8905584252834,-1521.047489072959,2872.999934005738,False,False,-1580.7762508787482,-1521.881281902375,2898.999924087525,True,False,-1529.2748815600453,-1479.8303649478862,2904.940258772472,False,False,-1447.7339624659965,-1411.370927957942,2945.56898315595,False,False,-1491.383542195189,-1456.1245682672618,2951.999903869629,True,False,-1573.171851025461,-1519.2327979337956,2982.999892044068,True,False,-1563.947704557264,-1522.390877831097,2989.429982117626,False,False,-1450.5661980010393,-1413.390744872696,3026.9998752593997,False,False,-1443.3313690130512,-1421.6408197573128,3033.8853034551807,False,False,-0.004119592680907149,2759.195300817736,0.09182163726991881,2773.972039289848,0.03215757436307303,2855.054658492665,0.04749019425179762,2868.2452738586853,-0.02849106237682995,2902.788764130437,-0.017313934239964215,2974.0851437878077,-0.036046868316178406,2985.803632012387,-0.19255224018894618,2985.647126640514
232,17.859693604521453,1782851012.788932,0.010082459077239037,-1419.9772977351224,-1403.940280282422,2715.9999938964847,False,False,-1379.1077375676255,-1362.3684751046856,2720.771614496614,True,False,-1472.1752773787327,-1453.241689335819,2770.99997291565,False,False,-1558.459884769386,-1510.9356114558182,2777.6248020826647,True,False,-1537.0971971757801,-1493.5715255066175,2816.709009497122,False,True,-1454.0300883332825,-1418.659462970321,2822.9999530792243,True,False,-1480.8547681633402,-1459.2306553168078,2866.303001911963,True,True,-1570.702018828132,-1528.796983219733,2872.999934005738,True,True,-1579.8972063453252,-1533.3469113916312,2898.999924087525,True,False,-1529.2748815600453,-1491.2648959256655,2904.940258772472,True,False,-1454.130646147263,-1425.6789528379745,2945.56898315595,True,False,-1495.2584940550785,-1469.011454289819,2951.999903869629,False,False,-1573.171851025461,-1523.0834504997404,2982.999892044068,True,True,-1572.1091726014001,-1528.081355258734,2989.429982117626,False,False,-1465.108845554299,-1421.2759589815694,3026.9998752593997,False,False,-1451.6685988935415,-1421.6408197573128,3033.8853034551807,False,True,0.029645892253716367,2759.229066302671,0.08151261219192205,2773.9617302647703,-0.055844761373457855,2854.9666561569284,0.06529326757508419,2868.263076932009,-0.02624742056725344,2902.7910077722463,-0.023338523712337963,2974.0791191983353,-0.01789241885997503,2985.821786461843,-0.16942988183768248,2985.6702489988656
233,17.93576650088653,1782851012.8652449,0.010493666864931583,-1417.6987712809855,-1403.940280282422,2715.9999938964847,False,True,-1383.2505517009506,-1354.743197725953,2720.771614496614,True,False,-1460.9344056606658,-1444.131841244613,2770.99997291565,False,False,-1554.1450866521993,-1506.9242213528137,2777.6248020826647,False,False,-1538.9476556530242,-1501.4050967386986,2816.709009497122,False,False,-1451.972986520769,-1409.8064446617966,2822.9999530792243,False,False,-1479.4453113060486,-1457.6015175596785,2866.303001911963,False,False,-1573.652381025155,-1527.6779930922762,2872.999934005738,False,False,-1575.2563086468806,-1526.6170767490908,2898.999924087525,False,False,-1529.6824005868507,-1483.2741372986522,2904.940258772472,False,False,-1455.0527401656632,-1417.6261439007244,2945.56898315595,True,False,-1491.4796283277806,-1459.9342069871932,2951.999903869629,False,False,-1572.3404483907448,-1527.6784423999757,2982.999892044068,False,False,-1571.7654843047956,-1523.360946908335,2989.429982117626,False,False,-1459.4946281749549,-1412.7961487911482,3026.9998752593997,True,False,-1444.0351697894062,-1426.54363633585,3033.8853034551807,False,False,0.3857551433555845,2759.585175553773,0.08715696393390818,2773.967374616512,0.06506373554611884,2855.087564653848,0.07834272688983898,2868.2761263913235,-0.0030885296187832746,2902.814166663195,-0.05354162706841946,2974.048916094979,0.011154454429917252,2985.850833335133,-0.3624867812624722,2985.477192099441
234,18.048041604924947,1782851012.977474,0.010450459085404873,-1418.0538496805943,-1395.6372222392029,2715.9999938964847,False,False,-1384.8113442552801,-1357.3433643060184,2720.771614496614,False,False,-1461.786097441697,-1444.0533606382003,2770.99997291565,False,False,-1555.1251306660145,-1506.1760797139102,2777.6248020826647,False,False,-1539.4027187700583,-1497.9782651221078,2816.709009497122,False,False,-1452.3105419201027,-1415.0019393587431,2822.9999530792243,False,False,-1480.8547681633402,-1457.6015175596785,2866.303001911963,True,True,-1572.5501940887,-1531.2207491518172,2872.999934005738,True,False,-1580.252040223737,-1528.6555491029126,2898.999924087525,False,True,-1536.653765626433,-1483.2741372986522,2904.940258772472,False,True,-1458.1739477947244,-1425.6946419292724,2945.56898315595,False,False,-1491.4796283277806,-1462.0516184246721,2951.999903869629,True,True,-1572.3404483907448,-1524.8818977901396,2982.999892044068,True,True,-1575.1196136565088,-1520.9624996179357,2989.429982117626,False,False,-1464.400709111471,-1418.5331326221842,3026.9998752593997,False,True,-1446.5416450163523,-1426.6160268362014,3033.8853034551807,False,False,0.14323859425174923,2759.342659004669,0.08944945576626351,2773.9696671083443,-0.017074913570443988,2855.0054260047314,0.057237468479758614,2868.2550211329135,0.012044465003510531,2902.829299657817,-0.029638858127128666,2974.0728188639205,0.019696117900404743,2985.8593749986035,-0.320210367628633,2985.5194685130746
235,18.124619250185788,1782851013.053963,0.010284999385476112,-1412.6268117492434,-1404.369049729498,2715.9999938964847,False,False,-1378.0005853226153,-1360.6067839349575,2720.771614496614,False,False,-1464.6416098664301,-1449.5233609438517,2770.99997291565,False,False,-1557.5370724699696,-1505.398166091023,2777.6248020826647,False,False,-1534.9392318977903,-1491.1797964361035,2816.709009497122,False,False,-1453.980713390592,-1410.583586514656,2822.9999530792243,False,False,-1474.5731744964392,-1454.3131827490295,2866.303001911963,False,False,-1568.580257969863,-1529.7988522786318,2872.999934005738,False,True,-1579.8972063453252,-1528.6555491029126,2898.999924087525,True,True,-1527.4855335146865,-1483.5533422991107,2904.940258772472,False,True,-1454.130646147263,-1413.129460219458,2945.56898315595,True,False,-1493.3753919980436,-1457.6440978696094,2951.999903869629,True,False,-1565.0356511905125,-1523.1055949506372,2982.999892044068,False,False,-1570.0380245743804,-1523.360946908335,2989.429982117626,True,True,-1459.4946281749549,-1418.5331326221842,3026.9998752593997,True,True,-1446.5416450163523,-1426.6160268362014,3033.8853034551807,True,True,0.23688037266432257,2759.4363007830816,0.1070825559125841,2773.987300208491,0.01883600331357748,2855.0413369216153,0.059216269057675575,2868.2569999334914,-0.021061315066867925,2902.7961938777466,-0.05027948925527465,2974.0521782327924,0.013666420213254824,2985.8533453009163,-0.259915342729978,2985.579763537973
236,18.20128137571737,1782851013.1307478,0.01050433237105608,-1414.3305437540116,-1399.0618485802488,2715.9999938964847,False,False,-1379.2507289788186,-1355.1102729467862,2720.771614496614,False,False,-1468.233951768194,-1450.7734587523305,2770.99997291565,False,False,-1557.6014289207446,-1510.476295198215,2777.6248020826647,False,False,-1540.5744979674178,-1494.994133019531,2816.709009497122,False,False,-1453.6860561787448,-1411.6942124889204,2822.9999530792243,False,False,-1477.0649753950545,-1461.544383653758,2866.303001911963,False,False,-1572.4153987223767,-1526.7734419414983,2872.999934005738,False,False,-1581.022138337867,-1529.0096142678117,2898.999924087525,False,False,-1528.4121878534095,-1476.4667817953969,2904.940258772472,False,False,-1452.577442919583,-1411.6756227649234,2945.56898315595,False,False,-1491.4796283277806,-1456.9798468686006,2951.999903869629,True,False,-1567.7839701072837,-1520.9532567166916,2982.999892044068,False,False,-1568.883265580585,-1522.390877831097,2989.429982117626,True,True,-1451.0367958553659,-1416.9852767674297,3026.9998752593997,False,False,-1441.6245453433992,-1420.0143335269127,3033.8853034551807,False,False,0.23677935906772762,2759.436199769485,0.08477991462421039,2773.9649975672023,-0.009856063890061441,2855.012644854412,0.09995003613662268,2868.2977337005705,0.0062792080913844,2902.823534400905,-0.059143402858125665,2974.04331431919,-0.00110379403012216,2985.838575086673,-0.1536360356804487,2985.6860428450227
237,18.279173875693232,1782851013.2087302,0.010715666227042675,-1421.9947764159308,-1400.0175826023167,2715.9999938964847,False,False,-1387.052634715897,-1358.9948390744871,2720.771614496614,False,False,-1463.2499449827305,-1454.7582403643364,2770.99997291565,False,False,-1557.5370724699696,-1515.600253690742,2777.6248020826647,True,False,-1537.0971971757801,-1496.4362365131278,2816.709009497122,True,False,-1452.8112403337714,-1411.453718250451,2822.9999530792243,False,False,-1482.1807745208912,-1460.4988064309073,2866.303001911963,False,False,-1568.590336827949,-1522.4421600391236,2872.999934005738,False,False,-1570.799596540025,-1520.1536937983312,2898.999924087525,False,False,-1532.5143457529723,-1486.7074456704468,2904.940258772472,False,False,-1454.6988721459793,-1414.6661949445245,2945.56898315595,False,False,-1488.9101094232358,-1459.395314362564,2951.999903869629,False,False,-1566.934619616713,-1528.9684078613566,2982.999892044068,True,False,-1568.6845233364918,-1520.1253354525172,2989.429982117626,False,False,-1451.6865070147019,-1419.6164562765534,3026.9998752593997,True,False,-1450.1299905248034,-1428.6319390530914,3033.8853034551807,False,False,0.16978025832648078,2759.369200668744,0.09658918805920792,2773.9768068406374,0.028250234365014,2855.0507511526666,0.08020004924691998,2868.2779837136804,-0.013502225320421123,2902.8037529674934,-0.09018793340493464,2974.0122697886427,0.031241304849989722,2985.870920185553,-0.13149522234840139,2985.7081836583548
238,18.366238875314593,1782851013.295935,0.010990500450134277,-1419.6103080967082,-1407.622764923434,2715.9999938964847,False,False,-1386.0561833297675,-1361.3652413118562,2720.771614496614,False,False,-1464.9760827704251,-1448.2328162728854,2770.99997291565,False,False,-1552.4149081517255,-1502.692514594859,2777.6248020826647,False,False,-1537.102822691567,-1496.2640660818536,2816.709009497122,False,True,-1446.07808173121,-1405.2512715102241,2822.9999530792243,False,False,-1473.6107864412993,-1457.6015175596785,2866.303001911963,False,True,-1571.476972216279,-1521.2608628541736,2872.999934005738,False,False,-1571.6940504936274,-1522.5500947519638,2898.999924087525,False,False,-1526.283774490326,-1484.9114359507291,2904.940258772472,False,True,-1456.292181434728,-1416.4475242228812,2945.56898315595,False,False,-1488.8255295412168,-1456.1092704098787,2951.999903869629,False,False,-1564.3916480728672,-1521.7082709294864,2982.999892044068,False,False,-1568.7761637680712,-1527.3358116575478,2989.429982117626,False,False,-1451.7092795794235,-1417.631443897668,3026.9998752593997,False,True,-1441.7508680502492,-1422.3900372894827,3033.8853034551807,False,False,0.3301025363293785,2759.5295229467465,0.09523890991398029,2773.975456562492,0.023337961254777478,2855.0458388795564,0.11421603989788803,2868.311999704332,-0.023797275816420133,2902.7934579169973,-0.06323976513537813,2974.0392179569126,-0.004028515351686909,2985.8356503653513,-0.18178144259458265,2985.6578974381086
239,18.44476570887491,1782851013.374264,0.01060191635042429,-1419.6103080967082,-1402.411142525293,2715.9999938964847,True,True,-1386.8952226671147,-1364.5174695112632,2720.771614496614,False,False,-1463.2499449827305,-1454.2581043494208,2770.99997291565,True,False,-1565.4412323868326,-1515.834234495828,2777.6248020826647,False,False,-1544.1355717211236,-1497.4179768927468,2816.709009497122,False,False,-1455.9535547269006,-1410.6811733960938,2822.9999530792243,False,False,-1482.8507473179081,-1465.1401075893266,2866.303001911963,False,False,-1571.476972216279,-1528.3126035394444,2872.999934005738,True,False,-1578.7737857994316,-1532.2158449735612,2898.999924087525,True,False,-1531.14879267659,-1488.5569841366873,2904.940258772472,False,False,-1459.9804352477304,-1416.4475242228812,2945.56898315595,False,True,-1496.5361341198764,-1459.395314362564,2951.999903869629,False,True,-1567.7839701072837,-1523.1055949506372,2982.999892044068,True,True,-1568.6845233364918,-1525.7436760705446,2989.429982117626,True,False,-1451.7092795794235,-1423.1719182687898,3026.9998752593997,True,False,-1451.2689702601097,-1425.890139682734,3033.8853034551807,False,False,0.14190437917439797,2759.3413247895915,0.11742563907232516,2773.9976432916505,0.011857264771545596,2855.0343581830734,0.08377172104487052,2868.2815553854784,-0.009556486968624352,2902.8076987058453,-0.05902532271116527,2974.043432399337,-0.005224613318307501,2985.834454267385,-0.03928401134003547,2985.800394869363
240,18.521897084079683,1782851013.451127,0.010076500475406647,-1422.3119738973623,-1403.940280282422,2715.9999938964847,False,True,-1377.2267261668244,-1355.1202708072256,2720.771614496614,False,False,-1464.6416098664301,-1448.8105740135097,2770.99997291565,True,False,-1558.0949124308465,-1510.0250588379129,2777.6248020826647,False,False,-1543.7734511110432,-1489.2021303909282,2816.709009497122,False,False,-1451.67728703732,-1411.9806950515024,2822.9999530792243,False,False,-1472.3571491884954,-1452.5351667328912,2866.303001911963,False,False,-1572.4153987223767,-1528.076895803405,2872.999934005738,True,False,-1573.8277898340311,-1528.6555491029126,2898.999924087525,False,True,-1525.980742427484,-1485.3999770761377,2904.940258772472,False,False,-1451.5851117156221,-1414.4335177430692,2945.56898315595,False,False,-1495.6860195005654,-1461.1840831983372,2951.999903869629,False,False,-1569.467185255372,-1524.0671501054499,2982.999892044068,False,False,-1562.6153391203347,-1523.360946908335,2989.429982117626,False,True,-1456.3068007457898,-1416.85338509032,3026.9998752593997,False,False,-1441.0540315432345,-1419.6358345814103,3033.8853034551807,False,False,0.11073958334720024,2759.3101599937645,0.09249246100833254,2773.972710113587,-0.11316729989293708,2854.9093336184087,0.07969737894945003,2868.277481043383,-0.0120213151524007,2902.8052338776615,-0.02964156689054921,2974.0728161551574,-0.017658562283623752,2985.8220203184196,-0.2224295342245787,2985.6172493464787
241,18.598748959135264,1782851013.5282362,0.010578750632703304,-1418.615167955497,-1405.91017361005,2715.9999938964847,False,False,-1386.002781428615,-1358.9948390744871,2720.771614496614,False,True,-1469.5967876027753,-1454.9037457590853,2770.99997291565,False,False,-1557.6014289207446,-1514.6740761683527,2777.6248020826647,True,False,-1538.9476556530242,-1496.2640660818536,2816.709009497122,True,True,-1452.3105419201027,-1410.6811733960938,2822.9999530792243,True,True,-1484.5912858758443,-1460.4988064309073,2866.303001911963,False,True,-1572.4153987223767,-1530.0817327383318,2872.999934005738,True,False,-1575.2563086468806,-1531.7117614695726,2898.999924087525,True,False,-1532.0757801754437,-1488.7163905614816,2904.940258772472,False,False,-1454.6988721459793,-1416.4475242228812,2945.56898315595,True,True,-1490.302263349329,-1459.9342069871932,2951.999903869629,False,True,-1574.8481232998136,-1527.552304612281,2982.999892044068,False,False,-1567.9218326863709,-1523.9322752697374,2989.429982117626,False,False,-1462.6216920866827,-1421.2732478527982,3026.9998752593997,False,False,-1446.5739982272212,-1431.1018109851148,3033.8853034551807,False,False,0.3718215297913553,2759.5712419402084,0.0807029492751335,2773.9609206018536,0.013045138395493655,2855.0355460566975,0.057929417902686534,2868.2557130823366,0.003754629170407979,2902.8210098219843,-0.06929858527702577,2974.033159136771,-0.009206054044967035,2985.830472826658,-0.31870574965255377,2985.5209731310506
242,18.676570458803326,1782851013.605921,0.010268083773553371,-1419.6103080967082,-1403.940280282422,2715.9999938964847,True,True,-1384.8113442552801,-1358.9948390744871,2720.771614496614,True,True,-1470.5680777577404,-1449.5233609438517,2770.99997291565,False,True,-1557.6014289207446,-1504.5029862151175,2777.6248020826647,True,False,-1538.3483647644957,-1494.5276797994925,2816.709009497122,False,False,-1453.3511737017452,-1411.453718250451,2822.9999530792243,False,True,-1479.4453113060486,-1469.518329920225,2866.303001911963,True,False,-1569.251960754348,-1532.640960357001,2872.999934005738,False,False,-1575.2563086468806,-1529.2978818351314,2898.999924087525,True,False,-1534.6573218815906,-1487.8616208698843,2904.940258772472,False,False,-1458.4964513861294,-1416.4475242228812,2945.56898315595,False,True,-1497.9404590885474,-1459.9342069871932,2951.999903869629,False,True,-1572.3404483907448,-1527.552304612281,2982.999892044068,True,True,-1572.9762432374605,-1528.350796222148,2989.429982117626,False,False,-1459.0470198979124,-1421.8907173640614,3026.9998752593997,False,False,-1448.4694654155333,-1425.890139682734,3033.8853034551807,False,True,0.26884148199388935,2759.468261892411,0.0919073823828286,2773.972125034961,0.00481752100460559,2855.0273184393063,0.08883856958750316,2868.2866222340213,0.007543374203929863,2902.8247985670178,-0.04080669171476061,2974.061651030333,-0.0005348396889878356,2985.839144041014,-0.1795024034905031,2985.6601764772126
243,18.75321768783033,1782851013.682585,0.010340292006731033,-1423.951109514931,-1406.650232295137,2715.9999938964847,False,False,-1389.9314836323624,-1360.6067839349575,2720.771614496614,False,True,-1464.9760827704251,-1450.7734587523305,2770.99997291565,True,True,-1558.0949124308465,-1510.0250588379129,2777.6248020826647,True,True,-1539.4027187700583,-1496.4362365131278,2816.709009497122,True,True,-1453.3511737017452,-1411.6942124889204,2822.9999530792243,True,True,-1482.1807745208912,-1465.1401075893266,2866.303001911963,True,True,-1572.4153987223767,-1534.4918452180825,2872.999934005738,True,False,-1580.252040223737,-1529.0096142678117,2898.999924087525,True,True,-1531.14879267659,-1491.807567931045,2904.940258772472,True,False,-1462.1313567869915,-1423.6008802763088,2945.56898315595,False,False,-1497.5859553137514,-1461.1840831983372,2951.999903869629,False,True,-1579.2096799828835,-1527.6784423999757,2982.999892044068,False,True,-1568.7761637680712,-1523.360946908335,2989.429982117626,True,True,-1459.0470198979124,-1427.1170324296238,3026.9998752593997,True,False,-1443.281446954183,-1424.1115734939024,3033.8853034551807,False,False,0.3174958409423817,2759.5169162513594,0.097523577410624,2773.977741229989,0.010559161336249462,2855.0330600796383,0.06784304693212535,2868.2656267113657,-0.0384908369434989,2902.7787643558704,-0.024047493340016556,2974.078410228708,-0.01721390720628142,2985.8224649734966,-0.15538249465367118,2985.6842963860495
244,18.862080313265324,1782851013.791745,0.010946208611130714,-1417.9920484763272,-1404.369049729498,2715.9999938964847,False,True,-1386.002781428615,-1360.6067839349575,2720.771614496614,True,True,-1457.1872237674604,-1452.4181786227343,2770.99997291565,False,False,-1556.119842895131,-1502.6508252590397,2777.6248020826647,False,False,-1540.5744979674178,-1488.6570208148669,2816.709009497122,True,False,-1457.3149035669526,-1411.6942124889204,2822.9999530792243,False,True,-1477.1383699605708,-1465.1401075893266,2866.303001911963,False,True,-1572.4153987223767,-1528.076895803405,2872.999934005738,True,True,-1580.252040223737,-1529.0096142678117,2898.999924087525,True,True,-1531.14879267659,-1486.7074456704468,2904.940258772472,True,True,-1450.9887718922885,-1417.6261439007244,2945.56898315595,False,True,-1487.1948940917566,-1453.5379267659014,2951.999903869629,False,False,-1571.7397255249564,-1520.3616208698843,2982.999892044068,False,False,-1565.3210517467985,-1519.5601919491396,2989.429982117626,False,False,-1459.8113075771005,-1413.5994773359419,3026.9998752593997,False,False,-1442.380086805025,-1429.9451049912889,3033.8853034551807,False,False,0.3075949439218376,2759.507015354339,0.14289403305372134,2774.023111685632,-0.03394943574697369,2854.988551482555,0.10799604322263728,2868.3057797076563,-0.019515060900572555,2902.797740131913,-0.004232729092391137,2974.0982249929552,-0.016157958145123847,2985.823520922558,-0.4183144015640244,2985.421364479139
245,18.940377375576645,1782851013.869706,0.0102698327973485,-1419.6903582235534,-1408.346341351591,2715.9999938964847,False,False,-1380.8194669437908,-1360.8956001467127,2720.771614496614,False,False,-1464.4459867958553,-1457.3241296573647,2770.99997291565,False,False,-1563.2978955894491,-1514.2382828498944,2777.6248020826647,False,False,-1541.3492496255772,-1494.994133019531,2816.709009497122,False,True,-1461.5337974141883,-1409.7207583213617,2822.9999530792243,False,False,-1486.3136121893817,-1468.2514594858937,2866.303001911963,False,False,-1573.9594981202433,-1534.1083962465996,2872.999934005738,False,False,-1582.7494009230675,-1529.951986734725,2898.999924087525,False,False,-1531.14879267659,-1487.2737582907966,2904.940258772472,True,False,-1455.1319268270317,-1416.4475242228812,2945.56898315595,False,True,-1490.302263349329,-1461.7964544426445,2951.999903869629,True,False,-1577.8399196136563,-1527.552304612281,2982.999892044068,False,True,-1564.7672005379468,-1525.502457438029,2989.429982117626,False,False,-1456.9211021792948,-1422.518762417092,3026.9998752593997,False,False,-1438.6889002659168,-1428.6162438487638,3033.8853034551807,False,False,0.22595582055726454,2759.4253762309745,0.12171326704620522,2774.0019309196246,0.07624337885824178,2855.09874429716,0.07091060423139298,2868.268694268665,-0.02699487053453665,2902.790260322279,-0.08723911204311109,2974.0152186100045,-0.03154241472299516,2985.80813646598,-0.29869739785015087,2985.540981482853
246,19.01782716717571,1782851013.947306,0.010562334209680557,-1416.0443882385302,-1399.7119418039551,2715.9999938964847,False,False,-1386.002781428615,-1356.3744047437112,2720.771614496614,True,False,-1463.0346471253474,-1448.4005043249686,2770.99997291565,False,False,-1562.2663462420148,-1506.4139422929973,2777.6248020826647,False,False,-1541.3492496255772,-1494.994133019531,2816.709009497122,True,True,-1449.2198031604364,-1407.8151266925452,2822.9999530792243,False,False,-1481.4588852889935,-1464.9540789192165,2866.303001911963,False,False,-1571.2656264327416,-1527.5355487972615,2872.999934005738,False,False,-1577.8765060977476,-1531.0602454381517,2898.999924087525,False,False,-1534.0174557569458,-1490.8738438732157,2904.940258772472,False,False,-1457.962852645414,-1420.41991013846,2945.56898315595,False,False,-1485.5862181740379,-1461.873504600055,2951.999903869629,False,False,-1575.382903383562,-1526.1829584008312,2982.999892044068,False,False,-1568.8253461503195,-1523.484425528013,2989.429982117626,False,False,-1457.3550814561238,-1424.8239722468438,3026.9998752593997,False,False,-1448.0916190359753,-1428.0095439679676,3033.8853034551807,False,False,0.3491329038526796,2759.5485533142696,0.11932788042060381,2773.999545532999,-0.02117665634727415,2855.001324261955,0.09002690040472437,2868.2878105648383,-0.008834299766995478,2902.808420893047,-0.11404391996223585,2973.9884138020857,-0.010874698983695932,2985.8288041817195,-0.15286945950295006,2985.6868094212
247,19.09554604208097,1782851014.0248032,0.010077250190079212,-1419.6903582235534,-1410.3538435675641,2715.9999938964847,True,False,-1386.002781428615,-1360.8956001467127,2720.771614496614,True,True,-1464.9760827704251,-1454.2581043494208,2770.99997291565,True,True,-1563.2978955894491,-1510.476295198215,2777.6248020826647,True,True,-1541.3492496255772,-1494.994133019531,2816.709009497122,True,True,-1453.6860561787448,-1411.453718250451,2822.9999530792243,True,True,-1482.1807745208912,-1465.1401075893266,2866.303001911963,True,True,-1571.476972216279,-1528.076895803405,2872.999934005738,True,True,-1588.2154522113885,-1529.2978818351314,2898.999924087525,False,True,-1539.768682947703,-1488.698106488981,2904.940258772472,False,False,-1456.292181434728,-1420.41991013846,2945.56898315595,True,True,-1490.302263349329,-1461.7964544426445,2951.999903869629,True,True,-1575.138039856955,-1527.552304612281,2982.999892044068,True,True,-1568.6845233364918,-1523.9322752697374,2989.429982117626,True,True,-1459.0470198979124,-1421.2732478527982,3026.9998752593997,True,True,-1443.281446954183,-1428.0095439679676,3033.8853034551807,True,True,0.4058726810937878,2759.6052930915107,0.12210330791790154,2774.002320960496,-0.014403352447615722,2855.0080975658543,0.0869653559835846,2868.284749020417,-0.022745213848694455,2902.794509978965,-0.06427232368751103,2974.0381853983604,-0.007841475064379716,2985.831837405639,-0.276895229950994,2985.562783650752
248,19.179940312635154,1782851014.1095612,0.01079187449067831,-1421.9947764159308,-1410.7352675978848,2715.9999938964847,True,False,-1386.0561833297675,-1361.3652413118562,2720.771614496614,True,True,-1468.9292615459854,-1460.9859293333743,2770.99997291565,False,False,-1561.1269278968118,-1514.2382828498944,2777.6248020826647,False,True,-1546.7761530702694,-1501.0481141302685,2816.709009497122,False,False,-1455.9535547269006,-1411.453718250451,2822.9999530792243,True,True,-1489.3751520616192,-1471.9133279334903,2866.303001911963,False,False,-1571.476972216279,-1528.3126035394444,2872.999934005738,True,True,-1584.611741602225,-1526.3563132316535,2898.999924087525,False,False,-1531.0578185652716,-1488.3351621481188,2904.940258772472,False,False,-1455.387986367943,-1420.779359354464,2945.56898315595,False,False,-1495.4883837148886,-1467.6943882385303,2951.999903869629,False,False,-1583.3106978023657,-1528.9684078613566,2982.999892044068,False,True,-1575.0409848091206,-1533.029165265764,2989.429982117626,False,False,-1462.7809655530764,-1426.7161154751352,3026.9998752593997,False,False,-1452.6136274719563,-1428.6162438487638,3033.8853034551807,False,True,0.3484543017922148,2759.5478747122092,0.11293721642749055,2773.9931548690056,0.014109706181669948,2855.0366106244833,0.08493672169482963,2868.2827203861284,-0.050990879280899605,2902.7662643135327,-0.060559053709094327,2974.0418986683385,-0.03574070147504322,2985.803938179228,-0.14784680792560448,2985.6918320727773
249,19.25849877204746,1782851014.187742,0.010034125298261642,-1422.3119738973623,-1405.0782651221077,2715.9999938964847,True,False,-1387.2473591710732,-1364.5174695112632,2720.771614496614,False,True,-1468.9292615459854,-1454.9037457590853,2770.99997291565,True,True,-1563.2978955894491,-1521.6143793746373,2777.6248020826647,True,False,-1547.0628434758687,-1497.4179768927468,2816.709009497122,False,True,-1457.3149035669526,-1411.9806950515024,2822.9999530792243,True,True,-1491.7988660329493,-1468.2514594858937,2866.303001911963,False,True,-1573.9594981202433,-1530.0817327383318,2872.999934005738,True,True,-1584.1964422165845,-1529.951986734725,2898.999924087525,True,True,-1532.0757801754437,-1491.4585506006053,2904.940258772472,True,False,-1457.962852645414,-1423.6008802763088,2945.56898315595,True,True,-1495.6860195005654,-1467.6943882385303,2951.999903869629,True,True,-1577.8399196136563,-1539.7506861876086,2982.999892044068,True,False,-1568.8253461503195,-1525.7436760705446,2989.429982117626,True,True,-1464.9362777760796,-1428.3101827795947,3026.9998752593997,False,False,-1446.5739982272212,-1433.8905278601342,3033.8853034551807,True,False,0.15071427552933028,2759.3501346859466,0.07854446453211417,2773.9587621171104,-0.013887339651852607,2855.00861357865,0.0655390889729926,2868.2633227534066,-0.04431039537644599,2902.772944797437,-0.0565804389890484,2974.045877283059,0.015369254534163325,2985.855048135237,-0.2928396727903958,2985.546839207913
250,19.340364709030837,1782851014.270015,0.010717417113482952,-1419.5972812299417,-1406.650232295137,2715.9999938964847,False,True,-1386.8952226671147,-1365.5280740899225,2720.771614496614,True,False,-1466.1321545373964,-1454.3409328483663,2770.99997291565,False,False,-1565.671568297827,-1515.0607986673594,2777.6248020826647,False,False,-1537.688010820063,-1501.0481141302685,2816.709009497122,False,True,-1461.5337974141883,-1420.3819329400617,2822.9999530792243,True,True,-1486.3136121893817,-1469.518329920225,2866.303001911963,True,True,-1580.0821942720909,-1532.640960357001,2872.999934005738,True,True,-1577.9541996515575,-1524.2325992603235,2898.999924087525,False,False,-1534.4479444936883,-1488.5569841366873,2904.940258772472,False,True,-1453.0483036341961,-1419.7775865757862,2945.56898315595,False,False,-1498.455558272458,-1467.5078139804996,2951.999903869629,False,False,-1574.3813063544947,-1537.8313674847936,2982.999892044068,False,True,-1571.2542057645871,-1520.6286471864778,2989.429982117626,False,False,-1458.899614879115,-1424.3055628572304,3026.9998752593997,False,False,-1443.5755937280314,-1425.5472231561573,3033.8853034551807,False,False,0.22108193887895547,2759.420502349296,0.11191659816409891,2773.9921342507423,0.06053132586478417,2855.0830322441666,0.10124498454829566,2868.299028648982,-0.023798782096638785,2902.793456410717,-0.02619422680935558,2974.0762634952384,0.04183692393432679,2985.8815158046373,-0.20295692203811694,2985.636721958665
251,19.421462521888316,1782851014.350682,0.010004624724388123,-1422.3119738973623,-1408.7562245927195,2715.9999938964847,True,False,-1393.4261821071614,-1363.0938151419753,2720.771614496614,False,False,-1475.5955741663356,-1457.7883776018582,2770.99997291565,False,False,-1565.1180884555429,-1510.8007824678302,2777.6248020826647,False,False,-1540.550336216646,-1495.5134884005256,2816.709009497122,False,False,-1454.6679035363877,-1417.6257511385518,2822.9999530792243,False,False,-1485.3019149066236,-1464.1683727114346,2866.303001911963,False,False,-1572.2382033805054,-1529.2735626738393,2872.999934005738,False,False,-1586.940077024177,-1529.951986734725,2898.999924087525,False,True,-1534.4479444936883,-1495.8030977779135,2904.940258772472,True,False,-1457.962852645414,-1423.6008802763088,2945.56898315595,True,True,-1499.468088455543,-1475.4594813094113,2951.999903869629,False,False,-1577.324928936027,-1534.1240975639575,2982.999892044068,False,False,-1564.84879878962,-1521.538207965278,2989.429982117626,False,False,-1466.846688266039,-1426.4771678332365,3026.9998752593997,False,False,-1451.7543433077606,-1437.4941513586211,3033.8853034551807,False,False,0.4333583574273267,2759.6327787678447,0.10501487688814003,2773.9852325294664,-0.05286450043655246,2854.9696364178653,0.07083840840731392,2868.268622072841,-0.06150790444189976,2902.755747288372,-0.08785435499097348,2974.0146033670567,0.001339926560625268,2985.841018807264,-0.32042857625578025,2985.5192503044473
252,19.501531646586955,1782851014.431075,0.010664625093340874,-1423.951109514931,-1413.4136779044534,2715.9999938964847,True,False,-1387.2473591710732,-1369.9754852217502,2720.771614496614,True,False,-1469.5967876027753,-1464.887277256472,2770.99997291565,True,False,-1565.671568297827,-1514.6740761683527,2777.6248020826647,True,True,-1541.3492496255772,-1506.7297582296665,2816.709009497122,True,False,-1459.1926536662897,-1422.495937891616,2822.9999530792243,False,False,-1488.1394534951246,-1469.518329920225,2866.303001911963,False,True,-1573.9594981202433,-1532.640960357001,2872.999934005738,True,True,-1584.611741602225,-1531.0602454381517,2898.999924087525,True,True,-1534.6573218815906,-1488.698106488981,2904.940258772472,True,True,-1458.4964513861294,-1426.9730384815234,2945.56898315595,True,True,-1505.1346593514074,-1468.6702081486687,2951.999903869629,False,True,-1577.1959715132805,-1532.9210853684629,2982.999892044068,False,False,-1565.9677980866218,-1526.4464865360515,2989.429982117626,False,False,-1462.6216920866827,-1424.8239722468438,3026.9998752593997,True,True,-1448.0916190359753,-1431.1018109851148,3033.8853034551807,True,True,0.17677754968025342,2759.376197960097,0.13472913728494954,2774.014946789863,0.03742155354945509,2855.059922471851,0.07408698405487832,2868.2718706484884,-0.02212159734040558,2902.795133595473,0.030572645761686536,2974.1330303678096,-0.013139795578003429,2985.826539085125,-0.25550906315400984,2985.584169817549
253,19.58153779245913,1782851014.5107,0.009941084310412407,-1429.8666167435892,-1404.2393449888436,2715.9999938964847,False,False,-1390.3665067090503,-1362.686713329462,2720.771614496614,False,False,-1469.9296848733075,-1455.4751719289666,2770.99997291565,False,False,-1565.671568297827,-1515.0607986673594,2777.6248020826647,True,True,-1548.3513891860503,-1501.0481141302685,2816.709009497122,False,True,-1465.2268560687107,-1423.5264052327536,2822.9999530792243,False,False,-1489.485162148119,-1469.5976052205274,2866.303001911963,False,False,-1579.7420866827642,-1532.3814423694105,2872.999934005738,False,False,-1586.940077024177,-1531.0602454381517,2898.999924087525,True,True,-1539.768682947703,-1488.6291606809914,2904.940258772472,True,False,-1457.223943209952,-1428.7988354677996,2945.56898315595,False,False,-1494.1646651587857,-1471.869271326833,2951.999903869629,False,False,-1580.5584726594736,-1537.3180410795608,2982.999892044068,False,True,-1574.0487896200752,-1523.1595332701654,2989.429982117626,False,False,-1467.1625057309657,-1424.790977167833,3026.9998752593997,False,False,-1441.1042959317786,-1431.4356328514227,3033.8853034551807,False,False,0.07077548982360496,2759.2701959002407,0.10384929174099568,2773.9840669443192,-0.029447196024740403,2854.993053722277,0.09009160905725568,2868.287875273491,-0.011555080204298542,2902.8057001126094,-0.05301966125742719,2974.04943806079,0.023204491229379735,2985.8628833719326,-0.40069739960490364,2985.4389814810984
254,19.69028072990477,1782851014.619796,0.010608291253447533,-1429.118629458691,-1406.650232295137,2715.9999938964847,False,True,-1395.6123085857505,-1365.5280740899225,2720.771614496614,False,True,-1476.6933047039765,-1463.3456750313292,2770.99997291565,False,False,-1567.7834963474645,-1514.257574044075,2777.6248020826647,False,False,-1548.1949552220558,-1506.9818519424155,2816.709009497122,False,False,-1461.6591863557173,-1425.8870663569398,2822.9999530792243,False,False,-1488.1394534951246,-1469.5976052205274,2866.303001911963,True,True,-1580.4815982516734,-1541.533157074304,2872.999934005738,False,False,-1583.9872405782928,-1537.887477458202,2898.999924087525,False,False,-1539.768682947703,-1488.698106488981,2904.940258772472,True,True,-1457.962852645414,-1433.1213757373844,2945.56898315595,True,False,-1499.9007503744228,-1468.534078613565,2951.999903869629,False,False,-1577.8399196136563,-1536.399822722132,2982.999892044068,True,False,-1579.1395008711067,-1527.164688082648,2989.429982117626,False,False,-1468.5951676498457,-1431.0790261943332,3026.9998752593997,False,False,-1448.0916190359753,-1431.4356328514227,3033.8853034551807,True,True,0.20786731335419012,2759.4072877237713,0.11602717790250913,2773.996244830481,-0.029987839270296815,2854.9925130790316,0.06559125582111136,2868.2633749202546,0.02333336783884764,2902.8405885606526,0.044961941015941954,2974.147419663064,0.031014606085648037,2985.8706934867887,-0.2541713256102042,2985.585507555093
255,19.76907829241827,1782851014.6983612,0.010171416215598583,-1428.5862410979003,-1415.9602714185287,2715.9999938964847,False,False,-1397.0805147171195,-1372.4416327902927,2720.771614496614,False,False,-1477.034060274475,-1465.5228352232784,2770.99997291565,False,False,-1565.7581991013847,-1519.382947703029,2777.6248020826647,False,False,-1546.7761530702694,-1505.2645902741692,2816.709009497122,True,False,-1463.6811000397347,-1423.6425833664455,2822.9999530792243,False,False,-1488.1394534951246,-1475.2720726227956,2866.303001911963,True,False,-1577.6608995323534,-1536.6465186294586,2872.999934005738,False,False,-1591.6802442155454,-1533.1402313781825,2898.999924087525,False,False,-1539.768682947703,-1494.1194791698504,2904.940258772472,True,False,-1462.1926292141702,-1428.7988354677996,2945.56898315595,False,True,-1495.7780985420422,-1475.8709783904392,2951.999903869629,False,False,-1574.462869456246,-1537.4253247547144,2982.999892044068,False,False,-1575.7971131216186,-1522.4937433138734,2989.429982117626,False,False,-1464.083533025644,-1421.8171210685578,3026.9998752593997,False,False,-1451.6780679768929,-1432.1042072928449,3033.8853034551807,False,False,0.3100288517433599,2759.5094492621606,0.1002824634868417,2773.9805001160653,0.007248731483897718,2855.0297496497856,0.09317637588493537,2868.2909600403186,-0.041123758853740346,2902.77613143396,-0.11039635214312574,2973.9920613699046,0.04796231625065511,2985.8876411969536,-0.2799680185957056,2985.5597108621073
256,19.84801522968337,1782851014.777559,0.010696624405682087,-1429.8666167435892,-1408.7562245927195,2715.9999938964847,True,True,-1393.4261821071614,-1369.9754852217502,2720.771614496614,True,True,-1475.5955741663356,-1460.9859293333743,2770.99997291565,True,True,-1565.7581991013847,-1512.5244353088606,2777.6248020826647,True,False,-1541.8011324387935,-1505.2645902741692,2816.709009497122,False,True,-1461.6591863557173,-1415.57729315035,2822.9999530792243,True,False,-1485.2571659993278,-1471.9133279334903,2866.303001911963,False,True,-1579.7420866827642,-1530.8772641134578,2872.999934005738,True,False,-1583.4969404285234,-1528.1360882721522,2898.999924087525,False,False,-1546.2934468319222,-1490.8738438732157,2904.940258772472,True,True,-1462.1926292141702,-1421.459776263105,2945.56898315595,True,False,-1494.966766512822,-1471.869271326833,2951.999903869629,False,True,-1572.8793639392366,-1536.399822722132,2982.999892044068,False,True,-1574.0487896200752,-1525.502457438029,2989.429982117626,True,True,-1464.9362777760796,-1426.4771678332365,3026.9998752593997,True,True,-1451.7543433077606,-1433.8905278601342,3033.8853034551807,True,True,0.07316857678517942,2759.272588987202,0.11146513590113463,2773.9916827884795,0.10985569111311855,2855.1323566094147,0.1185075909907084,2868.3162912554244,0.0050922550066512424,2902.8223474478204,-0.14479319585386524,2973.957664526194,0.03548728634306648,2985.8751661670462,-0.25283234729791654,2985.586846533405
257,19.93325143819675,1782851014.862452,0.009971541352570057,-1429.8666167435892,-1401.217188311887,2715.9999938964847,True,False,-1393.4261821071614,-1369.9754852217502,2720.771614496614,True,True,-1475.5955741663356,-1460.9859293333743,2770.99997291565,True,True,-1565.7581991013847,-1519.382947703029,2777.6248020826647,True,True,-1542.1611746186995,-1498.010110951493,2816.709009497122,False,False,-1461.6591863557173,-1416.0100513494515,2822.9999530792243,True,False,-1483.9898523703275,-1470.054945441208,2866.303001911963,False,False,-1576.6353990280281,-1530.9011431365957,2872.999934005738,False,False,-1576.6279013968272,-1526.5339915028885,2898.999924087525,False,False,-1532.5326848427424,-1490.8738438732157,2904.940258772472,False,True,-1458.790130513189,-1428.7988354677996,2945.56898315595,False,True,-1498.455558272458,-1471.869271326833,2951.999903869629,True,True,-1574.3911926521382,-1535.1976250878747,2982.999892044068,False,False,-1574.0487896200752,-1526.2279518293246,2989.429982117626,True,False,-1464.9362777760796,-1421.8760170553535,3026.9998752593997,True,False,-1444.4531925298775,-1433.8905278601342,3033.8853034551807,False,True,-0.1142059832162793,2759.0852144272008,0.09079221619727187,2773.9710098687756,0.036677092873673836,2855.0591780111754,0.10575682598354683,2868.303540490417,-0.026261923501707134,2902.790993269312,-0.03270071774235199,2974.0697570043053,0.02548656118612274,2985.865165441889,-0.39953691676334296,2985.44014196394
258,20.011977604590356,1782851014.9414709,0.010603709146380424,-1429.286948681114,-1405.4239707185868,2715.9999938964847,False,False,-1387.2610875080234,-1369.9754852217502,2720.771614496614,False,True,-1475.5955741663356,-1456.4905141058164,2770.99997291565,True,False,-1565.7581991013847,-1511.9636855457409,2777.6248020826647,True,False,-1541.1550004584774,-1501.6603218510256,2816.709009497122,False,False,-1456.5110982058259,-1418.762403337714,2822.9999530792243,False,False,-1491.7515236727083,-1464.794758076841,2866.303001911963,False,False,-1578.3807684078615,-1536.5799996943485,2872.999934005738,False,False,-1584.611741602225,-1526.0581822905522,2898.999924087525,True,False,-1535.3411911238807,-1482.7591114711004,2904.940258772472,False,False,-1463.9876791881898,-1427.5274658434453,2945.56898315595,False,False,-1497.9973668123607,-1471.4284485130054,2951.999903869629,False,False,-1578.3874560625975,-1533.5472521930496,2982.999892044068,False,False,-1577.179391447871,-1531.3555521594278,2989.429982117626,False,False,-1464.9362777760796,-1433.7165357459426,3026.9998752593997,True,False,-1445.7755371825046,-1436.7172800073358,3033.8853034551807,False,False,-0.14965843566049572,2759.0497619747566,0.09937249669408295,2773.9795901492726,0.004060797849541287,2855.0265617161513,0.04563546680560307,2868.243419131239,-0.015666058861113746,2902.801589133953,-0.08359707650602245,2974.0188606455417,0.003005031815737077,2985.8426839125186,-0.26970712093855403,2985.5699717597645
259,20.0908864592202,1782851015.020194,0.01018850039690733,-1429.286948681114,-1405.4239707185868,2715.9999938964847,True,True,-1390.3665067090503,-1365.5280740899225,2720.771614496614,True,True,-1469.9296848733075,-1457.7883776018582,2770.99997291565,True,True,-1565.671568297827,-1515.0607986673594,2777.6248020826647,True,True,-1548.7661124186204,-1501.6603218510256,2816.709009497122,False,True,-1459.1926536662897,-1427.4445548185956,2822.9999530792243,True,False,-1489.3751520616192,-1472.0050646452914,2866.303001911963,True,False,-1578.3807684078615,-1543.967189840144,2872.999934005738,True,False,-1584.611741602225,-1528.1360882721522,2898.999924087525,True,True,-1535.3411911238807,-1488.6291606809914,2904.940258772472,True,True,-1466.6041476908026,-1431.1541965950423,2945.56898315595,False,False,-1496.4797704557263,-1476.5486933398538,2951.999903869629,False,False,-1577.324928936027,-1534.1240975639575,2982.999892044068,True,True,-1574.0487896200752,-1526.2279518293246,2989.429982117626,True,True,-1464.9362777760796,-1426.4771678332365,3026.9998752593997,True,True,-1451.6780679768929,-1439.8407937769355,3033.8853034551807,True,False,0.04153122431511628,2759.240951634732,0.11093900004544173,2773.991156652624,-0.12109212215322958,2854.9014087961486,0.054389038360645355,2868.2521727027943,-0.0300619763136816,2902.7871932165,-0.12590229541868375,2973.976555426629,0.013935347170161552,2985.853614227873,-0.326699168539391,2985.5129797121635
260,20.169459979515523,1782851015.098837,0.010383791290223598,-1429.286948681114,-1406.4472949842589,2715.9999938964847,True,False,-1386.7639361799672,-1369.7536861570438,2720.771614496614,False,False,-1475.5955741663356,-1457.7883776018582,2770.99997291565,True,True,-1562.1338891096373,-1512.1675780175442,2777.6248020826647,False,False,-1545.8039749977074,-1505.2645902741692,2816.709009497122,False,True,-1457.1003132927835,-1420.6271708897514,2822.9999530792243,False,False,-1489.485162148119,-1467.71553626555,2866.303001911963,True,False,-1573.3986872268238,-1541.2165158785951,2872.999934005738,False,False,-1588.3208072256014,-1528.5837194730568,2898.999924087525,False,False,-1538.9868753247547,-1490.833513158297,2904.940258772472,False,False,-1456.2995185988934,-1422.5865131277317,2945.56898315595,False,False,-1497.9973668123607,-1475.5322584589053,2951.999903869629,True,False,-1582.4153513463948,-1540.0042485557967,2982.999892044068,False,False,-1580.236771403246,-1525.9887352141086,2989.429982117626,False,False,-1463.5325442430537,-1419.5997570070604,3026.9998752593997,False,False,-1453.142263960632,-1431.3135296634778,3033.8853034551807,False,False,-0.1310969387100438,2759.068323471707,0.09214178393558967,2773.9723594365137,-0.0166856086773245,2855.0058153096247,0.03136525409370084,2868.2291489185272,-0.03654223959767752,2902.780712953216,-0.09464428697722227,2974.0078134350706,0.035180618204771766,2985.874859498908,-0.2736453726994215,2985.566033508004
261,20.262506917119026,1782851015.1920378,0.010206416249275208,-1427.926185163676,-1406.4472949842589,2715.9999938964847,False,True,-1390.3665067090503,-1365.5280740899225,2720.771614496614,True,True,-1469.9296848733075,-1456.4905141058164,2770.99997291565,True,True,-1565.671568297827,-1521.5449506372834,2777.6248020826647,True,False,-1545.8039749977074,-1508.4817877556009,2816.709009497122,True,False,-1457.1003132927835,-1420.6271708897514,2822.9999530792243,True,True,-1495.1149539994499,-1474.7267964666685,2866.303001911963,False,False,-1577.6608995323534,-1536.5799996943485,2872.999934005738,True,True,-1592.5366781795396,-1528.5837194730568,2898.999924087525,False,True,-1545.9728000733562,-1490.833513158297,2904.940258772472,False,True,-1462.1926292141702,-1431.571076198918,2945.56898315595,True,False,-1496.4797704557263,-1479.362166457805,2951.999903869629,True,False,-1577.324928936027,-1534.1240975639575,2982.999892044068,True,True,-1574.7284133630833,-1524.6796222147507,2989.429982117626,False,False,-1463.5664578048109,-1429.3884051104928,3026.9998752593997,False,False,-1451.6780679768929,-1436.629273772045,3033.8853034551807,True,False,0.10011711136097821,2759.299537521778,0.08748097063930894,2773.9676986232175,0.012369536076898247,2855.0348704543785,0.06694546792514633,2868.2647291323588,-0.02615205755478157,2902.791103135259,-0.10967803188863648,2973.9927796901593,0.020493215720673395,2985.860172096424,-0.2342355091397765,2985.6054433715635
262,20.34561147959903,1782851015.275008,0.010302458889782429,-1429.118629458691,-1408.7562245927195,2715.9999938964847,True,True,-1393.4261821071614,-1362.8004920989088,2720.771614496614,True,False,-1469.0619081822904,-1457.7883776018582,2770.99997291565,False,True,-1563.2945517620806,-1508.793049484977,2777.6248020826647,False,False,-1548.1949552220558,-1497.695104991289,2816.709009497122,True,False,-1454.8998227221323,-1422.495937891616,2822.9999530792243,False,True,-1489.485162148119,-1470.054945441208,2866.303001911963,True,True,-1578.3807684078615,-1536.6465186294586,2872.999934005738,True,True,-1588.3208072256014,-1528.8197680105145,2898.999924087525,True,False,-1545.9728000733562,-1487.726854540453,2904.940258772472,True,False,-1458.2063988140721,-1424.8217532169822,2945.56898315595,False,False,-1500.600311764526,-1475.4594813094113,2951.999903869629,False,True,-1570.6472109300973,-1529.2697649539996,2982.999892044068,False,False,-1568.2436409206223,-1520.5741311856223,2989.429982117626,False,False,-1466.846688266039,-1422.2453113060487,3026.9998752593997,True,False,-1451.5336063820032,-1436.629273772045,3033.8853034551807,False,True,0.27512533360226354,2759.4745457440195,0.12559463937199034,2774.0058122919504,-0.14511514661551453,2854.8773857716865,0.07229541349689277,2868.2700790779304,0.0012469813232828101,2902.818502174137,-0.07139041020995916,2974.031067311838,0.018854227255112776,2985.858533107958,-0.3658489572037457,2985.4738299234996
263,20.430004438385367,1782851015.359502,0.01060929149389267,-1428.5862410979003,-1406.4472949842589,2715.9999938964847,True,True,-1390.3665067090503,-1369.7536861570438,2720.771614496614,True,True,-1469.9296848733075,-1456.4905141058164,2770.99997291565,True,True,-1570.342803435523,-1521.2555307638233,2777.6248020826647,False,False,-1553.8289161597945,-1509.2605220527553,2816.709009497122,False,False,-1459.1926536662897,-1422.495937891616,2822.9999530792243,True,True,-1489.485162148119,-1474.8157899562918,2866.303001911963,True,False,-1585.9422471497996,-1538.051824739432,2872.999934005738,False,False,-1588.3208072256014,-1528.8197680105145,2898.999924087525,True,True,-1546.2099275605954,-1490.833513158297,2904.940258772472,False,True,-1467.1127670629946,-1434.2642433597211,2945.56898315595,False,False,-1503.9325870342636,-1469.3000901671917,2951.999903869629,False,False,-1582.9167986062291,-1542.5786639973103,2982.999892044068,False,False,-1582.5206987193203,-1531.8572638078065,2989.429982117626,False,False,-1464.083533025644,-1424.790977167833,3026.9998752593997,True,True,-1457.8815187822843,-1432.1042072928449,3033.8853034551807,False,True,-0.02376014718091822,2759.1756602632363,0.10193163823561481,2773.982149290814,-0.049516322713212234,2854.9729845955885,0.1098823034420011,2868.307665967876,-0.009566122094030483,2902.80768907072,0.007461861686223065,2974.109919583734,0.030408816497952882,2985.870087697201,-0.16698153884755612,2985.6726973418554
264,20.5425207298249,1782851015.4718451,0.010276958346366882,-1435.499176269218,-1406.4472949842589,2715.9999938964847,False,True,-1391.4773741479964,-1372.2174007396766,2720.771614496614,False,False,-1469.9296848733075,-1462.4860424244275,2770.99997291565,True,False,-1565.7581991013847,-1521.0042134058747,2777.6248020826647,True,False,-1544.3628098542044,-1501.3517162331507,2816.709009497122,False,False,-1455.0466256074824,-1424.2919644221658,2822.9999530792243,False,False,-1496.1992985298166,-1470.054945441208,2866.303001911963,False,True,-1582.4788000122262,-1536.6465186294586,2872.999934005738,False,True,-1589.1463245407588,-1536.424511721735,2898.999924087525,False,False,-1538.9868753247547,-1496.5650136014915,2904.940258772472,True,False,-1465.3718174037963,-1424.0445899685178,2945.56898315595,False,False,-1496.4797704557263,-1474.2531069474585,2951.999903869629,True,False,-1578.880649203778,-1530.6804658128801,2982.999892044068,False,False,-1574.8244826848427,-1525.9887352141086,2989.429982117626,False,True,-1471.2554818595836,-1424.790977167833,3026.9998752593997,False,True,-1451.6780679768929,-1432.1042072928449,3033.8853034551807,True,True,-0.22716179960627345,2758.972258610811,0.10765516533159675,2773.9878728179096,-0.09359642156775339,2854.928904496734,0.06244096490520298,2868.260224629339,-0.03216637674308496,2902.7850888160706,-0.1557555884592197,2973.9467021335886,0.002254544940281398,2985.841933425643,-0.3302536647474764,2985.5094252159556
265,20.61712260497734,1782851015.5468202,0.011023375205695629,-1435.5502460494542,-1417.4818366598404,2715.9999938964847,False,False,-1392.9820689549774,-1364.9882721520921,2720.771614496614,False,False,-1476.6933047039765,-1468.0421523978362,2770.99997291565,True,False,-1565.7581991013847,-1514.257574044075,2777.6248020826647,True,True,-1545.8039749977074,-1501.6603218510256,2816.709009497122,True,True,-1464.9884540147327,-1422.9733364917322,2822.9999530792243,False,False,-1490.4367469511265,-1476.3706467585657,2866.303001911963,False,False,-1578.3807684078615,-1538.051824739432,2872.999934005738,True,True,-1589.1463245407588,-1535.5717960081915,2898.999924087525,True,False,-1550.0168337561513,-1487.884813705413,2904.940258772472,False,False,-1465.1853470672738,-1431.0674160222516,2945.56898315595,False,False,-1504.1509108414587,-1471.4284485130054,2951.999903869629,False,True,-1578.880649203778,-1536.399822722132,2982.999892044068,True,True,-1575.7971131216186,-1534.0561879145396,2989.429982117626,True,False,-1464.083533025644,-1429.3884051104928,3026.9998752593997,True,True,-1453.142263960632,-1440.1845539016413,3033.8853034551807,True,False,0.2663132052678226,2759.465733615685,0.12439228056196319,2774.0046099331403,0.0017209109307868477,2855.024221829233,0.0865623986898992,2868.2843460631234,0.037023223166319154,2902.85427841598,-0.017897545338729184,2974.084560176709,-0.0019328907718982422,2985.837745989931,-0.266305610584801,2985.5733732701183
266,20.69916889630258,1782851015.628497,0.010254541411995888,-1425.5592322034415,-1408.565082373078,2715.9999938964847,False,False,-1391.0128877953357,-1367.5180670599382,2720.771614496614,False,False,-1472.186812666198,-1458.387092337317,2770.99997291565,False,False,-1563.0636305284713,-1519.382947703029,2777.6248020826647,False,True,-1545.8039749977074,-1497.064200568512,2816.709009497122,True,False,-1457.1003132927835,-1426.5371641654185,2822.9999530792243,True,False,-1490.8537182504508,-1475.9900189503928,2866.303001911963,False,False,-1575.3994116208698,-1535.4953281168812,2872.999934005738,False,False,-1585.4447580768406,-1535.5290903811474,2898.999924087525,False,False,-1542.031514197512,-1494.3214903566952,2904.940258772472,False,False,-1461.7046978634962,-1424.8217532169822,2945.56898315595,False,True,-1500.4720879053702,-1472.892642968487,2951.999903869629,False,False,-1582.4211342727024,-1530.293544640401,2982.999892044068,False,False,-1579.3796191582358,-1525.3448497722895,2989.429982117626,False,False,-1471.1655087569152,-1427.3710227099061,3026.9998752593997,False,False,-1453.6997218571382,-1433.0169223950852,3033.8853034551807,False,False,0.17552983539765965,2759.374950245815,0.08532445884945045,2773.9655421114276,-0.14768094000100143,2854.874819978301,0.08253912860497073,2868.2803227930385,-0.0031236695617074656,2902.814131523252,-0.07998992076587483,2974.022467801282,0.005977054600531388,2985.8456559353035,-0.2832758600880695,2985.556403020615
267,20.77376325055957,1782851015.7033868,0.010870000347495079,-1427.926185163676,-1408.565082373078,2715.9999938964847,True,True,-1391.0128877953357,-1367.5180670599382,2720.771614496614,True,True,-1472.186812666198,-1458.387092337317,2770.99997291565,True,True,-1563.2945517620806,-1512.5244353088606,2777.6248020826647,True,True,-1544.3628098542044,-1501.3517162331507,2816.709009497122,True,True,-1457.1003132927835,-1422.9733364917322,2822.9999530792243,True,True,-1490.8537182504508,-1472.0050646452914,2866.303001911963,True,True,-1584.5757710058992,-1545.0317648317389,2872.999934005738,False,False,-1594.2830011920407,-1541.7861249503317,2898.999924087525,False,False,-1544.9026362441543,-1496.4194806981077,2904.940258772472,False,False,-1467.6436837118315,-1429.6912828193292,2945.56898315595,False,False,-1504.6749747837516,-1478.7984977228962,2951.999903869629,False,False,-1585.3438579331846,-1542.5612005990772,2982.999892044068,False,False,-1576.813054375401,-1528.8750664792003,2989.429982117626,False,False,-1478.5512180212122,-1429.3884051104928,3026.9998752593997,False,True,-1453.6997218571382,-1436.629273772045,3033.8853034551807,True,True,0.11787267113473565,2759.3172930815517,0.1066372286322086,2773.9868548812105,-0.06189149846794437,2854.960609419834,0.06631963669842783,2868.2641033011323,-0.008892218217537138,2902.808362974596,-0.1010586128234697,2974.001399109224,0.01590079374624649,2985.8555796744495,-0.3924645957090772,2985.447214284994
268,20.84860225021839,1782851015.778053,0.01050649955868721,-1429.286948681114,-1417.4818366598404,2715.9999938964847,True,True,-1391.4773741479964,-1362.0238117798085,2720.771614496614,True,False,-1480.8641531925298,-1462.4860424244275,2770.99997291565,True,True,-1570.3580905951035,-1521.0042134058747,2777.6248020826647,False,True,-1537.8520279976772,-1499.070246355106,2816.709009497122,False,False,-1460.5967906592903,-1424.2919644221658,2822.9999530792243,False,True,-1484.5132362380414,-1469.499708102821,2866.303001911963,False,False,-1582.4788000122262,-1541.2165158785951,2872.999934005738,True,True,-1592.5366781795396,-1535.5717960081915,2898.999924087525,True,True,-1544.9026362441543,-1494.3214903566952,2904.940258772472,True,True,-1465.1853470672738,-1429.6912828193292,2945.56898315595,True,True,-1494.3674603417182,-1474.2531069474585,2951.999903869629,False,True,-1582.4211342727024,-1540.0042485557967,2982.999892044068,True,True,-1577.179391447871,-1523.1543173273833,2989.429982117626,True,False,-1471.2554818595836,-1433.7165357459426,3026.9998752593997,True,True,-1457.8815187822843,-1436.7172800073358,3033.8853034551807,True,True,0.45622799634589567,2759.6556484067632,0.0879577380667394,2773.9681753906452,-0.005052009767505974,2855.0174489085343,0.08584924273779443,2868.2836329071715,-0.017504473930279315,2902.7997507188834,-0.12490667338624653,2973.9775510486616,0.03481174784313359,2985.874490628546,-0.19964908054825367,2985.640029800155
269,20.923723625484854,1782851015.853101,0.010375416837632656,-1430.8990035761226,-1417.4818366598404,2715.9999938964847,False,True,-1387.6447657181284,-1375.255743191613,2720.771614496614,False,False,-1475.487695999022,-1460.742245621542,2770.99997291565,False,False,-1568.937353669346,-1521.5340006724334,2777.6248020826647,False,False,-1550.049588898738,-1501.6603218510256,2816.709009497122,False,True,-1459.6975761836356,-1419.1947061160863,2822.9999530792243,False,False,-1485.4149249625575,-1474.7267964666685,2866.303001911963,False,True,-1582.4788000122262,-1534.4329247791668,2872.999934005738,True,False,-1592.5366781795396,-1536.0991548736133,2898.999924087525,True,False,-1537.8970642173792,-1490.4782345569581,2904.940258772472,False,False,-1471.3853012195493,-1436.8823272304917,2945.56898315595,False,False,-1500.0108536846287,-1479.1297184949722,2951.999903869629,False,False,-1583.7078017544395,-1540.0042485557967,2982.999892044068,False,True,-1577.179391447871,-1523.3872145979155,2989.429982117626,True,False,-1471.2554818595836,-1433.7165357459426,3026.9998752593997,True,True,-1453.182626768958,-1436.7172800073358,3033.8853034551807,False,True,-0.0156794298960807,2759.183740980521,0.09317194620509808,2773.9733895987833,-0.048879147958802355,2854.973621770343,0.12478422683962838,2868.322567891273,-0.026549773226556803,2902.790705419587,-0.11052662313194789,2973.9919310989158,0.030446801365633158,2985.8701256820686,-0.2566668736267933,2985.5830120070764
270,20.995908667333424,1782851015.925277,0.010302500799298286,-1422.9096050982666,-1417.4818366598404,2715.9999938964847,False,True,-1391.4773741479964,-1366.8544472292692,2720.771614496614,True,False,-1480.8641531925298,-1462.4860424244275,2770.99997291565,True,True,-1567.9703090136625,-1521.2555307638233,2777.6248020826647,False,True,-1542.1508527676742,-1508.4817877556009,2816.709009497122,False,True,-1464.1028746523216,-1419.565650884861,2822.9999530792243,False,False,-1482.992670477122,-1474.7267964666685,2866.303001911963,False,True,-1579.6257664211266,-1541.2165158785951,2872.999934005738,False,True,-1588.1931671608031,-1533.0036983831037,2898.999924087525,False,False,-1540.1662392639914,-1490.9172891768806,2904.940258772472,False,False,-1461.4517452700431,-1423.7305223584071,2945.56898315595,False,False,-1497.9357474707335,-1469.3062979490785,2951.999903869629,False,False,-1582.9167986062291,-1534.0960693217594,2982.999892044068,True,False,-1576.813054375401,-1520.192621572883,2989.429982117626,True,False,-1471.1655087569152,-1429.3884051104928,3026.9998752593997,True,True,-1457.8815187822843,-1436.629273772045,3033.8853034551807,True,True,0.48671433302946515,2759.6861347434465,0.08025916487137595,2773.9604768174495,0.1201114681215323,2855.1426123864235,0.10016412530154437,2868.297947789735,-0.015996908039333717,2902.8012582847746,-0.07829548113656172,2974.024162240911,0.023813466398146743,2985.8634923471013,-0.2516383194534051,2985.5880405612497
271,21.06869012583047,1782851015.998112,0.010466916486620903,-1420.470354861387,-1408.575524956445,2715.9999938964847,False,False,-1383.8005379466333,-1364.6864030931931,2720.771614496614,False,False,-1469.7563606076353,-1457.3003881774,2770.99997291565,False,False,-1567.6923006388117,-1521.0042134058747,2777.6248020826647,False,True,-1543.308874591191,-1497.7653696854848,2816.709009497122,False,False,-1464.1028746523216,-1422.9733364917322,2822.9999530792243,True,True,-1490.4367469511265,-1474.7267964666685,2866.303001911963,True,True,-1579.6257664211266,-1538.051824739432,2872.999934005738,True,True,-1588.3208072256014,-1535.5717960081915,2898.999924087525,True,True,-1542.031514197512,-1487.009687624171,2904.940258772472,True,False,-1465.1853470672738,-1422.6276140844213,2945.56898315595,True,False,-1500.600311764526,-1474.2531069474585,2951.999903869629,True,True,-1576.0605831830544,-1534.0960693217594,2982.999892044068,False,True,-1574.949122780206,-1520.9790582877401,2989.429982117626,False,False,-1463.5664578048109,-1427.3710227099061,3026.9998752593997,True,True,-1453.6997218571382,-1429.3186264021763,3033.8853034551807,True,False,0.19082948869946573,2759.3902498991165,0.09798435767490601,2773.978202010253,-0.019948192702507517,2855.0025527255993,0.08492464002573535,2868.2827083044594,0.014283397116200768,2902.83153858993,-0.13452035970906992,2973.967937362339,0.03570495005376475,2985.875383830757,-0.14470327237406466,2985.694975608329
272,21.14114462584257,1782851016.070567,0.010440083220601082,-1422.890689855427,-1408.575524956445,2715.9999938964847,False,True,-1391.0128877953357,-1361.8682122443988,2720.771614496614,True,False,-1475.487695999022,-1460.5544900204786,2770.99997291565,True,False,-1565.8122321728763,-1514.0256227649236,2777.6248020826647,False,False,-1537.9433872298805,-1498.181775529541,2816.709009497122,False,False,-1457.3345233364917,-1416.2947932267627,2822.9999530792243,False,False,-1482.9356068710458,-1474.7267964666685,2866.303001911963,False,True,-1573.6349145704069,-1535.4953281168812,2872.999934005738,False,True,-1583.0383562062539,-1527.6354739126448,2898.999924087525,False,False,-1538.3392166152153,-1483.7920851545068,2904.940258772472,False,False,-1465.1853470672738,-1426.5962038084176,2945.56898315595,True,False,-1500.720478650243,-1476.8261148638323,2951.999903869629,False,False,-1587.8118073172968,-1537.955319864291,2982.999892044068,False,False,-1572.3214597915457,-1527.0101124797507,2989.429982117626,False,False,-1463.5664578048109,-1427.8090870189812,3026.9998752593997,True,False,-1453.3947657181282,-1428.5424687471345,3033.8853034551807,False,False,0.38558120777576144,2759.585001618193,0.10608899888790421,2773.9863066514663,0.03232841470018709,2855.054829333002,0.09993560273736672,2868.297719267171,0.0026671827341200236,2902.819922375548,-0.12141768170801356,2973.98104004034,-0.012052740666955896,2985.827626140036,-0.13330687169084826,2985.7063720090123
273,21.2428393131122,1782851016.172245,0.010448874905705452,-1419.1083977748572,-1401.1712534767858,2715.9999938964847,False,False,-1383.4149876211143,-1360.970643702051,2720.771614496614,False,False,-1472.186812666198,-1460.5544900204786,2770.99997291565,True,True,-1568.937353669346,-1507.6928997157443,2777.6248020826647,True,False,-1539.8348855335148,-1504.6881957392181,2816.709009497122,False,False,-1464.0709829752116,-1420.8873888192682,2822.9999530792243,False,False,-1484.5444722926918,-1462.901499220589,2866.303001911963,False,False,-1572.98985084207,-1526.8102225142893,2872.999934005738,False,False,-1584.8288550294951,-1529.8310144573159,2898.999924087525,False,False,-1539.9490631781641,-1490.0654827765381,2904.940258772472,False,False,-1455.3542027080723,-1426.5962038084176,2945.56898315595,False,True,-1500.600311764526,-1472.892642968487,2951.999903869629,True,True,-1582.4211342727024,-1526.3549867041597,2982.999892044068,True,False,-1567.0532689427514,-1517.5143717333497,2989.429982117626,False,False,-1453.8677354280649,-1427.3710227099061,3026.9998752593997,False,True,-1449.4468380352723,-1425.2451233303786,3033.8853034551807,False,False,0.12660584261511557,2759.326026253032,0.14447507987708877,2774.024692732455,0.0933121101961321,2855.115813028498,0.080121844474543,2868.277905508908,-0.013327053198956088,2902.803928139615,-0.015042634723075246,2974.0874150873246,-0.017952093977080856,2985.8217267867262,-0.0275896460280279,2985.812089234675
274,21.319429917261004,1782851016.249042,0.01082233339548111,-1425.5592322034415,-1408.565082373078,2715.9999938964847,True,True,-1387.6447657181284,-1366.8544472292692,2720.771614496614,True,True,-1477.9829354769693,-1468.2480407739097,2770.99997291565,False,False,-1568.937353669346,-1514.0256227649236,2777.6248020826647,True,True,-1543.308874591191,-1501.3517162331507,2816.709009497122,True,True,-1468.0784103065685,-1420.8873888192682,2822.9999530792243,False,True,-1485.4149249625575,-1472.1675031329278,2866.303001911963,True,False,-1575.3994116208698,-1537.8595928722073,2872.999934005738,True,False,-1587.8606886328207,-1535.5290903811474,2898.999924087525,False,True,-1538.5922211694226,-1487.181650212428,2904.940258772472,False,False,-1459.0614405355013,-1426.5962038084176,2945.56898315595,False,True,-1492.59102760033,-1472.892642968487,2951.999903869629,False,True,-1581.7395482470886,-1535.1430143350553,2982.999892044068,False,False,-1579.9786471864777,-1532.2099382583979,2989.429982117626,False,False,-1456.704885839166,-1427.3710227099061,3026.9998752593997,True,True,-1453.3947657181282,-1435.5476694073418,3033.8853034551807,True,False,0.10792606543906784,2759.3073464758563,0.13112086372465456,2774.011338516303,0.06986074203188494,2855.0923616603336,0.0799174423950462,2868.2777011068288,0.002633404945223229,2902.819888597759,-0.10480746601599933,2973.9976502560316,0.0036153207311820806,2985.843294201434,-0.14153819158272432,2985.6981406891205
275,21.393610854633152,1782851016.323122,0.010532209649682045,-1428.0898447290397,-1415.1941712259681,2715.9999938964847,False,False,-1393.811432894214,-1370.9057676437328,2720.771614496614,False,False,-1478.37788152948,-1458.0595241006206,2770.99997291565,False,False,-1568.937353669346,-1519.4910428829048,2777.6248020826647,True,False,-1543.308874591191,-1508.479768927469,2816.709009497122,True,False,-1464.0963902558303,-1420.8873888192682,2822.9999530792243,False,True,-1485.4149249625575,-1476.1341152917444,2866.303001911963,True,False,-1581.1711006510375,-1540.7445899685179,2872.999934005738,False,False,-1585.4447580768406,-1535.5915166427237,2898.999924087525,True,False,-1539.9490631781641,-1490.0654827765381,2904.940258772472,True,True,-1461.4517452700431,-1424.0445899685178,2945.56898315595,True,True,-1503.6805452822691,-1480.3357780358833,2951.999903869629,False,False,-1581.7395482470886,-1530.8819222422594,2982.999892044068,True,True,-1574.8244826848427,-1525.3448497722895,2989.429982117626,True,True,-1456.704885839166,-1427.3710227099061,3026.9998752593997,True,True,-1453.3947657181282,-1429.3186264021763,3033.8853034551807,True,True,0.26063469656101323,2759.460055106978,0.08231397617112621,2773.9625316287493,0.097121139164957,2855.1196220574666,0.10345528079482799,2868.3012389452283,0.005455524366063368,2902.8227107171797,-0.11726333662047361,2973.9851943854273,-0.0034382128730127103,2985.83624066783,-0.06461726561818376,2985.7750616150847
276,21.46773250075057,1782851016.3987432,0.013584832660853863,-1425.5592322034415,-1408.565082373078,2715.9999938964847,True,True,-1387.6447657181284,-1366.8544472292692,2720.771614496614,True,True,-1472.186812666198,-1458.387092337317,2770.99997291565,True,True,-1568.937353669346,-1514.0256227649236,2777.6248020826647,True,True,-1543.308874591191,-1504.6881957392181,2816.709009497122,True,True,-1464.0963902558303,-1428.6673625332398,2822.9999530792243,True,False,-1485.4149249625575,-1474.7154843047956,2866.303001911963,True,False,-1575.3994116208698,-1536.1075969679373,2872.999934005738,True,False,-1590.6678332365436,-1537.6557263807806,2898.999924087525,False,False,-1539.0220023229515,-1490.0654827765381,2904.940258772472,False,True,-1461.6630910535807,-1426.5962038084176,2945.56898315595,False,True,-1500.0108536846287,-1472.892642968487,2951.999903869629,True,True,-1582.4211342727024,-1534.0960693217594,2982.999892044068,True,True,-1575.1754653544026,-1528.8483341993458,2989.429982117626,False,False,-1456.704885839166,-1430.6423739951706,3026.9998752593997,True,False,-1452.343779992053,-1429.3186264021763,3033.8853034551807,False,True,0.10792606543906784,2759.3073464758563,0.1185918814855722,2773.9988095340636,-0.011518228931298514,2855.0109826893704,0.0950159775691402,2868.292799642003,-0.008734301987344553,2902.8085208908265,-0.06890901425749259,2974.0335487077905,-0.005264893365267938,2985.834413987338,-0.03675287936782867,2985.8029260013354
277,21.541877375449985,1782851016.471193,0.010247000493109226,-1425.5592322034415,-1408.565082373078,2715.9999938964847,True,True,-1387.6447657181284,-1373.1189320536723,2720.771614496614,True,False,-1477.3729727664518,-1461.2631292600176,2770.99997291565,False,False,-1570.7490219152126,-1517.5931579912585,2777.6248020826647,False,False,-1551.0729849925117,-1510.0599978604394,2816.709009497122,False,False,-1471.3958461961672,-1420.8873888192682,2822.9999530792243,False,True,-1485.4149249625575,-1476.5043784576826,2866.303001911963,True,False,-1575.3994116208698,-1534.4329247791668,2872.999934005738,True,True,-1585.4447580768406,-1533.0036983831037,2898.999924087525,True,True,-1539.0220023229515,-1493.875456184858,2904.940258772472,True,False,-1461.5581746492649,-1424.7053565424703,2945.56898315595,False,False,-1495.9224118959562,-1474.2198811015683,2951.999903869629,False,False,-1584.3682336400036,-1534.0960693217594,2982.999892044068,False,True,-1578.3774215239782,-1531.7254439587982,2989.429982117626,False,False,-1456.704885839166,-1420.7070895864533,3026.9998752593997,True,False,-1450.6312956566921,-1436.1041568603478,3033.8853034551807,False,False,-0.050992197048024,2759.1484282133692,0.10618449227400394,2773.9864021448525,0.11126667078122116,2855.133767589083,0.10714825837997666,2868.3049319228135,-0.021487264079638406,2902.795767928734,-0.12449321368950966,2973.977964508358,-0.010158021582986844,2985.8295208591203,-0.2653787336106529,2985.5743001470923
278,21.613788458518684,1782851016.543294,0.01064133271574974,-1428.0898447290397,-1408.575524956445,2715.9999938964847,True,True,-1387.6447657181284,-1370.9057676437328,2720.771614496614,True,True,-1475.487695999022,-1465.9786639973102,2770.99997291565,True,False,-1573.3839059204695,-1517.8600544059664,2777.6248020826647,False,False,-1550.049588898738,-1515.5771586636915,2816.709009497122,True,False,-1464.0963902558303,-1420.8873888192682,2822.9999530792243,True,True,-1485.4149249625575,-1469.499708102821,2866.303001911963,True,True,-1579.6257664211266,-1534.4329247791668,2872.999934005738,True,True,-1587.8606886328207,-1533.0036983831037,2898.999924087525,True,True,-1539.0220023229515,-1490.4782345569581,2904.940258772472,True,True,-1467.8097716783323,-1431.9002108995323,2945.56898315595,False,False,-1500.2411758413057,-1479.9174129657363,2951.999903869629,False,False,-1589.2290750985726,-1537.757227129627,2982.999892044068,False,False,-1574.949122780206,-1527.0101124797507,2989.429982117626,True,True,-1456.704885839166,-1422.491751994376,3026.9998752593997,True,True,-1453.4529770455724,-1429.464785891127,3033.8853034551807,False,False,-0.05640016142081103,2759.1430202489964,0.13313583604652893,2774.013353488625,0.10167757276712532,2855.124178491069,0.09656408480855928,2868.294347749242,-0.01732546840132047,2902.7999297244123,-0.1267227884201668,2973.975734933628,-0.009126898340194062,2985.830551982363,-0.12674747098489764,2985.7129314097183
279,21.69242258463055,1782851016.621901,0.01057174988090992,-1430.1653742702567,-1407.6712488920134,2715.9999938964847,False,False,-1390.667431304826,-1368.5242320506159,2720.771614496614,False,False,-1476.5118592780511,-1467.7821728764861,2770.99997291565,False,False,-1570.3580905951035,-1522.5042913470063,2777.6248020826647,True,False,-1550.049588898738,-1511.7663584680747,2816.709009497122,True,False,-1462.326584038879,-1420.8873888192682,2822.9999530792243,False,True,-1491.5518873979888,-1465.9352645413699,2866.303001911963,False,False,-1579.6257664211266,-1541.2993688296604,2872.999934005738,True,False,-1588.208474187731,-1532.5571216798603,2898.999924087525,False,False,-1539.638423449583,-1490.4782345569581,2904.940258772472,False,True,-1466.4427988507503,-1427.212271907571,2945.56898315595,False,False,-1496.6451768193906,-1478.5958385548797,2951.999903869629,False,False,-1583.776457193508,-1533.9055888376074,2982.999892044068,False,False,-1579.1342467218878,-1529.8521273344134,2989.429982117626,False,False,-1464.628647186478,-1418.6543371947307,3026.9998752593997,False,False,-1444.5864672800076,-1432.8618455237338,3033.8853034551807,False,False,0.006885518599647955,2759.2063059290167,0.11273919890007073,2773.9929568514785,0.05095245513871137,2855.0734533734403,0.0383293056738808,2868.2361129701076,-0.017946214579858583,2902.799308978234,-0.17067807934344797,2973.9317796427044,-0.0013119282661359002,2985.838366952437,-0.42231638870951654,2985.4173624919936
280,21.767243313137442,1782851016.69667,0.010487708263099194,-1435.1954045297553,-1411.1487850353028,2715.9999938964847,False,False,-1396.633774490326,-1370.9057676437328,2720.771614496614,False,True,-1476.5118592780511,-1460.742245621542,2770.99997291565,True,True,-1570.7490219152126,-1517.8600544059664,2777.6248020826647,True,True,-1557.0988354677995,-1512.657052908274,2816.709009497122,False,False,-1466.5043784576824,-1422.2436607879695,2822.9999530792243,False,False,-1494.3047131460712,-1468.4879145398418,2866.303001911963,False,False,-1583.3487453006082,-1539.509398783507,2872.999934005738,False,False,-1595.180118898432,-1537.8424565210748,2898.999924087525,False,False,-1539.638423449583,-1495.104609224562,2904.940258772472,True,False,-1465.707246996974,-1431.544339334291,2945.56898315595,False,False,-1504.9743818198492,-1482.2960662652445,2951.999903869629,False,False,-1583.776457193508,-1535.1430143350553,2982.999892044068,True,True,-1575.1754653544026,-1527.1680487208482,2989.429982117626,True,False,-1465.3354280649203,-1426.3558440566067,3026.9998752593997,False,False,-1459.0398019378304,-1434.7271235137696,3033.8853034551807,False,False,0.059245878981821015,2759.258666289399,0.10639236905284523,2773.986610021631,0.0230883762028739,2855.0455892945047,0.056498883984288206,2868.254282548418,-0.0404100148180332,2902.7768451779957,-0.09566769067224248,2974.0067900313757,-0.0010738478401803165,2985.838605032863,-0.18099941980463624,2985.6586794608984
281,21.84015625109896,1782851016.7692358,0.009787333197891712,-1430.1653742702567,-1411.1487850353028,2715.9999938964847,True,True,-1398.4893663844484,-1376.0431136717916,2720.771614496614,False,False,-1479.4322431763305,-1461.8640737231408,2770.99997291565,False,False,-1576.3059479781152,-1518.722616682459,2777.6248020826647,False,False,-1551.2655270960054,-1507.2975822966653,2816.709009497122,False,False,-1457.9319803160438,-1423.3086056178747,2822.9999530792243,False,False,-1490.3928936027144,-1471.5128572301862,2866.303001911963,False,False,-1587.68286212061,-1544.429159152734,2872.999934005738,False,False,-1588.208474187731,-1533.0036983831037,2898.999924087525,True,True,-1539.9490631781641,-1493.875456184858,2904.940258772472,True,True,-1461.5581746492649,-1426.5962038084176,2945.56898315595,True,True,-1497.9357474707335,-1476.8261148638323,2951.999903869629,True,True,-1585.3183375615124,-1542.4306965797598,2982.999892044068,False,False,-1578.3774215239782,-1530.63544640401,2989.429982117626,True,False,-1465.3354280649203,-1426.1457560289757,3026.9998752593997,True,False,-1456.2212764006479,-1432.8618455237338,3033.8853034551807,False,True,0.09731478782795655,2759.296735198245,0.11457314142924886,2773.9947907940077,-0.06426200820007064,2854.958238910102,0.07869400855537266,2868.276477672989,-0.027858802862019645,2902.789396389952,-0.11408010648282618,2973.988377615565,0.014870689392442064,2985.8545495700955,-0.19485131111865964,2985.6448275695843
282,21.912699854467064,1782851016.843374,0.010699708946049213,-1437.621508695785,-1415.1941712259681,2715.9999938964847,False,True,-1403.280734786197,-1373.1189320536723,2720.771614496614,False,True,-1484.8367224990066,-1461.8640737231408,2770.99997291565,False,True,-1579.0593101445731,-1522.761785921692,2777.6248020826647,False,False,-1553.0315707430386,-1515.9949812024329,2816.709009497122,True,False,-1463.8344973561148,-1431.1402145673503,2822.9999530792243,False,False,-1493.4473377754682,-1478.0859553137511,2866.303001911963,True,False,-1584.1872543326099,-1539.509398783507,2872.999934005738,True,True,-1590.6678332365436,-1533.98722988049,2898.999924087525,True,False,-1547.183942598649,-1491.3919781764835,2904.940258772472,False,False,-1463.0515145031636,-1431.6530656845066,2945.56898315595,False,False,-1497.3714964697251,-1477.3419048201242,2951.999903869629,False,False,-1581.573743008222,-1539.1691674053247,2982.999892044068,False,False,-1579.1342467218878,-1529.8521273344134,2989.429982117626,True,True,-1466.1804688693953,-1426.3558440566067,3026.9998752593997,True,True,-1453.3947657181282,-1434.7271235137696,3033.8853034551807,True,True,0.20993097946953673,2759.4093513898865,0.09403710942640357,2773.974254762005,-0.021035147086701567,2855.001465771215,0.09659509075406426,2868.2943787551876,0.002476262781556323,2902.8197314555955,-0.09353231639282246,2974.008925405655,0.020482252560096715,2985.8601611332633,-0.25992150407035053,2985.5797573766326
283,22.014899000991136,1782851016.944266,0.010359416715800762,-1435.1954045297553,-1420.3471941192652,2715.9999938964847,True,True,-1398.4893663844484,-1376.0292462634104,2720.771614496614,True,True,-1476.2574655377937,-1465.9786639973102,2770.99997291565,False,True,-1577.4371611089039,-1519.4910428829048,2777.6248020826647,True,True,-1555.9940199284779,-1504.3154140049517,2816.709009497122,True,False,-1459.8025980377174,-1430.063896445273,2822.9999530792243,False,True,-1495.0775590671517,-1480.163104807898,2866.303001911963,False,False,-1586.8131720512274,-1541.282718464407,2872.999934005738,True,False,-1595.9724164807287,-1535.5915166427237,2898.999924087525,False,True,-1542.6485191185009,-1495.104609224562,2904.940258772472,False,True,-1463.0515145031636,-1437.7983403123758,2945.56898315595,True,False,-1503.607453311734,-1476.4578720542836,2951.999903869629,False,False,-1583.0339746920558,-1543.2592673533636,2982.999892044068,False,False,-1582.4640966470029,-1526.5116147568542,2989.429982117626,False,False,-1468.8802533850903,-1430.5619616713025,3026.9998752593997,False,False,-1453.4529770455724,-1436.6292050004583,3033.8853034551807,True,False,0.20135691066207156,2759.400777321079,0.13769158567854656,2774.017909238257,-0.17986473358614405,2854.8426361847155,0.10093175930873771,2868.2987154237426,-0.04053479909374524,2902.77672039372,0.009209879580456678,2974.111667601628,0.04778969096681198,2985.88746857167,-0.2628091828409086,2985.576869697862
284,22.088744521141052,1782851017.018238,0.010635707527399063,-1435.1954045297553,-1420.3471941192652,2715.9999938964847,True,True,-1398.4893663844484,-1371.3846945013297,2720.771614496614,True,False,-1472.755263318764,-1459.293747898646,2770.99997291565,False,False,-1577.4371611089039,-1521.641536510071,2777.6248020826647,True,False,-1553.102705015741,-1506.3077070024758,2816.709009497122,False,False,-1461.3431748020907,-1430.063896445273,2822.9999530792243,False,True,-1494.8634425528012,-1467.1559968823544,2866.303001911963,True,False,-1581.5375080233516,-1534.6559831280374,2872.999934005738,False,False,-1595.9724164807287,-1537.6557263807806,2898.999924087525,True,True,-1540.3243772350768,-1498.471453678516,2904.940258772472,False,True,-1461.0286838646573,-1426.7046917504663,2945.56898315595,False,False,-1498.439306782407,-1473.1682932420458,2951.999903869629,False,False,-1578.511500137543,-1542.4306965797598,2982.999892044068,False,True,-1582.4640966470029,-1523.692381636458,2989.429982117626,True,False,-1466.2261347311796,-1423.477614084421,3026.9998752593997,False,False,-1453.4529770455724,-1434.8469694654154,3033.8853034551807,True,False,0.3194587286989526,2759.518879139116,0.12140994864962382,2774.001627601228,-0.12196051370220666,2854.9005404045997,0.060480114818367736,2868.258263779252,-0.05386861570425921,2902.7633865771095,-0.07711610457377695,2974.025341617474,0.06667209357698682,2985.90635097428,-0.29748296045394035,2985.542195920249
285,22.16169641725719,1782851017.090833,0.00990283489227295,-1436.0193553809945,-1417.6120258581168,2715.9999938964847,False,False,-1396.6008604089618,-1379.915221444509,2720.771614496614,False,False,-1486.0985512119082,-1462.188487636397,2770.99997291565,False,False,-1582.6782070483237,-1526.1019561695755,2777.6248020826647,False,False,-1559.0591909404898,-1513.9338203380505,2816.709009497122,False,False,-1472.0782742916524,-1436.6448467157747,2822.9999530792243,False,False,-1494.8634425528012,-1474.7154843047956,2866.303001911963,True,True,-1594.4878671638598,-1545.9336063820035,2872.999934005738,False,False,-1603.2959455329035,-1537.6557263807806,2898.999924087525,False,True,-1546.1825748082035,-1501.2387061772167,2904.940258772472,False,False,-1472.938833022588,-1429.2796527799003,2945.56898315595,False,False,-1500.2411758413057,-1478.5958385548797,2951.999903869629,True,True,-1591.6181908487943,-1547.216257603081,2982.999892044068,False,False,-1582.4640966470029,-1530.63544640401,2989.429982117626,True,True,-1466.8769462359019,-1435.5135663416572,3026.9998752593997,True,False,-1456.2212764006479,-1440.9424840297092,3033.8853034551807,True,False,-0.030638810850960884,2759.168781599566,0.09166629948044856,2773.9718839520588,-0.06822347802610922,2854.9542774402757,0.09201826582221924,2868.289801930256,-0.06871824430561768,2902.748536948508,-0.17767842000499448,2973.9247793020427,0.022676478464177603,2985.8623553591674,-0.19603805702115976,2985.643640823682
286,22.24013008363545,1782851017.169495,0.010352833196520805,-1432.450473759819,-1421.223428187181,2715.9999938964847,False,False,-1395.9487514136379,-1373.182315004432,2720.771614496614,False,False,-1479.4322431763305,-1454.8291606809914,2770.99997291565,True,False,-1576.6920882110219,-1524.082464773665,2777.6248020826647,False,False,-1560.3868264205153,-1511.7663584680747,2816.709009497122,False,True,-1464.0963902558303,-1427.9127609499646,2822.9999530792243,True,False,-1496.067252498701,-1475.039864596387,2866.303001911963,False,False,-1591.7375156646392,-1541.2993688296604,2872.999934005738,False,True,-1596.9653085551852,-1537.8424565210748,2898.999924087525,True,True,-1544.483989974631,-1490.8165953479843,2904.940258772472,False,False,-1462.422780206009,-1434.8233930372587,2945.56898315595,False,False,-1506.2909221505638,-1482.569098633738,2951.999903869629,False,False,-1585.3183375615124,-1542.8086896720363,2982.999892044068,True,False,-1584.9199147232325,-1532.3619265213804,2989.429982117626,False,False,-1467.9222315615734,-1425.6950132958398,3026.9998752593997,False,False,-1455.9053672402724,-1433.956890912981,3033.8853034551807,False,False,0.29781622265186763,2759.497236633069,0.0778961625013139,2773.9581138150797,-0.0904900382383969,2854.9320108800634,0.09576995413460264,2868.2935536185682,-0.013186055124372006,2902.8040691376896,-0.03613295439746755,2974.0663247676503,0.02962640075673244,2985.8693052814597,-0.24951719686513124,2985.590161683838
287,22.315995229873806,1782851017.2454531,0.010527790524065495,-1436.0193553809945,-1420.3836415319252,2715.9999938964847,True,True,-1396.633774490326,-1376.0431136717916,2720.771614496614,True,True,-1479.4322431763305,-1462.188487636397,2770.99997291565,True,True,-1576.6920882110219,-1522.5042913470063,2777.6248020826647,True,True,-1558.2486322095547,-1512.657052908274,2816.709009497122,True,True,-1466.5043784576824,-1428.6673625332398,2822.9999530792243,True,True,-1495.0775590671517,-1477.9552892991412,2866.303001911963,True,False,-1590.0332732218724,-1546.7505333618606,2872.999934005738,True,False,-1595.3872711434421,-1548.9868371183172,2898.999924087525,False,False,-1546.1825748082035,-1498.6175596784547,2904.940258772472,True,True,-1465.707246996974,-1431.6530656845066,2945.56898315595,True,True,-1503.607453311734,-1486.9814652932725,2951.999903869629,True,False,-1585.3183375615124,-1542.8086896720363,2982.999892044068,True,True,-1584.634813705413,-1530.63544640401,2989.429982117626,True,True,-1467.9222315615734,-1426.3558440566067,3026.9998752593997,True,True,-1455.9053672402724,-1436.1041568603478,3033.8853034551807,True,True,0.13572222746469872,2759.3351426378817,0.10528327291924114,2773.9855009254975,-0.04850000337060291,2854.9740009149314,0.0850305912775896,2868.2828142557114,0.009614233399609082,2902.8268694262133,-0.1408007026879028,2973.96165701936,0.033932378238621254,2985.8736112589418,-0.2676666836698266,2985.5720121970335
288,22.390509417280555,1782851017.320225,0.010965749621391296,-1428.4188648103434,-1420.3836415319252,2715.9999938964847,False,True,-1393.3733380199894,-1374.1204480850936,2720.771614496614,False,False,-1472.391946083076,-1458.1438243115201,2770.99997291565,False,False,-1578.9739355686647,-1518.389341932329,2777.6248020826647,False,False,-1558.2486322095547,-1513.5743971024237,2816.709009497122,True,False,-1462.2696289390838,-1431.759249014274,2822.9999530792243,False,False,-1501.3342543631752,-1473.150855824189,2866.303001911963,False,False,-1591.7375156646392,-1545.2134914570404,2872.999934005738,True,True,-1590.8257587798394,-1537.5067518415503,2898.999924087525,False,False,-1546.8240685270653,-1492.5768132775008,2904.940258772472,True,False,-1460.2191490662349,-1429.1231760246967,2945.56898315595,False,False,-1503.607453311734,-1479.9174129657363,2951.999903869629,True,True,-1577.7737368951919,-1537.4111257144602,2982.999892044068,False,False,-1584.9199147232325,-1525.4079469389003,2989.429982117626,True,False,-1465.571470489348,-1427.189539077544,3026.9998752593997,False,False,-1462.5982318060946,-1442.6997325549407,3033.8853034551807,False,False,0.28663831780682125,2759.486058728224,0.13329191205429797,2774.0135095646324,-0.10886181045070359,2854.913639107851,0.05692126822131739,2868.254704932655,0.008977773011500375,2902.826232965825,-0.06423811727358715,2974.0382196047744,0.05604500098691607,2985.89572388169,-0.2283940707489491,2985.611284809954
289,22.465192354749888,1782851017.394856,0.010910040698945522,-1429.8044059663173,-1413.5083794357674,2715.9999938964847,False,False,-1396.7058776782712,-1376.0431136717916,2720.771614496614,False,True,-1482.5436730140295,-1468.1266451691781,2770.99997291565,False,False,-1571.9796115169484,-1527.2205183849376,2777.6248020826647,False,False,-1559.6029602347403,-1513.8710456337685,2816.709009497122,False,False,-1470.2349451355565,-1428.8572913164412,2822.9999530792243,False,False,-1491.821346700492,-1473.0930555980071,2866.303001911963,False,False,-1585.4317312100743,-1544.429159152734,2872.999934005738,False,True,-1590.0915502643886,-1544.8842360240853,2898.999924087525,False,True,-1547.6417917290705,-1494.1058364153191,2904.940258772472,False,False,-1463.570875997188,-1431.8010651954644,2945.56898315595,False,False,-1507.3475884096952,-1481.6850337744902,2951.999903869629,False,False,-1593.0470764434392,-1543.3574533117342,2982.999892044068,False,False,-1582.3932787235995,-1530.63544640401,2989.429982117626,False,True,-1468.8802533850903,-1427.189539077544,3026.9998752593997,True,True,-1459.3632117859215,-1436.714500106978,3033.8853034551807,False,False,0.11965451086906409,2759.3190749212863,0.08621319480314704,2773.9664308473816,-0.016583047650112058,2855.0059178706515,0.07174131701368802,2868.2695249814474,0.03540208589316023,2902.852657278707,-0.05438375021243446,2974.0480739718355,0.007110092384479388,2985.8467889730878,-0.23443819802468238,2985.6052406826784
290,22.538230021484196,1782851017.4675741,0.010296542197465897,-1432.450473759819,-1413.5083794357674,2715.9999938964847,True,True,-1393.6309762508786,-1371.414026347159,2720.771614496614,False,False,-1474.9094217073693,-1463.3214200568514,2770.99997291565,False,False,-1578.9739355686647,-1522.761785921692,2777.6248020826647,True,True,-1559.0591909404898,-1509.182191215576,2816.709009497122,True,False,-1469.1022205581194,-1429.7076901916435,2822.9999530792243,False,False,-1496.685820827093,-1473.150855824189,2866.303001911963,False,True,-1587.68286212061,-1541.2993688296604,2872.999934005738,True,True,-1595.3872711434421,-1537.8424565210748,2898.999924087525,True,True,-1546.1825748082035,-1495.104609224562,2904.940258772472,True,True,-1473.008509337653,-1433.6517040070912,2945.56898315595,False,False,-1499.9940703609745,-1481.6850337744902,2951.999903869629,False,True,-1580.3958981569217,-1546.5212488920135,2982.999892044068,False,False,-1585.4538084176424,-1533.4784561542933,2989.429982117626,False,False,-1476.3594064247943,-1434.9404376929426,3026.9998752593997,False,False,-1459.3632117859215,-1443.6340006724333,3033.8853034551807,True,False,0.09604719370092915,2759.295467604118,0.12827718833496604,2774.008494840913,-0.072894258206531,2854.9496066600955,0.07320732612934254,2868.270990990563,-0.017546325397331156,2902.7997088674165,-0.16860940877108618,2973.933848313277,0.052662172942019345,2985.892341053645,-0.31326418023767133,2985.5264147004655
291,22.61203766753897,1782851017.541474,0.010511583648622036,-1441.687810618333,-1422.3249014273922,2715.9999938964847,False,False,-1402.4314744628177,-1374.1204480850936,2720.771614496614,False,True,-1481.9030442889018,-1465.672544854357,2770.99997291565,False,False,-1574.3637527890698,-1520.5464513861295,2777.6248020826647,False,False,-1554.817405324449,-1518.1044288901794,2816.709009497122,False,False,-1469.8896307729926,-1426.9994177338997,2822.9999530792243,False,False,-1499.9833649173213,-1475.039864596387,2866.303001911963,False,True,-1584.4871901457957,-1537.4502200690772,2872.999934005738,False,False,-1595.9724164807287,-1538.7530901366263,2898.999924087525,True,False,-1551.1586285417366,-1501.4850246049452,2904.940258772472,False,False,-1468.1437906898552,-1432.6840205397805,2945.56898315595,False,False,-1504.913486872268,-1479.6127502521626,2951.999903869629,False,False,-1581.5501696365804,-1543.2592673533636,2982.999892044068,False,True,-1579.1394214017178,-1530.401852248067,2989.429982117626,False,False,-1478.3924931992542,-1430.5619616713025,3026.9998752593997,False,True,-1466.3116055873093,-1447.4854846104474,3033.8853034551807,False,False,0.23981912559226273,2759.4392395360096,0.10759051298336843,2773.9878081655615,0.07790912439821551,2855.1004100427,0.0709564656625871,2868.2687401300964,-0.02211015822151582,2902.795145034592,-0.08545967338437223,2974.0169980486635,0.030896980513436267,2985.8705758612164,-0.3561450875912291,2985.4835337931117
292,22.684362708590925,1782851017.615402,0.011072833091020584,-1430.0771189289972,-1420.3836415319252,2715.9999938964847,False,True,-1396.6008604089618,-1366.3202295442738,2720.771614496614,True,False,-1479.4322431763305,-1464.0092490142738,2770.99997291565,True,False,-1579.6082846838037,-1522.6720726227954,2777.6248020826647,False,False,-1553.9912155760003,-1513.7724928936027,2816.709009497122,False,False,-1476.819601430449,-1434.7041981232999,2822.9999530792243,False,False,-1498.1249900663265,-1476.5657257694777,2866.303001911963,False,False,-1581.979273772045,-1541.995190573708,2872.999934005738,False,False,-1588.0574487269616,-1543.5543754011676,2898.999924087525,False,False,-1550.833939542134,-1496.3393312345263,2904.940258772472,False,False,-1472.2153314790473,-1428.1559831280372,2945.56898315595,False,False,-1507.2528532567167,-1475.9994803924567,2951.999903869629,False,False,-1589.8415594339335,-1536.9192178378212,2982.999892044068,False,False,-1581.0851759024363,-1528.073269248403,2989.429982117626,False,False,-1471.4425421034935,-1431.7929868264205,3026.9998752593997,False,False,-1463.9825946755507,-1437.4445823272304,3033.8853034551807,True,False,0.5262580830525617,2759.72567849347,0.11881820761182953,2773.99903586019,0.03696239537697267,2855.059463313679,0.05874676091487028,2868.2565304253485,0.040889657656878464,2902.8581448504706,-0.10807963038302253,2973.9943780916647,0.001132963435810933,2985.840811844139,-0.16091709611290853,2985.6787617845903
293,22.78931752126664,1782851017.7187798,0.010581707581877708,-1438.065193935874,-1416.0115352874654,2715.9999938964847,False,False,-1396.0758642296055,-1380.4150334688388,2720.771614496614,False,False,-1479.4065088486109,-1465.8998380047071,2770.99997291565,False,False,-1580.3388009291807,-1525.411889843201,2777.6248020826647,False,False,-1558.2670370143962,-1512.5610920927957,2816.709009497122,False,False,-1470.9095974569796,-1429.4404697863497,2822.9999530792243,False,False,-1502.1839059204697,-1479.2010865910688,2866.303001911963,False,False,-1587.796977106703,-1548.0465323837761,2872.999934005738,False,False,-1598.7436057707002,-1544.9417443530886,2898.999924087525,False,False,-1546.3499984717425,-1490.6421310022315,2904.940258772472,False,False,-1461.0999083045513,-1424.857323409848,2945.56898315595,False,False,-1503.7691093315402,-1479.6256609713603,2951.999903869629,False,False,-1587.5874789864597,-1545.3115291744352,2982.999892044068,False,False,-1583.7212779289055,-1532.3619265213804,2989.429982117626,False,True,-1475.4916526576396,-1438.6291805483388,3026.9998752593997,False,False,-1461.7648943974082,-1444.2525277378732,3033.8853034551807,False,False,-0.14511991128094406,2759.0543004991364,0.11853717111376019,2773.9987548236923,-0.01601014326317877,2855.006490775039,0.052583051451745556,2868.2503667158853,0.013727865089658288,2902.8309830579033,-0.10185291375439344,2974.0006048082932,0.027051010105158396,2985.866729890808,-0.23531434837320814,2985.60436453233
294,22.862542792223394,1782851017.791866,0.010229000821709633,-1440.1870388483053,-1420.722153620442,2715.9999938964847,False,False,-1395.9487514136379,-1374.647348473271,2720.771614496614,True,False,-1479.916772625852,-1466.7254424305406,2770.99997291565,False,False,-1577.8665907632117,-1522.6720726227954,2777.6248020826647,False,True,-1554.817405324449,-1514.3999770761377,2816.709009497122,True,False,-1476.1595393831954,-1426.4806889384722,2822.9999530792243,False,False,-1498.0789543662315,-1474.8219182687897,2866.303001911963,False,False,-1581.5745804933217,-1538.3825136779046,2872.999934005738,False,False,-1598.6698245560412,-1547.4394519668672,2898.999924087525,False,False,-1546.3499984717425,-1499.054558792065,2904.940258772472,True,False,-1474.6235962955038,-1433.5936256380473,2945.56898315595,False,False,-1500.7347968945808,-1475.877177002781,2951.999903869629,False,False,-1587.2066570895863,-1539.1878778616622,2982.999892044068,False,False,-1578.418323807195,-1528.5230996118225,2989.429982117626,False,False,-1475.4916526576396,-1430.4808860836874,3026.9998752593997,True,False,-1459.144828376685,-1438.1686584955835,3033.8853034551807,False,False,0.06159632186216813,2759.261016732279,0.1205754128522824,2774.0007930654306,0.10795200961415458,2855.130452927916,0.06381686482895693,2868.2616005292625,-0.008387864163069808,2902.8088673286506,-0.1315541134013737,2973.9709036086465,0.006347971938848304,2985.846026852642,-0.29428114609609235,2985.545397734607
295,22.936203292105347,1782851017.865508,0.01024049986153841,-1436.0193553809945,-1413.1700797750404,2715.9999938964847,True,False,-1396.0758642296055,-1374.1204480850936,2720.771614496614,True,True,-1479.4065088486109,-1457.7050692300638,2770.99997291565,True,False,-1577.8665907632117,-1524.082464773665,2777.6248020826647,True,True,-1558.2670370143962,-1513.8710456337685,2816.709009497122,True,True,-1470.9095974569796,-1429.4404697863497,2822.9999530792243,True,True,-1498.1249900663265,-1476.5657257694777,2866.303001911963,True,True,-1585.4317312100743,-1541.995190573708,2872.999934005738,True,True,-1595.3872711434421,-1544.9417443530886,2898.999924087525,True,True,-1547.6417917290705,-1496.3393312345263,2904.940258772472,True,True,-1468.1437906898552,-1426.4044823791912,2945.56898315595,True,False,-1504.913486872268,-1479.6127502521626,2951.999903869629,True,True,-1583.6494834489715,-1542.8086896720363,2982.999892044068,False,True,-1578.1548736131065,-1532.3619265213804,2989.429982117626,False,True,-1475.4916526576396,-1434.9404376929426,3026.9998752593997,True,True,-1462.5982318060946,-1440.9424840297092,3033.8853034551807,True,True,-0.006553920586463627,2759.1928664898305,0.0902592970807825,2773.970476949659,-0.004184091111259408,2855.0183168271906,0.07035675826794911,2868.2681404227014,0.00880224937797813,2902.8260574421915,-0.13584975497113586,2973.9666079670765,0.01498691102896653,2985.8546657917323,-0.23066321199654063,2985.6090156687064
296,23.014170833863318,1782851017.9434712,0.010232416912913322,-1430.8159290277226,-1410.4082373078213,2715.9999938964847,False,False,-1396.0758642296055,-1374.1204480850936,2720.771614496614,True,True,-1479.4065088486109,-1461.56751994376,2770.99997291565,True,False,-1579.2018415502644,-1524.082464773665,2777.6248020826647,False,True,-1558.2670370143962,-1513.8710456337685,2816.709009497122,True,True,-1470.9095974569796,-1422.2442736192193,2822.9999530792243,True,False,-1490.284737292539,-1473.1869028333892,2866.303001911963,False,False,-1585.4317312100743,-1535.7525124552985,2872.999934005738,True,False,-1587.6717440474372,-1544.9417443530886,2898.999924087525,False,True,-1544.0061940275696,-1496.3393312345263,2904.940258772472,False,True,-1468.1437906898552,-1428.0289222728245,2945.56898315595,True,False,-1501.4826496928204,-1474.055931167283,2951.999903869629,False,False,-1580.5994651098817,-1536.8719610599996,2982.999892044068,False,False,-1579.4210624446007,-1533.371120518385,2989.429982117626,False,False,-1468.4455726380781,-1430.3748632209556,3026.9998752593997,False,False,-1457.953764098175,-1440.9424840297092,3033.8853034551807,False,True,0.05175711528949304,2759.2511775257067,0.10600048639747439,2773.986218138976,0.0648863975009568,2855.087387315803,0.1075589476650534,2868.3053426120987,0.022622786702598745,2902.839877979516,-0.10594225104723412,2973.9965154710007,0.006937689925982694,2985.846616570629,-0.25819521448449817,2985.5814836662184
297,23.08769727125764,1782851018.0171242,0.010487208142876625,-1436.6771892288411,-1421.6641470795003,2715.9999938964847,False,False,-1395.2250221597337,-1373.182315004432,2720.771614496614,False,True,-1480.019601430449,-1457.061785921692,2770.99997291565,False,False,-1574.4948742244092,-1525.8968869395117,2777.6248020826647,False,False,-1554.817405324449,-1509.0146116697738,2816.709009497122,True,False,-1467.4916923923342,-1428.4702906745729,2822.9999530792243,False,False,-1492.6066127701192,-1481.60856588318,2866.303001911963,False,False,-1587.399698933276,-1542.9988904850688,2872.999934005738,False,False,-1592.4311993764709,-1543.5543754011676,2898.999924087525,False,True,-1542.8140599688236,-1494.1058364153191,2904.940258772472,False,True,-1463.570875997188,-1433.67769355381,2945.56898315595,True,False,-1510.73945655164,-1479.3083748509948,2951.999903869629,False,False,-1587.113034508054,-1545.8785998104959,2982.999892044068,False,False,-1581.0851759024363,-1537.7611807317296,2989.429982117626,True,False,-1471.395175291133,-1430.7416205642326,3026.9998752593997,False,False,-1453.5098022434818,-1438.1686584955835,3033.8853034551807,False,True,0.18844225795909395,2759.3878626683763,0.07119377448084033,2773.951411427059,-0.04027418318898632,2854.982226735113,0.11072299861115067,2868.3085066630447,0.005039819401300992,2902.822295012215,0.004428199896324509,2974.106885921944,0.00658667142046398,2985.8462655521234,-0.30939673806184737,2985.530282142641
298,23.160415542311966,1782851018.089752,0.010311083868145943,-1436.6771892288411,-1416.0115352874654,2715.9999938964847,True,True,-1395.2250221597337,-1374.1204480850936,2720.771614496614,True,True,-1479.4065088486109,-1464.0092490142738,2770.99997291565,True,True,-1577.8665907632117,-1522.6720726227954,2777.6248020826647,True,True,-1554.817405324449,-1516.1008512394167,2816.709009497122,True,False,-1469.3790292508481,-1434.8659580646147,2822.9999530792243,False,False,-1498.0789543662315,-1476.5657257694777,2866.303001911963,True,True,-1584.4871901457957,-1538.3825136779046,2872.999934005738,True,True,-1590.8257587798394,-1538.7530901366263,2898.999924087525,True,True,-1554.8944524253448,-1496.3393312345263,2904.940258772472,False,True,-1468.1437906898552,-1431.8010651954644,2945.56898315595,True,True,-1503.7691093315402,-1475.9994803924567,2951.999903869629,True,True,-1587.113034508054,-1539.1878778616622,2982.999892044068,True,True,-1581.0851759024363,-1533.371120518385,2989.429982117626,True,True,-1477.9254806369777,-1435.9676131674664,3026.9998752593997,False,False,-1466.6449903719779,-1446.0390943546167,3033.8853034551807,False,False,0.026225572470565645,2759.2256459828877,0.11383560263131762,2773.9940532552096,-0.019683703963691946,2855.002817214338,0.07985498600872676,2868.2776386504424,0.02851757682681566,2902.8457727696405,-0.07336718715340612,2974.0290905348943,-8.589433484251027e-05,2985.839592986368,-0.26096900963019776,2985.578709871073
299,23.233415000140667,1782851018.162851,0.010520750656723976,-1439.3635632851424,-1423.9503132927834,2715.9999938964847,False,False,-1392.3361463459364,-1372.403868019684,2720.771614496614,False,False,-1481.0736390867132,-1461.1013983555952,2770.99997291565,False,False,-1577.8665907632117,-1521.1021242778984,2777.6248020826647,True,False,-1554.0683421462845,-1513.2356756426325,2816.709009497122,False,False,-1467.817296818168,-1423.9122688510558,2822.9999530792243,False,False,-1495.2600651037687,-1472.3625362961152,2866.303001911963,False,False,-1583.5849925115383,-1542.7945181404164,2872.999934005738,False,False,-1595.2377601858361,-1542.3161873032368,2898.999924087525,False,False,-1551.0551991319494,-1496.3393312345263,2904.940258772472,False,True,-1472.958050860409,-1439.5025980377177,2945.56898315595,False,False,-1511.155098266956,-1475.9994803924567,2951.999903869629,False,True,-1587.113034508054,-1544.713057431916,2982.999892044068,True,False,-1581.5490066326377,-1535.0822370633005,2989.429982117626,False,False,-1477.0876302839501,-1427.1767032429625,3026.9998752593997,False,False,-1462.561035547269,-1437.2183283919674,3033.8853034551807,False,False,0.1269299933221104,2759.326350403739,0.10462217619715143,2773.9848398287754,0.051079892383867655,2855.0735808106856,0.056458123135004354,2868.254241787569,0.012144639646500116,2902.8293998324602,0.006447116912943638,2974.108904838961,0.0123922719379975,2985.852071152641,-0.3022741270434575,2985.5374047536598
300,23.30792372999713,1782851018.237212,0.010206959210336208,-1438.065193935874,-1418.873460280588,2715.9999938964847,True,False,-1395.2250221597337,-1372.403868019684,2720.771614496614,True,True,-1479.916772625852,-1464.0092490142738,2770.99997291565,True,True,-1574.3819742030137,-1522.0616743588957,2777.6248020826647,False,False,-1551.2220466424183,-1514.7837576794939,2816.709009497122,False,False,-1467.6369440963413,-1434.8773802610262,2822.9999530792243,False,False,-1496.685820827093,-1482.838700064187,2866.303001911963,True,False,-1584.4871901457957,-1546.5016933092888,2872.999934005738,True,False,-1598.421638597671,-1548.1945196686736,2898.999924087525,False,False,-1558.7743925176514,-1499.054558792065,2904.940258772472,False,True,-1479.0448665831216,-1436.9731637986367,2945.56898315595,False,False,-1504.599002047865,-1482.2717822538739,2951.999903869629,False,False,-1592.7019393587432,-1539.357904147691,2982.999892044068,False,False,-1582.8803787022039,-1539.2643717333497,2989.429982117626,False,False,-1472.6407066662591,-1437.3944921600391,3026.9998752593997,False,False,-1465.539526851484,-1438.1686584955835,3033.8853034551807,False,True,0.10645381264452844,2759.3058742230614,0.10400378305432549,2773.9842214356327,-0.01624030257320027,2855.0062606157285,0.07894313162777569,2868.2767267960617,0.03985968273511828,2902.8571148755486,-0.15877924841666163,2973.9436784736313,-0.027748970987837202,2985.811929909715,-0.09569553585500372,2985.743983344848
301,23.383160458877683,1782851018.312674,0.010683832690119743,-1446.2870556591374,-1413.072217807256,2715.9999938964847,False,False,-1392.3867301402943,-1373.9672754225633,2720.771614496614,False,False,-1483.869196442217,-1468.8769401228717,2770.99997291565,False,False,-1578.7270333465783,-1527.354199651557,2777.6248020826647,False,False,-1555.5115108353457,-1507.8421890760155,2816.709009497122,False,False,-1470.7281917657488,-1432.8026652810465,2822.9999530792243,False,False,-1499.0252055506312,-1479.8333618608062,2866.303001911963,False,False,-1584.4871901457957,-1542.7945181404164,2872.999934005738,True,True,-1600.9020585628266,-1541.056786991472,2898.999924087525,False,False,-1557.4552403949017,-1499.5320949353547,2904.940258772472,False,False,-1472.958050860409,-1440.955469633524,2945.56898315595,True,False,-1508.1781948222638,-1479.3083748509948,2951.999903869629,False,True,-1587.2066570895863,-1539.357904147691,2982.999892044068,True,True,-1581.5490066326377,-1533.4784561542933,2989.429982117626,True,True,-1472.6407066662591,-1431.7929868264205,3026.9998752593997,True,True,-1464.1877357337164,-1443.6340006724333,3033.8853034551807,False,True,-0.346525265686322,2758.8528951447306,0.10364839925569126,2773.983866051834,-0.0682514513492593,2854.9542494669527,0.07288261153803922,2868.270666275972,-0.0011125729132228106,2902.8161426199003,-0.03008587292580353,2974.072371849122,0.0011587146128461921,2985.840837595316,-0.2491530607174716,2985.5905258199855
302,23.486170583870262,1782851018.41573,0.010670999996364117,-1434.9449857872055,-1411.896532383776,2715.9999938964847,False,False,-1394.9044441727544,-1381.469048201241,2720.771614496614,False,False,-1476.5758642296055,-1462.1547498242503,2770.99997291565,False,False,-1578.5430280893727,-1528.717202066204,2777.6248020826647,False,False,-1554.817405324449,-1513.2356756426325,2816.709009497122,True,True,-1475.7726227954886,-1432.177528502002,2822.9999530792243,False,False,-1500.109999388697,-1479.2010865910688,2866.303001911963,False,True,-1587.9219213253048,-1547.2161521533149,2872.999934005738,False,False,-1601.1877387902314,-1542.087969557111,2898.999924087525,False,False,-1551.0551991319494,-1499.5320949353547,2904.940258772472,True,True,-1474.503010667237,-1441.108089066846,2945.56898315595,False,False,-1504.913486872268,-1479.6127502521626,2951.999903869629,True,True,-1587.5874789864597,-1539.357904147691,2982.999892044068,True,True,-1581.5490066326377,-1533.9830027202984,2989.429982117626,True,False,-1473.607300485986,-1431.7929868264205,3026.9998752593997,False,True,-1464.1691276706301,-1447.8841733655286,3033.8853034551807,False,False,-0.2264228053655657,2758.9729976050517,0.10055927806952797,2773.9807769306476,0.03928151325972399,2855.0617824315614,0.06312649785491208,2868.260910162289,-0.021369257973943637,2902.7958859348396,-0.06783944757374295,2974.0346182744743,-0.0014177962653137692,2985.838261084438,-0.31305014144245347,2985.5266287392606
303,23.56090662581846,1782851018.490192,0.010207333602011204,-1440.9508756915366,-1413.19043310817,2715.9999938964847,False,False,-1396.5431839716355,-1377.0257924015036,2720.771614496614,False,False,-1481.5918436898248,-1464.4688525842835,2770.99997291565,False,False,-1579.971641654186,-1527.048178317083,2777.6248020826647,False,False,-1553.1168123605466,-1509.5591007732983,2816.709009497122,False,False,-1473.1269202555245,-1435.3754989760675,2822.9999530792243,False,False,-1504.0666946847207,-1479.6859690680687,2866.303001911963,False,False,-1587.399698933276,-1542.9988904850688,2872.999934005738,True,True,-1598.421638597671,-1542.3161873032368,2898.999924087525,True,True,-1553.912984075557,-1505.1068190848794,2904.940258772472,False,False,-1474.520914203625,-1436.8300684659348,2945.56898315595,False,False,-1507.2528532567167,-1479.6256609713603,2951.999903869629,True,True,-1591.1405966317202,-1550.8246171715011,2982.999892044068,False,False,-1583.3510758932666,-1534.4345034691446,2989.429982117626,False,False,-1466.6413164409942,-1426.1164134853439,3026.9998752593997,False,False,-1456.7414478711376,-1443.5074166335546,3033.8853034551807,False,False,-0.18769196951711276,2759.0117284409002,0.10159789759457999,2773.981815550173,-0.03387984869036789,2854.9886210696113,0.06377433921975684,2868.2615580036536,-0.02129001719004785,2902.7959651756237,-0.0844452307824435,2974.0180124912654,0.025838042382263855,2985.8655169230856,-0.3355664700065404,2985.5041124106965
304,23.633927187882364,1782851018.563301,0.01038687489926815,-1439.3635632851424,-1416.0115352874654,2715.9999938964847,True,True,-1395.2250221597337,-1377.0257924015036,2720.771614496614,True,True,-1480.019601430449,-1464.4688525842835,2770.99997291565,True,True,-1578.5430280893727,-1533.0921080783692,2777.6248020826647,True,False,-1562.4625592199775,-1512.5610920927957,2816.709009497122,False,True,-1476.7724608001956,-1434.1594155943394,2822.9999530792243,False,False,-1494.862513372253,-1479.2010865910688,2866.303001911963,False,True,-1587.796977106703,-1546.5016933092888,2872.999934005738,True,True,-1598.6698245560412,-1542.3161873032368,2898.999924087525,True,True,-1553.912984075557,-1502.2847571598863,2904.940258772472,True,True,-1474.503010667237,-1436.8300684659348,2945.56898315595,True,True,-1508.1781948222638,-1482.2717822538739,2951.999903869629,True,True,-1591.1405966317202,-1545.3115291744352,2982.999892044068,True,True,-1583.3510758932666,-1535.0822370633005,2989.429982117626,True,True,-1472.6407066662591,-1430.7416205642326,3026.9998752593997,True,True,-1461.7648943974082,-1449.3062994773359,3033.8853034551807,True,False,-0.11237309905304535,2759.087047311364,0.08417964379613338,2773.9643972963745,-0.04349251405959506,2854.9790084042424,0.08356164883025942,2868.281345313264,-0.0117049257429573,2902.805550267071,-0.09764535880791281,2974.00481236324,0.00784867444927598,2985.8475275551523,-0.36067654020164525,2985.4790023405017
305,23.714662645943463,1782851018.6444118,0.011036042124032974,-1440.1870388483053,-1418.873460280588,2715.9999938964847,True,True,-1398.1119356909253,-1377.0257924015036,2720.771614496614,False,True,-1481.0736390867132,-1464.4688525842835,2770.99997291565,True,True,-1578.5430280893727,-1519.123807195036,2777.6248020826647,True,False,-1555.5115108353457,-1513.2356756426325,2816.709009497122,True,True,-1469.3790292508481,-1432.177528502002,2822.9999530792243,True,True,-1498.0789543662315,-1479.6859690680687,2866.303001911963,True,True,-1586.196491120824,-1546.5016933092888,2872.999934005738,False,True,-1598.6698245560412,-1542.3161873032368,2898.999924087525,True,True,-1554.8944524253448,-1505.1068190848794,2904.940258772472,True,True,-1474.520914203625,-1436.9731637986367,2945.56898315595,True,True,-1510.73945655164,-1488.2359522572362,2951.999903869629,True,True,-1592.7019393587432,-1545.8785998104959,2982.999892044068,True,True,-1583.3510758932666,-1535.0822370633005,2989.429982117626,True,True,-1472.6407066662591,-1424.2726610019258,3026.9998752593997,True,False,-1462.561035547269,-1446.0390943546167,3033.8853034551807,True,True,0.009996230459742215,2759.209416640877,0.12288020092586097,2774.003097853504,-0.026026733214369407,2854.9964741850877,0.06864062260832046,2868.266424287042,-0.018642884775469194,2902.798612308038,-0.12296538302909865,2973.9794923390186,0.00507151257298095,2985.844750393276,-0.3928509362874097,2985.446827944416
306,23.78849235456437,1782851018.7179039,0.010415291413664818,-1433.879122474555,-1415.0106855763056,2715.9999938964847,False,False,-1397.8323211174618,-1378.1168948864504,2720.771614496614,False,False,-1487.1761041660297,-1462.3297215514867,2770.99997291565,False,False,-1581.4083733227376,-1521.6952241953722,2777.6248020826647,False,False,-1550.7903444692363,-1502.143252743222,2816.709009497122,False,False,-1461.221737934407,-1432.177528502002,2822.9999530792243,False,True,-1495.2600651037687,-1479.6859690680687,2866.303001911963,True,True,-1587.9219213253048,-1546.5016933092888,2872.999934005738,True,True,-1598.421638597671,-1535.050299538466,2898.999924087525,True,False,-1553.912984075557,-1505.1068190848794,2904.940258772472,True,True,-1474.503010667237,-1436.9731637986367,2945.56898315595,True,True,-1510.73945655164,-1488.2359522572362,2951.999903869629,True,True,-1592.7019393587432,-1545.8785998104959,2982.999892044068,True,True,-1585.0678607451785,-1535.0822370633005,2989.429982117626,False,True,-1467.9891126937068,-1434.112678424061,3026.9998752593997,False,False,-1460.8495904269953,-1444.015265763976,3033.8853034551807,False,False,0.033336388036682915,2759.232756798454,0.09843546956152228,2773.97865312214,-0.16059120667639523,2854.8619097116252,0.08430462503979845,2868.2820882894734,-0.04772773074936897,2902.769527462064,-0.12282621738226177,2973.9796315046656,0.009983578957160623,2985.84966245966,-0.20857312677349807,2985.6311057539297
307,23.862237563356757,1782851018.791788,0.010751292109489441,-1439.2500275086345,-1418.5533514686554,2715.9999938964847,False,False,-1400.3889782070485,-1384.7872528043524,2720.771614496614,False,False,-1485.055498670416,-1467.0703304092676,2770.99997291565,False,False,-1575.130424549928,-1531.1699498731546,2777.6248020826647,False,False,-1553.8537809090074,-1508.7384601277622,2816.709009497122,False,False,-1464.4178424060888,-1432.177528502002,2822.9999530792243,False,True,-1494.0688892624628,-1479.6859690680687,2866.303001911963,False,True,-1590.2122948314332,-1546.5016933092888,2872.999934005738,False,True,-1596.8704801785004,-1541.2096035700097,2898.999924087525,False,False,-1551.6350184919158,-1497.7937478986462,2904.940258772472,False,False,-1474.503010667237,-1440.3322217807256,2945.56898315595,True,False,-1513.8724470458783,-1488.1787434666992,2951.999903869629,False,False,-1593.3341978176481,-1550.6445930250327,2982.999892044068,False,False,-1592.1094644985785,-1542.7887810618333,2989.429982117626,False,False,-1475.5166534217683,-1436.035359293334,3026.9998752593997,False,False,-1464.2272029831586,-1444.8159718189322,3033.8853034551807,False,False,-0.1140335865719461,2759.085386823845,0.07278013972523945,2773.9529977923034,-0.09805362950250512,2854.9244472887995,0.0961586888826323,2868.293942353316,-0.0009054556999790061,2902.816349737114,-0.07214561291608655,2974.0303121091315,0.019493782568280514,2985.8591726632712,-0.24508407323021542,2985.5945948074727
308,23.9374002921395,1782851018.866945,0.01065808441489935,-1439.3635632851424,-1418.5533514686554,2715.9999938964847,True,True,-1397.8323211174618,-1381.469048201241,2720.771614496614,True,True,-1483.869196442217,-1464.4688525842835,2770.99997291565,True,True,-1578.5430280893727,-1527.048178317083,2777.6248020826647,True,True,-1554.0683421462845,-1509.5591007732983,2816.709009497122,True,True,-1467.817296818168,-1432.177528502002,2822.9999530792243,True,True,-1495.2600651037687,-1484.7040116758872,2866.303001911963,True,False,-1590.2122948314332,-1547.2161521533149,2872.999934005738,True,True,-1598.421638597671,-1542.087969557111,2898.999924087525,True,True,-1557.4028838218662,-1505.1068190848794,2904.940258772472,False,True,-1474.503010667237,-1439.5025980377177,2945.56898315595,True,True,-1511.155098266956,-1488.2359522572362,2951.999903869629,True,True,-1593.3341978176481,-1550.6445930250327,2982.999892044068,True,True,-1590.4993841122352,-1537.7611807317296,2989.429982117626,True,True,-1473.607300485986,-1435.9676131674664,3026.9998752593997,True,True,-1464.1691276706301,-1446.0390943546167,3033.8853034551807,True,True,-0.09693666851261956,2759.1024837419045,0.09057939480551527,2773.9707970473837,-0.0610228997132856,2854.9614780185884,0.1072325327125661,2868.3050161971464,-0.009620205178136113,2902.8076349876355,-0.09956713424315691,2974.002890587805,0.029714024365236066,2985.8693929050683,-0.2383927411631707,2985.6012861395398
309,24.01185708399862,1782851018.941206,0.01034591719508171,-1448.3351208851666,-1418.5533514686554,2715.9999938964847,False,True,-1398.1119356909253,-1384.651265397194,2720.771614496614,True,False,-1485.055498670416,-1467.0703304092676,2770.99997291565,True,True,-1578.7270333465783,-1527.354199651557,2777.6248020826647,True,True,-1554.0683421462845,-1513.2356756426325,2816.709009497122,True,True,-1469.3790292508481,-1432.8026652810465,2822.9999530792243,True,True,-1499.0252055506312,-1479.6859690680687,2866.303001911963,True,True,-1602.085067396155,-1551.4762080875385,2872.999934005738,False,True,-1600.9020585628266,-1542.3161873032368,2898.999924087525,True,True,-1554.8944524253448,-1515.2173014029402,2904.940258772472,True,False,-1479.2391493718862,-1440.3322217807256,2945.56898315595,False,True,-1513.859513402818,-1491.2469816914754,2951.999903869629,True,False,-1595.5760720726228,-1553.0545633768377,2982.999892044068,False,False,-1590.4993841122352,-1539.2643717333497,2989.429982117626,True,True,-1475.5166534217683,-1436.035359293334,3026.9998752593997,True,True,-1470.7956368248922,-1446.0390943546167,3033.8853034551807,False,True,-0.38679850379788455,2758.8126219066194,0.09456753189573687,2773.974785184474,-0.019313274457486526,2855.0031876438443,0.10137555399182968,2868.2991592184258,-0.06359408609310993,2902.7536611067208,-0.13234946574234713,2973.9701082563056,0.02594070319297301,2985.865619583896,-0.1808386725693404,2985.658840208134
310,24.086524937767535,1782851019.015868,0.010347374714910984,-1443.6632698597061,-1422.292231867225,2715.9999938964847,False,False,-1402.4635281352203,-1377.3514503163492,2720.771614496614,False,False,-1485.055498670416,-1466.4582892685762,2770.99997291565,True,False,-1580.999640859492,-1532.5442124889205,2777.6248020826647,False,False,-1554.0683421462845,-1515.3448665831222,2816.709009497122,True,False,-1470.7281917657488,-1439.2517101201215,2822.9999530792243,True,False,-1499.0252055506312,-1479.7684368982486,2866.303001911963,True,False,-1593.0472674756243,-1557.3394687776995,2872.999934005738,False,False,-1608.2916465446099,-1548.9912446128924,2898.999924087525,False,False,-1555.4727786777516,-1509.9173365528623,2904.940258772472,False,False,-1471.224423082801,-1443.2977152550661,2945.56898315595,False,False,-1513.0739508512393,-1490.1371458263288,2951.999903869629,False,False,-1598.7041813124677,-1548.2551043799858,2982.999892044068,False,False,-1585.1357872054284,-1539.2643717333497,2989.429982117626,False,True,-1473.2344591496776,-1442.1639178408777,3026.9998752593997,False,False,-1460.7963596906807,-1447.8841733655286,3033.8853034551807,False,True,0.11001586668388971,2759.309436277101,0.08377284670418893,2773.9639904992823,-0.0488750327991427,2854.9736258855028,0.05141560672558426,2868.2491992711593,-0.04372102429804523,2902.7735341685157,-0.044196571241185346,2974.0582611508066,-0.012226088219110266,2985.827452792484,-0.22012354720529098,2985.619555333498
311,24.161466042511165,1782851019.092086,0.010925084352493286,-1435.7491579301281,-1425.028361402329,2715.9999938964847,False,False,-1398.1147507412047,-1384.4780802029525,2720.771614496614,False,False,-1484.3074196900693,-1471.9068664608615,2770.99997291565,False,False,-1581.97707460953,-1527.3403322431764,2777.6248020826647,False,False,-1553.4156325457711,-1514.0291820765965,2816.709009497122,False,False,-1470.0701149249624,-1434.2544197206346,2822.9999530792243,False,False,-1507.2760109423234,-1483.8047910872024,2866.303001911963,False,False,-1590.5668704343311,-1553.1400082525902,2872.999934005738,False,True,-1600.3165586698046,-1546.3914264755326,2898.999924087525,False,False,-1557.4028838218662,-1500.6671485771924,2904.940258772472,True,False,-1474.520914203625,-1436.8115322309502,2945.56898315595,True,False,-1509.999653085552,-1484.331162698291,2951.999903869629,False,False,-1593.9749014273925,-1546.569801632179,2982.999892044068,False,False,-1590.4993841122352,-1539.2643717333497,2989.429982117626,True,True,-1468.5712336094387,-1440.4984472903993,3026.9998752593997,False,True,-1459.3993031145887,-1448.493779992053,3033.8853034551807,False,False,0.07982473102045239,2759.2792451414375,0.12098649337714511,2774.0012041459554,-0.013832315702394888,2855.0086686025993,0.04293182217116364,2868.240715486605,0.015820108321383666,2902.833075301135,-0.09999365035858099,2974.0024640716892,0.011567328222218278,2985.851246208925,-0.20849453963254144,2985.6311843410704
312,24.272521417122334,1782851019.2019598,0.010457166470587254,-1435.0318763945347,-1424.4820658984627,2715.9999938964847,False,False,-1395.3337148882842,-1378.976715469022,2720.771614496614,False,False,-1488.2582266100194,-1461.8891722957483,2770.99997291565,False,False,-1580.999640859492,-1530.8489195219613,2777.6248020826647,True,False,-1550.1887046489592,-1511.886393923648,2816.709009497122,False,False,-1469.9181480575849,-1431.141236971605,2822.9999530792243,False,False,-1500.003709080906,-1479.7684368982486,2866.303001911963,False,True,-1593.0472674756243,-1546.6239600207841,2872.999934005738,True,False,-1601.1877387902314,-1546.3914264755326,2898.999924087525,True,True,-1555.4727786777516,-1505.1068190848794,2904.940258772472,True,True,-1474.503010667237,-1440.955469633524,2945.56898315595,True,True,-1513.859513402818,-1488.5905431427088,2951.999903869629,True,True,-1595.5760720726228,-1543.6070697191062,2982.999892044068,True,False,-1587.4159168016627,-1527.8067594828376,2989.429982117626,False,False,-1473.607300485986,-1440.4984472903993,3026.9998752593997,True,True,-1464.1691276706301,-1447.8841733655286,3033.8853034551807,True,True,0.15287951908854952,2759.3522999295055,0.06513222755810694,2773.9453498801363,0.02336133623345884,2855.045862254535,0.08473694689445659,2868.282520611328,-0.010625605778282143,2902.8066295870353,-0.07044018476030078,2974.0320175372876,0.02349338890111403,2985.863172269604,-0.20461582628638925,2985.6350630544166
313,24.350882334169,1782851019.2804322,0.010663249529898167,-1432.1793853348413,-1420.7389323593238,2715.9999938964847,False,False,-1396.7208958645354,-1381.469048201241,2720.771614496614,False,True,-1485.055498670416,-1466.4582892685762,2770.99997291565,True,True,-1580.999640859492,-1530.8489195219613,2777.6248020826647,True,True,-1546.895496225204,-1514.0291820765965,2816.709009497122,False,True,-1473.1269202555245,-1427.2883928844333,2822.9999530792243,True,False,-1500.109999388697,-1473.7903811474157,2866.303001911963,True,False,-1590.5668704343311,-1553.1400082525902,2872.999934005738,True,True,-1601.1877387902314,-1546.3914264755326,2898.999924087525,True,True,-1553.912984075557,-1505.1068190848794,2904.940258772472,True,True,-1470.764408411529,-1435.548528288046,2945.56898315595,False,False,-1513.859513402818,-1488.5905431427088,2951.999903869629,True,True,-1593.9749014273925,-1550.6445930250327,2982.999892044068,True,True,-1580.2431335391389,-1533.9830027202984,2989.429982117626,False,True,-1473.2344591496776,-1438.7975043555336,3026.9998752593997,True,False,-1457.1579943148822,-1438.706487453006,3033.8853034551807,False,False,0.10251761658159268,2759.301938026999,0.08882699557659018,2773.969044648155,0.1380732933506905,2855.1605742116526,0.032352522252339665,2868.230136186686,-0.016210821795271245,2902.8010443710186,-0.08440064790362689,2974.018057074144,0.009721895148854109,2985.849400775852,-0.19367772463579605,2985.646001156067
314,24.427139333914965,1782851019.3566751,0.010628833435475826,-1436.3172295748386,-1414.835293578262,2715.9999938964847,False,False,-1394.0750313292783,-1378.056735030718,2720.771614496614,False,False,-1478.3126371611093,-1474.2663187333803,2770.99997291565,False,False,-1576.9236207476238,-1530.8489195219613,2777.6248020826647,False,True,-1555.9486245682672,-1508.6474646208394,2816.709009497122,False,False,-1473.1722468441483,-1427.8306369777179,2822.9999530792243,False,False,-1500.1687608888346,-1474.1190848794204,2866.303001911963,False,False,-1590.5668704343311,-1553.1400082525902,2872.999934005738,True,True,-1593.1932130085274,-1540.7488110156798,2898.999924087525,False,False,-1546.2280633921205,-1494.429933979277,2904.940258772472,False,False,-1466.5691169728275,-1435.3176712412508,2945.56898315595,False,False,-1508.1138857474707,-1488.1787434666992,2951.999903869629,False,True,-1591.680407739096,-1548.6230705749306,2982.999892044068,False,False,-1586.2238820796529,-1530.999758535318,2989.429982117626,False,False,-1473.9531971146498,-1436.035359293334,3026.9998752593997,False,True,-1463.1823318152644,-1441.0843674542289,3033.8853034551807,False,False,-0.1221326528893477,2759.0772877575278,0.12100949909552809,2774.001227151674,0.005336144592049326,2855.027837062894,0.03332273724550083,2868.2311064016794,0.0033551085916100087,2902.8206103014054,-0.09357454311107453,2974.0088831789367,0.03631015092260086,2985.8759890316255,-0.19299425835120776,2985.646684622352
315,24.506386396475136,1782851019.4379342,0.014735458418726921,-1436.7920897392792,-1422.292231867225,2715.9999938964847,False,True,-1391.8455436011857,-1378.976715469022,2720.771614496614,False,True,-1480.5784041935385,-1469.5941880368005,2770.99997291565,False,False,-1580.999640859492,-1530.8489195219613,2777.6248020826647,True,True,-1550.440744872696,-1511.886393923648,2816.709009497122,False,True,-1470.0701149249624,-1424.8676009414064,2822.9999530792243,True,False,-1500.003709080906,-1474.1190848794204,2866.303001911963,True,True,-1590.2122948314332,-1546.6239600207841,2872.999934005738,True,True,-1598.045387718923,-1541.2096035700097,2898.999924087525,False,True,-1546.2280633921205,-1497.7937478986462,2904.940258772472,True,True,-1466.5691169728275,-1436.8115322309502,2945.56898315595,True,True,-1509.999653085552,-1484.331162698291,2951.999903869629,True,True,-1593.3341978176481,-1548.2551043799858,2982.999892044068,True,True,-1579.994486047009,-1533.7309349879267,2989.429982117626,False,False,-1473.2344591496776,-1430.5789681205486,3026.9998752593997,True,False,-1460.8495904269953,-1444.015265763976,3033.8853034551807,True,True,-0.029595548160152852,2759.169824862257,0.11186461578505998,2773.9920822683634,0.08255749417824756,2855.10505841248,0.05508770660864393,2868.252871371042,-0.02446936333003983,2902.792785829484,-0.03817672949537546,2974.0642809925525,0.0046029867654434065,2985.8442818674685,-0.3165752065452589,2985.523103674158
316,24.583605063147843,1782851019.5130272,0.01024504192173481,-1436.3172295748386,-1420.7389323593238,2715.9999938964847,True,True,-1395.3285554910294,-1376.6936592597121,2720.771614496614,False,False,-1479.7071293211482,-1459.211200599077,2770.99997291565,False,False,-1574.571753216982,-1520.5793242045422,2777.6248020826647,False,False,-1545.7579255432956,-1503.123999755479,2816.709009497122,False,False,-1466.2786670538253,-1431.631234526393,2822.9999530792243,False,False,-1492.657503744231,-1467.4785371519395,2866.303001911963,False,False,-1583.136539108109,-1544.9527294678608,2872.999934005738,False,True,-1589.258124216768,-1541.4869502093711,2898.999924087525,False,False,-1539.5813598435066,-1497.413292783568,2904.940258772472,False,False,-1471.6877189228842,-1437.8681847357643,2945.56898315595,False,False,-1503.8011064584161,-1480.0001054497661,2951.999903869629,False,True,-1591.680407739096,-1546.569801632179,2982.999892044068,True,True,-1584.2418605006574,-1526.4318167924932,2989.429982117626,False,False,-1464.0839471834215,-1426.7719381361371,3026.9998752593997,False,False,-1460.7963596906807,-1441.0843674542289,3033.8853034551807,True,True,0.0882168561113044,2759.2876372665282,0.09494784769860731,2773.975165500277,-0.05521594866949045,2854.967284969632,0.03918760102191215,2868.2369712654554,-0.015250437733940612,2902.80200475508,-0.08308981432420702,2974.019367907724,0.038231719336941986,2985.87791060004,-0.21744477742761967,2985.6222341032753
317,24.67844668822363,1782851019.607739,0.010240207426249981,-1429.568507198093,-1420.7389323593238,2715.9999938964847,False,True,-1394.560228627319,-1370.2830974722622,2720.771614496614,False,False,-1484.3074196900693,-1460.3067212764008,2770.99997291565,True,False,-1570.2596677568238,-1524.2159641776445,2777.6248020826647,False,False,-1549.4933673625333,-1502.4159198581779,2816.709009497122,False,False,-1469.9181480575849,-1431.141236971605,2822.9999530792243,True,True,-1500.003709080906,-1470.0255310694745,2866.303001911963,True,False,-1578.02270684965,-1540.5577849436072,2872.999934005738,False,False,-1596.8704801785004,-1541.2096035700097,2898.999924087525,True,True,-1536.603111532231,-1494.9731928355288,2904.940258772472,False,False,-1473.3224699697407,-1430.2173671180121,2945.56898315595,False,False,-1508.1138857474707,-1480.0001054497661,2951.999903869629,True,True,-1591.680407739096,-1546.569801632179,2982.999892044068,True,True,-1579.6310603050401,-1528.4964987621115,2989.429982117626,False,False,-1461.4323043066295,-1432.1907372314085,3026.9998752593997,False,False,-1460.344074945747,-1436.9975578445458,3033.8853034551807,False,False,0.3946549612353607,2759.5940753716527,0.06093085005701278,2773.9411485026353,-0.056240375140949976,2854.966260543161,0.020358606017083593,2868.2181422704507,-0.044561987745221646,2902.7726932050687,-0.12446464408526553,2973.9779930779623,0.018824833518641514,2985.8585037142216,-0.0727090481524615,2985.766969832551
318,24.75232083396986,1782851019.681868,0.010745749808847904,-1436.3172295748386,-1425.2675092459579,2715.9999938964847,True,False,-1396.7208958645354,-1378.056735030718,2720.771614496614,True,True,-1486.864851606199,-1474.704671883119,2770.99997291565,False,False,-1575.130424549928,-1533.338764251001,2777.6248020826647,True,False,-1553.4156325457711,-1508.7384601277622,2816.709009497122,True,True,-1469.9181480575849,-1437.9372726716997,2822.9999530792243,True,False,-1507.351836965492,-1473.7903811474157,2866.303001911963,False,True,-1586.6186141761164,-1549.2382889629246,2872.999934005738,False,False,-1601.1397683161658,-1541.2096035700097,2898.999924087525,False,True,-1544.4169926949291,-1497.413292783568,2904.940258772472,True,True,-1474.0812941284346,-1436.8115322309502,2945.56898315595,False,True,-1508.1138857474707,-1480.0001054497661,2951.999903869629,True,True,-1591.680407739096,-1554.2930311458877,2982.999892044068,True,False,-1585.73088455543,-1534.2000290368921,2989.429982117626,False,False,-1468.6152535379163,-1437.8031573799558,3026.9998752593997,False,False,-1463.960014671272,-1438.706487453006,3033.8853034551807,False,True,0.19870144314606328,2759.398121853563,0.08409833297572905,2773.964315985554,-0.09779079760863084,2854.9247101206934,0.007031432767067809,2868.204815097201,-0.04039467726814753,2902.7768605155456,-0.07755596078928836,2974.0249017612587,0.04187428233876476,2985.8815531630416,-0.06759069326789433,2985.772088187435
319,24.826705812942237,1782851019.755829,0.009888875298202038,-1433.9655377938075,-1422.292231867225,2715.9999938964847,False,True,-1396.7208958645354,-1371.8183986918116,2720.771614496614,True,False,-1473.9080202952591,-1469.5941880368005,2770.99997291565,False,True,-1570.4973102668337,-1527.3403322431764,2777.6248020826647,False,True,-1545.6413317235688,-1511.886393923648,2816.709009497122,False,True,-1470.0701149249624,-1431.631234526393,2822.9999530792243,True,True,-1500.1687608888346,-1471.0079148454931,2866.303001911963,True,False,-1585.8536586484092,-1539.1415701317355,2872.999934005738,False,False,-1598.045387718923,-1536.4703655591893,2898.999924087525,True,False,-1537.8028624262618,-1493.3366262187853,2904.940258772472,False,False,-1471.0846180884557,-1434.7237796864015,2945.56898315595,False,False,-1506.1844698474797,-1480.0001054497661,2951.999903869629,False,True,-1591.680407739096,-1546.569801632179,2982.999892044068,True,True,-1585.1357872054284,-1529.727935018492,2989.429982117626,True,False,-1466.9334566127698,-1432.488490692912,3026.9998752593997,False,False,-1454.8311336613992,-1432.9343888498333,3033.8853034551807,False,False,0.3412464474990904,2759.540666857916,0.11202012522214017,2773.9922377778003,0.06000710445567891,2855.0825080227573,0.05458066270806112,2868.2523643271415,-0.05550644568107751,2902.7617487471325,-0.0854628517398903,2974.016994870308,0.03097608774299406,2985.870654968446,-0.15279637019196662,2985.686882510511
320,24.900488938204944,1782851019.8298519,0.010394042357802391,-1438.9760751291378,-1420.7877097533392,2715.9999938964847,False,False,-1401.9524345141672,-1377.4274108261761,2720.771614496614,False,False,-1485.325968151114,-1467.1910673350246,2770.99997291565,False,False,-1574.571753216982,-1525.917464926491,2777.6248020826647,True,False,-1553.480233517743,-1512.6316624384876,2816.709009497122,False,False,-1463.9297047406549,-1427.0417519943758,2822.9999530792243,False,False,-1492.4282421982455,-1475.4255112021276,2866.303001911963,False,False,-1589.479810190421,-1549.2257175168875,2872.999934005738,False,False,-1593.8291759635663,-1541.4773374698168,2898.999924087525,False,False,-1540.70478650243,-1494.473631445426,2904.940258772472,False,False,-1467.7128816823058,-1430.7132561053888,2945.56898315595,False,False,-1501.6784913042152,-1475.578329308922,2951.999903869629,False,False,-1586.1716003912338,-1541.9827169361492,2982.999892044068,True,False,-1584.2380459699853,-1534.1312054895009,2989.429982117626,False,False,-1470.2579255432956,-1430.8478589112694,3026.9998752593997,False,False,-1462.0424611058472,-1437.6867851575637,3033.8853034551807,False,False,0.17167249583408267,2759.3710929062513,0.08637886739484256,2773.9665965199733,-0.015331960935545707,2855.0071689573665,0.07497861533443673,2868.2727622797684,-0.01631573577971874,2902.800939457034,-0.09128864253136545,2974.0111690795165,0.01758713635922938,2985.8572660170626,-0.18483553960531926,2985.6548433410976
321,25.00629141740501,1782851019.935763,0.010606084018945694,-1432.242343430021,-1422.7009536326682,2715.9999938964847,False,False,-1395.3337148882842,-1377.3514503163492,2720.771614496614,True,True,-1479.7071293211482,-1472.8598924106734,2770.99997291565,True,False,-1574.661258672861,-1531.7657807867467,2777.6248020826647,False,False,-1556.9520188281322,-1508.6474646208394,2816.709009497122,False,True,-1472.1559984106125,-1430.7665418589725,2822.9999530792243,False,False,-1492.657503744231,-1473.7903811474157,2866.303001911963,True,True,-1583.136539108109,-1544.239245652107,2872.999934005738,True,True,-1593.1932130085274,-1543.6025751138552,2898.999924087525,True,False,-1540.9591359232204,-1494.473631445426,2904.940258772472,True,True,-1477.0807317296817,-1435.3176712412508,2945.56898315595,False,True,-1503.8011064584161,-1473.253025949812,2951.999903869629,True,True,-1593.825468410918,-1547.3633951768193,2982.999892044068,False,False,-1584.2380459699853,-1535.0761821071615,2989.429982117626,True,False,-1466.9334566127698,-1430.3811336613994,3026.9998752593997,True,False,-1460.034133630834,-1442.7119968212246,3033.8853034551807,False,False,0.21784933716297067,2759.41726974758,0.10332293387836859,2773.9835405864565,-0.04099603388894682,2854.981504884413,0.0642315813910789,2868.262015245825,-0.005505931544093556,2902.8117492612696,-0.09339681330839192,2974.0090609087392,0.008780299015559464,2985.8484591797187,-0.2361830776838316,2985.603495803019
322,25.082438854966313,1782851020.011733,0.010241209529340267,-1437.1469495980684,-1425.3788596142679,2715.9999938964847,False,False,-1396.3720160772687,-1376.0657655041718,2720.771614496614,False,False,-1475.817081333863,-1469.7547360699332,2770.99997291565,False,False,-1571.7106198612341,-1528.4213100223126,2777.6248020826647,False,False,-1550.440744872696,-1513.632108689672,2816.709009497122,True,False,-1466.2786670538253,-1434.5624919766483,2822.9999530792243,True,False,-1492.657503744231,-1473.7903811474157,2866.303001911963,True,True,-1583.136539108109,-1550.3916098664304,2872.999934005738,True,False,-1593.1932130085274,-1548.172043585903,2898.999924087525,True,False,-1545.0497570070606,-1494.473631445426,2904.940258772472,False,True,-1475.6534737292538,-1441.4576993611884,2945.56898315595,False,False,-1503.8011064584161,-1473.253025949812,2951.999903869629,True,True,-1586.1716003912338,-1541.9827169361492,2982.999892044068,True,True,-1584.2380459699853,-1529.727935018492,2989.429982117626,True,True,-1466.9334566127698,-1430.5789681205486,3026.9998752593997,True,True,-1459.3993031145887,-1437.6867851575637,3033.8853034551807,True,True,0.2230468283075881,2759.422467238725,0.1070530769578554,2773.9872707295362,-0.029311240443098564,2854.993189677859,0.0431360134726014,2868.2409196779063,0.025663692141206593,2902.842918884955,-0.033374303148961004,2974.069083418899,0.0306428044687984,2985.870321685172,-0.17974064154898284,2985.659938239154
323,25.15611212560907,1782851020.08547,0.010356166400015354,-1435.0318763945347,-1420.7389323593238,2715.9999938964847,True,True,-1395.3337148882842,-1376.6936592597121,2720.771614496614,True,True,-1479.7071293211482,-1467.1910673350246,2770.99997291565,True,True,-1572.8948940917567,-1524.2159641776445,2777.6248020826647,True,True,-1550.440744872696,-1508.6474646208394,2816.709009497122,True,True,-1466.2786670538253,-1427.8306369777179,2822.9999530792243,True,True,-1492.657503744231,-1473.7903811474157,2866.303001911963,True,True,-1583.136539108109,-1544.239245652107,2872.999934005738,True,True,-1593.1932130085274,-1540.7488110156798,2898.999924087525,True,True,-1540.9591359232204,-1494.473631445426,2904.940258772472,True,True,-1471.0846180884557,-1435.3176712412508,2945.56898315595,True,True,-1503.8011064584161,-1473.253025949812,2951.999903869629,True,True,-1586.1716003912338,-1541.9827169361492,2982.999892044068,True,True,-1589.871815875539,-1530.999758535318,2989.429982117626,False,True,-1466.9334566127698,-1430.8478589112694,3026.9998752593997,True,True,-1460.034133630834,-1437.6867851575637,3033.8853034551807,True,True,0.1193873781886372,2759.3188077886057,0.10355032820419148,2773.9837679807824,-0.010279890278873369,2855.012221028023,0.0642315813910789,2868.262015245825,-0.015808821639272618,2902.8014463711743,-0.0467347756100361,2974.055722946438,0.04302647366558967,2985.8827053543687,-0.16868316534938552,2985.670995715354
324,25.237272375728935,1782851020.167099,0.011253082193434238,-1431.2718342146286,-1423.8515527096006,2715.9999938964847,False,False,-1397.409586759177,-1384.3096249656141,2720.771614496614,False,False,-1479.8546810526636,-1469.6806446190055,2770.99997291565,False,False,-1574.571753216982,-1528.372289635358,2777.6248020826647,True,False,-1553.480233517743,-1516.1537977198398,2816.709009497122,True,False,-1466.2786670538253,-1427.8306369777179,2822.9999530792243,True,True,-1492.657503744231,-1474.1190848794204,2866.303001911963,True,True,-1585.8536586484092,-1544.239245652107,2872.999934005738,True,True,-1593.8291759635663,-1548.2878534095425,2898.999924087525,True,False,-1540.9591359232204,-1493.1789834031238,2904.940258772472,True,False,-1475.3511034019011,-1432.980433719473,2945.56898315595,False,False,-1499.7687792279244,-1481.0261729376164,2951.999903869629,False,False,-1590.0793287893143,-1544.7135036831007,2982.999892044068,False,False,-1585.4553061099737,-1533.7309349879267,2989.429982117626,False,True,-1468.6152535379163,-1437.0941987346027,3026.9998752593997,True,False,-1460.344074945747,-1434.8469083351163,3033.8853034551807,True,False,0.1458844894363908,2759.3453048998535,0.10310291953324861,2773.9833205721116,0.03062380371975429,2855.0531247220215,0.07452656210977245,2868.2723102265436,0.013931343737207592,2902.831186536551,-0.18891400771035577,2973.9135437143373,0.019132774187188825,2985.8588116548904,-0.07259208327896303,2985.7670867974243
325,25.331710916943848,1782851020.2614038,0.010960999876260757,-1436.3172295748386,-1419.1607360088026,2715.9999938964847,True,False,-1390.4632958400834,-1372.734549316869,2720.771614496614,False,False,-1473.117614695724,-1472.256874102149,2770.99997291565,False,False,-1580.4642387749489,-1529.8319680899838,2777.6248020826647,False,False,-1555.9486245682672,-1512.6316624384876,2816.709009497122,True,True,-1476.194686248739,-1432.922662530183,2822.9999530792243,False,False,-1501.1643060182778,-1469.524641623621,2866.303001911963,False,False,-1589.6269920836262,-1552.1667588715347,2872.999934005738,False,False,-1597.4721872421064,-1547.8295167649844,2898.999924087525,False,False,-1546.7796222147506,-1496.1293425436318,2904.940258772472,False,False,-1472.1541874254976,-1441.6416771097597,2945.56898315595,False,False,-1506.1844698474797,-1482.1315982516733,2951.999903869629,True,False,-1594.384504997402,-1543.0765733410767,2982.999892044068,False,False,-1589.129680288535,-1531.6657303542502,2989.429982117626,False,False,-1472.656626524437,-1432.1907372314085,3026.9998752593997,False,True,-1462.0424611058472,-1437.6867851575637,3033.8853034551807,True,True,0.02833207924419252,2759.2277524896613,0.14383357943865596,2774.024051232017,0.020716571106454664,2855.043217489408,0.013500907920017647,2868.2112845723536,0.009602665182140022,2902.826857857996,-0.05513979738912874,2974.0473179246587,0.018740898393697254,2985.858419779097,-0.197237475592074,2985.642441405111
326,25.408148646820337,1782851020.3376331,0.010552874766290188,-1436.7920897392792,-1420.7877097533392,2715.9999938964847,True,True,-1396.3720160772687,-1376.6936592597121,2720.771614496614,True,True,-1479.8546810526636,-1469.6806446190055,2770.99997291565,True,True,-1574.661258672861,-1533.9938380658375,2777.6248020826647,True,False,-1556.9520188281322,-1513.632108689672,2816.709009497122,True,True,-1472.1559984106125,-1431.631234526393,2822.9999530792243,True,True,-1507.1636901305133,-1475.4255112021276,2866.303001911963,False,True,-1589.479810190421,-1549.2382889629246,2872.999934005738,True,True,-1601.169306476755,-1545.889396949598,2898.999924087525,False,False,-1552.6372207109453,-1496.1293425436318,2904.940258772472,False,True,-1473.3224699697407,-1437.8681847357643,2945.56898315595,True,True,-1506.1844698474797,-1486.6558761500137,2951.999903869629,True,False,-1595.4508863893388,-1550.3227725647216,2982.999892044068,False,False,-1585.4553061099737,-1534.1312054895009,2989.429982117626,True,True,-1470.2579255432956,-1432.488490692912,3026.9998752593997,True,True,-1462.0424611058472,-1437.6867851575637,3033.8853034551807,True,True,0.10394635409296644,2759.30336676451,0.08665851340804852,2773.9668761659864,-0.004154089550190989,2855.0183468287514,0.02314700041502863,2868.2209306648488,0.010833159625125233,2902.828088352439,-0.12869308539854124,2973.9737646366493,0.01908832410788117,2985.858767204811,-0.16431889646829256,2985.675359984235
327,25.483340146020055,1782851020.41271,0.010379208251833916,-1437.1469495980684,-1421.5460097197179,2715.9999938964847,True,False,-1397.409586759177,-1377.4274108261761,2720.771614496614,True,True,-1479.8546810526636,-1469.7547360699332,2770.99997291565,True,True,-1588.4442277714948,-1528.4213100223126,2777.6248020826647,False,True,-1565.993674542287,-1521.7259070208152,2816.709009497122,False,False,-1481.5425803099306,-1434.6090411712564,2822.9999530792243,False,False,-1510.3448665831222,-1489.5874973255495,2866.303001911963,False,False,-1589.6269920836262,-1550.3916098664304,2872.999934005738,True,True,-1601.1397683161658,-1545.889396949598,2898.999924087525,True,True,-1546.7796222147506,-1497.413292783568,2904.940258772472,True,True,-1476.7685698566497,-1441.4576993611884,2945.56898315595,False,True,-1511.8424962557692,-1487.8941162086987,2951.999903869629,False,False,-1595.6267154690222,-1550.1643258856252,2982.999892044068,False,False,-1592.7355870036986,-1534.2000290368921,2989.429982117626,False,True,-1472.656626524437,-1437.0941987346027,3026.9998752593997,True,True,-1470.5530458171593,-1442.7119968212246,3033.8853034551807,False,True,0.12119712038025775,2759.3206175307973,0.14333519941624123,2774.0235528519943,0.0480858549901598,2855.070586773292,0.058967833772581746,2868.256751498206,-0.014941800563225948,2902.8023133922507,-0.09383844208875201,2974.008619279959,0.038766832893671145,2985.8784457135966,-0.09498414181001108,2985.744694738893
328,25.558274229988456,1782851020.487648,0.01036154106259346,-1438.9760751291378,-1422.7009536326682,2715.9999938964847,True,True,-1401.9524345141672,-1384.3096249656141,2720.771614496614,True,True,-1485.325968151114,-1472.256874102149,2770.99997291565,True,True,-1582.7812666198,-1529.8319680899838,2777.6248020826647,True,True,-1562.9012134364398,-1517.0235718433842,2816.709009497122,True,True,-1481.9235015435402,-1434.5624919766483,2822.9999530792243,False,True,-1505.5229085796375,-1488.7038389827917,2866.303001911963,False,False,-1592.5150793165635,-1554.7851224134242,2872.999934005738,True,False,-1607.7860882721518,-1547.8295167649844,2898.999924087525,False,True,-1552.872599871626,-1502.9198352538435,2904.940258772472,False,True,-1477.021279457163,-1438.8898294464652,2945.56898315595,False,False,-1518.612990188587,-1483.1490280282421,2951.999903869629,False,True,-1601.3763410459394,-1547.3633951768193,2982.999892044068,False,True,-1589.129680288535,-1535.0761821071615,2989.429982117626,True,True,-1474.9729590121344,-1437.8031573799558,3026.9998752593997,True,True,-1468.7860363113978,-1446.4097120762908,3033.8853034551807,True,True,0.044785153120108265,2759.2442055635374,0.1138488814991456,2773.9940665340773,0.03677865727062433,2855.0592795755724,0.06725117771841713,2868.265034842152,-0.029634960776019983,2902.7876202320376,-0.028922222607405988,2974.0735354994404,0.001343210844324688,2985.8410220915475,-0.180987418133835,2985.658691462569
329,25.633657479658723,1782851020.563915,0.012171540409326553,-1446.4193294006172,-1423.8540407127791,2715.9999938964847,True,False,-1404.3288321056332,-1380.1068435369993,2720.771614496614,False,False,-1490.9087187089285,-1470.72190604273,2770.99997291565,False,False,-1584.0021747103951,-1531.7657807867467,2777.6248020826647,True,True,-1565.993674542287,-1521.7259070208152,2816.709009497122,True,True,-1480.9832151480882,-1434.6090411712564,2822.9999530792243,True,True,-1505.42766910169,-1487.0730552923558,2866.303001911963,True,True,-1595.4982455604118,-1554.7851224134242,2872.999934005738,True,True,-1601.9889384723538,-1550.4013677904454,2898.999924087525,True,False,-1551.0698062169513,-1509.7719274383348,2904.940258772472,True,False,-1480.9296466668704,-1436.1455879206528,2945.56898315595,False,False,-1506.2796573646729,-1486.6558761500137,2951.999903869629,False,True,-1588.140200813033,-1550.1643258856252,2982.999892044068,False,True,-1589.871815875539,-1538.8730400097809,2989.429982117626,True,False,-1478.114047742764,-1441.7374698169149,3026.9998752593997,True,True,-1469.9696961824127,-1440.677814286151,3033.8853034551807,True,False,0.05842477051893678,2759.257845180936,0.09014507185082063,2773.970362724429,0.04291329339312003,2855.065414211695,0.07178178894575392,2868.2695654533795,-0.03190503318188438,2902.785350159632,-0.20087114338201736,2973.901586578666,0.037958845664008437,2985.877637726367,-0.08540800266667595,2985.7542708780366
330,25.714593396522105,1782851020.6486568,0.017495375126600266,-1435.113861295351,-1420.2983647644955,2715.9999938964847,False,False,-1404.3288321056332,-1384.3096249656141,2720.771614496614,True,True,-1482.6020279976772,-1472.256874102149,2770.99997291565,False,True,-1579.7733976220316,-1529.8319680899838,2777.6248020826647,False,True,-1562.9012134364398,-1521.7259070208152,2816.709009497122,True,True,-1476.194686248739,-1434.5624919766483,2822.9999530792243,True,True,-1502.863453250604,-1482.1660757404406,2866.303001911963,False,False,-1594.3529739890578,-1554.8062566861265,2872.999934005738,False,False,-1594.7992725494391,-1551.123987529419,2898.999924087525,False,False,-1553.5484396491122,-1507.3178072561666,2904.940258772472,False,False,-1482.3642479444939,-1436.729606932176,2945.56898315595,False,False,-1506.0117935629796,-1475.6622352293914,2951.999903869629,False,False,-1593.6487911483325,-1545.9706681541707,2982.999892044068,False,False,-1584.5446174771525,-1542.093197725953,2989.429982117626,False,False,-1478.114047742764,-1441.7374698169149,3026.9998752593997,True,True,-1469.9696961824127,-1441.1351407525142,3033.8853034551807,True,False,0.13828431043189687,2759.337704720849,0.11333585725531406,2773.9935535098334,0.02603523756475342,2855.0485361558667,0.059481644016762696,2868.2572653084503,0.013546822311999787,2902.8308020151258,-0.125057428914293,2973.9774002931335,-0.014546065345111617,2985.825132815358,-0.09105281353309642,2985.74862606717
331,25.81389593752101,1782851020.743399,0.010683874599635601,-1437.893954213406,-1431.7995002598038,2715.9999938964847,False,False,-1411.565835804016,-1384.3096249656141,2720.771614496614,False,True,-1485.379120946297,-1470.2149937341442,2770.99997291565,False,False,-1579.968065531681,-1529.1791316440992,2777.6248020826647,False,False,-1563.7909129810191,-1521.7259070208152,2816.709009497122,False,True,-1473.065980988477,-1435.5776033866186,2822.9999530792243,False,False,-1512.2603676987499,-1486.9455497142158,2866.303001911963,False,False,-1590.7790796833451,-1550.3385946144206,2872.999934005738,False,False,-1606.5182259987164,-1555.50357917902,2898.999924087525,False,False,-1552.6372207109453,-1502.9201607726868,2904.940258772472,True,False,-1477.021279457163,-1441.4576993611884,2945.56898315595,True,True,-1518.601080478039,-1483.1490280282421,2951.999903869629,False,True,-1596.945575694593,-1547.3633951768193,2982.999892044068,False,True,-1593.8819619769538,-1542.59404896537,2989.429982117626,False,False,-1481.82990188587,-1440.4386801968396,3026.9998752593997,False,False,-1471.9787847296514,-1446.4097120762908,3033.8853034551807,False,True,0.5295266443183673,2759.7289470547357,0.10130547528411402,2773.9815231278626,-0.02028607573345103,2855.0022148425683,0.046981390001420924,2868.244765054435,0.0015310232824545143,2902.818786216096,-0.0085864387621231,2974.093871283286,0.005291809051354118,2985.8449706897545,-0.19277229519849126,2985.6469065855044
332,25.88861552113667,1782851020.8178072,0.010008291341364384,-1437.893954213406,-1423.8540407127791,2715.9999938964847,True,True,-1410.4829782681786,-1382.492870678852,2720.771614496614,False,False,-1490.6007564874533,-1475.5636656783936,2770.99997291565,False,False,-1583.3002445211969,-1534.138602255708,2777.6248020826647,False,False,-1563.7909129810191,-1525.4836797383623,2816.709009497122,True,False,-1476.194686248739,-1442.0406394229299,2822.9999530792243,True,False,-1505.42766910169,-1488.6574135770393,2866.303001911963,True,False,-1601.640563010056,-1560.223081272733,2872.999934005738,False,False,-1609.5435461686586,-1550.4013677904454,2898.999924087525,False,True,-1555.9426597793195,-1501.8796313842956,2904.940258772472,False,False,-1483.0264021762387,-1448.944689305254,2945.56898315595,False,False,-1519.76554849161,-1486.6558761500137,2951.999903869629,False,True,-1598.8501956169573,-1554.9372787847296,2982.999892044068,False,False,-1592.4653528746524,-1549.0135296634776,2989.429982117626,False,False,-1473.0347479903414,-1449.0499327566708,3026.9998752593997,False,False,-1470.2121435339427,-1449.5176315065562,3033.8853034551807,False,False,0.3563466704634849,2759.5557670808807,0.09668410718043764,2773.9769017597587,-0.018930857317463853,2855.003570060984,0.07923641571328886,2868.277020080147,-0.011584256311715153,2902.805670936502,-0.013967799948025904,2974.0884899220996,-0.0008330641951072976,2985.838845816508,-0.03966607936906981,2985.800012801334
333,25.969273375812918,1782851020.8986912,0.01050866674631834,-1445.2106595959287,-1425.3788596142679,2715.9999938964847,False,True,-1410.0070743038787,-1381.5396598098846,2720.771614496614,True,False,-1482.1162102270994,-1472.256874102149,2770.99997291565,False,True,-1579.6488507503743,-1535.5125408808876,2777.6248020826647,False,False,-1565.6054574074637,-1521.7259070208152,2816.709009497122,False,True,-1480.9832151480882,-1437.213531191735,2822.9999530792243,True,False,-1510.3878579943146,-1483.981888620595,2866.303001911963,False,False,-1599.1534890118287,-1552.2939572699208,2872.999934005738,False,False,-1606.5182259987164,-1543.2323073631446,2898.999924087525,True,False,-1553.5484396491122,-1500.7758046275635,2904.940258772472,True,False,-1480.9296466668704,-1442.9257771189289,2945.56898315595,True,False,-1516.1819039031698,-1493.7389338875814,2951.999903869629,False,False,-1594.0406959684565,-1546.7565195464133,2982.999892044068,False,False,-1592.4653528746524,-1538.738671027295,2989.429982117626,True,False,-1471.64064553596,-1448.1175153589877,3026.9998752593997,False,True,-1463.005037136657,-1443.1398538985848,3033.8853034551807,False,False,0.2296205008941089,2759.4290409113114,0.09753608878729511,2773.9777537413656,0.02147998147055725,2855.0439808997726,0.06426479963998097,2868.262048464074,-0.031501593045940725,2902.7857535997678,-0.12636704397295792,2973.976090678075,0.019089127660418544,2985.8587680083633,-0.04321233312951041,2985.796466547574
334,26.04344431310892,1782851020.973032,0.010515375062823296,-1447.5317327383318,-1423.8540407127791,2715.9999938964847,True,True,-1408.5250435553382,-1377.850959745698,2720.771614496614,False,False,-1485.0988706177218,-1479.4326573341075,2770.99997291565,False,False,-1584.507804810955,-1534.6170691078034,2777.6248020826647,False,False,-1565.9134990983282,-1521.7259070208152,2816.709009497122,False,True,-1476.194686248739,-1436.480274780695,2822.9999530792243,True,True,-1507.1636901305133,-1487.0367622337012,2866.303001911963,True,False,-1598.4811275483692,-1554.8062566861265,2872.999934005738,False,True,-1601.9889384723538,-1551.123987529419,2898.999924087525,True,True,-1553.5484396491122,-1505.8678225387412,2904.940258772472,True,False,-1486.4768942751477,-1442.9257771189289,2945.56898315595,False,True,-1516.1819039031698,-1487.8941162086987,2951.999903869629,True,True,-1595.4508863893388,-1550.1643258856252,2982.999892044068,True,True,-1596.1113381422501,-1545.4549316868906,2989.429982117626,False,False,-1479.2511905125773,-1448.9187853409544,3026.9998752593997,False,False,-1465.2502857841491,-1452.432029220283,3033.8853034551807,False,False,0.1932759747651295,2759.3926963851823,0.126881830225749,2774.007099482804,-0.018450304184138757,2855.0040506141177,0.07547589747055229,2868.273259561904,-0.006085178114915235,2902.8111700146987,-0.12477173082306199,2973.977685991225,0.015652090724683137,2985.855330971428,-0.21110542946680508,2985.628573451236
335,26.118297583889216,1782851021.0477262,0.010448417626321316,-1441.2757373842346,-1423.8540407127791,2715.9999938964847,False,True,-1409.529606932176,-1387.035932389889,2720.771614496614,False,False,-1491.638402053978,-1473.842905828774,2770.99997291565,False,False,-1586.130016505181,-1538.904476266161,2777.6248020826647,False,False,-1569.9780893724974,-1521.7259070208152,2816.709009497122,False,True,-1479.3429119418042,-1438.9394168169451,2822.9999530792243,False,False,-1511.2674893786102,-1481.9161032490754,2866.303001911963,False,False,-1601.1168031910015,-1557.4054681052662,2872.999934005738,False,False,-1607.4817388513616,-1550.7167894366844,2898.999924087525,False,False,-1555.5995323532109,-1513.3935920163829,2904.940258772472,False,False,-1487.4502307668795,-1446.1985389858485,2945.56898315595,False,False,-1515.2011630039428,-1491.635764281566,2951.999903869629,False,False,-1601.3087003698383,-1552.7835727603385,2982.999892044068,False,False,-1595.1783063850594,-1547.394327108231,2989.429982117626,False,False,-1480.639111165449,-1441.9509597456981,3026.9998752593997,False,False,-1470.2121435339427,-1455.7833695020938,3033.8853034551807,True,False,0.13661115440346547,2759.3360315648206,0.08234667566739748,2773.9625643282457,-0.04815851699671231,2854.974342401305,0.042833880155916874,2868.2406175445894,-0.046981188086252616,2902.7702740047275,-0.14214420954188559,2973.9603135125058,-0.0016256632472203018,2985.838053217456,-0.2949598121040704,2985.544719068599
336,26.19289302220568,1782851021.122085,0.010063624940812588,-1444.190582877403,-1426.1998960784915,2715.9999938964847,False,False,-1409.0745713237768,-1386.8111348840052,2720.771614496614,False,False,-1487.3138078063391,-1473.842905828774,2770.99997291565,False,True,-1583.1192667420607,-1533.397736650671,2777.6248020826647,False,False,-1565.993674542287,-1520.6399761591833,2816.709009497122,True,False,-1474.719966683987,-1433.4091634318552,2822.9999530792243,False,False,-1508.9146957239357,-1486.9455497142158,2866.303001911963,False,True,-1594.3225204022376,-1552.9624935049055,2872.999934005738,False,False,-1605.7946740226791,-1551.123987529419,2898.999924087525,False,True,-1559.7862349848701,-1513.421750160467,2904.940258772472,False,False,-1480.991560962191,-1440.8786746951125,2945.56898315595,False,False,-1516.2700813032982,-1490.9986612464465,2951.999903869629,False,False,-1603.4915945838554,-1557.8943225234584,2982.999892044068,False,False,-1595.9314729345601,-1549.6577115872483,2989.429982117626,False,False,-1479.4040391845217,-1441.9509597456981,3026.9998752593997,False,True,-1470.2121435339427,-1450.2815661582663,3033.8853034551807,True,True,0.11800670197619065,2759.3174271123935,0.10301651373840626,2773.983234166317,-0.01333823069532487,2855.0091626876065,0.06149069369708192,2868.259274358131,-0.02484681254612324,2902.7924083802677,-0.12163656516266894,2973.980821156885,0.002600638555364181,2985.8422795192587,-0.21323580574692788,2985.626443074956
337,26.269225375261158,1782851021.1991968,0.011493750847876072,-1439.6245697955194,-1430.197000030565,2715.9999938964847,False,True,-1409.529606932176,-1382.492870678852,2720.771614496614,True,True,-1488.312230644619,-1475.5636656783936,2770.99997291565,True,True,-1576.8707736039369,-1527.4397698444232,2777.6248020826647,False,False,-1565.9134990983282,-1518.5336812666196,2816.709009497122,True,False,-1475.9232386832532,-1437.213531191735,2822.9999530792243,False,True,-1510.3448665831222,-1486.9455497142158,2866.303001911963,True,True,-1599.4395039276217,-1555.3732830027202,2872.999934005738,False,False,-1608.168232111746,-1543.9565867897422,2898.999924087525,False,False,-1550.5475715988632,-1507.5986001161475,2904.940258772472,False,True,-1482.3642479444939,-1438.9451676498456,2945.56898315595,True,False,-1512.3152703487485,-1491.635764281566,2951.999903869629,False,True,-1599.2009459913806,-1548.4123743008222,2982.999892044068,False,False,-1593.8819619769538,-1545.5495537488155,2989.429982117626,True,False,-1475.7313185805547,-1448.9187853409544,3026.9998752593997,False,True,-1470.2121435339427,-1452.432029220283,3033.8853034551807,True,True,0.4448396162087056,2759.644260026626,0.10494745350855718,2773.9851651060867,-0.05660880637281596,2854.965892111929,0.0653113450317519,2868.2630950094654,-0.0706047677775182,2902.746650425036,-0.18218465393838962,2973.9202730681095,-0.006713130438620743,2985.8329657502645,-0.10919663740843018,2985.730482243295
338,26.35000679222867,1782851021.279613,0.010820084251463413,-1448.2489745392302,-1424.9883623192836,2715.9999938964847,False,False,-1410.0506678485192,-1388.7635006265857,2720.771614496614,False,False,-1487.3138078063391,-1477.8499648500779,2770.99997291565,True,False,-1590.0557737567626,-1539.88926246294,2777.6248020826647,False,False,-1572.09023290644,-1525.9352232784179,2816.709009497122,False,False,-1474.843938930831,-1437.296964880643,2822.9999530792243,False,False,-1508.172401198154,-1485.0580783690434,2866.303001911963,False,False,-1597.74344224715,-1560.0042470275391,2872.999934005738,False,False,-1602.0676253935262,-1551.123987529419,2898.999924087525,False,True,-1555.9426597793195,-1512.1934315493472,2904.940258772472,True,False,-1488.3414555124248,-1442.9257771189289,2945.56898315595,False,True,-1516.1819039031698,-1496.7669162820553,2951.999903869629,True,False,-1598.8501956169573,-1554.0676544304188,2982.999892044068,True,False,-1597.4275529541214,-1552.106131369013,2989.429982117626,False,False,-1479.2511905125773,-1445.6199804383043,3026.9998752593997,True,False,-1465.2502857841491,-1455.4963337103034,3033.8853034551807,True,False,-0.03414775593592154,2759.165272654481,0.11579515533549292,2773.9960128079138,-0.054705578199762454,2854.967795340102,0.04473560925125536,2868.242519273685,-0.02108370200720053,2902.7961714908065,-0.2066779629349626,2973.895779759113,0.001684886160205806,2985.841363766863,-0.288747831378984,2985.550931049324
339,26.427317854948342,1782851021.356897,0.010789791122078896,-1444.190582877403,-1426.1998960784915,2715.9999938964847,True,True,-1409.0745713237768,-1381.5396598098846,2720.771614496614,True,True,-1485.379120946297,-1473.842905828774,2770.99997291565,True,True,-1583.1192667420607,-1534.138602255708,2777.6248020826647,True,True,-1565.6054574074637,-1520.6399761591833,2816.709009497122,True,True,-1474.843938930831,-1437.213531191735,2822.9999530792243,True,True,-1508.9146957239357,-1483.981888620595,2866.303001911963,True,True,-1605.3843154934743,-1554.8062566861265,2872.999934005738,False,True,-1613.4050203258244,-1551.123987529419,2898.999924087525,False,True,-1555.9426597793195,-1507.3178072561666,2904.940258772472,True,True,-1482.3642479444939,-1442.9257771189289,2945.56898315595,True,True,-1516.2700813032982,-1492.682765840389,2951.999903869629,True,True,-1607.0684965002904,-1554.0676544304188,2982.999892044068,False,True,-1593.8819619769538,-1545.5495537488155,2989.429982117626,True,True,-1479.2511905125773,-1441.9509597456981,3026.9998752593997,True,True,-1465.2502857841491,-1452.432029220283,3033.8853034551807,True,True,0.25102948453833357,2759.4504498949555,0.10661812081168427,2773.98683577339,-0.0449351318442468,2854.9775657864575,0.08156122103727034,2868.279344885471,-0.0425385053418995,2902.774716687472,-0.1287904593653763,2973.9736672626823,-0.01244129627269814,2985.8272375844303,-0.2971118592425549,2985.5425670214604
340,26.539674563333392,1782851021.469236,0.010797291994094849,-1444.190582877403,-1426.1998960784915,2715.9999938964847,True,True,-1415.4584772442463,-1381.5396598098846,2720.771614496614,False,True,-1485.379120946297,-1478.6892120304428,2770.99997291565,True,False,-1583.1192667420607,-1539.206728917688,2777.6248020826647,True,False,-1562.2731210074273,-1520.6399761591833,2816.709009497122,False,True,-1474.843938930831,-1437.213531191735,2822.9999530792243,True,True,-1510.3878579943146,-1483.981888620595,2866.303001911963,True,True,-1605.5005654552676,-1555.3732830027202,2872.999934005738,False,True,-1606.5182259987164,-1550.6429715438458,2898.999924087525,True,False,-1560.6967356420212,-1507.3178072561666,2904.940258772472,False,True,-1483.0264021762387,-1446.1985389858485,2945.56898315595,True,True,-1516.2700813032982,-1492.682765840389,2951.999903869629,True,True,-1599.2009459913806,-1554.0676544304188,2982.999892044068,True,True,-1593.8819619769538,-1545.5495537488155,2989.429982117626,True,True,-1479.2511905125773,-1441.9509597456981,3026.9998752593997,True,True,-1465.2502857841491,-1452.432029220283,3033.8853034551807,True,True,0.4095785518184157,2759.6089989622355,0.10619905069213514,2773.9864167032706,-0.015863711281931033,2855.00663720702,0.07484923648928558,2868.272632900923,-0.0033436665317681485,2902.813911526282,-0.10793655733989328,2973.9945211647077,0.009794342982163246,2985.8494732236854,-0.2971118592425549,2985.5425670214604
341,26.615344354417175,1782851021.544791,0.010560709051787853,-1445.1203411070699,-1432.6905691230859,2715.9999938964847,False,False,-1414.6690757098754,-1382.492870678852,2720.771614496614,False,True,-1485.379120946297,-1479.9255005043249,2770.99997291565,True,False,-1590.9195678087844,-1534.7174664547483,2777.6248020826647,False,False,-1564.6591099428429,-1525.0866063514381,2816.709009497122,False,False,-1479.352160956078,-1437.5893037258916,2822.9999530792243,False,False,-1511.0103432466303,-1486.6470305957148,2866.303001911963,False,False,-1599.2727526973745,-1553.5196212977962,2872.999934005738,False,False,-1608.017240272641,-1557.4247638842194,2898.999924087525,False,False,-1564.0318993183969,-1507.3178072561666,2904.940258772472,False,True,-1489.2610110951493,-1448.9575159702908,2945.56898315595,False,False,-1518.601080478039,-1493.7389338875814,2951.999903869629,True,True,-1599.2676727695084,-1561.1513754317327,2982.999892044068,False,False,-1596.0157731454597,-1553.1097212458355,2989.429982117626,False,False,-1484.275586086744,-1445.6199804383043,3026.9998752593997,False,True,-1470.2121435339427,-1456.8573998227223,3033.8853034551807,True,False,0.5008879327474607,2759.7003083431646,0.14570689012821048,2774.0259245427064,0.0411635480614999,2855.063664466363,0.06773851531440005,2868.265522179748,0.02770760182077004,2902.8449627946343,-0.12477988256870569,2973.977677839479,0.01410062829161357,2985.8537795089946,-0.30635999243244255,2985.5333188882705
342,26.690849625505507,1782851021.620325,0.010631833225488663,-1442.0741128465322,-1432.6905691230859,2715.9999938964847,False,True,-1410.0506678485192,-1385.0030565149616,2720.771614496614,True,False,-1487.6020493932817,-1477.088107100284,2770.99997291565,False,False,-1586.3215682978266,-1528.7615582113272,2777.6248020826647,False,False,-1558.1105862395698,-1525.4836797383623,2816.709009497122,False,True,-1471.689829446465,-1438.1770868355902,2822.9999530792243,False,False,-1511.0997035180487,-1480.907529724608,2866.303001911963,False,False,-1593.9869104746767,-1557.4054681052662,2872.999934005738,False,True,-1608.017240272641,-1555.50357917902,2898.999924087525,True,True,-1560.6967356420212,-1512.1934315493472,2904.940258772472,True,True,-1487.3034187119847,-1443.5663523550445,2945.56898315595,True,False,-1519.76554849161,-1495.5859935201884,2951.999903869629,True,True,-1601.3087003698383,-1557.0058257175167,2982.999892044068,True,True,-1593.5217990647066,-1549.0135296634776,2989.429982117626,False,True,-1480.639111165449,-1448.9187853409544,3026.9998752593997,True,True,-1471.9787847296514,-1448.5021731821378,3033.8853034551807,True,False,0.3957936344036209,2759.5952140448208,0.13508020247605393,2774.0152978550545,0.025395689176694602,2855.0478966074784,0.01608057187285616,2868.2138642363066,-0.009081713683764365,2902.80817347913,-0.15783522814032264,2973.9446224939074,0.0012272095829951844,2985.840906090286,-0.09910812851402587,2985.740570752189
343,26.765179458539933,1782851021.6943822,0.010082832537591457,-1446.6925573860685,-1432.6905691230859,2715.9999938964847,False,True,-1407.758466546444,-1384.3996485007794,2720.771614496614,False,False,-1485.8128847388207,-1471.9116132285967,2770.99997291565,False,False,-1586.947362227588,-1526.8415365100711,2777.6248020826647,False,False,-1564.477919735917,-1525.4836797383623,2816.709009497122,False,True,-1476.2140125928418,-1434.7270883638475,2822.9999530792243,False,False,-1515.2310129290584,-1486.6150732035335,2866.303001911963,False,False,-1599.9005669835253,-1555.4909496591986,2872.999934005738,False,False,-1602.0496179356296,-1553.1769141424945,2898.999924087525,False,False,-1558.7936011859279,-1510.7365024299293,2904.940258772472,False,False,-1483.8568358957116,-1456.6253644894093,2945.56898315595,False,False,-1523.1286502429932,-1499.0010835345538,2951.999903869629,False,False,-1602.5887474401684,-1551.50317266253,2982.999892044068,False,False,-1602.3941024543813,-1549.0135296634776,2989.429982117626,False,True,-1482.8144481462236,-1448.9187853409544,3026.9998752593997,False,True,-1468.552348931748,-1455.4963337103034,3033.8853034551807,False,True,0.24360097426234184,2759.4430213846795,0.132374362674932,2774.012592015253,0.04449935709733031,2855.067000275399,0.04823077848044402,2868.246014442914,0.0018544635919650965,2902.8191096564055,-0.02903164627595882,2974.0734260757717,0.006739832210694475,2985.846418712914,-0.2514550872398775,2985.5882237934634
344,26.845909042283893,1782851021.775331,0.010478166863322258,-1445.2106595959287,-1426.1998960784915,2715.9999938964847,True,True,-1409.0745713237768,-1386.8111348840052,2720.771614496614,True,True,-1487.3138078063391,-1477.8499648500779,2770.99997291565,True,True,-1586.3215682978266,-1534.7174664547483,2777.6248020826647,True,True,-1564.6591099428429,-1525.0866063514381,2816.709009497122,True,True,-1476.2140125928418,-1437.5893037258916,2822.9999530792243,True,True,-1511.0997035180487,-1485.0580783690434,2866.303001911963,True,True,-1599.2727526973745,-1555.4909496591986,2872.999934005738,True,True,-1607.4817388513616,-1550.7167894366844,2898.999924087525,True,True,-1559.7862349848701,-1512.1934315493472,2904.940258772472,True,True,-1486.4768942751477,-1448.9575159702908,2945.56898315595,True,True,-1523.1286502429932,-1496.7669162820553,2951.999903869629,True,True,-1602.5887474401684,-1554.0676544304188,2982.999892044068,True,True,-1596.0157731454597,-1539.753328544793,2989.429982117626,True,False,-1480.639111165449,-1445.6199804383043,3026.9998752593997,True,True,-1468.552348931748,-1455.4963337103034,3033.8853034551807,True,True,0.09346565960965215,2759.2928860700267,0.12042487671187474,2774.00064252929,0.012204621500262882,2855.034705539802,0.055022086092819944,2868.2528057505265,-0.02766334888397105,2902.78959184393,-0.09250305432983853,2974.009954667718,0.023357221805029558,2985.863036102508,-0.26593429156518,2985.5737445891377
345,26.921052917372435,1782851021.850205,0.009992334060370922,-1445.1203411070699,-1426.1998960784915,2715.9999938964847,True,True,-1414.4974844881865,-1392.9742672005382,2720.771614496614,False,False,-1494.958833328239,-1472.8413301953112,2770.99997291565,False,False,-1588.8237002170126,-1535.2682687899257,2777.6248020826647,False,False,-1571.4288366904054,-1521.109163431855,2816.709009497122,False,False,-1476.2140125928418,-1437.5893037258916,2822.9999530792243,True,True,-1513.8461869975854,-1492.8723049179328,2866.303001911963,False,False,-1602.0787342971544,-1551.9032200385122,2872.999934005738,False,False,-1607.8994528838218,-1547.5473744536478,2898.999924087525,False,False,-1551.907332579393,-1514.348457988202,2904.940258772472,False,False,-1482.344157471651,-1445.5368860225572,2945.56898315595,False,False,-1516.9778295687258,-1489.953314790476,2951.999903869629,False,False,-1601.794669437907,-1554.0676544304188,2982.999892044068,False,True,-1596.0157731454597,-1547.394327108231,2989.429982117626,True,True,-1480.639111165449,-1445.6199804383043,3026.9998752593997,True,True,-1468.552348931748,-1455.4963337103034,3033.8853034551807,True,True,0.07496845645387976,2759.274388866871,0.08788992502809415,2773.9681075776066,-0.08242523767177339,2854.94007568063,0.0948017831944577,2868.292585447628,-0.07651069009589546,2902.740744502718,-0.08181670361325237,2974.0206410184346,0.0031205070073354493,2985.8427993877103,-0.26593429156518,2985.5737445891377
346,26.996163667179644,1782851021.9257112,0.010748250409960747,-1445.1203411070699,-1427.0865574471986,2715.9999938964847,True,False,-1404.06832686371,-1385.9314454259254,2720.771614496614,False,False,-1489.7747440168719,-1471.6542454992818,2770.99997291565,False,False,-1584.362603539444,-1534.7174664547483,2777.6248020826647,False,True,-1559.5883989974632,-1526.7176697129933,2816.709009497122,False,False,-1476.2140125928418,-1445.3925359904638,2822.9999530792243,True,False,-1511.0997035180487,-1485.0580783690434,2866.303001911963,True,True,-1599.4395039276217,-1555.3732830027202,2872.999934005738,True,True,-1604.854862915304,-1545.013587737262,2898.999924087525,False,False,-1558.7936011859279,-1513.3935920163829,2904.940258772472,True,True,-1483.8568358957116,-1446.1985389858485,2945.56898315595,True,True,-1516.9778295687258,-1484.168924412385,2951.999903869629,True,False,-1601.794669437907,-1548.9862304000976,2982.999892044068,True,False,-1589.8077986979247,-1544.062930586545,2989.429982117626,False,False,-1482.8144481462236,-1445.6199804383043,3026.9998752593997,True,True,-1474.227808173121,-1455.7833695020938,3033.8853034551807,True,True,0.015427749561121988,2759.2148481599784,0.08863541058959534,2773.968853063168,-0.0027378237766957953,2855.019763094525,0.0559813476113152,2868.253765012045,-0.04706592145657463,2902.770189271357,-0.0439371314251773,2974.0585205906227,-0.019615297874248188,2985.820063582829,-0.22767032358134656,2985.612008557122
347,27.07178558362648,1782851022.001247,0.010538416914641857,-1445.1203411070699,-1426.1998960784915,2715.9999938964847,True,True,-1409.0745713237768,-1386.8111348840052,2720.771614496614,True,True,-1487.6020493932817,-1477.088107100284,2770.99997291565,True,True,-1586.947362227588,-1533.397736650671,2777.6248020826647,True,True,-1562.2731210074273,-1521.109163431855,2816.709009497122,True,True,-1476.2140125928418,-1437.5893037258916,2822.9999530792243,True,True,-1511.0103432466303,-1485.0580783690434,2866.303001911963,True,True,-1599.2727526973745,-1553.5196212977962,2872.999934005738,True,True,-1605.7946740226791,-1547.5473744536478,2898.999924087525,True,True,-1558.7936011859279,-1512.1934315493472,2904.940258772472,True,True,-1482.344157471651,-1445.5368860225572,2945.56898315595,True,True,-1516.9778295687258,-1490.9986612464465,2951.999903869629,True,True,-1601.794669437907,-1554.0676544304188,2982.999892044068,True,True,-1596.0157731454597,-1549.6577115872483,2989.429982117626,True,True,-1488.7704098786564,-1450.1509459913805,3026.9998752593997,False,False,-1478.5212381942108,-1459.6490830455116,3033.8853034551807,False,False,0.09563854506160688,2759.295058955479,0.12300619102007217,2774.0032238435983,-0.0025750878091995695,2855.0199258304924,0.062099363619271694,2868.259883028053,-0.036767433835571704,2902.7804877589783,-0.08978988138688418,2974.012667840661,-0.0034961516631294735,2985.83618272904,-0.23887646792075315,2985.6008024127823
348,27.147306167520583,1782851022.076718,0.010411083698272705,-1440.6044548705565,-1422.4377449032613,2715.9999938964847,False,False,-1410.0506678485192,-1388.7635006265857,2720.771614496614,True,True,-1489.7747440168719,-1477.088107100284,2770.99997291565,True,True,-1588.8237002170126,-1534.7174664547483,2777.6248020826647,True,True,-1556.7001023932512,-1525.0866063514381,2816.709009497122,False,True,-1472.6078476021642,-1434.4818152642358,2822.9999530792243,False,False,-1511.0997035180487,-1482.2954350949049,2866.303001911963,True,False,-1599.4395039276217,-1551.8091741296573,2872.999934005738,True,False,-1607.8994528838218,-1550.6429715438458,2898.999924087525,True,True,-1558.7936011859279,-1512.1934315493472,2904.940258772472,True,True,-1483.8568358957116,-1448.9575159702908,2945.56898315595,True,True,-1523.1286502429932,-1496.7669162820553,2951.999903869629,True,True,-1601.794669437907,-1554.0676544304188,2982.999892044068,True,True,-1597.4275529541214,-1552.106131369013,2989.429982117626,True,True,-1484.275586086744,-1445.6199804383043,3026.9998752593997,True,True,-1474.227808173121,-1455.4963337103034,3033.8853034551807,True,True,0.0877213558483115,2759.2871417662654,0.11797040611992599,2773.9981880586984,0.07759719329325016,2855.100098111595,0.058394513180899346,2868.2561781776144,-0.03291880688427901,2902.7843363859292,-0.07230557403521067,2974.030152148013,-0.0066369234810391255,2985.833041957222,-0.2418094292819256,2985.597869451421
349,27.25168612599373,1782851022.181113,0.0103920828551054,-1447.4258443622582,-1426.1965858727879,2715.9999938964847,False,False,-1410.0506678485192,-1389.468892318978,2720.771614496614,True,False,-1497.1232020050736,-1482.5261454289816,2770.99997291565,False,False,-1588.6504661185318,-1537.7271983983862,2777.6248020826647,False,False,-1570.931139774429,-1526.4115689091295,2816.709009497122,False,False,-1475.8594186508542,-1435.9613549530825,2822.9999530792243,False,False,-1511.6139361799674,-1490.3904728428645,2866.303001911963,False,False,-1599.2727526973745,-1556.0312177155606,2872.999934005738,True,False,-1602.2547467677355,-1551.303871076199,2898.999924087525,False,False,-1558.119330928875,-1511.8096173243266,2904.940258772472,False,False,-1482.550732035333,-1443.5805773756765,2945.56898315595,False,False,-1519.7063621358927,-1494.9278906990248,2951.999903869629,False,False,-1604.5239279273771,-1555.6596891524284,2982.999892044068,False,False,-1596.648719320231,-1555.0293379588593,2989.429982117626,False,False,-1485.2949078460738,-1445.6199804383043,3026.9998752593997,False,True,-1470.8779227924322,-1451.1486398508418,3033.8853034551807,False,False,-0.0024887356584464295,2759.1969316747586,0.10294627253327086,2773.9831639251115,-0.018323821485118467,2855.004177096817,0.0702599427601251,2868.2680436071937,-0.011920959324543524,2902.8053342334892,-0.11639345426019435,2973.9860642677877,-0.02040716769557816,2985.8192717130073,-0.24144252159782298,2985.598236359105
350,27.331260333769023,1782851022.2607381,0.01061541773378849,-1443.568498028548,-1423.0452211388574,2715.9999938964847,False,False,-1401.5773940153435,-1389.468892318978,2720.771614496614,False,True,-1486.938408167008,-1471.1717150105449,2770.99997291565,False,False,-1584.4934850383593,-1534.2390408656051,2777.6248020826647,False,False,-1562.3157089586452,-1518.424973255494,2816.709009497122,False,False,-1479.352160956078,-1438.1770868355902,2822.9999530792243,True,True,-1511.6139361799674,-1479.3788519729806,2866.303001911963,True,False,-1592.073649784516,-1553.5196212977962,2872.999934005738,False,True,-1604.854862915304,-1548.6271892288412,2898.999924087525,True,False,-1561.5139606320872,-1509.6152749335208,2904.940258772472,False,False,-1477.9641975119969,-1445.5368860225572,2945.56898315595,False,True,-1512.2011614756852,-1488.4428431702174,2951.999903869629,False,False,-1600.785397499771,-1554.4674450591435,2982.999892044068,False,False,-1600.2097777913625,-1553.1097212458355,2989.429982117626,False,True,-1476.4339105052418,-1444.3978971177064,3026.9998752593997,False,False,-1471.8412965736468,-1448.1396812054895,3033.8853034551807,False,False,-0.1958367552611532,2759.003583655156,0.09749734186909291,2773.9777149944475,-0.003653373086699237,2855.018847545215,0.01569951474416716,2868.2134831791777,-0.010397898350877306,2902.806857294463,-0.07227751266493955,2974.0301802093827,0.0023261907203538544,2985.8420050714235,-0.10133353493271756,2985.7383453457705
351,27.407258708495647,1782851022.336521,0.010202166624367237,-1445.1203411070699,-1426.1965858727879,2715.9999938964847,True,True,-1404.06832686371,-1387.6995751444204,2720.771614496614,True,False,-1492.8303053458444,-1469.7026117920348,2770.99997291565,False,False,-1593.2673686462697,-1534.4460066632028,2777.6248020826647,False,False,-1569.670215789956,-1521.109163431855,2816.709009497122,False,True,-1476.2140125928418,-1437.5893037258916,2822.9999530792243,True,True,-1518.4886771403246,-1489.9050080997647,2866.303001911963,False,False,-1598.3517498548154,-1551.9032200385122,2872.999934005738,False,True,-1602.2547467677355,-1555.1132255402388,2898.999924087525,True,False,-1560.6148210410488,-1509.4302426872882,2904.940258772472,False,False,-1482.344157471651,-1443.5805773756765,2945.56898315595,True,True,-1516.9778295687258,-1489.953314790476,2951.999903869629,True,True,-1600.785397499771,-1554.4674450591435,2982.999892044068,True,True,-1596.648719320231,-1548.0574854051415,2989.429982117626,True,False,-1480.6684934437756,-1438.8454733013418,3026.9998752593997,False,True,-1470.8779227924322,-1448.5021731821378,3033.8853034551807,True,True,-0.05054383997843889,2759.148876570439,0.0999723215920649,2773.98018997417,-0.06708769909863656,2854.9554132192034,0.05571847965494978,2868.2535021440885,0.01938016791312135,2902.8366353607266,-0.09733907567315193,2974.0051186463747,0.006991694239267351,2985.8466705749424,-0.23743751411801736,2985.602241366585
352,27.490413438063115,1782851022.4197361,0.010326792486011982,-1441.4540376562643,-1430.5204159916861,2715.9999938964847,False,False,-1408.176171409359,-1387.8203502766148,2720.771614496614,False,False,-1496.1419980438302,-1475.8228734297156,2770.99997291565,False,False,-1584.9077467371703,-1535.0711862334565,2777.6248020826647,False,False,-1564.477919735917,-1522.0401901152304,2816.709009497122,True,False,-1478.5361524589666,-1436.164020234129,2822.9999530792243,False,False,-1509.2849267964666,-1479.1713986612463,2866.303001911963,False,False,-1587.527248830883,-1550.6656126784237,2872.999934005738,False,False,-1607.3013204144636,-1555.5477901396828,2898.999924087525,False,False,-1554.9089815692146,-1503.4459776263104,2904.940258772472,False,False,-1482.344157471651,-1440.4265901519088,2945.56898315595,True,False,-1511.0411788978206,-1481.9840618027324,2951.999903869629,False,False,-1600.785397499771,-1554.4674450591435,2982.999892044068,True,True,-1596.648719320231,-1544.062930586545,2989.429982117626,True,True,-1475.4807256166519,-1439.9660803252132,3026.9998752593997,False,False,-1463.992432068955,-1454.5595271571353,3033.8853034551807,False,False,0.2410170782749546,2759.440437488692,0.08271723790509752,2773.962934890483,0.021511688268885783,2855.0440126065705,0.017698557799147634,2868.215482222233,0.005172412743971442,2902.8224276055576,-0.10604408542985583,2973.996413636618,0.01871110248791989,2985.858389983191,-0.316915568731433,2985.5227633119716
353,27.566024063155055,1782851022.49572,0.01065279170870781,-1448.0498532872816,-1423.821320720115,2715.9999938964847,False,False,-1407.2102668337564,-1386.8468227526973,2720.771614496614,False,False,-1492.9019210196534,-1471.9116132285967,2770.99997291565,False,True,-1590.5052403949016,-1534.2390408656051,2777.6248020826647,False,True,-1562.3157089586452,-1518.0825625821437,2816.709009497122,True,False,-1480.0177919735918,-1436.2889124919766,2822.9999530792243,False,False,-1509.7150961273953,-1484.1566433352693,2866.303001911963,False,False,-1595.4301494635815,-1552.7626341045939,2872.999934005738,False,False,-1605.1163813919368,-1552.0708836384754,2898.999924087525,False,False,-1557.4803695326586,-1510.6281703701438,2904.940258772472,False,False,-1477.9641975119969,-1443.5663523550445,2945.56898315595,True,True,-1517.6973163798637,-1485.7647094782528,2951.999903869629,False,False,-1600.785397499771,-1548.212618822019,2982.999892044068,True,False,-1596.648719320231,-1539.354471681389,2989.429982117626,True,False,-1473.9318274902955,-1437.3851590916038,3026.9998752593997,False,False,-1469.0284851911852,-1449.6809762508785,3033.8853034551807,False,False,-0.0800586938224087,2759.1193617165945,0.09915598753374968,2773.979373640112,0.017355133854598002,2855.039856052156,0.05319028359586065,2868.2509739480297,-0.017042313610593215,2902.800212879203,-0.026092518827689058,2974.07636520322,0.014329830531654158,2985.8540087112347,-0.21059321090448305,2985.6290856697988
354,27.6411907710135,1782851022.570369,0.010041791945695877,-1446.6925573860685,-1426.1965858727879,2715.9999938964847,True,True,-1407.2102668337564,-1387.527375676254,2720.771614496614,True,False,-1492.8303053458444,-1471.9116132285967,2770.99997291565,True,True,-1586.947362227588,-1534.4460066632028,2777.6248020826647,True,True,-1564.477919735917,-1521.109163431855,2816.709009497122,True,True,-1482.3339013356972,-1436.164020234129,2822.9999530792243,False,True,-1513.663581624232,-1491.8600131430146,2866.303001911963,False,False,-1592.073649784516,-1551.9032200385122,2872.999934005738,True,True,-1604.854862915304,-1551.303871076199,2898.999924087525,True,True,-1557.4803695326586,-1509.6152749335208,2904.940258772472,True,True,-1482.344157471651,-1443.5805773756765,2945.56898315595,True,True,-1516.72708072256,-1493.1005180792858,2951.999903869629,False,False,-1600.785397499771,-1551.50317266253,2982.999892044068,True,True,-1596.648719320231,-1542.3683757679494,2989.429982117626,True,True,-1476.4339105052418,-1438.8454733013418,3026.9998752593997,True,True,-1469.0284851911852,-1449.6809762508785,3033.8853034551807,True,True,-0.006364204580619242,2759.1930562058365,0.08849479423427778,2773.9687124468123,0.04824600639637748,2855.070746924698,0.05843799478067531,2868.2562216592146,-0.015161290418095672,2902.8020939023954,-0.12318579058014613,2973.979271931468,0.015059348024966864,2985.854738228728,-0.22276577854816854,2985.6169131021547
355,27.716080563608557,1782851022.645416,0.010344457812607288,-1452.2815310083442,-1427.0865574471986,2715.9999938964847,False,True,-1407.2102668337564,-1387.527375676254,2720.771614496614,True,True,-1492.9019210196534,-1472.8413301953112,2770.99997291565,True,True,-1594.0185301219549,-1535.0711862334565,2777.6248020826647,False,True,-1567.4540666931564,-1519.0159397255247,2816.709009497122,False,False,-1483.2271189289972,-1436.2889124919766,2822.9999530792243,False,True,-1514.5639545190575,-1484.1566433352693,2866.303001911963,False,True,-1592.073649784516,-1551.9032200385122,2872.999934005738,True,True,-1605.1163813919368,-1551.303871076199,2898.999924087525,True,True,-1557.4803695326586,-1507.1038160589294,2904.940258772472,True,False,-1482.3097609805297,-1451.0526943179386,2945.56898315595,False,False,-1520.7730797444754,-1488.4428431702174,2951.999903869629,False,True,-1600.7883225845892,-1554.533980805086,2982.999892044068,False,False,-1600.4187257389126,-1545.1746416236208,2989.429982117626,False,False,-1476.4339105052418,-1446.3498869089465,3026.9998752593997,True,False,-1473.34224103677,-1451.1486398508418,3033.8853034551807,False,True,-0.11903521924118045,2759.080385191176,0.1096274367470702,2773.989845089325,0.010511607222711912,2855.0330125255246,0.027984256409790877,2868.2257679208433,-0.006804115036605612,2902.810451077777,0.0020092759865571836,2974.1044669980342,0.02634504693047177,2985.8660239276337,-0.09599176518193925,2985.743687115521
356,27.792340479791164,1782851022.721664,0.01024295948445797,-1452.4138307302014,-1438.1671363511323,2715.9999938964847,False,False,-1408.4481156585264,-1387.6995751444204,2720.771614496614,False,True,-1497.0572668643213,-1475.8228734297156,2770.99997291565,False,True,-1591.7104777332884,-1535.2682687899257,2777.6248020826647,False,True,-1569.670215789956,-1522.0401901152304,2816.709009497122,True,True,-1486.8900724394048,-1438.6127762325395,2822.9999530792243,False,False,-1511.7731332334874,-1495.8998578720543,2866.303001911963,False,False,-1592.4487743375005,-1560.0905232753616,2872.999934005738,False,False,-1612.0184903872603,-1552.0708836384754,2898.999924087525,False,True,-1558.119330928875,-1509.6152749335208,2904.940258772472,True,True,-1482.344157471651,-1445.5368860225572,2945.56898315595,True,True,-1524.8760904117123,-1497.033736283889,2951.999903869629,False,False,-1608.4654430418436,-1554.533980805086,2982.999892044068,False,True,-1600.2097777913625,-1545.1746416236208,2989.429982117626,True,True,-1487.580808142556,-1441.7811932634409,3026.9998752593997,False,False,-1471.8412965736468,-1452.5029052174712,3033.8853034551807,True,False,0.17312265249300496,2759.37254306291,0.09898992144426132,2773.9792075740224,0.030043620942463198,2855.052544539244,0.052529048540505566,2868.2503127129744,-0.03499976386453865,2902.782255428949,-0.07667281471187612,2974.025784907336,0.004060181538637288,2985.8437390622416,-0.3216868874523938,2985.5179919932507
357,27.867083354853094,1782851022.796392,0.010291540995240211,-1448.0498532872816,-1430.5204159916861,2715.9999938964847,True,True,-1408.176171409359,-1390.7435538099458,2720.771614496614,True,False,-1491.8889934896233,-1478.965516398203,2770.99997291565,False,False,-1590.5052403949016,-1537.7271983983862,2777.6248020826647,True,True,-1575.56872726717,-1523.9364015649355,2816.709009497122,False,False,-1484.8741969006937,-1441.339234954305,2822.9999530792243,False,False,-1504.5642785096436,-1492.810222514289,2866.303001911963,False,False,-1592.4487743375005,-1561.7053382033805,2872.999934005738,True,False,-1614.6733410765046,-1560.269277439863,2898.999924087525,False,False,-1562.2044365314669,-1513.4870296787606,2904.940258772472,False,False,-1485.962580615582,-1458.5483953296448,2945.56898315595,False,False,-1517.6973163798637,-1498.9726013998838,2951.999903869629,True,False,-1600.7883225845892,-1554.533980805086,2982.999892044068,True,True,-1604.1745407586272,-1545.1746416236208,2989.429982117626,False,True,-1487.676709355992,-1441.7811932634409,3026.9998752593997,False,True,-1471.8412965736468,-1452.5029052174712,3033.8853034551807,True,True,0.009636680302962618,2759.2090570907203,0.11318372511683122,2773.993401377695,-0.04877116981548481,2854.973729748486,0.0612507577189636,2868.2590344221526,-0.014441047115110418,2902.8028141456984,-0.07041192051840382,2974.0320458015294,0.037020999197937006,2985.876699879901,-0.3228464949118608,2985.516832385791
358,27.965842875652015,1782851022.8961432,0.012163667008280754,-1452.2815310083442,-1436.8937585964482,2715.9999938964847,True,False,-1408.4481156585264,-1390.644583855488,2720.771614496614,True,False,-1501.9903261301463,-1481.1962435431121,2770.99997291565,False,False,-1590.212955038665,-1543.9644573157684,2777.6248020826647,False,True,-1571.444463123147,-1523.9364015649355,2816.709009497122,False,True,-1485.5564492465692,-1438.6127762325395,2822.9999530792243,False,True,-1519.2032169819972,-1494.8052434514166,2866.303001911963,False,False,-1595.4301494635815,-1566.3221734877893,2872.999934005738,True,False,-1613.4353898584836,-1558.251321942721,2898.999924087525,False,False,-1562.6939526851484,-1510.6281703701438,2904.940258772472,False,True,-1490.8599183910505,-1448.6446144206377,2945.56898315595,False,False,-1519.7063621358927,-1488.2970030870802,2951.999903869629,True,False,-1608.1584757159885,-1562.6774750129903,2982.999892044068,False,False,-1607.341898707094,-1553.1693416266771,2989.429982117626,False,False,-1489.5561634624205,-1450.6520463367667,3026.9998752593997,False,False,-1476.549970963108,-1460.4125179570256,3033.8853034551807,False,False,0.07182460294865789,2759.271245013366,0.07041120847947503,2773.950628861058,0.019323936673250254,2855.041824854975,0.011728483559055569,2868.209512147993,-0.00510799989288943,2902.8121471929207,-0.08977111842536993,2974.0126866036226,0.025361249690458457,2985.8650401303935,-0.27490011712837564,2985.564778763575
359,28.042649751063436,1782851022.972058,0.01041108276695013,-1452.7697206345326,-1431.434190176361,2715.9999938964847,False,False,-1408.4481156585264,-1392.4117247913928,2720.771614496614,True,False,-1496.1419980438302,-1476.5606030504018,2770.99997291565,True,False,-1586.6178622734358,-1530.3401228719017,2777.6248020826647,False,False,-1565.8736650670908,-1526.4679784210043,2816.709009497122,False,False,-1487.7328789314422,-1438.6127762325395,2822.9999530792243,False,True,-1511.6139361799674,-1495.465300913898,2866.303001911963,True,False,-1595.4301494635815,-1560.8084726594739,2872.999934005738,True,False,-1611.9488232417398,-1563.124768468992,2898.999924087525,False,False,-1565.470234129046,-1509.353732004768,2904.940258772472,False,False,-1485.7921554543507,-1455.569330928875,2945.56898315595,False,False,-1525.5342146284806,-1493.8321193874744,2951.999903869629,False,False,-1599.6661689641471,-1555.6596891524284,2982.999892044068,False,True,-1594.5985680227407,-1551.250264388544,2989.429982117626,False,False,-1487.9119647278173,-1451.1940520218845,3026.9998752593997,False,False,-1475.0792921111347,-1451.4980377173947,3033.8853034551807,False,False,-0.11624805483803677,2759.083172355579,0.10402267810908555,2773.9842403306875,0.11049521619842631,2855.1329961345004,0.059028540212613986,2868.2568122046464,0.032035918364063436,2902.849291111178,0.0051203873808808404,2974.1075781094287,-0.0015103781342706516,2985.838168502569,-0.15787337982068603,2985.6818055008825
360,28.11882833437994,1782851023.047946,0.0098452502861619,-1451.9614114986093,-1432.1202891463154,2715.9999938964847,False,False,-1412.7996087660847,-1391.9696671455206,2720.771614496614,False,False,-1488.6023000275088,-1474.7083045511506,2770.99997291565,False,False,-1586.2266268300882,-1533.645358682031,2777.6248020826647,False,False,-1566.6548827826512,-1522.9106015221444,2816.709009497122,False,False,-1480.4282865177126,-1443.0932833083716,2822.9999530792243,False,False,-1516.05516245377,-1489.8463749732553,2866.303001911963,False,False,-1602.6141241556377,-1559.962462939756,2872.999934005738,False,False,-1610.728770975334,-1555.619636580371,2898.999924087525,False,False,-1556.5528929914115,-1502.635360821591,2904.940258772472,False,False,-1485.962580615582,-1453.5741174313048,2945.56898315595,True,True,-1520.2042852339762,-1490.4627624782224,2951.999903869629,False,False,-1596.6449475807683,-1562.6774750129903,2982.999892044068,False,True,-1596.3445517620808,-1547.2050845126387,2989.429982117626,False,False,-1488.3859308616316,-1442.1614649876212,3026.9998752593997,False,False,-1467.7701133967053,-1448.0933230430664,3033.8853034551807,False,False,0.03808570418857898,2759.237506114606,0.10999715098256367,2773.990214803561,-0.037843174874036004,2854.9846577434278,0.050557465105513885,2868.2483411295393,0.0024583115391089024,2902.819713504353,-0.025996293923386427,2974.0764614281243,0.04402472904500826,2985.883703609748,-0.3218959035937084,2985.5177829771096
361,28.20045170886442,1782851023.12966,0.01011833269149065,-1450.093827368035,-1435.509377387902,2715.9999938964847,False,True,-1414.2209982577865,-1390.644583855488,2720.771614496614,False,True,-1492.9019210196534,-1472.9209860317264,2770.99997291565,True,False,-1590.5052403949016,-1540.9812329981355,2777.6248020826647,True,False,-1577.38069046673,-1523.9364015649355,2816.709009497122,False,True,-1486.3318381880977,-1444.0712397224684,2822.9999530792243,False,False,-1510.0788382186631,-1489.493619525018,2866.303001911963,False,False,-1599.5259635663415,-1560.7560748234862,2872.999934005738,False,False,-1612.020036983831,-1552.4138811626985,2898.999924087525,False,False,-1558.2983968579026,-1509.5136549805911,2904.940258772472,False,False,-1490.7498166091023,-1450.4943576733808,2945.56898315595,False,False,-1524.1278937555398,-1499.4211358009597,2951.999903869629,False,False,-1608.5841000091696,-1561.1593437662377,2982.999892044068,False,False,-1595.3686355717214,-1548.0574854051415,2989.429982117626,False,True,-1487.580808142556,-1444.606036617049,3026.9998752593997,True,False,-1482.1679127059328,-1448.5582235535044,3033.8853034551807,False,False,0.2331064114740003,2759.4325268218913,0.0821648538548679,2773.962382506433,-0.07700975433732635,2854.9454911639646,0.05714460625316337,2868.254928270687,-0.03275459767366803,2902.78450059514,-0.12594286041884115,2973.976514861629,0.000806907979302577,2985.8404857886826,-0.11412484262156007,2985.7255540380816
362,28.27510966733098,1782851023.2045372,0.010331416502594948,-1452.4138307302014,-1435.509377387902,2715.9999938964847,True,True,-1416.4475792401504,-1390.644583855488,2720.771614496614,True,True,-1492.9019210196534,-1486.0387092337317,2770.99997291565,True,False,-1597.6440321545374,-1548.345881346089,2777.6248020826647,False,False,-1567.0830149463582,-1531.3175306415626,2816.709009497122,False,False,-1484.8741969006937,-1449.4869379833115,2822.9999530792243,True,False,-1513.663581624232,-1491.8600131430146,2866.303001911963,True,True,-1605.5492312864874,-1560.8084726594739,2872.999934005738,False,True,-1614.7708026408286,-1558.251321942721,2898.999924087525,False,True,-1569.1351835437235,-1509.5136549805911,2904.940258772472,False,True,-1493.954684109179,-1453.5741174313048,2945.56898315595,False,True,-1524.1278937555398,-1493.8321193874744,2951.999903869629,True,True,-1608.1584757159885,-1562.6774750129903,2982.999892044068,True,True,-1600.4187257389126,-1551.250264388544,2989.429982117626,True,True,-1487.580808142556,-1446.3498869089465,3026.9998752593997,True,True,-1476.549970963108,-1454.5595271571353,3033.8853034551807,True,True,0.23259039764421863,2759.4320108080615,0.12042518944640387,2774.0006428420247,0.01403055882370311,2855.0365314771257,0.07285612312256218,2868.2706397875563,0.017386630529005763,2902.8346418233427,-0.08376853204437769,2974.0186891900034,0.011382272298240126,2985.8510611530014,-0.23341097035670508,2985.6062679103466
363,28.356762709096074,1782851023.286193,0.010516082867980003,-1452.4138307302014,-1440.8997356114555,2715.9999938964847,True,False,-1422.9570085888072,-1390.7435538099458,2720.771614496614,False,True,-1497.4944646514045,-1481.1962435431121,2770.99997291565,False,True,-1590.5052403949016,-1543.9644573157684,2777.6248020826647,True,True,-1571.075132194272,-1526.4679784210043,2816.709009497122,True,True,-1488.4702952593452,-1444.0712397224684,2822.9999530792243,False,True,-1520.972859675398,-1492.810222514289,2866.303001911963,False,True,-1604.527449032613,-1560.8084726594739,2872.999934005738,True,True,-1612.020036983831,-1560.7925222361462,2898.999924087525,True,False,-1562.4523321209156,-1513.5597181893204,2904.940258772472,False,False,-1490.8238056667785,-1460.490112174099,2945.56898315595,False,False,-1528.3474630925816,-1493.9119677843323,2951.999903869629,False,False,-1608.1584757159885,-1556.027814286151,2982.999892044068,True,False,-1600.4187257389126,-1552.4089555888377,2989.429982117626,True,False,-1493.3747210930098,-1446.3498869089465,3026.9998752593997,False,True,-1482.111792034722,-1454.5595271571353,3033.8853034551807,False,True,0.5205699793271581,2759.7199903897445,0.0846768921880655,2773.964894544766,0.020208125954309923,2855.0427090442563,0.04742072512803748,2868.245204389562,-0.00279393666485384,2902.8144612561487,0.025478349368315868,2974.127936071416,-0.01131607824616538,2985.828362802457,-0.2365868630723139,2985.603092017631
364,28.433581292629242,1782851023.363113,0.010755499824881554,-1452.7697206345326,-1436.8937585964482,2715.9999938964847,True,True,-1416.7220053794663,-1385.39981202433,2720.771614496614,True,False,-1497.0572668643213,-1484.329174435309,2770.99997291565,True,True,-1591.7104777332884,-1544.0977366506709,2777.6248020826647,True,True,-1571.444463123147,-1531.3175306415626,2816.709009497122,True,True,-1483.4962802212917,-1446.780719503622,2822.9999530792243,False,True,-1509.278164257114,-1493.9157807867468,2866.303001911963,False,False,-1604.093182443378,-1561.7053382033805,2872.999934005738,False,True,-1613.4353898584836,-1560.7925222361462,2898.999924087525,True,True,-1557.1860256135951,-1515.6676116392089,2904.940258772472,False,False,-1490.7498166091023,-1455.1905477274813,2945.56898315595,True,True,-1517.2942827887641,-1492.8419781764833,2951.999903869629,False,False,-1602.7931014457315,-1556.6117538282847,2982.999892044068,False,False,-1604.1745407586272,-1553.1693416266771,2989.429982117626,True,True,-1487.9119647278173,-1450.6520463367667,3026.9998752593997,True,True,-1482.111792034722,-1460.213816975884,3033.8853034551807,True,True,0.39664064499802054,2759.5960610554152,0.09848011757782907,2773.978697770156,-0.010968012581239845,2855.0115329057207,0.08742014586043124,2868.285203810294,-0.03414434280155253,2902.7831108500122,-0.08998830972584632,2974.012469412322,0.013930088747690033,2985.8536089694508,-0.18633917605260256,2985.6533397046505
365,28.510072479955852,1782851023.439261,0.010081125423312187,-1446.1297398905767,-1436.8937585964482,2715.9999938964847,False,True,-1416.7220053794663,-1391.9696671455206,2720.771614496614,True,True,-1497.0572668643213,-1475.4474722621267,2770.99997291565,True,False,-1591.7104777332884,-1543.9644573157684,2777.6248020826647,True,True,-1571.444463123147,-1531.3175306415626,2816.709009497122,True,True,-1479.5839166182718,-1446.780719503622,2822.9999530792243,False,True,-1514.5639545190575,-1494.8052434514166,2866.303001911963,True,True,-1605.5492312864874,-1555.5236299171688,2872.999934005738,True,False,-1615.048973010973,-1564.3641623620747,2898.999924087525,False,False,-1568.1857474707335,-1520.3578139804995,2904.940258772472,False,False,-1488.4512348320445,-1449.4290628725128,2945.56898315595,False,False,-1520.4577131155056,-1493.958795121802,2951.999903869629,False,False,-1607.311524589663,-1555.6529388391355,2982.999892044068,False,False,-1601.229261545985,-1546.9835406669313,2989.429982117626,False,False,-1492.0463398233333,-1446.9481401106461,3026.9998752593997,False,False,-1482.111792034722,-1454.4823073631446,3033.8853034551807,True,False,0.3895906486154902,2759.5890110590326,0.07201431402570593,2773.952231966604,-0.0468420550381631,2854.9756588632636,0.09822144363846358,2868.296005108072,-0.005072948109650641,2902.812182244704,-0.10259446650724319,2973.9998632555407,0.008162725064435019,2985.8478416057674,-0.21219634131965745,2985.6274825393834
366,28.585715958848596,1782851023.515105,0.010442083701491356,-1452.4138307302014,-1435.509377387902,2715.9999938964847,True,True,-1423.696266466974,-1391.9696671455206,2720.771614496614,False,True,-1491.8889934896233,-1478.965516398203,2770.99997291565,True,True,-1590.212955038665,-1540.9812329981355,2777.6248020826647,True,True,-1567.4540666931564,-1526.4679784210043,2816.709009497122,True,True,-1485.5564492465692,-1444.0712397224684,2822.9999530792243,True,True,-1514.5639545190575,-1500.8480407739096,2866.303001911963,True,False,-1604.527449032613,-1566.8872726716995,2872.999934005738,True,False,-1616.7829935507534,-1560.7925222361462,2898.999924087525,False,True,-1562.6939526851484,-1513.5597181893204,2904.940258772472,True,True,-1488.4512348320445,-1451.0526943179386,2945.56898315595,True,True,-1524.8760904117123,-1493.958795121802,2951.999903869629,True,True,-1607.311524589663,-1561.1593437662377,2982.999892044068,True,True,-1607.0047024482687,-1553.7994238469296,2989.429982117626,False,False,-1487.9119647278173,-1446.9481401106461,3026.9998752593997,True,True,-1476.549970963108,-1454.4823073631446,3033.8853034551807,True,True,0.3779991260292004,2759.5774195364465,0.10268192320176849,2773.98289957578,0.024909456592767686,2855.0474103748948,0.07717763598935555,2868.274961300423,-0.018380006785970928,2902.7988751860275,-0.05672545146108577,2974.0457322705865,0.020552275668305236,2985.8602311563714,-0.22904781831275992,2985.6106310623904
367,28.663483063224703,1782851023.594243,0.011077958159148693,-1453.1777180059294,-1438.933389369441,2715.9999938964847,False,False,-1416.7220053794663,-1392.1105006571506,2720.771614496614,True,False,-1491.8889934896233,-1478.965516398203,2770.99997291565,True,True,-1592.2587003698384,-1543.162507259223,2777.6248020826647,False,False,-1577.2693507962222,-1531.3175306415626,2816.709009497122,False,True,-1487.8066341657243,-1451.416969771067,2822.9999530792243,False,False,-1520.8715851086592,-1498.0977840266528,2866.303001911963,False,False,-1602.069330928875,-1556.0912675367545,2872.999934005738,False,False,-1611.9219839838613,-1555.2497279701684,2898.999924087525,False,False,-1558.5190848794205,-1514.2607788000123,2904.940258772472,False,False,-1485.1691291988875,-1454.356562337623,2945.56898315595,False,False,-1524.0170003362166,-1493.958795121802,2951.999903869629,False,True,-1606.5702295442736,-1560.606152764618,2982.999892044068,False,False,-1600.4214597915457,-1553.1693416266771,2989.429982117626,False,True,-1487.167811840939,-1455.74620839319,3026.9998752593997,False,False,-1477.8421600391234,-1462.46335849864,3033.8853034551807,False,False,0.2669456485437848,2759.466366058961,0.10209359678486582,2773.982311249363,-0.06548432514929341,2854.9570165931527,0.07438709742984236,2868.2721707618634,-0.038866494972138975,2902.7783886978414,-0.01191311556683276,2974.0905446064808,0.004261831088978847,2985.843940711792,-0.19296954863922552,2985.646709332064
368,28.774376292712986,1782851023.7037,0.010316750034689903,-1453.1777180059294,-1436.8937585964482,2715.9999938964847,True,True,-1416.7220053794663,-1391.9696671455206,2720.771614496614,True,True,-1491.8889934896233,-1478.965516398203,2770.99997291565,True,True,-1590.212955038665,-1540.9812329981355,2777.6248020826647,True,True,-1571.444463123147,-1526.4679784210043,2816.709009497122,True,True,-1486.3318381880977,-1446.780719503622,2822.9999530792243,True,True,-1519.2032169819972,-1494.8052434514166,2866.303001911963,True,True,-1604.527449032613,-1560.8084726594739,2872.999934005738,True,True,-1613.4353898584836,-1560.269277439863,2898.999924087525,True,True,-1562.4523321209156,-1514.2607788000123,2904.940258772472,True,True,-1488.4512348320445,-1462.3319283552894,2945.56898315595,True,False,-1531.0836858513921,-1493.9119677843323,2951.999903869629,False,True,-1612.6874407800226,-1567.4608842497787,2982.999892044068,False,False,-1601.229261545985,-1552.4089555888377,2989.429982117626,True,True,-1488.3859308616316,-1451.1940520218845,3026.9998752593997,True,True,-1477.8421600391234,-1460.4125179570256,3033.8853034551807,True,True,0.22129206596419926,2759.420712476381,0.10268192320176849,2773.98289957578,-0.02821817710345449,2854.9942827411983,0.06061084241245709,2868.2583945068463,-0.012125190601094689,2902.8051300022125,0.07841947744467005,2974.1808771994924,0.011396422965251006,2985.8510753036685,-0.23873052552997126,2985.600948355173
369,28.864904480054975,1782851023.7944589,0.010742874816060066,-1449.0931014457315,-1430.2716156738086,2715.9999938964847,False,False,-1416.7220053794663,-1386.9027707308128,2720.771614496614,True,False,-1491.1509551609256,-1481.1962435431121,2770.99997291565,False,True,-1590.212955038665,-1537.5972155148697,2777.6248020826647,True,False,-1571.444463123147,-1531.3175306415626,2816.709009497122,True,True,-1487.7328789314422,-1449.4869379833115,2822.9999530792243,True,True,-1520.8715851086592,-1495.465300913898,2866.303001911963,True,True,-1605.5492312864874,-1560.8084726594739,2872.999934005738,True,True,-1613.4353898584836,-1560.7925222361462,2898.999924087525,True,True,-1562.6939526851484,-1508.0471711954033,2904.940258772472,True,False,-1490.7498166091023,-1454.356562337623,2945.56898315595,True,True,-1525.5342146284806,-1493.5758764556651,2951.999903869629,True,False,-1607.311524589663,-1561.1593437662377,2982.999892044068,True,True,-1601.229261545985,-1544.5789146315374,2989.429982117626,True,False,-1488.805572026775,-1451.2476464834795,3026.9998752593997,False,False,-1475.4578277348169,-1455.4414570406823,3033.8853034551807,False,False,0.28620021169149945,2759.485620622109,0.12165486992179843,2774.0018725225,0.002409912773587159,2855.0249108310754,0.060546583860111185,2868.258330248294,0.01351925112812672,2902.8307744439417,-0.04050599472546196,2974.061951727322,0.03124651363613028,2985.8709253943393,-0.2114162804677896,2985.6282626002353
370,28.942292604595423,1782851023.871499,0.010096041485667229,-1456.8980835651191,-1432.1202891463154,2715.9999938964847,False,True,-1416.3496912919886,-1394.5377968640157,2720.771614496614,False,False,-1498.1149662255095,-1476.5606030504018,2770.99997291565,False,True,-1586.6178622734358,-1540.9812329981355,2777.6248020826647,True,True,-1567.0830149463582,-1524.5922058868478,2816.709009497122,True,False,-1481.0700599076931,-1449.945343399456,2822.9999530792243,False,False,-1518.6062780817313,-1495.8009566891828,2866.303001911963,False,False,-1609.4657425803098,-1560.7560748234862,2872.999934005738,False,True,-1616.438923189779,-1564.4116988110159,2898.999924087525,False,False,-1562.4523321209156,-1514.2607788000123,2904.940258772472,True,True,-1491.8000611302991,-1455.9590151908792,2945.56898315595,False,False,-1526.0139514625425,-1500.4796970993675,2951.999903869629,False,False,-1604.6276140844209,-1564.083757679494,2982.999892044068,False,False,-1600.4214597915457,-1551.250264388544,2989.429982117626,True,True,-1488.805572026775,-1457.6076733808113,3026.9998752593997,True,False,-1484.1551150777882,-1455.4414570406823,3033.8853034551807,False,True,-0.0569752795114671,2759.142445130906,0.06643822504555842,2773.946655877624,-0.08495816830017412,2854.9375427500017,0.08277433181731414,2868.280557996251,-0.007715453790983099,2902.8095397390225,-0.08488311024841193,2974.0175746117993,0.02536918065086952,2985.865048061354,-0.02920136322793197,2985.810477517475
371,29.019154688343406,1782851023.948436,0.010261207818984985,-1455.0644496744812,-1430.9991273649784,2715.9999938964847,False,False,-1419.1776843842651,-1389.5202539963934,2720.771614496614,False,False,-1490.56494788642,-1486.1960479261547,2770.99997291565,False,False,-1592.3784607390653,-1543.162507259223,2777.6248020826647,False,True,-1580.3081104624507,-1524.5922058868478,2816.709009497122,False,True,-1491.9191933857019,-1449.4360515939725,2822.9999530792243,False,False,-1526.5656356022862,-1495.8009566891828,2866.303001911963,False,True,-1604.093182443378,-1560.7560748234862,2872.999934005738,True,True,-1608.2075113855183,-1557.522569306477,2898.999924087525,False,False,-1560.4017116483785,-1515.8856893969496,2904.940258772472,False,False,-1490.7498166091023,-1454.356562337623,2945.56898315595,True,True,-1524.411652963291,-1496.8988797872667,2951.999903869629,False,False,-1606.5702295442736,-1556.6876684903873,2982.999892044068,True,False,-1605.9318687532475,-1554.5582403643366,2989.429982117626,False,False,-1492.034060274475,-1451.1937998594,3026.9998752593997,False,False,-1480.6251826267692,-1465.5136473393038,3033.8853034551807,False,False,0.15531133766400235,2759.354731748081,0.1280897498938855,2774.008307402472,-0.09597602619279705,2854.9265248921092,0.03733204643614642,2868.2351157108696,-0.017115001147174628,2902.8001401916667,-0.07420891847758695,2974.02824880357,0.004405583800689011,2985.844084464504,-0.3108596928580579,2985.528819187845
372,29.095921229571104,1782851024.0251882,0.010216625407338142,-1458.576295198215,-1442.9968899960265,2715.9999938964847,False,False,-1416.3496912919886,-1392.1105006571506,2720.771614496614,True,True,-1497.4944646514045,-1483.312148118715,2770.99997291565,True,False,-1598.3664348809486,-1549.1183986918118,2777.6248020826647,False,False,-1577.1856863404346,-1527.9084252834919,2816.709009497122,False,False,-1482.9051624537701,-1450.5337164165417,2822.9999530792243,False,False,-1525.4244887978725,-1505.8700858880704,2866.303001911963,False,False,-1605.5492312864874,-1573.9523794968977,2872.999934005738,True,False,-1617.95955466577,-1566.0626157655042,2898.999924087525,False,False,-1562.4523321209156,-1515.8856893969496,2904.940258772472,True,True,-1494.9846853317845,-1452.4890744872694,2945.56898315595,False,False,-1524.411652963291,-1496.8988797872667,2951.999903869629,True,True,-1607.311524589663,-1560.606152764618,2982.999892044068,True,True,-1605.9318687532475,-1553.7994238469296,2989.429982117626,True,True,-1492.0463398233333,-1458.8793562979492,3026.9998752593997,True,False,-1483.3219182687901,-1465.5136473393038,3033.8853034551807,False,True,0.22698020638447822,2759.4264006168014,0.09834484736105288,2773.9785624999395,-0.13179261632478304,2854.890708301977,0.036761731530129245,2868.234545395964,-0.013039009949824586,2902.804216182864,-0.1214956940676565,2973.9809620279802,0.0159167292407462,2985.855595609944,-0.18449955065795393,2985.655179330045
373,29.172148521989584,1782851024.1015198,0.010442124679684639,-1456.8221169422625,-1440.8997356114555,2715.9999938964847,False,True,-1419.1776843842651,-1394.5377968640157,2720.771614496614,True,True,-1498.1149662255095,-1492.7686325152063,2770.99997291565,True,False,-1599.1772045114162,-1549.1183986918118,2777.6248020826647,False,True,-1577.2693507962222,-1527.9084252834919,2816.709009497122,True,True,-1487.8066341657243,-1449.945343399456,2822.9999530792243,True,True,-1528.3489852370328,-1507.017964666687,2866.303001911963,False,False,-1609.4657425803098,-1568.9670003362166,2872.999934005738,True,True,-1615.048973010973,-1564.3641623620747,2898.999924087525,True,True,-1568.1857474707335,-1520.3578139804995,2904.940258772472,True,True,-1490.8238056667785,-1461.594981202433,2945.56898315595,True,False,-1526.0139514625425,-1496.8988797872667,2951.999903869629,True,True,-1607.311524589663,-1560.606152764618,2982.999892044068,True,True,-1608.5563758902101,-1561.1907555704988,2989.429982117626,False,False,-1493.3747210930098,-1455.74620839319,3026.9998752593997,True,True,-1487.2264999847177,-1469.7758351927137,3033.8853034551807,False,False,0.22709287047423232,2759.4265132808914,0.12711483162138848,2774.0073324841997,-0.08217016204770279,2854.9403307562543,0.06045152799373961,2868.2582351924275,-0.005072948109650641,2902.812182244704,-0.006116940737554893,2974.09634078131,0.0018082893297202691,2985.841487170033,-0.24363851212230958,2985.596040368581
374,29.24916964676231,1782851024.178546,0.010430624708533287,-1462.9442369410397,-1447.786233456613,2715.9999938964847,False,False,-1419.1776843842651,-1394.5377968640157,2720.771614496614,True,True,-1498.1149662255095,-1489.9092413729866,2770.99997291565,True,True,-1598.3664348809486,-1554.324305406975,2777.6248020826647,True,False,-1580.3081104624507,-1534.4317143992419,2816.709009497122,True,False,-1487.8066341657243,-1454.1860515939727,2822.9999530792243,True,False,-1520.972859675398,-1505.4336293058657,2866.303001911963,True,False,-1620.757780358835,-1570.0944585383743,2872.999934005738,False,True,-1616.438923189779,-1564.3641623620747,2898.999924087525,True,True,-1568.1857474707335,-1520.3578139804995,2904.940258772472,True,True,-1490.8238056667785,-1454.356562337623,2945.56898315595,True,True,-1526.0139514625425,-1496.8988797872667,2951.999903869629,True,True,-1607.311524589663,-1560.606152764618,2982.999892044068,True,True,-1607.0047024482687,-1553.7994238469296,2989.429982117626,True,True,-1493.3747210930098,-1455.74620839319,3026.9998752593997,True,True,-1482.111792034722,-1465.5136473393038,3033.8853034551807,True,True,0.2470115852598504,2759.446431995677,0.10099011043105452,2773.9812077630095,-0.08991918065825327,2854.9325817376434,0.11379787569644366,2868.31158154013,-0.00986146761254658,2902.807393725201,-0.06282097634916521,2974.0396367456988,0.018949345438312327,2985.8586282261413,-0.25317799372294325,2985.58650088698
375,29.327932917512953,1782851024.257354,0.010531416162848473,-1455.7583458141028,-1433.190318488859,2715.9999938964847,False,False,-1420.6067961610174,-1396.330383286976,2720.771614496614,False,False,-1503.699107497631,-1488.2133569703822,2770.99997291565,False,False,-1598.3664348809486,-1554.1890836568145,2777.6248020826647,True,True,-1577.1302824219824,-1529.4122826053735,2816.709009497122,False,False,-1482.0770272335483,-1450.5337164165417,2822.9999530792243,False,True,-1525.4244887978725,-1495.4565470550478,2866.303001911963,True,False,-1617.9946404010147,-1562.9536128006846,2872.999934005738,True,False,-1616.2537274199956,-1556.4269783293087,2898.999924087525,False,False,-1572.4882538130023,-1518.1163172051229,2904.940258772472,True,False,-1491.8000611302991,-1457.5088623651313,2945.56898315595,True,False,-1526.0139514625425,-1506.8241999572087,2951.999903869629,True,False,-1614.5293517131768,-1565.8715346761624,2982.999892044068,False,False,-1603.1811214353395,-1562.4777241189595,2989.429982117626,False,False,-1502.6156524131184,-1453.0825656386592,3026.9998752593997,False,False,-1477.9260353944433,-1461.9269462359018,3033.8853034551807,False,False,0.05624213123458804,2759.255662541652,0.07971680147648581,2773.9599344540547,-0.1254207466896863,2854.8970801716123,0.07869812338697323,2868.2764817878206,-0.014137047256103227,2902.8031181455576,-0.12054391639663688,2973.981913805651,-0.022063698617357876,2985.817615182086,-0.4034902263965889,2985.4361886543065
376,29.40693833352998,1782851024.336339,0.01042016688734293,-1456.8221169422625,-1441.4320154659656,2715.9999938964847,True,False,-1427.4203884830515,-1398.0120915731884,2720.771614496614,False,False,-1503.0959577589633,-1489.496193110615,2770.99997291565,False,False,-1591.8711801204267,-1554.1890836568145,2777.6248020826647,False,True,-1580.3081104624507,-1529.4122826053735,2816.709009497122,True,True,-1494.6316700797752,-1455.9738866644252,2822.9999530792243,False,False,-1524.1983999144175,-1492.967547452395,2866.303001911963,False,False,-1617.9946404010147,-1570.2397790139682,2872.999934005738,True,True,-1618.4362838891095,-1571.7922884127518,2898.999924087525,False,False,-1566.459459913806,-1527.7785356236818,2904.940258772472,False,False,-1493.1998609285693,-1459.297536448941,2945.56898315595,False,False,-1535.047291927744,-1504.87967723202,2951.999903869629,False,False,-1613.082244704588,-1565.8715346761624,2982.999892044068,False,True,-1601.1244291958308,-1559.8256594431027,2989.429982117626,False,True,-1509.3189244123853,-1456.2498196656175,3026.9998752593997,False,False,-1481.45578139805,-1466.8246248127884,3033.8853034551807,False,False,0.3554281532727128,2759.55484856369,0.06686927850422611,2773.9470869310826,-0.08923955537226907,2854.9332613629294,0.04922978580302024,2868.247013450237,-0.02348300624157185,2902.7937721865724,-0.03558020023503708,2974.066877521813,-0.016133651372115743,2985.823545229331,-0.46142457044024293,2985.378254310263
377,29.507604375481606,1782851024.4389539,0.01200166717171669,-1460.0672418008985,-1441.4320154659656,2715.9999938964847,False,True,-1423.696266466974,-1398.0120915731884,2720.771614496614,True,True,-1504.6007580157107,-1489.9092413729866,2770.99997291565,True,True,-1598.3664348809486,-1554.1890836568145,2777.6248020826647,True,True,-1580.3081104624507,-1534.4317143992419,2816.709009497122,True,True,-1491.9191933857019,-1451.416969771067,2822.9999530792243,True,True,-1525.4244887978725,-1496.910676406761,2866.303001911963,True,False,-1617.9946404010147,-1570.2397790139682,2872.999934005738,True,True,-1613.2571201516034,-1566.0626157655042,2898.999924087525,False,True,-1572.4882538130023,-1527.7106244460067,2904.940258772472,True,True,-1494.9846853317845,-1457.5088623651313,2945.56898315595,True,True,-1535.047291927744,-1504.87967723202,2951.999903869629,True,True,-1614.5293517131768,-1565.8715346761624,2982.999892044068,True,True,-1601.2320582571751,-1561.1907555704988,2989.429982117626,False,True,-1505.0340602744752,-1457.2782574808202,3026.9998752593997,True,True,-1485.5989775957455,-1462.9996286334322,3033.8853034551807,False,False,0.18678028349459627,2759.3862006939116,0.08212753485139368,2773.9623451874295,-0.02643503801734575,2854.9960658802843,0.05892763142269482,2868.2567112958563,-0.004448884516212115,2902.8128063082977,-0.06328438187024764,2974.0391733401775,-0.02383208259725858,2985.8158467981057,-0.3020064913685468,2985.5376723893346
378,29.58982575079426,1782851024.519319,0.010613166727125645,-1456.8980835651191,-1441.1465965705902,2715.9999938964847,True,True,-1413.2837806033563,-1396.330383286976,2720.771614496614,False,True,-1497.9826451080478,-1485.9859002964818,2770.99997291565,False,False,-1592.3784607390653,-1549.1183986918118,2777.6248020826647,True,True,-1569.58884983342,-1529.4122826053735,2816.709009497122,False,True,-1492.467970779717,-1449.22649845646,2822.9999530792243,False,False,-1517.8116285111714,-1497.6224638567107,2866.303001911963,False,False,-1609.0976174465873,-1562.8512577559068,2872.999934005738,False,False,-1617.7990371977871,-1556.6558960173613,2898.999924087525,False,False,-1570.265218387994,-1520.8065898462573,2904.940258772472,False,False,-1498.2938930831065,-1454.0710441055112,2945.56898315595,False,False,-1528.8313751260812,-1503.7080248800319,2951.999903869629,False,False,-1614.8286395451905,-1566.5032185102546,2982.999892044068,False,False,-1599.9110722254486,-1561.1907555704988,2989.429982117626,False,True,-1502.6619937647095,-1459.6845569581565,3026.9998752593997,True,False,-1483.3219182687901,-1460.1864321300852,3033.8853034551807,True,False,0.041570667906675775,2759.240991078324,0.08782712164023142,2773.9680447742185,0.047337973817061084,2855.0698388921187,0.08353874379003716,2868.281322408224,-0.036417246651367655,2902.780837946162,-0.15308678177226434,2973.9493709402755,-0.026561469649649862,2985.8131174110536,-0.23707492313555206,2985.6026039575677
379,29.673157688230276,1782851024.6024902,0.010307041928172112,-1456.8980835651191,-1441.1465965705902,2715.9999938964847,True,True,-1420.6067961610174,-1396.330383286976,2720.771614496614,True,True,-1503.0959577589633,-1488.2133569703822,2770.99997291565,True,True,-1592.3784607390653,-1549.1183986918118,2777.6248020826647,True,True,-1577.1856863404346,-1529.4122826053735,2816.709009497122,True,True,-1491.9191933857019,-1449.945343399456,2822.9999530792243,True,True,-1524.1983999144175,-1497.6224638567107,2866.303001911963,True,True,-1609.4657425803098,-1570.2397790139682,2872.999934005738,True,True,-1617.7990371977871,-1564.4116988110159,2898.999924087525,True,True,-1570.265218387994,-1525.184034294098,2904.940258772472,True,False,-1494.9846853317845,-1455.9590151908792,2945.56898315595,True,True,-1531.0836858513921,-1503.7080248800319,2951.999903869629,True,True,-1614.5293517131768,-1565.8715346761624,2982.999892044068,True,True,-1605.9318687532475,-1561.1907555704988,2989.429982117626,True,True,-1508.1533056209312,-1457.6076733808113,3026.9998752593997,False,True,-1483.3219182687901,-1465.5136473393038,3033.8853034551807,True,True,0.2215167265232174,2759.42093713694,0.07930178410498012,2773.9595194366834,-0.030351174354103668,2854.9921497439477,0.03751913295258052,2868.2353027973863,-0.02462024974249597,2902.7926349430713,-0.09604456610845456,2974.0064131559393,-0.010609862656235761,2985.829069018047,-0.39270088373874323,2985.4469779969645
380,29.75056920852512,1782851024.680098,0.010708833113312721,-1458.410638200324,-1441.1465965705902,2715.9999938964847,False,True,-1420.6067961610174,-1404.1716156738087,2720.771614496614,True,False,-1503.0959577589633,-1488.2133569703822,2770.99997291565,True,True,-1592.3784607390653,-1547.0850842069872,2777.6248020826647,True,False,-1584.6333205978542,-1529.4122826053735,2816.709009497122,False,True,-1491.9191933857019,-1449.945343399456,2822.9999530792243,True,True,-1529.8809854204235,-1497.6224638567107,2866.303001911963,False,True,-1609.4657425803098,-1567.2728612036556,2872.999934005738,True,False,-1618.2808249533882,-1561.4944218601952,2898.999924087525,False,False,-1568.2976602377967,-1523.5067533698077,2904.940258772472,False,True,-1496.7545893572149,-1461.9206360607634,2945.56898315595,False,False,-1528.0359782376136,-1508.5091955252622,2951.999903869629,False,False,-1620.5605480331326,-1569.920004890424,2982.999892044068,False,False,-1605.9318687532475,-1561.1907555704988,2989.429982117626,True,True,-1509.2174358895986,-1462.2366216340126,3026.9998752593997,False,False,-1484.5469450132955,-1473.1030213650395,3033.8853034551807,False,False,-0.009430223141602268,2759.1899901872757,0.0852785862711024,2773.9654962388495,-0.09495192844476327,2854.927548989857,0.027904938842952302,2868.2256886032765,-0.037546978442029075,2902.7797082143716,-0.1215610969985741,2973.9808966250494,-0.01580499527921313,2985.823873885424,-0.4246962730071596,2985.414982607696
381,29.828412333969027,1782851024.757602,0.01001508254557848,-1458.410638200324,-1440.9626723110312,2715.9999938964847,True,False,-1419.8989623131704,-1405.275520371672,2720.771614496614,False,False,-1507.9931900846655,-1497.3027799003576,2770.99997291565,False,False,-1605.286768346731,-1549.1183986918118,2777.6248020826647,False,True,-1587.048925634991,-1540.9680701164532,2816.709009497122,False,False,-1491.4308539902804,-1456.04661490968,2822.9999530792243,False,False,-1525.7292584894706,-1505.4336293058657,2866.303001911963,False,True,-1620.5630834122935,-1569.7761683528443,2872.999934005738,False,False,-1614.751648989822,-1565.1654017788917,2898.999924087525,False,False,-1570.0013907143073,-1517.278489775957,2904.940258772472,False,False,-1496.7545893572149,-1458.2753018308526,2945.56898315595,True,False,-1533.5887627227435,-1508.9320949353548,2951.999903869629,False,False,-1612.3399043310817,-1565.3682703181835,2982.999892044068,False,False,-1607.5098572607515,-1560.7809945899687,2989.429982117626,False,False,-1497.6174557569461,-1456.1817846990862,3026.9998752593997,False,False,-1484.1551150777882,-1459.0961426781184,3033.8853034551807,True,False,-0.058413559658310694,2759.141006850759,0.12882076508489224,2774.0090384176633,-0.07432012234001108,2854.948180795962,0.0978566906783748,2868.295640355112,0.016530240161051972,2902.8337854329748,-0.11221505380337395,2973.9902426682443,-0.0002958229398098892,2985.8393830577634,-0.19666284957001254,2985.643016031133
382,29.90529239643365,1782851024.834661,0.010376958176493645,-1466.202133447443,-1437.33408778311,2715.9999938964847,False,False,-1422.6512088516672,-1398.844910902589,2720.771614496614,False,False,-1504.0411040132044,-1496.4748433536083,2770.99997291565,False,False,-1598.3664348809486,-1550.7814270868357,2777.6248020826647,True,False,-1575.6121939664395,-1541.074817373231,2816.709009497122,False,False,-1497.8145260873553,-1461.2573127120459,2822.9999530792243,False,False,-1525.7292584894706,-1511.5035623681877,2866.303001911963,True,False,-1610.6640278754164,-1569.5951798759054,2872.999934005738,False,False,-1617.95955466577,-1565.1654017788917,2898.999924087525,True,True,-1573.0772625852003,-1525.184034294098,2904.940258772472,False,True,-1499.274088394413,-1455.6900846654646,2945.56898315595,False,False,-1538.1170202035642,-1508.5091955252622,2951.999903869629,False,True,-1619.7782712351377,-1569.4768193905306,2982.999892044068,False,False,-1607.5098572607515,-1565.2983525384357,2989.429982117626,True,False,-1507.014011064584,-1458.8793562979492,3026.9998752593997,False,True,-1483.3219182687901,-1465.5136473393038,3033.8853034551807,True,True,-0.10519573106602902,2759.094224679351,0.11338084352315084,2773.9935984961016,0.03457702398577155,2855.0570779422874,0.08687517783935207,2868.284658842273,-0.012552500543817098,2902.80470269227,-0.11519581424325558,2973.9872619078046,-0.022324368170214288,2985.817354512533,-0.3633627978442797,2985.476316082859
383,29.98186333430931,1782851024.911078,0.010141500271856785,-1460.0672418008985,-1442.1041553320906,2715.9999938964847,True,False,-1423.6464727817342,-1409.3787266558668,2720.771614496614,False,False,-1511.033615551548,-1498.5385579362412,2770.99997291565,False,False,-1597.4712809854204,-1550.3887688357736,2777.6248020826647,False,False,-1583.518851056026,-1538.8708530733256,2816.709009497122,False,False,-1501.268841886481,-1460.6506617354892,2822.9999530792243,False,False,-1525.7292584894706,-1505.4336293058657,2866.303001911963,True,True,-1625.2192774398632,-1574.3081670079775,2872.999934005738,False,False,-1621.8222132224837,-1566.0626157655042,2898.999924087525,False,True,-1570.265218387994,-1521.8496989332766,2904.940258772472,True,False,-1493.4506968854114,-1458.8887474401686,2945.56898315595,False,False,-1538.8384127517804,-1508.9320949353548,2951.999903869629,False,True,-1618.0787954274535,-1569.9050845126387,2982.999892044068,True,False,-1608.5563758902101,-1565.2983525384357,2989.429982117626,True,True,-1501.3095745331175,-1453.6765183238074,3026.9998752593997,False,False,-1478.7577085307335,-1471.3758917382397,3033.8853034551807,False,False,-0.08003979495558602,2759.1193806154615,0.09746126249867688,2773.977678915077,-0.015988339855565012,2855.0065125784463,0.09778281661556179,2868.2955664810493,-0.02043312616653845,2902.796822066647,-0.043238777413123035,2974.0592189446347,-0.013396612426804308,2985.8262822682764,-0.483787634102865,2985.3558912466
384,30.059823021758348,1782851024.989262,0.010456125251948833,-1456.1080661429837,-1438.2417795030108,2715.9999938964847,False,False,-1423.6464727817342,-1404.1716156738087,2720.771614496614,True,True,-1504.8876990555368,-1496.4748433536083,2770.99997291565,False,True,-1599.1772045114162,-1543.451719289666,2777.6248020826647,True,False,-1580.5413470061435,-1540.9680701164532,2816.709009497122,False,True,-1497.8145260873553,-1456.04661490968,2822.9999530792243,True,True,-1528.3489852370328,-1505.4336293058657,2866.303001911963,True,True,-1618.8410382981322,-1563.2029388391359,2872.999934005738,True,False,-1618.4362838891095,-1571.7922884127518,2898.999924087525,True,True,-1563.313849069291,-1525.184034294098,2904.940258772472,False,True,-1498.2938930831065,-1458.8887474401686,2945.56898315595,True,True,-1537.9570804169086,-1507.966592291469,2951.999903869629,True,False,-1609.2979200415687,-1569.64144022985,2982.999892044068,False,False,-1599.943880857047,-1562.4777241189595,2989.429982117626,False,True,-1507.014011064584,-1459.6845569581565,3026.9998752593997,True,True,-1484.5469450132955,-1469.7758351927137,3033.8853034551807,True,True,0.049647967335375284,2759.2490683777523,0.1348558857504948,2774.0150735383286,0.03986526660746337,2855.0623661849095,0.10563085050730756,2868.303414514941,-0.025198290391075327,2902.7920569024227,-0.07955460320905366,2974.0229031188387,-0.005648307413567843,2985.8340305732895,-0.3900679241826329,2985.4496109565202
