time_s,peak_01,peak_02,peak_03,peak_04,peak_05,peak_06,peak_07,peak_08,peak_09,peak_10,peak_11,peak_12,peak_13,peak_14,peak_15,peak_16
0.0110146454535424,1.0364657214263977,1.0565719302537988,1.0501749325972698,1.1097412676488712,1.0936489979955764,1.0676074020421824,1.0671843561146115,1.0840203264853399,1.072881367681488,1.1060628394154413,1.078491481402458,1.1043626077247084,1.0837175116074234,1.1182606190105242,1.0480115658090121,1.0587589411975975
0.0797855416312813,1.0364657214263977,1.0565719302537988,1.0501749325972698,1.1097412676488712,1.0936489979955764,1.0676074020421824,1.0671843561146115,1.0840203264853399,1.072881367681488,1.1060628394154413,1.078491481402458,1.1043626077247084,1.0837175116074234,1.1182606190105242,1.0480115658090121,1.0587589411975975
0.1468953541480004,1.0364657214263977,1.0565719302537988,1.0501749325972698,1.1097412676488712,1.0936489979955764,1.0676074020421824,1.0671843561146115,1.0840203264853399,1.072881367681488,1.1060628394154413,1.078491481402458,1.1043626077247084,1.0837175116074234,1.1182606190105242,1.0480115658090121,1.0587589411975975
0.212204166688025,1.0364657214263977,1.0565719302537988,1.0501749325972698,1.1097412676488712,1.0936489979955764,1.0676074020421824,1.0671843561146115,1.0840203264853399,1.072881367681488,1.1060628394154413,1.078491481402458,1.1043626077247084,1.0837175116074234,1.1182606190105242,1.0480115658090121,1.0587589411975975
0.2801227080635726,0.9919953414737384,1.0152472515644433,1.0102860018563955,1.0320159023900652,1.026079743529738,1.029928926636569,1.0152448856450265,1.0298597061803012,1.0317756238239981,1.0339741496959285,1.0238462112259734,1.0228765462196385,1.0261634641497133,1.0384524841405056,1.024359440834973,1.0218394657816219
0.3516526669263839,1.0045940221426408,1.0069836176820748,1.0036103053653236,1.033664317592691,1.0235684087676602,1.0201536372287,1.0098396884354601,1.036485380043643,1.0310546071667177,1.0368053269065445,1.0123071680011813,1.0217107126638463,1.0266860197850791,1.0463779084630465,1.024359440834973,1.018628536160497
0.4631317919120192,1.0040223553578098,1.0069836176820748,1.0036103053653236,1.0318118951448205,1.022566725800155,1.024605080002485,1.0131340651393177,1.0385906059642303,1.0278620321200589,1.029661131655939,1.0154591994674025,1.0217107126638463,1.0338822984141725,1.0414104236571626,1.022321617390333,1.0206893739388816
0.533134229015559,1.0034506885729793,1.0069836176820748,1.0036103053653236,1.0279162091045673,1.0235684087676602,1.024605080002485,1.0131340651393177,1.034305654392076,1.0310546071667177,1.0317636232899716,1.0154591994674025,1.0217107126638463,1.0275699628970654,1.0414104236571626,1.022321617390333,1.0206893739388816
0.603280708193779,1.0038151038658882,1.0114519060042262,1.0070653645186782,1.0366538247587342,1.0298001353811255,1.0224780536378701,1.0151771597432206,1.0358915274996212,1.03299805230976,1.0332245230413484,1.0194206859965758,1.0228570479612584,1.031756261803621,1.0382537662031972,1.023339205775873,1.0196607153605575
0.6728745833970606,1.0047845895890775,1.00976361240671,1.0105811501479005,1.0396660881717716,1.036114424385578,1.024605080002485,1.0154167430412047,1.0374822712285272,1.0349549084122007,1.0317636232899716,1.0154591994674025,1.0217107126638463,1.0330565787328605,1.0350896711576578,1.022321617390333,1.0206893739388816
0.7452255212701857,1.0087650948517126,1.0147616234444485,1.0110146994455085,1.0390091441259233,1.0326744566620865,1.024605080002485,1.0188944683674808,1.0369839203130515,1.0347870080637693,1.0317636232899716,1.0154591994674025,1.0330022560449428,1.0325307806539292,1.0340652428435408,1.022321617390333,1.0206893739388816
0.8203305001370609,1.0059294430080228,1.0069836176820748,1.014089088951787,1.0395717883940914,1.0359341490553668,1.024605080002485,1.0172352168846834,1.0348766476978406,1.0340337679443832,1.0279013580505756,1.0154591994674025,1.0217107126638463,1.0345225885393683,1.036827171343315,1.022321617390333,1.0206893739388816
0.9138160622678696,1.0116200373475883,1.00976361240671,1.0169982510364401,1.0395785604504582,1.029582832194722,1.0201536372287,1.0172352168846834,1.038171167813353,1.0319932471656885,1.029661131655939,1.0154591994674025,1.0322370061994959,1.0351697434899039,1.0392445896720508,1.0183972670226524,1.0206893739388816
0.9838739377446472,1.0119122283377662,1.0159975538839594,1.0119642598749878,1.0350948617431082,1.0301978148822613,1.020350616570164,1.0195866928596011,1.0430165016731148,1.0354366062355047,1.0290942910136134,1.0234256828833983,1.0240151935114956,1.0320734025519274,1.038861058696469,1.024359440834973,1.018628536160497
1.0633893748745322,1.0119122283377662,1.0136020585162016,1.013976195604902,1.036178927100672,1.0305825487772682,1.0105775321014179,1.0156121336795505,1.0348766476978406,1.0346184800593536,1.0336961772797022,1.0234256828833983,1.0255704609737846,1.0372164819767504,1.0384130761693198,1.0210460444246865,1.018628536160497
1.1351283127442002,1.0078165556834802,1.009461036152909,1.0072675142291203,1.038320021046617,1.0305825487772682,1.0156907567995035,1.019473984613434,1.0328638104747903,1.0346184800593536,1.0313644216342885,1.0237315467246553,1.0181303551742755,1.039308312231114,1.0369069123024985,1.0200107519777049,1.0167595391981346
1.2070076665841043,1.0160497379458877,1.0089265598205743,1.0072675142291203,1.0308761378322813,1.0273654641876246,1.030634758880055,1.0107006645708339,1.0310548305534808,1.0310849811244736,1.0326817471517507,1.0265414590519688,1.0193642494800155,1.039308312231114,1.031994518862941,1.020131388709789,1.01729257722424
1.2786924373358488,1.0178580036577338,1.0136833293705592,1.0072675142291203,1.033555576025525,1.0279132246968659,1.0290967716101025,1.016280531481561,1.0285922953108064,1.02725324869088,1.041952462667606,1.0262434073277498,1.0213251641467922,1.039308312231114,1.0369069123024985,1.0262016436083683,1.0218956387001055
1.3515517502091825,1.0198397868808156,1.01538621404027,1.0018308163892504,1.0351012521075464,1.0348505160595034,1.0255114508125647,1.0250679605158801,1.0313902441701375,1.032940543091423,1.0385676734218272,1.0308305058913834,1.027183239894085,1.0397260693692612,1.0368226810324275,1.0266063578413587,1.0163023891524816
1.4260180206038058,1.0150520361794448,1.010787551933803,1.0138177590599626,1.0395717883940914,1.0307253848796862,1.0216390070089787,1.020299282264221,1.0330641424500706,1.0294901444604538,1.0324375781385515,1.0252045691073355,1.0205471731231985,1.0397260693692612,1.0381080793481354,1.0264222992806236,1.0176838667653767
1.501303750090301,1.0173704724994772,1.0101615248634763,1.0092690402296518,1.0358531147008982,1.0314658067754392,1.0227642978323757,1.0216878976713406,1.0370159086790853,1.028237258500644,1.0380272123284666,1.0263055732259783,1.0158972976865552,1.0368087255644522,1.0340706913510382,1.0264222992806236,1.0176838667653767
1.578004354145378,1.010975539219119,1.0162028594969388,1.0123685228285102,1.0391265948060955,1.0314983814216787,1.0282946898237912,1.0141240386151664,1.035983509891441,1.0304479283536665,1.0357304236877642,1.0294854814385395,1.0204287980584397,1.0409186953932488,1.0317881727538036,1.0277905279481685,1.0215027297736552
1.650933458469808,1.014278559276689,1.0170678834953188,1.0065123597545158,1.039073218383271,1.037535085365235,1.030634758880055,1.0180187697148788,1.0407018382644047,1.0287499111893834,1.0363004262803208,1.0265757753668272,1.0248851329867759,1.034996708126572,1.0393515503146422,1.0226862355524533,1.0208218493042245
1.7281560208648443,1.0193007768467586,1.0247816925474553,1.01112083018079,1.0382527914954576,1.0340695978714893,1.0297313174245475,1.0178615421174453,1.0370853391748343,1.033776907617627,1.0358371705434737,1.0288855248071416,1.0230930410899335,1.0325925844116466,1.0375165047602621,1.0276191979999254,1.0212188700852955
1.8030688958242536,1.0185757204540242,1.0204602234031555,1.0085368810351503,1.0416437977184219,1.035382346889157,1.0256618682009406,1.0204249423399172,1.0311674088446694,1.033506758401454,1.034120089087332,1.0317279555789238,1.0238267350794574,1.038733663568555,1.0358595128427293,1.0276191979999254,1.0287242631496192
1.9195219166576865,1.0139555747900442,1.0170678834953188,1.0105772339695698,1.0410698199823083,1.0283723831976246,1.0285428200250946,1.0145198511443092,1.0303337166419477,1.0422646641956101,1.0436851895501411,1.0247303173789517,1.0203559507302287,1.0357877771252195,1.036310911100743,1.0204858703176605,1.029714901365366
2.017897749785334,1.0077340942328676,1.015414722455466,1.0108618256735176,1.0400512602063525,1.0298837061214994,1.0286204500619298,1.0211199757214615,1.035317162953504,1.0364084536057785,1.0395338902065319,1.022870038865048,1.024607841688164,1.0316964979848202,1.031099332247229,1.0294314762510122,1.0218355591425308
2.0973055618815124,1.014878437336226,1.018189846929158,1.0092776964034964,1.0436730005403392,1.0318111386971087,1.0316263302016777,1.021715063470823,1.034717536910358,1.0394720174433536,1.0399844446589634,1.0247847625620425,1.0269034439445426,1.0329364144198414,1.036031375627382,1.0291092692779107,1.0190841266434867
2.168535062577575,1.010607508012276,1.0209098951298337,1.01230278713937,1.0422170704719298,1.0344386123023026,1.0290535203274618,1.0195313539296793,1.035376327132255,1.0376543782098067,1.0358591919912832,1.0245509624263716,1.024020616447161,1.0373111662184413,1.045166364667732,1.0263731505943374,1.0230385382565204
2.2356878127902746,1.0139555747900442,1.0188962998481057,1.0123685228285102,1.0418219958552388,1.0278975174551521,1.0361390484808637,1.0226069581473813,1.0388094261783036,1.0362719749524756,1.040735552544289,1.0278589131664866,1.0233183284513014,1.0359627930768762,1.03076854939823,1.0261492830851855,1.0220128765112555
2.3024035836569965,1.013852194870865,1.0189681723106678,1.0123685228285102,1.0418219958552388,1.0278975174551521,1.0359130966095549,1.019851625857185,1.0388094261783036,1.0362719749524756,1.0405175426285707,1.0278589131664866,1.0233183284513014,1.0359627930768762,1.03076854939823,1.0261492830851855,1.0220128765112555
2.369619333650917,1.013852194870865,1.0189681723106678,1.0123685228285102,1.0410521897453495,1.033165509618109,1.0309810469756124,1.011328757025477,1.0334332906718136,1.0317239063519383,1.0372844905108605,1.0255293700725145,1.0252040681233623,1.034996708126572,1.0336776653525774,1.023149223389785,1.0173260254877532
2.435664708726108,1.013391012139481,1.018189846929158,1.003481770533035,1.0398297284109026,1.0322387361899072,1.0316263302016777,1.0191499340885144,1.0334332906718136,1.0317239063519383,1.038978827108309,1.025728951992945,1.0263329389827,1.034996708126572,1.041884086212416,1.023149223389785,1.0173260254877532
2.5089797913096845,1.0064548663678192,1.0170678834953188,1.012435827716404,1.042067360966609,1.0309872320831523,1.0303192134238073,1.018313473837338,1.0358107744832385,1.03404152890182,1.0426913680533274,1.023222546027456,1.0263976131493582,1.034996708126572,1.0393266390988964,1.0268210471058434,1.0132653209426472
2.5762770413421094,1.0097655234851926,1.0223729648115212,1.010148231489814,1.0458717808209095,1.0309872320831523,1.0334095340821914,1.022634937284843,1.0419817183956586,1.0385340865388806,1.0335836673436067,1.0239819290820564,1.0269034439445426,1.033304943126816,1.0383929478357683,1.0246822558764435,1.0210943608780223
2.6426945836283267,1.0108641699215815,1.0145216888317476,1.0166866554652314,1.0441615227465673,1.0301533439003203,1.0251467201542535,1.0140202999706978,1.0419817183956586,1.0385340865388806,1.0335836673436067,1.016364016892062,1.0389643739119812,1.033304943126816,1.0392615854073024,1.0236128711405872,1.0210943608780223
2.7100487085990608,0.9973386337054325,1.0044990713956086,1.011612716745164,1.0438952139269762,1.031541066998319,1.0162339163822354,1.0172758679630052,1.0370428101543474,1.024882148335891,1.0370947221281388,1.026688689093604,1.0284722232983692,1.022245356163766,1.0379965542714729,1.0286160213443194,1.0228689420958372
2.777623750269413,0.9990210726767456,1.0056603353861318,1.011612716745164,1.0374508159153975,1.028558703638306,1.0238304774420097,1.0172758679630052,1.0370428101543474,1.024882148335891,1.0370947221281388,1.026688689093604,1.0284722232983692,1.022245356163766,1.0379965542714729,1.0286160213443194,1.0136609989088756
2.8458157293498516,0.9906231285170751,1.0212681699072699,1.008829927851353,1.0323651717339157,1.0293279276860945,1.0244789262944027,1.013153734704912,1.0321484136506969,1.02342541307356,1.0410572731492973,1.0238920814665193,1.0284458603761513,1.0243706148046237,1.042323884758503,1.0238336793264342,1.017912249526593
2.9164783540181816,0.9923262738504542,1.0212681699072699,1.008829927851353,1.0323651717339157,1.0293279276860945,1.0244789262944027,1.0148758567437135,1.0321484136506969,1.02342541307356,1.0410572731492973,1.0238920814665193,1.0204013908968468,1.0243706148046237,1.0410774861799859,1.0238336793264342,1.017912249526593
2.9860225417651236,1.0014003624730996,1.0137147841891914,1.0045015915466962,1.030719145734454,1.034111742538226,1.0247700425811688,1.0202840077602577,1.0322222841616284,1.02565994699704,1.0335761799359007,1.0280583924552946,1.021723083330063,1.0196708600160982,1.0386282077146183,1.026404477708461,1.0202737892543172
3.0544851045124233,0.9987274689157082,1.0172532285724858,1.0048693012008745,1.0332167927101403,1.0293279276860945,1.0253816342597244,1.0149872324936076,1.02867040226055,1.02565994699704,1.037548977930391,1.023579915387567,1.0260609704237627,1.0264984286124552,1.038504985506705,1.026332888982334,1.0180076856141462
3.123320416547358,1.0113279786851912,1.0172532285724858,1.0048693012008745,1.0332167927101403,1.0293279276860945,1.0253816342597244,1.0149872324936076,1.02867040226055,1.02565994699704,1.0361514993508127,1.0250926937886147,1.0260609704237627,1.0264984286124552,1.038504985506705,1.026202659245166,1.0188017819869681
3.193276478908956,1.0105505233826455,1.0249627558344745,1.003824437179027,1.0312579237484463,1.0309929067981227,1.0238304774420097,1.0203074377176555,1.031814700880455,1.0250194586057524,1.0378785891557352,1.0274977658164839,1.0200187767905184,1.0264984286124552,1.038504985506705,1.0263331507148783,1.0202440067791263
3.260800666641444,1.0105505233826455,1.0249627558344745,1.003824437179027,1.0312579237484463,1.0309929067981227,1.0238304774420097,1.0203074377176555,1.031814700880455,1.0250194586057524,1.0378785891557352,1.0274977658164839,1.0200187767905184,1.0264984286124552,1.0363527869292624,1.0197806464959995,1.0202440067791263
3.3600575625896454,1.0105505233826455,1.0205419854336248,1.004191898952863,1.0309401895194474,1.0305360860936625,1.0238304774420097,1.0252889167397232,1.0328054270281868,1.0277216473737243,1.0326906752779084,1.0308170200042204,1.0213096453265043,1.0295162214145872,1.0284470335526943,1.022854485475112,1.0136249742821708
3.429489478934556,1.0105505233826455,1.0218928981242594,1.003824437179027,1.0282154116219826,1.0321374094823268,1.0227830868012042,1.0243292538604167,1.0301426317659,1.0266144062665017,1.036701153564063,1.0289558748611973,1.0166308612445745,1.0320709219876025,1.0403948300842873,1.027689721685009,1.0205078993083774
3.5042748963460326,1.0105505233826455,1.0218928981242594,1.003824437179027,1.0282154116219826,1.033364058635639,1.0227830868012042,1.0243292538604167,1.0301426317659,1.0266144062665017,1.036701153564063,1.0289558748611973,1.0166308612445745,1.0324086540989934,1.0327427966147589,1.027689721685009,1.0205078993083774
3.5776330209337175,1.0059393933712002,1.0126782229551812,1.0175449523755342,1.032168186640714,1.030200164817871,1.0362033136256155,1.0199881028218527,1.033172232195238,1.0303669226434253,1.035299513940762,1.028893406297766,1.0252577609184825,1.0365993508483289,1.0372294213900979,1.0254191421185783,1.023878160711593
3.652167749591172,1.0059393933712002,1.0126782229551812,1.0175449523755342,1.0300334341183175,1.034438458003647,1.029801230196484,1.0191137173519003,1.0357795515452006,1.0399714993565172,1.0365069304510677,1.0309982528885175,1.0194366005125413,1.0306904042345848,1.04439433828725,1.0257545449015082,1.0202340104618914
3.733913041651249,0.9974792655990221,1.019609398787165,1.0162292241896889,1.0366651048597504,1.0408869664439109,1.0276213718973042,1.0237469918027413,1.0276263895031978,1.0384083128082715,1.032454263030992,1.028195501148708,1.0175136836125664,1.0310683570465327,1.0352927009969646,1.0318777796401009,1.017533995341623
3.8081695628352463,0.9993231960130394,1.0081384561368711,1.0173606816456449,1.0319905597487906,1.0366060882201398,1.0298973199823838,1.0185788712207324,1.033172232195238,1.0380345682327934,1.0346954956885286,1.0261898926646136,1.0165765881736628,1.0342016116519126,1.0352927009969646,1.0302304858229856,1.0205078993083774
3.885825666598976,0.9994390635842834,1.0137881720864645,1.0161536755687979,1.039460850036099,1.0396064561057938,1.0234631572799553,1.0251190400578163,1.0340449648298515,1.0435477393225343,1.035995787020583,1.0299114686708943,1.0203742190890317,1.0347765234970183,1.0412250353850037,1.0256284931666446,1.0220893754863503
3.965892770793289,1.0044753630258825,1.0264890792845878,1.0121875912730738,1.0410857189505556,1.038075773496776,1.0306117970101316,1.016693894924521,1.0328054270281868,1.0384083128082715,1.0399315379154186,1.030201763984112,1.023623699259515,1.0324537433141343,1.0330113638817804,1.022933229125656,1.0230462553639548
4.044302458874881,1.0021797194933377,1.0257441455019434,1.0175449523755342,1.035698920455363,1.03634029988017,1.0306186669769941,1.0226407268320648,1.0341216374938436,1.0376138136504722,1.0381058484390746,1.0278647129152578,1.0254401134553377,1.0389092252568857,1.037331337668632,1.0274732580004255,1.020568060605457
4.120084458496422,1.0047961465823978,1.0206490104769508,1.012995428857874,1.0385513264645374,1.0343892368061163,1.0226869420322482,1.0241099201281705,1.030045145422819,1.033849711482294,1.0313167926558036,1.03315889220665,1.0219630046089871,1.0322038404503322,1.0353438421382455,1.0282397615140522,1.016422075330957
4.1916776043362916,1.008387431524174,1.0158051114346105,1.0133405300596185,1.0374426037780873,1.03388775102352,1.0300312075069662,1.0202642534262252,1.0283516460879305,1.0366115594841552,1.0356273826605378,1.0226318802128862,1.0230467352535573,1.0375870206987705,1.0356647093146045,1.0272688683005107,1.0205078993083774
4.2635221453383565,1.0097964511984878,1.0123492865990213,1.0166178752627615,1.0399690895217941,1.0345862361497726,1.0349420042762485,1.016782146394625,1.0309033253916038,1.0387298999654149,1.0334528124626996,1.0265262519801632,1.0252140323239332,1.0351802842993558,1.0381416182761363,1.0226065279296095,1.02262151993424
4.335721249692142,1.0108836048798895,1.012091870703579,1.009542253779098,1.0399087398091833,1.0391409852073183,1.030701548800404,1.0147756710938354,1.0314273160424767,1.0378944945307724,1.0383639593744651,1.0229461837230505,1.0237390808267335,1.0381217172419799,1.0338853152582055,1.0308426601455956,1.02262151993424
4.4125789371319115,1.0120169845954559,1.0176468222789825,1.0140511733072826,1.0449141087622524,1.0365051651306176,1.033320597414754,1.019837382860262,1.0284853290549492,1.0419432291343405,1.0383639593744651,1.0351940967301754,1.0226523695590723,1.0357933393489,1.038831229822712,1.025914577826858,1.0188944186538897
4.515094499569386,1.0081748540056006,1.018564540304286,1.0164458071323708,1.0398306351111637,1.0388045067888318,1.0361037506490522,1.0201951957014526,1.0404507433294723,1.0324899599693416,1.0333597708446638,1.029144005602317,1.0187024447225814,1.0388753312108305,1.0441443513166804,1.0278678356481012,1.0155032669885269
4.587432145606726,1.0086065571084561,1.0135592450501612,1.012543449250283,1.036325173161074,1.0393728550234653,1.0304204557750734,1.0232971280375596,1.0370413017515192,1.039914542039424,1.0389119008049392,1.026678718909074,1.0230923082415149,1.0323465378813312,1.0362601469335375,1.0207312242336024,1.022696936417989
4.659753208048642,1.0146577345887315,1.0083449602558472,1.0065102343635897,1.043382269585278,1.0302577704750353,1.0353667058257099,1.017980647790709,1.0345229513194685,1.0383282850430178,1.0401413947827554,1.0274113794983246,1.0223091825281707,1.0387686307720807,1.0367832884344805,1.0285593235584782,1.0180742645277885
4.732329291757196,1.0026446066605075,1.0108218416358368,1.010979988168904,1.0382373552636734,1.037161875667296,1.0343769917253534,1.0168822088079197,1.0366124485332517,1.0372571772323036,1.0360621415453872,1.0237296460194087,1.0202897272809106,1.0352610032128373,1.0357367262907438,1.03395589480304,1.0136967375137373
4.804065375123173,1.011597014986581,1.012327326660592,1.018467805547477,1.036100084607685,1.0307558967431,1.0317109904787423,1.0235497900845794,1.0323497974390634,1.0354166805095277,1.044194032709297,1.0291040633944004,1.022190314433394,1.0380970527260045,1.0325440660775995,1.0255292039538486,1.0209086314526357
4.897449125070125,1.0138119837214306,1.018222408116942,1.0175504490921823,1.0379602113554545,1.034676965089787,1.0302328041030282,1.0162467322965796,1.0349179570846925,1.0377819413319633,1.0452988770540093,1.0256431248612552,1.0243160571670828,1.0317885527983066,1.0340927483744797,1.031783657522944,1.0254897269378696
4.972358166705817,1.0096226909404133,1.0096026889384304,1.0138651784156725,1.0398306351111637,1.0343726605446737,1.0282328974524109,1.0220952345442997,1.0304385549466746,1.0373024156484196,1.0379855169944041,1.0328785077902922,1.0182687888255362,1.0327068414125362,1.0395770096265426,1.0303418418250594,1.0165387232425667
5.0535923121497035,1.0149731802895379,1.0162650082363378,1.0158526031795723,1.0441015628919854,1.0406070104560854,1.0273343738250373,1.0177273321447926,1.0388633359754629,1.038852947907692,1.0375181754781884,1.0305644351006251,1.0198620339086837,1.03570376447557,1.0393624692949845,1.0277768934410945,1.0207841686260495
5.128633979242295,1.0118866744652617,1.0161447352495865,1.020242953627636,1.0385057556144774,1.0334143843946493,1.0316414636108688,1.0146376358991243,1.0363557888780754,1.0357268540281424,1.0404024802730025,1.0288610807740703,1.0295805592524485,1.0342033559820645,1.041990123980378,1.0285525279683603,1.0158562309669523
5.202289770822972,1.0071316078965746,1.0229283699080876,1.0177197647629743,1.0367652861037602,1.0371909049710468,1.0308117629197404,1.0241377507774516,1.039144087655576,1.0330827147070016,1.0371318377231122,1.0264628182786402,1.0247065799229076,1.0326592862873252,1.0324807205223059,1.0247291017707405,1.0180744180339574
5.275368437170982,1.012787413137251,1.017022969225984,1.0139350148676565,1.0401541752215608,1.0298155960269761,1.034074328912354,1.0175439002837612,1.0300982918981079,1.0331672364780897,1.0353501051102996,1.0224300345457515,1.0299419088493331,1.0325900501946619,1.0417703236203657,1.022099581257723,1.0186634984963854
5.349574958439916,1.0111017075687196,1.0170401825173623,1.0211858546566916,1.0443149879425635,1.0395912269651686,1.0319595259383592,1.0230395509381103,1.0301499080114467,1.0395739046550578,1.0360375761010003,1.0191438465857006,1.025339337027324,1.0355449146380535,1.042735133455244,1.030135233770609,1.020179786054929
5.4228901457972825,1.014636873780702,1.0109612459559894,1.0154961978695325,1.037090739532077,1.0361825383852885,1.0297223700265312,1.016447811211828,1.028151940639235,1.0394812918997776,1.0378943771414146,1.02859020317428,1.0221475679969252,1.03601345696265,1.0366515530960074,1.0211962398108567,1.021481298254972
5.537400666624308,1.0189060878290712,1.0176508270529847,1.0072144306255097,1.0307167811546982,1.0368301297609255,1.0297223700265312,1.015706189086087,1.029690661796602,1.0317117218750282,1.039396562299319,1.0279127902941243,1.026285408731216,1.035988624629373,1.03586644631256,1.0236906525902945,1.0215550211054336
5.619465520605445,1.0154924387110904,1.0217373319329457,1.0100298147063105,1.0335010544762615,1.03267049299717,1.0308469873665043,1.0213434343213157,1.0341332272394816,1.0414448919854837,1.042394932243068,1.0287569803213603,1.019826064943439,1.0326314377265957,1.0399657754519316,1.0269737924217703,1.023784820152745
5.694128875155002,1.0127233670487665,1.0182363202310851,1.0109222124093082,1.0331534487323901,1.027522083349757,1.0345277644872686,1.0149363508581886,1.0321426242614784,1.0331084613933825,1.0356797687288304,1.025853042582365,1.022573436946139,1.0384872866219763,1.0397936091089743,1.022963231793748,1.0150956747997646
5.768281583208591,1.0139928692906857,1.0164663116880293,1.0063079569012794,1.0407228498527186,1.0351707856279813,1.0323518507296512,1.0170129559319345,1.0296276591960947,1.0376232564384698,1.0375975814336358,1.0211159705103243,1.023893235301414,1.0358082597750649,1.0436794371540576,1.0255475195691959,1.0166407111264015
5.857395208906382,1.0230781160374152,1.0137500195357942,1.0117133536550769,1.0414149492566414,1.036417789227451,1.0310665797541707,1.018444355895892,1.02890811237126,1.0400455764817027,1.0429932396541906,1.0269032276541354,1.0250209559597103,1.0320060476208321,1.0417662031026254,1.0204950625051539,1.021128559603492
5.9351789792999625,1.0154924387110904,1.008610475381024,1.0109222124093082,1.0415534631543022,1.0308133432984388,1.0254547692575604,1.0255892162657763,1.0343057152174782,1.0421848992835216,1.0392844563968802,1.030029317561968,1.0279703133593092,1.0346822622245941,1.0358815217540478,1.029067792247027,1.0194950557914537
6.010940978769213,1.0178736447366772,1.018744218526389,1.010646079710442,1.042769439475312,1.0331706414817754,1.029081166470413,1.0171828228793105,1.0367471052929007,1.0364187301938854,1.0442734150851471,1.0332373860312682,1.0278681851472629,1.034460891221567,1.0420269102857034,1.0328432529531424,1.0189151337495796
6.086327500175685,1.0195647321064392,1.0154515631118377,1.0106663923316535,1.0374935042546514,1.0348001110863412,1.0294549793303247,1.0228684114160345,1.038205616468826,1.0422097147345648,1.0425993196861432,1.0272033134190408,1.0280459452072026,1.0360139168941311,1.0395933780494888,1.0239989578490383,1.0170002630946797
6.160216812510043,1.0195293976555877,1.009456682685235,1.013880826423246,1.0423161103202607,1.0386211911123828,1.0254885059028522,1.016102361803032,1.0368097137650596,1.0397211574153495,1.0388268986157068,1.026454237207598,1.0248496910057685,1.0360557832828552,1.0365371023574808,1.0265742235567428,1.0198296915427056
6.234625458251685,1.0137523192568731,1.0140638180473724,1.0128560819491963,1.0386031312615664,1.0396756303371986,1.027654202271059,1.02177481636149,1.0406360159852972,1.040254921621314,1.0390465284654513,1.0314867113270705,1.019541401655449,1.0369615142403132,1.0440255768776447,1.0249420183923925,1.0188987207746807
6.314072124660015,1.0062308111319682,1.0212785703009106,1.0130779761235276,1.035263749635291,1.036734813538898,1.0279683106461874,1.0172789357942582,1.0359453471478788,1.034731760811877,1.0326221867879872,1.0268689956078052,1.0294874553084343,1.033963871674282,1.0336545861626405,1.0235465091435483,1.0182944066852557
6.388402104377747,1.0053574673106718,1.0129372685448519,1.0141540397247282,1.038407010775225,1.0316279354418632,1.0226156063461007,1.020129876133265,1.0306580560710499,1.0378330699811986,1.0394916581203804,1.030802763572268,1.0258398669881348,1.0345103551373374,1.0329479716101084,1.0284229984121804,1.0222907509207977
6.496361791621894,1.0140333509208836,1.016699331518767,1.007817928982437,1.0365999513796165,1.0336527827222133,1.032430599165308,1.0194106282119502,1.0407077602221921,1.0413835419283515,1.0367463273777031,1.0249279004603216,1.0329936420796981,1.0361468583180018,1.0390011421781156,1.034177480801896,1.0237746869604436
6.571276603732258,1.00669068783773,1.0153016392899539,1.0103017944011445,1.0397943081412715,1.0313659736744716,1.0340609628150979,1.023707840216841,1.039571284968002,1.0373334232399651,1.0395054480719443,1.0247801745049014,1.0215489214016633,1.0399475057497245,1.0394202297966832,1.0232516026172502,1.010346562980301
6.6467665624804795,1.0169977032256836,1.018169190176065,1.020755635138223,1.0405261490966917,1.0322819556360256,1.0269599004378556,1.020686996703403,1.0342778762287947,1.0319366690543683,1.0400035363852893,1.0277104112888036,1.0224898963724236,1.0264641663861727,1.0375753777356824,1.0250185792105544,1.0173084876974638
6.7218828541226685,1.0122010829575938,1.0178930640050563,1.0181830945855443,1.0383200032967193,1.033063090681994,1.0305863686425194,1.019461919732421,1.0360617113420556,1.0395610942358944,1.04123694824728,1.029571411674378,1.0255405230550256,1.0297191070625686,1.0347469959242692,1.024250439127066,1.0168017329747703
6.808791083283722,1.0136065465768156,1.0185163580610532,1.0130201191341095,1.035205120408054,1.0349897861795723,1.0328337281233193,1.0168147737839224,1.041727950865094,1.0375966621489847,1.039379541516687,1.0304859033787828,1.0249425951780646,1.035266973407285,1.034826833801621,1.0243795747407598,1.0126412322493181
6.890915291849524,1.0214048142046437,1.0218682474084368,1.0122717472200145,1.0369076347822437,1.0348835177667717,1.03041260781909,1.0233627881466878,1.040001966581073,1.0420456526343962,1.0350671991421088,1.0262613986271183,1.0308633292352518,1.0325936117924284,1.033285138165127,1.025931618646633,1.013161819653194
6.971524708904326,1.0176733635507103,1.0186620374097113,1.017693927001326,1.0426580959958915,1.0363287693842949,1.0337830378624568,1.0128494981197134,1.04368513380915,1.039781597187997,1.031726165141283,1.0265681909020095,1.0278701161489736,1.033592268876695,1.029726411726534,1.0187865709147153,1.0172671592379479
7.049165041651577,1.0212930207594995,1.0209440908755127,1.0170982874426722,1.040706621388031,1.030670552263366,1.0284866860151083,1.0146236439068457,1.0390906641962196,1.0395373158147732,1.032237582314942,1.0240166143710137,1.0225766729696735,1.0350962843198601,1.0366073804854112,1.0264002123620084,1.0137174889608362
7.126490500289947,1.0133408215913964,1.021210184178316,1.0159358167550379,1.0431567788279044,1.0331923712776725,1.0323848560119144,1.020701835302996,1.0330585177829745,1.0391582459536037,1.0299054422405693,1.0276283990329256,1.0299554726051645,1.0350933822067552,1.0323884162733041,1.0261591427400278,1.0191083013159536
7.2050710204057395,1.0181786711007277,1.0174076294174084,1.0133153538829094,1.0369180515304988,1.0412581372107963,1.0302543169831178,1.0186837017114432,1.042558321646111,1.044115928169208,1.0344742196082715,1.0243012511344884,1.0281067945734212,1.035428374302266,1.0390719816434961,1.0241356373445418,1.0174125997963204
7.281454999931157,1.0225434421157948,1.017875028172323,1.01944429915731,1.035592064931014,1.033156675786548,1.037766487714231,1.0214264958113572,1.043457429863344,1.0360613932961842,1.0395093764328822,1.0243242394235619,1.028902056806092,1.0384248052810894,1.0332286664452481,1.0317515504773453,1.0184633366776474
7.358025729190558,1.0125585868600382,1.0171936733337088,1.0143741082366038,1.0352175322890873,1.0334704708994005,1.0323860053015723,1.0150445444734073,1.0437152650710333,1.0389234752004761,1.032214289008951,1.0178980467974246,1.0279678935339103,1.031949629942476,1.0296772825189786,1.0313873120827914,1.0214537579111627
7.466021687723696,1.0190428069956132,1.0159266295685758,1.0133349207128037,1.0385275124808622,1.029084170380208,1.036467738243688,1.024685480522254,1.031849809596325,1.0312448027217564,1.0347762662403106,1.019450982490638,1.0215201266810954,1.0281148140308325,1.0356534679204852,1.0270478694782432,1.0155881157732587
7.545069812331349,1.0117569446135875,1.0241911539753479,1.0154045164960173,1.0388651137020497,1.0308913039102074,1.0347309583232267,1.02304815174377,1.036573085902317,1.0364409902981293,1.029315728194051,1.0192691937871743,1.0235902421387115,1.0315534545118688,1.039563067233502,1.0275286434708502,1.0244196111377095
7.623867124784738,1.0232953432338483,1.0158511058052926,1.011326064647361,1.0409176744868431,1.0292212730506534,1.0231546123303696,1.017300359199013,1.0298734409638897,1.0339858149466967,1.0350053566962178,1.0173039466422353,1.0277623137546077,1.0357608192002654,1.0428317834198972,1.0253829853637935,1.0149728148707138
7.701564542017877,1.0081194074834285,1.0178461181340608,1.011769397565842,1.0433723665544,1.0332110592363635,1.029492091039279,1.0220337790952214,1.0369768130179888,1.032255856558954,1.0372331930740688,1.0236930274195088,1.0208833488793458,1.03567188549045,1.0337048201070471,1.0270361021372156,1.014370756842037
7.790194187313318,1.0124988184053076,1.0118522310102718,1.0159600458580194,1.0332530864246587,1.032285395458432,1.0315164570310162,1.015692120307773,1.0339097889032842,1.030112239795994,1.0342626318520272,1.0264852691531723,1.0302755751605381,1.0357454817167193,1.0357506471321283,1.0206059235998461,1.0160190075419393
7.8712905831635,1.0159801027950894,1.0209631853048113,1.0113712650404665,1.037106756849243,1.0348245452976277,1.0324183853951736,1.0175183464339188,1.0356779706476154,1.031085430468894,1.0344455325732647,1.0265306821542624,1.0194465460906026,1.0310129060817288,1.0357506471321283,1.0245521325296059,1.02361591860933
7.950963729061186,1.0155759423793809,1.0119018849137638,1.0083543746660668,1.0388229762254277,1.0337627248463708,1.0359958705793428,1.0144586590460374,1.030888003154255,1.0381880054189145,1.039744956896295,1.0308535850574334,1.0259331571691737,1.0330523299498033,1.0357506471321283,1.0265287105149363,1.017880953591505
8.030379270669073,1.0147711479595574,1.0160445133530822,1.0066847608266816,1.0335918953156766,1.0307304215801187,1.0367292032072917,1.0188180725319063,1.032561894166134,1.0359688408722607,1.0327486530823644,1.0238008515850474,1.0266336203632076,1.033249766332686,1.031686275470192,1.0291452984567353,1.0229844827970913
8.108490729238838,1.0103737139257483,1.0208068721647205,1.0110968609058688,1.038805380805899,1.0316227149372943,1.0354717073671975,1.018603360838926,1.029808078435046,1.031462635998092,1.0342984629904692,1.0227379181324607,1.0255556799441192,1.0313990043190078,1.0366233477073692,1.031027875741698,1.019368843809559
8.187725353986025,1.0145802528469512,1.0121909654226615,1.0124618916456578,1.0371488247113536,1.0314046710268652,1.0267686929310067,1.0195668238311517,1.034831878811874,1.0299998236119403,1.0344075523109602,1.026673803768966,1.0202809787274325,1.0313990043190078,1.0333507279858463,1.026660878991673,1.0198893253038777
8.266918062232435,1.0118554617761482,1.0158818299547203,1.010573175716455,1.0453893158669658,1.0298364136789944,1.02944584756676,1.0192428835532668,1.035442632546116,1.0302092107375223,1.0357174190199139,1.0241206963311313,1.0254110033668775,1.031949629942476,1.0354070604328023,1.0254154089514098,1.0208044079959406
8.342642603907734,1.0202035893764716,1.0200534185681522,1.0147049658910292,1.041183281929886,1.0325905345470199,1.027808008989416,1.0167893203512894,1.036430033310618,1.0341369793314132,1.0350735167616147,1.0249331626613167,1.026774890855596,1.0295505543404009,1.0350062574932883,1.0222435566621315,1.0155120412685674
8.444997999351472,1.0062254828818247,1.0221591826931078,1.0176026460101029,1.0401173838028355,1.0267403961969672,1.0287414152182393,1.0142246280862242,1.034590341447053,1.0314991423712854,1.0296822542359274,1.0281714442408094,1.0258108309091474,1.030195092369632,1.030492310936173,1.028553186603389,1.0207976172368418
8.520122479181737,1.0134948090126739,1.0122189651218612,1.0116740146922434,1.0386527015115345,1.0268232841528455,1.029705652860414,1.0230402414505555,1.0300388280427948,1.0317205894149892,1.0398694858766413,1.024287712953544,1.0225508467635862,1.0317397886230268,1.0309990782504854,1.0297196739128724,1.0153252453275836
8.595446771010756,1.0104974595918064,1.0194489823111104,1.008463322788644,1.0389892523002169,1.0383814596131926,1.0310167235667034,1.0175560685702003,1.0310612529550764,1.0428252974888714,1.0295040634091337,1.0189048773957852,1.0279965942903018,1.0339043222819078,1.0329133595048412,1.0220833622483494,1.0157572674670532
8.681901999749243,1.008229866432213,1.0162418011961063,1.0107050528857913,1.0370052083544066,1.0272867785780786,1.030708187158517,1.0226852860044857,1.0346679631560167,1.032694667493714,1.0348547003131623,1.0241713642647046,1.026300274101258,1.0369822062047638,1.0353160333728497,1.027928375301213,1.015690856621641
8.758182854391634,1.0121502377747458,1.0123208284717218,1.0076633880164,1.0389892523002169,1.0377105182046282,1.0241526713348768,1.0226374688668773,1.034590341447053,1.0381880054189145,1.0335808901499364,1.022101031722541,1.0261517427906877,1.027892697567579,1.034836939062926,1.0220581843174774,1.0211187105219721
8.835908875335008,1.0150458875752062,1.0154454522144536,1.0123277067118481,1.0388760517674684,1.0405654964907722,1.0299069306681834,1.0192409880574869,1.0359283097680536,1.0347317191509373,1.0381928603430761,1.0163536152656985,1.0234388727845851,1.0319696308794264,1.0360881389425474,1.0230339863850504,1.0235942827126645
8.91636739578098,1.015636669868651,1.0147236378518494,1.013238077198432,1.0419226628114286,1.0403760503415254,1.0257975711830305,1.021301471519695,1.0353399753017507,1.038729066202899,1.034480751780311,1.0236550957836508,1.029474757816237,1.0361538866527527,1.0384632335881028,1.0364112235434568,1.014770715948568
8.993751437868923,1.0063012096754698,1.0150216545219581,1.0100439864866888,1.039187907867129,1.0300963316279026,1.027547835535746,1.018623796779811,1.0359620714030773,1.0349316042418977,1.040690415119704,1.0189997446595926,1.0237307084441618,1.032151491888343,1.037557829076142,1.0211867163501571,1.0227355387930692
9.069141499698162,1.013795420302218,1.0194249680287848,1.0123542258789895,1.0336587093267573,1.040690521785816,1.0323361959947766,1.0170751377027625,1.031407833320199,1.0369865865780457,1.0410889548337634,1.0286550389697622,1.0266384488654448,1.0362016904771858,1.0361074105646013,1.0273754289462567,1.018286058273447
9.145206436980516,1.016514223395356,1.0183221816424397,1.0132082111682015,1.037135443470379,1.0316079375622964,1.0342772164384124,1.016966369985156,1.0384981450218207,1.037141698895727,1.032683091355649,1.0302954375750977,1.028397534604773,1.0363980450089598,1.0357029350690323,1.0228492468793406,1.0109573856166392
9.22018747869879,1.0137603088238076,1.0117156278136548,1.0144914226539041,1.0387039015677209,1.035513272619516,1.0250965059343462,1.0216116580909818,1.0370224180791385,1.04243090844452,1.0386598356079322,1.0281596105298523,1.0307090257030767,1.0300513863212069,1.032085266148487,1.0277745259207172,1.0149915683141812
9.32851927075535,1.008803695776132,1.010120399658888,1.0184376799235249,1.0329388361098344,1.0352166208626277,1.0281707942351581,1.0216547504141067,1.0358031431341577,1.0369495282553698,1.03409513123316,1.0212566102124954,1.0261103108202645,1.0352764741802924,1.0375581065134813,1.0258714860095326,1.0150501929933993
9.405574791599063,1.013609729744663,1.015060825867406,1.012568491605255,1.0439935823336413,1.0352166208626277,1.0327100235704647,1.0157722879035767,1.0393424210566062,1.036145161885959,1.0411108066338384,1.0228906185891522,1.027148747566297,1.0339043222819078,1.042437855199189,1.0268701368649171,1.0158170008523562
9.483329666312784,1.0069515066382473,1.0188001196872725,1.0124635528380161,1.034187794751126,1.0322451136082245,1.0299890793536604,1.01942014095796,1.0358660648995153,1.0309299336751196,1.0330202892206495,1.024889576550361,1.0258431185434784,1.038918906963424,1.0367534336274742,1.027228883972915,1.0141201905474497
9.569256541319191,1.008260879722929,1.0136007753962737,1.0138637558988126,1.0422078918216826,1.035512408250657,1.0317068636501356,1.0188175283128638,1.0314684399051715,1.0378133999321242,1.03848345798189,1.0217855239510714,1.0240671332931583,1.0345020129341966,1.0368707484149953,1.0293034195953108,1.0211450401865576
9.6460318332538,1.01529879987728,1.0135619344647713,1.0137508557652577,1.0405819058308683,1.0326258251460794,1.0303074786708402,1.0251550585412479,1.0387646060799653,1.0368258100563597,1.0333465228649885,1.0170395428408459,1.0257644002164334,1.0349911979277924,1.0426852075828439,1.0287997364559773,1.0175520771810496
9.726772353984416,1.0185435519194082,1.0174041662779045,1.0147810202934746,1.0377287345390338,1.0302864581245263,1.025327220211927,1.018775213736222,1.03801778702819,1.0374365376814638,1.035568065540108,1.0237212713233075,1.0222196299509354,1.0407110669402382,1.0375111238386923,1.0264802979783487,1.016072510915084
9.80507062515244,1.0136054674913524,1.0117491363506281,1.0093569015930046,1.0355533928281444,1.0271503960427144,1.0282549268176722,1.03014424099453,1.0378397648675888,1.0404678866996608,1.0360689624636807,1.02504348676309,1.025034393149892,1.0352759018848938,1.0374384789490716,1.0267073280272918,1.0192034620640846
9.887597271241248,1.0184134682585062,1.0235067790526935,1.0131355762152114,1.0339214969950228,1.0389091716959638,1.032205729846068,1.0160251130904112,1.0398119140424877,1.0330080732075035,1.038970863259451,1.020866227211012,1.025020760988021,1.034102534983691,1.0416787738277211,1.0283303921336322,1.0162584952389957
9.967118729371578,1.0133842305733773,1.0174002979699266,1.0112373750200994,1.0369651035342686,1.0326889779944526,1.0298159066184709,1.0197134664423901,1.0370423283278802,1.0365721621660509,1.0334614671396132,1.0236725996765978,1.0262220332123626,1.0381466452678456,1.0371241225428558,1.0275325033725053,1.014672779317765
10.047079854179174,1.0172322509839113,1.0132609889006503,1.008899908808491,1.036644336905301,1.0376191632256946,1.027333292811499,1.0167894944513987,1.0343336499398288,1.0395211492418897,1.0342702952376517,1.0278379219825933,1.0211818934539652,1.0351576485440501,1.0400169074694803,1.0278653501272987,1.0138913995771284
10.134203479159623,1.022363324415059,1.0120897587052964,1.0110103328292495,1.0370118681638283,1.0367439797666198,1.0391614656073827,1.0264881947230813,1.0354978668213324,1.0365115822812416,1.0441048897823348,1.0233818389150835,1.0278134556481884,1.0385625307250244,1.0389249546342103,1.025506422870449,1.0144354231805273
10.212366500403732,1.0206632947083736,1.0142454795941844,1.0133350395760883,1.0327892320642644,1.030614547044362,1.0360212388223442,1.0216839656584302,1.0308221990905986,1.0365115822812416,1.0339291309390264,1.0201826878971183,1.0224175925740477,1.034854414169156,1.0418944106084045,1.026648275553536,1.01079734533187
10.312583020888267,1.0174923852656377,1.0105502089549303,1.0065650254786058,1.0390476595997415,1.0326320712103259,1.0307152201953178,1.0176742346531844,1.040977914024766,1.0374813726988648,1.0356534805767337,1.02640947265213,1.0178179604283608,1.034854414169156,1.0381667372615906,1.0261899220241073,1.0202178979847787
10.388855645433068,1.0145543585100076,1.0105004565028508,1.0100152603712094,1.0418797833640343,1.0350984939001429,1.022784250824282,1.0224670080029032,1.034601258124695,1.0387378043377398,1.0342459583894525,1.026324898330278,1.0242294503165825,1.033296888141277,1.0388617583258302,1.0237658885369156,1.0160887440773556
10.475755312945694,1.0100364297943834,1.0174576047721928,1.0102183587574467,1.0357102068909136,1.0363013757610997,1.0349380885192734,1.0211085073397255,1.0398456551268305,1.0429987187146041,1.0396646607948543,1.0193976446729949,1.018192306064147,1.0413295655493409,1.0389249546342103,1.0267073280272918,1.0160189841854854
10.552660729270428,1.015144571278214,1.0219154151548657,1.0159893130612065,1.037027400661679,1.0346370595636023,1.0266905160576998,1.0257938897380745,1.0364227355989366,1.0358713437943818,1.0350166629857418,1.0220606928507838,1.028044676648177,1.0287595799942895,1.0419520259037438,1.0258238103006976,1.0119654308649573
10.631014978978785,1.012174736630442,1.0161950886021864,1.0113805102432778,1.0335396236693923,1.0360745600811534,1.0294999107827942,1.024058951821115,1.037486985604669,1.041590326657408,1.0418136701533611,1.0230933778390052,1.024585350392586,1.0287103098857187,1.0375786373836453,1.0220272960830554,1.0156551203610134
10.709779646247624,1.0180675681632696,1.0162611779174495,1.010499276615848,1.043045750742415,1.0365130130353861,1.0190385201675418,1.0205180888266094,1.0356450759795277,1.0368346794986905,1.033507426450027,1.0213682633309178,1.0241911872662228,1.0382817297831988,1.0377683878861301,1.0237551099903723,1.0159281991628633
10.78656785422936,1.0132147397179767,1.0159518249832629,1.0074523249803533,1.0315893331614874,1.0368933201640045,1.034721182039797,1.019357440517256,1.0371371686514212,1.0377651892269584,1.0321513482909463,1.0205658410910765,1.0196575363350433,1.036633922355745,1.0390785312145379,1.0268177867666473,1.013943126088047
10.866335354279729,1.0155914807517625,1.0132609889006503,1.0100304044435624,1.0410291490990748,1.0343560412938733,1.0286436201439408,1.019357440517256,1.0385366207065065,1.0377651892269584,1.0317487701523336,1.018281587515304,1.0181930442335534,1.0383674856414307,1.040317677217354,1.0301236792776025,1.0096359958100458
10.945745437871665,1.0155419429377046,1.0162611779174495,1.0107912333696387,1.037736932242965,1.0358694486693363,1.0249378097878499,1.0207294757922336,1.0355979374249793,1.030043232547157,1.0344857878678506,1.0307280409797253,1.0253092108514534,1.032082357849416,1.033713038489523,1.0283503011946618,1.0177382830962816
11.03148310398683,1.0135303185699938,1.0220176025760006,1.0137972504011559,1.0419053187467964,1.0313249705192893,1.0313693616249895,1.0173191010619425,1.0298312764329856,1.0357956542253706,1.030123275476176,1.0251104515030278,1.0232421835568868,1.0384115643489282,1.03295427697357,1.0305595271282397,1.018657313639694
11.109604541677982,1.0158487673530836,1.0162611779174495,1.0151767089811286,1.0385370375289331,1.030048826324906,1.0273554658963753,1.018446821999168,1.0406027996010916,1.0417673788345314,1.0375782960187154,1.0266956997276697,1.0201883511343708,1.037389545837665,1.036630713187607,1.0197796845742435,1.0201274112991134
11.228577562607825,1.0147293278075664,1.014528413728843,1.017577663897911,1.0382471609224904,1.0394325946933498,1.0328756816203184,1.020879926522076,1.0366072331598333,1.042542545740597,1.0327521031092195,1.0224459074744103,1.026765054555478,1.0309378077448708,1.0322617107960037,1.0273923579153863,1.019120182575413
11.315826791804284,1.0115277179633817,1.014528413728843,1.0129780779217132,1.0378206140056598,1.0352167156899585,1.0303573222731228,1.0188005346276872,1.0394572049420545,1.0419402774819988,1.036594889659009,1.0219688186235947,1.0253092108514534,1.037414157937725,1.0341765318892506,1.0259816321762658,1.0184384189799902
11.394789249636233,1.011944325650237,1.0241729510668238,1.0154103638624692,1.0319254352203835,1.0292471384550455,1.0274003586734213,1.023465474054725,1.034097247619214,1.039555585059959,1.036777219962119,1.0215815647100241,1.032306368445342,1.0359208849617876,1.0348194479780206,1.027256557376211,1.0196979339621646
11.474159582983702,1.00706375365054,1.021568475280885,1.0157270170806278,1.035446755667191,1.031888824429154,1.0269393508871847,1.0191728872677843,1.0316116981151238,1.0343186096310477,1.0313964485890608,1.0178635012179988,1.0278005971567272,1.0350066584738058,1.0401437849311277,1.0230198232099825,1.0160350026636131
11.552518187556416,1.0130311659628013,1.0184249477959322,1.0118863478071678,1.0428596132153487,1.029237077140696,1.0277792402915837,1.0196596904315363,1.037486985604669,1.0406413870855986,1.0363147439776743,1.0231419835230255,1.0260447131673158,1.036358303935495,1.036116673850618,1.0267095881245278,1.01903761930291
11.640261416789144,1.01675104548423,1.0201577977872474,1.011597915676089,1.0369026474579763,1.0324813321234296,1.0304976825725185,1.0253867804267287,1.037592627030197,1.0431484102217634,1.0363147439776743,1.0208907655652406,1.0213501560224354,1.0413257987087967,1.037565002723279,1.0245359085073271,1.01903761930291
11.718800603877751,1.0190635021385248,1.013800054251045,1.0165980008418274,1.0342042469962631,1.0356245224428142,1.030980011642238,1.0212752259640265,1.0333172583956434,1.0320874822011492,1.037200847794129,1.0262703106436377,1.0327433815986837,1.0369318292746015,1.0319409082212925,1.027289886851836,1.0177139452507564
11.796882708091289,1.0130232105892747,1.0169974268413586,1.0113370979753944,1.0377971325009925,1.0328537020173305,1.0303271778225216,1.0199424473486376,1.0402079268321138,1.0326010994710357,1.0360283620295794,1.0264018629178617,1.023859925017506,1.0391642159566248,1.0330095748075314,1.0235072384467474,1.0135825761141066
11.877856229431927,1.0115886526238211,1.0183063083115793,1.0139175511002554,1.0365185011244633,1.03308661521004,1.0309823856300264,1.0255980268928355,1.030331256713862,1.0349632440374323,1.0336269615606641,1.0242601993974931,1.0240544458101901,1.0375336007912463,1.0341442891686634,1.0262291153349756,1.0165149091055772
11.958058999385685,1.015223324828471,1.018304051537606,1.0122145180172142,1.0364961583417056,1.0338445810867667,1.024075651169828,1.0232465183686528,1.0369701993730576,1.039698026194891,1.032071886761771,1.0207071323193528,1.02944432943342,1.0357066048299703,1.0361726494267514,1.0265206368241029,1.0245349528049559
12.056453624274582,1.0096194786087953,1.0094250199702248,1.0126385839684604,1.0363659533704428,1.0302074310575222,1.0310622086457606,1.0204741794161185,1.0387569168704194,1.0359751283501806,1.0320876747339869,1.0291111311174352,1.027233334317645,1.035179424313922,1.0334483068526792,1.020171597971618,1.0187723966798836
12.156109624542296,1.0055690023571269,1.0187460044214358,1.010388670931183,1.0427541333282675,1.0352135467434105,1.0237482036371366,1.0203027393302155,1.0354690658557424,1.038204043726495,1.0305540287982644,1.0233134049175443,1.0250563311270566,1.0423542024810486,1.0373985421984737,1.0265639580989938,1.0236238768130366
12.238218562677504,1.0154638822535835,1.0154994862694036,1.0133127594466742,1.0349622653289419,1.0304286187109066,1.0324958397561044,1.0223514267239113,1.030772868531919,1.0394454739791346,1.0344993038114514,1.0260560233552942,1.0218457541130674,1.031181470652729,1.0373440889908616,1.0262016403317376,1.0179565903538426
12.316902041900905,1.0149516711617375,1.0137643662559694,1.0057430551232462,1.0345168230467219,1.031954700307763,1.0294117528746072,1.021160081918327,1.0383335616413052,1.030671176851422,1.0359907566521833,1.0299856486849985,1.0267305401560851,1.037654609346837,1.0365263797270907,1.0297754991464672,1.0136298226982374
12.394659916870296,1.0098633127870584,1.0161412782761308,1.013194662461175,1.0383717006832485,1.029564286544546,1.0324159265683286,1.0188924467484064,1.0386043030701178,1.0352124607174735,1.0394800725976152,1.0280314571139353,1.0262752398178618,1.0425336257843767,1.0425746924688244,1.0240215976926186,1.0220745852054458
12.472612604033202,1.0108909485830655,1.0160416888830401,1.0132388088566853,1.0363659533704428,1.0317119599777593,1.0301403317841429,1.021573944857575,1.0386043030701178,1.035895561651547,1.0286449114759921,1.0246269920396558,1.0217684978346495,1.0349071217469235,1.0334611981176776,1.02551603594305,1.0203841433990748
12.551349020563066,1.013472704778079,1.0155236211556722,1.01313201157541,1.0364587773306138,1.038305952232727,1.0232673239587669,1.0170751433450829,1.0427168050031845,1.0347242543671045,1.032979444728785,1.0232894347917671,1.0227040237948644,1.0365760149760845,1.035408925114859,1.025313448781528,1.021002014951881
12.63043887540698,1.0095104358945106,1.018127398711516,1.0115730257408213,1.0352318788813106,1.0349887364820345,1.0326477315196496,1.0197135217071438,1.034578313431488,1.038440396966427,1.0370130449842199,1.029211037015034,1.0251981405444173,1.030379763529142,1.037420360908833,1.0284073819200026,1.0217151633081858
12.71632304182276,1.0112427577820695,1.0216237569234017,1.0089267059074574,1.0366550102493928,1.02871012809676,1.0229910858447302,1.0182202604506252,1.033373870930577,1.0310086000239271,1.0318061375059988,1.0268783923996418,1.02300557395267,1.035179424313922,1.0344833619429457,1.031686850885187,1.0198037241607436
12.795263812411577,1.0063502345643567,1.012562168656367,1.011183686509549,1.0383717006832485,1.0291962426872183,1.0286991005323773,1.0197696815747945,1.03538538563448,1.0330765580869041,1.0372671965418292,1.0273679055656304,1.026108936929809,1.0325238843471973,1.043702340343421,1.0247058343609006,1.019197567113518
12.87723408313468,1.010365584317721,1.0219547810678051,1.0054943913252168,1.042070231802976,1.0317119599777593,1.0282611540762934,1.0198548764627378,1.0364670537940979,1.043339272171789,1.0314369310863987,1.0240746914665098,1.0237561726689808,1.0322319524957222,1.034961281446678,1.0306906014575798,1.0230143286463316
13.001963021233678,1.0097844217518468,1.018550266562552,1.0074866249124943,1.0342262350690326,1.0286036460109573,1.0316230442717758,1.019101551216684,1.0371841500232704,1.0382193886775388,1.0353879426618349,1.0256810772957072,1.02852823917225,1.034598406202446,1.0347586937252113,1.0310847260817813,1.012857925788487
13.084860395640137,1.0061688248143799,1.0184495121549133,1.0136753206314615,1.038674284531387,1.0362078646844617,1.0331103742616812,1.0182422632229333,1.0314418542424093,1.034890992469114,1.037362080261868,1.023492798619003,1.02057069614251,1.0311614847896595,1.033575190522162,1.0289837557406945,1.021439715337422
13.16517739649862,1.0154461526290983,1.0171239985561962,1.0108358808982372,1.0410696603832168,1.0309874619641959,1.03079545836668,1.0239111512899974,1.036147723808803,1.0338793056020663,1.0348459946020352,1.028311389257743,1.022779985114238,1.0325755398183152,1.0377017357801768,1.02552782387282,1.01379843459419
13.244439208880069,1.0177590069192164,1.0155858929077635,1.0108358808982372,1.0361733661824066,1.0399719185908778,1.0272294285765973,1.0173177187620184,1.032678371020431,1.0347202586807012,1.0366688140495153,1.0250457868142515,1.0359642137173488,1.0298676186508358,1.0383976580409404,1.0266440572625568,1.0236643484556345
13.327845145948231,1.0120417423797856,1.0140387104596011,1.009547351470272,1.033537731266151,1.0332321171626173,1.0357778415820256,1.0208041230265354,1.0294564133136361,1.0355655139819206,1.0369507605786472,1.0250248599633196,1.0309417938249796,1.0301432605789431,1.0377900307498615,1.0275864386346942,1.022662172614589
13.40761652123183,1.0144120572437942,1.0145912074529913,1.0089989530508854,1.0362137374626996,1.0343697004046954,1.0339032269528512,1.018279772661353,1.0312005435235714,1.0372993867689253,1.0332341885684255,1.0266222832657583,1.026998949444701,1.0349354533458555,1.0370446871175305,1.0269033128609601,1.0199662603790862
13.48755570873618,1.014379719015972,1.022755369046195,1.0089989530508854,1.0416233673370268,1.0352816276974846,1.032122309824463,1.0168359053607847,1.0350353373612942,1.0358843246958667,1.0326285612135715,1.0278921116603248,1.0279278050756249,1.0319906541560313,1.034885918392129,1.028332160880841,1.0168997190682165
13.567730250302702,1.0186056790419917,1.0161542228687963,1.0072682344724124,1.038674284531387,1.032995709578245,1.0296178460390726,1.0215207391877854,1.0367806979553547,1.0353087062698476,1.038594366049199,1.0276637589465856,1.0249669664431664,1.029857109741111,1.0340718508832674,1.0256136805472629,1.011658440298318
13.648269479162993,1.0128781946817627,1.0194420434049192,1.0067132591653478,1.0367339091567531,1.040587559847732,1.0351554858168566,1.01752270922999,1.0355010285598314,1.033091974365823,1.0346512070143647,1.0237465670032406,1.0280130925696294,1.03306765228573,1.0299260266293404,1.0278916015615258,1.0079639457515095
13.728101541753858,1.0177763156188682,1.0172106907627145,1.0135882457199297,1.0429458272788537,1.0360304653070362,1.0324088013694044,1.0202712098847893,1.0322210725073622,1.033952530094578,1.0306772657205885,1.0256085401151582,1.0241416643326897,1.030413715196747,1.0378123063295817,1.0273060612206644,1.0195206909126582
13.86299543781206,1.01860520013436,1.0170575896713565,1.0120111172389648,1.0377905712834599,1.033667267814191,1.0347850036650166,1.0151962225850377,1.0367620940347118,1.0342133180789328,1.0344696853824036,1.032404143853947,1.0201975191417714,1.0334975328562221,1.0320557070612026,1.029456822875836,1.0135167783371724
13.948811291251332,1.0173148716233897,1.012013371233721,1.0063102306518095,1.0361336276292366,1.0364359693986214,1.0352198743919516,1.0151009667366437,1.034491277701686,1.028982130114668,1.032324211560723,1.019950917421544,1.0242537343264424,1.0293359839929601,1.0348446825509439,1.028068770766145,1.0174442592874242
14.03001262433827,1.0132060282056863,1.0174994786148874,1.0158143371875383,1.038533527711118,1.038613321593104,1.0268925112066047,1.0163815313654503,1.0315202952179017,1.0299148104837237,1.0387144968244202,1.0239204843204683,1.0193750575504548,1.029901151481277,1.0348446825509439,1.0275435882077284,1.014510905889365
14.110022375360131,1.0156101618428446,1.0189092226561813,1.0162240773814957,1.030266366251418,1.036241793432898,1.0248870617732886,1.017256117753706,1.0371596138070578,1.0317697093551386,1.035208740905197,1.0257361730129395,1.022274445133217,1.029152990029925,1.0367121459143143,1.0293529234433403,1.0168019241882422
14.190386541653425,1.013875992579153,1.0150325455262126,1.0163246694916535,1.0419353984633557,1.0294621291961121,1.0329664031894363,1.0163218310334525,1.0328983871708948,1.0283083824753323,1.0390809529193203,1.0226273835791992,1.024643668975414,1.0275811213174382,1.0340881344657613,1.0307274399681774,1.016445603997684
14.270583250094203,1.0156485085281266,1.0139057078930356,1.0133529937588774,1.0340865198384133,1.036604937649708,1.0377287512652218,1.0153600836878078,1.0325849273225929,1.0361473256488327,1.0342790413957401,1.0251934744268179,1.0223517576034034,1.03733398765024,1.0322674473767095,1.023408226086334,1.0225933748687348
14.35125902062282,1.0143131257332831,1.0164580614531171,1.0129105994646206,1.037515850134186,1.035160522554099,1.0318649250925631,1.0168359053607847,1.0328903963169378,1.03303889115811,1.0426806702047933,1.0240319685837758,1.0262644707877107,1.0320255981476811,1.0388946302222886,1.029907584218501,1.0191890004240416
14.434344770852476,1.0136233175833897,1.0129434471083794,1.012308281698389,1.036348491742779,1.0316071114589194,1.0259813010235492,1.0205285307375902,1.031589427457116,1.040555517776333,1.0325966977697854,1.0285307225414149,1.0204787074707844,1.0335578915320316,1.0434421998007883,1.0279340080336052,1.0176609958723597
14.517674229107795,1.0102928607711572,1.0156340064689544,1.01024600485786,1.0369475491167395,1.0324961176771232,1.0285291670895425,1.0194737882472071,1.032248783299284,1.0407627321101476,1.0358760547364805,1.028484213178383,1.0272742237947012,1.0333194004923414,1.0386354188583522,1.0306501430605657,1.02041601073583
14.598727270960808,1.0160911971298605,1.018509806461357,1.009904902302598,1.033239399754752,1.036980695365405,1.0350346396240806,1.017318425476636,1.0352391168729764,1.0283011392812247,1.0315228440607365,1.0278077526419462,1.0197491494391697,1.0372108708134513,1.0393281993748078,1.0310198928684928,1.01348908328604
14.688782083801923,1.014145435449661,1.0166295057044883,1.0136878653804786,1.03923745416285,1.0394511196526397,1.028553131562445,1.0207413588305607,1.0384264067477278,1.0325001568899668,1.0428781397903448,1.0257562587568854,1.0247944833263596,1.0310897660541942,1.0401626148832632,1.0319139335962038,1.016696973280056
14.80129272909835,1.0170161779128162,1.0094992975208628,1.0136950669618017,1.0364552116379058,1.0371824373122733,1.0289882915781046,1.0138447619155417,1.0351569963559943,1.03824091265596,1.039137942504937,1.0227034865602134,1.0253653930551263,1.033667692768032,1.036818847795303,1.0302858363395673,1.0225740072962763
14.884051354136318,1.0171599463342467,1.009404089400765,1.0181673362777675,1.0396666845955194,1.0355067018535637,1.0253626749005287,1.0153450245448403,1.0328572830069194,1.0324975284636528,1.0382262842910033,1.020765603723129,1.0244092780196756,1.0310135779237986,1.0439205151200384,1.0226728014163335,1.0179865010202436
14.966490187682211,1.011126573458721,1.0180172215127652,1.0097229778428767,1.0386730980492882,1.0331282558793367,1.0311426091987617,1.0202233475180138,1.0371848584330716,1.034173695465718,1.0376016079876562,1.0326183216839213,1.020099777358219,1.036423227314066,1.0387333240652876,1.0261558100744583,1.0178114077254863
15.048916083294898,1.0126516795017286,1.0162275586312306,1.016255172708643,1.040908163916653,1.0291284917458456,1.0246686009351098,1.0219347241999575,1.0360927219253984,1.0356032914429463,1.038727286501252,1.0263905366462265,1.0267112715888294,1.036672514814515,1.0360281599860257,1.0227733351008839,1.0241466594225026
15.1323229377158,1.0127675912401408,1.0139858374219073,1.008179935514258,1.0428177605161677,1.034818907262417,1.0273657355887778,1.0163172512909102,1.031584858130447,1.0300114755017302,1.0389969481315036,1.02073047147534,1.0295357625508292,1.0399878358227954,1.0414598661699153,1.0266438936154632,1.0182019260130926
15.22397083370015,1.0156599366201093,1.0151433370947756,1.0106505781012187,1.03841561610025,1.0362460144062215,1.0332358154064927,1.0149090007371921,1.0384336383502166,1.0367863080534943,1.0374567965544785,1.022343154373838,1.0295509243864958,1.0375076311402507,1.0333004054620913,1.0265298704971713,1.0206384010860707
15.303379875142127,1.0199677052765277,1.0141113475724306,1.0131838339918695,1.0347131448465063,1.034825747593346,1.030919601885039,1.016696168027139,1.0365884542484305,1.0368109028487917,1.0331571982525918,1.0284659452671177,1.0287910381138385,1.0369538614789418,1.0372786754878314,1.0266227282506633,1.0140462757556723
15.385780687909572,1.0126726400439572,1.019093182912064,1.0168683739480089,1.0336580805656772,1.0360178753493114,1.0340276255555232,1.0172659637207326,1.034941738070138,1.0331673252749431,1.0400613671965027,1.0267723567908735,1.0256510702405541,1.0347961401215915,1.0313407251905102,1.0266509118566705,1.018259697736066
15.466630020644516,1.0202452387870102,1.0088609483050082,1.0113409192249212,1.0404144914940054,1.0368299654716895,1.030665063365375,1.0173159161722833,1.0333980992195357,1.0372877790858188,1.0391352969979362,1.0285722214954935,1.0236762802982178,1.036774528977958,1.0474880999370308,1.0354661611501206,1.0225830824699707
15.55784968705848,1.0133857705534746,1.011914051724646,1.0041183664481768,1.034237968997552,1.0353118479730383,1.0336321670038653,1.0147124213456664,1.0326234559121041,1.0377713618051378,1.0364005130803722,1.0205827452692802,1.0252756876605158,1.0334314476500464,1.0370569484683754,1.023117154081656,1.022268325779996
15.668398479465395,1.0124500875540179,1.0128979583458804,1.015981373074153,1.0340798155641007,1.0363692991563485,1.0252864387512897,1.0169280381539065,1.0315962690512432,1.0309958064786446,1.0364329914006787,1.031212187750168,1.0252626893927936,1.0324519924287927,1.0374182685396096,1.030279768816549,1.0178688790222605
15.749781895428896,1.0165221197544243,1.0160338435689698,1.0110538371935194,1.0346533371763365,1.0398877076016326,1.0276544768519111,1.0209771599626116,1.0297067839174492,1.0318910087041777,1.038440712782457,1.022891336455925,1.0268635707796325,1.0391891869545122,1.034273898572339,1.022114009830712,1.0196431591886472
15.831630437634884,1.0147025399497565,1.013511568600597,1.0059087117863104,1.0360332100794951,1.0380288978494858,1.0309216297026964,1.0121857935444052,1.0281864035341106,1.0347020409377705,1.038440712782457,1.0237835383857963,1.0281224491176775,1.0350950950449278,1.0376780879701963,1.0254732401844668,1.0178056564293285
15.919026979245244,1.0108485846259028,1.0194727658985872,1.0102665313321195,1.0349532115488709,1.0412513471364517,1.024285942568896,1.0167851878655954,1.0315155647946541,1.0315951695568855,1.0404195050682181,1.022229236085986,1.0196975417474978,1.0323748950163947,1.0423973694138746,1.0252132484805505,1.0166476206024246
16.008377395570278,1.0147025399497565,1.0151433370947756,1.0110538371935194,1.0360332100794951,1.0359150580121206,1.034856053001289,1.0131939633019023,1.0274186215622447,1.0396893006168537,1.037696191658079,1.0251751983802917,1.0318325935145805,1.0347628091604528,1.0376780879701963,1.0293166253098485,1.0178688790222605
16.09101368766278,1.014610846320366,1.0150555054391184,1.0107851806520947,1.0356766760771667,1.0378629829296646,1.0300993720007343,1.0168025685153161,1.0315962690512432,1.0333861933738286,1.0367090815402116,1.0276306048878667,1.0261050628275723,1.0329855191329134,1.0308116580122442,1.026352404640928,1.0186485798662452
16.172806395217776,1.0187594919168979,1.0094764856075376,1.012577577917773,1.0332101684346184,1.034542806102049,1.0299521694544387,1.0189782094961635,1.0348812001216614,1.037143835221936,1.039293278944109,1.0267422648322964,1.0304778590415213,1.0297502426092802,1.0431575223745702,1.0232615895840695,1.0130634171218342
16.254423666279763,1.0119905450583841,1.0091778039488726,1.0125530096968025,1.0320288937741675,1.032455223151048,1.0239076695127571,1.0163461591408187,1.0360182035092904,1.0348593086678872,1.0362660463151099,1.0259147351175675,1.0278269759259628,1.0285379851529095,1.0349866311521458,1.0242003315492894,1.0165813256306389
16.345815583132207,1.0130933970267397,1.0148946694505376,1.0157656558071195,1.037884087571309,1.0357959916844317,1.0288409988623057,1.0235261719911277,1.0346550035261413,1.039595970192566,1.0374604536810326,1.0254874341827938,1.0258493573663103,1.0320278417025537,1.036282607355052,1.0235460623332462,1.022560980953878
16.42869212431833,1.0187702441356847,1.0173408431407513,1.016568825726342,1.0359131716101515,1.0325436128376837,1.033009718517556,1.0199498963849885,1.0350577649321817,1.0363974596061447,1.0348723627651704,1.0267860283008012,1.0277230409003832,1.027129525957072,1.0340573230645447,1.0241416683488025,1.0193830659097898
16.54192889574915,1.0121401928927864,1.0151859800863754,1.0126213430814224,1.0356898718095027,1.0304423807757268,1.0273051754718832,1.0177463014525805,1.0366822374097446,1.0447404514025451,1.0429136880307086,1.0266762602138555,1.0256827040952525,1.0354480661380416,1.0418219966896203,1.022723659574651,1.0203437202283088
16.622880375012755,1.0120028457520391,1.014822322076652,1.0121685754941459,1.0333530705068554,1.0325691933738574,1.026903310158292,1.0154329880659092,1.0389621901269346,1.039075278239601,1.0334772464747797,1.0251922201007913,1.0267133538168116,1.0343821063245826,1.039080902691593,1.033921719679887,1.0209918582699438
16.703806020785123,1.008153254057673,1.0182584295136596,1.0192419704213058,1.0453351142647769,1.0287535444414861,1.0321431384957003,1.0177623490629313,1.0362677475234308,1.031852299833226,1.0325736437556396,1.0253666913232455,1.0266785129467961,1.0309624682260288,1.035828629593751,1.0254238431968918,1.017152988229595
16.785848854109645,1.006335314658387,1.014822322076652,1.0142893224015759,1.0342764159860436,1.032418527202994,1.0315590453233265,1.0173318368466755,1.0370713121013913,1.0407938433441688,1.0342071935937098,1.029403110152068,1.0250551367113279,1.0317107052696877,1.0314417862807328,1.0217577284590886,1.020644312211472
16.868603041395545,1.0169001221120861,1.0226721354069828,1.0179586242532574,1.0419731285429334,1.0339144812343237,1.030659350918995,1.0235785382906444,1.040991652442437,1.0409599999932684,1.0358215105036421,1.024229600859786,1.030299319297572,1.0317274917201227,1.0405065064825214,1.021747026780026,1.0214018858358034
16.957598354201764,1.0142785995719947,1.015789678253533,1.0151073646906519,1.0421105325559277,1.035836497898809,1.0352500879649167,1.0185630038962772,1.0361574488150187,1.037547092287446,1.0372113648742094,1.0308542716890523,1.0296114149826927,1.0317107052696877,1.0377921615169525,1.0255803247009232,1.0165372312029384
17.040400145575404,1.0144417244849975,1.0163598866569152,1.0146828639139005,1.037183611986877,1.035401447850796,1.037571762928548,1.0249409773498275,1.03312627641125,1.0356348300388485,1.0314915049307687,1.0261965680650247,1.0242965412170066,1.0318398739446422,1.034805932793194,1.0277073142236441,1.0192271145606202
17.13235054165125,1.01153297922871,1.0107638508561672,1.011139896825822,1.038606572030904,1.0322061190793967,1.03086446366203,1.027599684287839,1.0298975324103243,1.0392118857979913,1.036123018661533,1.0199429865380982,1.0237150010272436,1.0250182926912004,1.0377876557255763,1.0294108548829601,1.0182537404566825
17.215061000082642,1.0156984904423652,1.0152006987363513,1.0081089746373644,1.041175851540806,1.032135895409896,1.0294959834351054,1.0202890154965971,1.034161833359138,1.0378214316947685,1.0322741645023434,1.028167062323779,1.024692239162889,1.0332902357184661,1.0365657629129923,1.0273636339452092,1.018731164826293
17.296191812492907,1.0126335261529409,1.011400857484452,1.0106131463669326,1.035201031767559,1.0318793340095844,1.0276456004845254,1.0201811199288509,1.0347493524276432,1.038440944576708,1.0415744202417545,1.0285807402116711,1.019032488726194,1.029814691145643,1.0340304210773605,1.0279579544303186,1.016194619425882
17.384101124946028,1.0082121288407593,1.011865866705017,1.0100072838279797,1.041275229952902,1.0353507411163785,1.0276753686506328,1.018881458673936,1.037453857345315,1.0345359056954215,1.0414352219313356,1.0200370497615634,1.0252455205765363,1.0316372941749383,1.0397788608207676,1.0294295280753891,1.0213308191533264
17.486176791600883,1.0090005398566118,1.015982873442122,1.0199886587983757,1.04450689502957,1.0331142668545934,1.0316661374003084,1.0175154158260893,1.0347787383283789,1.0370802773159862,1.0324737660792778,1.027947303512236,1.0233986270270945,1.035672362323971,1.0402795195001613,1.0288264902204454,1.0241033333847884
17.573957583867013,1.0083970315212114,1.0157378036273237,1.0148590662650214,1.0397241306091807,1.0400178478496693,1.0331116346042275,1.0137221264109089,1.030466675418777,1.0428226894693613,1.0375449868416302,1.02969193888801,1.0216471728199898,1.0339010373749902,1.0321672634785863,1.0281513827509277,1.0145837974087364
17.65596254169941,1.0092048834634946,1.0207489651848698,1.0109762427794204,1.036036853310455,1.030176878306438,1.0296613087280082,1.017398123067675,1.0365031550263557,1.032799519578299,1.039449711404989,1.0278889757066705,1.0255632223952023,1.032703526335376,1.0395730269116172,1.028510913892866,1.0167425319531926
17.73766962531954,1.0154725029910139,1.0154504329846143,1.0168451718722493,1.038940772862887,1.0329016432735272,1.0347423168233136,1.020313189476151,1.0363401713104357,1.0346794845050864,1.0357811051714636,1.0226326004207082,1.0209801054590415,1.0386277034265554,1.0385215858617345,1.0271931685980062,1.024711852082358
17.819379271008074,1.0143720011587694,1.0148461540910363,1.013972763769415,1.0427672099244427,1.0365035314060935,1.0269390019221942,1.0184660464531516,1.039092550036199,1.035248225052587,1.0360936747257168,1.0278299210283324,1.0252181004534981,1.0313120131258868,1.0366936934918383,1.0278244531624268,1.0123541560989382
17.91857310431078,1.0123537348735998,1.0093573432598661,1.018572718807099,1.0365521868222296,1.0322489009718288,1.0317288216442122,1.0223887516545103,1.0333347128236956,1.0408949749717116,1.035045496413942,1.0288786981719247,1.0218393971246955,1.0377044606575085,1.0422779609944979,1.0285709030408658,1.015704101128099
18.008583166636527,1.0128694556806672,1.0118769787094744,1.0122840688338945,1.042874199546493,1.03204674767605,1.0304604178185188,1.0182717520017568,1.0362176336408313,1.0365873381466133,1.0368196093204556,1.0239642552172377,1.0244348916373405,1.0346281785687086,1.0392263263816242,1.029120569349101,1.0240842118720985
18.092871374450624,1.0096493230210482,1.0143100987953124,1.017376144899647,1.040185463441729,1.0304548895236911,1.0302645884870187,1.024591057070794,1.0376494237333984,1.036600133518556,1.0361296785957963,1.0242243578609034,1.0195709626030856,1.0314386696103641,1.0384709183382403,1.0200972788514315,1.0153635336684737
18.177557750139385,1.00648536523268,1.0143003260814087,1.0137093116347657,1.0358696528452949,1.0356444062094177,1.0269150764903592,1.017489196830469,1.0378401462588487,1.03474793127012,1.0412273805317602,1.023599579410983,1.0268189001697936,1.0320969955981494,1.0395740647683172,1.0267644562272424,1.0160578217383271
18.262998812366277,1.0123332754102528,1.0139995285633163,1.0147328948587424,1.039367561443998,1.0370711135841215,1.0296686950301697,1.0222020477050942,1.035330989201125,1.032225066397448,1.0353235690352933,1.0211263462723523,1.0228193066403626,1.0367338240550104,1.037515667189709,1.0184859135666189,1.0218606675505524
18.37149979127571,1.008399123744671,1.0149202927547571,1.01688007249718,1.040380056233891,1.035454550304764,1.028728248072668,1.0149220832505275,1.037794902069767,1.0302667215055055,1.036115922584927,1.02693226485016,1.0237676941173808,1.036104835830357,1.045095635931048,1.0218020720723147,1.0184389887129728
18.44715204136446,1.0143660702483346,1.0170915772209772,1.0176862013167678,1.0377981646835994,1.0401473136974653,1.0262501380490672,1.018124369414872,1.0411999943178578,1.037669209728558,1.0363143658858613,1.0268670343025728,1.0175594464737736,1.0416755180702835,1.0388321276905326,1.0283601459201195,1.0193324354129654
18.522674500010908,1.0066445218830422,1.0152686840732306,1.0198366941260486,1.0418386943519287,1.0353642837459685,1.0269882369937111,1.0142523396196532,1.0384450315853624,1.0412906130007187,1.0323106878105435,1.0261761139228507,1.0172038959028,1.0336247556873315,1.03722917062413,1.0292587206720907,1.0203208503144634
18.59678147919476,1.008100814849014,1.0142418387752143,1.014751923622701,1.0370845119828922,1.0330932010792793,1.0279986901596756,1.0254980398881508,1.0324924077886597,1.0342854330467939,1.0384540456504063,1.0261220496184194,1.0196485995282156,1.0292934642314246,1.0363207044527531,1.0255352877587351,1.0184967961753202
18.682715292088687,1.0176282776761627,1.01314749894144,1.0178048874391874,1.038480289304703,1.0404343412798405,1.0315896600518208,1.0183402661266479,1.0381694309411464,1.0411508330806705,1.0412007686609739,1.0277423717542225,1.0200655538080603,1.031855123628169,1.0360824138061315,1.026224701694025,1.0250460070701242
18.76336070848629,1.0155085426628947,1.0173348909262532,1.0070809314895397,1.037015956777596,1.032299970282335,1.0346354103097857,1.0161991058872444,1.033539090692007,1.0347317928246038,1.038008004771023,1.0294989463385134,1.0264411041996235,1.0336917442780824,1.0334652672178415,1.0251012632069083,1.0140814688458373
18.84032464539632,1.0126323294619874,1.0135665304084225,1.0147383325723416,1.039817962780101,1.033058687251889,1.0329031978677594,1.015896672376075,1.036305537801082,1.040862364103175,1.0380274791991193,1.0271866090571968,1.0251935989211296,1.0337399015312478,1.0383559446128412,1.027529377201962,1.0163877001919293
18.91849312512204,1.0084356179826772,1.008346564600831,1.0127577296961379,1.0405009180894742,1.032416762497038,1.0278103160790637,1.0198177439034983,1.0380407014607695,1.0398683606847983,1.0388030126020718,1.0241128609843937,1.0275108758541143,1.0276221226665472,1.0365455018130734,1.0233798621588732,1.0181800381319523
18.995470541529357,1.0120765792086268,1.0108180444178074,1.0136926828884518,1.0288084773560964,1.0374679975028962,1.02934515907125,1.0176469002143085,1.0346022775114052,1.038728885173883,1.04079509067786,1.03035130378755,1.023485261683453,1.0350037787237947,1.0347173719448768,1.0254666376135035,1.018228981490957
19.071241562254727,1.0117107841695852,1.0119284085234042,1.0142180398443341,1.0362630890482287,1.0352503332154348,1.0304284276026177,1.019124116127126,1.0337767276854277,1.0306324919586636,1.0374035693189745,1.0234884877094823,1.0283977920731273,1.037906640329378,1.0367493799936094,1.0295358387178744,1.0232545071863637
19.17997366655618,1.0073604702858705,1.0120576522827294,1.0175568731294842,1.043670160093315,1.03301517426981,1.0260013482167583,1.0250174899171298,1.0328948797838295,1.0341615135748394,1.0343430485078016,1.0272200621647627,1.0230367761914585,1.036291488332691,1.0395760806486534,1.0211587529991348,1.0144931802059216
19.260941416490823,1.017603887861074,1.0134151825605846,1.0123969168026068,1.037330894216843,1.0324640195132095,1.0300233519323039,1.0176111966062837,1.0363258956245733,1.0392423747499038,1.045285116404939,1.0304987387971731,1.029299135465686,1.0337930526934762,1.0379002784394011,1.0205732240633199,1.017983891003397
19.337110395543277,1.014509270451818,1.01949753866978,1.0083082981550713,1.0389879695092956,1.0364869062559081,1.0361754601408342,1.0182670172758292,1.0354317591213094,1.0361545340309635,1.0350763620171406,1.0252397352635003,1.0267992779821549,1.0375883807341717,1.0365575738747361,1.0297972490967673,1.0230447401972915
19.423700291197747,1.012865648116904,1.0087478756571264,1.0053953098828272,1.0364506093590027,1.036314123847814,1.0310039236845472,1.0210806586607795,1.034562103383862,1.0404699572509843,1.0371010997191565,1.0268583038883228,1.022821691776846,1.0304097440916644,1.0430411585482593,1.0247496602968624,1.0211902427430521
19.499905187170953,1.015000362870026,1.0168062806622122,1.0104629086180357,1.0433959708464526,1.0328790723899683,1.02668725511829,1.0199479270695049,1.0346022775114052,1.038464405753283,1.0356125461527816,1.0267421875838798,1.022235518106523,1.0343008101934075,1.0418526699790047,1.0227896070520979,1.0249984068903502
19.575977041386068,1.0128738498248464,1.0191860471796432,1.0075227361984087,1.0409775792236473,1.0339319003821577,1.0316176773173593,1.0225638793825413,1.0406253514612056,1.0370727546344325,1.0360180076857055,1.031035898041402,1.0276892650062828,1.0355054182814913,1.0437781840109714,1.0291269766688145,1.018701664461736
19.65167412534356,1.0171745940258659,1.0154983246924945,1.0149604790023847,1.0372120513934193,1.0366359645399266,1.0344757665242739,1.0123317200364876,1.0352021656740922,1.0319501151663206,1.0376050041950915,1.0285946380454964,1.0218250631849453,1.0319789071821124,1.0350186727317525,1.026724722009476,1.0139954399252675
19.728542229160663,1.0133979448713528,1.0113605057501567,1.0192430985135732,1.0419147730651297,1.0305570479972235,1.0262748259770502,1.0191787414706452,1.0363258956245733,1.0334459003114285,1.0369640339687138,1.025852126097855,1.0199858601917058,1.0343645271436481,1.0402907712972231,1.0317207028845883,1.0243573868973186
19.804954561870545,1.0187920773345083,1.0140066704697035,1.0188155298134651,1.0346291519474518,1.0350277876658815,1.0308190276412468,1.0222238453342025,1.0356922841460168,1.039648830988745,1.0351373201003418,1.0251459975655002,1.0227103037929333,1.0333553049614062,1.0355787447504357,1.0268122170886136,1.0197544196169555
19.88365775020793,1.012285236477404,1.0149406411380435,1.0198643312527278,1.037752470138581,1.032704075244199,1.0252378137052298,1.0194865376071314,1.031021512149638,1.0346122869451373,1.035834291790397,1.0308099902670191,1.0279307094558872,1.0321927775407969,1.034103892333416,1.0280377785952637,1.024493330323773
20.005055645480752,1.0152849435846025,1.0144123485446763,1.0143168028429135,1.0394016344961854,1.0281218704202564,1.0352322688471294,1.0194865376071314,1.0353805375769465,1.0356338047978144,1.0318368256408068,1.0321015631279835,1.0268422283994059,1.0361623005524094,1.0372702995756247,1.0340558526760895,1.0182192746242889
20.08688099961728,1.0090025200473112,1.0095219854141928,1.0135996213649103,1.0357494900636162,1.0291167676720567,1.034135113379266,1.020026968148463,1.036623390457252,1.0378143285953465,1.030429827009241,1.0279912480342086,1.0222807163144974,1.0405253849996081,1.0392262036562772,1.0276239014351392,1.0221044626044995
20.175110020674765,1.0104308912485864,1.0133102025256877,1.0164003254227345,1.0399294045832144,1.0335901855456522,1.0386318457122814,1.0194865376071314,1.0339261414571383,1.0404455786747673,1.0386910107193712,1.0272820363856625,1.0286434143463872,1.0359056599278187,1.0379246950639658,1.0283527838540538,1.018701664461736
20.2657347288914,1.0122984442491125,1.0238381298461132,1.0079469431676653,1.0411095171652922,1.0303631566572276,1.0316176773173593,1.0256723766963596,1.039004753110743,1.032857775485619,1.040186784122111,1.0270676630164135,1.0285856255624988,1.033095776505656,1.0396781909884607,1.0222810835019351,1.0148752592648864
20.34152274997905,1.013731877421156,1.0156042104032708,1.0140383543329214,1.0422410988490187,1.0338445469860689,1.03218366003246,1.0179501649557121,1.0352076869775504,1.0375201015764453,1.042191108215165,1.0251687703957075,1.024841734105305,1.0287108608179454,1.0420113103512791,1.0277842816398302,1.0162132832924926
20.417877541389316,1.0154757064536137,1.016538452755048,1.0167452106853467,1.0421713886667916,1.0349080217664046,1.032506968916058,1.0145355950553712,1.0343624626833723,1.0350490637445031,1.0380161310430809,1.0273418468669517,1.0260507796664886,1.033708321922618,1.0427400575081172,1.019346517842566,1.0121866319645125
20.493651770986617,1.0150472377471849,1.0162333718176912,1.0128557092087775,1.039463827375538,1.0328263376247653,1.0296055124918935,1.015292440864174,1.035056350247673,1.0339808773723784,1.035072345276506,1.0271226432088902,1.0249535721121337,1.038407214673533,1.0385223787557758,1.0271102098408558,1.014824280153177
20.56575956288725,1.0166724603216895,1.0125052347448342,1.0168787530176469,1.0421649596345208,1.0347241092143236,1.0329777995713674,1.014936645802017,1.0330621326780356,1.0344738110182485,1.0386186708747958,1.027378484990422,1.0220250691539832,1.0359620436009236,1.0376504858143023,1.0207065742791805,1.0148708292441657
20.63795647956431,1.0127259512442806,1.0127009675226883,1.0069375635828637,1.0446940433783596,1.0311801291858327,1.036367253084868,1.01676127081339,1.0343257818252385,1.0313969225515396,1.039391406222659,1.0224826471784247,1.0253368528616689,1.0344086315297465,1.0406241619070251,1.0262026258304624,1.014824280153177
20.71078152069822,1.0106214828141746,1.0206219498283473,1.0152273719580978,1.0357980769830457,1.0326393245860805,1.0353283049826267,1.0173709299166744,1.0364801753580308,1.0365731192345933,1.0398355659473628,1.0277103147028566,1.0203905592474034,1.0341319613490998,1.0353562444582294,1.0279878187229012,1.015561461031862
20.78348139533773,1.0095936545957414,1.0116836802133051,1.0205647717185706,1.043724794764287,1.0338396563166588,1.0288953998368278,1.012776426091223,1.0319292872463133,1.0370405562066811,1.0346145044088266,1.025279996816216,1.0232908285177746,1.0337058740267964,1.0408475869637768,1.0275489245725766,1.0193692969157853
20.91601793700829,1.0103247837355955,1.008848997073107,1.008613516370662,1.0411166710934845,1.028520793841138,1.0273609007481,1.0140018316428754,1.0359818256376014,1.0382582441161776,1.0323966294670472,1.0261905726791203,1.0241025104410677,1.0351065260082373,1.0373091043783336,1.0298877477810995,1.0219529121559874
20.990929229184985,1.0093225192980666,1.0132546534501798,1.01093875368389,1.0455247896475113,1.0371453884419504,1.0215779886009893,1.023479384226232,1.0383357843906882,1.0362558542051872,1.0381530285461489,1.0202657066177818,1.0211074608857484,1.031234977027119,1.040419175945502,1.0214947910632126,1.0239419852829852
21.064924478996545,1.0101046873648782,1.0165476139763567,1.0128248850964117,1.0343132674625108,1.03371458883008,1.0321114130883167,1.0214871999822752,1.0351330442227573,1.0363886814805563,1.0415488474866406,1.0240446541467874,1.0236327913245509,1.031758085740483,1.040471061061902,1.0268719508987871,1.0216451539626656
21.13694614544511,1.0068234819525788,1.0135203950591094,1.0097639817060724,1.0433385710618004,1.0291588420985924,1.0308900573752626,1.0198866601107859,1.0356832971163685,1.0360856892121826,1.039262284285028,1.0269583835925218,1.0281133397312217,1.0350411553746497,1.034592978082237,1.0275881726220297,1.0229398295968597
21.20953083364293,1.0064471155074204,1.0132546534501798,1.0128248850964117,1.0373460735841675,1.0353089387411303,1.0304694200403515,1.0193530486248321,1.0316309680689293,1.0354681448982426,1.0390730462699742,1.0251687703957075,1.0237453919202169,1.0407480477866917,1.0410426029169375,1.0272167668595964,1.0216451539626656
21.28384062508121,1.0102623968007867,1.0187201057176452,1.0119648497719542,1.0374041755201935,1.0353089387411303,1.0293238380606127,1.021790909205062,1.0352272298561134,1.0317189970101734,1.0333340990059823,1.026194186999552,1.0283232324689788,1.0261984222062157,1.0353018615655323,1.022584555595227,1.02706660448139
21.35815095808357,1.0143019979004295,1.0158313793471394,1.0140293665413975,1.0337338439127282,1.037786384572559,1.0275210925057685,1.0197323354880639,1.0403012783622803,1.0360964206320467,1.0374028548461922,1.0241351850438125,1.0202006111328552,1.0307641738062203,1.0390254996365413,1.0267251354167715,1.0240974367341187
21.431389666628093,1.0069770564166636,1.0218652878919936,1.0133543528759033,1.037014699760476,1.032904387024873,1.0252195338995593,1.02349518328446,1.0355562074016118,1.0370405562066811,1.036044404571422,1.0208669486082436,1.0283165965855228,1.0391066612308644,1.0350972499952977,1.0217002931175987,1.0278638644082119
21.50401037512347,1.0137228311616862,1.0155923569094845,1.0165623244616526,1.0348948810355445,1.0309221458110231,1.0230960296481626,1.0186687388808926,1.0339081935408354,1.042279608000274,1.032877123923718,1.0250213413609048,1.0250996496383902,1.0356717727017093,1.034647474534649,1.033254633581514,1.0196783609950688
21.586893583647907,1.010457121007245,1.0158468309606108,1.0133873297642138,1.0395459381069818,1.034519553123527,1.0308900573752626,1.0202847270418942,1.04007792194934,1.038923939114849,1.0306678868239276,1.0274340470714214,1.0260476478890477,1.03165734854444,1.0388372000576858,1.0259088073953764,1.0171294604750019
21.69019864546135,1.0052436396746933,1.021003785860764,1.0175338051358158,1.037337307536099,1.0303741034573188,1.0274654822454776,1.0255192195246072,1.0353804791471295,1.0425917749193252,1.034145219666788,1.0224127316680705,1.0244409906844474,1.0318778778314697,1.04152082313537,1.0311195835748275,1.0216319440326225
21.763282833155245,1.0141694912885586,1.014112322238928,1.0111067204165298,1.0378041352966003,1.0288585317712249,1.0252418488964268,1.0202847270418942,1.03233653767093,1.0324282222942418,1.0364855668630557,1.0255090092286026,1.0227840361757987,1.0370425780122396,1.0383018352892384,1.0264133490866663,1.021272109749881
21.836418541613966,1.0155240958559022,1.019585064862562,1.0128248850964117,1.0328274441013605,1.0333444914358982,1.0234551099158762,1.0195471334226547,1.0338695476443764,1.0369879935914155,1.039183195424849,1.0295094305087382,1.0178037948707583,1.0360563774648328,1.0418899541621969,1.0254695653653767,1.016081749025806
21.912565395701677,1.0106719002438105,1.0138633880544219,1.0088099219186004,1.0315665347171343,1.0400301006539434,1.0332278879075405,1.0228112635554694,1.0352272298561134,1.0391249437133634,1.0359916369034903,1.0261914642448489,1.0220389901807345,1.040780384133768,1.040918827106666,1.0224249959388958,1.0201036417054261
21.990264603868127,1.0141278253101527,1.013499713463493,1.0146330136487915,1.0311523421025457,1.0317007000116811,1.03003993671279,1.0175603462970657,1.035027703448752,1.0386815912632754,1.036529947523163,1.0213658133945949,1.01997225601137,1.033473715534803,1.0466100514903751,1.023834358390489,1.0212100953369538
22.06535506248474,1.0128499822504344,1.01612707470332,1.0145124164648365,1.0415342859932055,1.0302612056978908,1.0267871910382291,1.015246464764794,1.0393261824976516,1.0363173453611505,1.0291723027969901,1.0260776891520322,1.0199207062652191,1.0370790292747316,1.0370214743893615,1.0259211573268852,1.0198315027662572
22.138601729180664,1.0078365870590045,1.0188165325093936,1.0148262054823107,1.0370073408391272,1.0357335200301774,1.0312277194111832,1.0215335109144548,1.0387106518482359,1.0374020713046053,1.0377717164656588,1.0237648046980359,1.028580187234279,1.0334303051980152,1.038025333079852,1.028013292184483,1.0177361166802867
22.214599791914225,1.0098897955791275,1.0142784638261992,1.0070972545869712,1.0345719269094842,1.0376739098073275,1.0336019975462376,1.0167416711798178,1.0391441806187067,1.0356525465078361,1.0371576512573817,1.0162521159614983,1.0341155892740554,1.0306496481963483,1.033900010892937,1.0299962510196008,1.019292255198232
22.295761458110064,1.01168662930118,1.0111256713229757,1.0159106515038874,1.0427808582926532,1.034029100160696,1.0323078543790418,1.023742801539609,1.031367489174071,1.0409537960826245,1.0370240133486064,1.025569037968374,1.0187345195975681,1.0408357478009316,1.0375592607655206,1.0263604735146452,1.0210790917785324
22.37351585412398,1.0104434257358126,1.0082730062304863,1.0111414818591626,1.0392330309661382,1.0312295733470043,1.0315249651079845,1.0203467346873643,1.0364805387003875,1.0378411241389152,1.0330600481935743,1.0294055990420348,1.0201708710217507,1.0329396935833077,1.0418147863815954,1.0288065802257138,1.0235121367599136
22.474900270812213,1.009038463047479,1.017268016963767,1.0171504442917925,1.0397422841652166,1.0338074848654837,1.0305745680323968,1.0202361245577394,1.0319158914796378,1.033457872658948,1.0336801048408901,1.0269723030114366,1.0258109941554985,1.0353236597819675,1.0438499982947713,1.0261706910764246,1.0179820575232814
22.549057354219254,1.0077135630750642,1.011256911097215,1.0099712426701548,1.0398277612390943,1.0392857418258648,1.0358200296234632,1.0214775958911744,1.0288004532412294,1.040226513958053,1.0407794859982022,1.030308287366203,1.0179153974770991,1.0342668297186561,1.0356831024559778,1.024047718926709,1.0175454985154664
22.622147729154676,1.013376774427183,1.0089016026491007,1.0158088598614237,1.0356133630979023,1.0320109488360607,1.0271291699383809,1.0209549548886487,1.0364609599689287,1.0390929755469995,1.0362367827504042,1.0261493717750572,1.0232105140751615,1.0347908192651887,1.0419226894399582,1.0268478756516084,1.0210091602517108
22.695638770703223,1.0162751399773147,1.014657869476987,1.0128208315580762,1.0331393392219876,1.0370283892723786,1.0271888427647902,1.0212175282748617,1.0360869053865498,1.0354114305129147,1.0325053026632178,1.0269868158928968,1.0286361111070434,1.0312926587134945,1.0377787746594767,1.022047480869771,1.0117991956755372
22.76962758321315,1.006873469566016,1.0152740588229252,1.011827539287315,1.0341453698633885,1.0396886328926098,1.032938788130563,1.0239808144884897,1.0400772103372349,1.033650571444104,1.0427047630663149,1.030444748148848,1.024093099326474,1.0333468372482555,1.0389388249780227,1.0300713321510933,1.014792618480728
22.844366271048784,1.0047707649440583,1.0162645464141353,1.0158431129554892,1.0415877648785552,1.0329972746938918,1.0287859951399643,1.0219931549265127,1.0328268911182013,1.0375175136812278,1.0420293495805442,1.0210910992219147,1.0260137634650144,1.0306785390271436,1.036803848429795,1.0288014416320226,1.017092820487941
22.922345166560262,1.0168209164111734,1.011530685206711,1.0123623819686107,1.0364748711775955,1.0356982885040207,1.022749625687651,1.0224294173078312,1.0370117576096398,1.0353688881450542,1.0304868904387665,1.0236373375876433,1.0280868336236069,1.035801997739516,1.0354780721396926,1.0223941459863115,1.0182637486109873
23.00593337509781,1.0121623852412667,1.0166786775911103,1.0149796835186022,1.0377941326821356,1.0369775270851351,1.0260337549263387,1.0216148086508803,1.0358146136521538,1.0414092099883645,1.0324468973912753,1.0260104879544323,1.0234360314230315,1.031955855194074,1.0359124867691811,1.0255669990702327,1.01793324995272
23.08082772884518,1.0087506556083985,1.0189762894891428,1.0163168175112671,1.0382540400763305,1.0307777394448154,1.0337355453053214,1.0152623216033123,1.0320199682917754,1.0392565612080553,1.0289317745066524,1.0308331552794385,1.0299703529727953,1.034389829230087,1.0412391011667048,1.027866589965168,1.0181785091999729
23.1540294168517,1.0085039476997284,1.0170712648916111,1.0157778642147273,1.0381230145104183,1.0333337866430479,1.0327476713760078,1.0211587432621583,1.0392691480200762,1.037218558350617,1.033351231451036,1.0207790801313794,1.0260953091187934,1.0359072403859926,1.038116976763296,1.0255180757493774,1.0192313292958461
23.259306895546615,1.0122786505560852,1.0147738816798366,1.0150755514557688,1.0364089453617389,1.0370287689114437,1.0249879623735911,1.0250707267808912,1.0356959191436492,1.0378070836609548,1.0378996171486299,1.0251076954034433,1.0264582045763664,1.0340700090473574,1.0390914443914987,1.0293816802059295,1.01991595237422
23.332655979320407,1.0139247120233972,1.015395073829009,1.0155892032842144,1.0326998317634553,1.03504814879693,1.0271291699383809,1.0202852591345912,1.0370117576096398,1.0375175136812278,1.0336801048408901,1.0269227198567898,1.0244844665175066,1.0302885475481633,1.0379724612222436,1.0235206396161125,1.0171086002168084
23.40600372897461,1.0099069835499623,1.0154059089642302,1.0103288914288866,1.043318307431323,1.0363797456648667,1.0304143447625331,1.0192815897251144,1.0350633482129186,1.0418332052388575,1.0354938774811826,1.0242785560419263,1.0307503460948435,1.028467125903253,1.0385824872461988,1.0261325381287019,1.020217399482077
23.478756645694375,1.0131223760656316,1.014664706881626,1.017457220639034,1.0436536918673704,1.0349458834403462,1.0282708614552498,1.0178002228346372,1.0361024963126217,1.0362787617302458,1.0372844679085336,1.0286356092105784,1.0291020740305756,1.0317907153660804,1.0437240764082358,1.024219303792305,1.017402673661424
23.552031583618373,1.0161134522135429,1.0154580298008913,1.0125934912035748,1.0387066919762598,1.0427150139867196,1.03083176617854,1.025167356383013,1.032614257660302,1.033768115994042,1.0350494102795487,1.021353138197642,1.0233297047986014,1.0266674129494897,1.0395309341100045,1.0300444311441983,1.0165000857537763
23.625803895294663,1.0139282081744951,1.0121310841982198,1.0173743474483297,1.0404134223433175,1.0321147971753342,1.0329491479939292,1.022206829248014,1.0369905298611544,1.0406384908405308,1.0353026184805805,1.0250725491842796,1.023484245532595,1.0349419788512393,1.0366047923111281,1.0292007532916216,1.0177701646382669
23.707964583300058,1.0165200249866755,1.01005432565986,1.015895062979135,1.03819649558276,1.0327794262026224,1.027447729648407,1.0182051478882588,1.037033878057722,1.0339870886440001,1.0341915017126597,1.0277702079686606,1.0302341500090553,1.0301588984758854,1.0362549185412613,1.030109066316775,1.020248375617159
23.782808562275022,1.012315886078938,1.0128617032671068,1.0138506703959969,1.0379245063660127,1.0364835728734925,1.0285080501620112,1.0210878990503491,1.0348310000649157,1.0373593494778623,1.0367379991495989,1.0242634515129039,1.0294698496685486,1.0340357322980418,1.0344525985761788,1.0248763741068994,1.02357881229302
23.858537374529988,1.0131600169781283,1.025221600884618,1.0146057600045484,1.0445669423539132,1.0374183907758086,1.026007480763516,1.0109182989331862,1.033012532439091,1.0363317967779069,1.0357029202747305,1.0221010689806802,1.0255421353549499,1.037442469869745,1.0373344122841441,1.0247379430289252,1.0153064606128301
23.936156291980296,1.0136201869082424,1.0151103574245295,1.0110176637304975,1.039799620235885,1.0305060987788957,1.0327114744891719,1.0171034331451057,1.0340079183899038,1.0403341652601574,1.0400360105250397,1.0286931586101318,1.0201760173310712,1.0350188305920935,1.0347635529139134,1.0278518690259841,1.0137383445634802
24.04872129159048,1.0109247749901678,1.0178988131905293,1.0173414892629078,1.0397920919903736,1.0354244851409942,1.029922608735114,1.0170575034655334,1.0362124925726606,1.0346754823730173,1.035550304899818,1.0293717548630525,1.0274529209984822,1.0353167093662803,1.0379901175550847,1.0290272741271316,1.0223687513361668
24.123968312051147,1.018927030067042,1.0095249066403484,1.0122208319925954,1.0413003286843554,1.0339172615658274,1.0303659337333726,1.0167824138408976,1.0350235557973273,1.0373043816034204,1.0352117199146091,1.022943307178621,1.0237192340012677,1.0306711465979428,1.0348786966264125,1.0308853139559042,1.0233357400998115
24.19925277121365,1.0085529711326389,1.0106922939972356,1.0076593403820855,1.0353416687117751,1.0348674673065286,1.0309349706766582,1.0170575034655334,1.0347208609784546,1.037402698007892,1.0354273201718098,1.0249172064450187,1.026702156615207,1.0288324170585765,1.0387886295836062,1.0300908196461764,1.0173475594633237
24.27553170826286,1.011865506550953,1.0200788556359064,1.016092136047325,1.0446869704979524,1.0287088077659017,1.0360953350248185,1.0163808842099715,1.0392653075670086,1.0363633419422078,1.0327041873017389,1.0243681540479763,1.0193554134603007,1.0323031616618439,1.0359626452070887,1.0257003261955913,1.014734672466668
24.352974958717823,1.0152250075629696,1.0076130065577953,1.0112707341098435,1.043886503452862,1.0280301453350535,1.034970873244294,1.0140922100779994,1.0345752352016702,1.0365360139774544,1.0336339419256968,1.0211938981666107,1.018896179680839,1.0378900764763728,1.0351742918650584,1.027650205866586,1.0167842812794063
24.43737470824271,1.0131599543539576,1.012991388344788,1.0159382778890742,1.0336509800330376,1.0353603431624148,1.0348433142952054,1.0163550675723367,1.0362859843521701,1.0391035925438765,1.0347232231701273,1.0258975462078397,1.0294170378961565,1.036902410820935,1.0348972466804442,1.02566178133139,1.012645840189747
24.513418874237686,1.0118148795808632,1.0160204442980638,1.0146758485363703,1.04329268946791,1.0340541760280564,1.0325208508694088,1.0190014282143827,1.030372337752028,1.0335127924912735,1.0331608564136892,1.0247678993845837,1.0269325761501407,1.0287748401566572,1.0403666051527782,1.0296175883918985,1.0187490054995485
24.58892891695723,1.0191212569054864,1.0210112256415234,1.0066417510963226,1.0436063975145375,1.0385063702724353,1.0311841884376987,1.0158582778821967,1.0375874910873089,1.038386530749836,1.0317760211996072,1.027545274523885,1.0238103688702922,1.0377556650725737,1.0347410509568113,1.0312653558632454,1.0201351616736551
24.66503472905606,1.013354132492717,1.0201126743748195,1.0033822713907194,1.038140754233058,1.037485800274573,1.0350529601351401,1.0187302836801608,1.0386952478604836,1.038859476033999,1.0370259241345017,1.0268392649779898,1.0275165521161447,1.035311589282557,1.0344315236694064,1.0319997063031674,1.019656703114891
24.743068458046764,1.0152339865758255,1.0152271229100902,1.0044865266211005,1.0450156610538275,1.0335564159443678,1.0290462266945986,1.0208882151876302,1.0385541687810156,1.039377878866464,1.036454647672554,1.031387421069458,1.0250072562273342,1.0417476852336285,1.039187872979446,1.0283781420217015,1.0163004829627822
24.85169491637498,1.0146433726845971,1.0151796518513196,1.0098084964111746,1.0404946537395698,1.0393427177764623,1.0296676238564213,1.0230646986744476,1.0380396260405864,1.0336403969824288,1.0328625586568205,1.0315747815105862,1.0287824262639937,1.0302770184425039,1.03600727349796,1.0208156240282833,1.0179738830104819
24.93023793771863,1.0053525243804784,1.0256216467573693,1.0097893618368632,1.0345029788693252,1.032442952081726,1.0331420792950021,1.0241540510797054,1.0390357778574293,1.0376551553010633,1.0342470420375207,1.024135657638461,1.032333934958783,1.0387491496000096,1.0359457040484557,1.0316189810648166,1.0229611954241546
25.008856437634677,1.00930859930655,1.0126734888622724,1.0085205916693274,1.0441167774300868,1.0322712872627555,1.0279166358303722,1.0180943028913212,1.0331624226544054,1.0385222864880677,1.035939057572015,1.0291490208520222,1.0300084597504615,1.033216463226225,1.037381463995099,1.0226420701863668,1.0228981180911214
25.08530518738553,1.0123854703600608,1.0083399252416203,1.0129023693718835,1.0399450503174688,1.0336474680267804,1.027374944947509,1.0145314117172448,1.0383227340080086,1.0321536868461239,1.030867976013238,1.0274896458032814,1.0275165521161447,1.03953580002164,1.037381463995099,1.0265136646979498,1.01879350594384
25.16948466654867,1.0171264553468058,1.0155970661789213,1.0135820932689894,1.0367171888492281,1.0405529890228362,1.029908454262613,1.019623208279611,1.0311085497556243,1.0360001619469204,1.0396694139202083,1.0283125978603316,1.0319457112516304,1.0361133315484736,1.034257769185141,1.0272621447543968,1.0120645457447284
25.24649447947741,1.0137061030453165,1.0124660798735945,1.0128720921614405,1.0370451512463665,1.0359877571829392,1.0277816338602,1.0136301316824903,1.035722895541272,1.0360879759430541,1.0326907874149203,1.0247313075124787,1.0273669087680528,1.0322184706697255,1.0341888011782676,1.0216628460658765,1.0171998138533227
25.340211562346667,1.0192121397107523,1.009631276828009,1.008384497317829,1.038140754233058,1.038071892744165,1.0316488654845133,1.024040218905154,1.031139365120416,1.0320595315195096,1.0352042430090982,1.0331945210424553,1.034605007469435,1.0380929916446917,1.0362463658941414,1.02619601289008,1.0171110617226007
25.41349675040692,1.0146490086568767,1.0178755187065078,1.014809443449673,1.0413605489962052,1.0418627878486397,1.028470129462628,1.022665418865499,1.035385231288469,1.0368976109899308,1.0367036742046132,1.028401965200491,1.0299163998233825,1.0399786264220527,1.0379350390166482,1.022218614135089,1.0169519942236998
25.48861639620736,1.0097770942272013,1.0185935712865006,1.0128561900198259,1.040957353001557,1.036451320450781,1.0347312182042483,1.0147784743038557,1.0314425384441976,1.042362981553732,1.030617650622107,1.0258263629419395,1.0287691395093217,1.0349803874055599,1.0370477527116293,1.0298864448762026,1.0179320572203414
25.59541166666895,1.0137061030453165,1.0142279384184438,1.0138446834574861,1.0389683382940533,1.0373461779774387,1.0297875869810345,1.0189261252672388,1.0336793852484407,1.043010719295689,1.0363368002303395,1.0254812539277085,1.0249284226698716,1.033816428221054,1.036233129706049,1.030549886352917,1.017504249702038
25.6707107713446,1.015186969974665,1.0143280268446817,1.0169104498796575,1.0358563683919353,1.033201535035713,1.031865943010407,1.01767107278091,1.0297990620310797,1.0429646139552537,1.029447972466234,1.0281365538105667,1.0309008250234377,1.0378062271325434,1.033163854945703,1.0277953827477886,1.017504249702038
25.74623752105981,1.0196746093641842,1.0185514034627852,1.0132584638421671,1.040154174113884,1.0371344245006677,1.0268232132285033,1.0135760066525688,1.0399138630381644,1.0375140702033014,1.0348954361649898,1.0261949802768362,1.027193912715184,1.031447598597745,1.0413022608077411,1.020943702355718,1.0207454514007894
25.823366104159504,1.0046630509016772,1.0141608068891355,1.0099904311658117,1.042401398124999,1.0360015910920364,1.0256128024123974,1.0260537020014007,1.030424127372795,1.0372759536439433,1.0312378893745315,1.026107638259274,1.0251690818179438,1.029848512427677,1.0401861764199414,1.0279655211366352,1.019288988472192
25.908936937339604,1.019186347781897,1.015934057692839,1.013771012376525,1.0370887787643326,1.0365997220780991,1.0249000876829728,1.0232963664566606,1.0378665131536409,1.0438250577074628,1.028262494116424,1.0238618855011328,1.0282396333553248,1.0322184706697255,1.0370477527116293,1.0279655211366352,1.0212962579228317
25.990301520563666,1.0196196954076506,1.0128510704841054,1.0137852196677681,1.0445826669132519,1.0353802485384909,1.0277171599688726,1.0228619781858705,1.0277333757619045,1.0341637660238563,1.0356850045061892,1.0288480061813114,1.0223082040004645,1.0324777347069418,1.031813043421977,1.0269499208111443,1.0171335402560502
26.067768666427583,1.0158518464482544,1.010762269798546,1.0208595936589497,1.034503778661365,1.0323684517576501,1.0317472223230808,1.0183702877495657,1.0341205335076868,1.0392624353167057,1.0394531125743725,1.025111809414956,1.0193442763869252,1.0315041031316892,1.034668187158536,1.0264894732514194,1.0189570925555105
26.144175187218934,1.0133679363727692,1.0173070668807425,1.0126625890652585,1.0394158709063168,1.0357571103424734,1.022354766183385,1.0196379942848466,1.0368775799130165,1.0362052309022225,1.0310237241691487,1.0276688731894759,1.0296287730683176,1.033816428221054,1.0315651400814088,1.0283731177328315,1.0191476349436894
26.22049945825711,1.0183519493235431,1.0210543128903824,1.0102159131104533,1.0402649193990847,1.03894612297593,1.0313946776390381,1.0195522379735968,1.0345240172277486,1.0389085164587182,1.0346682360822193,1.0263490732042229,1.0315168224274098,1.0360466261898427,1.036607080256103,1.026272090305448,1.0176791801311953
26.32674025045708,1.0108852034651543,1.0178764395074853,1.0114093861569744,1.0427712596480467,1.0382710524504528,1.0315451768532773,1.0145161559829696,1.0341907453013504,1.0390387028350938,1.0324804959525629,1.0270851403349788,1.0264702948505333,1.037875013010337,1.0366309903395559,1.0288988456857429,1.0176791801311953
26.402096833102405,1.0169004125576875,1.0140979978356763,1.0200145122474238,1.042269204974196,1.0338753987105136,1.0263277218294675,1.020200699700031,1.0347211123326345,1.038334250138772,1.0316034389308855,1.0248974624300076,1.0256419107117722,1.0334529566975843,1.034008778212098,1.0181198393702802,1.0232033563909997
26.477552104275674,1.0118539949481113,1.0090979768794914,1.0195268072945045,1.0410556469721886,1.0351191470709495,1.0266205333876397,1.0173241233445838,1.0322819177358906,1.0335892575745094,1.037567359939669,1.0242056988146513,1.023663369788842,1.0335598545109457,1.0373628651144333,1.0270784657372245,1.0154949861747515
26.562830729410052,1.0107902944949536,1.0167906804557312,1.0117852882681986,1.0427101725360068,1.0367280653352742,1.0307538954067776,1.0240087859986142,1.038595513827096,1.0429755708767814,1.033680376746138,1.0228750420991395,1.0205122177550565,1.0331531134690302,1.031799089447709,1.0253722785186579,1.0206182423769996
26.63817381253466,1.0127545100960096,1.01455103772802,1.016841795826774,1.0408752597339237,1.0281810720692044,1.033285529995618,1.0194269950152255,1.0377209776221277,1.0358300811300765,1.0370086941599161,1.0318338190814758,1.030425213897626,1.0305627036746787,1.036938682086508,1.0227573552796003,1.0187546191006671
26.716293832752857,1.0093461432590394,1.0093391281638022,1.0199866751517999,1.0384080701974525,1.0346778781972314,1.0317132956748585,1.0259339188900247,1.0347186540627078,1.0318893903689144,1.0398488533494479,1.0273667152503299,1.0228869676654593,1.0378323820098516,1.0299242780095959,1.031073254169554,1.0231449930834757
26.792925270739943,1.0187131964727514,1.01245001776859,1.0121157066545328,1.0390977792148837,1.0373463473008182,1.027530470319764,1.023533445643224,1.0411103851105175,1.0429668393024372,1.0341107455523435,1.0273667152503299,1.0214502832291483,1.0372485099210413,1.033213320546473,1.027513647778684,1.0141851808692333
26.86896412493661,1.014198494467663,1.015012146881333,1.0146314319544776,1.041512300984512,1.0356887280050684,1.0304649455602841,1.0229095856709653,1.0379153165723087,1.0415077584112606,1.0348002675389645,1.0273914842097198,1.0187168758348815,1.0374558782419907,1.0312857839210667,1.025848557606791,1.0188197573054163
26.948116437066343,1.019356709265003,1.020525558947131,1.0113527835492562,1.0429414259782743,1.0286224186166484,1.0314349866746784,1.0203163861529743,1.0368775799130165,1.0379496244756439,1.0374292102340092,1.0273914842097198,1.0230132805186165,1.035204179720212,1.0311445128805687,1.0287561562147933,1.0188788095637504
27.058899333234876,1.0198322742535386,1.0172415414980414,1.0138221864578292,1.0349054769317751,1.0357263745943561,1.0330845477443669,1.0202080890203662,1.0386897806086446,1.031890580416147,1.0363776172877057,1.0247872375019709,1.0239813699775526,1.0343310989776666,1.0392837939760138,1.023235109150643,1.018821452526189
27.135072270873938,1.0127058074594493,1.014214806132216,1.0134117764074106,1.0338125505186382,1.0350511606642376,1.029305145625321,1.0181420272796706,1.0425455444989455,1.0340881280790744,1.0365547120765246,1.0258724523842635,1.0270740014062585,1.0316385326541782,1.040978221031965,1.026680663395679,1.0214733937620988
27.222982374951243,1.0152746119447067,1.0108069137336118,1.015809515655497,1.0322357867771341,1.0346778781972314,1.0308282824539776,1.0214910674912778,1.043421785012054,1.0279446452773267,1.0371112975621462,1.0267204252342645,1.0213900149105528,1.0331055569505183,1.0317381445490512,1.0303301784311754,1.0134997410199533
27.30069329123944,1.0131373332220914,1.0152619934990177,1.0144423528733073,1.0387225654237258,1.0312913063296034,1.029570199536668,1.0223938484852906,1.0373188518012748,1.0343856914946734,1.0341898558982459,1.023868901548402,1.020023983734031,1.037087926047195,1.0384798012252519,1.0215733342952562,1.0149106201597207
27.376788854133338,1.0158165117849545,1.0148088432125553,1.0101804992231265,1.0384313301405286,1.0356222830078916,1.0266867898314036,1.0257840826531304,1.0328940280266397,1.0378153841840874,1.0315561747006872,1.0257784972619939,1.0228720675907765,1.0372084905519352,1.0426326849535725,1.0290357544837916,1.0217006742152497
27.45188754191622,1.0169206179423889,1.0134571829526444,1.014468753893793,1.0391580403119984,1.0335924834816015,1.029898807925137,1.021956398789058,1.033798258207739,1.0417675963081567,1.0348461604300712,1.0242464471776658,1.025926102452094,1.0355185470019626,1.040040788335845,1.0284563850102477,1.020245679179492
27.52819075016305,1.0222760909007154,1.0174201251794572,1.0190157007994305,1.0375801799943662,1.0305901373725812,1.0214386307476921,1.0184417733168711,1.0380852503907585,1.0361836660354653,1.032200246484193,1.0264601116771948,1.0262722641992184,1.0399671521633043,1.0447130370853726,1.026117512565242,1.0188631971382476
27.60402987524867,1.0145693589632603,1.0206642208382506,1.0104967279343557,1.0384180031165275,1.0336708129547643,1.0244865469684532,1.0117166542526077,1.0416296272161736,1.0415355020437325,1.0341837294787013,1.0210989074796848,1.0226063845679647,1.0367276321896481,1.0395112479486204,1.0265286627020374,1.0190752859171914
27.681643708143383,1.014358985108608,1.0136677809254235,1.0071178622683448,1.041892143733055,1.035510486509306,1.0247925279206407,1.0138737481640885,1.0310452714031153,1.0367938613384333,1.042484163062101,1.0269240512273552,1.0278132948617797,1.0330096074609605,1.0395112479486204,1.030297407773441,1.0154306843504814
27.790747229475528,1.0119035108729872,1.0222118264149234,1.012130472712998,1.0414916761496618,1.035426861113016,1.0293510980137348,1.0198862621253078,1.0300762489303623,1.034807148180704,1.036832901246847,1.0215604392657252,1.0278648408566726,1.0329251585665495,1.0376300747217448,1.0314575766581533,1.016213828601111
27.87604260398075,1.0139756949998833,1.0143509122072039,1.011541563441481,1.0399022652441,1.0310688468825,1.022393196022848,1.015875388906682,1.0380650768831112,1.0392909322483885,1.039346547518593,1.02742989021868,1.0203915434819364,1.0299483124424231,1.0372794175254942,1.0238199808320771,1.0197117210583493
27.956661750096828,1.0206676329407438,1.023132060608767,1.011249465325663,1.0411842483932885,1.0298342475126772,1.0263445108775815,1.0153824391753903,1.0340407640436622,1.0338003096300354,1.0371493715279314,1.0243394684112572,1.0200621703261454,1.036540111711026,1.038920526872883,1.028901492611797,1.0243348913504082
28.034911249764264,1.0152746119447067,1.022520862032632,1.0104967279343557,1.038210385555402,1.0327519218975243,1.0293886675599468,1.014151694340693,1.0358725326031253,1.0312045645963022,1.036832901246847,1.0246836370103256,1.0238352749044117,1.0287708450850976,1.043497654950723,1.034685094604604,1.020031483180347
28.111470145639032,1.0169633080316143,1.0201352271252127,1.0117962094979818,1.0385130015143498,1.0377537716981173,1.030701163901248,1.0236616229537925,1.0370400700817834,1.0374581249349342,1.0386415460209217,1.024821912359827,1.0253595379672593,1.0360625602612146,1.032013896093443,1.021738910520456,1.0223333936193837
28.186978083103895,1.0148162288384757,1.0227464464055573,1.0142654815393,1.0376419921375002,1.0330306656816732,1.0272616912239607,1.0147051281042863,1.0308735681511154,1.0339408466377338,1.0382169595284902,1.023825114940436,1.0301726389508745,1.0354679070877428,1.0386523711246771,1.025852790596705,1.016807342513412
28.26225429121405,1.0192138897770497,1.0134335910580365,1.0104967279343557,1.0321571912350498,1.0319340481889911,1.0294731328164317,1.0170378956905604,1.033957262412015,1.0365671952388282,1.04051308698192,1.0291777312563717,1.0222697274259205,1.032669939707642,1.031944973265702,1.02802986941609,1.018272886796572
28.33856156282127,1.0110631433287272,1.0131912981539084,1.0125294836423195,1.0390329882792786,1.036372727907891,1.029578248013468,1.0200190750597327,1.0365947213128632,1.0422626080852175,1.0380976306719079,1.0299759161470978,1.0225686151676767,1.0307740384287147,1.041580277353952,1.0280719873224649,1.017491601199692
28.41503935400397,1.0120590699485295,1.0173411571396473,1.0088243974795352,1.0385261894164355,1.0404533117070895,1.0283559717837307,1.0205859439454679,1.0308452069876923,1.0346594271094998,1.0331104493361063,1.025332653590371,1.0257353123715822,1.0318274862755428,1.0352476184098982,1.0234214693129806,1.0159720495741373
28.541294583119452,1.0121236810851544,1.015801168072382,1.012130472712998,1.0385261894164355,1.0404079034837193,1.0328372745522973,1.01325767459217,1.0404841654728763,1.0362717697062895,1.0403647471272652,1.019674523619223,1.0253609979673126,1.0349323873770961,1.0404173241637233,1.0245890811877327,1.0133317644890767
28.619930083397776,1.0133819817012006,1.0153964886687483,1.0179918730326316,1.0385261894164355,1.0397391273256966,1.0288947610151007,1.0127774391181914,1.0418195971829591,1.0410841541174567,1.0404391862983817,1.0279854303604974,1.0290590472776409,1.0370312834138509,1.0295657772527285,1.0210711693574992,1.0248287004999315
28.69979802099988,1.0072728661752066,1.0139822702849064,1.018275168512753,1.0428792546058516,1.0337863283961894,1.02550563518201,1.0169719810578857,1.0342133425847295,1.0408789144343984,1.0311219046245053,1.0246500989261627,1.025875634847051,1.030989941846162,1.0315095346900738,1.0267094399602918,1.0169242040126292
28.77731285430491,1.0148800154880482,1.017524995755254,1.0115273346622062,1.034201827603934,1.027905439281345,1.0341031483807668,1.0189584981172373,1.0382698797396022,1.0425113156067871,1.0335232985055354,1.028025459970784,1.0271216241330885,1.0331446755656584,1.0325204501031233,1.0213500632307688,1.0217160006421815
28.854727854020897,1.01378705439876,1.0231619529995803,1.0089463460158439,1.0375206207344847,1.0350841403178082,1.0306336624359616,1.0210235300279789,1.0389542504928115,1.0394163148379802,1.032236776708628,1.028581025269168,1.0237296126550561,1.03168647548884,1.0275492643466062,1.0202816485158428,1.0167459579688474
28.934438125230372,1.016266024120218,1.0180354650210692,1.0137756153388566,1.0386413039491924,1.03847145658756,1.0258782281774859,1.014047468151031,1.0413315797937115,1.0378952390727534,1.0369991319958904,1.0243352262309169,1.0256391026757894,1.035439916185176,1.0346467303794284,1.0160182743771113,1.0188211085404224
29.015027083922178,1.0106771721289327,1.017581766614686,1.008562804854152,1.0417343066636278,1.0411614951572616,1.0364169565661339,1.022867412264157,1.040521278212627,1.0372919363994078,1.0412366565664661,1.0271479056760646,1.0258743436909936,1.0328616767475016,1.0358762803827661,1.0163674725865164,1.016807342513412
29.09475339576602,1.013190415931987,1.0173545246085474,1.0169200978526645,1.041386250760799,1.037081714572213,1.0312282365660876,1.0195321036136784,1.0364137615112305,1.0384686195857844,1.0393107020869372,1.026312396702993,1.02975946903337,1.0342108419508458,1.0344222479529708,1.023037454580843,1.0222191661442668
29.183378874789923,1.0146047468750319,1.0173545246085474,1.0111231656794852,1.0385261894164355,1.0402525746966518,1.0374181630651065,1.0195321036136784,1.0364137615112305,1.041004145672911,1.0406907396045906,1.0327307408096715,1.022139885473322,1.0383158742526584,1.032830105988178,1.019763006935054,1.016338584983636
29.261258874554187,1.0150694292434728,1.017581766614686,1.0100856558392106,1.0424664632161549,1.0384863063192498,1.0312282365660876,1.0195321036136784,1.0367338047714336,1.0319114453086273,1.0369813784079724,1.0249305230120538,1.025875634847051,1.0319090922534364,1.0332414392386366,1.0238059357117326,1.0220053889886294
29.369011104106903,1.0146047468750319,1.018756530386378,1.0171856697397959,1.0385261894164355,1.0289761680792997,1.0319243417837813,1.0181424047055476,1.036065520072606,1.0371427453965092,1.0367245740303885,1.0261920661069406,1.0269623376977441,1.0308813072985692,1.0371089457311662,1.025563337562102,1.0241947572497248
29.446175041608512,1.014955390370826,1.022988932768103,1.0064987038976811,1.0456971824368073,1.0300813167845435,1.0256957303668008,1.019524645943648,1.0372698478948743,1.0440111688825857,1.0365538602943698,1.027363490408986,1.0244691585505086,1.0319661952193997,1.0349163515835937,1.027324997278899,1.019116904671319
29.527288978919387,1.0122346228485515,1.0147171086648505,1.0139971659148355,1.0326359259514826,1.0371071792028508,1.0278457602690083,1.0163437088342655,1.0349612300136353,1.0361242096883323,1.0304587920149941,1.0274084871781135,1.0254694590366542,1.0361279666864514,1.039254242196864,1.0270491880368313,1.0167132532054584
29.605802562087774,1.0145445979838026,1.0177903924631688,1.0123968506342356,1.0356384604707978,1.032806853431004,1.0366408193973011,1.0233482861491792,1.03441448665912,1.0392152672462314,1.0321647484671626,1.0228703372822379,1.0224634461296234,1.0319168737275413,1.0438817341150306,1.0215189415513128,1.0136281006892915
29.68517743749544,1.0174188130863917,1.0154154622913756,1.0111460886501047,1.0374351224443639,1.0416503040432332,1.0377723011444215,1.0169250992059582,1.0369837158492803,1.0400202200178685,1.0379069278583177,1.0206891034324492,1.0224930793335527,1.0350051385360297,1.041110968657274,1.026218361742563,1.0220578379535141
29.763271895237267,1.0095246660625197,1.0167672025891006,1.019091399303843,1.0448345919119701,1.033259966514124,1.0294227856395095,1.0142281493824472,1.0358007851897522,1.0390358268650322,1.0440199392341578,1.0284129276084566,1.0211662544428137,1.037550377295763,1.0390868275356004,1.0220597880051783,1.0214471710840947
29.848391083534807,1.015241762331476,1.0138537805014345,1.0126035735925574,1.042484586767469,1.0358031647910428,1.033975716319769,1.0207258562160122,1.0367798517351525,1.0362304958490154,1.0335501540623786,1.0254509481364582,1.0235669527799884,1.0342108419508458,1.0371823708591643,1.0300357858592633,1.0183986258803959
29.92762487521395,1.0199110315981723,1.0145073813126706,1.008160953238248,1.0357403253244024,1.0325214824832019,1.0301508572118445,1.0221123286324718,1.0342801691539045,1.0407422581209043,1.0366472840298038,1.0267739709617396,1.0215585422283917,1.0371848105531696,1.0387342398290862,1.0248741827426275,1.0182867748929507
30.0074550206773,1.0147044911164333,1.0213372602300401,1.0142944153603517,1.0432336957730146,1.0304007629680387,1.0271304688614282,1.016604425784334,1.037442374694784,1.0406458310972133,1.0392816306419348,1.024392640205667,1.0247831925517858,1.0340470067665934,1.043511394795938,1.0260530390316105,1.0150259744848706
