batch,time_s,timestamp_epoch_s,acq_seconds,peak_01,peak_01_ref,peak_01_freq_mhz,peak_02,peak_02_ref,peak_02_freq_mhz,peak_03,peak_03_ref,peak_03_freq_mhz,peak_04,peak_04_ref,peak_04_freq_mhz,peak_05,peak_05_ref,peak_05_freq_mhz,peak_06,peak_06_ref,peak_06_freq_mhz,peak_07,peak_07_ref,peak_07_freq_mhz,peak_08,peak_08_ref,peak_08_freq_mhz,peak_09,peak_09_ref,peak_09_freq_mhz,peak_10,peak_10_ref,peak_10_freq_mhz,peak_11,peak_11_ref,peak_11_freq_mhz,peak_12,peak_12_ref,peak_12_freq_mhz,peak_13,peak_13_ref,peak_13_freq_mhz,peak_14,peak_14_ref,peak_14_freq_mhz,peak_15,peak_15_ref,peak_15_freq_mhz,peak_16,peak_16_ref,peak_16_freq_mhz,delta_f_mhz_b01,f_new_mhz_b01,delta_f_mhz_b02,f_new_mhz_b02,delta_f_mhz_b03,f_new_mhz_b03,delta_f_mhz_b04,f_new_mhz_b04,delta_f_mhz_b05,f_new_mhz_b05,delta_f_mhz_b06,f_new_mhz_b06,delta_f_mhz_b07,f_new_mhz_b07,delta_f_mhz_b08,f_new_mhz_b08
0,0.007654542103409767,1778433087.809748,0.014483584091067314,6645.423798025491,6647.594110095668,2760.3589311849933,6646.679739890578,6654.787190145797,2771.7156174885536,6650.338683253353,6650.538140721949,2796.692286647528,6651.4169392059175,6654.126418987071,2807.9434431398813,6654.124036433658,6654.833497875722,2835.2033361704134,6655.629694042853,6656.318129718495,2848.9401769154256,6628.461293822785,6636.062028914632,2870.0106303873113,6632.244826848428,6642.43962007519,2875.2157550151646,6613.911029434239,6627.98009597457,2878.4761798803843,6613.932366965186,6627.544084115291,2883.3311140962264,6646.307803282698,6652.742696457499,2902.6721491136855,6654.257289788184,6657.748633737812,2920.456227835481,6656.064955527707,6660.749194608307,2939.3505508301823,6659.436071461319,6663.2507626004835,2953.0109209419034,6648.042109606626,6651.015519454719,2970.9323677571024,6646.624551456431,6649.930251856832,2981.535605734461,0.07887720643036497,2766.2386922673973,0.05367797572495127,2801.6364508746715,-0.8849530726338851,2839.07583972164,0.10108760007486564,2872.5432088925436,-0.1937774756180748,2881.141041711079,-3.2087877679958954,2909.257321055833,-0.4735759595778625,2946.2469987780287,-0.15748242848898944,2975.974994357246
1,0.08117947960272431,1778433087.8811321,0.010203958954662085,6646.237902313781,6647.594110095668,2760.3589311849933,6646.679739890578,6654.787190145797,2771.7156174885536,6650.338683253353,6650.538140721949,2796.692286647528,6651.4169392059175,6654.126418987071,2807.9434431398813,6654.124036433658,6654.833497875722,2835.2033361704134,6655.629694042853,6656.318129718495,2848.9401769154256,6628.461293822785,6636.062028914632,2870.0106303873113,6632.244826848428,6642.43962007519,2875.2157550151646,6613.911029434239,6627.98009597457,2878.4761798803843,6613.932366965186,6627.544084115291,2883.3311140962264,6646.307803282698,6652.742696457499,2902.6721491136855,6654.257289788184,6657.748633737812,2920.456227835481,6656.064955527707,6660.749194608307,2939.3505508301823,6659.436071461319,6663.2507626004835,2953.0109209419034,6648.042109606626,6651.015519454719,2970.9323677571024,6646.624551456431,6649.930251856832,2981.535605734461,0.11920568725999339,2766.279020748227,0.05367797572495127,2801.6364508746715,-0.8849530726338851,2839.07583972164,0.10108760007486564,2872.5432088925436,-0.1937774756180748,2881.141041711079,-3.2087877679958954,2909.257321055833,-0.4735759595778625,2946.2469987780287,-0.15748242848898944,2975.974994357246
2,0.15365606255363673,1778433087.955405,0.013796624960377812,6647.746827337471,6654.899028028242,2760.3589311849933,6647.89591802427,6654.274354311214,2771.7156174885536,6650.640368921357,6653.113118562214,2796.692286647528,6656.1330577375675,6661.45636366415,2807.9434431398813,6658.425550936821,6660.072797016842,2835.2033361704134,6662.446102943424,6664.744100926124,2848.9401769154256,6630.144288901795,6637.598829354769,2870.0106303873113,6634.242497784027,6645.3538282849895,2875.2157550151646,6612.855093682183,6627.896070850016,2878.4761798803843,6610.083444386711,6627.963752789069,2883.3311140962264,6646.614865360515,6655.921112877097,2902.6721491136855,6657.555034080142,6664.095297551733,2920.456227835481,6658.114096647003,6662.118583610965,2939.3505508301823,6661.685133111227,6662.634413301954,2953.0109209419034,6645.562840419354,6652.050984197818,2970.9323677571024,6644.645248647493,6651.120924901428,2981.535605734461,-0.2530565861549764,2765.9067584748122,0.08889834577087416,2801.6716712447173,-0.6936898946638387,2839.26710289961,0.13368098007806353,2872.5758022725468,-0.1120946271233266,2881.2227245595736,-3.1206794270094127,2909.34542939682,-0.8568376461627127,2945.863737091444,-0.17469226689075065,2975.957784518844
3,0.2377493545645848,1778433088.0376918,0.010183708975091577,6646.600406516489,6654.0159916862785,2760.3589311849933,6648.3723492374,6653.284566127701,2771.7156174885536,6649.741400495155,6654.1810694745855,2796.692286647528,6656.059436989944,6660.296266466976,2807.9434431398813,6657.291574716508,6659.970072133752,2835.2033361704134,6661.296604211877,6662.78631445426,2848.9401769154256,6630.186051593972,6638.462131307884,2870.0106303873113,6634.421692086682,6643.355335146864,2875.2157550151646,6612.11897026011,6624.796069321759,2878.4761798803843,6606.351335697038,6624.900154354005,2883.3311140962264,6644.77304765107,6654.7755708041705,2902.6721491136855,6660.106062597426,6662.447191062752,2920.456227835481,6659.0987284897765,6661.757774245804,2939.3505508301823,6660.739667451174,6664.459883241128,2953.0109209419034,6644.892193660788,6651.028011431366,2970.9323677571024,6644.175712932115,6653.254911819543,2981.535605734461,-0.33866168552649817,2765.8211533754406,-0.23244349399868228,2801.350329404948,-1.2182795425467012,2838.7425132517274,0.041562305270555495,2872.483683597739,-0.03687011766225288,2881.297949069035,-5.603594547039615,2906.8625142767896,-0.13475242436204982,2946.5858223132445,-0.02718033784004734,2976.105296447895
4,0.30522862495854497,1778433088.106821,0.013485000003129244,6644.970825564693,6652.388434147385,2760.3589311849933,6647.579498425895,6650.787832013937,2771.7156174885536,6648.301121740992,6652.129573310512,2796.692286647528,6653.604806369777,6654.8931121435335,2807.9434431398813,6652.422162789987,6653.257276033866,2835.2033361704134,6655.83484579882,6661.332431152,2848.9401769154256,6632.949327566709,6641.250256747257,2870.0106303873113,6638.459938258398,6644.539335819299,2875.2157550151646,6617.832638995019,6627.629347128403,2878.4761798803843,6611.28479078155,6625.3691979704745,2883.3311140962264,6643.685953785493,6653.659849619464,2902.6721491136855,6655.916081853471,6662.099012745666,2920.456227835481,6657.266303450806,6660.608388605312,2939.3505508301823,6660.728622734359,6664.888829966073,2953.0109209419034,6646.636088272152,6651.71800592964,2970.9323677571024,6645.724896842619,6651.307512913777,2981.535605734461,-0.4231255104213659,2765.7366895505456,-0.47833975445768095,2801.104433144489,0.4508682862305841,2840.4116610805045,-0.04690266744055164,2872.395218625028,-0.07606828549280296,2881.258750901204,-3.641526688636722,2908.8245821351925,-0.1775833918725303,2946.542991345734,-0.14907915226515,2975.98339763347
5,0.3772311465581879,1778433088.177322,0.010482624871656299,6646.032209554667,6652.388434147385,2760.3589311849933,6647.579498425895,6650.787832013937,2771.7156174885536,6648.301121740992,6652.129573310512,2796.692286647528,6653.604806369777,6654.8931121435335,2807.9434431398813,6652.422162789987,6653.257276033866,2835.2033361704134,6655.83484579882,6661.332431152,2848.9401769154256,6632.949327566709,6641.250256747257,2870.0106303873113,6638.459938258398,6644.539335819299,2875.2157550151646,6617.832638995019,6627.629347128403,2878.4761798803843,6611.28479078155,6625.3691979704745,2883.3311140962264,6643.685953785493,6653.659849619464,2902.6721491136855,6655.916081853471,6662.099012745666,2920.456227835481,6657.266303450806,6660.608388605312,2939.3505508301823,6660.728622734359,6664.888829966073,2953.0109209419034,6646.636088272152,6651.71800592964,2970.9323677571024,6645.724896842619,6651.307512913777,2981.535605734461,-0.3705853678393181,2765.7892296931277,-0.47833975445768095,2801.104433144489,0.4508682862305841,2840.4116610805045,-0.04690266744055164,2872.395218625028,-0.07606828549280296,2881.258750901204,-3.641526688636722,2908.8245821351925,-0.1775833918725303,2946.542991345734,-0.14907915226515,2975.98339763347
6,0.4994428964564577,1778433088.2995682,0.010548874968662858,6645.685831524895,6651.052301555766,2760.3589311849933,6644.986907418162,6653.33232264572,2771.7156174885536,6649.694146773848,6655.033771433811,2796.692286647528,6655.791675581502,6658.37805727909,2807.9434431398813,6654.598774337501,6660.446393312345,2835.2033361704134,6662.30720726228,6665.5479124002795,2848.9401769154256,6630.478182596203,6635.670894336278,2870.0106303873113,6632.893243573677,6641.433253354526,2875.2157550151646,6610.529307393709,6625.314385487667,2878.4761798803843,6605.995496225204,6623.919228535623,2883.3311140962264,6644.794148302106,6654.316359996333,2902.6721491136855,6657.880424549929,6662.532081181038,2920.456227835481,6659.042448879789,6660.4724592719385,2939.3505508301823,6659.096162545466,6664.083979276829,2953.0109209419034,6646.913436439771,6653.153632668033,2970.9323677571024,6645.0745636824895,6651.311529174435,2981.535605734461,-0.06744773201697155,2766.09236732895,-0.5007441081455769,2801.082028790801,-1.6233858855596184,2838.3374069087145,0.12435609023262169,2872.566477382701,-0.10454732756343511,2881.2302718591336,-4.188412776700401,2908.2776960471288,0.30328276156254336,2947.023857499169,-0.1741896846646966,2975.9582871010703
7,0.5779989170841873,1778433088.378003,0.010306499898433685,6643.115716599934,6650.243705107436,2760.3589311849933,6646.187087752545,6652.019989607848,2771.7156174885536,6648.019589204389,6653.632451019349,2796.692286647528,6652.477491823823,6656.560172081791,2807.9434431398813,6654.747136045482,6657.678738881927,2835.2033361704134,6657.823182137727,6662.785272182657,2848.9401769154256,6628.589856955101,6633.606386588013,2870.0106303873113,6630.5150426383825,6641.389288443318,2875.2157550151646,6611.154578659412,6624.023660482318,2878.4761798803843,6608.092905828775,6624.108223553505,2883.3311140962264,6643.23984472904,6653.122596815112,2902.6721491136855,6654.655882263044,6660.959785432649,2920.456227835481,6654.7359308616315,6660.313054375401,2939.3505508301823,6659.698471742519,6662.005203716723,2953.0109209419034,6641.5047055047835,6649.915140446863,2970.9323677571024,6643.459053397315,6649.0229269187275,2981.535605734461,-0.2790047213004165,2765.880810339667,-0.372033013476193,2801.2107398854705,-0.30043615882934654,2839.6603566354447,0.201538025752214,2872.6436593182207,-0.10444281407260221,2881.2303763726245,-3.5337545933826804,2908.9323542304464,-0.8948430074151996,2945.8257317301914,-0.3163489180475875,2975.8161278676876
8,0.6569300420815125,1778433088.456907,0.010254250140860677,6645.454152275575,6651.626532078124,2760.3589311849933,6645.745202799767,6654.372914692668,2771.7156174885536,6649.2665525567745,6653.7582357795645,2796.692286647528,6654.172867316685,6659.344891035243,2807.9434431398813,6656.7251383073035,6660.622459271939,2835.2033361704134,6661.011821071615,6664.470964636121,2848.9401769154256,6629.572254485436,6636.838868172509,2870.0106303873113,6632.9357887336855,6644.682201913378,2875.2157550151646,6613.279431182566,6624.776513739035,2878.4761798803843,6610.755486444355,6626.198581777057,2883.3311140962264,6645.058058501697,6655.525121496469,2902.6721491136855,6658.0672907051385,6662.428546321484,2920.456227835481,6658.0031436256395,6661.197994926185,2939.3505508301823,6661.847972002322,6664.262901549652,2953.0109209419034,6645.373347189534,6651.1060518996255,2970.9323677571024,6643.739344988843,6652.240896170188,2981.535605734461,-0.09341777846978502,2766.0663972824973,-0.13946896867698796,2801.4433039302694,-1.0044873811500024,2838.956305413124,0.15900031415480378,2872.601121606623,-0.08469663154019282,2881.250122555157,-4.814406469880522,2907.6517023539486,-0.4577797815255434,2946.262794956081,-0.03582439084170257,2976.096652394893
9,0.7722857090411708,1778433088.572324,0.010375249898061156,6645.1631460708495,6650.919933062323,2760.3589311849933,6645.318692117247,6651.512417092032,2771.7156174885536,6649.230331326222,6652.426143900724,2796.692286647528,6653.575184155025,6658.165818993184,2807.9434431398813,6656.8988354678,6657.867250970443,2835.2033361704134,6658.21285417367,6662.440622612097,2848.9401769154256,6630.118901488522,6634.743456001466,2870.0106303873113,6632.518789925726,6641.113890332244,2875.2157550151646,6610.536403093191,6626.406038145307,2878.4761798803843,6609.422019133784,6624.868806736558,2883.3311140962264,6645.114009536327,6655.49501940887,2902.6721491136855,6659.20520524498,6661.886218174038,2920.456227835481,6657.30870495461,6660.569855121192,2939.3505508301823,6660.291709203166,6663.860720726228,2953.0109209419034,6646.401963810863,6648.495539016413,2970.9323677571024,6643.888296604212,6651.415757862885,2981.535605734461,-0.19319157274169063,2765.966623488225,-0.06414483298691663,2801.5186280659595,0.050545425474994916,2840.0113382197487,0.14353583352110832,2872.5856571259897,-0.19285816699231292,2881.141961019705,-5.622707221047942,2906.843401602781,-0.26698248930572427,2946.453592248301,0.09736479848523955,2976.22984158422
10,0.8505922920303419,1778433088.650898,0.010911916149780154,6644.315712015161,6648.840393373475,2760.3589311849933,6645.540705138001,6651.805785982823,2771.7156174885536,6646.786357245468,6651.247415716598,2796.692286647528,6650.851852248066,6656.976052205275,2807.9434431398813,6655.09593025033,6660.226938594615,2835.2033361704134,6660.751870587155,6663.237457590854,2848.9401769154256,6629.090318488859,6634.8531772473025,2870.0106303873113,6632.246021945779,6638.3887260445645,2875.2157550151646,6608.109632606902,6623.320224959501,2878.4761798803843,6605.00795916496,6622.205376409818,2883.3311140962264,6643.49675398111,6652.602096769263,2902.6721491136855,6655.504714674329,6659.650108506282,2920.456227835481,6654.368403276584,6659.400227710363,2939.3505508301823,6658.834387321575,6662.888897209402,2953.0109209419034,6644.221611089037,6649.379388391356,2970.9323677571024,6643.105601063668,6650.002280160161,2981.535605734461,-0.1287380368817555,2766.0310770240853,-0.03598511747556969,2801.546787781471,-1.634010014453095,2838.326782779821,0.033123710617928175,2872.4752450030865,-0.13311402541802056,2881.2017051612793,-4.233765377629372,2908.2323434461996,-0.492646405925012,2946.2279283316816,-0.08722924448102833,2976.045247541254
11,0.9242916881339625,1778433088.724245,0.01020695804618299,6645.461556683071,6651.415858727878,2760.3589311849933,6646.165193935875,6653.317662071704,2771.7156174885536,6649.425385885013,6653.599741724484,2796.692286647528,6654.23752024941,6659.264006479812,2807.9434431398813,6656.972372161263,6660.965591282821,2835.2033361704134,6661.205021854083,6664.731969618241,2848.9401769154256,6628.9792814133325,6636.197577711893,2870.0106303873113,6631.503611272428,6641.172714490938,2875.2157550151646,6609.8849130421495,6626.071844912431,2878.4761798803843,6609.099886908945,6626.29956291836,2883.3311140962264,6644.268099153344,6652.992878320139,2902.6721491136855,6655.534767857689,6659.041255310694,2920.456227835481,6655.9014946358175,6660.407274505608,2939.3505508301823,6659.77950148241,6662.468190848793,2953.0109209419034,6644.874542286884,6650.80003667818,2970.9323677571024,6645.741432588562,6651.990002139561,2981.535605734461,-0.15557961529700862,2766.00423544567,-0.12136594857794897,2801.4614069503687,-1.0124944612992444,2838.9482983329744,0.09675428519312877,2872.5388755776617,-0.15737062813282135,2881.1774485585643,-4.364201318874644,2908.1019075049544,-0.6397924850155733,2946.080782252591,-0.15802523584032507,2975.9744515498946
12,0.9945513545535505,1778433088.7945442,0.010285791009664536,6646.889540605802,6648.716321789895,2760.3589311849933,6645.566242320505,6652.760147629674,2771.7156174885536,6649.751995904269,6652.722738943058,2796.692286647528,6652.657696304673,6657.652735580889,2807.9434431398813,6656.237581379712,6661.752523153101,2835.2033361704134,6662.347667879085,6665.523043066295,2848.9401769154256,6630.145182932421,6635.857729926339,2870.0106303873113,6633.660266833756,6641.131537121374,2875.2157550151646,6611.259430876914,6624.0588531955855,2878.4761798803843,6606.9260995812565,6625.106310175138,2883.3311140962264,6644.415151144664,6654.488524314578,2902.6721491136855,6656.9189121863255,6661.177131155057,2920.456227835481,6657.02524834184,6661.134181006814,2939.3505508301823,6661.462556163463,6664.853122230034,2953.0109209419034,6643.645551242473,6650.88604089617,2970.9323677571024,6644.104985175902,6650.627005837943,2981.535605734461,0.050812935910558625,2766.2106279968775,0.002187139135096036,2801.5849600380816,-1.5467834848166695,2838.414009309457,0.07549137986863941,2872.5176126723372,-0.049092972796489824,2881.2857262139005,-4.667196530161833,2907.7989122936674,-0.44711513886080406,2946.273459598746,-0.2100058545892846,2975.9224709311457
13,1.0685413335449994,1778433088.868695,0.010606917086988688,6652.487185561024,6648.351824739431,2760.3589311849933,6652.023419017636,6644.631968089983,2771.7156174885536,6651.228352232783,6647.474019622826,2796.692286647528,6653.729383806583,6649.535950728979,2807.9434431398813,6652.708789008771,6655.093966439466,2835.2033361704134,6658.680019561696,6658.614287679188,2848.9401769154256,6660.818545404529,6662.791264480239,2870.0106303873113,6663.590440749457,6628.738713818503,2875.2157550151646,6634.712631048079,6633.401066723721,2878.4761798803843,6643.426145428983,6612.4934743405565,2883.3311140962264,6625.940459088548,6607.191878839747,2902.6721491136855,6621.907386068405,6643.322862731913,2920.456227835481,6654.503435522817,6656.139716355411,2939.3505508301823,6661.758579637497,6657.393786105083,2953.0109209419034,6658.699735611456,6661.082035333314,2970.9323677571024,6662.615348289881,6645.451557294373,2981.535605734461,-0.3762824336024586,2765.7835326273644,-0.25682656620565786,2801.325946332741,-1.5787213957163457,2838.3820713985574,-1.1130885589719368,2871.3290327334967,-0.918449480228139,2880.416369706469,18.76582572528686,2931.231934549116,-1.3745564462380608,2945.3460182913686,-1.1514082961087726,2974.981068489626
14,1.13813885464333,1778433088.938076,0.010173541028052568,6645.088634349115,6653.301638292018,2760.3589311849933,6648.838311886788,6652.7230721031865,2771.7156174885536,6649.225902436042,6651.557256166519,2796.692286647528,6652.683717944799,6656.068303939847,2807.9434431398813,6656.846495705597,6662.198829354769,2835.2033361704134,6661.60297857383,6664.291735183544,2848.9401769154256,6628.625019103219,6635.977931961977,2870.0106303873113,6632.927218265734,6644.509276522908,2875.2157550151646,6612.735344010759,6624.207551120213,2878.4761798803843,6605.895675031328,6623.077556010637,2883.3311140962264,6644.6143533942595,6654.23032062842,2902.6721491136855,6653.879055231226,6660.748665831219,2920.456227835481,6658.4499388697,6660.9364321300845,2939.3505508301823,6661.203110003973,6663.298027019593,2953.0109209419034,6645.789115750221,6652.6342299110565,2970.9323677571024,6646.087049546108,6650.8016902527725,2981.535605734461,-0.42900673822533253,2765.7308083227417,-0.0999411636837124,2801.482831735263,-1.6388856469500954,2838.3219071473236,0.15127046978035324,2872.5933917622488,-0.04079586950211711,2881.294023317195,-3.110411826400111,2909.355696997429,-0.3895629888623867,2946.331011748744,-0.2804876059301304,2975.851989179805
15,1.2309342506341636,1778433089.031563,0.011559166945517063,6659.475434789254,6660.2454671883115,2760.3589311849933,6665.287877861662,6644.8700889445845,2771.7156174885536,6650.282099520127,6642.447686218175,2796.692286647528,6652.434006785463,6645.602458966287,2807.9434431398813,6652.992161567381,6645.497012256626,2835.2033361704134,6653.538993489623,6649.825309472139,2848.9401769154256,6652.757086529939,6653.407485405141,2870.0106303873113,6657.611044716813,6655.7411208240355,2875.2157550151646,6659.09085796375,6660.682852951066,2878.4761798803843,6661.713121618731,6627.811976953877,2883.3311140962264,6634.284228382798,6630.719353852738,2902.6721491136855,6642.754959195525,6610.305321392548,2920.456227835481,6623.908348870618,6606.649069291193,2939.3505508301823,6621.630887611946,6642.5567304459455,2953.0109209419034,6653.1273145459545,6655.153982638995,2970.9323677571024,6660.475601369319,6657.006281138247,2981.535605734461,-1.2647265345491079,2764.895088526418,-0.10451916967863988,2801.478253729268,0.20309443716983752,2840.163887231444,-0.05583967987352751,2872.386281612595,-1.0619940679399136,2880.2728251187573,-16.481495244835894,2895.984613578993,6.416121166530359,2953.136695904137,-0.4485406243769491,2975.683936161358
16,1.3045398545218632,1778433089.1045592,0.0103392091114074,6645.746825809212,6650.334593636336,2760.3589311849933,6644.154048354067,6653.506854234802,2771.7156174885536,6648.283818809793,6653.274439893634,2796.692286647528,6652.138276736865,6657.0540437692935,2807.9434431398813,6654.288324112847,6657.28524620228,2835.2033361704134,6658.096798300578,6661.854907234771,2848.9401769154256,6628.0907769661035,6636.227045572637,2870.0106303873113,6631.755517009506,6640.203267414494,2875.2157550151646,6610.005027967112,6623.781283430633,2878.4761798803843,6606.936597181894,6622.509939786655,2883.3311140962264,6645.217376287558,6654.987164165419,2902.6721491136855,6654.45049821194,6659.8610661124185,2920.456227835481,6656.139722468441,6661.319454717731,2939.3505508301823,6659.899442186021,6662.425231531008,2953.0109209419034,6645.030030259497,6651.03241281291,2970.9323677571024,6643.438475410338,6650.1530442889025,2981.535605734461,0.020930628323354912,2766.1807456892902,-0.21884931279588934,2801.3639235861506,-0.6623655061827752,2839.2984272880913,0.03096171181983397,2872.4730830042886,-0.13782077433697654,2881.1969984123602,-3.9276671915791845,2908.53844163225,-0.786541853868933,2945.9340328837375,-0.13848099127467994,2975.9939957944603
17,1.3803148340666667,1778433089.180539,0.010746250161901116,6645.466598404499,6651.842172265184,2760.3589311849933,6646.848730018033,6654.720032399057,2771.7156174885536,6651.223888192682,6652.4097839043925,2796.692286647528,6654.505494085643,6659.107988201851,2807.9434431398813,6656.870655928111,6658.676137787695,2835.2033361704134,6658.644742794267,6663.663318763945,2848.9401769154256,6628.344455481861,6634.537275728214,2870.0106303873113,6632.602159427821,6642.5566952960235,2875.2157550151646,6609.983349634746,6624.338998074396,2878.4761798803843,6606.863589265519,6623.265848030077,2883.3311140962264,6643.845914967754,6653.336334321607,2902.6721491136855,6655.284659351409,6662.0791530397055,2920.456227835481,6658.4335681755665,6660.870177583519,2939.3505508301823,6659.56402634716,6664.3993015863325,2953.0109209419034,6646.046283277807,6652.405055475746,2970.9323677571024,6644.759901580217,6651.545195158479,2981.535605734461,-0.14091970487240893,2766.0188953560946,0.14877660559240602,2801.731549504539,0.03698732591655596,2839.9977801201903,0.13699292518811057,2872.5791142176568,-0.13164490205522228,2881.203174284642,-3.086104592225874,2909.380004231603,0.09983061362421215,2946.820405351231,-0.15276112160036553,2975.979715664135
18,1.4582485631108284,1778433089.25816,0.010122708044946194,6645.493856404927,6652.945566525048,2760.3589311849933,6648.250971971758,6653.553461503194,2771.7156174885536,6650.598627624781,6653.844502857841,2796.692286647528,6653.577025705289,6658.069356909252,2807.9434431398813,6657.179645138613,6660.0654827765375,2835.2033361704134,6662.0404315799115,6665.430673655898,2848.9401769154256,6631.376530549867,6635.248054528226,2870.0106303873113,6633.505732493812,6644.690283338938,2875.2157550151646,6612.6075511202125,6624.308639239539,2878.4761798803843,6607.859108414586,6624.087280312987,2883.3311140962264,6644.74518293242,6653.5787174863235,2902.6721491136855,6656.226154598527,6662.128450041263,2920.456227835481,6659.400304123238,6662.929166794022,2939.3505508301823,6660.517796558366,6664.261822599871,2953.0109209419034,6646.11900082526,6650.723043066297,2970.9323677571024,6645.376458721765,6652.122896353578,2981.535605734461,-0.3212029353714539,2765.838612125596,-0.07968635076758396,2801.503086548179,-0.735765214937572,2839.2250275793363,0.2462051023798433,2872.6883263948484,-0.07018418138903415,2881.2646350053083,-3.2048621394435854,2909.2612466843852,-0.2830879627609966,2946.4374867748456,-0.06712123043073781,2976.0653555553044
19,1.5402820421149954,1778433089.340265,0.010266416007652879,6643.62188159061,6650.784014426751,2760.3589311849933,6646.922534156554,6653.578896292446,2771.7156174885536,6650.047039765259,6653.488991961366,2796.692286647528,6653.805718739493,6658.603646422349,2807.9434431398813,6656.659644832961,6660.597412660085,2835.2033361704134,6663.2840877831095,6663.249630161689,2848.9401769154256,6630.432053672403,6636.381284958889,2870.0106303873113,6633.510861325917,6641.953114588745,2875.2157550151646,6612.4516749702,6624.597463092583,2878.4761798803843,6609.003053458446,6625.018256563865,2883.3311140962264,6645.359035058226,6655.458529205001,2902.6721491136855,6658.153869547942,6661.179478558547,2920.456227835481,6657.021274872391,6660.303363694715,2939.3505508301823,6660.158949475808,6662.85061894428,2953.0109209419034,6645.174546871656,6649.4382446434565,2970.9323677571024,6644.024161750773,6650.239123391509,2981.535605734461,-0.23997904606459486,2765.9198360149026,-0.06823139682136524,2801.514541502125,-2.0121826996860706,2837.948610094588,0.0980567389548634,2872.5401780314232,-0.08653648290892266,2881.2482827037884,-5.304900688723345,2907.161208135106,-0.42452161344968464,2946.296053124157,-0.07662047903488214,2976.0558563067
20,1.6218631046358496,1778433089.421916,0.010407709050923586,6643.542555857811,6651.735206467585,2760.3589311849933,6646.2371549958725,6653.901305131889,2771.7156174885536,6649.508477244247,6653.555795152366,2796.692286647528,6653.525034385793,6657.5343002109,2807.9434431398813,6655.619670202036,6657.444562459884,2835.2033361704134,6661.004317327383,6662.107769661032,2848.9401769154256,6627.33648409084,6635.233938013877,2870.0106303873113,6633.32310114008,6641.73529510652,2875.2157550151646,6610.398143167161,6624.747110065104,2878.4761798803843,6607.864156249045,6624.642375523428,2883.3311140962264,6645.312683008834,6654.61243695938,2902.6721491136855,6655.617726258521,6660.079718494972,2920.456227835481,6655.389809579118,6659.172182657334,2939.3505508301823,6656.9933719473065,6661.494129963017,2953.0109209419034,6644.360667237216,6649.425590671516,2970.9323677571024,6642.7842482501455,6649.592950148241,2981.535605734461,-0.24108580923870926,2765.9187292517286,-0.21493097620764195,2801.367841922739,-1.0850510717730932,2838.8757417225006,0.037123619076239824,2872.479244911545,-0.12221889304060143,2881.2126002936566,-4.170600604303412,2908.295508219526,-0.19486813640024273,2946.5257066012064,-0.0869623694052567,2976.0455144163298
21,1.728572646039538,1778433089.528521,0.010196457849815488,6646.155255677475,6652.124190787663,2760.3589311849933,6647.653803832868,6655.22365895406,2771.7156174885536,6649.608469602959,6650.035735244675,2796.692286647528,6651.8137757129325,6657.775725158174,2807.9434431398813,6655.542500840541,6659.822226976801,2835.2033361704134,6660.158374850995,6662.284596692851,2848.9401769154256,6628.669315646299,6636.243344438672,2870.0106303873113,6633.898001039214,6642.886410734481,2875.2157550151646,6609.623441941498,6622.455778341535,2878.4761798803843,6607.00834122933,6624.48405721796,2883.3311140962264,6643.999899135006,6653.502975517315,2902.6721491136855,6654.974690527859,6659.746593514074,2920.456227835481,6657.953259773208,6661.762817495491,2939.3505508301823,6660.3318993183975,6663.934147385151,2953.0109209419034,6643.183537610416,6651.485061283126,2970.9323677571024,6645.331237582907,6651.633875355319,2981.535605734461,-0.13572150168373004,2766.0240935592833,0.37187999924473586,2801.9546528981914,-1.4935987661714354,2838.4671940281023,0.0647935614458171,2872.506914853914,-0.06741413597934105,2881.2674050507176,-4.117297491899089,2908.34881133193,-0.3572939640736859,2946.363280773533,-0.2740027241406235,2975.8584740615943
22,1.8130368124693632,1778433089.613067,0.010362375061959028,6644.969265213804,6653.052083014947,2760.3589311849933,6644.253015252009,6652.776331876395,2771.7156174885536,6648.729764342698,6652.1301937830485,2796.692286647528,6653.4424381819845,6655.791739768317,2807.9434431398813,6656.926061374821,6659.6990677629365,2835.2033361704134,6660.004904178255,6664.222853562368,2848.9401769154256,6629.251372375217,6635.331280374116,2870.0106303873113,6632.968008986153,6643.706238347036,2875.2157550151646,6611.578269706881,6624.006641807011,2878.4761798803843,6608.352170125622,6624.702112051838,2883.3311140962264,6644.327254943913,6653.4612326924835,2902.6721491136855,6657.725222361463,6661.362530183085,2920.456227835481,6656.856247516582,6661.205182321118,2939.3505508301823,6657.062183268637,6661.4318855640795,2953.0109209419034,6642.398474799034,6650.345985267598,2970.9323677571024,6643.031025155117,6651.0140217623875,2981.535605734461,-0.1929774537475906,2765.9668376072195,-0.321546534551798,2801.2612263643946,-0.4674225528170182,2839.493370241457,0.1645382451573937,2872.606659537626,-0.0852518271305423,2881.2495673595668,-4.505947410568875,2907.9601614132603,-0.3170894932793686,2946.403485244327,-0.17238116561832104,2975.9600956201166
23,1.9004294379847124,1778433089.700654,0.010749791981652379,6643.254711617813,6651.29977534615,2760.3589311849933,6646.783967050769,6653.529189717881,2771.7156174885536,6648.584611975426,6651.345623070575,2796.692286647528,6651.864144022986,6656.40768713513,2807.9434431398813,6654.086505486445,6656.902136503959,2835.2033361704134,6659.215933612495,6661.65448237919,2848.9401769154256,6626.22323409848,6634.708379435766,2870.0106303873113,6633.447169667144,6639.664251001009,2875.2157550151646,6610.259896995446,6621.933048568023,2878.4761798803843,6605.654650487515,6624.849533881468,2883.3311140962264,6644.5197496714245,6654.056145123332,2902.6721491136855,6655.702588868172,6661.71927285509,2920.456227835481,6658.656855763058,6660.805645383133,2939.3505508301823,6660.618079285999,6662.07663141486,2953.0109209419034,6643.1410826176,6648.884763272918,2970.9323677571024,6642.748334199346,6651.2305605648435,2981.535605734461,-0.2792647004982318,2765.880550360469,-0.023216796767647152,2801.559556102179,-0.9870437390795997,2838.9737490551943,-0.04845320248746985,2872.393668089981,0.003923550706250357,2881.338742737403,-3.5032202134658874,2908.9628886103633,-0.4419011932396086,2946.278673544367,-0.03736990558817529,2976.095106880147
24,1.9840986670460552,1778433089.78439,0.01088316598907113,6641.52486016444,6648.801746798301,2760.3589311849933,6643.565053336187,6653.387410214874,2771.7156174885536,6649.705416144512,6651.437657792584,2796.692286647528,6651.488337867164,6656.3585475440905,2807.9434431398813,6655.996437631812,6659.013923953908,2835.2033361704134,6659.177968640157,6660.086060763517,2848.9401769154256,6627.737521777669,6632.873593238988,2870.0106303873113,6629.777811229635,6641.5779059815995,2875.2157550151646,6608.668592780511,6624.373182137727,2878.4761798803843,6606.613639698016,6622.008203686157,2883.3311140962264,6642.947453923038,6651.22252498701,2902.6721491136855,6656.164229605403,6659.725795458018,2920.456227835481,6656.014336583428,6659.0563575511205,2939.3505508301823,6659.5698214995255,6661.157534309381,2953.0109209419034,6643.476744505914,6648.169245346455,2970.9323677571024,6643.5531803038175,6648.216036005746,2981.535605734461,-0.08906075949554046,2766.0707543014714,0.11957987529890879,2801.7023527742454,-1.4809031780106143,2838.4798896162633,0.22630894026786383,2872.6684302327362,-0.1900160654662548,2881.144803121231,-4.109184593664928,2908.356924230164,-0.5761101196329999,2946.1444646179734,-0.17559828078898054,2975.956878504946
25,2.118798334035091,1778433089.9193861,0.011474500177428126,6645.031880979308,6648.573972246844,2760.3589311849933,6646.100828315555,6652.0315065562245,2771.7156174885536,6647.693757068191,6652.365553076382,2796.692286647528,6652.2105144114685,6658.223519882629,2807.9434431398813,6655.375936057708,6657.866647308739,2835.2033361704134,6661.076830088333,6662.258688143779,2848.9401769154256,6627.924670660514,6634.821037992481,2870.0106303873113,6632.212669254516,6641.729388391356,2875.2157550151646,6610.953890943546,6625.644831433199,2878.4761798803843,6606.372916220925,6624.660214873002,2883.3311140962264,6643.45390622612,6653.125465354402,2902.6721491136855,6655.802830332854,6661.668686004219,2920.456227835481,6657.366630497907,6659.863901030045,2939.3505508301823,6659.994985787205,6662.733771433811,2953.0109209419034,6643.363846012775,6648.637639453495,2970.9323677571024,6642.959872543326,6650.450119204084,2981.535605734461,-0.09664424458563096,2766.0631708163814,-0.06993201003853165,2801.512840888908,-1.2526984658756544,2838.708094328398,0.1019087069375596,2872.544029999406,-0.09322917156425453,2881.2415900151327,-3.64900896056913,2908.81709986326,-0.2785206285010105,2946.4420541091054,-0.06341661249437316,2976.069060173241
26,2.2317851880798116,1778433090.031987,0.010704042157158256,6645.8952654583245,6650.752303084024,2760.3589311849933,6645.43349940398,6651.713780297706,2771.7156174885536,6648.336976189748,6652.99936882966,2796.692286647528,6653.459307088058,6658.075014518446,2807.9434431398813,6656.4385227863195,6660.79091909405,2835.2033361704134,6660.786803496654,6663.71002689733,2848.9401769154256,6628.694941467738,6634.767189840143,2870.0106303873113,6634.05538099459,6642.900826787297,2875.2157550151646,6611.822986520769,6623.367059938258,2878.4761798803843,6605.906209310146,6625.245671974815,2883.3311140962264,6643.565400250634,6652.121710425772,2902.6721491136855,6654.976949292417,6661.205397805423,2920.456227835481,6657.176801051441,6660.710963719166,2939.3505508301823,6662.578029770455,6662.693570620779,2953.0109209419034,6643.55165663111,6648.3931977259535,2970.9323677571024,6643.764232661919,6650.460260720727,2981.535605734461,-0.14437301711575687,2766.015442043851,-0.21595901485405822,2801.3668138840926,-1.287003789615169,2838.673789004659,0.1065870848547132,2872.5487083773232,0.01074413225371608,2881.345563318951,-2.899201611578171,2909.566907212251,-0.9207283187974568,2945.799846418809,-0.0815098157120047,2976.050966970023
27,2.319043750525452,1778433090.119307,0.010825833072885871,6645.176076657395,6649.400881804567,2760.3589311849933,6645.249075404225,6651.614448146223,2771.7156174885536,6647.209635663416,6650.622152092185,2796.692286647528,6650.666881132133,6655.482984381209,2807.9434431398813,6654.500721337531,6656.435388330225,2835.2033361704134,6657.049116667176,6660.818056362135,2848.9401769154256,6627.129481615062,6632.621747103952,2870.0106303873113,6629.877215209219,6636.982663447137,2875.2157550151646,6608.479568725738,6622.178679279886,2878.4761798803843,6605.596035700095,6619.278222330899,2883.3311140962264,6641.554514472598,6652.171826573341,2902.6721491136855,6654.9159076321175,6659.899889965462,2920.456227835481,6656.960260720727,6661.236147874193,2939.3505508301823,6658.679337958861,6661.919361494025,2953.0109209419034,6641.947594522724,6649.949437601247,2970.9323677571024,6643.823764403826,6651.477837210014,2981.535605734461,-0.10889404037554164,2766.0509210205914,-0.06313514576759835,2801.519637753179,-0.35596562544757504,2839.6048271688264,0.07107372397562042,2872.513195016444,-0.1827353082421663,2881.152083878455,-4.5766436693377734,2907.889465154491,-0.5025601001483615,2946.218014637458,-0.19158401641601594,2975.940892769319
28,2.400786438025534,1778433090.2008462,0.010418292135000229,6641.54165265764,6649.738697007671,2760.3589311849933,6644.0809579117895,6651.614342696457,2771.7156174885536,6647.63285600758,6652.626360913286,2796.692286647528,6653.323038481523,6657.223084329249,2807.9434431398813,6654.8007992786615,6658.997033652229,2835.2033361704134,6660.403632668033,6662.837644038268,2848.9401769154256,6629.4110279059805,6634.734301739159,2870.0106303873113,6632.066091023014,6640.840411712566,2875.2157550151646,6610.54845951646,6625.578589112694,2878.4761798803843,6607.849118195433,6622.285049057065,2883.3311140962264,6643.552903689213,6653.293517131768,2902.6721491136855,6657.004726900389,6660.037989424457,2920.456227835481,6655.8447550203255,6656.969564752269,2939.3505508301823,6657.689936424489,6663.0161597946035,2953.0109209419034,6643.910876608492,6649.323270776661,2970.9323677571024,6640.953452333648,6648.273056820614,2981.535605734461,-0.24776859440025176,2765.9120464665666,-0.32614520307216577,2801.2566276958746,-1.3821911544389467,2838.5786016398347,0.127544983843111,2872.5696662763116,-0.19701882626675515,2881.1378003604304,-5.120180778281858,2907.345928045547,0.4162622230140491,2947.1368369606207,-0.07872558679493487,2976.05375119894
29,2.4769264380447567,1778433090.276793,0.010032957885414362,6642.17707460953,6650.233834092367,2760.3589311849933,6644.872547910872,6651.476388421921,2771.7156174885536,6646.674994651099,6651.626969159763,2796.692286647528,6651.3208607146125,6656.645973041539,2807.9434431398813,6653.597823761347,6659.532220252468,2835.2033361704134,6659.076558058502,6661.1807791056635,2848.9401769154256,6625.213109392671,6631.8249289360265,2870.0106303873113,6629.799335207996,6642.660341718374,2875.2157550151646,6609.324221352814,6624.542118776172,2878.4761798803843,6606.361990708194,6621.935146865544,2883.3311140962264,6643.215825106214,6651.915303970413,2902.6721491136855,6654.494460066633,6659.547849741725,2920.456227835481,6654.86204725372,6659.303898584834,2939.3505508301823,6657.510841458568,6662.037271143444,2953.0109209419034,6642.543572149036,6647.04498884372,2970.9323677571024,6641.164961640738,6648.339768316165,2981.535605734461,-0.28680425210692956,2765.8730108088603,-0.17177930454907284,2801.4109935943975,-1.971982941173223,2837.9888098531005,0.21339218105660376,2872.655513473525,-0.1735024626989936,2881.161316723998,-3.5674118358162765,2908.898696988013,-0.3061863455223181,2946.414388392084,-0.040510242978391335,2976.0919665427564
30,2.5535197504796088,1778433090.353641,0.010543833021074533,6643.494704587829,6649.229234037351,2760.3589311849933,6644.8378702203745,6650.706067182199,2771.7156174885536,6648.171701256228,6650.793400984197,2796.692286647528,6652.992789681205,6658.09976923312,2807.9434431398813,6654.323660482318,6657.918643213006,2835.2033361704134,6656.83402665281,6660.237677659932,2848.9401769154256,6627.559620380841,6634.633444386711,2870.0106303873113,6631.156453831341,6641.546559892411,2875.2157550151646,6610.329313506739,6623.723240211511,2878.4761798803843,6604.459719717578,6622.392242565028,2883.3311140962264,6643.190532444906,6653.682493810558,2902.6721491136855,6654.627206039673,6659.632105633156,2920.456227835481,6656.6752437570685,6659.1045465660045,2939.3505508301823,6658.151876700186,6660.660274475044,2953.0109209419034,6642.734350643397,6649.934945135557,2970.9323677571024,6644.691483021059,6651.801493107558,2981.535605734461,-0.20824277847157147,2765.9515722824954,0.05062402338911961,2801.6333969223356,-0.9338527650787642,2839.026940029195,0.1233122489319512,2872.5654335414006,-0.0698128020083458,2881.2650063846886,-4.5010553989017765,2907.965053424927,-0.30692537310143303,2946.413649364505,-0.17874170947156623,2975.9537350762635
31,2.628502667066641,1778433090.428354,0.01000349991954863,6643.713954519056,6649.883442858452,2760.3589311849933,6646.081446954183,6653.507763548003,2771.7156174885536,6649.381448482442,6651.517445059144,2796.692286647528,6652.473223400679,6656.331372069566,2807.9434431398813,6654.601450316351,6659.344418803679,2835.2033361704134,6659.358443622582,6663.7848213467005,2848.9401769154256,6628.257755906716,6634.144142189076,2870.0106303873113,6633.540836568145,6643.3425971207635,2875.2157550151646,6609.478495888989,6623.170284561542,2878.4761798803843,6607.640177889171,6625.94065776202,2883.3311140962264,6644.315238255341,6653.185087263501,2902.6721491136855,6655.587883974692,6659.450194088701,2920.456227835481,6656.948326558059,6659.181515725769,2939.3505508301823,6661.003032062841,6662.877886114252,2953.0109209419034,6643.852897576183,6648.343637864107,2970.9323677571024,6642.979562612711,6650.83898279182,2981.535605734461,-0.1527600877703568,2766.007054973197,-0.02951338242346091,2801.553259516523,-0.9700877745873264,2838.9907050196866,0.1416838141849078,2872.5838051066535,-0.06834399828518303,2881.2664751884117,-4.257328762877318,2908.2087800609515,-0.3837977799251434,2946.336776957681,-0.005854973391751425,2976.1266218123433
32,2.7243941250490025,1778433090.525496,0.012504500104114413,6642.958428340006,6650.035755112022,2760.3589311849933,6646.1326145428975,6653.307566402787,2771.7156174885536,6649.69066998808,6656.826825503561,2796.692286647528,6652.93779992053,6657.27386526882,2807.9434431398813,6657.787633340466,6659.696783018003,2835.2033361704134,6660.876877464316,6664.2479032307365,2848.9401769154256,6630.72530335911,6634.575043555339,2870.0106303873113,6632.127442919584,6642.358627013479,2875.2157550151646,6612.5129122474555,6626.518024268729,2878.4761798803843,6607.485316502125,6624.327507106396,2883.3311140962264,6644.911133355748,6653.6078338478455,2902.6721491136855,6656.814903566953,6660.439263991197,2920.456227835481,6657.106449246569,6660.150809976466,2939.3505508301823,6659.6307561818,6661.438200323991,2953.0109209419034,6644.802134975701,6650.811078338478,2970.9323677571024,6643.874527004309,6651.862974906013,2981.535605734461,-0.21013855310458274,2765.9496765078625,-0.5054918926581128,2801.0772810062886,-0.4624306234214874,2839.4983621708525,0.21766203578395976,2872.6597833282526,-0.11199324407115979,2881.222825942626,-4.290114659066279,2908.175994164763,-0.5378831959475073,2946.182691541659,-0.07525504605204136,2976.057221739683
33,2.8013819380430505,1778433090.601195,0.009927457896992564,6645.785961426782,6650.203476785768,2760.3589311849933,6645.75203258245,6653.864047742763,2771.7156174885536,6647.663893388757,6653.519248402971,2796.692286647528,6654.010274475043,6658.750203258244,2807.9434431398813,6656.5403169606025,6659.039809579117,2835.2033361704134,6659.231836659841,6662.215858727878,2848.9401769154256,6630.119071125104,6638.023055292355,2870.0106303873113,6633.459059510346,6643.0857199621,2875.2157550151646,6610.976010942325,6624.90223889721,2878.4761798803843,6606.4712397224675,6624.075260567901,2883.3311140962264,6643.745746859431,6653.474549928173,2902.6721491136855,6659.002821163309,6663.151982149953,2920.456227835481,6658.778877953357,6659.427267169973,2939.3505508301823,6658.391576244765,6663.011231164227,2953.0109209419034,6644.042826359386,6650.584431641042,2970.9323677571024,6643.689885991991,6652.348198184429,2981.535605734461,-0.03207560258809309,2766.127739458379,-0.32855209745105896,2801.2542208014956,-0.7410420668880685,2839.219750727386,0.07432117155920577,2872.516442464028,-0.09121276132710694,2881.24360642537,-4.548943878107272,2907.9171649457217,0.37600068196504494,2947.0965754195718,-0.06844656015272878,2976.0640302255824
34,2.8768571249675006,1778433090.676785,0.010157499928027391,6642.896721887702,6649.356213894917,2760.3589311849933,6645.007029984411,6650.946943485038,2771.7156174885536,6646.680678240669,6650.878440871718,2796.692286647528,6650.529756701409,6654.7751123269245,2807.9434431398813,6654.012443072408,6657.002348931748,2835.2033361704134,6658.879273772045,6663.886795855366,2848.9401769154256,6629.191921630957,6635.048936332792,2870.0106303873113,6632.99761591833,6640.678781673136,2875.2157550151646,6610.041736711802,6621.151439618548,2878.4761798803843,6606.292606290308,6623.386950209371,2883.3311140962264,6641.299322981936,6652.252486474921,2902.6721491136855,6654.841542623102,6659.686465751749,2920.456227835481,6653.601661215883,6657.0536158571995,2939.3505508301823,6657.233989974631,6661.0953556255145,2953.0109209419034,6643.031893205366,6649.659111471102,2970.9323677571024,6642.181093926704,6649.554769691596,2981.535605734461,-0.24060015791895037,2765.919214903048,-0.20591747577643493,2801.37685542317,-0.3044426018122167,2839.6563501924616,0.07749469521573639,2872.519615987684,-0.03412423436971024,2881.3006949523274,-4.817619747324207,2907.648489076505,-0.24922291845987876,2946.4713518191465,-0.1367992820471066,2975.995677503688
35,2.9533381460933015,1778433090.753279,0.010181708028540015,6644.376379252377,6649.65951798759,2760.3589311849933,6643.475528012959,6651.754315799127,2771.7156174885536,6649.3699315340655,6653.436687349084,2796.692286647528,6652.788580860104,6657.4289039337355,2807.9434431398813,6657.903851208852,6659.354966836812,2835.2033361704134,6660.771070085888,6661.859229146927,2848.9401769154256,6626.602842558913,6633.896562948927,2870.0106303873113,6630.154370816395,6641.032846838035,2875.2157550151646,6610.073932512149,6622.789390836569,2878.4761798803843,6607.45535654247,6624.186112724272,2883.3311140962264,6642.86792034722,6651.572631965033,2902.6721491136855,6654.379027722591,6661.2474050187975,2920.456227835481,6656.613378365988,6659.998745300608,2939.3505508301823,6660.1598740715835,6659.717027844851,2953.0109209419034,6641.48266191888,6648.055402390195,2970.9323677571024,6643.627010422717,6651.327458202158,2981.535605734461,-0.06657714973458259,2766.0932379112323,-0.15054830732997168,2801.4322245916164,-0.9825933925648103,2838.978199401709,0.1315645250173924,2872.573685817486,-0.08295400485154925,2881.2518651818455,-2.650386075747548,2909.8157227480815,-0.9926862248386714,2945.727888512768,-0.11792518646858224,2976.0145515992663
36,3.0286844795336947,1778433090.828536,0.010004124836996198,6645.023585597703,6653.477225907021,2760.3589311849933,6646.872856618883,6651.964469541829,2771.7156174885536,6648.864759910748,6652.072035944616,2796.692286647528,6654.06954641318,6659.226483173885,2807.9434431398813,6657.1055384051115,6660.282826970688,2835.2033361704134,6659.960364642235,6660.371244307241,2848.9401769154256,6627.480933459669,6635.656352966347,2870.0106303873113,6633.177412354434,6643.285524345141,2875.2157550151646,6611.239565057922,6624.8518858697325,2878.4761798803843,6607.678738881927,6622.671961059999,2883.3311140962264,6644.144090228321,6651.719503621969,2902.6721491136855,6655.363783354219,6659.979756701408,2920.456227835481,6654.364359507289,6660.498725433261,2939.3505508301823,6659.1843063239285,6662.130079163738,2953.0109209419034,6644.753195586393,6651.385590060212,2970.9323677571024,6645.571977870832,6652.301592444293,2981.535605734461,-0.38113912698897073,2765.778675933978,-0.005849228464614617,2801.576923670482,-1.6682043658569323,2838.292588428417,0.08067442452153767,2872.52279571699,-0.148099837814593,2881.1867193488824,-3.2186638918379016,2909.247444931991,-0.8804935833892817,2945.8400811542174,-0.1693028816277053,2975.9631739041074
37,3.104824063135311,1778433090.9045818,0.009817542042583227,6645.741365345233,6651.439652168598,2760.3589311849933,6645.688525842833,6652.771513280558,2771.7156174885536,6648.329018553045,6651.127954885839,2796.692286647528,6652.040423938624,6659.264235718433,2807.9434431398813,6655.510680991533,6659.979067457285,2835.2033361704134,6660.733458141028,6663.4920301372385,2848.9401769154256,6627.5748739187575,6635.130705749305,2870.0106303873113,6632.599483448971,6641.458827215209,2875.2157550151646,6609.943595072898,6624.216103249075,2878.4761798803843,6608.37825136779,6624.845196686738,2883.3311140962264,6643.352966347769,6652.380152520096,2902.6721491136855,6653.196370388481,6659.9308967814895,2920.456227835481,6656.050984197817,6659.611607115566,2939.3505508301823,6658.994431029741,6661.519688541125,2953.0109209419034,6641.457768132775,6649.564573463336,2970.9323677571024,6641.877025705291,6650.318967203593,2981.535605734461,-0.14631374693877203,2766.0135013140284,0.25464504163003326,2801.8374179405764,-1.3671779637701986,2838.5936148305036,0.06140398291186396,2872.5035252753805,-0.12808265481196598,2881.2067365318853,-2.8808413681706777,2909.585267455658,-0.5025856472642342,2946.217989090342,-0.15741139773975554,2975.975065387995
38,3.190048708464019,1778433090.9919648,0.01412758301012218,6643.894116208699,6650.76613075771,2760.3589311849933,6644.9386679707795,6653.746011247975,2771.7156174885536,6649.413075771005,6652.381500443194,2796.692286647528,6652.206226120978,6656.970998257787,2807.9434431398813,6656.472182657334,6659.517917290706,2835.2033361704134,6659.933338936945,6660.9159122168885,2848.9401769154256,6626.696625607481,6633.968004401382,2870.0106303873113,6631.053699911361,6639.96545221139,2875.2157550151646,6609.635313445609,6623.427568236696,2878.4761798803843,6605.6583366445575,6620.683569703823,2883.3311140962264,6641.569014579577,6652.795450377479,2902.6721491136855,6655.363305009628,6660.352750863465,2920.456227835481,6656.386334321605,6658.620165357459,2939.3505508301823,6658.4420026286025,6661.658055445181,2953.0109209419034,6643.166526576398,6647.817471039521,2970.9323677571024,6642.786415319252,6650.734158082954,2981.535605734461,-0.11916831316882931,2766.0406467477983,-0.021772595873312716,2801.5610003030733,-1.4676823195512019,2838.4931104747225,0.07179691666965737,2872.5139182091384,-0.15172921386399155,2881.183089972833,-4.882879905170758,2907.5832289186583,-0.1485183014973124,2946.572056436109,-0.00946227693476005,2976.1230145088
39,3.271135395974852,1778433091.070979,0.009988541947677732,6644.246457499159,6650.943456001468,2760.3589311849933,6647.04842283828,6653.042861509307,2771.7156174885536,6647.90175902436,6650.724291652657,2796.692286647528,6651.496773848458,6657.144817678882,2807.9434431398813,6653.717736956323,6658.687853409542,2835.2033361704134,6659.516569367607,6663.06933398539,2848.9401769154256,6629.349795213498,6635.262901549654,2870.0106303873113,6632.259028945196,6643.593342910413,2875.2157550151646,6610.835001681083,6624.076302839503,2878.4761798803843,6608.335695509979,6624.61147874194,2883.3311140962264,6642.073914173059,6656.131226885105,2902.6721491136855,6657.262365131277,6661.183853959714,2920.456227835481,6657.157250053488,6661.191232386833,2939.3505508301823,6659.789916557142,6661.879678760277,2953.0109209419034,6644.136499373414,6649.953345355626,2970.9323677571024,6642.168290185529,6650.958758443623,2981.535605734461,-0.24967714147806946,2765.910137919489,0.08649535978587443,2801.6692682587322,-1.2840604174624537,2838.6767323768113,0.18800791479534223,2872.630129207264,-0.10724243802137756,2881.227576748676,-6.858943786617749,2905.6071650372114,-0.6619582224951938,2946.058616515111,-0.025559674751979813,2976.106917110983
40,3.3471335836220533,1778433091.146993,0.01001908304169774,6645.883150961274,6650.819210196534,2760.3589311849933,6644.461382461716,6652.841226273803,2771.7156174885536,6648.0036265550025,6651.341000091695,2796.692286647528,6651.914159305559,6655.768030381759,2807.9434431398813,6655.307821621786,6659.2307714643775,2835.2033361704134,6658.293318458294,6661.536465751749,2848.9401769154256,6627.554482379191,6635.00696426934,2870.0106303873113,6630.494819207141,6638.732872818413,2875.2157550151646,6607.831693003638,6623.5438120854615,2878.4761798803843,6608.448983708775,6624.831873338019,2883.3311140962264,6643.957028456154,6653.943364306018,2902.6721491136855,6656.332259987163,6659.273843873215,2920.456227835481,6655.304931686891,6660.2063881162685,2939.3505508301823,6659.6475991074985,6661.9319100162,2953.0109209419034,6645.067853103891,6649.097469205612,2970.9323677571024,6643.109415594338,6652.029635969067,2981.535605734461,-0.0444113771218087,2766.115403683845,-0.15651945969596293,2801.4262534392506,-1.0732140582673804,2838.8875787360066,0.04557446890893845,2872.4876957613774,-0.16590693084064434,2881.1689122558564,-5.290802216660352,2907.1753066071687,-0.7801910493174877,2945.940383688289,0.07015221364862716,2976.2026289993837
41,3.4247444585198537,1778433091.224575,0.00996333290822804,6645.0995522205585,6652.678932970627,2760.3589311849933,6646.431793868631,6651.902162484335,2771.7156174885536,6649.084862609653,6650.3901030045545,2796.692286647528,6651.386134119876,6657.420495461076,2807.9434431398813,6655.418239753034,6659.829029250848,2835.2033361704134,6660.000560870496,6662.05775896323,2848.9401769154256,6628.8237598190535,6635.842190604274,2870.0106303873113,6634.038764251001,6641.843211480269,2875.2157550151646,6609.3550447779435,6622.048396857902,2878.4761798803843,6604.537559984106,6622.375587615001,2883.3311140962264,6642.304717730843,6653.74629397561,2902.6721491136855,6656.218542348014,6660.247860439526,2920.456227835481,6655.44925421035,6658.774881560045,2939.3505508301823,6658.341090258888,6661.472690038818,2953.0109209419034,6642.799070819451,6649.586132591619,2970.9323677571024,6643.179177491824,6651.784237552342,2981.535605734461,-0.3191613060750213,2765.840653754892,0.28701689427211924,2801.869789793219,-1.5506619886091801,2838.4101308056647,0.04551038492270196,2872.487631677391,-0.05486036697883419,2881.279958819718,-5.478319848129279,2906.9877889757,-0.354995113399885,2946.3655796242065,-0.08338833384703966,2976.049088451888
42,3.5022974375169724,1778433091.302055,0.009818125050514936,6644.184155026439,6651.708298438121,2760.3589311849933,6644.375581501971,6653.83670263166,2771.7156174885536,6646.888884983343,6650.786251795702,2796.692286647528,6653.959508818045,6657.526949292417,2807.9434431398813,6656.453172662531,6659.654826237124,2835.2033361704134,6660.990917565791,6664.187535531986,2848.9401769154256,6628.019939175351,6635.062213833788,2870.0106303873113,6632.618447596052,6641.360968303941,2875.2157550151646,6608.03627166305,6621.595577222851,2878.4761798803843,6606.643975609009,6623.847085612983,2883.3311140962264,6642.224265672281,6654.710078858085,2902.6721491136855,6656.921073142403,6661.983042454992,2920.456227835481,6656.249686707217,6657.828783201394,2939.3505508301823,6657.918870923373,6661.949052480362,2953.0109209419034,6644.149827306904,6650.408486413791,2970.9323677571024,6643.920467952441,6651.169288137666,2981.535605734461,-0.1190547764382996,2766.040760284529,-0.24581703296888965,2801.336955865978,-0.8809626136962481,2839.0798301805776,0.07362468217615278,2872.5157459746447,-0.09221000829390408,2881.242609178403,-5.484465249181675,2906.9816435746475,0.10923891472639174,2946.829813652333,-0.12467126286507726,2976.00780552287
43,3.5801580835832283,1778433091.380043,0.010070833144709468,6645.489344988845,6650.565484304796,2760.3589311849933,6644.939351101874,6651.776481645628,2771.7156174885536,6647.5396017361,6651.536997585354,2796.692286647528,6652.786505486445,6658.631475991075,2807.9434431398813,6656.994036739309,6660.419072653359,2835.2033361704134,6659.935952257237,6661.293437662377,2848.9401769154256,6627.786143289421,6634.678511171563,2870.0106303873113,6634.063323348719,6643.163390592048,2875.2157550151646,6607.708581165755,6623.749972491365,2878.4761798803843,6608.262722743528,6622.499697405018,2883.3311140962264,6643.307259223034,6651.030465812881,2902.6721491136855,6653.563254577132,6660.942804963781,2920.456227835481,6656.412554635205,6656.866517406852,2939.3505508301823,6654.321149555278,6660.381109209278,2953.0109209419034,6641.1300959745695,6648.267171501056,2970.9323677571024,6641.76495399945,6652.317740012838,2981.535605734461,-0.12766409606420318,2766.032150964903,-0.016661216211343022,2801.566111682735,-1.4688469238269022,2838.491945870447,0.08915079917603286,2872.5312720916445,-0.2271488160372519,2881.10767037066,-1.8927212160952476,2910.573387607734,0.6632265408242212,2947.383801278431,-0.003675669581287223,2976.1288011161537
44,3.687835104530677,1778433091.4908018,0.016233709175139666,6646.339416816945,6651.413616774153,2760.3589311849933,6645.539066845982,6652.5687700583785,2771.7156174885536,6650.156826726166,6653.135099489562,2796.692286647528,6651.96929119418,6656.977751627595,2807.9434431398813,6654.325801571048,6658.313737506495,2835.2033361704134,6656.918048720849,6660.276669621298,2848.9401769154256,6625.716002384082,6633.026373139347,2870.0106303873113,6628.893567564262,6640.198279182077,2875.2157550151646,6608.713677904454,6624.486007274507,2878.4761798803843,6606.72274964086,6624.602425344621,2883.3311140962264,6644.428223859157,6653.288608368738,2902.6721491136855,6655.365736467279,6660.867681939053,2920.456227835481,6655.487604303574,6658.922459271938,2939.3505508301823,6657.887585964483,6660.857476235596,2953.0109209419034,6642.16196931259,6647.4715102240425,2970.9323677571024,6642.5515206161945,6650.395733105113,2981.535605734461,-0.11804395718580583,2766.0417711037812,0.002879622154062599,2801.5856525211007,-1.0587938630976725,2838.901998931176,0.14417817658530338,2872.5862994690538,-0.13021358152824175,2881.204605605169,-3.4211957058483784,2909.0449131179807,-0.4024890542705262,2946.318085683336,-0.047557123941358595,2976.0849196617937
45,3.777608625474386,1778433091.577462,0.010002332972362638,6643.304295931778,6650.179426597793,2760.3589311849933,6645.789748448818,6651.399591955253,2771.7156174885536,6647.134448451876,6651.125402695846,2796.692286647528,6652.519470000307,6655.833890637895,2807.9434431398813,6655.199663783354,6660.683771433811,2835.2033361704134,6660.532229422014,6662.871682917137,2848.9401769154256,6629.167874499496,6635.19460066632,2870.0106303873113,6631.259484365926,6641.383976220313,2875.2157550151646,6608.91183635419,6624.140931320109,2878.4761798803843,6606.285096433047,6623.935174374179,2883.3311140962264,6644.31164685026,6652.570437387291,2902.6721491136855,6654.596264938717,6659.993602714186,2920.456227835481,6656.854459455329,6658.481703701439,2939.3505508301823,6658.962993245102,6662.39487422441,2953.0109209419034,6643.970478650243,6651.095850780939,2970.9323677571024,6643.4137818259605,6650.768033438275,2981.535605734461,-0.27750356290437045,2765.882311498063,-0.2822034503408449,2801.3005694486055,-1.7762869477625476,2838.1845058465115,0.14740797116579393,2872.589529263634,-0.1224114387913896,2881.2124077479057,-3.1688547147962156,2909.297254109033,-0.004217899971737523,2946.716356837635,-0.16265906056135038,2975.9698177251735
46,3.854410646017641,1778433091.65442,0.010319457855075598,6642.10481706758,6648.356676956934,2760.3589311849933,6646.335211052358,6653.033632362381,2771.7156174885536,6649.930633921203,6652.995704068222,2796.692286647528,6655.142036250267,6657.12626157655,2807.9434431398813,6655.543459057983,6659.750924595775,2835.2033361704134,6662.602275575389,6663.2413363083415,2848.9401769154256,6626.300623529052,6633.652044808509,2870.0106303873113,6629.615725769478,6639.282496867073,2875.2157550151646,6608.224522419538,6620.324343613412,2878.4761798803843,6604.192988354678,6621.272615154201,2883.3311140962264,6641.105789039338,6652.113136901305,2902.6721491136855,6654.532856007581,6658.432672616682,2920.456227835481,6656.140255830302,6659.757305070758,2939.3505508301823,6658.3525139835565,6661.556111501665,2953.0109209419034,6641.859447687746,6648.387561512364,2970.9323677571024,6644.766687043433,6650.006010636673,2981.535605734461,-0.19291248892324842,2765.9669025720436,-0.3246560307721158,2801.2581168681745,-1.8972009616334538,2838.06359183264,0.09258206782002314,2872.5347033602884,-0.058957013476138215,2881.275862173221,-5.324356209588153,2907.141752614241,-0.39343668883939875,2946.327138048767,-0.23860709488664025,2975.8938696908485
47,3.93260122963693,1778433091.732446,0.00999220903031528,6640.645942476389,6648.890819757314,2760.3589311849933,6644.332004768165,6651.7522220863775,2771.7156174885536,6646.949237399518,6650.888782590091,2796.692286647528,6652.277274811259,6657.16470489348,2807.9434431398813,6655.987865635601,6659.5220130207545,2835.2033361704134,6658.771323776629,6661.497823761347,2848.9401769154256,6627.729200415686,6635.781799981662,2870.0106303873113,6630.436583427576,6641.798612342207,2875.2157550151646,6609.4651985206465,6622.838253813003,2878.4761798803843,6606.283325182628,6623.552527737872,2883.3311140962264,6642.6866048231805,6651.5866934621135,2902.6721491136855,6655.31398966898,6659.421565241311,2920.456227835481,6657.207225601369,6657.917795030106,2939.3505508301823,6657.502310725312,6660.063705413088,2953.0109209419034,6643.0372726717005,6648.36691322554,2970.9323677571024,6642.228992572668,6647.314637650152,2981.535605734461,-0.25579963882918455,2765.904015422138,-0.11127460213941663,2801.471498296807,-1.109596206317148,2838.8511965879566,0.12309973211654489,2872.5652210245853,-0.08586888560248444,2881.2489503010947,-4.1493293535872615,2908.3167794702417,0.004128038925667586,2946.724702776532,-0.18627211280997438,2975.946204672925
48,4.01123068749439,1778433091.811179,0.010196625022217631,6645.752717241802,6649.921273344134,2760.3589311849933,6645.215641715316,6651.874430724088,2771.7156174885536,6648.152811993765,6652.430340495766,2796.692286647528,6651.835211052358,6657.260398263899,2807.9434431398813,6657.430870801113,6660.303450805392,2835.2033361704134,6661.81027141853,6662.4668261148645,2848.9401769154256,6627.821884647125,6636.098279182076,2870.0106303873113,6633.703091664885,6641.71662285662,2875.2157550151646,6607.14873154629,6620.669826084299,2878.4761798803843,6605.927423052235,6624.540245132499,2883.3311140962264,6642.003194058135,6651.8501604670355,2902.6721491136855,6652.470226487758,6658.3131369013045,2920.456227835481,6655.932839196747,6660.0035440290985,2939.3505508301823,6659.568420087415,6661.556842008741,2953.0109209419034,6643.31334627258,6650.543538527371,2970.9323677571024,6644.392066815417,6650.087150411101,2981.535605734461,-0.09157885685585596,2766.068236204111,-0.09018101864367117,2801.492591880303,-1.5112290822693684,2838.4495637120044,0.013227278128957172,2872.4553485705974,-0.05639552860862111,2881.2784236580883,-3.749186930066404,2908.7169218937624,-0.6862970074126897,2946.034277730194,-0.25081280607352835,2975.8816639796614
49,4.089927396038547,1778433091.8897111,0.009868042077869177,6643.831783170829,6650.402630131126,2760.3589311849933,6643.472179600819,6652.0937463703885,2771.7156174885536,6648.509418650855,6650.766832227893,2796.692286647528,6650.76572424122,6655.834990983281,2807.9434431398813,6654.290685270656,6657.470697191064,2835.2033361704134,6658.893631751077,6661.898843109087,2848.9401769154256,6624.903842039307,6631.303900113091,2870.0106303873113,6628.859470611608,6641.162948925635,2875.2157550151646,6610.761561267842,6622.164053855794,2878.4761798803843,6605.654740654706,6622.26740379619,2883.3311140962264,6642.283876883577,6652.405683589571,2902.6721491136855,6654.509893938931,6658.300201729988,2920.456227835481,6654.064276981386,6658.559216920867,2939.3505508301823,6656.289951707064,6660.429700155883,2953.0109209419034,6642.263146070849,6647.567628450041,2970.9323677571024,6641.447473790385,6649.826415930556,2981.535605734461,-0.11336256362379066,2766.046452497343,0.08522150003321358,2801.6679943989798,-0.9293697823740057,2839.0314230118997,0.20283846842363942,2872.644959760892,-0.05322243607926108,2881.281596750618,-4.929893419156725,2907.5362154046725,-0.3832732518113272,2946.3373014857953,-0.020540566224094,2976.111936219511
50,4.172131125116721,1778433091.9750881,0.016214000061154366,6644.001545068313,6650.470368615705,2760.3589311849933,6644.63486413791,6651.763911727848,2771.7156174885536,6647.35804474738,6652.464949414677,2796.692286647528,6653.137830485682,6657.006702937311,2807.9434431398813,6654.592566555613,6658.477224378762,2835.2033361704134,6658.693028089372,6661.823877494881,2848.9401769154256,6628.455417672771,6636.215395665861,2870.0106303873113,6634.374277898341,6640.899028028242,2875.2157550151646,6608.254661185316,6622.63483357276,2878.4761798803843,6605.809297918514,6622.829197359171,2883.3311140962264,6641.033257939298,6650.633785188128,2902.6721491136855,6653.116434880949,6659.96551181343,2920.456227835481,6654.69284164196,6657.616696212979,2939.3505508301823,6657.253764098175,6661.320437387291,2953.0109209419034,6641.546825809212,6647.303389675093,2970.9323677571024,6641.581488217135,6650.005244979673,2981.535605734461,-0.18217524893116846,2765.9776398120357,-0.3413728774754935,2801.2414000214712,-1.0944852581825417,2838.8663075360914,-0.016640019425501675,2872.425481273043,-0.11699779385052192,2881.2178213928464,-3.115215406023453,2909.3508934178058,-0.12043183097372528,2946.6001429066328,-0.040926549749019894,2976.091550235986
51,4.258943979511969,1778433092.0587142,0.009841459104791284,6642.129072042058,6648.408417642204,2760.3589311849933,6645.967811840938,6648.807991258366,2771.7156174885536,6646.281683834093,6652.741930800502,2796.692286647528,6650.555058532262,6655.506365192408,2807.9434431398813,6654.723438884985,6659.007645872177,2835.2033361704134,6657.822074151052,6660.430797444754,2848.9401769154256,6626.707086529939,6634.168704343308,2870.0106303873113,6632.1661582663455,6641.763091053583,2875.2157550151646,6607.871698199711,6621.487726564173,2878.4761798803843,6603.708929608461,6620.401167588716,2883.3311140962264,6639.341460097197,6652.16866613687,2902.6721491136855,6652.912262738026,6657.361284653239,2920.456227835481,6654.449057065135,6656.838626707827,2939.3505508301823,6656.859097716784,6660.204791087203,2953.0109209419034,6642.756113029924,6647.0048231806095,2970.9323677571024,6642.5871641654185,6650.3064675856585,2981.535605734461,-0.385152528955202,2765.774662532012,-0.3698444679149958,2801.2129284310317,-1.357196292334004,2838.60359650194,0.08694693958518722,2872.5290682320538,-0.10607720609387564,2881.2287419806034,-5.969565954100266,2906.4965428697287,-0.1530948443567848,2946.5674798932496,-0.0007693842480586506,2976.131707401487
52,4.3331097710179165,1778433092.132829,0.009741292102262378,6639.888509032002,6647.5486413791,2760.3589311849933,6643.2257159886285,6650.001994376013,2771.7156174885536,6646.167166916282,6651.046368860227,2796.692286647528,6651.833665984045,6654.809715132807,2807.9434431398813,6653.82384692973,6656.441807011646,2835.2033361704134,6657.843914478712,6662.534660879665,2848.9401769154256,6627.945884402604,6634.325864229606,2870.0106303873113,6629.021811290765,6638.585237032736,2875.2157550151646,6608.565137390348,6620.375586086744,2878.4761798803843,6605.97684384265,6621.942850811504,2883.3311140962264,6639.487935935447,6651.434031237583,2902.6721491136855,6654.616904055995,6658.859388085705,2920.456227835481,6652.776041507474,6657.108121160252,2939.3505508301823,6654.59581410276,6658.124776110279,2953.0109209419034,6640.975257511386,6646.862976434271,2970.9323677571024,6640.017072164318,6649.648256258214,2981.535605734461,-0.2587059628926373,2765.9011090980744,-0.4113840448757402,2801.1713888540708,-0.2883920485698511,2839.672400745704,0.11937049633805252,2872.5614917888065,-0.07944358691768096,2881.2553755997797,-5.628026968700863,2906.838081855128,-0.4618369787156891,2946.2587377588907,0.012868675293122274,2976.1453454610282
53,4.4081084380159155,1778433092.2078269,0.009739457862451673,6641.546789131033,6648.182628297215,2760.3589311849933,6644.048740715836,6651.340326130147,2771.7156174885536,6647.384168780755,6650.736105082984,2796.692286647528,6650.061409970351,6655.481939053092,2807.9434431398813,6654.8197664822565,6658.154963780298,2835.2033361704134,6658.166173548921,6659.833161659076,2848.9401769154256,6625.853654063637,6633.08769141425,2870.0106303873113,6629.470124094509,6639.944136076047,2875.2157550151646,6608.463661093621,6622.26832075068,2878.4761798803843,6605.863732921722,6622.050140599688,2883.3311140962264,6640.9808264816475,6652.087504966837,2902.6721491136855,6652.719803160437,6659.273001803343,2920.456227835481,6653.380759238316,6655.597157441085,2939.3505508301823,6655.5474141883415,6659.981699116668,2953.0109209419034,6643.378502002018,6647.369022220863,2970.9323677571024,6641.545913439496,6648.993691353118,2981.535605734461,-0.18248861604215924,2765.977326444925,0.00690095413845438,2801.589673853085,-1.3551421564784498,2838.6056506377954,0.12098570130773934,2872.5631069937763,-0.12336811079902224,2881.211451075898,-4.02887771860427,2908.437231105225,0.0683472301118541,2946.7889219677186,-0.0013450269707962342,2976.1311317587642
54,4.482465354492888,1778433092.282239,0.009849708992987871,6644.4634058746215,6650.506359079378,2760.3589311849933,6644.188891096371,6651.294608307609,2771.7156174885536,6647.793018919828,6650.337243634807,2796.692286647528,6652.737883974692,6657.050105449767,2807.9434431398813,6654.961422196412,6655.315232142311,2835.2033361704134,6656.884884005257,6660.992025552465,2848.9401769154256,6626.966959073265,6632.516468502615,2870.0106303873113,6629.235214108873,6640.417735428065,2875.2157550151646,6608.391759635664,6621.543588959867,2878.4761798803843,6603.661079866736,6622.147172723661,2883.3311140962264,6639.287576794939,6650.3939160069685,2902.6721491136855,6653.357830791332,6659.006864932604,2920.456227835481,6654.976872879543,6658.196219090993,2939.3505508301823,6657.020142433597,6660.631393465172,2953.0109209419034,6642.31190359752,6649.584477488768,2970.9323677571024,6642.220257052909,6649.021423113367,2981.535605734461,-0.16221648893014728,2765.997598572037,-0.024814240555663912,2801.557958658391,0.1917756657191359,2840.152568459993,0.19462884911850611,2872.636750141587,-0.05016704443106609,2881.284652142266,-4.488757423341101,2907.977351400488,-0.25212936114138673,2946.4684453764653,-0.197648014492057,2975.934828771243
55,4.55692035460379,1778433092.356862,0.010182291036471725,6642.912030442889,6651.4033193752475,2760.3589311849933,6646.616471559128,6652.220645230309,2771.7156174885536,6648.115134333832,6652.433979276828,2796.692286647528,6652.239451966867,6656.999987773939,2807.9434431398813,6654.520984503468,6659.420172998747,2835.2033361704134,6659.646135036831,6662.3873215759395,2848.9401769154256,6626.810609163431,6633.35776507626,2870.0106303873113,6632.6624476571815,6640.985030717976,2875.2157550151646,6609.226995140141,6624.018152642357,2878.4761798803843,6606.518719625883,6623.0490020478655,2883.3311140962264,6640.156042730079,6651.332289024055,2902.6721491136855,6654.096362747196,6658.670391539566,2920.456227835481,6654.03880092918,6657.945739218143,2939.3505508301823,6658.240095363268,6661.038327169362,2953.0109209419034,6642.270296787603,6648.982585506006,2970.9323677571024,6642.956976495399,6648.211417611639,2981.535605734461,-0.3577700449376241,2765.8020450160293,-0.1644830687349099,2801.4182898302115,-1.4950434103592658,2838.4657493839145,0.07591450862555084,2872.518035801094,-0.1392739870167177,2881.1955451996805,-5.068782366465781,2907.3973264573633,-0.5156099582538805,2946.204964779353,-0.2469578194493056,2975.885518966286
56,4.631118313060142,1778433092.4310699,0.010205208091065288,6640.900968915243,6647.253482898799,2760.3589311849933,6643.852397835988,6652.163731393464,2771.7156174885536,6646.636879909526,6650.524629397561,2796.692286647528,6650.7551211908185,6657.226944707644,2807.9434431398813,6653.75254302045,6657.813239294557,2835.2033361704134,6657.896413179692,6661.2763945349525,2848.9401769154256,6624.737083167772,6630.896812054894,2870.0106303873113,6628.09454564905,6639.512467524529,2875.2157550151646,6607.723026255463,6622.839691903291,2878.4761798803843,6604.698809487422,6621.175170400708,2883.3311140962264,6641.0488889568105,6649.051652046337,2902.6721491136855,6653.05357306599,6658.7820674267205,2920.456227835481,6656.138036800441,6658.314613198032,2939.3505508301823,6656.617634563071,6659.221589693431,2953.0109209419034,6641.966781795398,6648.597997982701,2970.9323677571024,6643.156481339976,6648.4938075006885,2981.535605734461,-0.11806256865162376,2766.0417524923155,0.06094934835655432,2801.6437222473032,-1.0736969978410287,2838.8870957964327,0.18307645131211614,2872.6251977437805,-0.14863507413837806,2881.1861841125587,-2.872454934845481,2909.5936538889837,-0.245732645607903,2946.4748420919987,-0.23879206795939284,2975.8936847177756
57,4.728214896516874,1778433092.529433,0.012736625038087368,6645.177685912522,6650.612536296116,2760.3589311849933,6644.886375584558,6650.158394718342,2771.7156174885536,6647.442696457499,6650.601752911331,2796.692286647528,6651.310129290583,6655.423279946206,2807.9434431398813,6652.535368462879,6658.296868600422,2835.2033361704134,6657.915861784393,6661.782671088426,2848.9401769154256,6626.616463917841,6634.664454259253,2870.0106303873113,6631.660405905187,6639.583615551548,2875.2157550151646,6607.271641654186,6622.790115230613,2878.4761798803843,6605.789537549286,6621.112400281199,2883.3311140962264,6641.32761408442,6650.708778310969,2902.6721491136855,6654.459054925574,6658.435402084544,2920.456227835481,6653.844431029739,6658.522789375554,2939.3505508301823,6657.583658342756,6661.356126784241,2953.0109209419034,6642.687653207812,6648.26210838402,2970.9323677571024,6642.207852186936,6649.386005746249,2981.535605734461,-0.22284285866482006,2765.936972202302,-0.11044446106202964,2801.4723284378847,-1.4202274209962855,2838.540565373278,0.017505362174139057,2872.4596266546428,-0.18721993715915128,2881.147599249538,-4.460594047687376,2908.005514776142,-0.480037949521516,2946.240536788085,-0.09400217335552302,2976.0384746123796
58,4.804824167047627,1778433092.604664,0.009981333976611495,6642.183583458141,6649.02383470367,2760.3589311849933,6644.7262569917775,6648.959126753674,2771.7156174885536,6645.6487529418955,6648.744003117647,2796.692286647528,6649.777173946267,6654.575517315157,2807.9434431398813,6653.333069963628,6655.717150105449,2835.2033361704134,6656.712846532386,6660.20610233212,2848.9401769154256,6625.2491701561885,6633.037769355382,2870.0106303873113,6630.645271571355,6639.8687624170925,2875.2157550151646,6606.384266589234,6619.086051593973,2878.4761798803843,6603.26553626555,6619.376327291623,2883.3311140962264,6642.424218296299,6650.51290919094,2902.6721491136855,6652.848436592596,6659.777875416451,2920.456227835481,6655.332907968334,6657.038724516306,2939.3505508301823,6656.008654522113,6659.35674572852,2953.0109209419034,6641.215980988478,6647.253722835225,2970.9323677571024,6640.712290246663,6648.309267353363,2981.535605734461,-0.34393080810415505,2765.815884252863,-0.03159586624023885,2801.551177032706,-0.5628962284886854,2839.3978965657852,0.06543079067380671,2872.5075520831424,-0.09787552854599985,2881.236943658151,-2.3063932659250064,2910.159715557904,-0.032512427030050174,2946.6880623105762,-0.09621282959344883,2976.0362639561417
59,4.881610479555093,1778433092.681598,0.01027620886452496,6640.071916740531,6645.403647950606,2760.3589311849933,6642.931570743039,6649.776102637772,2771.7156174885536,6646.15126845371,6649.841327138796,2796.692286647528,6650.131602836445,6655.81189595623,2807.9434431398813,6653.289931839716,6653.873929455634,2835.2033361704134,6655.76691322554,6658.258064614727,2848.9401769154256,6623.1355060060505,6631.719167405325,2870.0106303873113,6630.600874163279,6638.201100345386,2875.2157550151646,6606.08278265122,6621.178660940795,2878.4761798803843,6605.195832441849,6619.578848916465,2883.3311140962264,6640.684605862395,6651.865852614848,2902.6721491136855,6654.466778738883,6658.057292844698,2920.456227835481,6653.901066723722,6655.861963199559,2939.3505508301823,6655.430962496563,6659.953825228475,2953.0109209419034,6640.721152611792,6646.705067701807,2970.9323677571024,6640.283670568819,6646.109505761529,2981.535605734461,-0.14005647700983662,2766.0197585839574,-0.0014575806059230836,2801.581315318341,-0.3347104633135685,2839.6260823309603,-0.008996007915734724,2872.4331252845527,-0.20006448646742298,2881.1347547002297,-5.569732773756014,2906.896376050073,0.12879100731213677,2946.8493657449185,-0.18199315404688382,2975.9504836316883
60,4.9572339170845225,1778433092.75712,0.010074666002765298,6643.774840297093,6648.848801846134,2760.3589311849933,6643.389360271419,6651.5325855060055,2771.7156174885536,6645.2664348809485,6651.093682183574,2796.692286647528,6650.323290644008,6655.13386312926,2807.9434431398813,6652.863308066143,6655.783574288596,2835.2033361704134,6656.703728948254,6660.107224073113,2848.9401769154256,6626.315929027723,6633.905414616254,2870.0106303873113,6629.524438365375,6639.46775682367,2875.2157550151646,6606.614257114039,6622.126252407004,2878.4761798803843,6603.372749640859,6620.425216248434,2883.3311140962264,6641.814284622672,6651.259895467189,2902.6721491136855,6654.0483555949495,6660.881873338019,2920.456227835481,6657.549514014121,6660.76577314546,2939.3505508301823,6658.900067243329,6661.305967845462,2953.0109209419034,6643.072832166763,6648.628265122109,2970.9323677571024,6641.105752361157,6649.89790781551,2981.535605734461,-0.0629467019234285,2766.0968683590436,-0.31810504465419137,2801.2646678542924,-0.7415706137614138,2839.2192221805126,0.09376040221570119,2872.535881694684,-0.14414097190402583,2881.190678214793,-3.044434483895509,2909.4216743399334,-0.46297001076910066,2946.2576047268376,-0.012395213250804001,2976.120081572484
61,5.035838583600707,1778433092.8355541,0.009730832884088159,6639.819677843324,6648.946497233854,2760.3589311849933,6642.70809823639,6651.642607818564,2771.7156174885536,6646.631318580556,6650.533850903199,2796.692286647528,6650.22300944463,6654.714029403674,2807.9434431398813,6653.817503132927,6656.860865910688,2835.2033361704134,6656.172242259377,6660.230164746157,2848.9401769154256,6623.886429073571,6631.425654858331,2870.0106303873113,6628.4069123085865,6638.589991441759,2875.2157550151646,6605.809773206589,6619.552711128771,2878.4761798803843,6602.088991961366,6621.027380261027,2883.3311140962264,6640.674624812787,6647.938924718035,2902.6721491136855,6653.395798820185,6656.673570315126,2920.456227835481,6655.2009505761525,6658.018626402178,2939.3505508301823,6655.584124461289,6658.6769431793855,2953.0109209419034,6640.767636091329,6648.3747531864165,2970.9323677571024,6640.489131032797,6648.171065501115,2981.535605734461,-0.22450205399255665,2765.9353130069744,-0.14895382451148523,2801.433819074435,-0.589873634704171,2839.37091915957,0.10264028155508433,2872.5447615740236,-0.05363500170273596,2881.2811841849943,-3.7407808010212262,2908.725328022808,-0.2724509755917094,2946.448123762015,-0.17036256343497697,2975.9621142223
62,5.164439375512302,1778433092.964649,0.010721832979470491,6642.932313476174,6645.964571935081,2760.3589311849933,6641.5945074426145,6649.146370388483,2771.7156174885536,6646.438305773756,6650.927986979246,2796.692286647528,6651.135175902436,6655.618750191032,2807.9434431398813,6653.825726686431,6655.551574105205,2835.2033361704134,6656.993245101934,6658.535425008406,2848.9401769154256,6623.841108597977,6632.347345416756,2870.0106303873113,6630.60165663111,6638.736311397745,2875.2157550151646,6606.766476143901,6621.916285111716,2878.4761798803843,6605.725489806522,6621.964148607757,2883.3311140962264,6642.129169850537,6650.699281718984,2902.6721491136855,6654.221462848061,6659.306912308585,2920.456227835481,6653.876099581257,6657.414998318915,2939.3505508301823,6656.862030442889,6662.13664150136,2953.0109209419034,6640.546211449704,6646.727759268882,2970.9323677571024,6640.735976709356,6649.9649845646,2981.535605734461,0.008966439689136138,2766.168781500656,-0.2116470292841486,2801.3711258696626,-0.9315429848345241,2839.0292498094395,0.009841363226092132,2872.451962655695,-0.15545511182374777,2881.1793640748733,-3.486142178850248,2908.979966644979,-0.01657282053252545,2946.704001917074,-0.021953595184019983,2976.110523190551
63,5.240288959001191,1778433093.0400589,0.009841250022873282,6641.254071277927,6647.8346883883005,2760.3589311849933,6644.692659779319,6650.695036219702,2771.7156174885536,6645.3140859492005,6648.729275300303,2796.692286647528,6649.107305070758,6654.854936271663,2807.9434431398813,6652.669627410825,6654.922199468167,2835.2033361704134,6656.308255646911,6657.257208790537,2848.9401769154256,6623.36656172632,6631.020492404561,2870.0106303873113,6630.218638628238,6639.02379191246,2875.2157550151646,6607.266353883302,6621.011191429532,2878.4761798803843,6602.422622795488,6617.532414341168,2883.3311140962264,6636.754535868202,6649.745276156126,2902.6721491136855,6652.913011584193,6656.682649692821,2920.456227835481,6654.032217195953,6656.662111440535,2939.3505508301823,6655.667411437479,6656.673687990953,2953.0109209419034,6640.079321148027,6643.545701011707,2970.9323677571024,6638.499836476449,6647.901338753554,2981.535605734461,-0.2435694230919792,2765.916245637875,0.034627978268625174,2801.617400877215,-1.2512417929152961,2838.7095510013587,0.056669810221453176,2872.49879110269,-0.14840094788723687,2881.18641823881,-6.399619531349077,2906.06648929248,-0.6058485129880424,2946.1147262246186,0.12250014158928171,2976.254976927324
64,5.31471887556836,1778433093.11466,0.010184832848608494,6641.940242075984,6646.606832839197,2760.3589311849933,6642.449350490571,6649.829794907846,2771.7156174885536,6645.5973989057675,6649.055086040896,2796.692286647528,6649.356510376869,6655.95061283125,2807.9434431398813,6653.17505425314,6655.411053886359,2835.2033361704134,6655.8455711098195,6659.4726671149565,2848.9401769154256,6624.6305193018925,6631.336202891462,2870.0106303873113,6628.868247394321,6636.382588562521,2875.2157550151646,6606.239915028884,6619.1986474921305,2878.4761798803843,6602.640755570498,6619.470240242076,2883.3311140962264,6639.848878259009,6649.1859064095115,2902.6721491136855,6651.529253904698,6656.213433383256,2920.456227835481,6654.733916618272,6659.290182473943,2939.3505508301823,6657.09173824006,6659.446047926154,2953.0109209419034,6638.596049454411,6644.941262951984,2970.9323677571024,6639.138021517865,6646.007603080967,2981.535605734461,-0.08051856647864933,2766.0792964944885,0.11919399974259262,2801.701966898689,-0.4823460347341801,2839.4784467595396,0.04626541027923347,2872.488386702748,-0.08641694569167713,2881.2484022410054,-4.079299973808158,2908.3868088500208,-0.7072732004982645,2946.0133015371084,-0.14794208422858396,2975.9845347015066
65,5.390279354527593,1778433093.190177,0.010097790975123644,6641.3498578720555,6648.42138490693,2760.3589311849933,6643.435535042944,6650.997939908915,2771.7156174885536,6646.263552587341,6648.5581028211645,2796.692286647528,6649.42849436073,6653.92605526179,2807.9434431398813,6652.219434850384,6654.92862731913,2835.2033361704134,6655.301924076169,6659.9331020570335,2848.9401769154256,6622.984825931473,6629.737101506861,2870.0106303873113,6628.22670477122,6637.962180212123,2875.2157550151646,6606.37791209463,6620.06472323257,2878.4761798803843,6602.224412384999,6618.711399272548,2883.3311140962264,6640.560754347893,6649.00220221903,2902.6721491136855,6652.1406333099,6655.800334688388,2920.456227835481,6652.549190023536,6655.1505807378435,2939.3505508301823,6654.904213405874,6658.133514686555,2953.0109209419034,6640.221846440689,6646.024626341046,2970.9323677571024,6640.113833786718,6646.657094171225,2981.535605734461,-0.19062953500421229,2765.969185525963,0.021166178591341837,2801.603939077538,-0.3310869076229591,2839.6297058866508,0.11308492382917446,2872.555206216298,-0.11289483277381406,2881.2219243539234,-4.144249419527415,2908.3218594043014,-0.21066339673658163,2946.50991134087,-0.137114706374416,2975.9953620793603
66,5.465856438037008,1778433093.265738,0.010065792128443718,6640.245406058013,6645.467808784425,2760.3589311849933,6642.116442522236,6649.627666045175,2771.7156174885536,6646.887388819268,6650.408110462451,2796.692286647528,6650.491696977106,6653.952037167223,2807.9434431398813,6652.851459485893,6657.544446312315,2835.2033361704134,6658.104441116239,6661.806109973409,2848.9401769154256,6627.405576611547,6632.477299263381,2870.0106303873113,6629.750398875202,6638.537451477825,2875.2157550151646,6608.052150258276,6622.5473194363785,2878.4761798803843,6605.1798254729965,6622.82670477122,2883.3311140962264,6642.853707552649,6651.772917749181,2902.6721491136855,6654.230479567197,6660.886931870281,2920.456227835481,6654.67808784424,6656.795977626311,2939.3505508301823,6657.2594446312305,6661.685741357704,2953.0109209419034,6642.411970840847,6646.118273374699,2970.9323677571024,6640.744641929273,6647.697207873583,2981.535605734461,-0.1016128311855671,2766.0582022297813,-0.21722780811298215,2801.3655450908336,-1.1625353047991884,2838.7982574894745,0.13572308906041944,2872.577844381529,-0.10430302511044312,2881.230516161587,-2.8665081028918507,2909.5996007209374,0.08411612860186017,2946.804690866208,-0.011855643174872118,2976.12062114256
67,5.541439438005909,1778433093.341263,0.00994820799678564,6639.36010636672,6646.346269523489,2760.3589311849933,6641.660868967204,6648.691681694532,2771.7156174885536,6643.5750557814,6648.829091909405,2796.692286647528,6648.55024299294,6653.577430693523,2807.9434431398813,6653.09700920011,6655.351615368158,2835.2033361704134,6657.312482807104,6660.617446587401,2848.9401769154256,6625.7502842558915,6630.833264052328,2870.0106303873113,6628.862951982151,6639.260407433445,2875.2157550151646,6608.663668734909,6621.203059571477,2878.4761798803843,6602.76793257328,6620.412845004126,2883.3311140962264,6640.122297276645,6650.070464895926,2902.6721491136855,6653.229851453373,6659.563939236483,2920.456227835481,6654.005428370571,6657.723614634594,2939.3505508301823,6655.754248555796,6660.012525598313,2953.0109209419034,6639.6587951218025,6644.535425008406,2970.9323677571024,6638.752885350125,6646.268085399029,2981.535605734461,-0.21270878931974563,2765.9471062716475,-0.2349598201847554,2801.3478130787616,-0.5797467572292108,2839.3810460370446,0.18486195943339465,2872.626983251902,-0.05574138556564548,2881.2790778011313,-3.5533088696773953,2908.9127999541515,-0.22612933274419247,2946.4944454048623,-0.0422295974846545,2976.0902471882505
68,5.617273916956037,1778433093.4172359,0.010224665980786085,6642.952092184491,6647.071702784485,2760.3589311849933,6640.288793287892,6648.869346211449,2771.7156174885536,6644.002228199407,6650.701846135038,2796.692286647528,6651.43512546994,6654.795305193021,2807.9434431398813,6653.589717883669,6655.327540728062,2835.2033361704134,6657.49703518049,6658.996141149862,2848.9401769154256,6625.858645352569,6633.388998074396,2870.0106303873113,6630.028469908611,6639.644087171806,2875.2157550151646,6607.180603356054,6619.909025888681,2878.4761798803843,6602.455625515786,6619.917309044227,2883.3311140962264,6640.890896170186,6649.850626585566,2902.6721491136855,6652.004836934927,6657.219243818198,2920.456227835481,6652.4266635082695,6656.2499938869705,2939.3505508301823,6653.530704221048,6655.899995415229,2953.0109209419034,6639.159602041752,6646.087298652077,2970.9323677571024,6640.589513097167,6647.602732524376,2981.535605734461,0.0060870789683449425,2766.1659021399355,-0.5627848418128195,2801.0199880571336,-0.9473013406694827,2839.0134914536043,0.08547212848883715,2872.527593420957,-0.06500719868183784,2881.269811988015,-3.6183956484635775,2908.8477131753652,-0.5760607186309936,2946.1445140189753,-0.16991762747400574,2975.962559158261
69,5.721900146454573,1778433093.521954,0.010410374961793423,6641.4824785279825,6643.856621939664,2760.3589311849933,6640.217278479077,6647.948421310022,2771.7156174885536,6646.356936760707,6648.847997982701,2796.692286647528,6650.221928966593,6653.990361280068,2807.9434431398813,6653.103806889385,6655.2528929914115,2835.2033361704134,6656.16641654186,6659.313786410736,2848.9401769154256,6624.760361585721,6630.000226182106,2870.0106303873113,6628.266097136046,6636.713372252957,2875.2157550151646,6603.18127884586,6618.048589418346,2878.4761798803843,6602.123231041967,6618.128665525568,2883.3311140962264,6639.75666625913,6649.534581410277,2902.6721491136855,6652.345927193814,6658.139532964514,2920.456227835481,6653.24460066632,6656.086456582205,2939.3505508301823,6655.417194424917,6659.737214597915,2953.0109209419034,6640.45163217899,6645.220691078032,2970.9323677571024,6640.342740776966,6647.897213986612,2981.535605734461,0.05048626743181263,2766.210301328399,-0.07633580754494022,2801.5064370914015,-0.5944129470158633,2839.366379847258,0.120098561014194,2872.562219853483,-0.15421812342532604,2881.1806010632718,-3.740785749426575,2908.7253230744022,-0.0615060386052009,2946.659068699001,-0.03495284939357094,2976.0975239363415
70,5.802270458545536,1778433093.6020632,0.009887583088129759,6641.607896506405,6648.09794296543,2760.3589311849933,6642.193268025798,6648.722202524683,2771.7156174885536,6643.888418864811,6649.508944891035,2796.692286647528,6650.929348656662,6654.6609056453835,2807.9434431398813,6650.99387932879,6655.652767674297,2835.2033361704134,6657.071071614145,6660.625223889721,2848.9401769154256,6624.985507534309,6630.4723813308065,2870.0106303873113,6628.092403032062,6637.341903291866,2875.2157550151646,6604.15907479292,6616.789289971573,2878.4761798803843,6603.331083228902,6621.145430510133,2883.3311140962264,6640.519087935934,6650.011929577896,2902.6721491136855,6650.506666259132,6656.30220221903,2920.456227835481,6650.785049057066,6656.193757068189,2939.3505508301823,6654.374352782957,6660.573911116544,2953.0109209419034,6640.127270226488,6646.246252712657,2970.9323677571024,6639.825168872453,6647.699347434056,2981.535605734461,-0.2129022397188931,2765.946912821248,-0.41006265729090474,2801.1727102416557,-1.1950797569264,2838.7657130373473,0.1371671072663607,2872.579288399735,-0.05404845579252495,2881.280770730905,-3.593803752708558,2908.8723050711205,-0.18252506311857966,2946.538049674488,-0.08642721260087131,2976.046049573134
71,5.87899883359205,1778433093.6789498,0.01020558294840157,6641.387809090076,6647.961527646177,2760.3589311849933,6643.309025888682,6652.740342940978,2771.7156174885536,6647.377531558517,6650.620223431244,2796.692286647528,6651.8455787511075,6654.554720787358,2807.9434431398813,6653.178998685698,6655.651523672708,2835.2033361704134,6657.096095302137,6659.796934315493,2848.9401769154256,6624.866476143901,6631.395884402604,2870.0106303873113,6629.414406883271,6638.235582418926,2875.2157550151646,6604.9225433261,6620.899619463888,2878.4761798803843,6604.153403429409,6621.110421187763,2883.3311140962264,6641.83129107192,6651.743734144329,2902.6721491136855,6653.778136748479,6658.361773695631,2920.456227835481,6653.540911452762,6656.815300913899,2939.3505508301823,6655.988168230584,6658.432784179478,2953.0109209419034,6641.208614787419,6646.770600910842,2970.9323677571024,6641.52102576642,6646.934158082954,2981.535605734461,-0.07358399462526073,2766.086231066342,-0.2670633612797536,2801.315709537667,-0.8141986376011909,2839.1465941566726,0.09185227174005557,2872.5339735642087,-0.15816363893093402,2881.176655547766,-4.421528838317065,2908.044579985512,-0.4665340475002214,2946.254040690106,-0.18156450178404399,2975.950912283951
72,5.955868959077634,1778433093.7556531,0.009869999950751662,6639.130488736742,6647.780459699851,2760.3589311849933,6642.327419995721,6650.877507106398,2771.7156174885536,6646.887054130881,6648.193697466149,2796.692286647528,6647.686951737628,6656.044599138062,2807.9434431398813,6654.980803557783,6656.243974080753,2835.2033361704134,6655.208018767002,6661.103652535379,2848.9401769154256,6626.040758627014,6631.927066968242,2870.0106303873113,6627.53823088914,6637.4592352599575,2875.2157550151646,6605.079305865453,6618.0835788733675,2878.4761798803843,6601.769100161994,6618.1442491671,2883.3311140962264,6639.73163645811,6648.569547941437,2902.6721491136855,6651.823565730355,6656.584592108078,2920.456227835481,6654.542511538345,6656.666091023015,2939.3505508301823,6656.928156615826,6660.917018675306,2953.0109209419034,6639.803637252805,6644.100001528257,2970.9323677571024,6639.305298468686,6646.429953846625,2981.535605734461,-0.21994319082902503,2765.939871870138,0.5315768395250979,2802.114349738472,0.4423791016279061,2840.403171895902,0.14556305641525355,2872.5876843488836,-0.09879537591130388,2881.236023810786,-3.7872324452508423,2908.678876378578,0.006425987106039768,2946.7270007247125,-0.03275730179223218,2976.099719483943
73,6.033294375054538,1778433093.833063,0.009840750135481358,6641.1726548888955,6646.3799782987435,2760.3589311849933,6642.614639178409,6648.3168597365275,2771.7156174885536,6645.037164165418,6649.87175474524,2796.692286647528,6649.19487422441,6655.296455970902,2807.9434431398813,6653.511984595165,6654.3466393618,2835.2033361704134,6656.321067029373,6658.992546688265,2848.9401769154256,6623.772440932848,6631.747889476419,2870.0106303873113,6630.3562001406,6638.95392456521,2875.2157550151646,6606.850689244124,6621.4987346028065,2878.4761798803843,6601.421586636917,6618.902552189994,2883.3311140962264,6637.144094813094,6648.281610477732,2902.6721491136855,6651.267043127426,6656.653507350919,2920.456227835481,6653.371479658893,6655.670339578812,2939.3505508301823,6653.755680533056,6657.8863526606965,2953.0109209419034,6638.910075801572,6647.215403307147,2970.9323677571024,6638.878093957271,6645.807739095883,2981.535605734461,-0.19036012608926772,2765.969454934878,-0.07766763031457477,2801.505105268632,-0.3548967364885274,2839.6058960577852,0.04041074611519802,2872.482532038584,-0.11201105361890713,2881.222808133078,-4.638648339971352,2907.8274604838575,0.0008016261769829183,2946.7213763637833,-0.24282596907392504,2975.889650816661
74,6.110135958530009,1778433093.9099169,0.009865832980722189,6641.185597701502,6647.1219793990895,2760.3589311849933,6643.872989577285,6651.965514869944,2771.7156174885536,6645.721190818229,6649.174241220161,2796.692286647528,6651.638366904056,6654.237375064951,2807.9434431398813,6652.336306812972,6656.338996546137,2835.2033361704134,6658.793252743222,6660.031787755601,2848.9401769154256,6623.564804230217,6630.415482776538,2870.0106303873113,6628.65027355809,6639.8226258520035,2875.2157550151646,6607.619249931228,6620.771851025461,2878.4761798803843,6603.261056942874,6619.773623804138,2883.3311140962264,6642.249478864198,6650.85595714766,2902.6721491136855,6654.316627441391,6658.31833908977,2920.456227835481,6655.527977809701,6659.174688999602,2939.3505508301823,6657.630649203778,6660.809799186967,2953.0109209419034,6641.594198734603,6647.457153773267,2970.9323677571024,6641.064075251398,6649.120781245224,2981.535605734461,-0.10827305952754618,2766.0515420014394,-0.30089518343569366,2801.2818777155107,-1.6682229810749651,2838.292569813199,0.15420080304263575,2872.5963220955114,-0.0990345473388626,2881.2357846393584,-4.0540463272588845,2908.4120624965703,-0.40292732813381954,2946.3176474094726,-0.06453075988552416,2976.0679460258493
75,6.20886920846533,1778433094.00883,0.01022391696460545,6639.513477702722,6646.332247761102,2760.3589311849933,6640.4319207140015,6644.392205886848,2771.7156174885536,6643.054401381543,6648.0839945594025,2796.692286647528,6647.951597029067,6652.591894122323,2807.9434431398813,6652.496769263686,6653.522318672249,2835.2033361704134,6653.572121527036,6656.399219060429,2848.9401769154256,6623.727536143289,6631.29246569062,2870.0106303873113,6626.051858361096,6636.968956505792,2875.2157550151646,6605.202642357183,6619.149689763732,2878.4761798803843,6602.320749151817,6620.017561206712,2883.3311140962264,6638.518933581929,6649.973353302565,2902.6721491136855,6651.259140507992,6656.585912522542,2920.456227835481,6653.738036800441,6656.258063086469,2939.3505508301823,6653.227132683314,6656.90894183452,2953.0109209419034,6638.978948253201,6645.217000336216,2970.9323677571024,6638.984885533515,6647.370755264847,2981.535605734461,-0.3563691836260921,2765.803445877341,-0.25204062554213974,2801.3307322734045,-0.3647236720933924,2839.5960691221803,0.12451465152288385,2872.5666359439915,-0.08945937045907952,2881.245359816238,-4.82848478528144,2907.6376240385475,-0.11672636815995294,2946.6038483694465,-0.06682626831462381,2976.06565051742
76,6.285957313026302,1778433094.0859048,0.01019770815037191,6640.22153620442,6647.5150701470175,2760.3589311849933,6641.351639820277,6648.906990249717,2771.7156174885536,6644.979860622918,6647.041567075221,2796.692286647528,6649.023012501146,6652.152432985909,2807.9434431398813,6650.836456582205,6655.100255218999,2835.2033361704134,6655.027603386619,6658.3833863129275,2848.9401769154256,6621.108682030748,6629.966552556774,2870.0106303873113,6627.523657425803,6637.579721551488,2875.2157550151646,6604.656459944372,6620.289072959012,2878.4761798803843,6603.554859858789,6619.632941589999,2883.3311140962264,6639.849190023536,6649.239378610508,2902.6721491136855,6652.069878045053,6654.77514594859,2920.456227835481,6651.385207995843,6655.004298988293,2939.3505508301823,6654.54356297949,6656.902611792034,2953.0109209419034,6638.835204939327,6645.65603661705,2970.9323677571024,6638.68505211358,6645.902562887795,2981.535605734461,-0.2019066675281173,2765.957908393439,-0.09835071838552419,2801.484422180561,-1.138649910096464,2838.8221428841775,0.05809443711604495,2872.5002157295844,-0.17137082981199675,2881.163448356885,-5.110443901469074,2907.35566492236,-0.542170288840468,2946.178404448766,-0.1542891726100422,2975.978187613125
77,6.3629330835537985,1778433094.162803,0.010040832916274667,6638.300242992938,6645.216459333069,2760.3589311849933,6638.179049118195,6647.528115352875,2771.7156174885536,6643.922213222484,6645.547340831983,2796.692286647528,6647.08261301464,6653.899517070636,2807.9434431398813,6652.402977045572,6653.535431121435,2835.2033361704134,6655.486432130085,6658.765189351102,2848.9401769154256,6624.686021028823,6628.402999969435,2870.0106303873113,6628.628038940001,6636.488750496685,2875.2157550151646,6605.723444998012,6620.662183268638,2878.4761798803843,6603.807760491487,6621.014335055171,2883.3311140962264,6641.302833389369,6649.745317419079,2902.6721491136855,6650.543943515603,6657.926201974509,2920.456227835481,6654.1413225540255,6656.483328239141,2939.3505508301823,6655.033128037411,6657.344194149831,2953.0109209419034,6638.821571354342,6646.364264755326,2970.9323677571024,6637.98729101079,6645.056245988324,2981.535605734461,-0.09439945003342336,2766.0654156109335,0.3359397915387435,2801.9187126904853,-0.2666477098076738,2839.694145084466,0.14894934704701007,2872.5910706395157,-0.12621615283709603,2881.20860303386,-2.2558592874637338,2910.210249536365,-0.3261943439604774,2946.394380393646,-0.19773518062262263,2975.9347416051123
78,6.440184958977625,1778433094.240215,0.010360999964177608,6639.184958889874,6646.990364336583,2760.3589311849933,6641.669260629031,6647.940228321667,2771.7156174885536,6645.116107833846,6647.573608521564,2796.692286647528,6648.414669743559,6652.632275269738,2807.9434431398813,6652.2820597854325,6656.020180640035,2835.2033361704134,6657.090387260447,6661.160308096708,2848.9401769154256,6624.872515817466,6631.573209646362,2870.0106303873113,6628.928527982394,6636.773308983097,2875.2157550151646,6605.265872482196,6620.6175505089095,2878.4761798803843,6602.005408503226,6620.5343735672595,2883.3311140962264,6640.652640828926,6649.797846685209,2902.6721491136855,6651.2366491426465,6655.385883485649,2920.456227835481,6651.793885441819,6653.861646850261,2939.3505508301823,6654.145830913592,6657.012901549654,2953.0109209419034,6638.543475868815,6644.204097258305,2970.9323677571024,6639.203385090319,6645.665012073235,2981.535605734461,-0.29086124270996694,2765.868953818257,-0.025448660926055803,2801.5573242380206,-0.7850739009203234,2839.1757188933534,0.056584704620711745,2872.498705997089,-0.10362136285932909,2881.2311978238376,-4.25267179027019,2908.213437033559,-0.1805126013105854,2946.540062136296,-0.13411682217398194,2975.998359963561
79,6.5528876250609756,1778433094.352719,0.009966750163584948,6641.525025216249,6647.877476541248,2760.3589311849933,6643.975569275911,6650.885833053153,2771.7156174885536,6645.333497875722,6649.996879298225,2796.692286647528,6648.917735428065,6654.533665984045,2807.9434431398813,6654.643248158451,6656.587659320842,2835.2033361704134,6656.983679738361,6661.2427331356785,2848.9401769154256,6625.209047284287,6631.42071094538,2870.0106303873113,6629.700936821837,6641.12432068955,2875.2157550151646,6608.436545221138,6619.198688755081,2878.4761798803843,6606.767532169821,6619.24387932879,2883.3311140962264,6641.1430021089955,6650.596581288015,2902.6721491136855,6654.252185408198,6657.783636947152,2920.456227835481,6651.211814958585,6656.422216278998,2939.3505508301823,6656.594932298193,6661.354784974172,2953.0109209419034,6643.537867163859,6647.553016780267,2970.9323677571024,6642.817448115658,6648.8764862304,2981.535605734461,-0.18732165385586366,2765.972493407111,-0.11068764171123774,2801.4720852572354,-0.21898668938722532,2839.7418061048866,0.18157421863560205,2872.623695511104,-0.13992318282019017,2881.194896003877,-4.723034124855272,2907.743074698974,-0.40045541044542,2946.320119327161,-0.07198466851718227,2976.060492117218
80,6.639763146056794,1778433094.4417431,0.014253707835450768,6638.400544059662,6648.226252407005,2760.3589311849933,6643.445066784852,6647.664695723935,2771.7156174885536,6644.732530488737,6646.863361555156,2796.692286647528,6648.866146040285,6654.348899654613,2807.9434431398813,6651.237113732922,6654.786993000581,2835.2033361704134,6657.164066081854,6658.042490142741,2848.9401769154256,6624.498396857902,6631.503369807744,2870.0106303873113,6628.078850444724,6638.1755463520485,2875.2157550151646,6607.135776507626,6620.21870892808,2878.4761798803843,6602.561639208974,6620.063441024543,2883.3311140962264,6638.478659412538,6649.570255524651,2902.6721491136855,6650.840619555583,6655.762447657182,2920.456227835481,6653.8508038634345,6656.974406271969,2939.3505508301823,6654.283004248556,6658.856287251276,2953.0109209419034,6639.404354005563,6646.461306048844,2970.9323677571024,6640.229192774398,6646.39576519852,2981.535605734461,-0.4924637837441942,2765.6673512772227,0.14209515702122671,2801.724868055968,-1.6418632259234869,2838.3189295683505,0.11646280949122177,2872.5585841019597,-0.07280333890726512,2881.26201584779,-4.849712668934881,2907.616396154894,-0.06635378064416507,2946.6542209569625,-0.2186359994056242,2975.9138407863293
81,6.728529521031305,1778433094.528449,0.010140208061784506,6640.833872298805,6647.410632087294,2760.3589311849933,6640.9096784546255,6649.7766146040285,2771.7156174885536,6644.17728092429,6649.8595714766025,2796.692286647528,6651.90556897026,6654.235160619862,2807.9434431398813,6651.901306660146,6657.170753736589,2835.2033361704134,6657.71573035425,6659.831035852922,2848.9401769154256,6625.331647155913,6630.8438013876585,2870.0106303873113,6628.717723202006,6639.173649784515,2875.2157550151646,6605.540666931565,6619.745931778586,2878.4761798803843,6603.109871015069,6621.075000764128,2883.3311140962264,6639.2128327780665,6650.359507289788,2902.6721491136855,6652.548321973285,6658.580192254793,2920.456227835481,6655.242652138033,6658.006304062108,2939.3505508301823,6655.863685545742,6661.980245743803,2953.0109209419034,6642.154078919217,6647.9802503285755,2970.9323677571024,6639.578321667634,6648.551412109911,2981.535605734461,-0.10150227085885438,2766.058312790108,-0.5641705884249506,2801.0186023105216,-1.7794905750901306,2838.1813022191836,0.17344269739184473,2872.61556398986,-0.08924901764572193,2881.2455701690515,-4.314841543428432,2908.1512672804006,0.26737089437460115,2946.987945631981,-0.016823764139316404,2976.115653021596
82,6.803851854521781,1778433094.6039739,0.010545874945819378,6640.101147721369,6647.255211358008,2760.3589311849933,6643.723044594553,6650.961093621054,2771.7156174885536,6646.49721551487,6651.500426383837,2796.692286647528,6652.480974722622,6656.155782926309,2807.9434431398813,6655.306852706543,6658.17298040774,2835.2033361704134,6657.00661888315,6661.894272090962,2848.9401769154256,6625.688131552403,6632.4476434269645,2870.0106303873113,6630.822622795489,6639.6354861387035,2875.2157550151646,6607.402400892503,6621.785151450315,2878.4761798803843,6603.707213375308,6620.608533789772,2883.3311140962264,6641.432466301923,6651.365496530857,2902.6721491136855,6653.043255799738,6659.576516795549,2920.456227835481,6653.243257327995,6655.481512669256,2939.3505508301823,6655.052443683712,6658.560994284317,2953.0109209419034,6638.553433994561,6644.9105174679835,2970.9323677571024,6640.765977931961,6646.796214506221,2981.535605734461,-0.2108373127584544,2765.9489777482086,-0.3509062512084756,2801.231866647738,-0.30273061466656664,2839.6580621796074,0.08448335381816256,2872.5266046462866,-0.1199081917468705,2881.21491099495,-3.4435953465337112,2909.0225134772954,-0.09786400447088404,2946.6227107331356,-0.19054832127236968,2975.9419284644628
83,6.885023437440395,1778433094.685046,0.010346625000238419,6640.884625729743,6649.2956918421605,2760.3589311849933,6642.919127670631,6648.211413026867,2771.7156174885536,6645.534879420486,6648.817409909221,2796.692286647528,6651.809209279578,6654.003108475716,2807.9434431398813,6653.843109087019,6656.533065378855,2835.2033361704134,6658.607581685361,6661.204523642143,2848.9401769154256,6626.6117370174525,6633.041791729071,2870.0106303873113,6630.466448635266,6638.6790689855425,2875.2157550151646,6606.971190818229,6619.628645658221,2878.4761798803843,6604.8935125469925,6621.5202753919975,2883.3311140962264,6640.561686584956,6650.256139010298,2902.6721491136855,6652.336079102608,6656.96731974203,2920.456227835481,6653.172878014487,6658.632001711648,2939.3505508301823,6657.490977167833,6660.431546290919,2953.0109209419034,6641.493754011676,6647.510720726228,2970.9323677571024,6640.163447137573,6648.025821438396,2981.535605734461,-0.36921164861751654,2765.7906034123494,-0.32559885183641274,2801.2571740471103,-0.9059785829098554,2839.054814211364,0.07621657649595227,2872.5183378689644,-0.08407812424348775,2881.2507410624535,-4.2872596175991555,2908.1788492062296,-0.7630258595012287,2945.957548878105,-0.08187787600275692,2976.0505989097323
84,6.971313458983786,1778433094.771575,0.010822749929502606,6639.449799798271,6646.175064950943,2760.3589311849933,6643.263136901306,6649.269482226366,2771.7156174885536,6644.137394932298,6646.667322798545,2796.692286647528,6648.0351163003925,6653.561108903627,2807.9434431398813,6651.5946923617685,6655.423908060029,2835.2033361704134,6655.833710303511,6659.162848060642,2848.9401769154256,6624.907240883945,6630.550383592628,2870.0106303873113,6630.309368218358,6639.369355380995,2875.2157550151646,6605.927743986307,6617.96205336675,2878.4761798803843,6601.50760155271,6619.288090289452,2883.3311140962264,6638.530091389798,6648.461663661094,2902.6721491136855,6648.702454381513,6656.071059388085,2920.456227835481,6651.291499831893,6655.9742794265985,2939.3505508301823,6656.180789803466,6657.614654460983,2953.0109209419034,6638.028046581288,6646.2808555185375,2970.9323677571024,6640.671939664395,6644.398546627135,2981.535605734461,-0.25055754122518675,2765.909257519742,0.1046305582295485,2801.687403457176,-1.0222228713988575,2838.938569922875,0.12643584036136357,2872.56855713283,-0.0399171955930855,2881.294901991104,-3.0192948774725736,2909.4468139463565,-0.89140429164225,2945.8291704459643,-0.40040587686924,2975.732070908866
85,7.055140416952781,1778433094.855367,0.010755249997600913,6640.168222942202,6648.745360210288,2760.3589311849933,6643.248288351622,6649.819619769538,2771.7156174885536,6645.069763425742,6648.652636244154,2796.692286647528,6648.4119968212235,6655.2434896231325,2807.9434431398813,6654.075268209187,6656.49727664517,2835.2033361704134,6656.606022862732,6657.616728306386,2848.9401769154256,6622.7183207506805,6630.076602377968,2870.0106303873113,6628.686971604975,6638.968325335452,2875.2157550151646,6606.8193385701625,6619.216100192561,2878.4761798803843,6603.343920591741,6620.427783721001,2883.3311140962264,6640.020567289177,6649.1420331937525,2902.6721491136855,6649.846324540759,6656.743238988905,2920.456227835481,6653.822355350429,6654.761656019806,2939.3505508301823,6655.141802426873,6659.398549683651,2953.0109209419034,6640.25076412874,6646.5840022006905,2970.9323677571024,6640.066265244369,6647.90494391295,2981.535605734461,-0.3141955981361736,2765.8456194628307,0.13104824714054988,2801.713821146087,-1.28184852287327,2838.6789442714007,0.1111748800832734,2872.5532961725517,-0.06621754337375188,2881.2686016433236,-2.846924759575224,2909.6191840642537,0.2615483273653997,2946.982123064972,-0.09891256565325127,2976.0335642200816
86,7.137772146030329,1778433094.9376798,0.010118041886016726,6640.115325366018,6648.3292554329555,2760.3589311849933,6643.505753889415,6649.81564630009,2771.7156174885536,6644.956174160223,6651.757954580188,2796.692286647528,6650.8313583152485,6655.098645963872,2807.9434431398813,6651.36111960143,6653.894924656907,2835.2033361704134,6653.843807500688,6657.963737506495,2848.9401769154256,6624.137077054742,6630.412878625791,2870.0106303873113,6628.692609346823,6637.572955955618,2875.2157550151646,6604.753191001619,6619.62637008283,2878.4761798803843,6602.896194638872,6619.048039245652,2883.3311140962264,6640.129473973776,6647.983791301158,2902.6721491136855,6651.39571170951,6655.25203258245,2920.456227835481,6654.127467371703,6653.479324204542,2939.3505508301823,6654.595114160834,6658.510697802366,2953.0109209419034,6639.90858422227,6645.6042714796595,2970.9323677571024,6639.147559372805,6645.898488553353,2981.535605734461,-0.30917833921408855,2765.850636721753,-0.47792843132727025,2801.1048444676194,-0.42664498954967595,2839.5341478047244,0.10148494600662454,2872.543606238475,-0.15069728903792948,2881.184121897659,-3.7465498676955353,2908.7195589561334,0.48063817728294367,2947.2012129148893,-0.12135413559292975,2976.011122650142
87,7.244862791965716,1778433095.044786,0.01014899997971952,6639.217088975151,6646.577999205307,2760.3589311849933,6642.513185805545,6650.437220710945,2771.7156174885536,6645.787040376563,6650.918517895896,2796.692286647528,6650.377737873276,6655.901910321851,2807.9434431398813,6652.879475502033,6655.1774994651105,2835.2033361704134,6656.563745147783,6660.501740685271,2848.9401769154256,6625.043639392365,6630.894748907296,2870.0106303873113,6629.7860057462485,6636.9846715774665,2875.2157550151646,6606.235207995844,6618.87612861815,2878.4761798803843,6603.275929944677,6620.834477488766,2883.3311140962264,6641.071294739736,6651.144975089403,2902.6721491136855,6652.557606137483,6657.500423327323,2920.456227835481,6653.235183543724,6655.714581104626,2939.3505508301823,6655.568018155698,6658.138657272977,2953.0109209419034,6641.087265030413,6647.863463948406,2970.9323677571024,6640.725275850475,6646.91530549867,2981.535605734461,-0.1871260487760254,2765.972689012191,-0.16972712962420736,2801.4130457693223,-0.41153705680714636,2839.549255737467,0.06284302961500553,2872.5049643220837,-0.06054140755081196,2881.2742777791464,-4.321305775640996,2908.144803048188,-0.3048463427662567,2946.4157283948402,-0.20337632342502393,2975.92910046231
88,7.327406688011251,1778433095.127265,0.010019541950896382,6639.2135388330225,6646.773886664426,2760.3589311849933,6642.735519760368,6649.0909771678325,2771.7156174885536,6645.515638658801,6647.983919674787,2796.692286647528,6649.209137451477,6653.187559984106,2807.9434431398813,6653.662002934255,6656.737546229789,2835.2033361704134,6655.71506403399,6658.9255769172,2848.9401769154256,6625.173460280588,6632.378877953357,2870.0106303873113,6631.702015771616,6640.164579576367,2875.2157550151646,6606.058235779563,6619.15815936669,2878.4761798803843,6603.6990677629365,6621.87270684965,2883.3311140962264,6639.985649662255,6650.35953021365,2902.6721491136855,6652.067943271082,6657.831408747746,2920.456227835481,6652.584534034295,6656.800756487452,2939.3505508301823,6655.363587737263,6658.826895803405,2953.0109209419034,6641.294103982638,6646.41762386527,2970.9323677571024,6641.026967631506,6645.466868906073,2981.535605734461,-0.2746021756867385,2765.8852128852805,-0.051800923754961016,2801.5309719751917,-0.840677166432566,2839.120115627841,0.059946696818526136,2872.502067989287,-0.05672877119945246,2881.278090415498,-4.0580982297915495,2908.4080105940375,-0.4531174066067562,2946.2674573309996,-0.20826817781864382,2975.924208607916
89,7.400228562997654,1778433095.200088,0.010022208094596863,6640.914027875416,6647.168238224776,2760.3589311849933,6642.962724271786,6649.203212397226,2771.7156174885536,6645.97150563927,6651.561322859676,2796.692286647528,6648.666049760063,6655.19509887826,2807.9434431398813,6652.40545435095,6655.457390653178,2835.2033361704134,6656.788700064188,6660.924957972919,2848.9401769154256,6625.368071644711,6631.057515970291,2870.0106303873113,6628.4521349757,6638.031239111166,2875.2157550151646,6607.779605403918,6619.729432710823,2878.4761798803843,6603.896547666351,6618.962206192499,2883.3311140962264,6639.994452425346,6648.846779961488,2902.6721491136855,6652.58047192591,6657.213439496287,2920.456227835481,6652.780756181802,6656.451612311643,2939.3505508301823,6655.372679341015,6657.800470703303,2953.0109209419034,6639.910315737996,6645.440830455115,2970.9323677571024,6639.804245499281,6644.920194394351,2981.535605734461,-0.21557255661251315,2765.9442425043544,-0.11208649703166527,2801.470686401915,-0.5702774289410935,2839.3905153653327,0.1410555848090882,2872.5831768772778,-0.10509831473659849,2881.2297208719606,-3.859589980842861,2908.606518842986,-0.5391087028896212,2946.181466034717,-0.19482855908705693,2975.937648226648
90,7.473196396487765,1778433095.27314,0.01019112509675324,6641.379179020082,6647.675532597733,2760.3589311849933,6641.890987865636,6650.1225051196625,2771.7156174885536,6646.4188143778465,6648.438512088515,2796.692286647528,6650.105749304642,6654.337954274536,2807.9434431398813,6653.723281474462,6657.548633737812,2835.2033361704134,6657.123629917168,6659.391450927653,2848.9401769154256,6623.87381789284,6632.281269676316,2870.0106303873113,6630.937899257267,6638.955746248129,2875.2157550151646,6607.985125469941,6622.006178744994,2878.4761798803843,6604.76133202922,6620.141678638017,2883.3311140962264,6639.2686355717215,6649.270038512089,2902.6721491136855,6651.380328269707,6657.935374575909,2920.456227835481,6656.676587095394,6658.719222422593,2939.3505508301823,6656.4600666320275,6659.325288076534,2953.0109209419034,6639.623496958768,6646.492193660788,2970.9323677571024,6640.102142616987,6648.475483693493,2981.535605734461,-0.11908667843281097,2766.0407283825343,0.022158357420287537,2801.604931256367,-1.323653732741639,2838.6371390615323,0.009278932671244217,2872.45140022514,-0.1486360815933954,2881.1861831051037,-3.468054589765412,2908.9980542340636,-0.1763357489020662,2946.5442389887044,-0.09899836233687018,2976.0334784233983
91,7.546204625512473,1778433095.346263,0.01041991706006229,6639.883948711678,6646.985577834153,2760.3589311849933,6641.754477794419,6648.02481278846,2771.7156174885536,6644.537737261974,6648.902672922335,2796.692286647528,6650.750366781796,6654.023121007429,2807.9434431398813,6651.422576947763,6655.140576764374,2835.2033361704134,6656.493760124706,6660.061836354189,2848.9401769154256,6624.844843659259,6631.141302686677,2870.0106303873113,6629.034115291744,6638.0881055720265,2875.2157550151646,6607.249602653054,6621.629515236728,2878.4761798803843,6603.649274077698,6617.779102607208,2883.3311140962264,6641.331899318396,6650.28130941101,2902.6721491136855,6651.919120029343,6658.094325579974,2920.456227835481,6654.05339120335,6656.228605923527,2939.3505508301823,6658.092019439435,6658.927102118165,2953.0109209419034,6640.75020631476,6647.275011461932,2970.9323677571024,6640.652084543204,6647.287352141089,2981.535605734461,-0.25603048396549344,2765.9037845770017,-0.32605681829046657,2801.256716080656,-0.9224666458487025,2839.0383261484253,0.10619269714324842,2872.548313989612,-0.18846455809637308,2881.146354628601,-3.1256557066845314,2909.3404531171445,-0.5561371557079734,2946.1644375818987,-0.16859207166513562,2975.96388471407
92,7.624753020936623,1778433095.4247081,0.010209708008915186,6639.7523596295505,6647.290903811476,2760.3589311849933,6641.822595286854,6649.096702020356,2771.7156174885536,6644.127285509063,6648.7218281015985,2796.692286647528,6649.34771983984,6653.553476785768,2807.9434431398813,6651.677643121313,6655.485299691291,2835.2033361704134,6655.874413913257,6659.378651771251,2848.9401769154256,6625.271089953235,6630.817374759298,2870.0106303873113,6628.800809976465,6638.813260690162,2875.2157550151646,6606.050596020417,6620.3571232081185,2878.4761798803843,6603.943529357826,6621.282912553108,2883.3311140962264,6642.787396460555,6652.566902527738,2902.6721491136855,6653.83778769447,6658.922387443837,2920.456227835481,6653.860196533913,6656.689448910352,2939.3505508301823,6654.965915273405,6657.735562551579,2953.0109209419034,6640.426374667603,6646.428662469053,2970.9323677571024,6642.57541186539,6647.948497722896,2981.535605734461,-0.22799610195196737,2765.931818959015,-0.25197334312707614,2801.3307995558193,-0.9661225626846951,2838.994670231589,0.15876074924267225,2872.600882041711,-0.10726806045396046,2881.2275511262433,-4.099409684288719,2908.3666991395403,-0.33125234387207947,2946.3893223937343,-0.2056401310963162,2975.9268366546385
93,7.729910771595314,1778433095.52992,0.010319625027477741,6642.125929944677,6647.179299752422,2760.3589311849933,6642.704691750465,6649.83829660421,2771.7156174885536,6645.083716416542,6648.514920377784,2796.692286647528,6649.220307485406,6653.20669223951,2807.9434431398813,6651.402449796742,6654.620056851178,2835.2033361704134,6653.853233792829,6657.318420087417,2848.9401769154256,6624.217973836232,6631.334622673227,2870.0106303873113,6627.921910627502,6635.91227190757,2875.2157550151646,6606.219332457133,6621.65877219794,2878.4761798803843,6604.417519943761,6619.584153498181,2883.3311140962264,6641.1016627441395,6650.749706574565,2902.6721491136855,6653.700201729987,6657.787651679554,2920.456227835481,6652.642161567381,6656.650441666413,2939.3505508301823,6656.387990952715,6660.033650701471,2953.0109209419034,6641.471713482288,6647.162817495492,2970.9323677571024,6642.77412660085,6647.971964116514,2981.535605734461,-0.11188390912922373,2766.047931151838,-0.15244493546689394,2801.4303279634796,-0.8086082869310751,2839.152184507343,0.04827584262615811,2872.4903971350946,-0.18911427279042844,2881.1457049139067,-4.539563110461768,2907.9265457133674,-0.3847169182200153,2946.3358578193865,-0.1988099707972972,2975.9336668149376
94,7.80509135464672,1778433095.6049778,0.010075459023937583,6640.303625026745,6646.892834000673,2760.3589311849933,6643.393235932391,6649.021174007396,2771.7156174885536,6643.613095638354,6646.996478894764,2796.692286647528,6647.735651190514,6651.692956261271,2807.9434431398813,6649.076828560076,6653.700386649143,2835.2033361704134,6654.697009200111,6657.128078674696,2848.9401769154256,6623.168467463397,6630.521384906929,2870.0106303873113,6628.213861295351,6637.657138490695,2875.2157550151646,6605.292774398631,6620.917891310327,2878.4761798803843,6602.696801357093,6620.0948528288045,2883.3311140962264,6638.868634043465,6650.179683345052,2902.6721491136855,6652.728066448634,6656.532246232845,2920.456227835481,6652.183769905554,6656.251980621695,2939.3505508301823,6654.599252682092,6658.602594981203,2953.0109209419034,6640.074566739003,6645.225014518446,2970.9323677571024,6639.038241586942,6646.734440810587,2981.535605734461,-0.26251111847757436,2765.8973039424895,-0.15045388052072403,2801.432319018426,-1.5054311881346734,2838.4553616061394,0.08562309159586876,2872.5277443840646,-0.13842124142014364,2881.196397945277,-5.528252562318045,2906.937856261511,-0.33234921829057334,2946.388225519316,-0.04687507886062378,2976.0856017068745
95,7.8830147091066465,1778433095.682843,0.00995950005017221,6639.902770730812,6647.703126814808,2760.3589311849933,6642.5512623406785,6648.319615184766,2771.7156174885536,6645.801960754348,6649.113821560655,2796.692286647528,6650.5566952960235,6653.901528257481,2807.9434431398813,6651.217880612526,6655.147707613779,2835.2033361704134,6656.599440657761,6658.942818718098,2848.9401769154256,6625.921770027814,6630.418232111746,2870.0106303873113,6628.396376501512,6637.333823394566,2875.2157550151646,6603.633615551548,6617.9730598771275,2878.4761798803843,6603.410528165786,6620.0484809120635,2883.3311140962264,6641.413755845584,6649.56090106061,2902.6721491136855,6651.450884861081,6658.4740563010055,2920.456227835481,6653.185330256441,6655.68528288046,2939.3505508301823,6654.620460311153,6658.068148057585,2953.0109209419034,6639.370969220896,6646.60883944127,2970.9323677571024,6640.030057768134,6646.90354861387,2981.535605734461,-0.3154828165888561,2765.844332244378,-0.20744892707717663,2801.3753239718694,-1.3322733489827,2838.628519445291,0.15807776812366195,2872.6001990605923,-0.1255386949780269,2881.2092804917193,-2.288432295256633,2910.177676528572,-0.15445894261022775,2946.566115794996,-0.19235062692458216,2975.9401261588105
96,8.001318250549957,1778433095.8012748,0.010218167211860418,6640.9866170492405,6648.043856404927,2760.3589311849933,6642.680583488707,6649.12367729315,2771.7156174885536,6645.435165204633,6647.98958339701,2796.692286647528,6646.319069596846,6654.059010606108,2807.9434431398813,6650.476713940766,6654.795268514838,2835.2033361704134,6655.528697618975,6658.863687073999,2848.9401769154256,6624.775741969007,6630.085461686584,2870.0106303873113,6628.750629642082,6639.569829140813,2875.2157550151646,6606.084616560198,6618.053146682153,2878.4761798803843,6600.927522388973,6620.132668031909,2883.3311140962264,6638.820662041141,6651.390975639576,2902.6721491136855,6652.392069871933,6659.9786227343575,2920.456227835481,6653.509429348656,6655.19506220008,2939.3505508301823,6656.357418161811,6658.698898126357,2953.0109209419034,6642.057178225387,6646.68077604915,2970.9323677571024,6639.9295916496,6647.854048354066,2981.535605734461,-0.24527098407203957,2765.914544076895,0.33523753438455606,2801.9180104333313,-1.160344299626635,2838.8004484946473,0.1908196194050103,2872.6329409118734,-0.0029844154181419683,2881.331834771279,-4.249060279926571,2908.2170485439024,-0.20571911866966944,2946.514855618937,-0.009126716268379426,2976.1233500694666
97,8.074608354596421,1778433095.8744588,0.01000529108569026,6639.787365895407,6646.452964819512,2760.3589311849933,6641.971634012899,6650.838466240793,2771.7156174885536,6645.056647920041,6646.8949047895585,2796.692286647528,6648.883219732861,6652.920652871595,2807.9434431398813,6650.717388513617,6653.215410948437,2835.2033361704134,6655.280441360762,6659.493964911208,2848.9401769154256,6624.343294006174,6631.242409145093,2870.0106303873113,6630.8082953816065,6638.408403887885,2875.2157550151646,6606.800916954488,6620.292150869578,2878.4761798803843,6604.712621878534,6620.884492771342,2883.3311140962264,6638.090721948834,6650.548594003117,2902.6721491136855,6652.087205428371,6654.438174343614,2920.456227835481,6654.097799309228,6658.169436378642,2939.3505508301823,6656.1625729742955,6657.731414860777,2953.0109209419034,6640.494594553291,6645.6220894336275,2970.9323677571024,6639.435182015467,6648.141718372712,2981.535605734461,-0.10602606690129214,2766.0537889940656,0.020816901059795247,2801.6035898000064,-0.3900621470770311,2839.570730647197,0.04287209029397559,2872.4849933827627,-0.11598299923499499,2881.2188361874623,-6.847758508620387,2905.6183503152088,-0.7601319267931546,2945.960442810813,0.004717082590163074,2976.137193868325
98,8.150518729584292,1778433095.950389,0.010044041089713573,6638.180453586821,6644.695387718923,2760.3589311849933,6638.7109193997,6647.244559403368,2771.7156174885536,6643.832985909465,6647.267993703577,2796.692286647528,6649.252883821866,6653.976363969801,2807.9434431398813,6651.3310480789805,6654.379188189627,2835.2033361704134,6655.52387138185,6656.062271907571,2848.9401769154256,6622.093960326434,6630.141394382126,2870.0106303873113,6627.064683497874,6637.338383714889,2875.2157550151646,6604.965866369166,6618.674178561605,2878.4761798803843,6601.814215851087,6618.8731561573495,2883.3311140962264,6638.42467218877,6647.366103249075,2902.6721491136855,6651.06133814225,6654.664221964117,2920.456227835481,6653.907636702631,6655.495134028181,2939.3505508301823,6655.851584803007,6658.733424519363,2953.0109209419034,6638.9671837271135,6644.477011950973,2970.9323677571024,6637.705290827398,6645.551291377572,2981.535605734461,-0.11491557555377485,2766.044899485413,-0.07532848752972955,2801.507444411417,-1.595645407994939,2838.3651473862787,0.0897840627671968,2872.5319053552357,-0.0993143965473552,2881.2355047901497,-4.427956548087467,2908.0381522757416,-0.09360171258240714,2946.626973025024,-0.057320149002373554,2976.0751566367326
99,8.245940375491045,1778433096.045683,0.009789082920178771,6641.731480575848,6648.007691719901,2760.3589311849933,6641.177218265734,6647.847113121619,2771.7156174885536,6644.859754867501,6650.188197267476,2796.692286647528,6649.252691261424,6653.155932695541,2807.9434431398813,6653.13665372742,6654.248126356329,2835.2033361704134,6656.934060274473,6657.72602011187,2848.9401769154256,6623.097131460709,6629.915358987683,2870.0106303873113,6629.11173243268,6637.245919552525,2875.2157550151646,6607.82320353333,6621.204974478099,2878.4761798803843,6602.947707613779,6618.668352844087,2883.3311140962264,6639.546054039185,6647.916500596021,2902.6721491136855,6648.883635418894,6655.662692178378,2920.456227835481,6651.821658465017,6653.92274352783,2939.3505508301823,6654.531019042089,6657.6545511507775,2953.0109209419034,6638.441328667053,6645.016632026163,2970.9323677571024,6640.092753003026,6645.539554360119,2981.535605734461,-0.19528936289123627,2765.9645256980757,-0.36104755121920445,2801.2217253477274,-0.9702679044857179,2838.990524889788,0.0618022018163286,2872.5039234942847,-0.12428608761884952,2881.2105330990785,-2.5253563048769214,2909.940752518952,-0.1413793997320179,2946.5791953378744,-0.23058033015777846,2975.901896455577
100,8.316531646531075,1778433096.116373,0.00998612493276596,6639.569295778952,6647.0651526729225,2760.3589311849933,6641.159621909099,6647.319387474401,2771.7156174885536,6643.501305131889,6647.661649906777,2796.692286647528,6649.733572760338,6653.286175382828,2807.9434431398813,6648.742178378214,6655.287763242351,2835.2033361704134,6655.40750985726,6654.449764648349,2848.9401769154256,6621.626591680166,6629.3186523825525,2870.0106303873113,6627.129770455726,6636.840385732188,2875.2157550151646,6605.239137145826,6617.17004920989,2878.4761798803843,6601.740552312253,6617.572792432069,2883.3311140962264,6637.6337164165425,6648.828338478466,2902.6721491136855,6650.570081303298,6656.706285723019,2920.456227835481,6653.366266772627,6656.304499190024,2939.3505508301823,6654.01495399945,6657.663199559863,2953.0109209419034,6635.832065898462,6643.60837790751,2970.9323677571024,6637.657217960082,6644.095485527401,2981.535605734461,-0.2810013525121318,2765.878813708455,-0.2750578732216728,2801.307715025725,-3.0213578250471316,2836.9394349692266,0.08339558116648538,2872.525516873635,-0.08563521476875843,2881.2491839719282,-4.2866940067526835,2908.179414817076,-0.1961394928197632,2946.5244352447867,-0.2410773823068372,2975.8913994034283
101,8.386694229557179,1778433096.1873229,0.011560708982869983,6648.57184032766,6640.259794602194,2760.3589311849933,6646.640086193722,6641.384732707766,2771.7156174885536,6647.514295320476,6644.929363939237,2796.692286647528,6650.257291316442,6650.110444111624,2807.9434431398813,6654.401729987469,6650.793153406486,2835.2033361704134,6654.1773466393615,6657.934368982486,2848.9401769154256,6659.514252529267,6625.192069871931,2870.0106303873113,6631.016401259284,6628.691648072869,2875.2157550151646,6638.847093254271,6606.48524620228,2878.4761798803843,6620.140563010056,6601.837951218021,2883.3311140962264,6619.145225723631,6637.837951218021,2902.6721491136855,6647.490831983372,6652.785156035088,2920.456227835481,6657.212577559067,6651.35724394046,2939.3505508301823,6656.0762310114005,6656.590946602683,2953.0109209419034,6658.116254546566,6638.445372436348,2970.9323677571024,6645.631910016198,6639.912297887948,2981.535605734461,-0.06316664123274687,2766.0966484197343,0.046480134431338305,2801.629253033378,1.2244563393883392,2841.185249133662,1.0082534728469448,2873.4503747653152,0.16680922976148452,2881.5016284164585,-8.538289088024102,2903.927819735805,0.7988224994756624,2947.519397237082,0.5244404228193242,2976.656917208554
102,8.45833956298884,1778433096.25827,0.010162458056584,6641.063673319681,6646.282690955774,2760.3589311849933,6643.424111318274,6649.770457254638,2771.7156174885536,6644.476634471374,6647.46974661491,2796.692286647528,6647.464610141516,6651.7358131858055,2807.9434431398813,6651.878650242992,6655.089676620717,2835.2033361704134,6655.866164379375,6659.058255646912,2848.9401769154256,6624.529985940031,6631.971516337073,2870.0106303873113,6628.183653757985,6636.677149494145,2875.2157550151646,6607.148095791179,6619.29751352508,2878.4761798803843,6602.538726044562,6619.467280007336,2883.3311140962264,6637.912666198002,6650.311341198765,2902.6721491136855,6650.669748143167,6656.347704557264,2920.456227835481,6652.798733074548,6656.686121893817,2939.3505508301823,6655.8705871565235,6660.284873307454,2953.0109209419034,6640.994421860196,6647.682778066449,2970.9323677571024,6642.737734205458,6649.232458660636,2981.535605734461,-0.1591073051254688,2766.0007077558416,-0.07621382740537065,2801.5065590715412,-0.8848552361267168,2839.075937558147,0.05374862550375135,2872.4958699179724,-0.06386806486700926,2881.27095112183,-5.129555484590513,2907.3365533392384,-0.22859348615285546,2946.4919812514536,-0.18387126023179626,2975.9486055255034
103,8.529377104481682,1778433096.3293471,0.010243541095405817,6647.443509490478,6641.41753216982,2760.3589311849933,6645.7182779594705,6642.05119509735,2771.7156174885536,6648.479351713177,6645.711834825932,2796.692286647528,6648.172127640066,6649.332915609621,2807.9434431398813,6654.285675642632,6650.347894061191,2835.2033361704134,6654.185296634778,6654.065426231011,2848.9401769154256,6656.6463917840865,6622.990874774582,2870.0106303873113,6630.7165678393485,6628.064833267109,2875.2157550151646,6636.9823134761755,6604.571927438335,2878.4761798803843,6619.846850261332,6603.293990891584,2883.3311140962264,6618.267620808753,6639.551462542408,2902.6721491136855,6650.47103799248,6651.314191398966,2920.456227835481,6656.922838279794,6652.515870953937,2939.3505508301823,6654.912676895803,6653.809395726994,2953.0109209419034,6657.4346624079235,6639.018519424152,2970.9323677571024,6645.937717394627,6639.524869333986,2981.535605734461,-0.09781898959110832,2766.061996071376,0.20352246420963505,2801.786295363156,0.2120477366800843,2840.172840530954,0.9779554431624833,2873.420076735631,0.21188006103310758,2881.5466992477304,-12.114767394179434,2900.3513414296494,0.25988531570729156,2946.980460053314,0.4268214002017394,2976.5592981859368
104,8.599965209024958,1778433096.39982,0.010013499995693564,6640.247721368096,6646.092448879787,2760.3589311849933,6642.135232447964,6646.309028945197,2771.7156174885536,6643.098332671089,6645.978871840329,2796.692286647528,6647.337303236849,6653.901378488248,2807.9434431398813,6650.835211052358,6654.440856435492,2835.2033361704134,6654.5536234984875,6658.316775682368,2848.9401769154256,6624.026914142496,6629.909293333741,2870.0106303873113,6626.490112174099,6633.310236268607,2875.2157550151646,6603.793084634899,6618.99700308708,2878.4761798803843,6601.664056912307,6617.846844148303,2883.3311140962264,6639.105761530703,6649.170596326068,2902.6721491136855,6650.564700308709,6655.828665525568,2920.456227835481,6650.851554237857,6654.7245820215785,2939.3505508301823,6654.445571109822,6657.041794785585,2953.0109209419034,6641.334488186569,6646.653649478864,2970.9323677571024,6640.899324510194,6645.296938900266,2981.535605734461,-0.2975968900875372,2765.8622181708797,0.17693725226643242,2801.759710151213,-0.8345524329304475,2839.126240361343,0.05031682132033896,2872.492438113789,-0.15810007814419258,2881.176719108553,-4.154681018474899,2908.311427805354,-0.5451647661692108,2946.175409971437,-0.22015136727357873,2975.9123254184615
105,8.67672308406327,1778433096.482302,0.021450999891385436,6645.46582663447,6641.435292050005,2760.3589311849933,6648.8940336827945,6642.3522984992505,2771.7156174885536,6648.823341076504,6645.83471895345,2796.692286647528,6648.107312712045,6650.011779808662,2807.9434431398813,6653.821316135343,6652.368273374697,2835.2033361704134,6655.72819787878,6658.130233517743,2848.9401769154256,6660.493879328789,6623.76406761011,2870.0106303873113,6630.8556958156305,6629.2270929486185,2875.2157550151646,6638.051862945869,6605.256838952226,2878.4761798803843,6621.111284653237,6602.754279120947,2883.3311140962264,6619.223976831617,6639.548804902651,2902.6721491136855,6648.736387810617,6651.731083228902,2920.456227835481,6656.724442950147,6652.428242198245,2939.3505508301823,6656.368242809547,6655.994730568205,2953.0109209419034,6658.513847541033,6641.866207170584,2970.9323677571024,6648.090228321668,6641.254613809334,2981.535605734461,-0.3392666650228526,2765.820548395944,0.30519484489210885,2801.8879677438385,0.2217204533948535,2840.182513247669,1.1041999168008607,2873.5463212092695,0.17644206527887332,2881.511261251976,-10.533967507784721,2901.932141316044,0.3686689637633384,2947.08924370137,0.31685503321568503,2976.4493318189507
106,8.773711625020951,1778433096.573656,0.010191250126808882,6641.345331173396,6648.434205458934,2760.3589311849933,6642.4124629397575,6647.049162514901,2771.7156174885536,6643.8281612005985,6648.426062903078,2796.692286647528,6649.915840388788,6653.579958431396,2807.9434431398813,6650.376709355993,6654.191285875844,2835.2033361704134,6654.837949689763,6655.586878381269,2848.9401769154256,6621.447426414401,6628.381586025613,2870.0106303873113,6627.172306446189,6635.485224806676,2875.2157550151646,6603.6768835773455,6617.426750618944,2878.4761798803843,6601.599677537672,6621.242103493596,2883.3311140962264,6639.515151144665,6649.0394030626285,2902.6721491136855,6651.072601399884,6653.599364244887,2920.456227835481,6651.756391172785,6653.360846043342,2939.3505508301823,6654.246695907326,6655.51792646025,2953.0109209419034,6639.260771158726,6645.684783140263,2970.9323677571024,6639.343096860959,6644.473929455633,2981.535605734461,-0.3362089027605884,2765.8236061582065,-0.30940176797253877,2801.273371130974,-1.754425673539003,2838.2063671207347,0.06374969519444448,2872.505870987663,-0.03646439608418508,2881.298354790613,-5.269108938317721,2907.196999885511,-0.3793304590315505,2946.341244278575,-0.23874230073452368,2975.8937344850006
107,8.844743958557956,1778433096.644525,0.009864582912996411,6638.176885105602,6645.882085765809,2760.3589311849933,6639.81999572088,6648.964044686249,2771.7156174885536,6643.863645811046,6646.584723538222,2796.692286647528,6647.308356511906,6653.960882721522,2807.9434431398813,6651.109490478955,6654.623316624386,2835.2033361704134,6655.6622474554515,6659.511697282758,2848.9401769154256,6623.59518293242,6629.795995965401,2870.0106303873113,6628.00284561543,6635.978081731211,2875.2157550151646,6602.749807439558,6616.395609316258,2878.4761798803843,6602.497058104348,6619.353094721399,2883.3311140962264,6638.793104502246,6648.234471375737,2902.6721491136855,6651.071909099245,6654.816896414707,2920.456227835481,6651.028749579729,6652.020683436746,2939.3505508301823,6652.256155821134,6656.613005471161,2953.0109209419034,6638.741343949629,6645.062400281199,2970.9323677571024,6639.596621022711,6645.633218204604,2981.535605734461,-0.1437132151407343,2766.016101845826,0.2030886064390471,2801.7858615053856,-0.7838723933247816,2839.1769204009493,0.07597838756091506,2872.5180996800295,-0.10294577765046509,2881.231873409047,-4.60932487784006,2907.856783945989,0.270123270665801,2946.9906980082724,-0.18836821763022668,2975.9441085681046
108,8.914861417026259,1778433096.714558,0.009695249842479825,6639.364854662714,6645.045007182811,2760.3589311849933,6642.553331601308,6646.442510010087,2771.7156174885536,6643.830924290125,6647.232287495797,2796.692286647528,6648.821679860623,6652.605512424733,2807.9434431398813,6650.781803038177,6654.50513800165,2835.2033361704134,6656.304375401169,6658.179785738302,2848.9401769154256,6622.888863587737,6631.293662316227,2870.0106303873113,6626.120999786044,6636.492571140387,2875.2157550151646,6604.262117553565,6617.7935614512335,2878.4761798803843,6601.65495613901,6619.3360852156375,2883.3311140962264,6638.945537488155,6646.6151496164075,2902.6721491136855,6650.825731271204,6655.785936974661,2920.456227835481,6652.391990402543,6653.911520004891,2939.3505508301823,6653.3097946021935,6657.34876211144,2953.0109209419034,6639.313816975884,6644.662754836933,2970.9323677571024,6637.837275728215,6646.271884647125,2981.535605734461,-0.3035926110840795,2765.856222449883,-0.17066866194315028,2801.4121042370034,-1.406898971995233,2838.5538938222785,0.08187059343905408,2872.5239918859074,-0.07955765843001009,2881.255261528267,-3.093287692704768,2909.372821131124,0.12157268259975525,2946.8421474202064,-0.01987242514006655,2976.112604360595
109,8.985380958532915,1778433096.7852852,0.010112333111464977,6644.451898095792,6639.605275544825,2760.3589311849933,6645.753423296757,6637.957294372955,2771.7156174885536,6643.122848977595,6640.284492771342,2796.692286647528,6647.3375722101655,6643.037321575939,2807.9434431398813,6646.892725494392,6647.397091726014,2835.2033361704134,6652.345911911239,6649.754959195525,2848.9401769154256,6654.641380627809,6654.901762080875,2870.0106303873113,6658.233607910259,6622.8200247577715,2875.2157550151646,6629.759759452272,6627.41968548461,2878.4761798803843,6638.311848580248,6602.544435614512,2883.3311140962264,6617.839131032796,6602.812009047283,2902.6721491136855,6616.262592841641,6636.694808509337,2920.456227835481,6645.975992603233,6650.369920836264,2939.3505508301823,6654.723463337103,6651.812921417001,2953.0109209419034,6655.113486872268,6652.959893938931,2970.9323677571024,6654.884446923618,6637.031260506771,2981.535605734461,-0.36118034203737426,2765.79863471893,-0.3647726751926792,2801.2180002237537,-1.7634950290786549,2838.1972977651953,-1.0788853655512567,2871.3632359269172,-1.014375587231859,2880.3204435994653,16.378269264053813,2928.844378087883,-1.604623535262776,2945.1159512023437,-0.9605645005986171,2975.1719122851364
110,9.059817167115398,1778433096.8598871,0.010441249934956431,6646.019246874714,6639.29068832717,2760.3589311849933,6645.950197145215,6639.502682091877,2771.7156174885536,6648.001022404254,6642.850557813981,2796.692286647528,6647.823498487026,6647.807674909067,2807.9434431398813,6653.302870067548,6652.068656967324,2835.2033361704134,6654.066230094446,6653.184046520158,2848.9401769154256,6654.853401901152,6621.534812177156,2870.0106303873113,6628.806282666505,6626.630659901579,2875.2157550151646,6637.298457988201,6603.708284683804,2878.4761798803843,6619.928693034203,6601.0661139468775,2883.3311140962264,6619.161617813368,6640.072896353578,2902.6721491136855,6647.916833756152,6649.355034080142,2920.456227835481,6653.885200354556,6652.0660833817265,2939.3505508301823,6654.910638200323,6654.73246171715,2953.0109209419034,6657.448600116148,6640.339583397011,2970.9323677571024,6646.262597426414,6640.113783354221,2981.535605734461,-0.2008483934663829,2765.9589666675006,0.33103787079685615,2801.9138107697436,-0.7782998366378967,2839.182492957636,0.9824490745227242,2873.4245703669912,0.18371504554067608,2881.518534232238,-11.621874502444555,2900.8442343213846,-0.032314101051708496,2946.688260636555,0.37445778444612715,2976.5069345701813
111,9.13504933344666,1778433096.934968,0.010138083016499877,6639.884482073539,6644.123975303361,2760.3589311849933,6640.094356145123,6647.898589418345,2771.7156174885536,6643.683552892992,6647.057379955375,2796.692286647528,6648.209919919308,6652.907308127273,2807.9434431398813,6651.810126234067,6655.540885472385,2835.2033361704134,6656.178634960418,6658.151494635817,2848.9401769154256,6623.035715377327,6629.274531589082,2870.0106303873113,6626.21794479934,6636.448888956811,2875.2157550151646,6603.487439251765,6619.992325090931,2878.4761798803843,6602.894119265213,6619.381856527189,2883.3311140962264,6639.770739982273,6650.228792370939,2902.6721491136855,6651.698083565119,6657.365956536356,2920.456227835481,6652.19743405569,6654.647279701683,2939.3505508301823,6653.881732738332,6657.587294067304,2953.0109209419034,6639.1651893511025,6644.704836934926,2970.9323677571024,6638.567127181588,6646.891534981814,2981.535605734461,-0.03833813989272182,2766.121476921074,-0.07155805871241896,2801.511214840234,-1.3810383577487582,2838.579754436525,0.14421482544973016,2872.586336117918,-0.1828520132702185,2881.151967173427,-4.149273200337259,2908.316835623492,-0.10039972578409236,2946.6201750118225,-0.03495960959327279,2976.0975171761415
112,9.229715417022817,1778433097.02957,0.010011915815994143,6639.021600391234,6643.8515649356605,2760.3589311849933,6640.571838799401,6646.284673105726,2771.7156174885536,6643.105912828194,6647.509201638293,2796.692286647528,6648.20392456521,6654.569283552893,2807.9434431398813,6652.562392639911,6654.381184093897,2835.2033361704134,6656.567171501054,6658.074490326131,2848.9401769154256,6624.278816823059,6627.34653544029,2870.0106303873113,6627.326885105603,6636.662744139132,2875.2157550151646,6603.791227802059,6616.516861264786,2878.4761798803843,6601.516700797751,6618.715371213742,2883.3311140962264,6638.516875019103,6647.931951279153,2902.6721491136855,6652.527786777517,6655.123969190329,2920.456227835481,6652.285351652046,6652.734877892227,2939.3505508301823,6653.609126753676,6656.131514197512,2953.0109209419034,6636.8591129993565,6644.146729528991,2970.9323677571024,6639.25823119479,6646.5908167007965,2981.535605734461,-0.171142226119251,2765.988672834848,-0.004528216234606599,2801.578244682712,-0.9680906947537254,2838.99270209952,0.21434881058233837,2872.6564701030507,-0.07154913862900278,2881.263270048068,-5.179481904930842,2907.286626918898,0.043316965540855935,2946.7638917031472,-0.1719999534575784,2975.9604768322774
113,9.340510208508931,1778433097.140523,0.010330416960641742,6640.40341565547,6649.023952379497,2760.3589311849933,6642.114299905249,6648.816829171379,2771.7156174885536,6644.116353883303,6649.519014579576,2796.692286647528,6647.948710150687,6653.154613809335,2807.9434431398813,6650.9220466424185,6654.596070850018,2835.2033361704134,6656.458660635142,6658.515410948437,2848.9401769154256,6625.001219549469,6631.241990402543,2870.0106303873113,6627.636293058655,6637.587592077514,2875.2157550151646,6604.559495063729,6618.938270623835,2878.4761798803843,6598.95583641532,6615.805538405111,2883.3311140962264,6635.688042913471,6647.316847510467,2902.6721491136855,6648.877323715499,6653.618588195738,2920.456227835481,6651.46398355595,6654.485047528807,2939.3505508301823,6654.203959715132,6658.9334229911055,2953.0109209419034,6640.302189992971,6645.058391661829,2970.9323677571024,6640.332484641013,6649.360841458569,2981.535605734461,-0.3097801611220634,2765.850034899845,-0.23170752837447683,2801.351065370572,-1.3410775942248327,2838.619715200049,0.13555045896316495,2872.577671751432,-0.12094027307997617,2881.213878913617,-5.215549580083063,2907.250559243746,-0.021135509764597465,2946.699439227842,0.039272374571509616,2976.1717491603063
114,9.412811479647644,1778433097.212575,0.009830374969169497,6638.685975181099,6644.917807256165,2760.3589311849933,6640.785872787848,6649.128749579728,2771.7156174885536,6645.2359109942845,6649.648682642051,2796.692286647528,6648.242933337409,6652.2176574869345,2807.9434431398813,6651.187468288657,6653.83684170309,2835.2033361704134,6653.663405874622,6657.599631689947,2848.9401769154256,6622.319708408472,6629.997145215026,2870.0106303873113,6627.10160772687,6635.57651679555,2875.2157550151646,6602.907786471864,6618.233351163003,2878.4761798803843,6603.66641654186,6618.7270807225605,2883.3311140962264,6638.692415258124,6649.8670018644725,2902.6721491136855,6651.335282880459,6655.594947580769,2920.456227835481,6652.07200385121,6655.748850750373,2939.3505508301823,6653.723519882629,6659.110055934223,2953.0109209419034,6640.7231026683385,6645.153984167254,2970.9323677571024,6637.253531803038,6645.791469266743,2981.535605734461,-0.11044252506819133,2766.049372535899,-0.2569993159938341,2801.325773582953,-0.5120269577669738,2839.448765836507,0.04588223335592669,2872.4880035258243,-0.18906735416928547,2881.145751832528,-5.227699155609396,2907.2384096682194,-0.02088845657132155,2946.699686281035,0.031262925473120776,2976.163739711208
115,9.485984812490642,1778433097.285922,0.010179874952882528,6637.403866491426,6641.985671057859,2760.3589311849933,6638.0828804596995,6645.902041751995,2771.7156174885536,6639.116280526943,6644.113917840878,2796.692286647528,6645.237783109699,6649.744146773849,2807.9434431398813,6647.471070085888,6651.227510162913,2835.2033361704134,6654.269495980683,6655.042357184339,2848.9401769154256,6621.807506800746,6626.06958920439,2870.0106303873113,6624.785136167741,6635.426354800258,2875.2157550151646,6602.767166916283,6615.0587232937005,2878.4761798803843,6601.573122535685,6617.931318580554,2883.3311140962264,6638.2707262279555,6646.074875447017,2902.6721491136855,6647.624959501178,6653.526596264938,2920.456227835481,6650.07095393832,6650.276440382675,2939.3505508301823,6653.104430418438,6655.879336430601,2953.0109209419034,6637.727740929792,6643.019265213804,2970.9323677571024,6637.862433902864,6642.921050218541,2981.535605734461,-0.05452144663145133,2766.1052936143356,-0.2628927744278706,2801.319880124519,-1.7314501422277158,2838.229342652046,0.21774964551642872,2872.659870937985,-0.0816514376998791,2881.2531677489974,-2.68309303771921,2909.78301578611,0.1305566101872019,2946.851131347794,-0.18576370571381307,2975.9467130800213
116,9.558428813004866,1778433097.3583019,0.010050958022475243,6638.640092306753,6645.344227771495,2760.3589311849933,6640.1968472048175,6645.759436989943,2771.7156174885536,6642.860350887917,6647.512848060642,2796.692286647528,6649.991181954336,6652.568354372344,2807.9434431398813,6651.312638689366,6655.698095791178,2835.2033361704134,6656.906320872939,6658.565707430387,2848.9401769154256,6625.3506861876085,6631.255813491458,2870.0106303873113,6627.6418054833875,6636.843666901,2875.2157550151646,6606.042100437082,6619.170646758566,2878.4761798803843,6603.999819665618,6619.912305529237,2883.3311140962264,6637.618912186325,6648.34896231317,2902.6721491136855,6650.991449399395,6657.151456429378,2920.456227835481,6650.506417153163,6653.7273313567875,2939.3505508301823,6653.781321637069,6656.578495888987,2953.0109209419034,6637.480769936119,6645.012548522174,2970.9323677571024,6638.979064400771,6646.69389155485,2981.535605734461,-0.27138352677078714,2765.888431534196,-0.4296712680040792,2801.1531016309427,-1.6574334906133599,2838.3033593036603,0.12285635876313743,2872.564977651232,-0.11341629639433957,2881.2214028903027,-4.03914329602185,2908.426965527807,-0.39536873067302325,2946.3252060069335,-0.1650566416239041,2975.967420144111
117,9.632098812609911,1778433097.431912,0.009931874927133322,6638.928917688053,6646.039063789467,2760.3589311849933,6642.135845279212,6648.746980163216,2771.7156174885536,6643.214225020631,6648.949359660115,2796.692286647528,6649.558261759941,6653.890112174098,2807.9434431398813,6649.611698811015,6653.411220466424,2835.2033361704134,6657.094687776997,6658.714785891127,2848.9401769154256,6623.050177277868,6629.825384356756,2870.0106303873113,6628.375870342634,6637.295607788001,2875.2157550151646,6604.656087049545,6618.676345630712,2878.4761798803843,6602.1636244154415,6619.695500809978,2883.3311140962264,6639.8750236879905,6648.606941345478,2902.6721491136855,6648.952211388574,6654.187842711739,2920.456227835481,6650.559100773297,6653.339256349909,2939.3505508301823,6653.106826726167,6658.364072194885,2953.0109209419034,6638.106592902773,6645.189114221966,2970.9323677571024,6637.516440993978,6644.666483785189,2981.535605734461,-0.23965697354287827,2765.920158087424,-0.358920982209218,2801.223851916737,-1.5017379473969423,2838.459054846877,0.08730255887978311,2872.5294238513484,-0.09537292835933886,2881.239446258338,-3.4914983175178755,2908.9746105063114,0.11383914278054315,2946.8344138803873,-0.170709318399413,2975.9617674673354
118,9.725875313044526,1778433097.525783,0.010115791810676455,6641.1016703854275,6646.181543234406,2760.3589311849933,6641.661552098298,6648.011718678364,2771.7156174885536,6645.33969954458,6648.471126631414,2796.692286647528,6648.460980529999,6653.621650823731,2807.9434431398813,6649.851253171134,6653.3137634868735,2835.2033361704134,6655.52428401137,6657.471482715408,2848.9401769154256,6624.331601308188,6632.026157655042,2870.0106303873113,6628.37826359385,6637.645392303695,2875.2157550151646,6604.443422379802,6618.197921569826,2878.4761798803843,6601.269407341749,6618.696793715804,2883.3311140962264,6637.490546199222,6647.126622245317,2902.6721491136855,6650.316450163524,6654.977508634654,2920.456227835481,6650.959658587279,6655.530080691996,2939.3505508301823,6656.411700339273,6659.429979827,2953.0109209419034,6640.418293242046,6645.330655316808,2970.9323677571024,6638.385645077482,6644.8514549011215,2981.535605734461,-0.15194453187537776,2766.0078705290916,0.002813522602974681,2801.5855864215496,-1.3120463946436318,2838.64874639963,0.06972933100892875,2872.5118506234776,-0.09132924796316946,2881.243489938734,-4.244066208638395,2908.2220426151907,-0.5936525742481731,2946.1269221633584,-0.09639609917256763,2976.0360806865624
119,9.799617395969108,1778433097.599502,0.01007420802488923,6640.700447779442,6645.618198490081,2760.3589311849933,6641.863245407585,6648.429996637833,2771.7156174885536,6646.206346853318,6649.600359140508,2796.692286647528,6650.586329736834,6654.99994498273,2807.9434431398813,6652.4674343613415,6655.406487453007,2835.2033361704134,6657.410639728581,6659.715756334626,2848.9401769154256,6625.180954855275,6630.258173121007,2870.0106303873113,6627.83787938992,6637.63383256411,2875.2157550151646,6603.763249992359,6617.643251214965,2878.4761798803843,6600.523808723294,6620.237000641869,2883.3311140962264,6639.590005196075,6649.081616590763,2902.6721491136855,6650.898098847695,6657.617021731821,2920.456227835481,6654.375399639331,6657.681306354495,2939.3505508301823,6656.507114038573,6660.542991411193,2953.0109209419034,6641.4925329339485,6647.57329522878,2970.9323677571024,6640.710202646942,6649.231514197512,2981.535605734461,-0.1332245289406525,2766.0265905320266,-0.10358854373526076,2801.479184355211,-1.0603352246563666,2838.9004575696176,0.16659087880427315,2872.6087121712726,-0.03785367642579715,2881.2969655102715,-3.125835265797823,2909.340273558031,-0.19283459089574387,2946.5277401467106,-0.0521987692603441,2976.0802780164745
120,9.873404437559657,1778433097.673168,0.0098321249242872,6638.468108322891,6643.322745056088,2760.3589311849933,6640.404803313262,6649.085062811382,2771.7156174885536,6643.624504080448,6649.0258535318035,2796.692286647528,6647.179000213956,6650.531505027966,2807.9434431398813,6651.227487239051,6654.066867377817,2835.2033361704134,6655.5369945288385,6659.188209493535,2848.9401769154256,6622.799388697007,6631.626767429775,2870.0106303873113,6627.288519729805,6637.572612097686,2875.2157550151646,6604.425845890515,6620.478754164501,2878.4761798803843,6603.686849344378,6618.7491625149005,2883.3311140962264,6638.792413729866,6646.675587615001,2902.6721491136855,6650.82934865666,6653.896365803712,2920.456227835481,6651.146501818625,6654.712227588103,2939.3505508301823,6655.339806522604,6657.597589937953,2953.0109209419034,6639.287529418956,6644.558270929488,2970.9323677571024,6636.511137940519,6645.815310083442,2981.535605734461,-0.02553837743411707,2766.134276683533,-0.42670393397297424,2801.1560689649737,-0.6478623841333341,2839.3129304101403,0.06612091372420356,2872.508242206193,-0.20694639062950554,2881.1278727960675,-4.162383587482812,2908.303725236346,-0.5506484320770741,2946.1699263055293,0.027551501412434527,2976.1600282871473
121,9.947860271553509,1778433097.747603,0.009790874784812331,6641.126286028671,6646.773885136167,2760.3589311849933,6642.838643518659,6648.939238010821,2771.7156174885536,6644.468372711434,6647.836691933857,2796.692286647528,6648.030432191216,6655.20018797567,2807.9434431398813,6652.951355564384,6656.382064370206,2835.2033361704134,6655.996510988171,6659.824015038054,2848.9401769154256,6622.851846135037,6631.669550997952,2870.0106303873113,6627.207029984411,6638.93929914112,2875.2157550151646,6606.678741938444,6620.760836873797,2878.4761798803843,6603.83130329798,6618.41699269493,2883.3311140962264,6639.876279915639,6648.715612678425,2902.6721491136855,6651.045346455971,6655.088990433108,2920.456227835481,6651.588379130115,6654.058283155546,2939.3505508301823,6655.092024024208,6659.852520096586,2953.0109209419034,6641.389823333436,6648.489749977076,2970.9323677571024,6640.417376287556,6647.055124247333,2981.535605734461,-0.19245365577592358,2765.9673614051912,0.18924579873133832,2801.772018697678,-0.7661921681559064,2839.194600626118,0.11091968732151927,2872.5530409797902,-0.1698407726125079,2881.1649784140845,-4.1515074778465335,2908.3146013459823,0.08099595231814607,2946.8015706899246,-0.19714769001262752,2975.9353290957224
122,10.025164313032292,1778433097.8249578,0.009893208043649793,6641.392814133325,6646.398806430907,2760.3589311849933,6642.815140446862,6648.632866705384,2771.7156174885536,6645.475230002751,6648.323788855947,2796.692286647528,6651.52287648623,6656.060842986827,2807.9434431398813,6652.505281657854,6654.322297276645,2835.2033361704134,6657.056869517377,6660.402387138185,2848.9401769154256,6624.494923128649,6630.25881498915,2870.0106303873113,6628.018244337805,6638.315653941376,2875.2157550151646,6604.411694226243,6620.292739248709,2878.4761798803843,6603.948052999968,6620.527215209219,2883.3311140962264,6639.397424886146,6650.51616132286,2902.6721491136855,6653.814040101477,6658.3701516031415,2920.456227835481,6652.886765290216,6656.522473026256,2939.3505508301823,6655.5759207751325,6659.644470764435,2953.0109209419034,6641.437199315342,6647.691486077575,2970.9323677571024,6640.283097472263,6648.822994162057,2981.535605734461,-0.17467669812595218,2765.985138362841,-0.0331399938561662,2801.54963290509,-0.4432825825220258,2839.517510211752,0.16083409749415237,2872.6029553899625,-0.165155752782953,2881.169663433914,-5.049249812633463,2907.4168590111954,-0.24502561835590084,2946.4755491192504,-0.05991383705266238,2976.0725629486824
123,10.10560524999164,1778433097.9054139,0.009921249933540821,6640.797747348473,6645.92880306874,2760.3589311849933,6641.162895436622,6647.586390867134,2771.7156174885536,6642.29907234771,6646.811669774123,2796.692286647528,6647.978193294007,6653.631579912583,2807.9434431398813,6650.948300577681,6653.441120824037,2835.2033361704134,6656.157911788978,6658.531602836447,2848.9401769154256,6623.570490876303,6630.840896170186,2870.0106303873113,6626.352212916832,6636.654699391754,2875.2157550151646,6604.546724944218,6618.454228688449,2878.4761798803843,6602.787361310633,6617.852764617783,2883.3311140962264,6638.013095638354,6646.72066815417,2902.6721491136855,6650.202599565974,6655.3286120365565,2920.456227835481,6651.355894489105,6655.73522786319,2939.3505508301823,6654.378810710028,6656.660740593575,2953.0109209419034,6639.281477519331,6642.869691597642,2970.9323677571024,6638.326150013754,6646.014819512791,2981.535605734461,-0.15083755847480215,2766.008977502492,-0.09099943014273211,2801.491773468804,-0.9134479218181681,2839.0473448724556,0.11466932887317385,2872.556790621342,-0.15369021503134284,2881.1811289716657,-3.5364866870077076,2908.9296221368213,-0.6891615981517919,2946.031413139455,0.030862230911655037,2976.1633390166467
124,10.201102270977572,1778433098.001001,0.010099458042532206,6638.135360821591,6646.658410000916,2760.3589311849933,6643.478679279884,6649.246555307638,2771.7156174885536,6643.645389247181,6646.857445670446,2796.692286647528,6646.363757373842,6653.8508115047225,2807.9434431398813,6652.727520860714,6655.282024635511,2835.2033361704134,6655.469407341749,6659.388096402482,2848.9401769154256,6622.346718831189,6631.222089433628,2870.0106303873113,6628.212278020602,6635.332133141793,2875.2157550151646,6604.054596998501,6620.138395940948,2878.4761798803843,6601.949634746462,6619.171878534095,2883.3311140962264,6635.760951493108,6647.104856802274,2902.6721491136855,6649.8323195892035,6656.963505211357,2920.456227835481,6653.466855151756,6656.005559800715,2939.3505508301823,6654.7458477244245,6658.428670110339,2953.0109209419034,6640.80601216493,6646.368722682397,2970.9323677571024,6640.05964024819,6644.844628174955,2981.535605734461,-0.3514122580488634,2765.8084028029184,0.23924225491397402,2801.822015153861,-0.49008050526328106,2839.4707122890104,-0.03269209393035844,2872.409429198538,-0.15415186825907404,2881.1806673184383,-3.859185894680668,2908.6069229291484,-0.11999345847417528,2946.6005812791323,-0.21295115455682267,2975.919525631178
125,10.287617563037202,1778433098.08754,0.010147207882255316,6637.55043708164,6644.221420056851,2760.3589311849933,6639.429376165297,6648.4306965797605,2771.7156174885536,6641.742427484183,6646.2180502491055,2796.692286647528,6646.809371274872,6653.1706268912185,2807.9434431398813,6652.05727450561,6653.93477855549,2835.2033361704134,6654.424991594584,6657.559355992297,2848.9401769154256,6621.478954366231,6628.802672922333,2870.0106303873113,6626.690546199224,6637.002157899564,2875.2157550151646,6606.513939236483,6618.686997585355,2878.4761798803843,6602.408938778006,6620.068907601551,2883.3311140962264,6638.919468472048,6649.957801754439,2902.6721491136855,6652.7877219794,6656.480750068772,2920.456227835481,6651.481832075068,6656.594510499129,2939.3505508301823,6650.719401228719,6656.968034966531,2953.0109209419034,6639.893732616071,6644.161628511172,2970.9323677571024,6638.8787266558675,6646.327898340312,2981.535605734461,-0.09958350186881862,2766.060231559098,-0.012537111114017055,2801.5702357878326,-0.5204496900534725,2839.4403431042206,0.11322164206391343,2872.5553429345323,-0.04637093552854282,2881.2884482511686,-5.446289148988552,2907.0198196748406,-0.12127091799494769,2946.5993038196116,-0.01509761323814183,2976.117379172497
126,10.361462271073833,1778433098.1611981,0.009775292128324509,6639.66606962741,6645.909096188526,2760.3589311849933,6642.16855151756,6647.0140966470035,2771.7156174885536,6644.996021945777,6648.495378549378,2796.692286647528,6647.7638888039855,6651.179675703764,2807.9434431398813,6649.432354739127,6654.039400006113,2835.2033361704134,6654.283086774461,6657.761399272548,2848.9401769154256,6623.282266100192,6629.922564721705,2870.0106303873113,6627.963691658772,6635.738058196044,2875.2157550151646,6604.967409909221,6619.524750129902,2878.4761798803843,6603.282464773665,6618.532548827825,2883.3311140962264,6638.426211144055,6646.862664669743,2902.6721491136855,6648.391431060305,6653.84661490968,2920.456227835481,6650.208989210502,6653.638855946449,2939.3505508301823,6653.267497019898,6656.202315310084,2953.0109209419034,6638.758946419293,6643.131284958889,2970.9323677571024,6639.185701623009,6645.54951554238,2981.535605734461,-0.28408297620861667,2765.8757320847585,-0.21962503214471069,2801.3631478668017,-1.2018070363197544,2838.758985757954,0.05626414857781422,2872.498385441046,-0.1652157866093131,2881.169603400088,-3.2308607441964283,2909.2352480796326,-0.4078867105163676,2946.31268802709,-0.0745944991799482,2976.057882286555
127,10.435586188104935,1778433098.235413,0.009951458079740405,6639.6870006418685,6644.160138460126,2760.3589311849933,6639.164767552036,6648.280190726534,2771.7156174885536,6644.449063178165,6648.854331081701,2796.692286647528,6650.441290460617,6654.1543157991255,2807.9434431398813,6652.674852523152,6656.174250389706,2835.2033361704134,6655.2277913622875,6657.177377204513,2848.9401769154256,6623.472665586698,6628.531696060153,2870.0106303873113,6626.335466271358,6635.103664761438,2875.2157550151646,6603.15253537916,6617.211992236451,2878.4761798803843,6601.043003637252,6618.8596142678125,2883.3311140962264,6638.3435583947185,6646.440164134852,2902.6721491136855,6648.83846165602,6655.054098786563,2920.456227835481,6652.172436348077,6655.298945502337,2939.3505508301823,6653.269057370785,6656.977721062443,2953.0109209419034,6637.085079622215,6645.183033285449,2970.9323677571024,6638.403385090319,6645.607456368249,2981.535605734461,0.015006752154896223,2766.174821813122,-0.2839482724007829,2801.298824626546,-1.3214465013279173,2838.639346292946,0.13558070327365523,2872.5777019957422,-0.08930120457661048,2881.2455179821204,-2.672818006122907,2909.7932908177063,-0.2186133302352094,2946.5019614073713,-0.21884581028419717,2975.913630975451
128,10.510286208591424,1778433098.311413,0.012547333026304841,6638.213671791424,6647.965820521441,2760.3589311849933,6640.852452853258,6648.112384998623,2771.7156174885536,6641.461087508023,6645.931083228903,2796.692286647528,6648.607772717546,6652.0454091145275,2807.9434431398813,6650.699353547086,6654.382744444784,2835.2033361704134,6653.419132255403,6657.044787113732,2848.9401769154256,6621.991637375065,6629.493504905705,2870.0106303873113,6626.996197695387,6637.683008833328,2875.2157550151646,6604.968710456337,6618.230311458875,2878.4761798803843,6601.003869547941,6617.578443928233,2883.3311140962264,6639.380426078185,6648.890529388392,2902.6721491136855,6649.711651435033,6655.031888620595,2920.456227835481,6652.478729712382,6655.621640125928,2939.3505508301823,6652.604812482807,6658.217963138431,2953.0109209419034,6637.617018675306,6642.347978115354,2970.9323677571024,6639.242697985757,6645.94975700706,2981.535605734461,-0.3382566956105245,2765.8215583653564,-0.3198676980552369,2801.2629052008915,-0.8958069327045594,2839.0649858615693,0.11927073439496282,2872.5613920268634,-0.10019021732663959,2881.2346289693705,-3.8441247617855057,2908.6219840620433,0.11279941382628479,2946.833374151433,-0.07541813210328165,2976.057058653632
129,10.616103145992383,1778433098.4160159,0.010131292045116425,6641.77261668246,6647.813867408382,2760.3589311849933,6643.230760766573,6651.786415319252,2771.7156174885536,6644.8605128832105,6649.812938227835,2796.692286647528,6650.38691505945,6652.07114802702,2807.9434431398813,6651.458173121008,6654.545957758963,2835.2033361704134,6656.570747623559,6661.285174374179,2848.9401769154256,6623.061206712108,6631.3095668918295,2870.0106303873113,6628.833838677141,6639.158387077054,2875.2157550151646,6607.098528288047,6620.237992480974,2878.4761798803843,6605.254881254395,6621.071913684018,2883.3311140962264,6639.897238438731,6651.518756304063,2902.6721491136855,6651.013532719992,6656.974398630681,2920.456227835481,6652.806322401198,6654.775362961152,2939.3505508301823,6653.675815325366,6657.673276889689,2953.0109209419034,6640.3503835926285,6645.901358620899,2970.9323677571024,6640.938357734512,6648.032950759543,2981.535605734461,-0.09049872837879805,2766.069316332588,-0.5551657361874952,2801.027607162759,-0.41576215157733537,2839.5450306426965,0.08511560390660397,2872.527236896375,-0.1160721351466264,2881.2187470515505,-4.590346779796868,2907.875762044032,0.035318991971186,2946.7558937295776,-0.0970314441738984,2976.035445341561
130,10.710092292050831,1778433098.5099142,0.009947833837941289,6641.298078980346,6648.190850322464,2760.3589311849933,6640.53433688908,6648.291710731423,2771.7156174885536,6642.679269187273,6647.91480270196,2796.692286647528,6647.673969190329,6651.9710013143,2807.9434431398813,6651.876287556927,6657.337008283156,2835.2033361704134,6657.738351621481,6659.846078491304,2848.9401769154256,6623.368128190237,6630.515400250634,2870.0106303873113,6628.260086499375,6635.002958706483,2875.2157550151646,6604.296136565089,6617.514972338538,2878.4761798803843,6601.995305193021,6618.64733013418,2883.3311140962264,6638.344643457529,6648.17607360088,2902.6721491136855,6651.64785279824,6656.004911819543,2920.456227835481,6651.2796527799,6652.66846593514,2939.3505508301823,6652.378265122109,6657.462901549654,2953.0109209419034,6639.101273038481,6645.847253721307,2970.9323677571024,6640.741091787144,6647.553895528317,2981.535605734461,-0.1719777860869469,2765.98783727488,-0.30988372045370294,2801.2728891784927,-1.8362141670543004,2838.1245786272198,0.008927657451747043,2872.4510489499203,-0.09730830012597202,2881.2375108865713,-4.497247719538601,2907.96886110429,0.3280993957016764,2947.0486741333084,-0.1708601810876299,2975.961616604647
131,10.784608000074513,1778433098.5843751,0.009838000172749162,6637.972398141639,6646.485412782346,2760.3589311849933,6640.578870312071,6647.6301127854,2771.7156174885536,6643.852113580097,6647.412163401289,2796.692286647528,6649.516702326007,6654.109449216003,2807.9434431398813,6652.0596096830395,6655.500336216646,2835.2033361704134,6655.170437387291,6660.0149326038445,2848.9401769154256,6624.064686554391,6629.8235871259585,2870.0106303873113,6627.245716294281,6637.354933215148,2875.2157550151646,6604.583014946358,6618.68898279182,2878.4761798803843,6600.881071002843,6618.925048140109,2883.3311140962264,6638.435330256441,6647.486688877341,2902.6721491136855,6651.082099520128,6656.9198535929345,2920.456227835481,6652.671025766421,6655.888431090871,2939.3505508301823,6654.602455909771,6658.076863709999,2953.0109209419034,6638.953996393313,6645.2165953479835,2970.9323677571024,6638.403504294403,6645.226356328514,2981.535605734461,-0.2872825335756874,2765.8725325273913,-0.10228261349268686,2801.480490285454,-0.4790391645488168,2839.481753629725,0.1552295548407439,2872.5973508473094,-0.08473906812163336,2881.2500801185756,-3.350097164727786,2909.1160116591013,-0.2757686001288136,2946.444806137478,-0.14609373459325342,2975.9863830511417
132,10.857644021511078,1778433098.6574762,0.009968374855816364,6639.656812971851,6646.543258856253,2760.3589311849933,6641.263343216066,6649.615771617202,2771.7156174885536,6644.383328239142,6647.008367209707,2796.692286647528,6649.330348137055,6653.099154873613,2807.9434431398813,6651.304988232418,6654.000496683681,2835.2033361704134,6657.187251276095,6659.149000519607,2848.9401769154256,6622.732502980101,6629.858784424,2870.0106303873113,6628.262100742734,6638.515346761621,2875.2157550151646,6605.740161078337,6619.983221261117,2878.4761798803843,6602.295540544672,6619.318323807194,2883.3311140962264,6638.29419414983,6647.291191123882,2902.6721491136855,6651.553461503196,6654.708640767798,2920.456227835481,6652.171470489348,6655.650583794357,2939.3505508301823,6656.739427514747,6660.625835192713,2953.0109209419034,6640.438316471559,6647.023952379497,2970.9323677571024,6638.4636167741555,6646.944078002261,2981.535605734461,-0.14235713337685166,2766.0174579275904,-0.09044174669674268,2801.49233115225,-1.088888538478361,2838.8719042557955,0.11747304351357468,2872.559594335982,-0.11344273311696264,2881.22137645358,-4.683562077033132,2907.782546746796,-0.24967800187905514,2946.4708967357274,-0.0793645836254426,2976.0531122021093
133,10.931310000014491,1778433098.731145,0.009974749991670251,6642.275234587524,6649.398375462299,2760.3589311849933,6644.1729849925105,6650.03450652566,2771.7156174885536,6644.140261943333,6648.695520677325,2796.692286647528,6648.848771280985,6654.78207353975,2807.9434431398813,6652.272680869273,6652.778610508298,2835.2033361704134,6656.06115016658,6659.759580646147,2848.9401769154256,6625.697334718954,6632.609927560596,2870.0106303873113,6629.831474462818,6638.880667542869,2875.2157550151646,6604.385793318458,6618.334819818442,2878.4761798803843,6603.810493015863,6621.4190420882105,2883.3311140962264,6640.439635357766,6650.09294403521,2902.6721491136855,6653.174210655011,6658.045620014059,2920.456227835481,6654.1136503958205,6657.435191185012,2939.3505508301823,6654.728307913317,6657.814313659565,2953.0109209419034,6640.482597732067,6645.6879420484765,2970.9323677571024,6638.453224623283,6647.744843659259,2981.535605734461,-0.2773060874729501,2765.882508973494,-0.06598610323403234,2801.5167867957125,0.03188253447607342,2839.99267532875,0.08707662888818864,2872.5291979213566,-0.09183383856913932,2881.242985348128,-4.144985313161633,2908.3211235106673,-0.36209887084567205,2946.3584758667607,0.030104290146189348,2976.162581075881
134,11.004989395965822,1778433098.804885,0.010096458019688725,6640.698274597305,6645.826739921143,2760.3589311849933,6642.459667756824,6649.918265733411,2771.7156174885536,6644.719052786013,6647.903864963169,2796.692286647528,6649.160037595133,6654.247738178929,2807.9434431398813,6652.705278601339,6655.665244368371,2835.2033361704134,6657.318105266376,6661.224766940734,2848.9401769154256,6626.64839838616,6634.167408380965,2870.0106303873113,6630.499105969374,6638.922335483083,2875.2157550151646,6603.762881682305,6619.472583060795,2878.4761798803843,6603.560587767826,6617.95006724333,2883.3311140962264,6640.314432863648,6649.62649234343,2902.6721491136855,6653.9813567869915,6658.620966164379,2920.456227835481,6654.33164257114,6656.133774490326,2939.3505508301823,6654.113265274934,6656.949986245682,2953.0109209419034,6638.839115750222,6647.063428798485,2970.9323677571024,6639.5276186691935,6646.626139315951,2981.535605734461,-0.09956648555093067,2766.060248575416,-0.010578815081665352,2801.572194083865,-0.6095425094165914,2839.351250284857,0.04918783795490128,2872.4913091304234,-0.21514598290818865,2881.119673203789,-4.089773964673374,2908.3763348591556,-0.13906000004867403,2946.581514737558,-0.23038267624393322,2975.902094109491
135,11.079412479652092,1778433098.879178,0.009835375007241964,6640.166008497111,6647.003103890944,2760.3589311849933,6642.419871932024,6649.341640431579,2771.7156174885536,6644.653403429411,6647.414596387198,2796.692286647528,6649.215262707461,6653.328939083656,2807.9434431398813,6649.995788122382,6655.446133508574,2835.2033361704134,6655.874552984687,6657.992416786381,2848.9401769154256,6623.562623406792,6631.384274230522,2870.0106303873113,6627.446601155362,6635.747253721306,2875.2157550151646,6603.360702387137,6617.304389155484,2878.4761798803843,6601.4585414310595,6616.9636763761955,2883.3311140962264,6638.021391019958,6646.962786930342,2902.6721491136855,6650.431845829386,6657.187015924443,2920.456227835481,6652.842675061894,6655.867776691017,2939.3505508301823,6654.925370602439,6658.265271877006,2953.0109209419034,6640.1105205244985,6647.137913011584,2970.9323677571024,6639.870778188709,6646.456722804658,2981.535605734461,-0.21072389184885693,2765.949091169118,-0.06846637776674298,2801.51430652118,-1.8306339728179137,2838.130158821456,0.03611720414520322,2872.478238496614,-0.14368124317658845,2881.1911379435205,-2.8290863997030553,2909.637022424126,-0.2656275459543944,2946.454947191652,-0.1961536938696317,2975.9363230918652
136,11.174624959006906,1778433098.9743848,0.00982449995353818,6639.460048292936,6645.031841244614,2760.3589311849933,6641.373584069444,6646.959964238777,2771.7156174885536,6640.453502766146,6646.446728000733,2796.692286647528,6648.554138521258,6652.086806553169,2807.9434431398813,6650.626004829294,6651.725447015313,2835.2033361704134,6651.5622535684815,6655.403863434913,2848.9401769154256,6622.65658220497,6631.043119784821,2870.0106303873113,6628.576113335575,6637.090049515542,2875.2157550151646,6604.102139560474,6618.688585444876,2878.4761798803843,6600.693228291102,6615.784147385151,2883.3311140962264,6637.010734480546,6648.109389613963,2902.6721491136855,6650.306050371366,6655.677621725708,2920.456227835481,6649.57800226182,6654.287590549255,2939.3505508301823,6653.440381147416,6657.040174832657,2953.0109209419034,6639.798587890089,6645.75834734236,2970.9323677571024,6637.2315019714515,6644.088466240792,2981.535605734461,-0.21415555092792837,2765.945659510039,-0.47043594024177676,2801.112336958705,-0.09612431984393771,2839.86466847443,0.02521449018727867,2872.467335782656,-0.1697787779778756,2881.165040408719,-4.626205027687815,2907.8399037961412,-0.5159415242478355,2946.2046332133586,-0.1291578865969873,2976.003318899138
137,11.249157542013563,1778433099.048921,0.009832916082814336,6638.302561359538,6643.3518980957915,2760.3589311849933,6639.764819512793,6647.355324449063,2771.7156174885536,6644.094030626281,6648.499915945838,2796.692286647528,6648.919110859797,6653.425231531008,2807.9434431398813,6651.469792462635,6654.164211266313,2835.2033361704134,6653.973834703671,6657.363222483725,2848.9401769154256,6622.808289268576,6630.590951187456,2870.0106303873113,6627.605138001651,6635.626474004339,2875.2157550151646,6603.996955711098,6617.592170736925,2878.4761798803843,6602.149387168751,6619.533415349819,2883.3311140962264,6639.314975395055,6650.773979888132,2902.6721491136855,6650.750395818688,6654.849894550233,2920.456227835481,6652.427302319896,6654.198402970932,2939.3505508301823,6655.556623467921,6658.344006174159,2953.0109209419034,6640.101286792798,6646.161892899717,2970.9323677571024,6639.34336277776,6646.411130299233,2981.535605734461,-0.08906188950241889,2766.0707531714647,-0.20045628702084792,2801.382316611926,-0.6809031897679598,2839.279889604506,0.028694737696119254,2872.4708160301648,-0.08853710079229486,2881.246282085905,-5.452481927661324,2907.013626896168,-0.14246722878221435,2946.5781075088244,-0.12376130007655001,2976.0087154856583
138,11.322603813023306,1778433099.122519,0.010132542112842202,6638.647369868876,6646.802212916833,2760.3589311849933,6641.393254271478,6646.081343032674,2771.7156174885536,6643.189028639545,6647.913233181527,2796.692286647528,6643.971922853564,6649.417509245958,2807.9434431398813,6648.248181373597,6652.195800348442,2835.2033361704134,6654.270903505823,6655.674147996453,2848.9401769154256,6622.73625332396,6628.902012715103,2870.0106303873113,6627.384153498181,6638.486971604975,2875.2157550151646,6605.515487361311,6616.996518629458,2878.4761798803843,6602.257629061345,6617.732389889049,2883.3311140962264,6638.185073509185,6648.032574808203,2902.6721491136855,6649.656386588013,6655.513908671333,2920.456227835481,6650.843161047774,6654.639465721184,2939.3505508301823,6654.9341366873505,6658.228696090718,2953.0109209419034,6639.068577497937,6644.560694745851,2970.9323677571024,6637.737960387565,6646.03140569123,2981.535605734461,-0.3865268478179088,2765.773288213149,-0.1347522428050239,2801.4480206561416,-1.6059451209419693,2838.3548476733317,0.17319053597367917,2872.6153118284424,-0.08335748860817714,2881.251461698089,-3.743666388404094,2908.722442435425,-0.40916349342233294,2946.311411244184,-0.03408267659184463,2976.098394109143
139,11.396801542141475,1778433099.1967292,0.010159916011616588,6637.689250236881,6645.920342635329,2760.3589311849933,6642.788062780817,6647.286771403247,2771.7156174885536,6642.710517467984,6647.818954977534,2796.692286647528,6648.55774062414,6651.367302931198,2807.9434431398813,6650.396238958339,6654.8632668031905,2835.2033361704134,6653.912270379314,6656.237483571231,2848.9401769154256,6623.713172051226,6630.799966378336,2870.0106303873113,6627.930115841918,6638.478560075801,2875.2157550151646,6604.418598893542,6617.319184216156,2878.4761798803843,6602.625798514533,6619.174303878717,2883.3311140962264,6638.316609102301,6648.400129901887,2902.6721491136855,6650.014063025339,6653.785956842008,2920.456227835481,6650.353452333651,6653.906323929457,2939.3505508301823,6653.648578720543,6658.395241006205,2953.0109209419034,6639.592086682764,6645.71907876639,2970.9323677571024,6637.633412293302,6644.261747715255,2981.535605734461,-0.399782518804562,2765.7600325421627,-0.45317978456052377,2801.129593114386,-1.490631550146449,2838.470161244127,0.127807221160734,2872.5699285136293,-0.09201948527540045,2881.2427997014215,-4.921579566532144,2907.5445292572967,-0.11152970730974154,2946.609045030297,-0.14896882156097302,2975.983507964174
140,11.470942020998336,1778433099.2708201,0.010059457970783114,6640.559696793716,6645.8178362930585,2760.3589311849933,6641.269075709875,6647.278442399975,2771.7156174885536,6643.139691903292,6646.5858773726195,2796.692286647528,6646.555081456123,6651.948027019593,2807.9434431398813,6650.606757954581,6654.606753369808,2835.2033361704134,6656.080883027173,6657.340430051656,2848.9401769154256,6623.244420331937,6628.9660421187755,2870.0106303873113,6628.790679157624,6638.104867500077,2875.2157550151646,6605.026515267292,6617.8093865574465,2878.4761798803843,6600.453728948254,6617.88332365437,2883.3311140962264,6637.738848305164,6647.61553015252,2902.6721491136855,6649.377112815967,6656.171048690284,2920.456227835481,6653.776085826941,6655.637434666993,2939.3505508301823,6654.52887031207,6656.6498318916765,2953.0109209419034,6637.6389537549285,6645.629402145673,2970.9323677571024,6636.7417443530885,6647.438076535135,2981.535605734461,-0.17763989440634176,2765.982175166561,-0.0058602034970067895,2801.5769126954497,-1.661610499559214,2838.2991822947147,0.13185216463362542,2872.573973457102,-0.06712236642139628,2881.267696820276,-3.283791491638636,2909.1823173321905,-0.27516449000947046,2946.445410247597,-0.03893235940926072,2976.093544426326
141,11.545818625483662,1778433099.34557,0.009805167093873024,6638.542497784028,6645.6893465171,2760.3589311849933,6642.434780083748,6646.330549867041,2771.7156174885536,6643.5397484488185,6645.604717730843,2796.692286647528,6647.052773787329,6652.819578506588,2807.9434431398813,6651.468039551303,6654.350797750405,2835.2033361704134,6654.3141470795,6657.144351560351,2848.9401769154256,6621.506771708899,6628.441788672557,2870.0106303873113,6629.415395665861,6639.86109514931,2875.2157550151646,6606.1696426933995,6620.445146254242,2878.4761798803843,6604.243315401778,6620.473660482317,2883.3311140962264,6639.925503560839,6645.059417122597,2902.6721491136855,6647.4820704832355,6654.630806614298,2920.456227835481,6650.04234954305,6654.133120396124,2939.3505508301823,6654.957769661033,6660.219676315067,2953.0109209419034,6640.867338081121,6646.437801448787,2970.9323677571024,6638.984717425192,6646.2567212764,2981.535605734461,-0.3759124017660461,2765.783902659201,0.1790535431007431,2801.7618264420475,-0.8942522281936013,2839.06654056608,0.12917864469683174,2872.5712999371653,-0.1339597822127812,2881.200859404484,-0.6933879878682413,2911.7727208359606,-0.11579961705016006,2946.6047751205565,-0.08901688100687648,2976.043459904728
142,11.63865133409854,1778433099.438844,0.010689500020816922,6640.412942812603,6645.811067640677,2760.3589311849933,6641.851824739431,6648.215565302441,2771.7156174885536,6642.183721001314,6644.740839624659,2796.692286647528,6648.130445945532,6652.867876027753,2807.9434431398813,6651.484569184217,6654.645532903383,2835.2033361704134,6655.090260415074,6657.106305590367,2848.9401769154256,6621.699784515695,6628.693083106642,2870.0106303873113,6628.735693981723,6638.658157838433,2875.2157550151646,6606.334723538222,6620.4016719136835,2878.4761798803843,6603.221549958737,6618.603137512607,2883.3311140962264,6637.72599565975,6650.065929027723,2902.6721491136855,6649.687709753339,6654.541093315403,2920.456227835481,6650.358507809395,6654.297741235443,2939.3505508301823,6654.314095118745,6658.413454778862,2953.0109209419034,6638.807360088028,6643.6931793868625,2970.9323677571024,6638.682016994224,6646.593388758139,2981.535605734461,-0.16706540769421027,2765.9927496532728,0.018677574485027045,2801.6014504734317,-1.2060571061176606,2838.7547356881564,0.11134673395338189,2872.553468026422,-0.14973967963976237,2881.1850795070573,-5.517808065142469,2906.9483007586864,-0.2930218641769636,2946.4275528734297,-0.02292800454104334,2976.109548781194
143,11.714328937465325,1778433099.514147,0.009941875003278255,6639.311874560624,6647.486098969955,2760.3589311849933,6641.643504905706,6647.633904392211,2771.7156174885536,6641.653903169606,6644.9562383470375,2796.692286647528,6647.362938227833,6651.758708011124,2807.9434431398813,6650.794800868051,6655.026851483938,2835.2033361704134,6657.658047803893,6658.790770853074,2848.9401769154256,6623.626804107956,6629.642730079164,2870.0106303873113,6628.821354341779,6637.709785432649,2875.2157550151646,6606.521837271143,6618.732911024849,2878.4761798803843,6602.635947672464,6619.429532047559,2883.3311140962264,6637.910813949934,6646.98463948406,2902.6721491136855,6650.793356664731,6654.960943851819,2920.456227835481,6650.082105633157,6653.28601033102,2939.3505508301823,6653.88486413791,6657.121679860624,2953.0109209419034,6640.058602561359,6646.425680838707,2970.9323677571024,6641.459999388697,6646.0979796436095,2981.535605734461,-0.3229871540031731,2765.8368279069637,-0.09582333079441,2801.4869495681523,-1.76407064975554,2838.1967221445184,0.10971393658416723,2872.551835229053,-0.06877123843109749,2881.266047948266,-4.208904490568927,2908.2572043332602,-0.3152530172366256,2946.40532172037,-0.2605691478790294,2975.871907637856
144,11.789538396522403,1778433099.58943,0.010088874958455563,6642.683870770548,6648.501691781031,2760.3589311849933,6642.227620197451,6649.997846685209,2771.7156174885536,6645.453971941193,6648.866194944525,2796.692286647528,6650.716382920194,6654.691518170982,2807.9434431398813,6653.692432068955,6656.130430662958,2835.2033361704134,6657.952442155454,6660.690410184307,2848.9401769154256,6623.307208790537,6629.267655958676,2870.0106303873113,6629.012197022955,6640.4581211602535,2875.2157550151646,6605.1160283644585,6619.086827948772,2878.4761798803843,6603.358949475808,6619.449500259803,2883.3311140962264,6637.919193385702,6649.043295534431,2902.6721491136855,6651.998001039215,6657.259709019776,2920.456227835481,6651.6182489225785,6655.12811840939,2939.3505508301823,6654.670519913195,6658.607187394931,2953.0109209419034,6640.038192682703,6645.059195525262,2970.9323677571024,6641.072194883394,6647.4038680196845,2981.535605734461,-0.1181811448840784,2766.041633916083,-0.15170354701617025,2801.4310693519305,-0.793801373944205,2839.16699142033,0.1899826488602548,2872.6321039413288,-0.12987717271367427,2881.2049420139833,-4.694747577429019,2907.7713612464,-0.24609777353216794,2946.4744769640743,-0.10867087713452661,2976.0238059086005
145,11.902962146094069,1778433099.7029278,0.010237208101898432,6639.367072164318,6644.776397591466,2760.3589311849933,6641.579492312863,6648.521847968946,2771.7156174885536,6644.780707277563,6647.045751444204,2796.692286647528,6647.127357337164,6652.15263930067,2807.9434431398813,6651.1762325396585,6654.6870205092155,2835.2033361704134,6656.3226533606385,6656.290268056362,2848.9401769154256,6621.962140477428,6629.9257068190855,2870.0106303873113,6626.9,6637.029680288535,2875.2157550151646,6604.496437631811,6616.803437051075,2878.4761798803843,6601.061101262341,6616.13251673442,2883.3311140962264,6635.694750435554,6647.275774062415,2902.6721491136855,6650.432906440076,6656.139039337347,2920.456227835481,6651.596452914387,6654.056262799156,2939.3505508301823,6651.312430846349,6656.86159336125,2953.0109209419034,6639.883791301159,6645.110563315708,2970.9323677571024,6639.340755570498,6644.839030167801,2981.535605734461,-0.13901766467273471,2766.0207973962943,0.07994535626656829,2801.6627182552133,-1.8906730338841393,2838.07011976039,0.0879418976436253,2872.5300631901123,-0.11379409923822455,2881.221025087459,-4.7024533891413745,2907.7636554346877,0.22164633146783086,2946.9422210690745,-0.16052378483217566,2975.971953000903
146,11.979179291985929,1778433099.779113,0.010172666050493717,6641.301072836752,6647.762090044931,2760.3589311849933,6642.098560381453,6647.459644832961,2771.7156174885536,6642.677757740623,6648.347782498396,2796.692286647528,6647.216187303236,6653.747071858667,2807.9434431398813,6651.573539749978,6654.696018889263,2835.2033361704134,6654.0992939450425,6658.123157685606,2848.9401769154256,6624.385571721124,6632.618577497937,2870.0106303873113,6630.230300761073,6639.675038970566,2875.2157550151646,6604.931845829386,6620.579797964361,2878.4761798803843,6603.26410428829,6620.032396002078,2883.3311140962264,6639.857786471864,6651.24579576367,2902.6721491136855,6651.6500718281,6656.804908763028,2920.456227835481,6651.186856985664,6655.742768285601,2939.3505508301823,6652.597632729162,6656.830025674726,2953.0109209419034,6637.513885747469,6644.907214903566,2970.9323677571024,6637.738305773756,6646.234096952654,2981.535605734461,-0.2692723104898976,2765.890542750477,-0.12048316386945905,2801.4622897350773,-0.6221024994942396,2839.3386902947796,0.0585429334429529,2872.5006642259114,-0.1546309929691235,2881.180188193728,-4.880990263376236,2907.585118560453,-0.3776537318443033,2946.342921005762,-0.11905664160788988,2976.013420144127
147,12.055656438111328,1778433099.855486,0.00996470800600946,6641.532023107253,6648.042315921387,2760.3589311849933,6641.626302839502,6649.605160925513,2771.7156174885536,6645.848059112999,6647.256264327414,2796.692286647528,6649.269951401412,6654.351610783384,2807.9434431398813,6651.107725341566,6656.9837653207815,2835.2033361704134,6656.998146223676,6658.891033713361,2848.9401769154256,6624.524844881866,6632.258379435768,2870.0106303873113,6629.093002108995,6637.915313139956,2875.2157550151646,6605.833039398478,6621.497788611426,2878.4761798803843,6603.909498120243,6620.656048843109,2883.3311140962264,6639.1723645199745,6649.924574380292,2902.6721491136855,6651.244895620014,6657.066671760857,2920.456227835481,6653.458512394168,6655.787541645017,2939.3505508301823,6655.158093651618,6659.604757465537,2953.0109209419034,6640.8087003698365,6644.579318091513,2970.9323677571024,6639.518449124308,6647.757850658678,2981.535605734461,-0.1421472560564183,2766.0176678049106,0.17605255455674232,2801.7588254535035,-2.016075755338133,2837.944717038936,0.05483505509827394,2872.496956347567,-0.1555725350628544,2881.1792466516345,-4.220729230611159,2908.245379593218,0.05079255493589725,2946.7713672925424,0.049218337096845956,2976.181695122832
148,12.150736646610312,1778433099.9506712,0.010172874899581075,6641.509386557448,6646.643938930832,2760.3589311849933,6644.555193018919,6650.223171439924,2771.7156174885536,6647.06215117523,6650.120613136902,2796.692286647528,6649.516662591313,6654.710610691688,2807.9434431398813,6652.829825472994,6657.730869272857,2835.2033361704134,6656.486349604182,6658.005585781092,2848.9401769154256,6622.978636488677,6630.821901457957,2870.0106303873113,6630.795673503072,6639.718534706728,2875.2157550151646,6605.883523856099,6617.971041048996,2878.4761798803843,6603.057739095883,6620.460606106916,2883.3311140962264,6640.957736039369,6648.922859675399,2902.6721491136855,6653.549342849283,6654.496828865727,2920.456227835481,6652.6569000825275,6654.9807989730125,2939.3505508301823,6656.857523611578,6660.757399822722,2953.0109209419034,6640.104985175902,6645.448998991349,2970.9323677571024,6638.919688541127,6647.596905278602,2981.535605734461,-0.18852104152417704,2765.9712940194427,0.014000458149375925,2801.596773357096,-1.8441729228957668,2838.116619871378,0.05442270935683707,2872.4965440018254,-0.05068573449198414,2881.284133452205,-5.2789329430079,2907.187175880821,-0.04445881322424787,2946.6761159243824,-0.007548762551526421,2976.1249280231837
149,12.227035500574857,1778433100.026898,0.010030666831880808,6639.743197725952,6647.474455176208,2760.3589311849933,6642.416766512822,6648.334422471498,2771.7156174885536,6643.592867622337,6646.685975181099,2796.692286647528,6648.351917963138,6652.857647400434,2807.9434431398813,6651.672784790782,6655.189742335788,2835.2033361704134,6656.393912950455,6658.842890546201,2848.9401769154256,6624.266723721613,6630.533146376501,2870.0106303873113,6628.131093926704,6635.602417703335,2875.2157550151646,6603.84216156738,6616.670605495614,2878.4761798803843,6600.341868141944,6618.012122138338,2883.3311140962264,6638.972387443837,6649.446737170279,2902.6721491136855,6651.124760827704,6656.995418284072,2920.456227835481,6652.341269065012,6655.25415533209,2939.3505508301823,6654.281628816823,6657.031943637865,2953.0109209419034,6639.381301769722,6643.896029587066,2970.9323677571024,6638.622789375554,6644.483181526423,2981.535605734461,-0.30467848686297777,2765.855136574104,-0.06216496513132919,2801.5206079338154,-1.1842326754608699,2838.776560118813,0.058477502207213844,2872.5005987946756,-0.06234309597607895,2881.272476090721,-4.05510029507269,2908.411008528756,-0.34939399019678535,2946.3711807474097,-0.10682301092613526,2976.0256537748087
150,12.3023518754635,1778433100.1022332,0.010067082941532135,6639.49700308708,6646.711594889508,2760.3589311849933,6642.767361004982,6648.823478619679,2771.7156174885536,6645.670021701255,6646.91239416817,2796.692286647528,6647.851332640523,6651.414545954703,2807.9434431398813,6650.395071369623,6655.079105663723,2835.2033361704134,6657.474831127549,6657.216003912339,2848.9401769154256,6625.135512119082,6632.574699697405,2870.0106303873113,6629.844366842926,6639.798824769998,2875.2157550151646,6605.411142525292,6617.967611639209,2878.4761798803843,6601.062965736468,6619.752411590304,2883.3311140962264,6637.745230308402,6647.691000091696,2902.6721491136855,6650.459038114741,6655.731671608033,2920.456227835481,6651.469147537978,6655.875625821439,2939.3505508301823,6655.045254760522,6658.2624018094575,2953.0109209419034,6640.725340037289,6644.4661322859665,2970.9323677571024,6639.026755203716,6647.871990096892,2981.535605734461,-0.2722886742006699,2765.8875263867662,0.03377538826040434,2801.616548287207,-2.290255987150281,2837.6705368071234,0.09867049842076822,2872.540791790889,-0.030352649732475864,2881.304466536965,-4.09086697596097,2908.375241847868,-0.5298059577826134,2946.190768779824,0.0809889228122466,2976.213465708547
151,12.377787834149785,1778433100.177608,0.009945750003680587,6638.381975731271,6644.258790537029,2760.3589311849933,6641.4504951554245,6645.759505761531,2771.7156174885536,6643.394288901794,6645.456151236361,2796.692286647528,6647.481298713205,6652.995193630222,2807.9434431398813,6650.587865635602,6653.235113243881,2835.2033361704134,6655.303750343858,6658.607104869026,2848.9401769154256,6623.098954671885,6627.496818167924,2870.0106303873113,6626.0537289482545,6637.6640477427645,2875.2157550151646,6607.069592260904,6620.54011828713,2878.4761798803843,6603.801056025919,6619.833312956567,2883.3311140962264,6639.296783018003,6647.899529296696,2902.6721491136855,6652.282258458906,6656.540483540668,2920.456227835481,6652.0621710425785,6654.9017345722405,2939.3505508301823,6655.141541094844,6656.419980438305,2953.0109209419034,6638.64351560351,6643.938895681145,2970.9323677571024,6638.939792768286,6644.799530824954,2981.535605734461,-0.29255004325003575,2765.867265017717,0.15271887056235167,2801.735491769509,-0.692271215492381,2839.2685215787815,0.2433094027079948,2872.6854306951764,-0.11885752983306845,2881.2159616568642,-3.9233554955698873,2908.542753328259,-0.5949968288819749,2946.1255779087246,-0.14592046314959925,2975.9865563225853
152,12.45310743805021,1778433100.253016,0.010121707804501057,6642.693234404132,6648.169451661216,2760.3589311849933,6642.703701439617,6649.756594431031,2771.7156174885536,6643.751847663295,6648.524303878718,2796.692286647528,6648.915681450011,6654.375570804169,2807.9434431398813,6651.874319161293,6654.400932237064,2835.2033361704134,6655.470856129841,6659.457558761499,2848.9401769154256,6625.515441513587,6631.00914814928,2870.0106303873113,6628.55955466577,6638.180507075833,2875.2157550151646,6607.056186386282,6620.379006326986,2878.4761798803843,6603.147805422258,6619.653186416847,2883.3311140962264,6639.5458996851785,6650.086332793349,2902.6721491136855,6652.548130941102,6659.347345416756,2920.456227835481,6654.627562123666,6656.371189289972,2939.3505508301823,6656.471502582755,6660.530921233609,2953.0109209419034,6639.953664761439,6647.101240945075,2970.9323677571024,6642.362171042577,6649.796919032919,2981.535605734461,-0.1367841096404177,2766.0230309513267,-0.13871398044787842,2801.4440589184987,-0.4628163968406638,2839.4979763974334,0.14836616529876442,2872.5904874577673,-0.10344852456374488,2881.2313706621335,-3.618114207321316,2908.8479946165075,0.08556424220032413,2946.8061389798067,-0.15990630517489388,2975.97257048056
153,12.528096791938879,1778433100.328042,0.010196666000410914,6640.773437356725,6645.229542745362,2760.3589311849933,6642.35297857383,6648.6871183176945,2771.7156174885536,6643.091513586211,6648.721108292326,2796.692286647528,6648.819812329981,6653.449940397959,2807.9434431398813,6651.370822508175,6655.04014273925,2835.2033361704134,6657.195590977169,6659.3705672891765,2848.9401769154256,6623.476420515328,6631.205822661001,2870.0106303873113,6627.772032888101,6637.89493382645,2875.2157550151646,6604.87712351377,6620.790949659198,2878.4761798803843,6606.046572118471,6621.238062780818,2883.3311140962264,6639.387864107344,6647.640468258092,2902.6721491136855,6652.098778922274,6656.930036372529,2920.456227835481,6652.765780786746,6655.15676406761,2939.3505508301823,6654.734372039001,6658.6151648989835,2953.0109209419034,6640.291019959043,6646.619572393557,2970.9323677571024,6637.855425314056,6647.265699789101,2981.535605734461,-0.1218956236198958,2766.037919437347,-0.31636855659757124,2801.2664043423492,-1.3060035416327114,2838.654789252641,0.09495421872790093,2872.5370755111962,-0.2004122798077742,2881.1344069068896,-3.4548643523796807,2909.011244471449,-0.05936228747058979,2946.6612124501357,-0.020058929769678074,2976.1124178559653
154,12.622116729500704,1778433100.421996,0.010063125053420663,6640.360694745851,6646.003620441972,2760.3589311849933,6641.588828437814,6649.849576672677,2771.7156174885536,6645.240443805973,6649.174028792372,2796.692286647528,6649.052546076964,6654.197499770761,2807.9434431398813,6650.5868539291505,6654.836202891462,2835.2033361704134,6656.851418222943,6657.967276950821,2848.9401769154256,6623.639196747868,6632.532289024054,2870.0106303873113,6628.718542348016,6637.583199865514,2875.2157550151646,6607.167814897453,6618.369960570957,2878.4761798803843,6601.383491762693,6620.062088516674,2883.3311140962264,6640.216956016749,6647.565241311857,2902.6721491136855,6649.113670263166,6654.713034508054,2920.456227835481,6652.141180426079,6655.773231041965,2939.3505508301823,6654.563023810251,6658.0003163492975,2953.0109209419034,6641.896073906532,6647.392785096434,2970.9323677571024,6640.114179172907,6645.6312253568485,2981.535605734461,-0.08532412028773809,2766.0744909406794,-0.08340148014416963,2801.4993714188026,-1.7738181150134316,2838.1869746792604,0.020444782258281297,2872.462566074727,0.0029912156491340314,2881.3378104023463,-2.6045106351156964,2909.8615981887133,-0.3551180731801084,2946.3654566644263,-0.17302473034180285,2975.9594520553933
155,12.697699458571151,1778433100.497476,0.009858583100140095,6639.3823043066295,6646.854211877617,2760.3589311849933,6642.1759421707375,6647.344660268363,2771.7156174885536,6645.367412965736,6649.854399853287,2796.692286647528,6650.7855900602135,6655.243295534432,2807.9434431398813,6653.354048354066,6653.075971207628,2835.2033361704134,6655.822795488583,6656.258666748174,2848.9401769154256,6622.939455023382,6629.861808845555,2870.0106303873113,6631.086251795702,6640.169152122749,2875.2157550151646,6606.309871015069,6620.742672005379,2878.4761798803843,6603.884581410277,6618.044715285631,2883.3311140962264,6640.972563193447,6650.3942063758905,2902.6721491136855,6651.418906073295,6656.831394993428,2920.456227835481,6650.040544670966,6654.914970810282,2939.3505508301823,6654.576726166825,6659.150727450561,2953.0109209419034,6640.12230033316,6646.330783690437,2970.9323677571024,6639.069234648654,6647.657896506404,2981.535605734461,-0.3289233824442237,2765.8308916785227,-0.21413691130584736,2801.3686359876406,-0.675044162914896,2839.285748631359,0.08767062177099949,2872.5297919142395,-0.1890864512036999,2881.1457327354933,-3.7520005627372712,2908.714108261092,-0.3739937207620294,2946.3465810168445,-0.05517441896901783,2976.077302366766
156,12.773455542046577,1778433100.5733702,0.010133749805390835,6641.0663294311835,6645.951109514931,2760.3589311849933,6640.504000978084,6649.2981278845855,2771.7156174885536,6645.438137665435,6649.744356145124,2796.692286647528,6651.584503469143,6655.625012990187,2807.9434431398813,6653.292852339762,6655.83765473607,2835.2033361704134,6657.355879206528,6660.040428523398,2848.9401769154256,6626.970963107864,6630.922410367699,2870.0106303873113,6629.802260292813,6639.900151297491,2875.2157550151646,6605.799251153834,6619.151665800654,2878.4761798803843,6603.198051471712,6621.251581746491,2883.3311140962264,6640.45418589724,6649.091761163921,2902.6721491136855,6652.790073967661,6658.10887611945,2920.456227835481,6652.692795794236,6655.660850628114,2939.3505508301823,6655.344984258949,6657.848905767643,2953.0109209419034,6638.2144099397865,6645.372583060795,2970.9323677571024,6639.4760766573945,6646.051328055752,2981.535605734461,-0.02131133948165087,2766.1385037214854,-0.23905017494196265,2801.3437227240047,-0.839490520637052,2839.121302273637,0.2104784918656876,2872.652599784334,-0.06593310702904227,2881.268886079668,-3.4025978671454236,2909.063510956684,-0.4023760996299193,2946.3181986379764,-0.20330261492875867,2975.929174170806
157,12.84782393812202,1778433100.647634,0.009925208054482937,6639.3856038145295,6647.723652841031,2760.3589311849933,6642.238426506099,6648.781639514625,2771.7156174885536,6643.0182321117445,6646.8983097472255,2796.692286647528,6649.301227190757,6654.749657670324,2807.9434431398813,6653.7460005501725,6656.215785371518,2835.2033361704134,6656.487320047682,6659.6230583488705,2848.9401769154256,6623.968537763243,6630.065284103066,2870.0106303873113,6628.880510132348,6638.013488400526,2875.2157550151646,6604.552442155454,6618.379510651954,2878.4761798803843,6602.855749304642,6618.675385885015,2883.3311140962264,6639.32251276095,6650.898649020387,2902.6721491136855,6650.60665403307,6656.1412721215265,2920.456227835481,6652.107835376104,6655.3939435156035,2939.3505508301823,6655.660418131246,6657.203291866614,2953.0109209419034,6639.678341534981,6644.12023718556,2970.9323677571024,6639.883314484825,6645.195274627869,2981.535605734461,-0.3037592047742545,2765.8560558561926,-0.045987069913953064,2801.536785829033,-0.6892408803134045,2839.2715519139606,0.11474925556539735,2872.556870548034,-0.13302404734816697,2881.201795139349,-4.783824653397927,2907.682284170431,-0.6269873131547887,2946.093587424452,-0.13063366205899318,2976.001843123676
158,12.922307146596722,1778433100.7222168,0.010125375119969249,6642.175876455665,6646.309187883974,2760.3589311849933,6643.329058287741,6650.0403719778715,2771.7156174885536,6645.539960876607,6648.798285295105,2796.692286647528,6649.657266864322,6654.360129290583,2807.9434431398813,6651.9721765443055,6656.191236971604,2835.2033361704134,6658.424844881866,6661.45198367821,2848.9401769154256,6624.276212672312,6632.303933734756,2870.0106303873113,6628.59284775499,6636.055778341535,2875.2157550151646,6603.593307760491,6620.115806767123,2878.4761798803843,6603.191090258886,6620.354910291286,2883.3311140962264,6641.052969404285,6651.453964299905,2902.6721491136855,6651.435606871045,6656.872514289207,2920.456227835481,6651.04782834612,6655.264769080294,2939.3505508301823,6654.175777118928,6657.682776538191,2953.0109209419034,6638.41998807959,6643.351355564385,2970.9323677571024,6637.38743619525,6646.667292233396,2981.535605734461,-0.08725289659775125,2766.072562164369,-0.05882173335663881,2801.52395116559,-1.21986980086229,2838.7409229934115,0.004000990668975501,2872.4461222831374,-0.16656547493222382,2881.168253711765,-4.236322227433196,2908.229786596396,-0.4456380671604409,2946.274936670446,0.043206776386805604,2976.175683562122
159,12.996997937560081,1778433100.796752,0.009813874959945679,6639.339384723539,6645.31275178042,2760.3589311849933,6641.114218907601,6648.232220252468,2771.7156174885536,6645.28339548247,6648.705834887063,2796.692286647528,6650.59916862793,6654.625757251581,2807.9434431398813,6653.878373628389,6655.413994253751,2835.2033361704134,6657.3873215759395,6660.762712045727,2848.9401769154256,6624.741716844454,6630.679447993399,2870.0106303873113,6627.529726136259,6637.172184185591,2875.2157550151646,6604.368317694165,6618.306866460863,2878.4761798803843,6600.937382706237,6618.036401564935,2883.3311140962264,6637.286963963687,6649.126150013755,2902.6721491136855,6650.420428217747,6657.59719106275,2920.456227835481,6653.949179325733,6658.121371152612,2939.3505508301823,6655.806334627258,6658.097132988965,2953.0109209419034,6639.9216309563835,6647.076510682518,2970.9323677571024,6640.810274475043,6646.198954671883,2981.535605734461,-0.15823153872349566,2766.0015835222434,-0.14736621995630975,2801.43540667899,-0.3543816561369646,2839.606411138137,0.1353838833917825,2872.57750517586,-0.10399968847432725,2881.230819498223,-4.086313407109661,2908.3797954167194,-0.651044965217764,2946.0695297723887,-0.2623916726427894,2975.870085113092
160,13.130967312958091,1778433100.930908,0.010186207946389914,6639.078660940795,6646.414202096768,2760.3589311849933,6640.706140538557,6647.655764587218,2771.7156174885536,6642.10737689886,6645.6599841061225,2796.692286647528,6647.288495277683,6653.67689885992,2807.9434431398813,6653.648973010972,6655.913894917016,2835.2033361704134,6656.66929730721,6657.923837760184,2848.9401769154256,6620.698170675796,6628.630803557784,2870.0106303873113,6627.48920744567,6638.363622887184,2875.2157550151646,6605.033907448727,6618.473547391266,2878.4761798803843,6602.821187761714,6617.73251673442,2883.3311140962264,6640.002057034569,6647.221054803313,2902.6721491136855,6650.767440474371,6654.8450606718225,2920.456227835481,6650.9580309930625,6655.494678607451,2939.3505508301823,6655.734997096311,6657.114168475104,2953.0109209419034,6639.343153406486,6645.270979918697,2970.9323677571024,6639.948375462298,6647.527635480025,2981.535605734461,-0.23398310687753718,2765.9258319540895,0.08756917077650057,2801.670342069723,-1.1674795069722441,2838.7933132873018,0.11170411156235241,2872.5538254040307,-0.14589435484354746,2881.1889248318535,-3.3116213862801085,2909.154487437549,-0.8753809916158589,2945.845193745991,-0.09164664094922226,2976.0408301447856
161,13.208040083991364,1778433101.007894,0.010012750048190355,6637.694722926918,6644.299475807684,2760.3589311849933,6639.229133172356,6645.607211847052,2771.7156174885536,6642.984908457375,6646.464785891127,2796.692286647528,6647.712635632852,6652.116011553628,2807.9434431398813,6648.8233395482475,6652.890798361708,2835.2033361704134,6652.676990555369,6656.286551334169,2848.9401769154256,6623.847487544701,6629.964952471191,2870.0106303873113,6628.208552128863,6637.290766268299,2875.2157550151646,6603.9093666901,6616.759690680687,2878.4761798803843,6601.852073845401,6617.931984900817,2883.3311140962264,6636.414108873063,6649.973272304918,2902.6721491136855,6650.3706849650025,6654.292461105846,2920.456227835481,6650.217932573281,6654.7399440657755,2939.3505508301823,6651.967663599964,6657.2969740501885,2953.0109209419034,6639.951694837546,6644.583765320781,2970.9323677571024,6638.462077818872,6646.1089433627785,2981.535605734461,-0.22609472271197337,2765.933720338255,-0.11368843364331345,2801.4690844653032,-1.0102215819290339,2838.950571212345,0.11257605942766029,2872.5546973518963,-0.10235342929720964,2881.2324657574,-6.61025478872856,2905.8558540351005,-0.1792487120738038,2946.5413260255327,-0.023401459670550934,2976.1090753260646
162,13.2835286881309,1778433101.0833302,0.009908542037010193,6642.942997524222,6645.19355228169,2760.3589311849933,6641.915825106214,6649.803771739464,2771.7156174885536,6644.8381819849,6647.742739248708,2796.692286647528,6650.176934009842,6655.062994773359,2807.9434431398813,6652.566422654889,6654.714330470398,2835.2033361704134,6654.2316150625065,6657.124571323776,2848.9401769154256,6623.194779472446,6628.5134379680285,2870.0106303873113,6627.906981080171,6639.700158938778,2875.2157550151646,6605.636554390682,6618.317231103097,2878.4761798803843,6602.261903597518,6619.12819635052,2883.3311140962264,6639.174808203687,6649.074290124399,2902.6721491136855,6651.837318519424,6655.241947611334,2920.456227835481,6652.251317357948,6652.7717623865265,2939.3505508301823,6652.796110584711,6656.70230461228,2953.0109209419034,6639.517854632148,6645.691128465323,2970.9323677571024,6639.375257511386,6647.375495919553,2981.535605734461,0.06429259275873143,2766.2241076537257,-0.002341383481301581,2801.580431515465,-0.6664532034439539,2839.29433959083,0.22046719170119553,2872.6625884841696,-0.0786229699446659,2881.2561962167524,-5.01440873505838,2907.451700088771,0.27384031799167813,2946.994415055598,-0.08284590824222383,2976.0496308774927
163,13.359082792070694,1778433101.158939,0.010018334025517106,6639.288363847541,6646.2846089189115,2760.3589311849933,6640.796564477183,6648.845366323318,2771.7156174885536,6644.1962741082625,6649.523481676193,2796.692286647528,6651.154535868202,6655.1133844790165,2807.9434431398813,6652.114452730997,6655.027372619739,2835.2033361704134,6656.122844392824,6660.088226304368,2848.9401769154256,6627.091337836599,6632.349200721338,2870.0106303873113,6628.913875049667,6639.06317052297,2875.2157550151646,6605.348902711128,6619.152526209616,2878.4761798803843,6602.911798147752,6618.079506067183,2883.3311140962264,6638.542792737721,6648.263499098328,2902.6721491136855,6650.513020753737,6655.611197542562,2920.456227835481,6650.385657303543,6655.016794021457,2939.3505508301823,6653.783363389064,6660.056094690833,2953.0109209419034,6640.209482837668,6647.10212274964,2970.9323677571024,6640.01787755601,6647.21582663447,2981.535605734461,-0.16280069565864252,2765.9970143653086,-0.3552386972055663,2801.227534201741,-0.5792455977892286,2839.3815471964845,0.17188392017241166,2872.614005212641,-0.14854906397525086,2881.186270122722,-4.064567409853939,2908.401541413975,-0.033173350379489375,2946.687401387227,-0.15885487332189951,2975.973621912413
164,13.439579958561808,1778433101.239598,0.01034108316525817,6642.310865910689,6646.384142800378,2760.3589311849933,6640.777643121313,6647.980384815234,2771.7156174885536,6643.170915731884,6646.072972766453,2796.692286647528,6648.088577803588,6653.473261607115,2807.9434431398813,6653.096932787237,6653.474415441514,2835.2033361704134,6655.570478650244,6658.898436592596,2848.9401769154256,6624.092754531283,6629.066816945318,2870.0106303873113,6626.023253965829,6636.972152092184,2875.2157550151646,6604.08962618822,6616.964688082649,2878.4761798803843,6602.214321300853,6619.231838188098,2883.3311140962264,6640.102255708041,6649.499541522756,2902.6721491136855,6651.425703762569,6656.6845370908095,2920.456227835481,6651.496029587064,6654.771916740532,2939.3505508301823,6656.111567380872,6658.059916862793,2953.0109209419034,6639.094817678883,6645.070454198123,2970.9323677571024,6639.098138582389,6648.843301647462,2981.535605734461,-0.05983054656872985,2766.0999845143983,0.05048926364839741,2801.633262162595,-0.03700383009146045,2839.923788964182,0.20526155218827424,2872.647382844657,-0.07976668012200509,2881.2550525065753,-3.818195878231129,2908.647912945598,-0.5540858105041114,2946.1664889271024,0.014147806096587102,2976.1466245918314
165,13.515787417069077,1778433101.315495,0.009721666108816862,6640.595320475593,6646.6279105663725,2760.3589311849933,6641.522859675398,6649.460434942079,2771.7156174885536,6645.478804596998,6648.144322523459,2796.692286647528,6647.689659809885,6653.0701546596565,2807.9434431398813,6652.192665892349,6653.140488125439,2835.2033361704134,6654.887327688969,6657.458145612372,2848.9401769154256,6623.339195219611,6631.197976587096,2870.0106303873113,6628.280687410215,6636.382322645719,2875.2157550151646,6604.273652841031,6618.1240899226705,2878.4761798803843,6601.3737078583,6616.682888100988,2883.3311140962264,6638.9646254240915,6648.519136840175,2902.6721491136855,6652.3466607574055,6656.755298468686,2920.456227835481,6650.9738362319285,6655.170023229513,2939.3505508301823,6654.50836568145,6655.828705260263,2953.0109209419034,6637.4300730507075,6644.676617660543,2970.9323677571024,6636.859359048812,6645.251644405051,2981.535605734461,-0.12058422773880316,2766.0392308332284,0.07511283969715739,2801.657885738644,-0.41581972815913426,2839.544973066115,0.028815401533946693,2872.4709366940024,-0.146172442447077,2881.18864674425,-4.330338111366716,2908.135770712462,-0.8259012606969284,2945.8946734769097,-0.1168414314493619,2976.0156353542857
166,13.612313417019323,1778433101.412208,0.010095666162669659,6639.0708056973435,6645.5280817312105,2760.3589311849933,6638.790306262798,6647.0181098511475,2771.7156174885536,6642.146012776233,6647.147195647523,2796.692286647528,6648.796758565883,6652.715511813431,2807.9434431398813,6650.705082984381,6653.683334352172,2835.2033361704134,6653.115154201179,6656.582816272885,2848.9401769154256,6620.622480667543,6628.1220267750705,2870.0106303873113,6627.256774765413,6637.577936546751,2875.2157550151646,6604.121079255432,6618.681592138644,2878.4761798803843,6602.278665525568,6618.809999388696,2883.3311140962264,6638.284430112784,6648.082420454198,2902.6721491136855,6650.055608704955,6654.621407830791,2920.456227835481,6649.834758688145,6653.641278234556,2939.3505508301823,6651.853466087967,6656.1708423755235,2953.0109209419034,6638.04561390103,6645.894926185164,2970.9323677571024,6638.866713023812,6646.199026499986,2981.535605734461,-0.12715521093980614,2766.0326598500274,-0.3251394242146066,2801.257633474732,-0.7395621067035119,2839.2212306875704,0.10804536961303493,2872.5501666620817,-0.13355647375603488,2881.201262712941,-4.37388515061609,2908.092223673213,-0.23123886813205174,2946.4893358694744,-0.19998668409720513,2975.932490101638
167,13.690779167111032,1778433101.490771,0.010288499994203448,6640.827722590702,6646.731975731271,2760.3589311849933,6641.4760995812585,6650.724070055323,2771.7156174885536,6644.536264021763,6649.218025796986,2796.692286647528,6648.708931136719,6652.818190848794,2807.9434431398813,6652.4283079133165,6656.958516978941,2835.2033361704134,6656.819951401412,6659.298360179722,2848.9401769154256,6625.887686829477,6632.372395085125,2870.0106303873113,6627.845224195373,6638.362181740379,2875.2157550151646,6603.440566066571,6617.959838921661,2878.4761798803843,6601.805330562094,6619.044629703213,2883.3311140962264,6638.550923067518,6649.996332182045,2902.6721491136855,6652.392973072102,6655.0812482807105,2920.456227835481,6652.321481187149,6656.234187119846,2939.3505508301823,6656.944751963811,6659.987725035913,2953.0109209419034,6640.583852431458,6646.560523581013,2970.9323677571024,6642.016520463367,6647.372126111806,2981.535605734461,-0.04941313858850822,2766.1104019223785,-0.27124635005246317,2801.311526548894,-1.4648553030912315,2838.4959374911828,0.14544176554080074,2872.5875630580094,-0.11501604058692774,2881.2198031461103,-6.162766383118005,2906.303342440711,-0.47376180944784013,2946.2468129281588,-0.2052039117413168,2975.927272873994
168,13.76704000052996,1778433101.5668428,0.009911083150655031,6639.98035119357,6645.395088180456,2760.3589311849933,6640.506334627258,6646.291398966898,2771.7156174885536,6643.989885991992,6646.235554910291,2796.692286647528,6647.4313751260825,6652.019709936729,2807.9434431398813,6649.777731760247,6654.098080508603,2835.2033361704134,6654.800476816335,6657.633531497386,2848.9401769154256,6621.072013020753,6630.060071216799,2870.0106303873113,6628.093344438671,6637.566031420973,2875.2157550151646,6605.13470061436,6621.076276859125,2878.4761798803843,6603.830849405507,6619.436435186601,2883.3311140962264,6639.295042332733,6649.566677873889,2902.6721491136855,6649.959768621817,6656.392471803649,2920.456227835481,6652.963462420147,6654.1237842711735,2939.3505508301823,6654.10135250787,6658.061648378518,2953.0109209419034,6640.045328116881,6646.145514564295,2970.9323677571024,6640.244287373537,6647.50760766574,2981.535605734461,-0.1964857293249098,2765.963329331642,0.03593528077990605,2801.6187081797266,-1.3040764494387231,2838.6567163448353,0.03613160198372668,2872.4782528944525,-0.1907045370220635,2881.144114649675,-3.666458089624721,2908.799650734204,0.17080004299236604,2946.8913747805987,-0.11602239660913678,2976.016454389126
169,13.843580500571989,1778433101.643517,0.010179083095863461,6639.723533636947,6645.949877739401,2760.3589311849933,6641.193679127059,6649.724638567105,2771.7156174885536,6645.106950515023,6649.590955772229,2796.692286647528,6650.623750649509,6654.503570009474,2807.9434431398813,6652.603799248098,6656.411309105359,2835.2033361704134,6657.382478527982,6659.988466240793,2848.9401769154256,6623.090303206285,6630.361177675213,2870.0106303873113,6630.881390408655,6639.291486077575,2875.2157550151646,6604.44863526607,6620.258853195586,2878.4761798803843,6604.99589968518,6618.597207873582,2883.3311140962264,6638.942716324846,6648.847814591801,2902.6721491136855,6653.1718112907665,6656.595901213436,2920.456227835481,6653.34267200538,6656.898240975638,2939.3505508301823,6655.186837118318,6658.782721520923,2953.0109209419034,6640.487521777669,6644.2051242473335,2970.9323677571024,6639.395366323317,6646.828850444724,2981.535605734461,-0.10084555502086072,2766.058969505946,-0.27464973066448173,2801.3081231682822,-1.2223164027011868,2838.7384763915725,0.05628201736633321,2872.498403309835,-0.23719145170182,2881.0976277349955,-5.007908096527415,2907.4582007273016,-0.3138068595499083,2946.4067678780566,0.011618678992328182,2976.1440954647273
170,13.920137375011109,1778433101.7198908,0.009813499869778752,6640.970552006603,6646.920006418681,2760.3589311849933,6641.702397835988,6647.893532414341,2771.7156174885536,6644.654523642144,6647.307288259925,2796.692286647528,6648.549698933277,6653.87518109851,2807.9434431398813,6652.364574991594,6653.536254852217,2835.2033361704134,6656.689164654461,6657.27808784424,2848.9401769154256,6623.940795305194,6630.361550570041,2870.0106303873113,6627.438203380506,6636.935368462879,2875.2157550151646,6604.974568267263,6618.961238805513,2878.4761798803843,6604.2665525567745,6620.29677843323,2883.3311140962264,6640.445280740899,6650.298638322585,2902.6721491136855,6653.080803557784,6657.504939328178,2920.456227835481,6653.001184399548,6655.219738973622,2939.3505508301823,6654.441745881346,6659.799394810037,2953.0109209419034,6640.535230919706,6648.37967723202,2970.9323677571024,6641.035108659106,6649.31092551273,2981.535605734461,-0.20286966922710273,2765.9569453917397,0.07055921459702104,2801.6533321135435,-1.0454375995250746,2838.915355194749,0.11603017286208546,2872.5581514653304,-0.1318256534650474,2881.202993533232,-4.473250728280865,2907.992858095548,0.23005267927670062,2946.9506274168834,-0.1526075676926271,2975.9798692180425
171,13.99749983404763,1778433101.7972732,0.009852500166743994,6640.508844026042,6647.509455329035,2760.3589311849933,6643.297294984261,6650.6320062964205,2771.7156174885536,6644.430708805819,6648.5032185102555,2796.692286647528,6647.765933612495,6653.205466577009,2807.9434431398813,6651.831631873339,6655.114093590489,2835.2033361704134,6656.813121618732,6657.451575633463,2848.9401769154256,6622.890275697649,6631.934378152031,2870.0106303873113,6627.983531497387,6636.280271724179,2875.2157550151646,6604.98149738668,6619.571812819023,2878.4761798803843,6603.090966470032,6619.7650456948995,2883.3311140962264,6639.99127059327,6650.717785860562,2902.6721491136855,6650.297093254271,6655.078375156647,2920.456227835481,6652.923223400678,6656.467666656479,2939.3505508301823,6655.350511966256,6657.858232723049,2953.0109209419034,6638.30811657548,6646.233050096281,2970.9323677571024,6640.148496194639,6645.55123177553,2981.535605734461,-0.19841812693313857,2765.961396934034,-0.06697679124869806,2801.515796107698,-1.63392983079992,2838.326862963474,-0.0016615231173033496,2872.440459769351,-0.1307643121140719,2881.204054874583,-4.734371966305671,2907.731736857523,-0.5028748437825188,2946.217699893824,-0.30021660706002823,2975.832260178675
172,14.092442458961159,1778433101.892359,0.010136750061064959,6639.326985970596,6645.912924473516,2760.3589311849933,6641.584989455024,6649.416430296175,2771.7156174885536,6643.40695204328,6648.255434483603,2796.692286647528,6649.743949628634,6653.3090136626215,2807.9434431398813,6651.502081486689,6653.516694684721,2835.2033361704134,6655.602543020448,6656.81940122872,2848.9401769154256,6621.877736345019,6630.096671455207,2870.0106303873113,6627.909881712871,6637.381104624507,2875.2157550151646,6605.157379955375,6619.273614634594,2878.4761798803843,6602.109276522909,6618.786528410305,2883.3311140962264,6639.344429501482,6650.039574227466,2902.6721491136855,6650.805695815632,6657.15041262952,2920.456227835481,6652.708432924779,6656.671355870036,2939.3505508301823,6655.268600421799,6658.932990494238,2953.0109209419034,6641.182006296421,6648.363558700369,2970.9323677571024,6639.34821652352,6645.749258795122,2981.535605734461,-0.15328823471042155,2766.0065268262565,-0.3462472111157435,2801.2365256878306,-1.106920565468165,2838.853872228806,0.05979567298748848,2872.501916965456,-0.11887509548751062,2881.2159440912096,-3.926279782058706,2908.53982904177,-0.3733550079746726,2946.347219729632,-0.2130078411730843,2975.9194689445617
173,14.169594417093322,1778433101.969506,0.01013024989515543,6640.699411620871,6646.821343643976,2760.3589311849933,6643.355928110768,6647.0375676253925,2771.7156174885536,6643.63802457438,6649.3047024482685,2796.692286647528,6651.293420851545,6654.328984931382,2807.9434431398813,6651.413295840085,6653.3154629091905,2835.2033361704134,6653.165137390347,6655.878651771251,2848.9401769154256,6622.3790995506915,6630.645227251887,2870.0106303873113,6629.096808998382,6636.911383989975,2875.2157550151646,6604.312710517469,6618.770999786044,2878.4761798803843,6601.953241434117,6618.524015038054,2883.3311140962264,6637.131732738332,6648.442734663937,2902.6721491136855,6650.282276797994,6655.37367729315,2920.456227835481,6652.952925084818,6652.640596631721,2939.3505508301823,6652.341423419018,6654.999353547086,2953.0109209419034,6638.823301341811,6645.767590243604,2970.9323677571024,6640.017672769509,6646.16071308494,2981.535605734461,-0.33570348251060006,2765.8241115784563,-0.48822650665723855,2801.0945463922894,-0.647471983436836,2839.313320810837,0.007388262390856189,2872.4495095548596,-0.13001779583766704,2881.2048013908593,-4.875936502884746,2907.5901723209445,0.20107917165828237,2946.921653909265,-0.21420429497025842,2975.9182724907646
174,14.246368646039627,1778433102.0462148,0.00999879208393395,6640.181220772075,6648.343703579179,2760.3589311849933,6641.889532964515,6648.528466852095,2771.7156174885536,6644.031315524041,6648.733094415748,2796.692286647528,6648.925320169942,6654.256771708899,2807.9434431398813,6652.487790750985,6655.614953999449,2835.2033361704134,6655.655355014213,6658.691652657641,2848.9401769154256,6622.862609652473,6631.05054558792,2870.0106303873113,6627.812629519822,6637.661759941315,2875.2157550151646,6605.592780511661,6620.113592322035,2878.4761798803843,6602.184185591589,6619.753187945105,2883.3311140962264,6640.105373353303,6649.919797047408,2902.6721491136855,6651.439196747868,6655.887905370297,2920.456227835481,6652.969390530916,6655.560357000946,2939.3505508301823,6654.770877525446,6659.219671730292,2953.0109209419034,6641.732677201455,6646.808507809396,2970.9323677571024,6640.322230033316,6647.068598893541,2981.535605734461,-0.2902711752366731,2765.8695438857303,-0.14476504769328294,2801.438007851253,-0.9052493996234493,2839.0555433946506,0.07240627211003503,2872.5145275645787,-0.10680087795788411,2881.228018308739,-4.440736022442197,2908.0253728013868,0.00518863729428696,2946.725763374901,-0.0905949553010958,2976.041881830434
175,14.322105000494048,1778433102.121835,0.009765333030372858,6641.206534828989,6647.913274444478,2760.3589311849933,6640.814331998654,6650.1199590427,2771.7156174885536,6642.93590793777,6647.781677721063,2796.692286647528,6649.054187425498,6653.334109178713,2807.9434431398813,6654.029374637039,6654.912819023749,2835.2033361704134,6657.109171073143,6659.671571354343,2848.9401769154256,6625.553739646057,6630.882035333312,2870.0106303873113,6628.70294342391,6638.486135648134,2875.2157550151646,6605.5870266222455,6620.166356939817,2878.4761798803843,6602.495911911239,6620.97412660085,2883.3311140962264,6640.394299599597,6650.443902252652,2902.6721491136855,6653.074184674636,6656.787887031207,2920.456227835481,6652.915042638383,6657.0565852614845,2939.3505508301823,6654.270121037992,6659.611032490755,2953.0109209419034,6639.620515328423,6645.004508359569,2970.9323677571024,6640.5096127395545,6647.380024146468,2981.535605734461,-0.08621555798401816,2766.073599502983,-0.27070006627842147,2801.312072832668,-0.40001064295536354,2839.5607821513186,0.15843848025792995,2872.6005597727267,-0.08577170948723417,2881.24904747721,-4.933171810399347,2907.5329370134295,-0.11044691350437855,2946.610127824102,-0.0998910258519467,2976.032585759883
176,14.434923604596406,1778433102.234796,0.010052625089883804,6640.980539169238,6646.201656631109,2760.3589311849933,6644.021771556072,6647.899758535319,2771.7156174885536,6645.681981844301,6648.993616468501,2796.692286647528,6647.816031420973,6653.885900296482,2807.9434431398813,6653.662044197206,6656.84190787664,2835.2033361704134,6657.719751199681,6658.214269340098,2848.9401769154256,6625.342630742428,6631.686231928356,2870.0106303873113,6629.356603600575,6639.725549408564,2875.2157550151646,6606.514480239632,6622.821097594524,2878.4761798803843,6605.100149769232,6621.722035944616,2883.3311140962264,6640.605622459273,6649.94600819146,2902.6721491136855,6652.934092367881,6657.256096219091,2920.456227835481,6652.680494849772,6656.59081517254,2939.3505508301823,6656.502134975701,6659.0735443347485,2953.0109209419034,6641.0446052510915,6646.187049546107,2970.9323677571024,6640.134731179509,6648.237399517069,2981.535605734461,-0.28139613480325465,2765.8784189261637,0.07958527492578703,2801.6623581738722,-1.6454993601664651,2838.3152934341074,0.14514745275797095,2872.5872687452265,-0.17457570403545083,2881.160243482662,-4.264642288755821,2908.201466535073,-0.5560188345882958,2946.164555903018,-0.026204025490744014,2976.1062727602443
177,14.511320063029416,1778433102.311092,0.009848791873082519,6640.622271296268,6647.772952899104,2760.3589311849933,6641.577062383471,6648.958610202647,2771.7156174885536,6645.287281841245,6647.26624079225,2796.692286647528,6649.1067946327585,6653.437792279243,2807.9434431398813,6651.274792921111,6656.121846440689,2835.2033361704134,6656.518115964177,6658.575908549072,2848.9401769154256,6621.232704710089,6629.250706054956,2870.0106303873113,6627.332290552312,6639.4447168138895,2875.2157550151646,6606.614746156432,6621.2894932298195,2878.4761798803843,6605.132431152,6622.1777149494155,2883.3311140962264,6639.52276797995,6648.777704251612,2902.6721491136855,6651.876674206071,6656.839236482563,2920.456227835481,6652.885114772138,6656.145965400251,2939.3505508301823,6654.802605679004,6658.220165357459,2953.0109209419034,6640.72563040621,6646.096037228352,2970.9323677571024,6638.965525567748,6646.54297460036,2981.535605734461,-0.20342717126882423,2765.9563878896984,0.0368823115104509,2801.619655210457,-1.6754368494204515,2838.2853559448536,0.14713554279132132,2872.5892568352597,-0.12370748263460962,2881.2111117040627,-3.896809687843657,2908.569299135985,-0.2933716747386606,2946.4272030628676,-0.06376830900735526,2976.068708476728
178,14.604847021051683,1778433102.404725,0.010061708046123385,6641.362137420913,6646.141412721215,2760.3589311849933,6641.190535501421,6648.417518415503,2771.7156174885536,6644.933010361585,6648.4517467983005,2796.692286647528,6650.026654338723,6653.407636702633,2807.9434431398813,6651.378689977688,6655.666194944524,2835.2033361704134,6655.640893113671,6658.270765962649,2848.9401769154256,6622.431544762662,6630.30880276309,2870.0106303873113,6626.768245866064,6636.8958813460895,2875.2157550151646,6603.387289482531,6618.350629642082,2878.4761798803843,6602.696472781735,6620.062710517467,2883.3311140962264,6639.448563437969,6649.985146865544,2902.6721491136855,6653.27676590152,6657.264257114039,2920.456227835481,6653.164484824403,6655.935322615155,2939.3505508301823,6655.535079622215,6656.58066601461,2953.0109209419034,6638.25924595776,6646.345283797414,2970.9323677571024,6639.498468686004,6647.145876761318,2981.535605734461,-0.09364153952660453,2766.0661735214403,-0.22545690356200743,2801.3573159953844,-1.352474136961039,2838.608318657313,0.09055880800349667,2872.532680100472,-0.12293288752902572,2881.2118862991683,-5.042125489618269,2907.423983334211,-0.6237480291453944,2946.0968267084613,-0.196095211009551,2975.9363815747256
179,14.681221188046038,1778433102.481,0.009864292107522488,6640.205303053457,6647.408021823516,2760.3589311849933,6642.461993764709,6647.320671210686,2771.7156174885536,6643.589415288688,6647.3106687654745,2796.692286647528,6648.208579637498,6653.2179677232025,2807.9434431398813,6650.6305666778735,6652.740228321668,2835.2033361704134,6654.899249625577,6658.028748051472,2848.9401769154256,6624.18395482471,6629.385866674817,2870.0106303873113,6628.052533850901,6636.141892594064,2875.2157550151646,6604.882631353731,6618.28194058135,2878.4761798803843,6602.367707919429,6618.388577803588,2883.3311140962264,6638.850276614605,6650.291710731423,2902.6721491136855,6652.255827245774,6657.1074609530215,2920.456227835481,6654.180248800318,6658.294972032888,2939.3505508301823,6656.467839349575,6659.411758413058,2953.0109209419034,6638.726354800257,6644.6971222911625,2970.9323677571024,6638.345652107467,6646.851766665648,2981.535605734461,-0.3309155644645072,2765.8288994965023,-0.07533182530495629,2801.5074410736415,-0.5883109438250993,2839.372481850449,0.11025691864624862,2872.552378211115,-0.11739966160052458,2881.217419525097,-5.062961826351006,2907.403146997478,-0.5263612491776176,2946.194213488429,-0.04743589038955647,2976.0850408953456
180,14.756781563046388,1778433102.556735,0.010212791850790381,6642.488759666227,6647.80165663111,2760.3589311849933,6643.765793012806,6649.262450713696,2771.7156174885536,6643.8135678699155,6648.785533514686,2796.692286647528,6648.736013387535,6653.698303634196,2807.9434431398813,6653.103959715134,6655.1179937035795,2835.2033361704134,6655.311957086529,6658.206276553474,2848.9401769154256,6624.073727725647,6630.999257266865,2870.0106303873113,6627.299232814745,6636.680753125287,2875.2157550151646,6603.46148332671,6617.300177277868,2878.4761798803843,6601.296945013297,6618.153148210409,2883.3311140962264,6638.069439435157,6646.958049332151,2902.6721491136855,6650.573385395971,6657.54769538772,2920.456227835481,6652.899743252742,6656.146911391632,2939.3505508301823,6654.46751383073,6657.81816334016,2953.0109209419034,6638.667973836232,6644.9495858422215,2970.9323677571024,6639.757519026805,6649.444918543877,2981.535605734461,-0.20575523760507788,2765.954059823362,-0.21207660620681992,2801.37069629274,-0.6279352678050115,2839.332857526469,0.0969486972285793,2872.539069989697,-0.10760805441205971,2881.227211132285,-2.6912346716189046,2909.77487415221,-0.3026809927495182,2946.417893744857,-0.004093079585836888,2976.128383706149
181,14.832502208999358,1778433102.632386,0.01007349998690188,6640.273275361433,6647.102646941958,2760.3589311849933,6642.0084084726595,6649.778605923527,2771.7156174885536,6644.30660665709,6648.842086682764,2796.692286647528,6650.089291499831,6654.860033010361,2807.9434431398813,6652.030688938474,6654.137604303573,2835.2033361704134,6654.374504080448,6658.826151542012,2848.9401769154256,6622.726470947826,6628.777196870129,2870.0106303873113,6628.7504493076995,6638.852449796742,2875.2157550151646,6604.67755448238,6619.018666136872,2878.4761798803843,6601.360114008008,6618.8650319405815,2883.3311140962264,6638.219474585077,6649.433236543693,2902.6721491136855,6650.752735580891,6656.975092459576,2920.456227835481,6654.8947947550205,6656.012704404439,2939.3505508301823,6654.300299538465,6656.425395054559,2953.0109209419034,6641.090558425285,6646.41991013846,2970.9323677571024,6641.647340831983,6647.2556744200265,2981.535605734461,-0.16834367697403096,2765.991471383993,-0.18632745562534136,2801.396445443321,-0.21019584449239678,2839.7505969497815,0.14591529078993692,2872.5880365832586,-0.10393258571974792,2881.2308866009776,-4.252302575993419,2908.2138062478357,-0.14383177113944315,2946.576742966467,-0.16019894628854936,2975.9722778394466
182,14.90832072950434,1778433102.7081542,0.009973624954000115,6639.777841794787,6647.335075037443,2760.3589311849933,6641.385794846717,6649.274015038053,2771.7156174885536,6643.312861814959,6648.658167007978,2796.692286647528,6649.863465476663,6653.681136717913,2807.9434431398813,6652.971751688725,6656.818317694165,2835.2033361704134,6657.666138398998,6658.205095210442,2848.9401769154256,6623.009443102974,6630.359764037044,2870.0106303873113,6627.663065073202,6638.899841061221,2875.2157550151646,6604.595907326466,6617.844901733045,2878.4761798803843,6601.71693156463,6618.763123146989,2883.3311140962264,6640.53763639698,6650.217523000274,2902.6721491136855,6654.625951340282,6657.5216599932755,2920.456227835481,6652.092525292661,6656.268397163554,2939.3505508301823,6656.90206926063,6658.205758474188,2953.0109209419034,6639.355789039338,6645.31445578751,2970.9323677571024,6640.626955405445,6647.482013937709,2981.535605734461,-0.19851526686408144,2765.961299794103,-0.37199971115339514,2801.210773187793,-1.8231384678172298,2838.1376543264564,0.14083411621319392,2872.5829554086818,-0.08826472345961289,2881.2465544632373,-5.160841857736941,2907.305266966092,-0.8252179274805115,2945.895356810126,-0.12939353712554222,2976.0030832486095
183,14.988772125565447,1778433102.7885702,0.00990241696126759,6640.6940657762025,6647.32563651924,2760.3589311849933,6641.442173793441,6649.31840022007,2771.7156174885536,6644.047738178929,6648.154743711221,2796.692286647528,6647.823765932085,6652.103271999267,2807.9434431398813,6651.3700217012565,6654.847333190696,2835.2033361704134,6656.709585230919,6657.917327383318,2848.9401769154256,6624.602432985909,6632.886549805911,2870.0106303873113,6630.984859553138,6641.138623651312,2875.2157550151646,6606.563821560657,6616.316199529296,2878.4761798803843,6602.4517467983005,6620.0441880368,2883.3311140962264,6638.438075006877,6648.324065470551,2902.6721491136855,6652.014134853441,6657.055141058166,2920.456227835481,6654.434546260355,6655.601948528289,2939.3505508301823,6653.351762080875,6657.005559800715,2953.0109209419034,6639.270055322921,6646.204960723783,2970.9323677571024,6640.644447840573,6647.799217532169,2981.535605734461,-0.15325577122897918,2766.006559289738,-0.19275396545385193,2801.3900189334927,-1.5271350331834594,2838.43365776109,0.07872622338866903,2872.520847515857,0.011949411561324936,2881.3467685982587,-4.178094444324892,2908.288014379504,0.11588747175574188,2946.8364622093623,-0.16320539618232768,2975.9692713895524
184,15.083763229544275,1778433102.883661,0.010101790772750974,6639.761976953877,6646.174256502735,2760.3589311849933,6643.051652046338,6648.717379344072,2771.7156174885536,6642.427745514566,6647.934112235229,2796.692286647528,6646.7410826176,6653.288683253355,2807.9434431398813,6650.204195066784,6655.116835284408,2835.2033361704134,6651.896746339822,6656.721221383379,2848.9401769154256,6622.107338692423,6629.1167924932,2870.0106303873113,6627.106135953785,6634.905946449857,2875.2157550151646,6603.129470917261,6617.143255799737,2878.4761798803843,6600.432727633952,6618.33469450133,2883.3311140962264,6639.181939053092,6649.186184552373,2902.6721491136855,6650.692436653728,6656.594241525812,2920.456227835481,6650.612322340069,6655.924273313567,2939.3505508301823,6653.15674572852,6656.558631598253,2953.0109209419034,6637.796860959135,6644.503502766145,2970.9323677571024,6636.980960968304,6643.7706742672,2981.535605734461,-0.2518955518348324,2765.907919509132,-0.10145937350324545,2801.4813135254435,-0.9044117255492496,2839.0563810687245,0.04567605167138838,2872.48779734414,-0.08601726933196908,2881.248801917365,-3.8004498612689908,2908.66565896256,-0.6562482921679336,2946.0643264454384,-0.16992181005313384,2975.962554975682
185,15.170121771050617,1778433102.970111,0.010285708121955395,6640.354285233976,6647.256735030717,2760.3589311849933,6641.169509735,6647.528327780664,2771.7156174885536,6644.551030045543,6648.444608307606,2796.692286647528,6649.372767979949,6654.952816578536,2807.9434431398813,6651.564597915456,6653.3889338875815,2835.2033361704134,6653.671361983067,6655.11200599077,2848.9401769154256,6621.287177919736,6629.86387352141,2870.0106303873113,6626.507639759147,6638.97439251765,2875.2157550151646,6604.947689274688,6618.819558639239,2878.4761798803843,6603.140194700003,6621.113587737263,2883.3311140962264,6639.8422517345725,6648.572656417154,2902.6721491136855,6652.979026194333,6655.871715010546,2920.456227835481,6651.338660329491,6655.898951615369,2939.3505508301823,6655.989381667025,6657.415488889569,2953.0109209419034,6639.30721948834,6643.815611150167,2970.9323677571024,6639.168279487727,6646.803762569919,2981.535605734461,-0.2417423898014475,2765.9180726711656,-0.03347203626621954,2801.5493008626804,-0.9885983175089817,2838.972194476765,0.14087227980309455,2872.582993572272,-0.080821245977353,2881.2539979407197,-4.680729898740544,2907.7853789250885,-0.8712543849058542,2945.8493203527005,-0.01785022241208428,2976.114626563323
186,15.24438360449858,1778433103.0443451,0.010229791048914194,6640.026564171532,6647.056352966347,2760.3589311849933,6640.931126020112,6649.0197343888485,2771.7156174885536,6644.607159886296,6647.572748112603,2796.692286647528,6650.256757954581,6651.899598068284,2807.9434431398813,6651.764802701959,6656.414958584222,2835.2033361704134,6656.227001253172,6658.369002353518,2848.9401769154256,6625.557402879237,6631.499319925421,2870.0106303873113,6629.035062811383,6637.4909206223065,2875.2157550151646,6604.056892441239,6620.6103600574625,2878.4761798803843,6603.383215148087,6621.266181190207,2883.3311140962264,6639.420336522296,6648.1611761469585,2902.6721491136855,6652.017611639209,6654.236103554727,2920.456227835481,6651.195155423785,6656.119754256198,2939.3505508301823,6654.117576489286,6657.778210104839,2953.0109209419034,6639.806765595868,6645.608023351774,2970.9323677571024,6640.71151389186,6645.916554085033,2981.535605734461,-0.1624612189560554,2765.997353842011,-0.3502346706168768,2801.2325382283298,-1.595114364565079,2838.3656784297086,0.09874055193500929,2872.5408618444035,-0.14951967444051723,2881.1852995122567,-5.028260960513722,2907.4378478633153,-0.5428641989639507,2946.1777105386427,-0.2039450408687089,2975.928531744866
187,15.321023437543772,1778433103.120808,0.00987562513910234,6639.246761622398,6647.310525109269,2760.3589311849933,6641.285285936974,6649.384894703059,2771.7156174885536,6643.797013784882,6647.899468166397,2796.692286647528,6650.520405293883,6655.0313338631295,2807.9434431398813,6651.593844178866,6654.962285661888,2835.2033361704134,6655.980986948681,6658.235501421279,2848.9401769154256,6624.35478650243,6629.060149157931,2870.0106303873113,6628.045158480301,6636.639649112083,2875.2157550151646,6605.1932817801135,6618.970817923403,2878.4761798803843,6602.359556194028,6620.314264755327,2883.3311140962264,6640.7117186783635,6650.637188617538,2902.6721491136855,6651.82440627197,6657.129266130758,2920.456227835481,6652.400554757466,6656.802073845402,2939.3505508301823,6656.012397224683,6657.951786532995,2953.0109209419034,6641.26196778433,6645.5267200537955,2970.9323677571024,6640.567289176882,6647.077560595409,2981.535605734461,-0.2131475587129928,2765.946667502254,-0.16811867345374557,2801.414654225493,-1.1972958039414523,2838.7634969903324,0.1410828524608919,2872.5832041449294,-0.07888192623321916,2881.2559372604637,-4.062521698187673,2908.4035871256415,-0.7531576111781719,2945.9674171264282,-0.06188498416642322,2976.0705918015688
188,15.39761822950095,1778433103.1976361,0.010342041030526161,6642.689840144267,6644.73007152245,2760.3589311849933,6641.359820582572,6649.908345814103,2771.7156174885536,6645.364327413883,6650.527707308128,2796.692286647528,6650.506831310939,6654.2910153742705,2807.9434431398813,6652.941259895468,6655.706469113917,2835.2033361704134,6656.147490601218,6658.295951645932,2848.9401769154256,6624.197265947367,6628.787240578294,2870.0106303873113,6627.851905737078,6638.020454198124,2875.2157550151646,6605.91326069016,6618.549715744108,2878.4761798803843,6604.140168719625,6620.173730782162,2883.3311140962264,6639.418068588197,6647.209061038605,2902.6721491136855,6650.176509154262,6656.341148332669,2920.456227835481,6651.623373169912,6656.08544029098,2939.3505508301823,6655.062611180731,6658.58739340404,2953.0109209419034,6639.967765993215,6645.896404010147,2970.9323677571024,6639.218898432007,6646.463783354219,2981.535605734461,0.10741385532931667,2766.2672289162965,-0.356233962260322,2801.226538936686,-1.0552322998554535,2838.9055604944183,0.1930226318560974,2872.6351439243244,-0.09824410199945405,2881.2365750846975,-2.5435023504893497,2909.92260647334,-0.48556116303796937,2946.2350135745687,-0.10831947373560279,2976.0241573119993
189,15.47350370849017,1778433103.273331,0.009960416937246919,6639.861845523733,6647.290883944127,2760.3589311849933,6641.668097625088,6648.716181190207,2771.7156174885536,6643.8811122657935,6648.497099367302,2796.692286647528,6648.3525262096155,6651.7262646330655,2807.9434431398813,6651.809074792921,6656.267304459454,2835.2033361704134,6655.341064278509,6659.596290919095,2848.9401769154256,6623.5464254057515,6629.717764464958,2870.0106303873113,6629.190761683528,6638.155365712015,2875.2157550151646,6607.2391157502225,6620.44176116392,2878.4761798803843,6605.176914142494,6620.395528318611,2883.3311140962264,6639.742731607422,6650.566502124278,2902.6721491136855,6652.424219824556,6655.764194455481,2920.456227835481,6653.960592352599,6656.184041935385,2939.3505508301823,6656.823286059235,6659.157931656327,2953.0109209419034,6640.034269645749,6645.989097411131,2970.9323677571024,6641.132901855305,6648.384498884372,2981.535605734461,-0.23374529860970342,2765.926069762357,-0.3417897500134458,2801.240983148933,-0.93746732262646,2839.0233254716472,0.10725287086060374,2872.549374163329,-0.13243861365641682,2881.2023805730405,-5.515789560706226,2906.9503192631228,-0.3013615451733468,2946.4192131924333,-0.10939419556215878,2976.0230825901726
190,15.570325458538719,1778433103.370178,0.010011917212978005,6639.486370999785,6645.940831983373,2760.3589311849933,6642.082116330959,6648.78400372895,2771.7156174885536,6644.356239875294,6648.060063575511,2796.692286647528,6650.001607726869,6651.588394412691,2807.9434431398813,6650.793712748724,6654.770807225602,2835.2033361704134,6654.04384265061,6656.514070666626,2848.9401769154256,6622.258442094324,6627.878294158999,2870.0106303873113,6626.724560625975,6638.506077880002,2875.2157550151646,6603.767284592109,6616.808186875324,2878.4761798803843,6601.233534553901,6617.105353485956,2883.3311140962264,6637.008886817251,6648.813758902099,2902.6721491136855,6648.71145428982,6654.05558119632,2920.456227835481,6652.062193966439,6653.26941956781,2939.3505508301823,6654.487789222729,6657.424517834765,2953.0109209419034,6637.923556560809,6644.908319833727,2970.9323677571024,6638.818612647859,6647.051265397195,2981.535605734461,-0.20268026726727556,2765.9571347937,-0.43393273005981386,2801.1488401688866,-1.309377518802572,2838.651415275471,0.21087392464300317,2872.6529952171113,-0.11219877979826917,2881.222620406899,-4.99774224836737,2907.4683665754615,-0.01713956254583823,2946.703435175061,-0.11183060053972653,2976.0206461851953
191,15.646879104548134,1778433103.446678,0.009903040947392583,6639.497201760552,6648.473909588288,2760.3589311849933,6644.366766512823,6650.1726747562425,2771.7156174885536,6642.380361891372,6645.67631659382,2796.692286647528,6647.6999969434855,6652.942690344467,2807.9434431398813,6648.320446556836,6653.791958309135,2835.2033361704134,6655.665951951584,6656.940563010056,2848.9401769154256,6622.955610233212,6631.517370174527,2870.0106303873113,6627.886985359293,6636.982244704586,2875.2157550151646,6604.196912919889,6618.610896475839,2878.4761798803843,6600.7114435920175,6616.042013326405,2883.3311140962264,6637.857422746584,6647.272881071001,2902.6721491136855,6650.7085414310595,6654.108047803895,2920.456227835481,6653.060410489959,6654.027331356787,2939.3505508301823,6654.585319558639,6656.582434208516,2953.0109209419034,6638.36875783232,6643.893815141976,2970.9323677571024,6636.680737842711,6645.672552495645,2981.535605734461,-0.3719234738262218,2765.7878915871406,-0.005979833607529944,2801.576793065339,-2.077683610563873,2837.88310918371,0.03773324263032858,2872.4798545350986,-0.159566587984382,2881.1752525987126,-4.772064572303409,2907.6940442515256,-0.13984827412776357,2946.5807264634786,-0.000808789277133678,2976.131667996458
192,15.758789416984655,1778433103.558805,0.010337915970012546,6639.424799034141,6646.588869700767,2760.3589311849933,6641.489436684293,6647.505342788153,2771.7156174885536,6642.895691842161,6647.346394840603,2796.692286647528,6646.583332823914,6652.30683131094,2807.9434431398813,6650.883354219519,6653.954862915304,2835.2033361704134,6653.626266161324,6656.584115291745,2848.9401769154256,6622.376169881102,6629.998468686004,2870.0106303873113,6626.28388758138,6637.544148302106,2875.2157550151646,6604.720081303298,6618.087449949568,2878.4761798803843,6602.653845095822,6617.644994956751,2883.3311140962264,6639.143378060336,6647.836887550815,2902.6721491136855,6651.885778035884,6656.381647155913,2920.456227835481,6653.277181587555,6655.118925940643,2939.3505508301823,6655.991475379773,6658.0882981324685,2953.0109209419034,6638.34281107681,6645.659459913807,2970.9323677571024,6640.191203349939,6647.2883791301165,2981.535605734461,-0.2717247350326991,2765.888090325934,-0.0769307747267821,2801.5058421242197,-0.9116986024887335,2839.049094191785,0.13323448552448827,2872.575355777993,-0.14213352777298838,2881.1926856589243,-3.8488516208262964,2908.6172572030027,-0.2760650522735434,2946.444509685333,-0.18517788832307522,2975.947298897412
193,15.835383708588779,1778433103.635253,0.010041417088359594,6637.818614176116,6645.139374025736,2760.3589311849933,6639.96707063606,6647.561183788244,2771.7156174885536,6643.264817984533,6646.831598251674,2796.692286647528,6648.300132958402,6652.272832166763,2807.9434431398813,6652.403903169607,6653.907334107651,2835.2033361704134,6654.423979888132,6657.039305254149,2848.9401769154256,6622.851688724516,6630.744990371978,2870.0106303873113,6626.528307913318,6636.636507014702,2875.2157550151646,6603.025462297887,6616.651297490602,2878.4761798803843,6602.061223522939,6617.977977809702,2883.3311140962264,6638.251491579302,6646.394429501483,2902.6721491136855,6650.637932878932,6654.309310144573,2920.456227835481,6651.010136931871,6652.7443378060325,2939.3505508301823,6652.569829140813,6655.503635724546,2953.0109209419034,6638.549847174251,6644.0759956597485,2970.9323677571024,6636.264654460984,6643.452944952165,2981.535605734461,-0.2013890675595927,2765.9584259934077,-0.16821417276024467,2801.4145587261864,-0.5617128278909403,2839.399079966383,0.08949432829494074,2872.5316156207637,-0.1256654641804131,2881.209153722517,-3.9878447312296292,2908.4782640925996,-0.11012274289838889,2946.610451994708,-0.09093369203262423,2976.0415430937023
194,15.911406750557944,1778433103.7112682,0.010029416996985674,6640.510112479751,6648.251091175842,2760.3589311849933,6642.08089066846,6649.844651098817,2771.7156174885536,6643.124695112632,6647.737728092429,2796.692286647528,6647.823487789223,6651.408946419293,2807.9434431398813,6650.805458935722,6654.051280679769,2835.2033361704134,6655.399341321026,6659.459449216003,2848.9401769154256,6623.225384356757,6630.148480912065,2870.0106303873113,6629.218585139223,6638.151623009445,2875.2157550151646,6605.011590304735,6618.551485466271,2878.4761798803843,6603.622101659688,6619.687153467616,2883.3311140962264,6640.36520310542,6649.406313231653,2902.6721491136855,6651.277552954122,6658.169144481462,2920.456227835481,6653.114313659566,6653.6349680594185,2939.3505508301823,6654.090106061069,6657.133789772901,2953.0109209419034,6639.695914967754,6647.112414035517,2970.9323677571024,6638.365160314209,6647.753829813247,2981.535605734461,-0.21376185734485248,2765.9460532036223,-0.31920909493213334,2801.2635638040147,-0.6473014977814229,2839.3134912964924,0.0831296880032458,2872.525250980472,-0.11985710255684787,2881.21496208414,-2.8093620610250887,2909.656746762804,0.12230740776505176,2946.8428821453717,-0.07554888248553286,2976.0569279032493
195,15.987985521554947,1778433103.787858,0.010052124969661236,6638.8922609041165,6645.781824433781,2760.3589311849933,6640.889161597946,6647.562918360486,2771.7156174885536,6640.960693217593,6646.643966439467,2796.692286647528,6646.807361616286,6652.388357734511,2807.9434431398813,6649.270255524652,6654.169549469695,2835.2033361704134,6655.921303909284,6656.9267659015195,2848.9401769154256,6623.685862090044,6631.219755784454,2870.0106303873113,6629.477569764955,6637.040923678821,2875.2157550151646,6606.111758413058,6619.815051807929,2878.4761798803843,6602.569347739709,6619.326244765718,2883.3311140962264,6639.591900235352,6647.844003117645,2902.6721491136855,6649.670791943028,6655.236646086133,2920.456227835481,6650.912968792982,6654.410395207384,2939.3505508301823,6653.016674817372,6655.6537625699175,2953.0109209419034,6638.6094767246395,6644.356731974202,2970.9323677571024,6637.182999663784,6645.490034232968,2981.535605734461,-0.2255801248264459,2765.9342349361405,-0.22196282679310966,2801.3608100721535,-1.9910129050403367,2837.9697798892335,0.022231671417252595,2872.4643529638856,-0.10665616542012671,2881.228163021277,-3.0809318245906216,2909.3851769992384,-0.4719386437106063,2946.248636093896,-0.04614018694044422,2976.0863365987943
196,16.083331583533436,1778433103.883296,0.01023633312433958,6637.548256258216,6644.942001100346,2760.3589311849933,6639.2097609805305,6649.504083503989,2771.7156174885536,6645.256809915334,6648.85735855977,2796.692286647528,6648.701702478834,6652.494782528961,2807.9434431398813,6651.186505486445,6653.856689182993,2835.2033361704134,6654.707167527585,6656.877254943912,2848.9401769154256,6621.531330806615,6628.764755325977,2870.0106303873113,6627.420458782895,6638.472210165969,2875.2157550151646,6604.655987712809,6618.524785279823,2878.4761798803843,6600.061124186203,6618.623003331601,2883.3311140962264,6638.315033468838,6648.522815355931,2902.6721491136855,6650.1229131644095,6655.228153559311,2920.456227835481,6651.800541003149,6654.274424611058,2939.3505508301823,6653.354225631934,6656.928141333253,2953.0109209419034,6637.09410398264,6644.141703090136,2970.9323677571024,6639.435333312957,6645.466778738883,2981.535605734461,-0.07140417713677938,2766.0884108838304,-0.19059535629179608,2801.3921775426547,-1.0220092487642713,2838.9387835455095,0.13871053431658287,2872.580831826785,-0.06598620253446062,2881.2688329841626,-4.308158386966862,2908.157950436862,-0.1277011899189142,2946.5928735476878,-0.22500641781280642,2975.907470367922
197,16.159865771071054,1778433103.9597208,0.010016957996413112,6639.607233242656,6642.734077085307,2760.3589311849933,6640.195647522695,6647.400907784945,2771.7156174885536,6641.8257710059,6645.955313751261,2796.692286647528,6648.356010636671,6654.01332182046,2807.9434431398813,6649.332510621391,6654.046298560381,2835.2033361704134,6655.361012623407,6658.3672524987005,2848.9401769154256,6621.8472888712295,6629.071832686372,2870.0106303873113,6626.063253048875,6636.6656447718315,2875.2157550151646,6603.557387596663,6617.636300699941,2878.4761798803843,6601.738965980988,6618.988235473912,2883.3311140962264,6638.887986367944,6649.088753553197,2902.6721491136855,6650.500886389338,6653.956794632759,2920.456227835481,6650.512618822019,6655.2660268362015,2939.3505508301823,6653.439768316166,6658.002058562827,2953.0109209419034,6638.694518140417,6645.166797077972,2970.9323677571024,6637.5920714001895,6644.965334535562,2981.535605734461,-0.01286758802885286,2766.1469474729383,-0.05028797122625425,2801.5324849277204,-1.367107882856393,2838.5936849114173,0.12525443089098692,2872.5673757233594,-0.10385112733860943,2881.2309680593585,-5.141118519454543,2907.3249903043743,-0.3546086107712162,2946.3659661268352,-0.12903987133991632,2976.003436914395
198,16.237095750519074,1778433104.0369542,0.010022917063906789,6638.401739157013,6644.195803404958,2760.3589311849933,6643.195395360211,6648.801569520433,2771.7156174885536,6644.39873154629,6648.042922639605,2796.692286647528,6648.648201240945,6653.355596478895,2807.9434431398813,6652.292461105848,6656.445716294281,2835.2033361704134,6655.653689213558,6658.703085551853,2848.9401769154256,6624.292508481829,6629.459675398111,2870.0106303873113,6628.387492740777,6638.330076107222,2875.2157550151646,6605.759562307057,6618.185762753308,2878.4761798803843,6601.6876791881905,6620.244262921417,2883.3311140962264,6640.346896109057,6650.68377754684,2902.6721491136855,6652.514133325181,6656.931141302686,2920.456227835481,6650.931101567992,6655.426614604029,2939.3505508301823,6652.986323623804,6656.741175841305,2953.0109209419034,6638.7581104624505,6642.854922517346,2970.9323677571024,6639.5961396216035,6647.373182137727,2981.535605734461,-0.2243029295768803,2765.93551213139,-0.09898584818804915,2801.4837870507586,-1.1943293144460438,2838.766463479828,0.16828110747197672,2872.6104023999405,-0.030440182391878623,2881.3043790043052,-4.722018712203259,2907.7440901116256,-0.4509375130663982,2946.26963722454,0.009755012539829152,2976.1422317982747
199,16.314231437980197,1778433104.114143,0.010130957933142781,6638.9383898279175,6645.241929272243,2760.3589311849933,6640.391901763609,6646.84717425192,2771.7156174885536,6641.597001558822,6645.747623559617,2796.692286647528,6646.938033743924,6654.166113946878,2807.9434431398813,6651.911192957789,6652.937026622245,2835.2033361704134,6654.889885991992,6658.341003148211,2848.9401769154256,6623.980578903933,6631.279758229667,2870.0106303873113,6628.703334657823,6638.078696090718,2875.2157550151646,6606.321340587461,6619.380988476938,2878.4761798803843,6602.145618485802,6619.390665403307,2883.3311140962264,6641.350232295137,6648.45922150564,2902.6721491136855,6650.237269615184,6655.541131521837,2920.456227835481,6652.714585689397,6653.985238560992,2939.3505508301823,6653.987208484886,6656.64015343705,2953.0109209419034,6639.683581929884,6645.887893144238,2970.9323677571024,6640.2272534156555,6645.382293608827,2981.535605734461,-0.20735629313503195,2765.952458767832,0.11289694408864137,2801.6956698430354,-0.18697203308208898,2839.773820761192,0.08519589930947422,2872.527317191778,-0.07859438559487734,2881.2562248011022,-2.6327651271088532,2909.83334369672,-0.0780378862706075,2946.642536851336,-0.2265695003918455,2975.9059072853433
200,16.39078185451217,1778433104.190667,0.010075625032186508,6638.509736528409,6644.063271387963,2760.3589311849933,6640.229322676283,6645.776778127579,2771.7156174885536,6643.086358773726,6647.258076840786,2796.692286647528,6648.16531772473,6653.33754011676,2807.9434431398813,6650.928598282238,6653.832041446342,2835.2033361704134,6656.170571873949,6657.765496530856,2848.9401769154256,6625.421809762508,6631.09264144023,2870.0106303873113,6628.411004982119,6636.534203930678,2875.2157550151646,6602.660680991534,6617.627183115811,2878.4761798803843,6602.25115230614,6619.541843689825,2883.3311140962264,6639.049616407373,6649.020489348045,2902.6721491136855,6650.825288076536,6655.385833053153,2920.456227835481,6651.722729773513,6656.324429195831,2939.3505508301823,6656.22925848947,6659.628833633891,2953.0109209419034,6640.915290216096,6645.422327841795,2970.9323677571024,6637.690417825595,6644.338360791026,2981.535605734461,-0.2151703443352819,2765.944644716632,-0.1056851170714909,2801.477087781875,-1.252876132033564,2838.70791666224,0.09687822999538226,2872.538999522464,-0.12489288706993372,2881.209926299627,-4.463963806299696,2908.0021450175295,-0.5321324011402491,2946.1884423364663,-0.06698516287683375,2976.065491622858
201,16.466839229571633,1778433104.266676,0.009980791015550494,6640.5538787174855,6647.997102423817,2760.3589311849933,6643.754260781857,6649.529137757129,2771.7156174885536,6644.104460983586,6648.749043310818,2796.692286647528,6649.902897576185,6653.52382400587,2807.9434431398813,6651.930319100162,6656.362349848702,2835.2033361704134,6656.627656875631,6658.93448207354,2848.9401769154256,6624.518737964972,6630.817461869976,2870.0106303873113,6630.442370938656,6637.4821041049,2875.2157550151646,6603.406002995385,6619.696413179692,2878.4761798803843,6604.606550111564,6621.556802274046,2883.3311140962264,6639.068446067793,6648.995821744046,2902.6721491136855,6650.75940948131,6656.071326833144,2920.456227835481,6652.761737017453,6654.465108353455,2939.3505508301823,6653.612626463308,6658.418418559158,2953.0109209419034,6638.723571843385,6646.027247302625,2970.9323677571024,6640.0912828193295,6648.0468410917865,2981.535605734461,-0.29750432675377164,2765.862310734213,-0.31884485457347955,2801.263928044373,-1.4858695021078914,2838.474923292166,0.04414134724682814,2872.4862626397153,-0.16620764827990922,2881.1686115384173,-4.060724517459608,2908.4053843063693,0.22381835192924823,2946.944393089536,-0.14163516434034784,2975.990841621395
202,16.566764375544153,1778433104.366719,0.010215416783466935,6640.877962527125,6646.800313292784,2760.3589311849933,6640.090647064217,6646.312097686217,2771.7156174885536,6643.63007152245,6646.220194394353,2796.692286647528,6646.82206956628,6652.813590793778,2807.9434431398813,6651.09498884372,6653.958072256015,2835.2033361704134,6654.87506036617,6656.56820001834,2848.9401769154256,6621.8966393618,6628.644617477153,2870.0106303873113,6626.6236390867125,6637.296882354739,2875.2157550151646,6605.892962374301,6618.207410520525,2878.4761798803843,6602.882972155149,6618.117156218481,2883.3311140962264,6637.875873399151,6648.404658128801,2902.6721491136855,6652.038421921326,6655.685868203075,2920.456227835481,6651.779417428248,6655.65870495461,2939.3505508301823,6654.940005196075,6660.276198917994,2953.0109209419034,6639.293419323287,6647.714779778097,2970.9323677571024,6637.354636733197,6645.824678301799,2981.535605734461,-0.1999571424210846,2765.959857918546,0.14737058031623432,2801.730143479263,-1.2132145339609082,2838.747578260313,0.14207780837331324,2872.584199100842,-0.10998613764222759,2881.2248330490547,-5.211570617119835,2907.254538206709,-0.06545713720536724,2946.6551176004014,-0.17156024756629198,2975.9609165381685
203,16.643275000038557,1778433104.443218,0.010192250134423375,6639.2997279701685,6647.531861111961,2760.3589311849933,6643.4829568725745,6647.557506800746,2771.7156174885536,6643.902182351681,6647.632830027204,2796.692286647528,6648.423495430511,6650.425653330072,2807.9434431398813,6649.433996087662,6653.9595103463025,2835.2033361704134,6655.835703151267,6658.157861356481,2848.9401769154256,6622.283248769752,6630.052705015742,2870.0106303873113,6627.9313522022185,6636.022983464254,2875.2157550151646,6602.961808845554,6619.266711495553,2878.4761798803843,6605.349246569062,6620.89239844729,2883.3311140962264,6637.649691291988,6647.095147782498,2902.6721491136855,6649.914318244337,6654.974751658158,2920.456227835481,6651.433967050769,6654.713028395025,2939.3505508301823,6654.2911804260775,6658.214940245134,2953.0109209419034,6637.878511171562,6646.32246385671,2970.9323677571024,6640.148783507046,6648.396839563528,2981.535605734461,-0.4207560468024728,2765.7390590141645,-0.39298454498722196,2801.1897883539596,-1.5085710700314516,2838.4522217242425,0.03123155042379847,2872.4733528428924,-0.20146386875257632,2881.1333553179447,-3.9444452311118794,2908.5216635927172,-0.20781538112196832,2946.5127593564844,-0.18403951580038905,2975.9484372699344
204,16.71966781304218,1778433104.519707,0.010382958222180605,6641.656832839197,6646.973555032552,2760.3589311849933,6642.530864688082,6650.01555460464,2771.7156174885536,6644.671892288413,6647.906519546414,2796.692286647528,6648.896964880642,6650.973307454839,2807.9434431398813,6650.604486963964,6652.5012256625,2835.2033361704134,6655.523930983892,6658.035976709356,2848.9401769154256,6622.830442889017,6631.6335681755645,2870.0106303873113,6629.051428920745,6637.514787419384,2875.2157550151646,6604.6628633432165,6618.581456123728,2878.4761798803843,6602.81650059602,6621.096054039185,2883.3311140962264,6639.80772839808,6648.279860622919,2902.6721491136855,6650.529564140966,6655.668064003423,2920.456227835481,6652.710260720727,6656.680875385884,2939.3505508301823,6655.0515053336185,6659.220023229513,2953.0109209419034,6640.089024054772,6645.069355380995,2970.9323677571024,6641.479562612711,6647.439737751016,2981.535605734461,-0.10756259026616029,2766.0522524707008,-0.3328781624812078,2801.249894736465,-0.7037402870029241,2839.257052507271,0.010830375513905022,2872.4529516679822,-0.07439602482245125,2881.2604231618748,-3.4095937009232085,2909.0565151229057,-0.28623152462238916,2946.434343212984,-0.12521240036540734,2976.0072643853696
