batch,time_s,timestamp_epoch_s,acq_seconds,peak_01,peak_01_ref,peak_01_freq_mhz,peak_01_spike_sig,peak_01_spike_ref,peak_02,peak_02_ref,peak_02_freq_mhz,peak_02_spike_sig,peak_02_spike_ref,peak_03,peak_03_ref,peak_03_freq_mhz,peak_03_spike_sig,peak_03_spike_ref,peak_04,peak_04_ref,peak_04_freq_mhz,peak_04_spike_sig,peak_04_spike_ref,peak_05,peak_05_ref,peak_05_freq_mhz,peak_05_spike_sig,peak_05_spike_ref,peak_06,peak_06_ref,peak_06_freq_mhz,peak_06_spike_sig,peak_06_spike_ref,peak_07,peak_07_ref,peak_07_freq_mhz,peak_07_spike_sig,peak_07_spike_ref,peak_08,peak_08_ref,peak_08_freq_mhz,peak_08_spike_sig,peak_08_spike_ref,peak_09,peak_09_ref,peak_09_freq_mhz,peak_09_spike_sig,peak_09_spike_ref,peak_10,peak_10_ref,peak_10_freq_mhz,peak_10_spike_sig,peak_10_spike_ref,peak_11,peak_11_ref,peak_11_freq_mhz,peak_11_spike_sig,peak_11_spike_ref,peak_12,peak_12_ref,peak_12_freq_mhz,peak_12_spike_sig,peak_12_spike_ref,peak_13,peak_13_ref,peak_13_freq_mhz,peak_13_spike_sig,peak_13_spike_ref,peak_14,peak_14_ref,peak_14_freq_mhz,peak_14_spike_sig,peak_14_spike_ref,peak_15,peak_15_ref,peak_15_freq_mhz,peak_15_spike_sig,peak_15_spike_ref,peak_16,peak_16_ref,peak_16_freq_mhz,peak_16_spike_sig,peak_16_spike_ref,delta_f_mhz_b01,f_new_mhz_b01,delta_f_mhz_b02,f_new_mhz_b02,delta_f_mhz_b03,f_new_mhz_b03,delta_f_mhz_b04,f_new_mhz_b04,delta_f_mhz_b05,f_new_mhz_b05,delta_f_mhz_b06,f_new_mhz_b06,delta_f_mhz_b07,f_new_mhz_b07,delta_f_mhz_b08,f_new_mhz_b08
0,0.00642349966801703,1782751879.461168,0.012092083226889372,-113.87982241648074,-59.51535287465232,2742.390793119486,False,False,-85.9713451722346,-34.27278631903903,2748.999981307984,False,False,-307.0014992205887,-228.35366323318152,2797.999962615967,False,False,-308.71646850261334,-185.5090488125439,2804.9248277361075,False,False,-376.9535256900082,-258.136014915793,2832.5288360067116,False,False,-320.317652902161,-220.74880337439254,2838.999946975709,False,False,-350.822191826879,-251.4787541645016,2866.999936294556,False,False,-296.33792829415904,-200.2657792584895,2872.958946500561,False,False,-297.3865849558333,-206.1577039459608,2885.999929046631,False,False,-260.82762631048075,-166.81280832594675,2891.781438954193,False,False,-335.70864229605405,-244.06286487147358,2917.9999168396,False,False,-298.60754042241035,-190.22354433474953,2924.9754193583835,False,False,-419.2798789620075,-279.93063086468806,2948.999905014038,False,False,-349.8948711678944,-224.30280588073478,2954.9695508390073,False,False,-203.3762080875386,-121.53216217868388,2994.999887466431,False,False,-132.41959837393404,-73.51398661246449,3000.9864204533424,False,False,0.2530256979753883,2796.6339253395363,0.028798547095458205,2796.409984839244,-0.0013641489657395824,2833.833711412881,0.012648221421098244,2833.8477237832676,0.020538541333859617,2916.237501971278,0.027662481066415785,2916.2448795067126,0.005887076557948225,2949.342716983637,0.05932957087275579,2949.3961594779516
1,0.07879556249827147,1782751879.5334241,0.011861125007271767,-106.548566494483,-53.51966408900571,2742.390793119486,False,False,-80.02223614634593,-26.203085551853775,2748.999981307984,False,False,-299.7205596478895,-216.49319008466546,2797.999962615967,False,False,-300.7952776843843,-177.82943729559554,2804.9248277361075,False,False,-373.13283919674785,-255.08260995812572,2832.5288360067116,False,False,-318.89459455329035,-216.00895558883758,2838.999946975709,False,False,-348.79342390806,-254.10244979674175,2866.999936294556,False,False,-296.6390255830302,-201.40198367821012,2872.958946500561,False,False,-295.06657548063697,-209.5554895008711,2885.999929046631,False,False,-257.1968899960265,-166.62543173273835,2891.781438954193,False,False,-332.74784668520954,-240.6572347709142,2917.9999168396,False,False,-303.3731332334872,-181.893388758138,2924.9754193583835,False,False,-408.65639270104225,-276.9081975731271,2948.999905014038,False,False,-347.61922242259374,-223.01689335819296,2954.9695508390073,False,False,-194.54582021578994,-120.49472139866126,2994.999887466431,False,False,-126.06724791392853,-67.55873399150289,3000.9864204533424,False,False,0.4520913447279445,2796.832990986289,0.02765484717652125,2796.408841139325,0.0019946546603286128,2833.837070216507,0.01496850865984797,2833.8500440705066,0.022986204550025632,2916.239949634494,0.04060987772653369,2916.257826903373,0.00785884169573704,2949.344688748775,0.1167017870376527,2949.4535316941165
2,0.15198608301579952,1782751879.606539,0.011715915985405445,-100.79631995598618,-44.68398844637345,2742.390793119486,False,False,-76.00790873246324,-19.84350643396399,2748.999981307984,False,False,-294.7473179081211,-209.00681602836443,2797.999962615967,False,False,-287.17744139132566,-167.44254057523614,2804.9248277361075,False,False,-361.61917504661193,-239.94368524008928,2832.5288360067116,False,False,-307.2496989332763,-204.45460769630466,2838.999946975709,False,False,-334.50455726380784,-241.96646391784088,2866.999936294556,False,False,-278.5695234893175,-183.8674679830058,2872.958946500561,False,False,-281.6256472170431,-191.04661643793744,2885.999929046631,False,False,-244.07742763700827,-159.42955497142162,2891.781438954193,False,False,-326.182111746187,-227.7112831249809,2917.9999168396,False,False,-290.1367622337012,-176.2192911941804,2924.9754193583835,False,False,-403.5090671516337,-273.6485573249381,2948.999905014038,False,False,-334.0431702173182,-211.57691414249476,2954.9695508390073,False,False,-183.2050050432497,-109.9404224103677,2994.999887466431,False,False,-116.70986795855364,-59.94378763334047,3000.9864204533424,False,False,0.6696176628041359,2797.0505173043653,0.027457103306350785,2796.408643395455,-0.0006382527753799429,2833.8344373090713,0.019806480932448255,2833.854882042779,0.00963902409050456,2916.226602454035,0.030473949996475184,2916.247690975643,0.009881553969212937,2949.346711461048,0.13020850266408712,2949.467038409743
3,0.22550652059726417,1782751879.67996,0.011517375241965055,-115.18865727297737,-59.55229391447871,2742.390793119486,False,False,-85.62772106244459,-32.26203044288902,2748.999981307984,False,False,-314.0164654460983,-225.27707766604516,2797.999962615967,False,False,-306.06578995629184,-184.41388574747072,2804.9248277361075,False,False,-375.9651435033775,-255.3562031971147,2832.5288360067116,False,False,-323.50467341137636,-217.11221994681665,2838.999946975709,False,False,-353.46080019561697,-254.94340404071278,2866.999936294556,False,False,-300.0410795610845,-200.43289268575967,2872.958946500561,False,False,-305.9906317816425,-215.60714766023779,2885.999929046631,False,False,-260.28287587492747,-171.47192285356238,2891.781438954193,False,False,-337.12304917932573,-242.49484977228963,2917.9999168396,False,False,-304.72185255371824,-194.6385579362411,2924.9754193583835,False,False,-418.8068909129811,-279.63132469358436,2948.999905014038,False,False,-342.5812039612434,-227.89694042852338,2954.9695508390073,False,False,-198.0093452944952,-120.42494727511692,2994.999887466431,False,False,-127.88945502338235,-73.59164043157992,3000.9864204533424,False,False,0.30614010511464906,2796.6870397466755,0.023935788110698644,2796.405122080259,0.0026158255547943997,2833.8376913874013,0.01650911894701603,2833.8515846807936,0.01674780467095806,2916.2337112346154,0.02496834850922299,2916.2421853741557,0.0005228856825085179,2949.3373527927615,0.043422325675777154,2949.3802522327546
4,0.30568529129959643,1782751879.7606962,0.012543499935418367,-106.2998578720543,-54.72978268178623,2742.390793119486,False,False,-81.54840297093253,-29.563664150136013,2748.999981307984,False,False,-306.4915655469634,-219.4656814500107,2797.999962615967,False,False,-303.3531100039735,-183.0680074578965,2804.9248277361075,False,False,-370.1054574074641,-257.00395818687537,2832.5288360067116,False,False,-319.114900510438,-216.82587645566522,2838.999946975709,False,False,-352.7212244398936,-251.18903628083257,2866.999936294556,False,False,-290.50800195616955,-198.50035608399304,2872.958946500561,False,False,-294.9119937647095,-211.37093407097228,2885.999929046631,False,False,-256.88346578231494,-167.81639208973928,2891.781438954193,False,False,-340.24624812788454,-242.18073784271178,2917.9999168396,False,False,-299.5833924259559,-186.60432191215574,2924.9754193583835,False,False,-413.24186967020205,-278.0949536937984,2948.999905014038,False,False,-346.48053916923925,-226.15333924259556,2954.9695508390073,False,False,-199.84350337744905,-122.4962465996271,2994.999887466431,False,False,-131.20685423480148,-75.08184888590031,3000.9864204533424,False,False,0.34706856861354735,2796.7279682101744,0.023463889223381076,2796.404650181372,0.004677099353380821,2833.8397526612002,0.008857812683031586,2833.8439333745296,0.02298671096987346,2916.239950140914,0.028552319986227703,2916.2457693456327,0.004367374124661956,2949.3411972812037,0.05387361119742607,2949.3907035182765
5,0.39511104160919785,1782751879.8495219,0.01140508335083723,-123.3909481309411,-62.7377128098542,2742.390793119486,False,False,-86.99684720481706,-41.69197970474066,2748.999981307984,False,False,-316.37251581746494,-229.2851972980408,2797.999962615967,False,False,-308.22553871076195,-183.82165999327566,2804.9248277361075,False,False,-373.8102469664089,-258.34813552587343,2832.5288360067116,False,False,-327.40318488859003,-219.1672509704435,2838.999946975709,False,False,-355.1033163187334,-257.33670415991685,2866.999936294556,False,False,-298.5237338386771,-204.36895803404954,2872.958946500561,False,False,-297.2321163309594,-209.73524773053765,2885.999929046631,False,False,-263.6769019164349,-177.02025858116576,2891.781438954193,False,False,-340.68247547146746,-249.12749793685242,2917.9999168396,False,False,-306.442988354678,-191.49540147324024,2924.9754193583835,False,False,-419.3398921050219,-283.0052281688419,2948.999905014038,False,False,-351.07552801295964,-225.81512669254516,2954.9695508390073,False,False,-203.64574227465846,-130.21897637313936,2994.999887466431,False,False,-133.9442002628603,-80.17918666136869,3000.9864204533424,False,False,0.050980993946954926,2796.431880635508,0.026744743530149846,2796.4079310356788,0.006928080350945669,2833.8420036421976,0.01206671670079321,2833.8471422785474,0.012273407587869213,2916.2292368375324,0.03314303191278736,2916.250360057559,0.00691447915222878,2949.3437443862313,0.04951013344971458,2949.3863400405285
6,0.4817764996550977,1782751879.9361,0.011258667334914207,-123.01335849863986,-70.92930739370969,2742.390793119486,False,False,-95.85288535012378,-40.467973836231934,2748.999981307984,False,False,-311.3335742885962,-229.96442216584654,2797.999962615967,False,False,-312.93235321086894,-189.87286426017053,2804.9248277361075,False,False,-381.96967784332304,-264.126056790048,2832.5288360067116,False,False,-329.785976709356,-227.73306079408258,2838.999946975709,False,False,-363.7913179692515,-263.3989989913501,2866.999936294556,False,False,-311.3220542837057,-207.36282055200664,2872.958946500561,False,False,-306.085143809029,-219.9197557844546,2885.999929046631,False,False,-270.9022465384968,-175.5964085949201,2891.781438954193,False,False,-343.90845737689887,-251.58311122657946,2917.9999168396,False,False,-306.9131216187303,-193.19251153834398,2924.9754193583835,False,False,-425.2721108292325,-285.51352813522027,2948.999905014038,False,False,-352.03109698321975,-238.41999724913654,2954.9695508390073,False,False,-204.38976525965094,-130.21437020509217,2994.999887466431,False,False,-144.63573065990158,-80.66315371213743,3000.9864204533424,False,False,0.2697431242532605,2796.650642765814,0.02650503014386286,2796.407691322292,0.00028949500142965936,2833.8353650568483,0.01795208954673727,2833.8530276513934,0.025606633968077528,2916.2425700639124,0.03156261465701415,2916.2487796403034,-0.0012302737618781218,2949.335599633317,0.1036905040313915,2949.4405204111104
7,0.5687105832621455,1782751880.0228438,0.010876583866775036,-121.05457865941253,-59.64936882966042,2742.390793119486,False,False,-92.91953724363482,-39.51732127028762,2748.999981307984,False,False,-310.0572149035669,-226.72620503102362,2797.999962615967,False,False,-309.6249885380689,-187.98321514808816,2804.9248277361075,False,False,-376.28582235535043,-263.74669437906897,2832.5288360067116,False,False,-331.28750343857934,-223.6536128006847,2838.999946975709,False,False,-353.8198948558853,-256.92096922089434,2866.999936294556,False,False,-301.60171317663605,-207.84879573310513,2872.958946500561,False,False,-302.7746003606687,-212.2188357734511,2885.999929046631,False,False,-260.288293547697,-173.49989455023382,2891.781438954193,False,False,-343.6440077024177,-243.51881590610387,2917.9999168396,False,False,-308.342991411193,-191.28811474157166,2924.9754193583835,False,False,-421.7416205642327,-284.6183513158297,2948.999905014038,False,False,-353.6087355197604,-234.36535593116727,2954.9695508390073,False,False,-203.12583824922825,-127.0944233884525,2994.999887466431,False,False,-138.00753889415287,-77.13230125011464,3000.9864204533424,False,False,0.13690234796266287,2796.517801989524,0.025178044893008896,2796.4063643370414,0.008054892300263844,2833.843130454147,0.011038532874473959,2833.846114094721,0.012470257988865772,2916.229433687933,0.028587837455958078,2916.2458048631024,0.002559917327191636,2949.339389824406,0.08863701469152943,2949.4254669217703
8,0.6617172081023455,1782751880.116294,0.011698083952069283,-113.9467004920989,-54.69787877861662,2742.390793119486,False,False,-82.37776385365407,-35.61210685576306,2748.999981307984,False,False,-312.6782972155149,-223.91775682366966,2797.999962615967,False,False,-309.6961212825137,-185.8292753003026,2804.9248277361075,False,False,-374.05938655744717,-257.2901870587157,2832.5288360067116,False,False,-325.64094965919855,-218.36444356145125,2838.999946975709,False,False,-353.16892135587005,-256.0804841519699,2866.999936294556,False,False,-297.9826802579699,-205.712230644619,2872.958946500561,False,False,-304.4815325366018,-212.11056790047988,2885.999929046631,False,False,-262.4528058807348,-170.60166732891156,2891.781438954193,False,False,-341.11619647278167,-243.29455023382337,2917.9999168396,False,False,-309.70196839563533,-195.0643870159244,2924.9754193583835,False,False,-414.89002047865023,-281.86008955588835,2948.999905014038,False,False,-354.8177369563224,-232.1658938778005,2954.9695508390073,False,False,-205.01898248616925,-123.7919919308005,2994.999887466431,False,False,-131.4023672708378,-71.88691200293427,3000.9864204533424,False,False,0.0978072575205325,2796.4787068990813,0.02433289638149788,2796.40551918853,0.005526117715300506,2833.840601679562,0.010366499294704193,2833.8454420611415,0.017457204490935904,2916.234420634435,0.026430671662728174,2916.243647697309,0.005337412584124793,2949.342167319663,0.07970070610769692,2949.4165306131868
9,0.7522344165481627,1782751880.206573,0.011285167187452316,-113.50220221902987,-58.85434942079041,2742.390793119486,False,False,-88.47643885441819,-36.76600238408167,2748.999981307984,False,False,-315.3081517254027,-222.63848305162452,2797.999962615967,False,False,-310.2233319069597,-188.14465109881712,2804.9248277361075,False,False,-375.87960998869096,-254.61332029220284,2832.5288360067116,False,False,-321.6623956964269,-218.36115933612496,2838.999946975709,False,False,-353.44902344346974,-258.98916923923343,2866.999936294556,False,False,-296.5367591771862,-206.64364550539472,2872.958946500561,False,False,-298.80842222697686,-212.76481951279152,2885.999929046631,False,False,-260.9897362227588,-170.42334107650458,2891.781438954193,False,False,-339.21838646575173,-242.63519424152582,2917.9999168396,False,False,-301.24377693553805,-187.70410489959346,2924.9754193583835,False,False,-415.3068481217716,-281.03787480514717,2948.999905014038,False,False,-347.62077207567927,-229.84013815447628,2954.9695508390073,False,False,-202.50053030534585,-125.44614879114836,2994.999887466431,False,False,-134.95349512485865,-72.35100712167986,3000.9864204533424,False,False,0.20325186808066653,2796.5841515096417,0.020951510518196124,2796.4021378026664,-0.0004726101685476933,2833.8346029516783,0.010498102050673858,2833.8455736638975,0.021545867344910485,2916.238509297289,0.02945036755539441,2916.2466673932017,0.003286909419955795,2949.3401168164987,0.11648725129495334,2949.453317158374
10,0.8318210621364415,1782751880.286607,0.012150958180427551,-118.95917260139989,-55.657746737170285,2742.390793119486,False,False,-85.14034752575114,-32.16544304184369,2748.999981307984,False,False,-307.2871259589816,-223.0549271021182,2797.999962615967,False,False,-303.39199193080054,-186.06372986520773,2804.9248277361075,False,False,-373.92448574135767,-255.99085796374976,2832.5288360067116,False,False,-322.00340801418224,-214.9205321392548,2838.999946975709,False,False,-349.5931167283064,-265.58306690711254,2866.999936294556,False,False,-298.7254409022832,-206.0618180150992,2872.958946500561,False,False,-297.06891371458266,-218.7585185071981,2885.999929046631,False,False,-265.17989118806736,-170.9429730721032,2891.781438954193,False,False,-341.4259009077849,-246.30570040040348,2917.9999168396,False,False,-308.59940397958246,-192.7358391661827,2924.9754193583835,False,False,-417.3752544548705,-284.2610095668918,2948.999905014038,False,False,-358.06305590365866,-229.8009245957759,2954.9695508390073,False,False,-204.06871504111015,-123.89098633737812,2994.999887466431,False,False,-131.21600238408166,-75.15717822538741,3000.9864204533424,False,False,0.21671985206117803,2796.597619493622,0.02278253368050675,2796.403968825829,0.005543686731639965,2833.840619248578,0.01991866742650347,2833.854994229273,0.03279054520264432,2916.249753975147,0.030609062308160635,2916.2478260879543,0.008515868579188424,2949.345345775658,0.04581391811618417,2949.382643825195
11,0.9530410205479711,1782751880.407228,0.010977874975651503,-112.91849955680532,-57.87092184491244,2742.390793119486,False,False,-85.87793501849191,-35.13355594950637,2748.999981307984,False,False,-303.50772534156556,-222.73799248097322,2797.999962615967,False,False,-306.9665601980622,-179.7145352569001,2804.9248277361075,False,False,-375.8500198673472,-258.0045557355503,2832.5288360067116,False,False,-317.41359079377696,-218.97455756945928,2838.999946975709,False,False,-351.6440077024177,-258.30468563743625,2866.999936294556,False,False,-296.6608628541736,-200.79241831463762,2872.958946500561,False,False,-300.906255157869,-207.24956444661797,2885.999929046631,False,False,-259.7975731271205,-167.0146147262891,2891.781438954193,False,False,-336.644533422991,-244.27619891799367,2917.9999168396,False,False,-299.74108108934195,-194.18610661124185,2924.9754193583835,False,False,-408.6726411345784,-279.6202249595012,2948.999905014038,False,False,-348.6966668704343,-231.19206070238715,2954.9695508390073,False,False,-204.31395757557232,-124.88597670935602,2994.999887466431,False,False,-134.29209126753673,-77.35712015160314,3000.9864204533424,False,False,0.20970207065373458,2796.5906017122147,0.031114199076291676,2796.412300491225,-0.001064726436898853,2833.8340108354096,0.01733955272745717,2833.8524151145743,0.017580132339816743,2916.234543562284,0.02355799981013539,2916.2407750254565,0.004428180366066472,2949.341258087445,0.04640485071779772,2949.383234757797
12,1.0320952290203422,1782751880.486408,0.011229457799345255,-102.1289482532017,-47.88146682153009,2742.390793119486,False,False,-76.49003728948253,-26.193009750282734,2748.999981307984,False,False,-296.0304642846226,-211.9475028272763,2797.999962615967,False,False,-297.35021701256227,-170.18662621878536,2804.9248277361075,False,False,-365.41232845309776,-247.3167558150197,2832.5288360067116,False,False,-312.8609010606107,-209.17124889201332,2838.999946975709,False,False,-342.69546260353945,-244.08663997310268,2866.999936294556,False,False,-288.0738010820063,-188.1485160619861,2872.958946500561,False,False,-284.1554849160987,-207.18231500443198,2885.999929046631,False,False,-249.43109392670476,-161.56212366659534,2891.781438954193,False,False,-328.1468517895895,-231.29460983586517,2917.9999168396,False,False,-295.6256686126478,-185.35995659748755,2924.9754193583835,False,False,-405.80452211388575,-273.5629856038145,2948.999905014038,False,False,-342.18300883332824,-220.73993183971638,2954.9695508390073,False,False,-189.0215224501024,-115.25798973010974,2994.999887466431,False,False,-122.95282880459702,-65.25432344041323,3000.9864204533424,False,False,0.3348040631338764,2796.715703704695,0.03156708980983273,2796.4127533819583,0.0026883565163146363,2833.837763918363,0.01898392701654715,2833.854059488863,0.029236141096796935,2916.246199571041,0.02507988638728112,2916.2422969120335,0.006326457481426208,2949.3431563645604,0.11333412812377196,2949.4501640352028
13,1.1042928542010486,1782751880.558697,0.011415542103350163,-131.21818626402177,-67.03947030595715,2742.390793119486,False,False,-94.72673992114191,-39.301694837546236,2748.999981307984,False,False,-317.33335574777635,-233.24260476205035,2797.999962615967,False,False,-317.10218387994007,-192.01323470978392,2804.9248277361075,False,False,-384.6383195280741,-269.4464238774949,2832.5288360067116,False,False,-335.3219595317419,-228.20574471987038,2838.999946975709,False,False,-369.6309563835315,-270.32333343521714,2866.999936294556,False,False,-307.0413760430357,-212.30724699697407,2872.958946500561,False,False,-316.2935369991136,-224.10719045144728,2885.999929046631,False,False,-273.97575725158174,-190.161435950729,2891.781438954193,False,False,-354.47111287709754,-253.75073050707584,2917.9999168396,False,False,-315.95776966103256,-202.16266466974352,2924.9754193583835,False,False,-428.25843598129416,-291.0443943515604,2948.999905014038,False,False,-357.6766069627411,-239.33841580829545,2954.9695508390073,False,False,-212.8507412048782,-135.79574227465844,2994.999887466431,False,False,-143.12397988813154,-86.85528165785372,3000.9864204533424,False,False,0.19260807409405434,2796.573507715655,0.02620324978178269,2796.40738954193,0.006181754047028554,2833.841257315894,0.011776022185609367,2833.8468515840323,0.00498797831340432,2916.2219514082576,0.023631576831754698,2916.240848602478,0.0021781577691928123,2949.3390080648483,0.037315555311272945,2949.37414546239
14,1.1793391040991992,1782751880.634157,0.012240457814186811,-121.42031665495001,-62.57391111654491,2742.390793119486,False,False,-96.2253400372895,-38.41317663599963,2748.999981307984,False,False,-320.02102576642113,-227.2018629458691,2797.999962615967,False,False,-315.38256869517375,-196.83851361677415,2804.9248277361075,False,False,-384.9014059968824,-267.030834122933,2832.5288360067116,False,False,-334.96422960540394,-229.41313690130514,2838.999946975709,False,False,-358.84979979827006,-267.17312712045725,2866.999936294556,False,False,-303.3237109148149,-211.24927713421158,2872.958946500561,False,False,-303.6197802365743,-212.80430968609593,2885.999929046631,False,False,-268.48527371091484,-175.71620105755414,2891.781438954193,False,False,-343.5681602836446,-244.60074578965063,2917.9999168396,False,False,-307.4078017544396,-193.41917199009688,2924.9754193583835,False,False,-420.5759253599046,-291.41963658037105,2948.999905014038,False,False,-354.85773909588295,-230.73089983800475,2954.9695508390073,False,False,-208.217808784424,-129.7663584680747,2994.999887466431,False,False,-137.10087569153652,-85.53178317082863,3000.9864204533424,False,False,0.2400925835849033,2796.620992225146,0.017446721958575922,2796.398633014107,0.0027578522717706146,2833.8378334141184,0.01384825555870436,2833.848923817405,0.017165803064478326,2916.234129233009,0.026303456848459847,2916.2435204824947,0.00898141352328449,2949.345811320602,-0.0007592379436785016,2949.336070669135
15,1.2794266457203776,1782751880.736659,0.017016374971717596,-131.9068771586637,-74.96690405599534,2742.390793119486,False,False,-106.34000672433292,-47.104143106030506,2748.999981307984,False,False,-321.2057554176728,-239.83688602255705,2797.999962615967,False,False,-324.15099795213496,-204.48866797077972,2804.9248277361075,False,False,-395.07803435522817,-277.0603249075404,2832.5288360067116,False,False,-342.1110202646942,-232.9396246599627,2838.999946975709,False,False,-369.374947275117,-270.74664394657214,2866.999936294556,False,False,-313.2136427545313,-221.6543555338203,2872.958946500561,False,False,-317.655419201027,-231.36672066509763,2885.999929046631,False,False,-278.56698199712685,-190.49213100223125,2891.781438954193,False,False,-357.06332334871774,-260.5440000611303,2917.9999168396,False,False,-323.057891921631,-203.74467707919433,2924.9754193583835,False,False,-430.5181633401595,-299.4624018094569,2948.999905014038,False,False,-368.22848671944246,-247.33450652565944,2954.9695508390073,False,False,-216.43313262218416,-140.2361814958584,2994.999887466431,False,False,-151.93176941651126,-90.82433597212459,3000.9864204533424,False,False,0.21178639134604782,2796.592686032907,0.022148422956999366,2796.4033347151053,0.006304741603334917,2833.84138030345,0.007286943030157931,2833.8423625048767,0.015165749272156269,2916.2321291792164,0.03063525990910693,2916.2478522855554,0.004847296997925853,2949.341677204077,0.060077909860223294,2949.3969078169393
16,1.3797777285799384,1782751880.8347409,0.012526375241577625,-128.9749625576917,-74.69170156187914,2742.390793119486,False,False,-105.2161429837699,-41.97694470764434,2748.999981307984,False,False,-322.2476877464315,-235.79507748265434,2797.999962615967,False,False,-319.0527401656631,-200.60840847265948,2804.9248277361075,False,False,-388.9480423021671,-272.6237002170126,2832.5288360067116,False,False,-328.46626830088337,-231.90652260292813,2838.999946975709,False,False,-368.5321682917138,-269.7017391570132,2866.999936294556,False,False,-313.6406959684567,-214.38382186630807,2872.958946500561,False,False,-309.64043616468507,-223.26248892013328,2885.999929046631,False,False,-273.2513723752178,-185.88247547146744,2891.781438954193,False,False,-352.97715713543414,-259.4908090595103,2917.9999168396,False,False,-320.1980132652749,-198.111671302381,2924.9754193583835,False,False,-433.02130696579763,-292.6226503041232,2948.999905014038,False,False,-362.0141577773023,-241.18141791729073,2954.9695508390073,False,False,-215.0596203808418,-132.6997371397133,2994.999887466431,False,False,-144.82651373903474,-90.25182779594707,3000.9864204533424,False,False,0.33159986426817645,2796.7124995058293,0.02015540598251581,2796.401341698131,-0.0015222974731480133,2833.8335532643737,0.014419143509481482,2833.849494705356,0.01410220223593349,2916.23106563218,0.036449536787820216,2916.2536665624343,0.0020099045646509847,2949.3388398116435,-0.00740407117524066,2949.3294258359037
17,1.4772231667302549,1782751880.933579,0.015284417197108269,-129.56226885105602,-64.97789986856986,2742.390793119486,False,False,-100.33020753736591,-43.8020555063117,2748.999981307984,False,False,-319.013187333802,-237.48864810343247,2797.999962615967,False,False,-324.4138093345967,-195.234422471498,2804.9248277361075,False,False,-389.2808280099031,-271.133230430663,2832.5288360067116,False,False,-335.2937616529633,-230.9277011950973,2838.999946975709,False,False,-366.51542317449645,-272.97776691016895,2866.999936294556,False,False,-316.7577742458049,-219.99177186172324,2872.958946500561,False,False,-311.9890576764373,-227.80831524895316,2885.999929046631,False,False,-276.95420882110216,-186.38947947550201,2891.781438954193,False,False,-353.43914478711366,-251.07717394626647,2917.9999168396,False,False,-309.7371886175383,-200.7203747287343,2924.9754193583835,False,False,-428.7217165388024,-289.65067243329156,2948.999905014038,False,False,-356.28182290552314,-238.58464712534766,2954.9695508390073,False,False,-212.95227404713145,-131.44490326130145,2994.999887466431,False,False,-144.9232646636305,-81.27652749335208,3000.9864204533424,False,False,0.12612910245796746,2796.507028744019,0.02867598476539485,2796.409862276914,0.0023899247641386047,2833.8374654866107,0.014517998643505612,2833.84959356049,0.01973962948076185,2916.236703059425,0.019284967965770367,2916.236501993612,0.0012490475528824719,2949.338078954632,0.07564214808004747,2949.412472055159
18,1.6189702705014497,1782751881.0747,0.0139782908372581,-122.62226059846562,-66.0085032246233,2742.390793119486,False,False,-98.16898095791178,-40.379794907846076,2748.999981307984,False,False,-325.523386924229,-235.53972552495648,2797.999962615967,False,False,-317.6966790964942,-187.32304612281078,2804.9248277361075,False,False,-385.4237063300425,-266.5661827184644,2832.5288360067116,False,False,-331.27621725708343,-229.31591985817772,2838.999946975709,False,False,-362.0089540605801,-265.0000580737843,2866.999936294556,False,False,-309.30948130941096,-212.76972216278995,2872.958946500561,False,False,-306.0036494788642,-221.91915823577955,2885.999929046631,False,False,-273.1199834948192,-186.57629366995747,2891.781438954193,False,False,-355.7884891646545,-252.55320628419477,2917.9999168396,False,False,-315.4674863220955,-200.19876363969803,2924.9754193583835,False,False,-425.92319894855893,-293.56544304184365,2948.999905014038,False,False,-362.07847754989757,-242.18327933490235,2954.9695508390073,False,False,-211.67121374209128,-131.8576030809671,2994.999887466431,False,False,-141.2740180945686,-81.16380933459669,3000.9864204533424,False,False,0.24387278138341373,2796.6247724229443,0.02827660612121925,2796.40946289827,-0.00018538050284118966,2833.834890181344,0.01309202277352673,2833.84816758462,0.014411269130265084,2916.2313746990744,0.023780030578183703,2916.2409970562244,0.004188330609917941,2949.341018237689,0.06278816528172061,2949.3996180723607
19,1.7439879996236414,1782751881.1998458,0.014290417078882456,-128.62708836384755,-77.00635296634778,2742.390793119486,False,False,-107.06360454809426,-49.794781000703,2748.999981307984,False,False,-328.5097350001529,-239.5949093743314,2797.999962615967,False,False,-319.19005868508725,-197.99135006265857,2804.9248277361075,False,False,-390.56024543815147,-270.3472705321392,2832.5288360067116,False,False,-337.8753079438824,-233.11906195555827,2838.999946975709,False,False,-370.00547421829634,-265.09701225662496,2866.999936294556,False,False,-310.75193783048564,-215.46178133691964,2872.958946500561,False,False,-317.1729666534218,-222.746732585506,2885.999929046631,False,False,-270.51599168627934,-182.92471650823728,2891.781438954193,False,False,-348.45665861784386,-259.81740685270654,2917.9999168396,False,False,-314.0402695846196,-199.5598190543143,2924.9754193583835,False,False,-428.0398661246447,-298.64182687899256,2948.999905014038,False,False,-363.13633279334897,-244.72974447534926,2954.9695508390073,False,False,-218.29648195127916,-141.0825259039643,2994.999887466431,False,False,-148.2329553443164,-94.37134211571966,3000.9864204533424,False,False,0.2040197959125552,2796.5849194374737,0.021709423699461522,2796.402895715848,0.0006948807514988625,2833.835770442598,0.00694855230301978,2833.84202411415,0.009316418397129503,2916.2262798483416,0.03310666979378088,2916.25032369544,0.004789198332133321,2949.341619105411,0.010879785021644528,2949.3477096921006
20,1.8498331245500594,1782751881.3060129,0.014939832966774702,-124.75526179050647,-75.47586728612036,2742.390793119486,False,False,-107.60978237613475,-48.67515817464926,2748.999981307984,False,False,-324.2442491670996,-243.52057798697925,2797.999962615967,False,False,-320.2602973989058,-199.3447122291164,2804.9248277361075,False,False,-391.3102912858758,-268.3136886022557,2832.5288360067116,False,False,-332.7967967723202,-236.6739646055567,2838.999946975709,False,False,-368.9924931992542,-275.65673655897547,2866.999936294556,False,False,-309.4367790445334,-216.84768621817403,2872.958946500561,False,False,-315.6767322798545,-228.17479903414124,2885.999929046631,False,False,-277.0331219243818,-190.26293211480268,2891.781438954193,False,False,-352.2691903291867,-251.89578659412535,2917.9999168396,False,False,-315.71267995231835,-198.48833633890635,2924.9754193583835,False,False,-428.71112112968797,-290.38645963871994,2948.999905014038,False,False,-366.367691108598,-242.42017299874684,2954.9695508390073,False,False,-217.37342360240854,-135.8792691872727,2994.999887466431,False,False,-147.7904621450622,-89.13660787969556,3000.9864204533424,False,False,0.23723481879952976,2796.6181344603606,0.02477554017918472,2796.4059618323276,-0.007716367823191826,2833.8273591940233,0.01320042213756314,2833.8482759839844,0.012310026463550276,2916.229273456408,0.027355285020445645,2916.2445723106666,0.0033115991806025365,2949.3401415062594,0.027039765380855053,2949.3638696724597
21,1.933738062158227,1782751881.3886201,0.012366208247840405,-128.545257817037,-70.68565424702754,2742.390793119486,False,False,-100.72813216370693,-43.59390378090901,2748.999981307984,False,False,-323.7493245101935,-241.01504263838373,2797.999962615967,False,False,-320.35622764923437,-200.5578873368585,2804.9248277361075,False,False,-390.55748846165596,-270.2881804566434,2832.5288360067116,False,False,-338.87290093835014,-232.94218601950055,2838.999946975709,False,False,-361.08619983494816,-266.6912400281199,2866.999936294556,False,False,-315.8607681022099,-216.66214964697255,2872.958946500561,False,False,-309.95953479842285,-224.03318916771096,2885.999929046631,False,False,-276.7831127548369,-188.58754470153133,2891.781438954193,False,False,-354.49574533117345,-262.39789100467647,2917.9999168396,False,False,-318.36007427331356,-205.47647400434025,2924.9754193583835,False,False,-430.77446128923805,-295.52346945013295,2948.999905014038,False,False,-366.91500290368924,-237.11970382370018,2954.9695508390073,False,False,-220.19040559953547,-139.8540804474738,2994.999887466431,False,False,-147.8143182443378,-87.62221322248374,3000.9864204533424,False,False,0.20925059749159913,2796.5901502390525,0.022881602975500962,2796.4040678951237,0.0014445049003329873,2833.836520066747,0.015518014855521298,2833.850593576702,0.014269850891468192,2916.231233280836,0.028248891042864824,2916.245465916689,0.008502071871451179,2949.3453319789505,0.05221626105999804,2949.389046168139
22,2.0158934995997697,1782751881.470359,0.011528417002409697,-131.76181801509918,-73.4480789803466,2742.390793119486,False,False,-107.87377815814406,-48.66255463520494,2748.999981307984,False,False,-328.7862441544151,-246.93772350765659,2797.999962615967,False,False,-321.98986306812975,-205.69257725341566,2804.9248277361075,False,False,-394.2954381514197,-275.60230002750865,2832.5288360067116,False,False,-337.7959944371428,-239.5266726778127,2838.999946975709,False,False,-367.77535684812176,-271.52638383714884,2866.999936294556,False,False,-317.93801693309285,-220.0962465996271,2872.958946500561,False,False,-318.69088088761197,-231.4012608124217,2885.999929046631,False,False,-281.8258367209707,-186.91651740685273,2891.781438954193,False,False,-355.8930571262646,-263.86934773970717,2917.9999168396,False,False,-324.6581165754807,-211.18590029648198,2924.9754193583835,False,False,-437.21197236910467,-300.29018400220076,2948.999905014038,False,False,-372.3592749946511,-245.2008940306263,2954.9695508390073,False,False,-219.8193080050127,-141.6737384234496,2994.999887466431,False,False,-148.24621297796253,-82.3685820827093,3000.9864204533424,False,False,0.17981130754717195,2796.560710949108,0.021070217104052158,2796.4022565092523,-0.0030123236456753083,2833.832063238201,0.0134518891830653,2833.84852745103,0.02214437743745577,2916.239107807382,0.02684962034532006,2916.2440666459916,0.005934545887647022,2949.3427644529665,0.1151806666336767,2949.4520105737124
23,2.094628770602867,1782751881.549154,0.011655958835035563,-126.99910902588867,-68.93663080355779,2742.390793119486,False,False,-98.2567564263227,-43.26827795947061,2748.999981307984,False,False,-315.484460677935,-232.31378335421954,2797.999962615967,False,False,-316.8471513280557,-195.10484916098665,2804.9248277361075,False,False,-382.64976770486294,-269.37138643518654,2832.5288360067116,False,False,-336.4077452089128,-227.42132836140232,2838.999946975709,False,False,-366.9770058379436,-271.48657884280345,2866.999936294556,False,False,-306.38727114344226,-213.66683375615125,2872.958946500561,False,False,-305.32295748387685,-220.0781688418865,2885.999929046631,False,False,-268.7815264235718,-181.112510315738,2891.781438954193,False,False,-346.39538160589296,-249.16963658037108,2917.9999168396,False,False,-311.1479017024788,-201.36337836598707,2924.9754193583835,False,False,-424.7840602744751,-292.56796313842955,2948.999905014038,False,False,-356.95051807928604,-239.6242351071309,2954.9695508390073,False,False,-208.6845370908091,-135.2596601155363,2994.999887466431,False,False,-139.50602744750435,-83.3163187333802,3000.9864204533424,False,False,0.18227244538551157,2796.5631720869465,0.023955448602636056,2796.405141740751,0.008666052995789366,2833.8437416148427,0.012279444570446186,2833.8473550064173,0.01640704166637384,2916.2333704716107,0.022071630775578065,2916.2392886564216,0.0035736231809242445,2949.3404035302597,0.06105642946643541,2949.3978863365455
24,2.163804645650089,1782751881.618339,0.011672791093587875,-161.7553137512608,-120.1095531375126,2742.390793119486,False,False,-133.06232539658282,-90.34498578720543,2748.999981307984,False,False,-325.82369868875514,-243.28511324387932,2797.999962615967,False,False,-312.78427728703736,-200.62908732463242,2804.9248277361075,False,False,-366.5104930158633,-262.7193951156891,2832.5288360067116,False,False,-312.56304826237124,-237.60201271510226,2838.999946975709,False,False,-370.59868417030896,-275.32157746737164,2866.999936294556,False,False,-313.28746676039975,-220.99487116789436,2872.958946500561,False,False,-311.1508634654766,-228.7446312314699,2885.999929046631,False,False,-276.3739584925268,-190.75474829599293,2891.781438954193,False,False,-356.66063820032394,-259.6891875783232,2917.9999168396,False,False,-321.0721169422624,-206.35852462022802,2924.9754193583835,False,False,-431.55015893877805,-300.17123055292353,2948.999905014038,False,False,-366.17271449093744,-244.1685423480148,2954.9695508390073,False,False,-219.72405018797568,-139.3317037014396,2994.999887466431,False,False,-145.91022251428922,-89.85575694593025,3000.9864204533424,False,False,0.05362240941717022,2796.434522050978,0.019792267102242994,2796.4009785592507,-0.011748174632585023,2833.8233273872142,0.010688631238126087,2833.845764193085,0.015028000839857612,2916.231991430784,0.025983701537723412,2916.243200727184,0.00587468743463634,2949.3427045945136,0.02173741245304703,2949.358567319532
25,2.238584604114294,1782751881.6932192,0.011863041669130325,-179.9291071919797,-429.54726136259444,2742.390793119486,False,False,-296.1872451630651,-361.1736742366354,2748.999981307984,False,False,-244.747171195403,-214.7566601461014,2797.999962615967,False,False,-138.1539215086958,-148.4151618424672,2804.9248277361075,False,False,-90.66010483846318,-143.04067610110948,2832.5288360067116,False,False,-80.37692636855456,-112.76544457010118,2838.999946975709,False,False,-50.400249105969365,-328.3164440504937,2866.999936294556,False,False,-239.10064798117182,-322.5253400372894,2872.958946500561,False,False,-201.40139682733746,-393.74020081303297,2885.999929046631,False,False,-277.86210838402053,-345.886936455054,2891.781438954193,False,False,-235.5314240303206,-370.52636396980165,2917.9999168396,False,False,-271.97100437081644,-315.4382889629245,2924.9754193583835,False,False,-214.84140355167042,-312.87349543051016,2948.999905014038,False,False,-227.29216615215333,-278.8332075068007,2954.9695508390073,False,False,-186.38779839227314,-349.645893572149,2994.999887466431,False,False,-259.7005730965553,-315.82020356389637,3000.9864204533424,False,False,0.1706091937068063,2796.5515088352677,-0.018804851600369373,2796.3623814405482,0.011659404846833999,2833.8467349666935,0.0877945004073147,2833.922870062254,0.049503561202629116,2916.266466991147,0.032256337515273445,2916.2494733631615,0.012175702821017079,2949.3490056099,0.13421949586016757,2949.471049402939
26,2.314175625098869,1782751881.76863,0.011512250173836946,-131.22019745086652,-76.68858697313324,2742.390793119486,False,False,-103.94841978176484,-51.35255218999297,2748.999981307984,False,False,-324.6640706666259,-239.37952440627197,2797.999962615967,False,False,-321.9902099825779,-198.90953021365038,2804.9248277361075,False,False,-386.7442079041477,-271.43872757282145,2832.5288360067116,False,False,-341.6224042546688,-234.29214475654857,2838.999946975709,False,False,-374.3627349695877,-276.8143426964575,2866.999936294556,False,False,-317.4670385426537,-222.45127915151141,2872.958946500561,False,False,-318.2286976189749,-230.22154231744966,2885.999929046631,False,False,-282.0672219335514,-186.4770791943027,2891.781438954193,False,False,-359.26034477488764,-261.1267735428065,2917.9999168396,False,False,-321.2635892655195,-206.83590946602686,2924.9754193583835,False,False,-431.6181067946328,-300.43700675489805,2948.999905014038,False,False,-365.4914845493169,-241.27269615184764,2954.9695508390073,False,False,-219.06723721612616,-137.98765015129752,2994.999887466431,False,False,-146.47944493688297,-90.84611058471131,3000.9864204533424,False,False,0.1331628625812098,2796.514062504142,0.02364290997080053,2796.4048292021193,0.004917889921047607,2833.839993451768,0.011161857695740159,2833.8462374195424,0.022110082127957714,2916.2390735120725,0.025263203780020893,2916.2424802294263,0.007411950189272054,2949.344241857268,0.011511039728130558,2949.348340946807
27,2.4265891877003014,1782751881.881933,0.013284374959766865,-135.40514564293792,-85.4176895803405,2742.390793119486,False,False,-107.9148454931687,-57.43027783721002,2748.999981307984,False,False,-334.2456811443592,-246.9134242137115,2797.999962615967,False,False,-324.3716095607788,-206.66554849160985,2804.9248277361075,False,False,-395.26561726319653,-278.0640859492007,2832.5288360067116,False,False,-347.79819818443013,-242.53665219916252,2838.999946975709,False,False,-376.40569428737354,-281.1370327352753,2866.999936294556,False,False,-318.9367316685515,-228.95656233762264,2872.958946500561,False,False,-324.45482929363936,-233.87168291713783,2885.999929046631,False,False,-284.39092979185136,-191.06333863129257,2891.781438954193,False,False,-360.7802319894855,-264.1521533147905,2917.9999168396,False,False,-323.0173090442278,-209.98262218418557,2924.9754193583835,False,False,-433.3377769966684,-299.8084252834918,2948.999905014038,False,False,-371.7928309441575,-252.4445884402604,2954.9695508390073,False,False,-223.60256747256773,-148.25901519087935,2994.999887466431,False,False,-154.4568771586637,-92.6069566280527,3000.9864204533424,False,False,0.12496112881878409,2796.50586077038,0.019441184096275495,2796.4006274762446,0.0018471725016527562,2833.8369227343483,0.008084823411636223,2833.843160385258,0.01715762042898635,2916.2341210503732,0.024562528053862148,2916.2417795537003,0.002595412008428614,2949.3394253190872,0.07410416185750629,2949.4109340689365
28,2.499139437219128,1782751881.953672,0.011667957995086908,-134.23344744322523,-77.95498670415992,2742.390793119486,False,False,-107.61370846960297,-48.924487269615184,2748.999981307984,False,False,-329.5690405599535,-238.85712932114802,2797.999962615967,False,False,-325.5100528777089,-198.57220099642387,2804.9248277361075,False,False,-397.9521013540362,-281.59665464437455,2832.5288360067116,False,False,-338.9297139101996,-241.23413668734906,2838.999946975709,False,False,-371.4907081945165,-275.3984549316869,2866.999936294556,False,False,-316.4790430051655,-219.94793532414343,2872.958946500561,False,False,-314.06432894214015,-228.11015527096006,2885.999929046631,False,False,-277.5123024727206,-194.86585414310602,2891.781438954193,False,False,-353.70548644435615,-263.36537579851455,2917.9999168396,False,False,-323.2269569337042,-209.90976403704494,2924.9754193583835,False,False,-436.40488889568115,-300.7297261362595,2948.999905014038,False,False,-369.4053764098175,-244.81675734327715,2954.9695508390073,False,False,-219.84374637038846,-139.94605251092705,2994.999887466431,False,False,-152.11835590060213,-94.25413852125807,3000.9864204533424,False,False,0.20312652049058225,2796.5840261620515,0.02337039270618339,2796.4045566848545,-0.001213073249658861,2833.833862488597,0.01343601479072817,2833.8485115766375,0.008025395754747363,2916.2249888256993,0.02802481777801777,2916.245241843424,0.0054729252772342625,2949.3423028323564,0.019954168223250447,2949.356784075302
29,2.5701144996564835,1782751882.024516,0.011402832809835672,-136.60294953693796,-86.35099795213497,2742.390793119486,False,False,-113.53647186477977,-54.04156707522084,2748.999981307984,False,False,-327.9924473515298,-241.9384998624568,2797.999962615967,False,False,-325.3542042363298,-206.31390714307545,2804.9248277361075,False,False,-398.7880612525598,-281.1236115780787,2832.5288360067116,False,False,-343.18407708530736,-243.80327047100894,2838.999946975709,False,False,-371.9897790139683,-275.90802335177426,2866.999936294556,False,False,-318.6719977381789,-223.0670247883363,2872.958946500561,False,False,-320.57994467707914,-232.59067151633712,2885.999929046631,False,False,-279.3662820552006,-192.46889843200785,2891.781438954193,False,False,-354.3670125622765,-261.6798957728398,2917.9999168396,False,False,-318.8815753278112,-211.60760155270958,2924.9754193583835,False,False,-436.974349726442,-302.1347770272335,2948.999905014038,False,False,-369.04284469847477,-247.24603722835226,2954.9695508390073,False,False,-219.6533209035058,-140.59867347250665,2994.999887466431,False,False,-153.0513937708225,-97.89528685392915,3000.9864204533424,False,False,0.22069302616040373,2796.6015926677214,0.019931905217160352,2796.4011181973656,-0.0016127208169257616,2833.83346284103,0.012001299850389214,2833.847076861697,0.012415077564308069,2916.2293785075085,0.02174986460275638,2916.2389668902492,0.0043899344900831605,2949.341219841569,0.0005326411251422317,2949.337362548204
30,2.640215208288282,1782751882.094805,0.011777250096201897,-160.3461411498609,-105.13255799737139,2742.390793119486,False,False,-123.02773176024698,-67.52670477121985,2748.999981307984,False,False,-310.23932359323896,-231.1617385457102,2797.999962615967,False,False,-324.435655775285,-203.66852400892503,2804.9248277361075,False,False,-392.5799446770792,-274.3341611394688,2832.5288360067116,False,False,-339.961394687777,-234.86459333068433,2838.999946975709,False,False,-365.9731026683376,-270.2377433750038,2866.999936294556,False,False,-312.8788580860104,-215.0961273955436,2872.958946500561,False,False,-311.98840969526543,-227.512510315738,2885.999929046631,False,False,-275.21165449154876,-189.97370174527003,2891.781438954193,False,False,-357.9367041599168,-262.52785402084544,2917.9999168396,False,False,-319.95286853929144,-206.84605403918448,2924.9754193583835,False,False,-433.228208576581,-293.65431732738335,2948.999905014038,False,False,-365.53690436164686,-247.62808937249753,2954.9695508390073,False,False,-218.63017238744382,-143.75886694990373,2994.999887466431,False,False,-153.32432068954975,-92.06832839196747,3000.9864204533424,False,False,0.12618810345565035,2796.5070877450166,0.022595225545443104,2796.403781517694,0.0024286308453845542,2833.837504192692,0.014985693056183396,2833.850061254903,0.013126479622346025,2916.2300899095667,0.026113501210069823,2916.2433305268564,8.082029554390765e-05,2949.3369107273743,0.0670658975724081,2949.4038958046513
31,2.710902416612953,1782751882.165608,0.01201141718775034,-240.40029801020873,-201.27795335758168,2742.390793119486,False,False,-131.85856588318,-155.4132194272091,2748.999981307984,False,False,-89.55245590977168,-140.80509062566864,2797.999962615967,False,False,-85.16757037625698,-110.31294128434759,2804.9248277361075,False,False,-53.04060580126541,-331.7105847113122,2832.5288360067116,False,False,-242.54684109178714,-326.97742458049333,2838.999946975709,False,False,-204.57468747134516,-392.9367698749885,2866.999936294556,False,False,-274.6362548522175,-347.41529785738305,2872.958946500561,False,False,-244.80728825992605,-374.52721062444596,2885.999929046631,False,False,-276.90480942629216,-314.5777867775163,2891.781438954193,False,False,-223.4139591038298,-317.1581318580554,2917.9999168396,False,False,-226.6176253935263,-284.2445960815478,2924.9754193583835,False,False,-190.75036219702298,-362.2428202463551,2948.999905014038,False,False,-265.10459241372985,-326.0559326955405,2954.9695508390073,False,False,-214.2978161200599,-435.0473637558456,2994.999887466431,False,False,-296.3259987162637,-366.80814561237275,3000.9864204533424,False,False,-0.14711071153680716,2796.2337889300243,0.01225371489079839,2796.3934400070393,0.08590784860340431,2833.92098341045,0.040308098653213505,2833.8753836605,0.038439173151942195,2916.255402603096,0.013219347024912492,2916.230436372671,0.027148658550641806,2949.3639785656296,0.1463016719891101,2949.483131579068
32,2.781808520667255,1782751882.2360399,0.0110683748498559,-151.1741113182749,-81.21510529694044,2742.390793119486,False,False,-135.11861876088886,-75.94175199437602,2748.999981307984,False,False,-111.67181129076627,-44.80788580860103,2797.999962615967,False,False,-331.05583947183425,-242.73876577925847,2804.9248277361075,False,False,-324.136933398539,-205.23781367484793,2832.5288360067116,False,False,-391.618250450836,-274.3296161017209,2838.999946975709,False,False,-346.14204541981235,-237.09728581471404,2866.999936294556,False,False,-372.52030901366254,-276.156614298377,2872.958946500561,False,False,-313.2977366506709,-220.73241586942567,2885.999929046631,False,False,-314.00770394596077,-232.1039276217257,2891.781438954193,False,False,-272.6483922731302,-191.31980316043646,2917.9999168396,False,False,-353.12875110798666,-256.87949078460736,2924.9754193583835,False,False,-321.9156325457713,-206.12908732463248,2948.999905014038,False,False,-433.5337439251765,-296.36471100651045,2954.9695508390073,False,False,-371.8584237552343,-264.98607298957734,2994.999887466431,False,False,-225.31334321606505,-158.1459913806278,3000.9864204533424,False,False,-0.03494092038891929,2796.345958721172,-0.10163148554756155,2796.279554806601,-0.02240798764681123,2833.8126675742,-0.016573802833810568,2833.818501759013,-0.01127732530104503,2916.2056861046435,-0.007177361597506441,2916.210039664049,-0.009370387050915106,2949.3274595200282,0.009932862544686932,2949.3467627696236
33,2.848799333209172,1782751882.30521,0.015421916265040636,-97.32053519576979,-150.92511691169727,2742.390793119486,False,False,-110.17582602316836,-120.8204068221414,2748.999981307984,False,False,-88.59133172356879,-292.2515893877801,2797.999962615967,False,False,-264.9237552342818,-308.3152275575389,2804.9248277361075,False,False,-224.06570743038787,-352.3063224011982,2832.5288360067116,False,False,-288.58328391967484,-315.81075893266495,2838.999946975709,False,False,-249.0657211847052,-334.4928508115047,2866.999936294556,False,False,-286.51525965094595,-298.1556316288168,2872.958946500561,False,False,-227.75577834153495,-292.3890775437846,2885.999929046631,False,False,-248.65088944585378,-266.8697114649877,2891.781438954193,False,False,-206.28917382400587,-321.2411712565333,2917.9999168396,False,False,-260.37735122413426,-289.7055384051105,2924.9754193583835,False,False,-204.8232646636305,-374.74425986490206,2948.999905014038,False,False,-302.36453372864264,-354.3570727756213,2954.9695508390073,False,False,-254.17483724057828,-234.92446587401045,2994.999887466431,False,False,-154.880916648837,-164.22437570681907,3000.9864204533424,False,False,0.11357456030741782,2796.4944742018683,0.05008880863786635,2796.4312751007865,0.04101196590437379,2833.876087527751,0.032313014605490055,2833.867388576452,0.02591748718204125,2916.2428809171265,0.03653794811556745,2916.2537549737617,0.029065286924770135,2949.3658951940038,-0.0644287235942246,2949.272401183485
34,2.918255228549242,1782751882.373014,0.01212412491440773,-70.30408961701866,-150.92511691169727,2742.390793119486,False,False,-110.17582602316836,-120.8204068221414,2748.999981307984,False,False,-88.59133172356879,-292.2515893877801,2797.999962615967,False,False,-264.9237552342818,-308.3152275575389,2804.9248277361075,False,False,-224.06570743038787,-352.3063224011982,2832.5288360067116,False,False,-288.58328391967484,-315.81075893266495,2838.999946975709,False,False,-249.0657211847052,-334.4928508115047,2866.999936294556,False,False,-286.51525965094595,-298.1556316288168,2872.958946500561,False,False,-227.75577834153495,-292.3890775437846,2885.999929046631,False,False,-248.65088944585378,-266.8697114649877,2891.781438954193,False,False,-206.28917382400587,-321.2411712565333,2917.9999168396,False,False,-260.37735122413426,-289.7055384051105,2924.9754193583835,False,False,-204.8232646636305,-374.74425986490206,2948.999905014038,False,False,-302.36453372864264,-354.3570727756213,2954.9695508390073,False,False,-254.17483724057828,-234.92446587401045,2994.999887466431,False,False,-154.880916648837,-164.22437570681907,3000.9864204533424,False,False,0.18969849920431167,2796.5705981407655,0.05008880863786635,2796.4312751007865,0.04101196590437379,2833.876087527751,0.032313014605490055,2833.867388576452,0.02591748718204125,2916.2428809171265,0.03653794811556745,2916.2537549737617,0.029065286924770135,2949.3658951940038,-0.0644287235942246,2949.272401183485
35,2.9867562502622604,1782751882.4419699,0.013032999821007252,-171.10986948681114,-111.82785096433047,2742.390793119486,False,False,-123.35379619158236,-89.76981691475378,2748.999981307984,False,False,-327.59587523305925,-261.04522266711496,2797.999962615967,False,False,-320.9171027294679,-205.80779564140965,2804.9248277361075,False,False,-375.1446327597273,-258.7198383103585,2832.5288360067116,False,False,-318.71752911330503,-240.8856267383929,2838.999946975709,False,False,-367.05319405813486,-277.8466852095241,2866.999936294556,False,False,-311.5578185652719,-226.46833450499744,2872.958946500561,False,False,-314.6799232814745,-231.14462359018248,2885.999929046631,False,False,-282.09054467096615,-197.12706391172784,2891.781438954193,False,False,-348.22225142892074,-252.87914081364434,2917.9999168396,False,False,-329.17630131124486,-211.54639636886023,2924.9754193583835,False,False,-420.14770150074884,-291.19841519699236,2948.999905014038,False,False,-369.6493061711037,-249.63132775009936,2954.9695508390073,False,False,-230.55799584313962,-172.27812146590458,2994.999887466431,False,False,-164.33126814805757,-120.84395726992084,3000.9864204533424,False,False,-0.06634328678915388,2796.314556354772,0.02741328111077368,2796.4085995732594,-0.01873459264965532,2833.816340969197,0.008163657274176988,2833.8432392191207,0.011808347988066136,2916.2287717779323,0.025490505482243235,2916.2427075311284,0.0035971137928842854,2949.3404270208716,0.010011556734030242,2949.346841463813
36,3.0541383330710232,1782751882.508737,0.011801416054368019,-130.0677828040468,-111.82785096433047,2742.390793119486,False,False,-123.35379619158236,-89.76981691475378,2748.999981307984,False,False,-327.59587523305925,-261.04522266711496,2797.999962615967,False,False,-320.9171027294679,-205.80779564140965,2804.9248277361075,False,False,-375.1446327597273,-258.7198383103585,2832.5288360067116,False,False,-318.71752911330503,-240.8856267383929,2838.999946975709,False,False,-367.05319405813486,-277.8466852095241,2866.999936294556,False,False,-311.5578185652719,-226.46833450499744,2872.958946500561,False,False,-314.6799232814745,-231.14462359018248,2885.999929046631,False,False,-282.09054467096615,-197.12706391172784,2891.781438954193,False,False,-348.22225142892074,-252.87914081364434,2917.9999168396,False,False,-329.17630131124486,-211.54639636886023,2924.9754193583835,False,False,-420.14770150074884,-291.19841519699236,2948.999905014038,False,False,-369.6493061711037,-249.63132775009936,2954.9695508390073,False,False,-230.55799584313962,-172.27812146590458,2994.999887466431,False,False,-164.33126814805757,-120.84395726992084,3000.9864204533424,False,False,0.08973195513549342,2796.4706315966964,0.02741328111077368,2796.4085995732594,-0.01873459264965532,2833.816340969197,0.008163657274176988,2833.8432392191207,0.011808347988066136,2916.2287717779323,0.025490505482243235,2916.2427075311284,0.0035971137928842854,2949.3404270208716,0.010011556734030242,2949.346841463813
37,3.1216945624910295,1782751882.578161,0.015521625056862831,-176.42023107253112,-117.18540055628573,2742.390793119486,False,False,-130.90693981722038,-88.2482470886695,2748.999981307984,False,False,-328.635700094752,-258.00603050401935,2797.999962615967,False,False,-320.89771067029375,-225.80539780542222,2804.9248277361075,False,False,-385.4398615398722,-283.6142418314638,2832.5288360067116,False,False,-330.1669483754623,-255.3892594064248,2838.999946975709,False,False,-363.2905553687685,-287.99865054864443,2866.999936294556,False,False,-308.07494269034447,-249.46367026316594,2872.958946500561,False,False,-320.966734419415,-245.0166870434331,2885.999929046631,False,False,-281.29689458079895,-199.29823333435218,2891.781438954193,False,False,-329.18937402573584,-246.12635327199922,2917.9999168396,False,False,-305.0675810740594,-215.18068588195737,2924.9754193583835,False,False,-421.4858223553504,-290.93703273527524,2948.999905014038,False,False,-379.6431136717914,-253.0039230369533,2954.9695508390073,False,False,-240.96526117920348,-175.26399883852432,2994.999887466431,False,False,-165.46484243665373,-120.63746370388483,3000.9864204533424,False,False,-0.009392032576014689,2796.3715076089848,0.01327343612903853,2796.3944597282775,-0.009777975256989029,2833.82529758659,-0.003955242599130579,2833.8311203192475,0.017210817209634625,2916.234174247154,0.01142636738382193,2916.2286433930303,0.004911117251110956,2949.34174102433,-0.0015233791788391068,2949.3353065279002
38,3.190643458161503,1782751882.645376,0.012069916352629662,-135.70068924412385,-117.18540055628573,2742.390793119486,False,False,-130.90693981722038,-88.2482470886695,2748.999981307984,False,False,-328.635700094752,-258.00603050401935,2797.999962615967,False,False,-320.89771067029375,-225.80539780542222,2804.9248277361075,False,False,-385.4398615398722,-283.6142418314638,2832.5288360067116,False,False,-330.1669483754623,-255.3892594064248,2838.999946975709,False,False,-363.2905553687685,-287.99865054864443,2866.999936294556,False,False,-308.07494269034447,-249.46367026316594,2872.958946500561,False,False,-320.966734419415,-245.0166870434331,2885.999929046631,False,False,-281.29689458079895,-199.29823333435218,2891.781438954193,False,False,-329.18937402573584,-246.12635327199922,2917.9999168396,False,False,-305.0675810740594,-215.18068588195737,2924.9754193583835,False,False,-421.4858223553504,-290.93703273527524,2948.999905014038,False,False,-379.6431136717914,-253.0039230369533,2954.9695508390073,False,False,-240.96526117920348,-175.26399883852432,2994.999887466431,False,False,-165.46484243665373,-120.63746370388483,3000.9864204533424,False,False,0.1383771722692863,2796.5192768138304,0.01327343612903853,2796.3944597282775,-0.009777975256989029,2833.82529758659,-0.003955242599130579,2833.8311203192475,0.017210817209634625,2916.234174247154,0.01142636738382193,2916.2286433930303,0.004911117251110956,2949.34174102433,-0.0015233791788391068,2949.3353065279002
39,3.259029729058966,1782751882.714657,0.013856292236596346,-175.64789406119147,-114.7154033071492,2742.390793119486,False,False,-132.28055445181403,-87.4763899501788,2748.999981307984,False,False,-325.6131995598618,-248.044339334291,2797.999962615967,False,False,-318.4113473117951,-221.60389552831862,2804.9248277361075,False,False,-385.314306018278,-281.99693890026595,2832.5288360067116,False,False,-337.61178133691965,-262.9462404865972,2838.999946975709,False,False,-364.766172020662,-290.50799584313967,2866.999936294556,False,False,-309.68903322431765,-223.41910780328266,2872.958946500561,False,False,-297.50118287129015,-219.7109010606107,2885.999929046631,False,False,-265.4122673227985,-197.6060809365162,2891.781438954193,False,False,-350.01812666198003,-258.8229223339548,2917.9999168396,False,False,-329.55772992633797,-210.34576367026315,2924.9754193583835,False,False,-428.28207506800743,-289.68763639698017,2948.999905014038,False,False,-379.71833144848245,-255.2439786655256,2954.9695508390073,False,False,-239.07309808356513,-173.00349818137357,2994.999887466431,False,False,-170.6572362991717,-118.93572607512915,3000.9864204533424,False,False,-0.008069923315111853,2796.372829718246,0.011179762860320795,2796.3923660550086,-0.01216829356306257,2833.8229072682834,0.0194937002571383,2833.8545692621037,-0.0018522955198008902,2916.2151111344247,0.030528237627570468,2916.247745263274,0.0008757206104824748,2949.3377056276895,0.02458211820817192,2949.361412025287
40,3.329569729277864,1782751882.783715,0.010888957884162664,-136.18904697863496,-114.7154033071492,2742.390793119486,False,False,-132.28055445181403,-87.4763899501788,2748.999981307984,False,False,-325.6131995598618,-248.044339334291,2797.999962615967,False,False,-318.4113473117951,-221.60389552831862,2804.9248277361075,False,False,-385.314306018278,-281.99693890026595,2832.5288360067116,False,False,-337.61178133691965,-262.9462404865972,2838.999946975709,False,False,-364.766172020662,-290.50799584313967,2866.999936294556,False,False,-309.68903322431765,-223.41910780328266,2872.958946500561,False,False,-297.50118287129015,-219.7109010606107,2885.999929046631,False,False,-265.4122673227985,-197.6060809365162,2891.781438954193,False,False,-350.01812666198003,-258.8229223339548,2917.9999168396,False,False,-329.55772992633797,-210.34576367026315,2924.9754193583835,False,False,-428.28207506800743,-289.68763639698017,2948.999905014038,False,False,-379.71833144848245,-255.2439786655256,2954.9695508390073,False,False,-239.07309808356513,-173.00349818137357,2994.999887466431,False,False,-170.6572362991717,-118.93572607512915,3000.9864204533424,False,False,0.1382074718226697,2796.5191071133836,0.011179762860320795,2796.3923660550086,-0.01216829356306257,2833.8229072682834,0.0194937002571383,2833.8545692621037,-0.0018522955198008902,2916.2151111344247,0.030528237627570468,2916.247745263274,0.0008757206104824748,2949.3377056276895,0.02458211820817192,2949.361412025287
41,3.3969719791784883,1782751882.853058,0.014747708104550838,-165.83160283644588,-116.74179937035792,2742.390793119486,False,False,-125.57620197450865,-88.33400372894825,2748.999981307984,False,False,-326.213225540239,-252.94365314668212,2797.999962615967,False,False,-315.6172601399884,-215.82577253415656,2804.9248277361075,False,False,-376.01522144450894,-275.2928844331693,2832.5288360067116,False,False,-325.7790170247883,-251.9010193477397,2838.999946975709,False,False,-358.438325641104,-279.84580951798756,2866.999936294556,False,False,-301.19102454381516,-239.6850291897179,2872.958946500561,False,False,-314.4211281596723,-238.12722590702083,2885.999929046631,False,False,-278.1004447229269,-194.2451477824984,2891.781438954193,False,False,-326.94018553045817,-240.4440336827948,2917.9999168396,False,False,-293.3195082067426,-212.80843598129414,2924.9754193583835,False,False,-418.7100391233915,-286.326772014549,2948.999905014038,False,False,-372.209719717578,-250.73800317877553,2954.9695508390073,False,False,-234.60226182107164,-168.23536846287863,2994.999887466431,False,False,-166.15001375431734,-115.0197618974845,3000.9864204533424,False,False,0.000471037899966581,2796.381370679461,0.015554827360483683,2796.396741119509,-0.010717216989771282,2833.824358344857,-0.003618918108494521,2833.831456643738,0.01888156145406275,2916.2358449913986,0.0026472564736396116,2916.21986428212,0.0020949231356723916,2949.3389248302146,0.023224374891002694,2949.36005428197
42,3.469265166670084,1782751882.9242508,0.012570583261549473,-126.99089922670171,-116.74179937035792,2742.390793119486,False,False,-125.57620197450865,-88.33400372894825,2748.999981307984,False,False,-326.213225540239,-252.94365314668212,2797.999962615967,False,False,-315.6172601399884,-215.82577253415656,2804.9248277361075,False,False,-376.01522144450894,-275.2928844331693,2832.5288360067116,False,False,-325.7790170247883,-251.9010193477397,2838.999946975709,False,False,-358.438325641104,-279.84580951798756,2866.999936294556,False,False,-301.19102454381516,-239.6850291897179,2872.958946500561,False,False,-314.4211281596723,-238.12722590702083,2885.999929046631,False,False,-278.1004447229269,-194.2451477824984,2891.781438954193,False,False,-326.94018553045817,-240.4440336827948,2917.9999168396,False,False,-293.3195082067426,-212.80843598129414,2924.9754193583835,False,False,-418.7100391233915,-286.326772014549,2948.999905014038,False,False,-372.209719717578,-250.73800317877553,2954.9695508390073,False,False,-234.60226182107164,-168.23536846287863,2994.999887466431,False,False,-166.15001375431734,-115.0197618974845,3000.9864204533424,False,False,0.14195762417037464,2796.5228572657315,0.015554827360483683,2796.396741119509,-0.010717216989771282,2833.824358344857,-0.003618918108494521,2833.831456643738,0.01888156145406275,2916.2358449913986,0.0026472564736396116,2916.21986428212,0.0020949231356723916,2949.3389248302146,0.023224374891002694,2949.36005428197
43,3.5386352909263223,1782751882.99343,0.012189249973744154,-152.19739584925264,-92.95999633218203,2742.390793119486,False,False,-139.5482149952624,-73.27363603019836,2748.999981307984,False,False,-329.6143656203197,-236.507850658679,2797.999962615967,False,False,-315.90995506923,-185.8856007580157,2804.9248277361075,False,False,-368.9698352538436,-250.400397346945,2832.5288360067116,False,False,-337.9720527554483,-232.01164837851883,2838.999946975709,False,False,-364.53394412690653,-265.5974967142464,2866.999936294556,False,False,-306.6866751230247,-214.48288045969986,2872.958946500561,False,False,-302.14032001711644,-223.00804169086405,2885.999929046631,False,False,-274.35461228107715,-185.65801571048692,2891.781438954193,False,False,-340.6880352721827,-252.12044502857844,2917.9999168396,False,False,-318.7942155454351,-206.11279304337194,2924.9754193583835,False,False,-418.8060992756059,-282.72138643518656,2948.999905014038,False,False,-369.7640507992786,-243.73686462695235,2954.9695508390073,False,False,-230.20828774031847,-168.08551670385427,2994.999887466431,False,False,-161.97675978848918,-114.79473209646362,3000.9864204533424,False,False,0.1136486859921559,2796.4945483275533,0.027543714215732873,2796.4087300063643,-0.0024827305894442597,2833.8325928312574,0.008570480330343635,2833.843646042177,0.020848378767336362,2916.2378118087117,0.02782424479930286,2916.2450412704457,0.0033853827859646754,2949.340215289865,0.019222199320447785,2949.3560521063996
44,3.6447988331783563,1782751883.099883,0.01276691583916545,-127.21242014854663,-92.95999633218203,2742.390793119486,False,False,-139.5482149952624,-73.27363603019836,2748.999981307984,False,False,-329.6143656203197,-236.507850658679,2797.999962615967,False,False,-315.90995506923,-185.8856007580157,2804.9248277361075,False,False,-368.9698352538436,-250.400397346945,2832.5288360067116,False,False,-337.9720527554483,-232.01164837851883,2838.999946975709,False,False,-364.53394412690653,-265.5974967142464,2866.999936294556,False,False,-306.6866751230247,-214.48288045969986,2872.958946500561,False,False,-302.14032001711644,-223.00804169086405,2885.999929046631,False,False,-274.35461228107715,-185.65801571048692,2891.781438954193,False,False,-340.6880352721827,-252.12044502857844,2917.9999168396,False,False,-318.7942155454351,-206.11279304337194,2924.9754193583835,False,False,-418.8060992756059,-282.72138643518656,2948.999905014038,False,False,-369.7640507992786,-243.73686462695235,2954.9695508390073,False,False,-230.20828774031847,-168.08551670385427,2994.999887466431,False,False,-161.97675978848918,-114.79473209646362,3000.9864204533424,False,False,0.22794636092453072,2796.6088460024853,0.027543714215732873,2796.4087300063643,-0.0024827305894442597,2833.8325928312574,0.008570480330343635,2833.843646042177,0.020848378767336362,2916.2378118087117,0.02782424479930286,2916.2450412704457,0.0033853827859646754,2949.340215289865,0.019222199320447785,2949.3560521063996
45,3.714170520659536,1782751883.169129,0.01251787506043911,-160.05802640828927,-119.33488094874227,2742.390793119486,False,False,-128.07672616682459,-82.91928813766543,2748.999981307984,False,False,-316.45010697802365,-236.5341107069719,2797.999962615967,False,False,-301.51060610691695,-195.70999480392456,2804.9248277361075,False,False,-359.9627960998869,-261.26975425619713,2832.5288360067116,False,False,-340.4398905767644,-237.22219182687894,2838.999946975709,False,False,-365.78359568420086,-270.4144068832717,2866.999936294556,False,False,-313.09408717180673,-218.6591328667054,2872.958946500561,False,False,-319.48904392212,-229.53885136167747,2885.999929046631,False,False,-284.7267643732616,-194.1638750496684,2891.781438954193,False,False,-346.2453586820308,-252.64830821896868,2917.9999168396,False,False,-324.3843216065042,-208.8468410917871,2924.9754193583835,False,False,-417.54452730996127,-282.1603890943546,2948.999905014038,False,False,-365.36262035027664,-246.53027783721,2954.9695508390073,False,False,-228.20273405263325,-164.16344560931626,2994.999887466431,False,False,-166.06928049637804,-114.12261668245864,3000.9864204533424,False,False,0.08647412466300006,2796.467373766224,0.018259847017661906,2796.3994461391662,0.008469353891010672,2833.8435449157378,0.011829461168544284,2833.846905023015,0.012646553470142971,2916.2296099834143,0.02602234940672657,2916.243239375053,0.00020910532854297384,2949.3370390124073,0.0302047856813626,2949.36703469276
46,3.787023791577667,1782751883.241995,0.01253508310765028,-188.92858452792126,-435.94833725586085,2742.390793119486,False,False,-297.7537136656784,-362.63605312223,2748.999981307984,False,False,-241.81195097350002,-216.49298682642052,2797.999962615967,False,False,-139.41668398691812,-144.23498945502337,2804.9248277361075,False,False,-88.01264021762384,-141.23628388910964,2832.5288360067116,False,False,-84.57355350429441,-110.8709019775652,2838.999946975709,False,False,-60.957784943607294,-331.9791836048538,2866.999936294556,False,False,-246.78745606259744,-327.364626952349,2872.958946500561,False,False,-204.31805330562094,-391.4074395574167,2885.999929046631,False,False,-273.28441635846804,-341.3638842192132,2891.781438954193,False,False,-242.6762890851851,-368.4429914111929,2917.9999168396,False,False,-277.10203258244945,-311.72496714246415,2924.9754193583835,False,False,-223.6535241617508,-315.2695678087845,2948.999905014038,False,False,-231.1332334871779,-280.73271082311953,2954.9695508390073,False,False,-188.06257144603723,-360.01644557875113,2994.999887466431,False,False,-268.77357337164165,-320.65429287526365,3000.9864204533424,False,False,0.16487654208162736,2796.5457761836424,-0.013542140938463787,2796.36764415121,0.020617880543761333,2833.8556934423905,0.08516794167727913,2833.920243503524,0.04725315348641697,2916.264216583431,0.03278949895159313,2916.2500065245977,0.010795395615731847,2949.3476253026947,0.14656447895214833,2949.4833943860313
47,3.8646871871314943,1782751883.319227,0.011679458431899548,-139.07163095638353,-81.37180212122139,2742.390793119486,False,False,-116.1235855977015,-54.863581624232054,2748.999981307984,False,False,-335.71226426628357,-250.55732035333313,2797.999962615967,False,False,-330.93463795580277,-212.4863297368341,2804.9248277361075,False,False,-400.7232539658282,-280.4858804291347,2832.5288360067116,False,False,-347.3669055842529,-247.66932175933002,2838.999946975709,False,False,-377.84285692453466,-284.5974951859889,2866.999936294556,False,False,-325.37209096188525,-226.25810434942076,2872.958946500561,False,False,-327.92687746431517,-235.73061711037076,2885.999929046631,False,False,-286.31775988018467,-197.6057676437326,2891.781438954193,False,False,-360.68738729101074,-266.88764556652507,2917.9999168396,False,False,-332.56532536601765,-213.59034446923616,2924.9754193583835,False,False,-443.12189992970013,-308.2270195922609,2948.999905014038,False,False,-376.6890958828743,-255.28753094721407,2954.9695508390073,False,False,-227.03817587187086,-144.602908273986,2994.999887466431,False,False,-153.5144848244032,-102.84044533422991,3000.9864204533424,False,False,0.17329304527010722,2796.554192686831,0.019596537115009766,2796.4007828292633,-0.003858085719821014,2833.8312174761268,0.016491341339735285,2833.8515669031863,0.009809262726319046,2916.2267726926707,0.029270839143423554,2916.2464878647897,0.003591654153618376,2949.3404215612327,-0.035888496390399746,2949.3009414106887
48,3.9340265416540205,1782751883.388318,0.011182666756212711,-170.33018461350366,-111.20276003301035,2742.390793119486,False,False,-131.94383500932238,-72.96827795947061,2748.999981307984,False,False,-318.865174068527,-229.4122795488584,2797.999962615967,False,False,-304.3533575816854,-194.04048201240946,2804.9248277361075,False,False,-364.40985573249384,-270.5602867011034,2832.5288360067116,False,False,-338.4366797077972,-226.3311076810221,2838.999946975709,False,False,-362.0075388941529,-268.66446954182845,2866.999936294556,False,False,-311.3652076901916,-218.68165326894277,2872.958946500561,False,False,-310.4759070208149,-228.63521716538804,2885.999929046631,False,False,-279.3535425008405,-189.26590610386037,2891.781438954193,False,False,-361.4574701225662,-263.15436011859276,2917.9999168396,False,False,-324.0505623987529,-206.4064217379344,2924.9754193583835,False,False,-438.24255585781094,-299.32553106947455,2948.999905014038,False,False,-370.08468380352724,-244.9950560870496,2954.9695508390073,False,False,-221.88873521410886,-138.56899776874405,2994.999887466431,False,False,-150.01244612892384,-96.79147690802947,3000.9864204533424,False,False,0.11759601297541215,2796.4984956545363,0.016084369277378687,2796.397270661426,0.021916091616613047,2833.8569916534634,0.01140991283159906,2833.8464854746785,0.020022261070021214,2916.2369856910145,0.027966588205018558,2916.245183613851,0.004404694140721193,2949.3412346012196,-0.023868974380568717,2949.3129609326984
49,4.003826687112451,1782751883.458472,0.011892042122781277,-421.5057600024452,-286.75484304795674,2742.390793119486,False,False,-335.96806400342325,-230.41307577100588,2748.999981307984,False,False,-201.12004768163342,-124.3890989393893,2797.999962615967,False,False,-147.12237521777672,-87.90305651496165,2804.9248277361075,False,False,-145.44155790567595,-82.61713482287496,2832.5288360067116,False,False,-109.43901335697038,-52.90028272763395,2838.999946975709,False,False,-325.72334718953454,-235.56220772075676,2866.999936294556,False,False,-318.5453495124858,-200.51768499556806,2872.958946500561,False,False,-391.67500229238624,-266.91852553718246,2885.999929046631,False,False,-336.1681159641777,-230.52029984411774,2891.781438954193,False,False,-361.89164195983733,-269.40950728978817,2917.9999168396,False,False,-310.67587951218025,-215.64145551242473,2924.9754193583835,False,False,-311.89224409328483,-223.1887581379711,2948.999905014038,False,False,-272.63552740165665,-180.39284775498976,2954.9695508390073,False,False,-351.3314133325183,-252.98994406577617,2994.999887466431,False,False,-298.82424580493324,-190.85594186508544,3000.9864204533424,False,False,-0.0050201201071600485,2796.375879521454,0.005118199609794401,2796.386304491758,0.04552409291095671,2833.8805996547576,0.03074692689179355,2833.8658224887386,-0.0015426229444043594,2916.215420807,0.013872967027073132,2916.2310899926733,0.010794354667139449,2949.347624261746,0.08213330627289682,2949.4189632133516
50,4.074363374849781,1782751883.529134,0.012141583021730185,-230.6027264113458,-207.35607940825872,2742.390793119486,False,False,-134.45646147262892,-130.66010636672067,2748.999981307984,False,False,-84.70574777638538,-130.72127945716295,2797.999962615967,False,False,-75.07097533392427,-100.58627319130727,2804.9248277361075,False,False,-42.8383103585292,-320.9006189442797,2832.5288360067116,False,False,-234.42463703884832,-322.58650854295934,2838.999946975709,False,False,-198.3312513372253,-383.5490585933918,2866.999936294556,False,False,-269.97599107497626,-335.13618913714583,2872.958946500561,False,False,-227.77046795244064,-360.9613320292203,2885.999929046631,False,False,-263.88655286242624,-312.28971177063914,2891.781438954193,False,False,-211.9568175566219,-310.5749136534523,2917.9999168396,False,False,-220.6474982425039,-272.8624079224868,2924.9754193583835,False,False,-179.72877097533393,-349.08495888987375,2948.999905014038,False,False,-259.980522358407,-313.9128495888987,2954.9695508390073,False,False,-200.65590213039093,-425.0476724638567,2994.999887466431,False,False,-277.0607222544854,-335.9195509979521,3000.9864204533424,False,False,-0.03531979954199027,2796.345579842019,0.008857788370663826,2796.390044080519,0.08757980227271193,2833.9226553641192,0.043085086406082516,2833.8781606482526,0.03630103830061688,2916.253264468245,0.01796608778107194,2916.2351831134274,0.02969340928559343,2949.3665233163647,0.16367572512231446,2949.500505632201
51,4.1449816869571805,1782751883.5993779,0.01139204204082489,-150.79246569061957,-151.3734159611211,2742.390793119486,False,False,-94.48797872665588,-139.67963596906807,2748.999981307984,False,False,-80.74071430754654,-107.09654002506343,2797.999962615967,False,False,-50.0572668643213,-324.1491502888407,2804.9248277361075,False,False,-246.8161827184644,-328.0026545832442,2832.5288360067116,False,False,-209.21180426078186,-397.432988965981,2838.999946975709,False,False,-277.02590243604243,-343.671199987774,2866.999936294556,False,False,-235.19564752269463,-370.10706666259136,2872.958946500561,False,False,-273.37858605617873,-314.3702295442736,2885.999929046631,False,False,-218.8615383439802,-314.77618363541893,2891.781438954193,False,False,-234.54932603845094,-278.28684017483266,2917.9999168396,False,False,-190.36480728673166,-357.33104960723784,2924.9754193583835,False,False,-268.0548552740165,-323.2564049271021,2948.999905014038,False,False,-212.8064064553596,-435.6216095607788,2954.9695508390073,False,False,-288.7202723354831,-374.9158877647706,2994.999887466431,False,False,-241.33993642448883,-213.12345875233058,3000.9864204533424,False,False,-0.135955650334962,2796.244943991226,-0.053993246540498835,2796.327193045608,-0.03337703404681666,2833.8016985278,-0.025479551972653898,2833.809596009874,-0.029569862391435442,2916.187393567553,-0.044154402539924774,2916.1730626231065,-0.032288496967882836,2949.304541410111,0.16812937078562368,2949.5049592778646
52,4.211886374978349,1782751883.668434,0.015689500141888857,-139.31436409206225,-152.86169728275817,2742.390793119486,False,False,-98.12584894703062,-152.53361096677565,2748.999981307984,False,False,-91.370796527799,-139.25394137604303,2797.999962615967,False,False,-82.83530121954945,-337.4099153345355,2804.9248277361075,False,False,-248.44269645749918,-340.88301953113057,2832.5288360067116,False,False,-221.2744490631782,-398.86075129137754,2838.999946975709,False,False,-276.054700920011,-360.7822003851209,2866.999936294556,False,False,-248.69775804627562,-372.1673625332396,2872.958946500561,False,False,-283.3867423663539,-325.26527187700583,2885.999929046631,False,False,-229.4942308280099,-325.8116193416266,2891.781438954193,False,False,-232.7310771158725,-295.7774444478406,2917.9999168396,False,False,-207.70891279762813,-358.1591175841305,2924.9754193583835,False,False,-263.3630054711618,-335.25147476846905,2948.999905014038,False,False,-221.79545190573714,-436.13078063392123,2954.9695508390073,False,False,-289.04739584925267,-368.49284164195984,2994.999887466431,False,False,-234.05772075679312,-210.07861203655594,3000.9864204533424,False,False,-0.11399895448837047,2796.2669006870724,-0.036985228487217706,2796.3442010636613,-0.025696984301709188,2833.809378577545,-0.014474558524642998,2833.820601003322,-0.028307178068655035,2916.1886562518757,-0.029462234237937084,2916.187754791408,-0.026251479362818738,2949.3105784277163,0.15301848916992683,2949.489848396249
53,4.283466479275376,1782751883.739274,0.014213291928172112,-130.43985389858486,-152.86169728275817,2742.390793119486,False,False,-98.12584894703062,-152.53361096677565,2748.999981307984,False,False,-91.370796527799,-139.25394137604303,2797.999962615967,False,False,-82.83530121954945,-337.4099153345355,2804.9248277361075,False,False,-248.44269645749918,-340.88301953113057,2832.5288360067116,False,False,-221.2744490631782,-398.86075129137754,2838.999946975709,False,False,-276.054700920011,-360.7822003851209,2866.999936294556,False,False,-248.69775804627562,-372.1673625332396,2872.958946500561,False,False,-283.3867423663539,-325.26527187700583,2885.999929046631,False,False,-229.4942308280099,-325.8116193416266,2891.781438954193,False,False,-232.7310771158725,-295.7774444478406,2917.9999168396,False,False,-207.70891279762813,-358.1591175841305,2924.9754193583835,False,False,-263.3630054711618,-335.25147476846905,2948.999905014038,False,False,-221.79545190573714,-436.13078063392123,2954.9695508390073,False,False,-289.04739584925267,-368.49284164195984,2994.999887466431,False,False,-234.05772075679312,-210.07861203655594,3000.9864204533424,False,False,-0.0893101376553923,2796.2915895039055,-0.036985228487217706,2796.3442010636613,-0.025696984301709188,2833.809378577545,-0.014474558524642998,2833.820601003322,-0.028307178068655035,2916.1886562518757,-0.029462234237937084,2916.187754791408,-0.026251479362818738,2949.3105784277163,0.15301848916992683,2949.489848396249
54,4.351749166147783,1782751883.808324,0.01574675040319562,-167.66332640523274,-123.15939267047713,2742.390793119486,False,False,-121.33950851239418,-104.92157899562918,2748.999981307984,False,False,-311.34326038450956,-251.25826940122874,2797.999962615967,False,False,-302.7963428798484,-241.8677094476878,2804.9248277361075,False,False,-380.19812482807106,-296.0185484610447,2832.5288360067116,False,False,-325.53716875019103,-270.4148531344561,2838.999946975709,False,False,-355.8377066968243,-290.2012623406792,2866.999936294556,False,False,-301.4886175382829,-255.32719839838623,2872.958946500561,False,False,-313.75814714063023,-251.21530549867043,2885.999929046631,False,False,-275.7976296726472,-238.29639789711769,2891.781438954193,False,False,-351.47006907723824,-281.4278005318336,2917.9999168396,False,False,-311.7085582418926,-237.32773023198948,2924.9754193583835,False,False,-395.2601155362656,-291.50154354005565,2948.999905014038,False,False,-329.0946801357092,-271.95590060213345,2954.9695508390073,False,False,-226.476098053,-178.24701531313994,2994.999887466431,False,False,-161.1670599382584,-98.49934590579821,3000.9864204533424,False,False,-0.08712482063769787,2796.2937748209233,0.0011503839578701032,2796.382336676106,-0.011889102483248837,2833.8231864593636,-0.0067780479196634606,2833.828297513927,-0.015536689912473471,2916.201426740032,0.0091882080098042,2916.226405233656,-0.013820760533426141,2949.3230091465457,0.169683376267922,2949.506513283347
55,4.420578458113596,1782751883.875346,0.012137665878981352,-131.3114497050463,-123.15939267047713,2742.390793119486,False,False,-121.33950851239418,-104.92157899562918,2748.999981307984,False,False,-311.34326038450956,-251.25826940122874,2797.999962615967,False,False,-302.7963428798484,-241.8677094476878,2804.9248277361075,False,False,-380.19812482807106,-296.0185484610447,2832.5288360067116,False,False,-325.53716875019103,-270.4148531344561,2838.999946975709,False,False,-355.8377066968243,-290.2012623406792,2866.999936294556,False,False,-301.4886175382829,-255.32719839838623,2872.958946500561,False,False,-313.75814714063023,-251.21530549867043,2885.999929046631,False,False,-275.7976296726472,-238.29639789711769,2891.781438954193,False,False,-351.47006907723824,-281.4278005318336,2917.9999168396,False,False,-311.7085582418926,-237.32773023198948,2924.9754193583835,False,False,-395.2601155362656,-291.50154354005565,2948.999905014038,False,False,-329.0946801357092,-271.95590060213345,2954.9695508390073,False,False,-226.476098053,-178.24701531313994,2994.999887466431,False,False,-161.1670599382584,-98.49934590579821,3000.9864204533424,False,False,0.038395448128492986,2796.4192950896895,0.0011503839578701032,2796.382336676106,-0.011889102483248837,2833.8231864593636,-0.0067780479196634606,2833.828297513927,-0.015536689912473471,2916.201426740032,0.0091882080098042,2916.226405233656,-0.013820760533426141,2949.3230091465457,0.169683376267922,2949.506513283347
56,4.488692041486502,1782751883.944679,0.014571582898497581,-159.767370174527,-110.07099825778646,2742.390793119486,False,False,-139.6723584069444,-74.357768132775,2748.999981307984,False,False,-328.4476296726473,-241.26283430632392,2797.999962615967,False,False,-323.97916832227895,-208.82606748785037,2804.9248277361075,False,False,-375.7264037044962,-282.10846654644376,2832.5288360067116,False,False,-329.52016077268695,-254.49622367576484,2838.999946975709,False,False,-364.71644405049364,-281.30566983525387,2866.999936294556,False,False,-313.02619433322127,-240.58631598251677,2872.958946500561,False,False,-307.4641333251826,-235.1764526087355,2885.999929046631,False,False,-268.0271922853562,-194.5347327077666,2891.781438954193,False,False,-351.27106397285814,-265.0252070788886,2917.9999168396,False,False,-311.52283827979335,-227.18650701470182,2924.9754193583835,False,False,-423.00318794510497,-307.7888559464498,2948.999905014038,False,False,-352.03874896842615,-269.0043112143534,2954.9695508390073,False,False,-224.04490020478653,-175.47698444233885,2994.999887466431,False,False,-151.21411040132043,-97.63899196136565,3000.9864204533424,False,False,0.1815388655294762,2796.5624385070905,0.01711831152607764,2796.3983046036747,-0.0054709881218560534,2833.8296045737247,0.0006846839625490326,2833.835760245809,0.011943911860530766,2916.228907341805,0.006520886836410328,2916.2237379124826,-0.006221893697437694,2949.3306080133816,0.12619145301024512,2949.463021360089
57,4.555659187724814,1782751884.010551,0.012380375061184168,-136.28432924779167,-110.07099825778646,2742.390793119486,False,False,-139.6723584069444,-74.357768132775,2748.999981307984,False,False,-328.4476296726473,-241.26283430632392,2797.999962615967,False,False,-323.97916832227895,-208.82606748785037,2804.9248277361075,False,False,-375.7264037044962,-282.10846654644376,2832.5288360067116,False,False,-329.52016077268695,-254.49622367576484,2838.999946975709,False,False,-364.71644405049364,-281.30566983525387,2866.999936294556,False,False,-313.02619433322127,-240.58631598251677,2872.958946500561,False,False,-307.4641333251826,-235.1764526087355,2885.999929046631,False,False,-268.0271922853562,-194.5347327077666,2891.781438954193,False,False,-351.27106397285814,-265.0252070788886,2917.9999168396,False,False,-311.52283827979335,-227.18650701470182,2924.9754193583835,False,False,-423.00318794510497,-307.7888559464498,2948.999905014038,False,False,-352.03874896842615,-269.0043112143534,2954.9695508390073,False,False,-224.04490020478653,-175.47698444233885,2994.999887466431,False,False,-151.21411040132043,-97.63899196136565,3000.9864204533424,False,False,0.27226574888603783,2796.653165390447,0.01711831152607764,2796.3983046036747,-0.0054709881218560534,2833.8296045737247,0.0006846839625490326,2833.835760245809,0.011943911860530766,2916.228907341805,0.006520886836410328,2916.2237379124826,-0.006221893697437694,2949.3306080133816,0.12619145301024512,2949.463021360089
58,4.623463791562244,1782751884.079511,0.014691332820802927,-163.13695479414375,-124.49730873857627,2742.390793119486,False,False,-133.41528104655072,-86.30292661307575,2748.999981307984,False,False,-322.24097105480325,-257.10344010758934,2797.999962615967,False,False,-321.5693553809946,-232.59030167802672,2804.9248277361075,False,False,-370.7008695785066,-289.14441116239266,2832.5288360067116,False,False,-320.8784576825503,-263.7998884372039,2838.999946975709,False,False,-339.6100971971758,-291.23512852645416,2866.999936294556,False,False,-305.0153544029098,-248.50584711312163,2872.958946500561,False,False,-303.6091236971605,-262.3183299202249,2885.999929046631,False,False,-279.9185545740746,-224.08727114344225,2891.781438954193,False,False,-335.8580004279121,-263.2626325763365,2917.9999168396,False,False,-294.184940550784,-216.3699865513342,2924.9754193583835,False,False,-387.32012867927983,-303.21557905675945,2948.999905014038,False,False,-350.51596876241706,-270.4271326833145,2954.9695508390073,False,False,-217.5224287067885,-173.02056270440443,2994.999887466431,False,False,-144.83619372191828,-94.60448390744872,3000.9864204533424,False,False,0.10016145176331451,2796.481061093324,0.01163714670273572,2796.3928234388513,-0.009698386814459425,2833.8253771750324,0.00915455392626165,2833.844230115773,0.015562751714820218,2916.232526181659,0.011944590903065844,2916.2291616165494,0.0017798223774565989,2949.3386097294565,0.12704075158581746,2949.4638706586647
59,4.692173457937315,1782751884.146305,0.010861834045499563,-131.0491472323257,-124.49730873857627,2742.390793119486,False,False,-133.41528104655072,-86.30292661307575,2748.999981307984,False,False,-322.24097105480325,-257.10344010758934,2797.999962615967,False,False,-321.5693553809946,-232.59030167802672,2804.9248277361075,False,False,-370.7008695785066,-289.14441116239266,2832.5288360067116,False,False,-320.8784576825503,-263.7998884372039,2838.999946975709,False,False,-339.6100971971758,-291.23512852645416,2866.999936294556,False,False,-305.0153544029098,-248.50584711312163,2872.958946500561,False,False,-303.6091236971605,-262.3183299202249,2885.999929046631,False,False,-279.9185545740746,-224.08727114344225,2891.781438954193,False,False,-335.8580004279121,-263.2626325763365,2917.9999168396,False,False,-294.184940550784,-216.3699865513342,2924.9754193583835,False,False,-387.32012867927983,-303.21557905675945,2948.999905014038,False,False,-350.51596876241706,-270.4271326833145,2954.9695508390073,False,False,-217.5224287067885,-173.02056270440443,2994.999887466431,False,False,-144.83619372191828,-94.60448390744872,3000.9864204533424,False,False,0.20976753120539324,2796.590667172766,0.01163714670273572,2796.3928234388513,-0.009698386814459425,2833.8253771750324,0.00915455392626165,2833.844230115773,0.015562751714820218,2916.232526181659,0.011944590903065844,2916.2291616165494,0.0017798223774565989,2949.3386097294565,0.12704075158581746,2949.4638706586647
60,4.794804604025558,1782751884.248377,0.0097400420345366,-138.97195189045448,-79.96478589112692,2742.390793119486,False,False,-104.07834764801173,-56.372208637711275,2748.999981307984,False,False,-329.7913470061436,-240.96740073967663,2797.999962615967,False,False,-328.81947305682064,-201.01676345630713,2804.9248277361075,False,False,-398.55438915548496,-276.5272732830027,2832.5288360067116,False,False,-341.68344591496776,-236.4248525231531,2838.999946975709,False,False,-369.09519363022287,-272.260876608491,2866.999936294556,False,False,-317.058368737965,-219.2654247027539,2872.958946500561,False,False,-318.4759498120243,-228.83930066937677,2885.999929046631,False,False,-278.6019500565455,-192.29887214597915,2891.781438954193,False,False,-358.9475761836354,-266.0284576825503,2917.9999168396,False,False,-325.33385395971516,-215.7283598740716,2924.9754193583835,False,False,-439.12832930892193,-297.9490112174099,2948.999905014038,False,False,-373.7601109514932,-245.35299691291988,2954.9695508390073,False,False,-219.52007366201056,-143.6490203869548,2994.999887466431,False,False,-157.25629947733597,-91.51243084634899,3000.9864204533424,False,False,0.046079537082340055,2796.4269791786433,0.024062942889296828,2796.405249235038,0.0005795229738791726,2833.8356550848207,0.013491928010317084,2833.848567489857,0.00968536574489456,2916.2266487956895,0.02261017782247802,2916.239827203469,0.004692721747970655,2949.341522628827,0.08828493578181314,2949.4251148428607
61,4.868555333232507,1782751884.3220742,0.009634416084736586,-136.26297796252715,-81.43831952807408,2742.390793119486,False,False,-112.96935385273711,-53.87917290705137,2748.999981307984,False,False,-330.1681908487942,-246.00246049454412,2797.999962615967,False,False,-330.45207537365894,-207.8506097747348,2804.9248277361075,False,False,-393.8981355258734,-279.7625255983128,2832.5288360067116,False,False,-337.24373414432864,-238.57373383867716,2838.999946975709,False,False,-364.8636121893817,-274.92176849955683,2866.999936294556,False,False,-307.34530519301893,-217.43232723049178,2872.958946500561,False,False,-318.19661032490757,-229.01967325855057,2885.999929046631,False,False,-278.33526454136995,-188.64082587034264,2891.781438954193,False,False,-358.4317694165113,-258.27240731118377,2917.9999168396,False,False,-320.621753216982,-213.18399455940335,2924.9754193583835,False,False,-435.5018491915518,-297.8096494177339,2948.999905014038,False,False,-371.4509184827459,-246.93792218112907,2954.9695508390073,False,False,-220.59905095210442,-139.09935813185805,2994.999887466431,False,False,-147.93554115597397,-92.12160956077881,3000.9864204533424,False,False,0.18010266869005867,2796.561002310251,0.022311382599110603,2796.4034976747475,0.0008281923727347632,2833.8359037542195,0.012899316069252134,2833.847974877916,0.014604198858253436,2916.2315676288026,0.016540468482883267,2916.2337574941293,0.003968601014781479,2949.340798508094,0.00926373070161594,2949.3460936377805
62,4.938775041606277,1782751884.392333,0.009712916798889637,-154.68064461900542,-94.96914295320478,2742.390793119486,False,False,-118.28840511049302,-53.12577253415655,2748.999981307984,False,False,-329.89137604303573,-252.04183452027996,2797.999962615967,False,False,-328.95557661154754,-211.94859094660268,2804.9248277361075,False,False,-401.2852156371306,-277.59949261851636,2832.5288360067116,False,False,-351.5644481462237,-240.78023657425803,2838.999946975709,False,False,-378.022068038023,-275.10270960051355,2866.999936294556,False,False,-318.46865543906836,-228.84807286731674,2872.958946500561,False,False,-322.85728214689607,-232.40678087844245,2885.999929046631,False,False,-283.86113488400525,-193.60802793654676,2891.781438954193,False,False,-364.0168780756182,-264.47447045878295,2917.9999168396,False,False,-327.86251490051046,-210.1256900082526,2924.9754193583835,False,False,-437.88364306018286,-303.77465690619556,2948.999905014038,False,False,-371.58027783721,-251.21312009047284,2954.9695508390073,False,False,-223.24308310664182,-143.13872145979153,2994.999887466431,False,False,-153.08991961365652,-93.58804444172753,3000.9864204533424,False,False,0.25423173385335673,2796.6351313754144,0.02190230432198269,2796.4030885964703,0.0021481988272290978,2833.837223760674,0.002614231628812872,2833.8376897934754,0.013057425588908031,2916.2300208555334,0.026191157733841938,2916.2434081833803,0.0035696520200232916,2949.340399559099,0.035341603216493954,2949.3721715102956
63,5.021639479091391,1782751884.47523,0.009773457888513803,-131.4019470000306,-97.26930494849772,2742.390793119486,False,False,-143.5566188831494,-83.7586300699942,2748.999981307984,False,False,-118.82554940856437,-55.65180945685728,2797.999962615967,False,False,-337.6322859675398,-244.32027233548305,2804.9248277361075,False,False,-331.0169040559954,-205.44373567258612,2832.5288360067116,False,False,-398.538967509246,-279.7963046734114,2838.999946975709,False,False,-344.8368661552098,-243.5725204022374,2866.999936294556,False,False,-378.34693125897854,-278.77059785432647,2872.958946500561,False,False,-320.75380994589966,-228.60867286120364,2885.999929046631,False,False,-323.77282146896107,-235.49843353608222,2891.781438954193,False,False,-284.89191246141144,-195.98359568420082,2917.9999168396,False,False,-361.20981141302684,-262.03380352721825,2924.9754193583835,False,False,-326.8476036922701,-211.00985114772138,2948.999905014038,False,False,-441.8321255005043,-310.40486444356145,2954.9695508390073,False,False,-373.8923235626738,-252.09400311764526,2994.999887466431,False,False,-225.4905003514992,-144.8733471895345,3000.9864204533424,False,False,0.15437942718793402,2796.535279068749,-0.06784160545790756,2796.3133446866905,-0.027584454237017494,2833.8074911076096,-0.008744392481643062,2833.826331169365,-0.004788567354471083,2916.21217486259,-0.01070301613182891,2916.2065140095146,-0.011898963345084968,2949.3249309437338,0.034024814237502206,2949.3708547213164
64,5.095306041650474,1782751884.548908,0.009796417318284512,-138.56470642173795,-72.75439221199989,2742.390793119486,False,False,-104.0334352171654,-50.974615643243574,2748.999981307984,False,False,-327.3140935904881,-242.34628939083655,2797.999962615967,False,False,-325.0622291163615,-198.48233028700673,2804.9248277361075,False,False,-397.9997921569826,-276.36139621603445,2832.5288360067116,False,False,-344.49553748815595,-238.26175535654247,2838.999946975709,False,False,-370.61437326160717,-269.1606213894917,2866.999936294556,False,False,-317.94689763731395,-218.67679952318366,2872.958946500561,False,False,-318.1559219977382,-233.0239600207843,2885.999929046631,False,False,-284.9287862579087,-191.59607085001682,2891.781438954193,False,False,-361.6154323440413,-262.16488981263564,2917.9999168396,False,False,-325.97641593055596,-207.59729039948652,2924.9754193583835,False,False,-437.78690283338926,-304.62219488339395,2948.999905014038,False,False,-370.2870296787603,-241.91335085735244,2954.9695508390073,False,False,-220.16582816272884,-145.7163492985298,2994.999887466431,False,False,-153.0724852523153,-94.42803282697068,3000.9864204533424,False,False,0.057976795027010614,2796.438876436588,0.025861268354121666,2796.4070475605026,0.0008456008415778163,2833.8359211626885,0.011504990417644306,2833.846580552264,0.020661054471305212,2916.237624484416,0.02718119087491472,2916.2443982165214,0.00886174965726278,2949.345691656736,0.051106203226674765,2949.3879361103054
65,5.1659516035579145,1782751884.619429,0.009549874812364578,-138.59305865452214,-85.85781550875693,2742.390793119486,False,False,-103.23636488675614,-49.889861539872236,2748.999981307984,False,False,-328.23025338509035,-242.00478191765745,2797.999962615967,False,False,-324.9522037472874,-201.96561573493904,2804.9248277361075,False,False,-393.5311076810221,-274.88186264021766,2832.5288360067116,False,False,-345.7980346608797,-242.2843919063484,2838.999946975709,False,False,-368.671670691078,-276.1933887581379,2866.999936294556,False,False,-319.3269508206743,-222.90508451263867,2872.958946500561,False,False,-317.1874606473699,-230.4680410795611,2885.999929046631,False,False,-279.4482700125317,-190.3601843078522,2891.781438954193,False,False,-349.91217257083474,-263.6819298835468,2917.9999168396,False,False,-322.6830913592322,-207.31764831738852,2924.9754193583835,False,False,-435.065818993184,-299.6928278876425,2948.999905014038,False,False,-365.4855946449858,-243.5012760949965,2954.9695508390073,False,False,-217.18755234281872,-141.16904208821103,2994.999887466431,False,False,-145.02916068099154,-93.97085918635572,3000.9864204533424,False,False,0.1935228534581922,2796.574422495019,0.022755548763682416,2796.403941840912,-0.0006491587577766727,2833.834426403089,0.014597500467565028,2833.849673062314,0.01555930724507525,2916.2325227371894,0.03267071209571451,2916.249887737742,0.00466755406527074,2949.341497461144,0.0022502596558901587,2949.3390801667347
66,5.236539458157495,1782751884.690125,0.009765499737113714,-81.95029953846625,-134.22608429868265,2742.390793119486,False,False,-77.5384708255647,-103.24266589234954,2748.999981307984,False,False,-47.17041751994376,-325.94661490968,2797.999962615967,False,False,-239.69753797719835,-322.871991625149,2804.9248277361075,False,False,-203.87102576642113,-391.47751627594215,2832.5288360067116,False,False,-273.056407983617,-336.69162056423266,2838.999946975709,False,False,-231.4144007702417,-364.8910306568451,2866.999936294556,False,False,-267.7706605128832,-307.5914616254546,2872.958946500561,False,False,-215.57776079713912,-312.477051685668,2885.999929046631,False,False,-223.15857658098238,-277.11881437784643,2891.781438954193,False,False,-184.46043341382156,-348.3866628969649,2917.9999168396,False,False,-255.94542439710239,-311.9650380536113,2924.9754193583835,False,False,-199.46809915334535,-426.9312329981356,2948.999905014038,False,False,-289.55656845065255,-358.5330883027172,2954.9695508390073,False,False,-238.55885319558638,-211.0977137268087,2994.999887466431,False,False,-134.83342146284807,-141.947686218174,3000.9864204533424,False,False,0.059745620407977124,2796.440645261969,0.053830618797541134,2796.435016910946,0.042848075395115086,2833.877923637242,0.03529813097448184,2833.870373692821,0.019572787618183735,2916.2365362175624,0.041430056611154,2916.2586470822575,0.03225818230385003,2949.369088089383,-0.08362637792975793,2949.2532035291492
67,5.305115229217336,1782751884.759427,0.011217792052775621,-101.4115383439802,-158.7893373475563,2742.390793119486,False,False,-111.2681113794052,-122.39703823700218,2748.999981307984,False,False,-96.66017513830731,-329.36184552373385,2797.999962615967,False,False,-264.1193416266773,-319.4306889384724,2804.9248277361075,False,False,-203.5515465965706,-371.39983494819205,2832.5288360067116,False,False,-258.0188159061039,-319.298048415197,2838.999946975709,False,False,-239.6078231500443,-367.4090197756518,2866.999936294556,False,False,-275.3919690069383,-316.7997401962283,2872.958946500561,False,False,-220.26999572087902,-317.0433520799585,2885.999929046631,False,False,-230.50953632668035,-280.852469664089,2891.781438954193,False,False,-189.48990891585413,-356.81453220038514,2917.9999168396,False,False,-262.24134547788606,-324.2602714185286,2924.9754193583835,False,False,-208.834222269768,-437.4307164471071,2948.999905014038,False,False,-295.88842803435523,-365.32762631048075,2954.9695508390073,False,False,-243.9749564446618,-216.72529724608003,2994.999887466431,False,False,-141.84135311917353,-147.53894305712623,3000.9864204533424,False,False,0.11499907584997633,2796.495898717411,0.0480387040403631,2796.4292249961886,0.03838800426266902,2833.8734635661094,0.0324304498165031,2833.8675060116634,0.021371734614675293,2916.238335164559,0.03953879390804847,2916.256755819554,0.03151089007186135,2949.3683407971507,-0.07626867660534652,2949.2605612304737
68,5.3732198749203235,1782751884.826838,0.009828499983996153,-83.11100956689182,-158.7893373475563,2742.390793119486,False,False,-111.2681113794052,-122.39703823700218,2748.999981307984,False,False,-96.66017513830731,-329.36184552373385,2797.999962615967,False,False,-264.1193416266773,-319.4306889384724,2804.9248277361075,False,False,-203.5515465965706,-371.39983494819205,2832.5288360067116,False,False,-258.0188159061039,-319.298048415197,2838.999946975709,False,False,-239.6078231500443,-367.4090197756518,2866.999936294556,False,False,-275.3919690069383,-316.7997401962283,2872.958946500561,False,False,-220.26999572087902,-317.0433520799585,2885.999929046631,False,False,-230.50953632668035,-280.852469664089,2891.781438954193,False,False,-189.48990891585413,-356.81453220038514,2917.9999168396,False,False,-262.24134547788606,-324.2602714185286,2924.9754193583835,False,False,-208.834222269768,-437.4307164471071,2948.999905014038,False,False,-295.88842803435523,-365.32762631048075,2954.9695508390073,False,False,-243.9749564446618,-216.72529724608003,2994.999887466431,False,False,-141.84135311917353,-147.53894305712623,3000.9864204533424,False,False,0.16401044835706285,2796.544910089918,0.0480387040403631,2796.4292249961886,0.03838800426266902,2833.8734635661094,0.0324304498165031,2833.8675060116634,0.021371734614675293,2916.238335164559,0.03953879390804847,2916.256755819554,0.03151089007186135,2949.3683407971507,-0.07626867660534652,2949.2605612304737
69,5.441072020679712,1782751884.8959942,0.012438874691724777,-157.6112372772565,-104.76555154812482,2742.390793119486,False,False,-132.0008665219916,-71.38073172968181,2748.999981307984,False,False,-328.6718601950057,-246.7007121679861,2797.999962615967,False,False,-329.65177277867775,-203.15127762325397,2804.9248277361075,False,False,-394.6890836568145,-287.0584848855335,2832.5288360067116,False,False,-331.7301173701745,-244.1294434086255,2838.999946975709,False,False,-365.6560457865941,-289.43589112693707,2866.999936294556,False,False,-317.99523336491734,-234.2419690069383,2872.958946500561,False,False,-293.9641883424519,-233.37515206161933,2885.999929046631,False,False,-260.1350887917596,-185.98036036311396,2891.781438954193,False,False,-339.2346348992878,-270.7374346669927,2917.9999168396,False,False,-317.26349451355554,-217.96415319252986,2924.9754193583835,False,False,-410.79700003056513,-308.1596952654583,2948.999905014038,False,False,-358.097533392426,-258.5690252773787,2954.9695508390073,False,False,-224.12834917626924,-148.8022388972094,2994.999887466431,False,False,-154.90216554085032,-88.20403459974936,3000.9864204533424,False,False,0.14664332753445014,2796.5275429690955,0.02615736882991669,2796.4073436609783,-0.0023790729098915955,2833.8326964889366,0.014070623913369216,2833.84914618576,0.023596692301263694,2916.240560122246,0.02884477464819056,2916.2460618002947,0.0049140658266822275,2949.3417439729055,0.11599801131982432,2949.4528279183987
70,5.528200124623254,1782751884.9828138,0.011814833153039217,-135.65291591527338,-75.76245529846868,2742.390793119486,False,False,-132.0008665219916,-71.38073172968181,2748.999981307984,False,False,-328.6718601950057,-246.7007121679861,2797.999962615967,False,False,-329.65177277867775,-203.15127762325397,2804.9248277361075,False,False,-394.6890836568145,-287.0584848855335,2832.5288360067116,False,False,-331.7301173701745,-244.1294434086255,2838.999946975709,False,False,-365.6560457865941,-289.43589112693707,2866.999936294556,False,False,-317.99523336491734,-234.2419690069383,2872.958946500561,False,False,-293.9641883424519,-233.37515206161933,2885.999929046631,False,False,-260.1350887917596,-185.98036036311396,2891.781438954193,False,False,-339.2346348992878,-270.7374346669927,2917.9999168396,False,False,-317.26349451355554,-217.96415319252986,2924.9754193583835,False,False,-410.79700003056513,-308.1596952654583,2948.999905014038,False,False,-358.097533392426,-258.5690252773787,2954.9695508390073,False,False,-224.12834917626924,-148.8022388972094,2994.999887466431,False,False,-154.90216554085032,-88.20403459974936,3000.9864204533424,False,False,0.024982969293413752,2796.4058826108544,0.02615736882991669,2796.4073436609783,-0.0023790729098915955,2833.8326964889366,0.014070623913369216,2833.84914618576,0.023596692301263694,2916.240560122246,0.02884477464819056,2916.2460618002947,0.0049140658266822275,2949.3417439729055,0.11599801131982432,2949.4528279183987
71,5.602821916574612,1782751885.0570781,0.01110633322969079,-132.79294403521104,-79.84359660115535,2742.390793119486,False,False,-111.50571568297828,-56.41888162117554,2748.999981307984,False,False,-332.7360836873797,-245.02337469816916,2797.999962615967,False,False,-332.7620411406914,-206.53916159794602,2804.9248277361075,False,False,-400.6786410734481,-276.47370480178506,2832.5288360067116,False,False,-345.8764388544182,-239.11428003790078,2838.999946975709,False,False,-372.26339670507684,-280.1941376043036,2866.999936294556,False,False,-320.21397438640463,-223.42946021945778,2872.958946500561,False,False,-319.87720756793107,-233.19988232417398,2885.999929046631,False,False,-286.34250695357156,-192.61455665250483,2891.781438954193,False,False,-361.3498731546291,-265.715533209035,2917.9999168396,False,False,-327.21077115872475,-212.13450652565945,2924.9754193583835,False,False,-438.382509093132,-298.64572393556864,2948.999905014038,False,False,-370.90115841917043,-247.85137390347526,2954.9695508390073,False,False,-222.62251428920746,-137.5212412507259,2994.999887466431,False,False,-151.63043371947305,-92.32047406547056,3000.9864204533424,False,False,0.13320278818342504,2796.5141024297445,0.022800980374963323,2796.4039872725234,-0.0004069966195708233,2833.8346685652273,0.015620360416138498,2833.8506959222627,0.01949480802778331,2916.2364582379723,0.02599435151774406,2916.2432113771642,0.0027069225244835135,2949.3395368296033,0.010957762484231304,2949.3477876695633
72,5.676996666705236,1782751885.131285,0.01117083290591836,-130.82077513219426,-75.57620961579606,2742.390793119486,False,False,-97.89640859492006,-43.21810679463276,2748.999981307984,False,False,-319.4594522725189,-235.90084512638686,2797.999962615967,False,False,-324.44992053061094,-203.35661582663448,2804.9248277361075,False,False,-390.6884494299599,-272.0043815141975,2832.5288360067116,False,False,-339.713784882477,-233.12377051685667,2838.999946975709,False,False,-367.82331509612743,-275.88641379099556,2866.999936294556,False,False,-315.54373720084357,-221.64878503530272,2872.958946500561,False,False,-317.7116896414708,-227.01794174282486,2885.999929046631,False,False,-281.3634807592383,-188.8997356114558,2891.781438954193,False,False,-365.4660558730935,-265.985741357704,2917.9999168396,False,False,-323.5711098205826,-205.09512944340864,2924.9754193583835,False,False,-437.15270960051356,-304.4390576764373,2948.999905014038,False,False,-365.4291851331112,-248.35966775682363,2954.9695508390073,False,False,-220.89137604303573,-146.0692025552465,2994.999887466431,False,False,-151.3155866980469,-88.87493046428463,3000.9864204533424,False,False,0.22717088598743285,2796.6080705275485,0.021729718521943397,2796.40291601067,0.0030846655003122473,2833.838160227347,0.013498407849531564,2833.848573969696,0.015264694729502244,2916.232228124674,0.028999013067818658,2916.246216038714,0.0033587096990082346,2949.340188616778,0.08832433096742988,2949.425154238046
73,5.74621968716383,1782751885.20047,0.011094458401203156,-175.4594110095669,-130.39683650701468,2742.390793119486,False,False,-144.22385762753305,-97.9175443958798,2748.999981307984,False,False,-336.52499312284135,-252.31615368157227,2797.999962615967,False,False,-320.32692636855455,-210.71533912033496,2804.9248277361075,False,False,-374.7856817556622,-282.29636427545313,2832.5288360067116,False,False,-346.42464009536326,-241.68168994712227,2838.999946975709,False,False,-377.78366139927255,-284.51404927102124,2866.999936294556,False,False,-322.2612815967235,-228.8512119081823,2872.958946500561,False,False,-328.55162300944465,-237.91624537702114,2885.999929046631,False,False,-283.99286609407955,-195.98535623681877,2891.781438954193,False,False,-371.32614237246696,-271.0745514564294,2917.9999168396,False,False,-331.1715285631323,-221.4233426047621,2924.9754193583835,False,False,-445.40345539016414,-306.54619616713023,2948.999905014038,False,False,-372.0075083290033,-252.87608735519763,2954.9695508390073,False,False,-229.66498456459948,-146.79204389155484,2994.999887466431,False,False,-165.8301036158572,-102.26895803404958,3000.9864204533424,False,False,0.054148795597866756,2796.435048437159,0.016792492220017958,2796.397978784368,0.015614148100037601,2833.850689709947,0.01200040258570075,2833.8470759644324,0.011551552033961543,2916.228514981978,0.017915423412951246,2916.235132449059,0.0017183365571719262,2949.338548243636,0.026427939709253064,2949.363257846788
74,5.816342958016321,1782751885.2705688,0.011046750005334616,-144.73917535226335,-130.39683650701468,2742.390793119486,False,False,-144.22385762753305,-97.9175443958798,2748.999981307984,False,False,-336.52499312284135,-252.31615368157227,2797.999962615967,False,False,-320.32692636855455,-210.71533912033496,2804.9248277361075,False,False,-374.7856817556622,-282.29636427545313,2832.5288360067116,False,False,-346.42464009536326,-241.68168994712227,2838.999946975709,False,False,-377.78366139927255,-284.51404927102124,2866.999936294556,False,False,-322.2612815967235,-228.8512119081823,2872.958946500561,False,False,-328.55162300944465,-237.91624537702114,2885.999929046631,False,False,-283.99286609407955,-195.98535623681877,2891.781438954193,False,False,-371.32614237246696,-271.0745514564294,2917.9999168396,False,False,-331.1715285631323,-221.4233426047621,2924.9754193583835,False,False,-445.40345539016414,-306.54619616713023,2948.999905014038,False,False,-372.0075083290033,-252.87608735519763,2954.9695508390073,False,False,-229.66498456459948,-146.79204389155484,2994.999887466431,False,False,-165.8301036158572,-102.26895803404958,3000.9864204533424,False,False,0.15433595194891028,2796.5352355935097,0.016792492220017958,2796.397978784368,0.015614148100037601,2833.850689709947,0.01200040258570075,2833.8470759644324,0.011551552033961543,2916.228514981978,0.017915423412951246,2916.235132449059,0.0017183365571719262,2949.338548243636,0.026427939709253064,2949.363257846788
75,5.922039874596521,1782751885.3771331,0.012779333163052797,-141.14900663263748,-84.31068557630589,2742.390793119486,False,False,-112.88461961671302,-54.92588562521014,2748.999981307984,False,False,-335.2756441605282,-246.56167435889603,2797.999962615967,False,False,-335.10898462572976,-206.6531145887459,2804.9248277361075,False,False,-397.76622245315895,-281.8403307149189,2832.5288360067116,False,False,-344.8396812054895,-241.00820215789955,2838.999946975709,False,False,-375.70187822844395,-276.96866002384087,2866.999936294556,False,False,-318.44952471192346,-226.26250573096553,2872.958946500561,False,False,-314.9893816670232,-236.89019011523064,2885.999929046631,False,False,-280.5812436959378,-192.513028395024,2891.781438954193,False,False,-364.3704679524406,-263.32271449093747,2917.9999168396,False,False,-325.3822722132225,-210.07558914325887,2924.9754193583835,False,False,-442.9679279885075,-310.95234129046065,2948.999905014038,False,False,-380.2743298590946,-250.53185958370273,2954.9695508390073,False,False,-230.05691994987313,-145.56593819726749,2994.999887466431,False,False,-158.22431610477733,-107.18684781612008,3000.9864204533424,False,False,0.16205123331989804,2796.5429508748807,0.023579251755350836,2796.404765543904,0.002879479403617558,2833.83795504125,0.0076104828728684164,2833.8426860447194,0.021676149219522458,2916.238639579164,0.023514588269938002,2916.240731613916,0.0088430823908301,2949.3456729894697,-0.04839060558087552,2949.288439301498
76,5.993301353650168,1782751885.4483368,0.012666125316172838,-159.03640003667817,-91.47568542348014,2742.390793119486,False,False,-113.70231225356846,-54.982068954977535,2748.999981307984,False,False,-330.4270257052909,-249.49240761683527,2797.999962615967,False,False,-334.51672677812763,-211.76531619647275,2804.9248277361075,False,False,-405.4707292844698,-286.65742121832693,2832.5288360067116,False,False,-354.18303787022035,-247.4744337806034,2838.999946975709,False,False,-378.79467860745183,-284.4010682519791,2866.999936294556,False,False,-325.8953342299111,-233.40902894519667,2872.958946500561,False,False,-327.53329003270477,-244.30931472934563,2885.999929046631,False,False,-292.6813690130513,-201.07854632148423,2891.781438954193,False,False,-366.781587553871,-267.4572439404591,2917.9999168396,False,False,-326.6758351927133,-216.91255310694746,2924.9754193583835,False,False,-440.277010422716,-308.7561069168934,2948.999905014038,False,False,-374.49095118745606,-263.48835926276865,2954.9695508390073,False,False,-231.2901763609133,-149.99191246141152,2994.999887466431,False,False,-158.31840327658404,-103.41195861478744,3000.9864204533424,False,False,0.14009096340513427,2796.5209906049663,0.022990538819526722,2796.404176830968,0.002467317691598326,2833.8375428795384,0.009609170820964099,2833.8446847326677,0.019492323465364784,2916.2364557534097,0.019174423165302025,2916.2363914488114,-0.00044439117256238754,2949.3363855159064,-0.0051366499089223845,2949.33169325717
77,6.062891312642023,1782751885.517411,0.011629875283688307,-118.06387963444081,-181.37229880490267,2742.390793119486,False,False,-121.27548675000762,-151.8274352782957,2748.999981307984,False,False,-80.99748754470153,-325.48445456490515,2797.999962615967,False,False,-244.37167069107804,-322.5190206926062,2804.9248277361075,False,False,-206.7091023015558,-403.6668612647859,2832.5288360067116,False,False,-286.0078812238286,-351.52796558364156,2838.999946975709,False,False,-243.15538252284742,-382.0990005196075,2866.999936294556,False,False,-281.8627303848152,-326.1393113671792,2872.958946500561,False,False,-230.68782895742274,-329.81122505119663,2885.999929046631,False,False,-236.16695601674974,-291.1328926857597,2891.781438954193,False,False,-215.86531161170032,-359.9730262554634,2917.9999168396,False,False,-279.75933612495027,-321.70165968762416,2924.9754193583835,False,False,-243.3750053489012,-437.0908870006418,2948.999905014038,False,False,-316.7536112724272,-362.4193645505395,2954.9695508390073,False,False,-255.59371122046642,-222.9328514228077,2994.999887466431,False,False,-153.8742060702387,-153.08625790873245,3000.9864204533424,False,False,0.06286371974873398,2796.4437633613097,0.04583008354914773,2796.4270163756973,0.04451781489826288,2833.879593376745,0.03403373209036517,2833.869109293937,0.018955989695224346,2916.2359194196397,0.03843889200567064,2916.255655917652,0.030058689624503532,2949.3668885967036,-0.06559861686443318,2949.2712312902145
78,6.1303075002506375,1782751885.5847218,0.01142125017940998,-88.10187058715653,-181.37229880490267,2742.390793119486,False,False,-121.27548675000762,-151.8274352782957,2748.999981307984,False,False,-80.99748754470153,-325.48445456490515,2797.999962615967,False,False,-244.37167069107804,-322.5190206926062,2804.9248277361075,False,False,-206.7091023015558,-403.6668612647859,2832.5288360067116,False,False,-286.0078812238286,-351.52796558364156,2838.999946975709,False,False,-243.15538252284742,-382.0990005196075,2866.999936294556,False,False,-281.8627303848152,-326.1393113671792,2872.958946500561,False,False,-230.68782895742274,-329.81122505119663,2885.999929046631,False,False,-236.16695601674974,-291.1328926857597,2891.781438954193,False,False,-215.86531161170032,-359.9730262554634,2917.9999168396,False,False,-279.75933612495027,-321.70165968762416,2924.9754193583835,False,False,-243.3750053489012,-437.0908870006418,2948.999905014038,False,False,-316.7536112724272,-362.4193645505395,2954.9695508390073,False,False,-255.59371122046642,-222.9328514228077,2994.999887466431,False,False,-153.8742060702387,-153.08625790873245,3000.9864204533424,False,False,0.1331150473333491,2796.5140146888943,0.04583008354914773,2796.4270163756973,0.04451781489826288,2833.879593376745,0.03403373209036517,2833.869109293937,0.018955989695224346,2916.2359194196397,0.03843889200567064,2916.255655917652,0.030058689624503532,2949.3668885967036,-0.06559861686443318,2949.2712312902145
79,6.2066935622133315,1782751885.660291,0.009785291738808155,-142.4342161567381,-83.78785035302748,2742.390793119486,False,False,-109.87175168872452,-54.54481003759513,2748.999981307984,False,False,-330.9085888070423,-249.80407586270138,2797.999962615967,False,False,-336.1597456979552,-212.5155469633524,2804.9248277361075,False,False,-402.8179203472201,-280.6475028272763,2832.5288360067116,False,False,-347.17985603814526,-250.08231653268945,2838.999946975709,False,False,-377.30141516642726,-282.96962435431124,2866.999936294556,False,False,-322.5507626004829,-228.2215239783599,2872.958946500561,False,False,-323.4606290307791,-235.48298438120855,2885.999929046631,False,False,-289.4150915426231,-195.0443897667879,2891.781438954193,False,False,-365.04863068129714,-266.7920607023872,2917.9999168396,False,False,-328.34023596295503,-217.11538343980197,2924.9754193583835,False,False,-437.19207904147686,-308.1123590182474,2948.999905014038,False,False,-373.96693614940244,-253.02293761652967,2954.9695508390073,False,False,-226.3836491732127,-153.27303236849343,2994.999887466431,False,False,-160.3228825992603,-99.00309472139865,3000.9864204533424,False,False,0.13370195171172855,2796.514601593273,0.02315980515649902,2796.404346097305,-0.006946915522540569,2833.8281286463243,0.011942275482334584,2833.847017837329,0.018700074550581258,2916.235663504495,0.02050370096523429,2916.2377207266113,0.005596741739298704,2949.342426648818,0.066071119436345,2949.4029010265153
80,6.279580749571323,1782751885.733236,0.009892082773149014,-142.5045649050952,-84.69229605403919,2742.390793119486,False,False,-118.97657792584894,-59.987255860867435,2748.999981307984,False,False,-335.8357398294464,-252.46089036280833,2797.999962615967,False,False,-333.4111027905982,-213.68044594553294,2804.9248277361075,False,False,-405.05101781948224,-282.89352324479626,2832.5288360067116,False,False,-354.05948895069844,-252.31860959134391,2838.999946975709,False,False,-385.0325442430541,-286.9587553871076,2866.999936294556,False,False,-328.1774612586729,-229.21458110462453,2872.958946500561,False,False,-333.8979857566402,-247.29836782101046,2885.999929046631,False,False,-290.0873414432864,-204.38120243298596,2891.781438954193,False,False,-373.1414402298499,-274.9354739126448,2917.9999168396,False,False,-334.2050126845371,-221.07576794938413,2924.9754193583835,False,False,-448.6548613870465,-314.83883760736006,2948.999905014038,False,False,-376.34135923220344,-256.08970718586664,2954.9695508390073,False,False,-230.792352599566,-148.8864550539475,2994.999887466431,False,False,-162.9063820032399,-98.01615520982975,3000.9864204533424,False,False,0.12789644180092707,2796.508796083362,0.020722341205742595,2796.401908633354,-0.004221031607397056,2833.8308545302393,0.013438599483722455,2833.8485141613305,0.011732267020025697,2916.228695696964,0.02200302383898567,2916.239220049485,0.004220677137267683,2949.341050584216,0.0519341708562045,2949.3887640779353
81,6.3500748123042285,1782751885.803692,0.009824207983911037,-150.58400984197817,-88.09943760124705,2742.390793119486,False,False,-109.32980713390593,-59.68380199896079,2748.999981307984,False,False,-332.9145719350796,-242.35390622612096,2797.999962615967,False,False,-328.2390821285571,-208.3583855487973,2804.9248277361075,False,False,-397.5490112174099,-279.18046275636516,2832.5288360067116,False,False,-341.94667909649417,-235.9661506250573,2838.999946975709,False,False,-370.39049576672676,-281.1470779716966,2866.999936294556,False,False,-314.84292111134886,-218.27047100895555,2872.958946500561,False,False,-317.8088608368738,-229.20161689641472,2885.999929046631,False,False,-281.04366078796954,-188.46377265641718,2891.781438954193,False,False,-362.3841626677262,-261.888560992756,2917.9999168396,False,False,-324.6097074915182,-207.82919583091356,2924.9754193583835,False,False,-434.0251352507871,-302.12071705841004,2948.999905014038,False,False,-368.00174068527065,-247.33494055078398,2954.9695508390073,False,False,-223.874737903842,-140.97945869120028,2994.999887466431,False,False,-153.07590854907235,-96.3379114833267,3000.9864204533424,False,False,0.05212265165784137,2796.433022293219,0.018165325053524434,2796.399351617202,0.003712881495254357,2833.838788443342,0.018671928538264115,2833.853747490385,0.01775121979250033,2916.234714649737,0.025370119227669304,2916.242587144874,0.004858889900265184,2949.3416887969793,0.0004419311695540519,2949.3372718382484
82,6.419604687253013,1782751885.873303,0.00998570816591382,-118.0263272916221,-157.8221291683223,2742.390793119486,False,False,-108.0884540147324,-119.36466821530091,2748.999981307984,False,False,-64.58837454534338,-311.40077635480026,2797.999962615967,False,False,-238.23073937096925,-299.48681419445546,2804.9248277361075,False,False,-207.60008711067644,-395.44572546382614,2832.5288360067116,False,False,-279.114258642296,-345.3771372680869,2838.999946975709,False,False,-242.8498242503897,-375.23928538680195,2866.999936294556,False,False,-279.17915151144666,-318.41616437937466,2872.958946500561,False,False,-228.02492129473976,-320.24597609805295,2885.999929046631,False,False,-238.3620762906134,-287.61540942017916,2891.781438954193,False,False,-197.69894855885323,-368.8883699605709,2917.9999168396,False,False,-266.65569123085857,-321.67091114711,2924.9754193583835,False,False,-228.74277745514564,-418.93917229574834,2948.999905014038,False,False,-303.79500259803774,-352.94438976678794,2954.9695508390073,False,False,-246.744103982639,-208.66857902619432,2994.999887466431,False,False,-143.01637986367942,-144.63270623834705,3000.9864204533424,False,False,0.06705815772690495,2796.447957799288,0.05296392261999716,2796.4341502147686,0.041805860809126606,2833.876881422656,0.03428988570751615,2833.869365447554,0.019800187003319987,2916.236763616948,0.04172614974654509,2916.2589431753927,0.02982640552525286,2949.3666563126044,-0.0898624168840858,2949.246967490195
83,6.488806854002178,1782751885.942444,0.009865541942417622,-355.565059449216,-253.7929715438457,2742.390793119486,False,False,-235.97876944707642,-152.02074303878717,2748.999981307984,False,False,-158.71478589112695,-99.63112907662682,2797.999962615967,False,False,-152.79265825106214,-90.84517070636059,2804.9248277361075,False,False,-115.5461182259987,-55.067535226334925,2832.5288360067116,False,False,-338.47758810404383,-244.42068649326038,2838.999946975709,False,False,-329.0969755784455,-213.453343827368,2866.999936294556,False,False,-398.7439618546933,-279.15218082342517,2872.958946500561,False,False,-347.0085888070422,-244.32712809854206,2885.999929046631,False,False,-375.066572424122,-280.9651144664854,2891.781438954193,False,False,-314.9805926582511,-220.24347892532933,2917.9999168396,False,False,-320.1656799217532,-233.18076076657394,2924.9754193583835,False,False,-279.19872848977593,-194.4546520157716,2948.999905014038,False,False,-360.15319405813494,-261.5071400189504,2954.9695508390073,False,False,-313.5991762692178,-203.0895925665556,2994.999887466431,False,False,-410.37720603967364,-275.76657089586456,3000.9864204533424,False,False,0.06433151234238918,2796.4452311539035,0.008004945669676501,2796.389191237818,-0.10533130438652592,2833.72974425746,-0.01693138388532858,2833.818144177961,-0.014476658523917139,2916.2024867714204,-0.008132068743071305,2916.209084956903,-0.005551588364905331,2949.331278318714,-0.02599172490857957,2949.3108381821703
84,6.5604322496801615,1782751886.014189,0.010105917230248451,-334.1687364367148,-253.7929715438457,2742.390793119486,False,False,-235.97876944707642,-152.02074303878717,2748.999981307984,False,False,-158.71478589112695,-99.63112907662682,2797.999962615967,False,False,-152.79265825106214,-90.84517070636059,2804.9248277361075,False,False,-115.5461182259987,-55.067535226334925,2832.5288360067116,False,False,-338.47758810404383,-244.42068649326038,2838.999946975709,False,False,-329.0969755784455,-213.453343827368,2866.999936294556,False,False,-398.7439618546933,-279.15218082342517,2872.958946500561,False,False,-347.0085888070422,-244.32712809854206,2885.999929046631,False,False,-375.066572424122,-280.9651144664854,2891.781438954193,False,False,-314.9805926582511,-220.24347892532933,2917.9999168396,False,False,-320.1656799217532,-233.18076076657394,2924.9754193583835,False,False,-279.19872848977593,-194.4546520157716,2948.999905014038,False,False,-360.15319405813494,-261.5071400189504,2954.9695508390073,False,False,-313.5991762692178,-203.0895925665556,2994.999887466431,False,False,-410.37720603967364,-275.76657089586456,3000.9864204533424,False,False,0.10018357257817011,2796.4810832141393,0.008004945669676501,2796.389191237818,-0.10533130438652592,2833.72974425746,-0.01693138388532858,2833.818144177961,-0.014476658523917139,2916.2024867714204,-0.008132068743071305,2916.209084956903,-0.005551588364905331,2949.331278318714,-0.02599172490857957,2949.3108381821703
85,6.631009604083374,1782751886.084436,0.00944304233416915,-156.1606534828988,-82.7784867194425,2742.390793119486,False,False,-108.68708928080203,-52.76602225142892,2748.999981307984,False,False,-331.87315310083443,-242.1943301647462,2797.999962615967,False,False,-326.8979704740655,-204.91368707399823,2804.9248277361075,False,False,-402.16308035577833,-281.7226227954886,2832.5288360067116,False,False,-343.8711847051992,-243.68737048017846,2838.999946975709,False,False,-376.22585964483306,-277.1208652993856,2866.999936294556,False,False,-314.2677400128374,-221.57001100345389,2872.958946500561,False,False,-319.93030687410214,-230.7739646055567,2885.999929046631,False,False,-285.99550692300636,-193.22297123819425,2891.781438954193,False,False,-359.3593819726748,-263.1310434942079,2917.9999168396,False,False,-329.61171103707557,-210.04869639636885,2924.9754193583835,False,False,-436.2231087813675,-299.04427209096195,2948.999905014038,False,False,-371.0178622734359,-248.14644068832712,2954.9695508390073,False,False,-226.4119112388055,-147.45847571598864,2994.999887466431,False,False,-158.36125255983126,-101.43677293150351,3000.9864204533424,False,False,0.07369957493547243,2796.4545992164963,0.020266822354113003,2796.4014531145026,-0.002420982324953995,2833.8326545795217,0.009072357126857692,2833.8441479189737,0.015911057413721147,2916.232874487358,0.02897812965851123,2916.2461951553046,0.003452555893616952,2949.3402824629725,0.01195120695649105,2949.3487811140353
86,6.6990744166541845,1782751886.153554,0.011550083290785551,-114.13153559311675,-169.39531589082128,2742.390793119486,False,False,-107.49306323929457,-142.05081456123727,2748.999981307984,False,False,-78.26534217684996,-341.4668841886481,2797.999962615967,False,False,-257.08905614817985,-335.1610569428737,2804.9248277361075,False,False,-213.5032307363145,-404.8559158847083,2832.5288360067116,False,False,-289.20936821835744,-351.9122642662836,2838.999946975709,False,False,-242.71761928049636,-354.46454289818746,2866.999936294556,False,False,-266.93070269278974,-296.2978161200599,2872.958946500561,False,False,-219.75579515236728,-316.1053458446679,2885.999929046631,False,False,-239.64017636091324,-276.2107069719106,2891.781438954193,False,False,-214.50731118378826,-355.4817388513617,2917.9999168396,False,False,-276.09839532964514,-318.17886725555525,2924.9754193583835,False,False,-232.652625546352,-422.7891891065807,2948.999905014038,False,False,-314.15795916496006,-358.71950973500014,2954.9695508390073,False,False,-250.24622673227987,-215.96610477733287,2994.999887466431,False,False,-151.5139101995904,-150.37724577436808,3000.9864204533424,False,False,0.03528131579240237,2796.4161809573534,0.04844320305577974,2796.429629495204,0.04347420813642498,2833.8785497699832,0.03228170207661464,2833.867357263923,0.02924528886633123,2916.2462087188105,0.03763666416608417,2916.2548536898125,0.030845670906505668,2949.3676755779857,-0.07015203115402506,2949.266677875925
87,6.77051733317785,1782751886.224156,0.009865666273981333,-89.06319650334689,-169.39531589082128,2742.390793119486,False,False,-107.49306323929457,-142.05081456123727,2748.999981307984,False,False,-78.26534217684996,-341.4668841886481,2797.999962615967,False,False,-257.08905614817985,-335.1610569428737,2804.9248277361075,False,False,-213.5032307363145,-404.8559158847083,2832.5288360067116,False,False,-289.20936821835744,-351.9122642662836,2838.999946975709,False,False,-242.71761928049636,-354.46454289818746,2866.999936294556,False,False,-266.93070269278974,-296.2978161200599,2872.958946500561,False,False,-219.75579515236728,-316.1053458446679,2885.999929046631,False,False,-239.64017636091324,-276.2107069719106,2891.781438954193,False,False,-214.50731118378826,-355.4817388513617,2917.9999168396,False,False,-276.09839532964514,-318.17886725555525,2924.9754193583835,False,False,-232.652625546352,-422.7891891065807,2948.999905014038,False,False,-314.15795916496006,-358.71950973500014,2954.9695508390073,False,False,-250.24622673227987,-215.96610477733287,2994.999887466431,False,False,-151.5139101995904,-150.37724577436808,3000.9864204533424,False,False,0.09821435796961499,2796.4791139995305,0.04844320305577974,2796.429629495204,0.04347420813642498,2833.8785497699832,0.03228170207661464,2833.867357263923,0.02924528886633123,2916.2462087188105,0.03763666416608417,2916.2548536898125,0.030845670906505668,2949.3676755779857,-0.07015203115402506,2949.266677875925
88,6.849272499792278,1782751886.3028429,0.009730583056807518,-138.6247088669499,-87.56058471131216,2742.390793119486,False,False,-116.56619647278174,-60.15649662255097,2748.999981307984,False,False,-334.9389216615215,-253.13962771647766,2797.999962615967,False,False,-326.7429333374087,-209.98016627441388,2804.9248277361075,False,False,-400.6246156432435,-287.2516382920195,2832.5288360067116,False,False,-345.5488446373445,-243.6273298285295,2838.999946975709,False,False,-377.5463535776508,-283.8708209799187,2866.999936294556,False,False,-324.0569382889629,-229.4170675795458,2872.958946500561,False,False,-331.4117309044228,-235.2101094232356,2885.999929046631,False,False,-284.1940917565792,-195.88716569367605,2891.781438954193,False,False,-366.79491090258887,-270.2218525537183,2917.9999168396,False,False,-332.24842742305225,-218.54649112082402,2924.9754193583835,False,False,-441.8102179295167,-306.7161842467219,2948.999905014038,False,False,-379.0332319589205,-255.56773237154994,2954.9695508390073,False,False,-225.77684231439312,-146.55095974569798,2994.999887466431,False,False,-159.18282391417307,-91.17692789681206,3000.9864204533424,False,False,0.1507672874096938,2796.5316669289705,0.020978985658057073,2796.4021652778065,0.003494330640652934,2833.838569892487,0.012326149351695187,2833.8474017111985,0.00709110993655948,2916.224054539881,0.02319267059893846,2916.240409696245,0.004041732546854701,2949.3408716396257,0.09525484831822506,2949.432084755397
89,6.91911860415712,1782751886.3727539,0.009861541911959648,-169.88846929730724,-104.72903077910564,2742.390793119486,False,False,-129.08599046367334,-69.14158999908304,2748.999981307984,False,False,-314.47695234893183,-250.72834459149675,2797.999962615967,False,False,-334.6897790139683,-203.8583809640248,2804.9248277361075,False,False,-392.8785875844363,-280.6301525200966,2832.5288360067116,False,False,-346.18764862304,-245.3796848733074,2838.999946975709,False,False,-376.893903780909,-277.87388055139525,2866.999936294556,False,False,-315.2742503897057,-228.2534523336492,2872.958946500561,False,False,-321.1530993061711,-233.95164440504936,2885.999929046631,False,False,-290.59365925971207,-192.3088470825565,2891.781438954193,False,False,-366.66845523733843,-272.23425436317507,2917.9999168396,False,False,-327.09414371733345,-212.9008986153987,2924.9754193583835,False,False,-442.6706498150808,-305.47181281902374,2948.999905014038,False,False,-371.80299691291987,-254.94140049515545,2954.9695508390073,False,False,-222.7309105358071,-145.37248830883027,2994.999887466431,False,False,-154.5320964636122,-96.62752544548705,3000.9864204533424,False,False,0.10410733905426539,2796.4850069806153,0.03490292988537405,2796.416089222034,0.0015999940126066867,2833.836675555859,0.0037185527749721034,2833.8387941146216,0.02346818888582793,2916.2404316188304,0.026980604412101594,2916.2441976300584,0.0008764495179013159,2949.3377063565968,0.031145842412467414,2949.3679757494915
90,7.027409562608227,1782751886.481059,0.009885374922305346,-189.88078216217872,-136.10433413821562,2742.390793119486,False,False,-142.86523825534127,-86.08127884585997,2748.999981307984,False,False,-138.2368875508146,-77.14770302900634,2797.999962615967,False,False,-105.45284561542928,-49.3069795519149,2804.9248277361075,False,False,-330.93890485068925,-237.95689091298104,2832.5288360067116,False,False,-325.6672448574136,-204.37833847846682,2838.999946975709,False,False,-395.68482898798794,-277.10195005654555,2866.999936294556,False,False,-343.88429256961217,-240.81415013601492,2872.958946500561,False,False,-373.64602500229233,-276.555772228505,2885.999929046631,False,False,-316.23574441421886,-217.98372864260173,2891.781438954193,False,False,-317.5495063728337,-228.01323929455634,2917.9999168396,False,False,-279.69256349909836,-189.4823822477611,2924.9754193583835,False,False,-354.0861937219182,-259.82861814958585,2948.999905014038,False,False,-315.1436332793349,-207.88850139071428,2954.9695508390073,False,False,-429.01692850811503,-293.9265351346395,2994.999887466431,False,False,-362.91577161720204,-240.18144695418283,3000.9864204533424,False,False,0.11249965348805001,2796.493399295049,0.031239985959400265,2796.412426278108,0.0299262794916575,2833.865001841338,1.0076858618465196e-05,2833.835085638705,0.016906107079556615,2916.233869537024,0.011876466110527582,2916.229093491757,0.014514052948993987,2949.351343960028,0.02385297094402711,2949.360682878023
91,7.09666245803237,1782751886.550988,0.0112399160861969,-179.9520218846471,-108.78374239691902,2742.390793119486,False,False,-134.80955619402758,-74.25255830302288,2748.999981307984,False,False,-321.35499740196235,-238.0583198337256,2797.999962615967,False,False,-314.22924167863795,-198.0899257266864,2804.9248277361075,False,False,-401.1804153803833,-282.50821896873185,2832.5288360067116,False,False,-344.6924458232723,-240.68923342604756,2838.999946975709,False,False,-379.0970825564691,-283.47806492037773,2866.999936294556,False,False,-326.37096157960684,-233.33126356328512,2872.958946500561,False,False,-327.8595393831953,-231.57786624690524,2885.999929046631,False,False,-284.7942934865666,-191.42711892899717,2891.781438954193,False,False,-359.09413760430357,-270.3292493199254,2917.9999168396,False,False,-325.0087187089281,-213.43970718586667,2924.9754193583835,False,False,-431.83335421951887,-300.5399654613809,2948.999905014038,False,False,-366.82722285050585,-251.89500259803776,2954.9695508390073,False,False,-247.9821988568634,-167.642072928447,2994.999887466431,False,False,-177.9969862762478,-116.01967784332305,3000.9864204533424,False,False,0.06860991743205647,2796.449509558993,0.021291424114100958,2796.4024777162626,0.0017774711258767384,2833.8368530329726,0.009176093382502271,2833.844251655229,0.012210156834568678,2916.229173586779,0.027675246591248703,2916.2448922722374,0.0018395841058466496,2949.3386694911846,0.025504911767212556,2949.362334818846
92,7.165276895510033,1782751886.620194,0.012424541171640158,-368.6116025307944,-255.8215163370725,2742.390793119486,False,False,-258.42915762447655,-171.26849191551793,2748.999981307984,False,False,-186.94281871809764,-122.17617140935906,2797.999962615967,False,False,-167.1141745881346,-109.10010239325122,2804.9248277361075,False,False,-127.92058410000917,-73.8777378732769,2832.5288360067116,False,False,-344.41977718005927,-261.7425894794755,2838.999946975709,False,False,-340.6275178041996,-220.27716630497903,2866.999936294556,False,False,-404.827566708439,-290.7431075587615,2872.958946500561,False,False,-358.15546046397895,-254.04356603600573,2885.999929046631,False,False,-390.3074028792371,-290.55892655194543,2891.781438954193,False,False,-333.7378350704527,-234.0524925879512,2917.9999168396,False,False,-335.062907662683,-241.17131155057004,2924.9754193583835,False,False,-303.222509704435,-213.4038726044564,2948.999905014038,False,False,-365.8423128648715,-274.42746584344525,2954.9695508390073,False,False,-345.8101292905829,-232.1096601155363,2994.999887466431,False,False,-445.4989149371886,-312.39507901091173,3000.9864204533424,False,False,0.02892566463768904,2796.409825306199,0.00014790640538497917,2796.3813341985538,-0.06136474019098211,2833.7737108216556,-0.022995975439560636,2833.812079586407,-0.0112842007827437,2916.2056792291614,-0.005210840858348591,2916.212006184788,-0.008317976705664394,2949.328511930373,-0.029598328505722214,2949.307231578573
93,7.2357761457096785,1782751886.6907961,0.012628291267901659,-343.0673946266467,-255.8215163370725,2742.390793119486,False,False,-258.42915762447655,-171.26849191551793,2748.999981307984,False,False,-186.94281871809764,-122.17617140935906,2797.999962615967,False,False,-167.1141745881346,-109.10010239325122,2804.9248277361075,False,False,-127.92058410000917,-73.8777378732769,2832.5288360067116,False,False,-344.41977718005927,-261.7425894794755,2838.999946975709,False,False,-340.6275178041996,-220.27716630497903,2866.999936294556,False,False,-404.827566708439,-290.7431075587615,2872.958946500561,False,False,-358.15546046397895,-254.04356603600573,2885.999929046631,False,False,-390.3074028792371,-290.55892655194543,2891.781438954193,False,False,-333.7378350704527,-234.0524925879512,2917.9999168396,False,False,-335.062907662683,-241.17131155057004,2924.9754193583835,False,False,-303.222509704435,-213.4038726044564,2948.999905014038,False,False,-365.8423128648715,-274.42746584344525,2954.9695508390073,False,False,-345.8101292905829,-232.1096601155363,2994.999887466431,False,False,-445.4989149371886,-312.39507901091173,3000.9864204533424,False,False,0.07138859230693143,2796.452288233868,0.00014790640538497917,2796.3813341985538,-0.06136474019098211,2833.7737108216556,-0.022995975439560636,2833.812079586407,-0.0112842007827437,2916.2056792291614,-0.005210840858348591,2916.212006184788,-0.008317976705664394,2949.328511930373,-0.029598328505722214,2949.307231578573
94,7.307106624590233,1782751886.761846,0.012067082803696394,-139.22486322095548,-85.43519118501084,2742.390793119486,False,False,-104.85931167283063,-44.27671088424978,2748.999981307984,False,False,-327.58268942751477,-238.53952379496894,2797.999962615967,False,False,-320.5506158877648,-198.49907693248161,2804.9248277361075,False,False,-391.1542195189046,-269.95377173946264,2832.5288360067116,False,False,-336.56934468319224,-235.28371488828438,2838.999946975709,False,False,-368.20686034783137,-273.01548583305316,2866.999936294556,False,False,-313.7922532628297,-222.61281596723416,2872.958946500561,False,False,-319.2903719778709,-229.63844331693002,2885.999929046631,False,False,-277.63819268270316,-190.5338570162301,2891.781438954193,False,False,-354.37485405141064,-258.19938258397775,2917.9999168396,False,False,-324.8319650334689,-207.77980407739096,2924.9754193583835,False,False,-434.92702417703333,-298.3715866369165,2948.999905014038,False,False,-369.7342237980255,-245.4755723324265,2954.9695508390073,False,False,-220.53414585689393,-157.79453342299112,2994.999887466431,False,False,-179.37768438426508,-109.7928446984748,3000.9864204533424,False,False,0.31412945270382764,2796.695029094265,0.021759024817299594,2796.4029453169655,-0.002728995690436105,2833.832346566156,0.009098796001440363,2833.8441743578483,0.011323930885836693,2916.22828736083,0.027177047746424193,2916.244394073393,0.004598630105239607,2949.341428537184,0.10960141939103506,2949.44643132647
95,7.380569354165345,1782751886.835615,0.012679042294621468,-81.23308983097472,-142.4720160772687,2742.390793119486,False,False,-88.05809976464835,-115.82856007580156,2748.999981307984,False,False,-54.05045542072928,-333.9409083962466,2797.999962615967,False,False,-250.9031971146499,-329.2783858544488,2804.9248277361075,False,False,-208.8707017758352,-397.7447672463857,2832.5288360067116,False,False,-276.58503071797537,-347.0803466087967,2838.999946975709,False,False,-238.53047345416758,-371.2469205611762,2866.999936294556,False,False,-277.4642846226733,-314.9745652107467,2872.958946500561,False,False,-223.07846073906535,-317.59538771892284,2885.999929046631,False,False,-231.7531512669255,-280.0899272549439,2891.781438954193,False,False,-190.72148882843783,-364.36174313048264,2917.9999168396,False,False,-266.45632392945566,-326.35419659504237,2924.9754193583835,False,False,-214.27577864718646,-434.13356970382364,2948.999905014038,False,False,-301.7208179234037,-371.106493566036,2954.9695508390073,False,False,-247.90515786899778,-225.9896292447351,2994.999887466431,False,False,-145.8959363633585,-156.07661918880092,3000.9864204533424,False,False,0.08083189479923825,2796.4617315363603,0.05405119004570855,2796.435237482194,0.04012087761239811,2833.875196439459,0.035605785798375006,2833.870681347645,0.021208758591174184,2916.2381721885354,0.04172398812347915,2916.25894101377,0.030273628604014818,2949.367103535683,-0.07527252678874265,2949.26155738029
96,7.449688750319183,1782751886.9047139,0.012639000080525875,-159.64719870403766,-117.83105419201027,2742.390793119486,False,False,-134.27884738820794,-87.51056637222239,2748.999981307984,False,False,-323.2100544059663,-268.3564049271021,2797.999962615967,False,False,-335.3990203869548,-222.81174160222514,2804.9248277361075,False,False,-385.01023015557655,-271.93928080202954,2832.5288360067116,False,False,-324.7111639208973,-232.52349390225268,2838.999946975709,False,False,-347.63589876822454,-277.93223400678545,2866.999936294556,False,False,-317.69849619463884,-232.86266314148605,2872.958946500561,False,False,-314.4243711220467,-243.77553259773202,2885.999929046631,False,False,-279.9847036708744,-206.65929027722592,2891.781438954193,False,False,-345.0109713604548,-275.6647247608277,2917.9999168396,False,False,-319.415577528502,-224.7435782620656,2924.9754193583835,False,False,-421.2996347464621,-316.99239233426044,2948.999905014038,False,False,-367.0457942354128,-266.0869578506587,2954.9695508390073,False,False,-227.26928813766546,-154.8177858605618,2994.999887466431,False,False,-158.7312406394229,-98.20617110370753,3000.9864204533424,False,False,0.07635454337954208,2796.4572541849407,0.027100801545794743,2796.408287093694,-0.0028536510110285605,2833.832221910836,0.01695516643249222,2833.8520307282793,0.01102662289176783,2916.227990052836,0.02416156491525095,2916.2413785905615,0.004773101312773938,2949.3416030083918,0.06883250576515176,2949.405662412844
97,7.521279353648424,1782751886.976174,0.012377625331282616,-135.26138246171715,-117.83105419201027,2742.390793119486,False,False,-134.27884738820794,-87.51056637222239,2748.999981307984,False,False,-323.2100544059663,-268.3564049271021,2797.999962615967,False,False,-335.3990203869548,-222.81174160222514,2804.9248277361075,False,False,-385.01023015557655,-271.93928080202954,2832.5288360067116,False,False,-324.7111639208973,-232.52349390225268,2838.999946975709,False,False,-347.63589876822454,-277.93223400678545,2866.999936294556,False,False,-317.69849619463884,-232.86266314148605,2872.958946500561,False,False,-314.4243711220467,-243.77553259773202,2885.999929046631,False,False,-279.9847036708744,-206.65929027722592,2891.781438954193,False,False,-345.0109713604548,-275.6647247608277,2917.9999168396,False,False,-319.415577528502,-224.7435782620656,2924.9754193583835,False,False,-421.2996347464621,-316.99239233426044,2948.999905014038,False,False,-367.0457942354128,-266.0869578506587,2954.9695508390073,False,False,-227.26928813766546,-154.8177858605618,2994.999887466431,False,False,-158.7312406394229,-98.20617110370753,3000.9864204533424,False,False,0.16436455861803287,2796.545264200179,0.027100801545794743,2796.408287093694,-0.0028536510110285605,2833.832221910836,0.01695516643249222,2833.8520307282793,0.01102662289176783,2916.227990052836,0.02416156491525095,2916.2413785905615,0.004773101312773938,2949.3416030083918,0.06883250576515176,2949.405662412844
98,7.590772833209485,1782751887.045095,0.011233500204980373,-158.22557691719902,-102.70435400556286,2742.390793119486,False,False,-142.9689870709417,-79.91841091787144,2748.999981307984,False,False,-336.04392211999885,-243.5725586086744,2797.999962615967,False,False,-312.7608628541737,-198.034902344347,2804.9248277361075,False,False,-371.06341351590925,-256.4785020020173,2832.5288360067116,False,False,-339.9981844301128,-225.48099000519605,2838.999946975709,False,False,-368.0716966714552,-272.8846455970902,2866.999936294556,False,False,-311.8790017422135,-216.04313812391115,2872.958946500561,False,False,-317.7365070147019,-230.88310511354953,2885.999929046631,False,False,-277.5112005990769,-198.3057202677507,2891.781438954193,False,False,-339.86553320903505,-276.4192377051686,2917.9999168396,False,False,-315.4666778738882,-220.111594889507,2924.9754193583835,False,False,-418.1542256319344,-315.21468961090557,2948.999905014038,False,False,-361.63281627288563,-260.50406669315646,2954.9695508390073,False,False,-225.9426536662897,-155.42798850750373,2994.999887466431,False,False,-150.51745117217348,-106.71626524436837,3000.9864204533424,False,False,0.1056108274945565,2796.4865104690557,0.017984188182650306,2796.399170480331,0.009023201221022695,2833.844098763068,0.014155489558568499,2833.8492310514052,0.003940937977240247,2916.220904367922,0.02900269528813229,2916.2462197209343,0.005840809181078815,2949.34267071626,-0.02006376198482092,2949.3167661450943
99,7.660050437087193,1782751887.114947,0.012383042369037867,-133.043986306813,-102.70435400556286,2742.390793119486,False,False,-142.9689870709417,-79.91841091787144,2748.999981307984,False,False,-336.04392211999885,-243.5725586086744,2797.999962615967,False,False,-312.7608628541737,-198.034902344347,2804.9248277361075,False,False,-371.06341351590925,-256.4785020020173,2832.5288360067116,False,False,-339.9981844301128,-225.48099000519605,2838.999946975709,False,False,-368.0716966714552,-272.8846455970902,2866.999936294556,False,False,-311.8790017422135,-216.04313812391115,2872.958946500561,False,False,-317.7365070147019,-230.88310511354953,2885.999929046631,False,False,-277.5112005990769,-198.3057202677507,2891.781438954193,False,False,-339.86553320903505,-276.4192377051686,2917.9999168396,False,False,-315.4666778738882,-220.111594889507,2924.9754193583835,False,False,-418.1542256319344,-315.21468961090557,2948.999905014038,False,False,-361.63281627288563,-260.50406669315646,2954.9695508390073,False,False,-225.9426536662897,-155.42798850750373,2994.999887466431,False,False,-150.51745117217348,-106.71626524436837,3000.9864204533424,False,False,0.20987830483753958,2796.5907779463987,0.017984188182650306,2796.399170480331,0.009023201221022695,2833.844098763068,0.014155489558568499,2833.8492310514052,0.003940937977240247,2916.220904367922,0.02900269528813229,2916.2462197209343,0.005840809181078815,2949.34267071626,-0.02006376198482092,2949.3167661450943
100,7.7300372291356325,1782751887.184972,0.012457791715860367,-178.6894168169453,-109.21752758504752,2742.390793119486,False,False,-137.93382033805057,-70.12541339364857,2748.999981307984,False,False,-320.6821988568634,-239.76143289421398,2797.999962615967,False,False,-310.8459333068435,-210.27975670140904,2804.9248277361075,False,False,-404.3933765320781,-281.7639468777699,2832.5288360067116,False,False,-347.98209035058227,-250.29239997554788,2838.999946975709,False,False,-378.097091726014,-282.92051991319505,2866.999936294556,False,False,-321.05557202677505,-225.12703334657823,2872.958946500561,False,False,-322.13255341259895,-235.61597640370445,2885.999929046631,False,False,-284.7921829629856,-198.16076198917997,2891.781438954193,False,False,-368.00058837913014,-273.3022832166763,2917.9999168396,False,False,-320.7286823364001,-227.75158938778003,2924.9754193583835,False,False,-417.5923709386558,-321.40055322920807,2948.999905014038,False,False,-369.2917993703579,-265.51750771770025,2954.9695508390073,False,False,-230.4308005012684,-153.93440107589328,2994.999887466431,False,False,-159.98651924076165,-110.73265733410764,3000.9864204533424,False,False,0.14070652532713582,2796.521606166888,0.012676386194775445,2796.3938626783433,-0.006631598912532683,2833.828443962934,0.0133972151134956,2833.84847277696,0.011871792876747958,2916.228835222821,0.008791584664216348,2916.2260086103106,0.008675599638369667,2949.3455055067175,-0.02419686735921546,2949.31263303972
101,7.803096208022907,1782751887.257903,0.01220199977979064,-334.6378763334047,-252.192390806003,2742.390793119486,False,False,-223.88855182321117,-143.4255784454565,2748.999981307984,False,False,-155.81421279457163,-90.74162056423268,2797.999962615967,False,False,-144.7883179998166,-88.31966103249076,2804.9248277361075,False,False,-113.86620105755416,-55.501966867377824,2832.5288360067116,False,False,-336.4094293486567,-248.0797032123972,2838.999946975709,False,False,-332.2406164990677,-211.87698902711122,2866.999936294556,False,False,-399.45134945135555,-276.8638826909558,2872.958946500561,False,False,-349.97637619586146,-245.13650242992944,2885.999929046631,False,False,-373.79141577773026,-282.4366659534798,2891.781438954193,False,False,-321.06891829935506,-226.47053213925483,2917.9999168396,False,False,-321.5719671730293,-238.2810389094355,2924.9754193583835,False,False,-287.0936546749396,-196.0471635541156,2948.999905014038,False,False,-363.6260384509582,-268.42436500901675,2954.9695508390073,False,False,-326.7586606351439,-211.7017895895101,2994.999887466431,False,False,-435.80380688938476,-306.6924183146377,3000.9864204533424,False,False,0.09955060522551488,2796.4804502467864,-0.0070029544269652605,2796.3741833377217,-0.10268421784363921,2833.732391344003,-0.018715706084931266,2833.8163598557617,-0.01768062483484779,2916.1992828051093,-0.009705118556913125,2916.207511907089,-0.010399787874336715,2949.326430119205,-0.05684982657819313,2949.2799800805005
102,7.874434479046613,1782751887.329174,0.01206104177981615,-145.3270837790751,-84.87371397132989,2742.390793119486,False,False,-115.52247302625547,-56.75593269554055,2748.999981307984,False,False,-333.96132591619033,-248.61734419414984,2797.999962615967,False,False,-334.0347036708745,-204.11464223492374,2804.9248277361075,False,False,-398.9356297949078,-280.5095149310756,2832.5288360067116,False,False,-341.556093162576,-239.54284469847485,2838.999946975709,False,False,-373.4808280099031,-277.81880673655894,2866.999936294556,False,False,-321.20445181404165,-229.17725494391297,2872.958946500561,False,False,-325.3507396766207,-234.15555368768528,2885.999929046631,False,False,-286.3931121435339,-192.58077146437628,2891.781438954193,False,False,-362.06042271601916,-262.7112861814959,2917.9999168396,False,False,-324.092746889996,-213.8049118195434,2924.9754193583835,False,False,-438.26105082984384,-302.77307363144536,2948.999905014038,False,False,-372.61415777730224,-253.71655866980467,2954.9695508390073,False,False,-227.75445945532903,-155.66085521288625,2994.999887466431,False,False,-182.5466836812666,-121.30576611547515,3000.9864204533424,False,False,0.13742326756350695,2796.5183229091244,0.02641040201854913,2796.407596694167,0.0005439299661500418,2833.835619491813,0.008546377136037547,2833.843621938983,0.01656797341428872,2916.2335314033585,0.019602347114140554,2916.2368193727602,0.0020027256628261433,2949.3388326327417,0.019352277347204055,2949.356182184426
103,7.944395145634189,1782751887.399106,0.012010625097900629,-173.36263104807898,-108.51212977962527,2742.390793119486,False,False,-120.95639728581473,-74.91315065562246,2748.999981307984,False,False,-315.0790598159978,-236.03842497784026,2797.999962615967,False,False,-330.1028624262616,-206.06540636366412,2804.9248277361075,False,False,-403.11726778127576,-277.50366934621144,2832.5288360067116,False,False,-342.2930066937678,-239.77210013143014,2838.999946975709,False,False,-373.4259971880062,-285.33787938991964,2866.999936294556,False,False,-324.58575969679373,-228.542791209463,2872.958946500561,False,False,-325.2141531925299,-237.30896781489747,2885.999929046631,False,False,-289.3629657364673,-194.4596509459914,2891.781438954193,False,False,-364.0532383776018,-274.5317250970444,2917.9999168396,False,False,-331.6767062994773,-219.16755050890978,2924.9754193583835,False,False,-442.5474692056117,-304.4323134761745,2948.999905014038,False,False,-374.49700614359506,-248.79998777394016,2954.9695508390073,False,False,-225.26038603783962,-151.74572852034112,2994.999887466431,False,False,-189.08166243848763,-122.6613060488431,3000.9864204533424,False,False,0.007224326550884844,2796.388123968112,0.02405408344185918,2796.4052403755904,-0.0037026207233109595,2833.8313729411234,0.01665679170140783,2833.851732353548,0.019950947572510827,2916.2369143775168,0.026664123624828808,2916.243881149271,0.004883454247906634,2949.341713361327,0.026467374893735313,2949.363297281973
104,8.049702124437317,1782751887.503823,0.01082916697487235,-225.11330500962805,-223.71220313598437,2742.390793119486,False,False,-144.10342329675706,-150.59442338845247,2748.999981307984,False,False,-94.40802029525933,-143.39921600391233,2797.999962615967,False,False,-78.93829201943944,-112.14942690344469,2804.9248277361075,False,False,-53.901276094996476,-328.64561695754503,2832.5288360067116,False,False,-243.09804841519698,-324.0381789283859,2838.999946975709,False,False,-205.98761805789042,-394.3577085307333,2866.999936294556,False,False,-274.57894519668673,-341.17449338264515,2872.958946500561,False,False,-238.24823486260965,-369.6886267078278,2885.999929046631,False,False,-279.50616040590523,-318.8630360363114,2891.781438954193,False,False,-224.9795733105114,-312.2263654980591,2917.9999168396,False,False,-231.74894550233824,-284.9451707063606,2924.9754193583835,False,False,-196.01279762814443,-357.0035409725831,2948.999905014038,False,False,-264.83040468258093,-321.2745514564293,2954.9695508390073,False,False,-208.1685423480148,-436.85825870342643,2994.999887466431,False,False,-302.0489103524162,-367.2476250878748,3000.9864204533424,False,False,-0.02099317049062157,2796.35990647107,0.004098864748656273,2796.385285156897,0.08654556307702452,2833.9216211249236,0.042187754426095764,2833.877263316273,0.039374800743779595,2916.256338230688,0.01320608200204265,2916.230423107648,0.026085250980524208,2949.3629151580594,0.16054307211034544,2949.497372979189
105,8.11980566661805,1782751887.573805,0.010587332770228386,-164.2789864596387,-103.11148791148335,2742.390793119486,False,False,-127.57802518568329,-67.30126845370908,2748.999981307984,False,False,-310.34805452822695,-251.41564782834612,2797.999962615967,False,False,-331.92019133783657,-206.56482715407893,2804.9248277361075,False,False,-401.9895482470887,-281.77664975395055,2832.5288360067116,False,False,-353.0940077024177,-246.4860026897332,2838.999946975709,False,False,-379.1171271815876,-286.3117553565425,2866.999936294556,False,False,-325.83262982547296,-231.42725494391297,2872.958946500561,False,False,-330.8865757862885,-237.75866216340128,2885.999929046631,False,False,-289.71230705749304,-193.05522969709938,2891.781438954193,False,False,-365.5709004493077,-269.52585964483296,2917.9999168396,False,False,-330.30634226854545,-217.81374820429747,2924.9754193583835,False,False,-416.3622826053735,-313.11845523733837,2948.999905014038,False,False,-366.9061894427973,-262.9532200385121,2954.9695508390073,False,False,-228.84432405171628,-181.03962924473515,2994.999887466431,False,False,-174.40339273160743,-127.4704389155485,3000.9864204533424,False,False,0.12860235637859949,2796.5095019979394,0.0335458680104728,2796.414732160159,0.0008690854940415504,2833.8359446473405,0.012513752073903492,2833.8475893139207,0.018486773262453054,2916.2354502032067,0.022798847597449403,2916.240015873244,0.00621670030602402,2949.343046607385,0.04832269301703481,2949.385152600096
106,8.190202541649342,1782751887.6449862,0.012150666676461697,-207.49359812941285,-147.92837668490387,2742.390793119486,False,False,-156.6907677965584,-93.29069749671424,2748.999981307984,False,False,-142.88924259559252,-83.00169178103127,2797.999962615967,False,False,-117.48337255860865,-61.292574196900695,2804.9248277361075,False,False,-337.94762050310237,-251.1042684231439,2832.5288360067116,False,False,-332.82433902863954,-206.5747730537641,2838.999946975709,False,False,-395.95962649387167,-279.09852523153097,2866.999936294556,False,False,-349.63264357979034,-248.1628113824617,2872.958946500561,False,False,-373.84400464590277,-282.25750832900326,2885.999929046631,False,False,-321.1088012348321,-229.5821285570193,2891.781438954193,False,False,-325.2340648592475,-237.22687135128527,2917.9999168396,False,False,-288.27710058990743,-201.76847968945808,2924.9754193583835,False,False,-362.9796497233854,-266.7400785524345,2948.999905014038,False,False,-330.0265030412324,-213.67066662591316,2954.9695508390073,False,False,-440.21286639973107,-303.6651557294373,2994.999887466431,False,False,-375.4967142464162,-250.99699238927775,3000.9864204533424,False,False,0.11776910422680778,2796.4986687457877,0.017584799908100322,2796.3987710920564,0.03916979613433335,2833.874245357981,-0.0014674060205818705,2833.833608155826,0.012584862400289895,2916.2295482923446,0.0082257494062931,2916.2254427750527,0.017413856243300933,2949.3542437633223,0.021511642977635442,2949.3583415500566
107,8.259315437171608,1782751887.7141252,0.012203708291053772,-157.1122459271938,-105.32912247455451,2742.390793119486,False,False,-138.12818106794634,-75.7969954457927,2748.999981307984,False,False,-350.3407250053489,-257.3071614145551,2797.999962615967,False,False,-335.05001069780235,-210.36619800103918,2804.9248277361075,False,False,-381.56868447596054,-265.8971880062353,2832.5288360067116,False,False,-329.8454274536174,-232.48436439771376,2838.999946975709,False,False,-376.29244735152986,-284.203861906654,2866.999936294556,False,False,-320.52702417703335,-231.66794938411226,2872.958946500561,False,False,-333.2138490692912,-242.9108949475808,2885.999929046631,False,False,-293.44621297796255,-201.94165418589722,2891.781438954193,False,False,-363.15117675826025,-262.35404988232415,2917.9999168396,False,False,-324.0684170309014,-206.09190787663906,2924.9754193583835,False,False,-433.22575572332426,-299.65025063422684,2948.999905014038,False,False,-368.04162667726257,-245.73760583183054,2954.9695508390073,False,False,-247.02114344224714,-161.36569826084298,2994.999887466431,False,False,-179.4034828987988,-117.08800012226061,3000.9864204533424,False,False,0.1406386649729946,2796.521538306534,0.020817411374842255,2796.4020037035234,-0.0023973298051757947,2833.8326782320414,0.008892428218305281,2833.843967990065,0.013803263035701698,2916.23076669298,0.026804205744322518,2916.2440212313904,0.004921188367648584,2949.3417510954464,0.0006473504283045476,2949.337477257507
108,8.32856220798567,1782751887.782486,0.010428166016936302,-136.4069260629031,-105.32912247455451,2742.390793119486,False,False,-138.12818106794634,-75.7969954457927,2748.999981307984,False,False,-350.3407250053489,-257.3071614145551,2797.999962615967,False,False,-335.05001069780235,-210.36619800103918,2804.9248277361075,False,False,-381.56868447596054,-265.8971880062353,2832.5288360067116,False,False,-329.8454274536174,-232.48436439771376,2838.999946975709,False,False,-376.29244735152986,-284.203861906654,2866.999936294556,False,False,-320.52702417703335,-231.66794938411226,2872.958946500561,False,False,-333.2138490692912,-242.9108949475808,2885.999929046631,False,False,-293.44621297796255,-201.94165418589722,2891.781438954193,False,False,-363.15117675826025,-262.35404988232415,2917.9999168396,False,False,-324.0684170309014,-206.09190787663906,2924.9754193583835,False,False,-433.22575572332426,-299.65025063422684,2948.999905014038,False,False,-368.04162667726257,-245.73760583183054,2954.9695508390073,False,False,-247.02114344224714,-161.36569826084298,2994.999887466431,False,False,-179.4034828987988,-117.08800012226061,3000.9864204533424,False,False,0.2242351545177621,2796.605134796079,0.020817411374842255,2796.4020037035234,-0.0023973298051757947,2833.8326782320414,0.008892428218305281,2833.843967990065,0.013803263035701698,2916.23076669298,0.026804205744322518,2916.2440212313904,0.004921188367648584,2949.3417510954464,0.0006473504283045476,2949.337477257507
109,8.396244416479021,1782751887.851628,0.013351417146623135,-170.01806247516583,-112.11966714552068,2742.390793119486,False,False,-142.9440397958248,-80.3082220252468,2748.999981307984,False,False,-339.78107864413,-249.94543509490487,2797.999962615967,False,False,-328.4302900632698,-206.01830393984778,2804.9248277361075,False,False,-401.36734725066475,-274.02417092031664,2832.5288360067116,False,False,-348.8780740899227,-241.741195708653,2838.999946975709,False,False,-380.41493718861756,-282.0855671363512,2866.999936294556,False,False,-328.41215728825995,-229.30389705657612,2872.958946500561,False,False,-317.8448314331999,-228.29665464437448,2885.999929046631,False,False,-274.3116010025369,-187.95010850628114,2891.781438954193,False,False,-357.7410627502521,-259.8236467280007,2917.9999168396,False,False,-322.34923281474465,-210.87152245010242,2924.9754193583835,False,False,-432.4365987101507,-298.34818443011284,2948.999905014038,False,False,-363.5367102729468,-244.0959669285081,2954.9695508390073,False,False,-239.7126616132286,-169.93126967631505,2994.999887466431,False,False,-174.6685316502124,-116.65992297582298,3000.9864204533424,False,False,0.11207497039629313,2796.4929746119574,0.021144029820993566,2796.402330321969,-0.003178156810779391,2833.8318974050358,0.012491027076922437,2833.8475665889237,0.011407412228392687,2916.228370842173,0.021613731161384295,2916.2388307568076,0.003779502496077975,2949.340609409575,0.040187803506413274,2949.3770177105853
110,8.468426895560697,1782751887.9225972,0.010922125075012445,-138.07642662835835,-112.11966714552068,2742.390793119486,False,False,-142.9440397958248,-80.3082220252468,2748.999981307984,False,False,-339.78107864413,-249.94543509490487,2797.999962615967,False,False,-328.4302900632698,-206.01830393984778,2804.9248277361075,False,False,-401.36734725066475,-274.02417092031664,2832.5288360067116,False,False,-348.8780740899227,-241.741195708653,2838.999946975709,False,False,-380.41493718861756,-282.0855671363512,2866.999936294556,False,False,-328.41215728825995,-229.30389705657612,2872.958946500561,False,False,-317.8448314331999,-228.29665464437448,2885.999929046631,False,False,-274.3116010025369,-187.95010850628114,2891.781438954193,False,False,-357.7410627502521,-259.8236467280007,2917.9999168396,False,False,-322.34923281474465,-210.87152245010242,2924.9754193583835,False,False,-432.4365987101507,-298.34818443011284,2948.999905014038,False,False,-363.5367102729468,-244.0959669285081,2954.9695508390073,False,False,-239.7126616132286,-169.93126967631505,2994.999887466431,False,False,-174.6685316502124,-116.65992297582298,3000.9864204533424,False,False,0.23322678318944937,2796.6141264247503,0.021144029820993566,2796.402330321969,-0.003178156810779391,2833.8318974050358,0.012491027076922437,2833.8475665889237,0.011407412228392687,2916.228370842173,0.021613731161384295,2916.2388307568076,0.003779502496077975,2949.340609409575,0.040187803506413274,2949.3770177105853
111,8.542352833086625,1782751887.9964318,0.010741333942860365,-140.36577161720203,-77.86529480086804,2742.390793119486,False,False,-107.46210227099061,-53.58396399425375,2748.999981307984,False,False,-330.273463337103,-242.78070880581964,2797.999962615967,False,False,-328.4981584497356,-208.47647858911273,2804.9248277361075,False,False,-399.22107772717544,-277.0142494727512,2832.5288360067116,False,False,-347.923386924229,-242.07076443439192,2838.999946975709,False,False,-378.31109973408314,-278.50973194363786,2866.999936294556,False,False,-320.30307485405143,-225.57955191490663,2872.958946500561,False,False,-324.42554329553445,-233.49065623376228,2885.999929046631,False,False,-286.1464850077941,-191.08561451233305,2891.781438954193,False,False,-357.64795824800564,-265.616378335422,2917.9999168396,False,False,-322.3459317785861,-210.45845126386894,2924.9754193583835,False,False,-432.7516337072469,-305.60912828193295,2948.999905014038,False,False,-369.1183176941651,-253.0974355839472,2954.9695508390073,False,False,-225.4443576733808,-151.64331081700647,2994.999887466431,False,False,-160.16045022465386,-99.11350368310053,3000.9864204533424,False,False,0.08624936496411534,2796.4671490065252,0.019394179694518135,2796.400580471843,-0.0005724677201361521,2833.8345030941264,0.009195902525993477,2833.8442714643725,0.018323904291544395,2916.235287334236,0.026364274362044502,2916.2435813000084,0.004015603085801929,2949.340845510165,0.05998170022366974,2949.3968116073024
112,8.615887937135994,1782751888.070098,0.01099470816552639,-135.55913439496285,-79.28182596203808,2742.390793119486,False,False,-104.512669254516,-54.53691200293425,2748.999981307984,False,False,-333.8614451202738,-249.63625485221752,2797.999962615967,False,False,-328.91941039826395,-209.2968609591344,2804.9248277361075,False,False,-402.05745025521907,-277.0170339578812,2832.5288360067116,False,False,-348.6327230491793,-242.71081089341934,2838.999946975709,False,False,-375.57375523428186,-285.7028364458844,2866.999936294556,False,False,-319.86211449705047,-226.74398172204056,2872.958946500561,False,False,-318.7487498853807,-236.03980957911784,2885.999929046631,False,False,-288.7692911941804,-192.60370143961856,2891.781438954193,False,False,-358.8310985114772,-260.57055200660204,2917.9999168396,False,False,-328.1556621939664,-211.97403490540086,2924.9754193583835,False,False,-437.3124018094569,-301.7260078858086,2948.999905014038,False,False,-367.5770364030932,-249.35105755417672,2954.9695508390073,False,False,-221.80409725830606,-144.55513036036308,2994.999887466431,False,False,-151.40422868844942,-91.97366201057554,3000.9864204533424,False,False,0.08782769007798755,2796.468727331639,0.021089457885571806,2796.402275750034,-0.0022100833056375763,2833.832865478541,0.014355076938455183,2833.849430638785,0.0252569718468008,2916.242220401791,0.02434832494597997,2916.2415653505923,0.002346898830701712,2949.3391768059096,0.05187178222053655,2949.3887016892995
113,8.685606312239543,1782751888.139532,0.010435292031615973,-174.4144389766788,-101.1816425711404,2742.390793119486,False,False,-121.14739126448023,-72.83732921722651,2748.999981307984,False,False,-310.13645352569,-232.83031145887458,2797.999962615967,False,False,-327.5417504661186,-212.0235611455818,2804.9248277361075,False,False,-401.1041018430786,-283.3628557019287,2832.5288360067116,False,False,-349.0917046183942,-242.3592780511661,2838.999946975709,False,False,-372.94241525812276,-278.52648775865754,2866.999936294556,False,False,-312.63077452089135,-221.11352355044778,2872.958946500561,False,False,-315.8799507901091,-227.75121343643977,2885.999929046631,False,False,-278.9173227985451,-189.8645688785647,2891.781438954193,False,False,-359.99536173854574,-262.66240333771435,2917.9999168396,False,False,-323.03896598098845,-209.77569917779746,2924.9754193583835,False,False,-427.74378152031056,-297.1669789406119,2948.999905014038,False,False,-368.4090121343644,-247.90451141608338,2954.9695508390073,False,False,-218.91272732830026,-138.14937341443283,2994.999887466431,False,False,-152.07208484885533,-90.7903826756732,3000.9864204533424,False,False,-0.025734979068151465,2796.355164662493,0.019167026512432617,2796.400353318661,0.003672511977428794,2833.8387480738243,0.011187956459546058,2833.8462635183064,0.01392385939184501,2916.2308872893364,0.0241157449314816,2916.2413327705776,0.004424296915982546,2949.341254203995,0.04193759067002473,2949.378767497749
114,8.754628166556358,1782751888.208738,0.010803166776895523,-266.9728245254761,-241.5881972674756,2742.390793119486,False,False,-176.3511461931106,-172.85612831249807,2748.999981307984,False,False,-112.88440871718066,-155.70359293333738,2797.999962615967,False,False,-98.42978115352874,-110.5865574471987,2804.9248277361075,False,False,-53.292762172570825,-332.7368111379405,2832.5288360067116,False,False,-249.56960143044898,-333.5653116117003,2838.999946975709,False,False,-216.58044136076046,-403.8323241739769,2866.999936294556,False,False,-284.8590885472384,-349.3393128954366,2872.958946500561,False,False,-249.8615322309503,-375.38884219213253,2885.999929046631,False,False,-283.183503988752,-321.0361157807867,2891.781438954193,False,False,-227.18360485374578,-328.5892181434728,2917.9999168396,False,False,-242.299202249595,-293.664623895834,2924.9754193583835,False,False,-200.05202799767704,-358.16606657089585,2948.999905014038,False,False,-286.5733930372589,-318.84572087905366,2954.9695508390073,False,False,-217.05046306201672,-414.75770394596077,2994.999887466431,False,False,-293.5564049271021,-350.42350154354006,3000.9864204533424,False,False,-0.0360853222946073,2796.3448143192663,0.014867751301659418,2796.39605404345,0.0868141619425862,2833.9218897237893,0.0416861548035688,2833.8767617166504,0.036723469682504,2916.2536868996267,0.019037306710584834,2916.236254332357,0.03224277720004217,2949.3690726842788,0.1459003350191753,2949.482730242098
115,8.824015124700963,1782751888.278064,0.010676583275198936,-233.9445028578415,-241.5881972674756,2742.390793119486,False,False,-176.3511461931106,-172.85612831249807,2748.999981307984,False,False,-112.88440871718066,-155.70359293333738,2797.999962615967,False,False,-98.42978115352874,-110.5865574471987,2804.9248277361075,False,False,-53.292762172570825,-332.7368111379405,2832.5288360067116,False,False,-249.56960143044898,-333.5653116117003,2838.999946975709,False,False,-216.58044136076046,-403.8323241739769,2866.999936294556,False,False,-284.8590885472384,-349.3393128954366,2872.958946500561,False,False,-249.8615322309503,-375.38884219213253,2885.999929046631,False,False,-283.183503988752,-321.0361157807867,2891.781438954193,False,False,-227.18360485374578,-328.5892181434728,2917.9999168396,False,False,-242.299202249595,-293.664623895834,2924.9754193583835,False,False,-200.05202799767704,-358.16606657089585,2948.999905014038,False,False,-286.5733930372589,-318.84572087905366,2954.9695508390073,False,False,-217.05046306201672,-414.75770394596077,2994.999887466431,False,False,-293.5564049271021,-350.42350154354006,3000.9864204533424,False,False,0.022053382844457712,2796.4029530244056,0.014867751301659418,2796.39605404345,0.0868141619425862,2833.9218897237893,0.0416861548035688,2833.8767617166504,0.036723469682504,2916.2536868996267,0.019037306710584834,2916.236254332357,0.03224277720004217,2949.3690726842788,0.1459003350191753,2949.482730242098
116,8.903955624671653,1782751888.358025,0.010717916768044233,-142.56794327108233,-89.68632973683405,2742.390793119486,False,False,-118.10474523947794,-59.073643671485776,2748.999981307984,False,False,-339.56850566983525,-256.6520509215393,2797.999962615967,False,False,-335.96713023810247,-216.34724608001952,2804.9248277361075,False,False,-404.10913897973535,-288.8150854295932,2832.5288360067116,False,False,-354.84952165540847,-253.48278417947859,2838.999946975709,False,False,-380.6026377724119,-292.8099138062781,2866.999936294556,False,False,-328.91848121771557,-227.90145490112172,2872.958946500561,False,False,-327.07279548858395,-241.22250359140503,2885.999929046631,False,False,-288.3798713207201,-202.46277623253965,2891.781438954193,False,False,-372.05861173090443,-274.9016627441391,2917.9999168396,False,False,-334.04872084848853,-217.31877158663693,2924.9754193583835,False,False,-445.70865757862884,-308.147768744078,2948.999905014038,False,False,-380.5375645688785,-257.60626279915635,2954.9695508390073,False,False,-231.46628358345816,-156.58507962221478,2994.999887466431,False,False,-163.63531650212428,-104.85827092948621,3000.9864204533424,False,False,0.17420835464714285,2796.5551079962083,0.020700743013642258,2796.401887035162,0.00010322208001267193,2833.8351787839265,0.021420411492958546,2833.85649597334,0.011613770925678071,2916.22857720087,0.02615905630052605,2916.2433760819467,0.0029182100740621575,2949.339748117153,0.0382031337951909,2949.3750330408743
117,8.981091124936938,1782751888.435595,0.011294499970972538,-140.91292753003026,-81.78949322981936,2742.390793119486,False,False,-110.10239325121495,-58.65440596631721,2748.999981307984,False,False,-335.2398493138124,-248.0068038023046,2797.999962615967,False,False,-333.36199987773944,-206.16629122474552,2804.9248277361075,False,False,-397.6181572271296,-277.4574976312009,2832.5288360067116,False,False,-348.6766207170584,-244.14529143870158,2838.999946975709,False,False,-371.9970153131399,-275.53242045419813,2866.999936294556,False,False,-318.94865666167436,-225.05805391692394,2872.958946500561,False,False,-325.08281015985574,-231.52017299874683,2885.999929046631,False,False,-281.996532383776,-202.58413210257663,2891.781438954193,False,False,-360.4470642173793,-260.9463902558303,2917.9999168396,False,False,-324.731196319956,-214.7025674725678,2924.9754193583835,False,False,-434.2065103768683,-306.1592551273038,2948.999905014038,False,False,-370.35732493810553,-252.77206498150804,2954.9695508390073,False,False,-231.10380841764223,-147.9312819023749,2994.999887466431,False,False,-152.96900693828894,-99.31346394840601,3000.9864204533424,False,False,0.0656024920296395,2796.4465021335905,0.023887579462858022,2796.4050738716114,-0.0007271987326652344,2833.834348363114,0.010018882108925183,2833.8450944439555,-0.002056978866416607,2916.214906451078,0.018676464376100564,2916.2358934900226,0.004448807047158791,2949.341278714126,-0.010196793580437069,2949.3266331134987
118,9.09267068724148,1782751888.546633,0.010506958235055208,-131.1702646941957,-77.04333526912615,2742.390793119486,False,False,-106.57821621786839,-49.5753232264572,2748.999981307984,False,False,-329.1696717302931,-244.64954916404318,2797.999962615967,False,False,-324.23545557355504,-206.33692881376655,2804.9248277361075,False,False,-395.9328605923526,-278.42123666595353,2832.5288360067116,False,False,-347.59093590488123,-245.38798025491332,2838.999946975709,False,False,-370.69233731699114,-278.8730400097808,2866.999936294556,False,False,-315.48446067793503,-221.5507885808601,2872.958946500561,False,False,-320.18136595653635,-230.58375003820643,2885.999929046631,False,False,-280.365459852676,-189.3132927835682,2891.781438954193,False,False,-355.5554329553443,-263.5453235321087,2917.9999168396,False,False,-319.477878472965,-212.55878289574224,2924.9754193583835,False,False,-434.868641684751,-299.4554788030688,2948.999905014038,False,False,-367.51692086682766,-246.21594278203992,2954.9695508390073,False,False,-220.20774673717028,-141.4763899501788,2994.999887466431,False,False,-152.30789497814592,-89.90768560687104,3000.9864204533424,False,False,0.19020698271756115,2796.5711066242784,0.020347388660550008,2796.401533680809,-0.0008221615792027618,2833.8342534002677,0.014148509041794204,2833.8492240708883,0.01567285548569669,2916.23263628543,0.021911884524234763,2916.2391289101706,0.003834482296899345,2949.340664389376,0.06383104701136262,2949.40066095409
119,9.161732270615175,1782751888.615787,0.010691875126212835,-161.28318305468105,-113.76215270348749,2742.390793119486,False,False,-144.64405202188465,-80.85126081242167,2748.999981307984,False,False,-326.702987743375,-237.7693385701623,2797.999962615967,False,False,-315.5112403337714,-196.88939694959805,2804.9248277361075,False,False,-399.0077452089128,-275.742508481829,2832.5288360067116,False,False,-343.43344591496776,-238.4087844239998,2838.999946975709,False,False,-371.8902222086377,-276.36667328911574,2866.999936294556,False,False,-321.39879573310515,-223.93308830271727,2872.958946500561,False,False,-314.7939496286334,-233.98933887581376,2885.999929046631,False,False,-281.4666396674512,-191.27765076260053,2891.781438954193,False,False,-357.9891936913531,-257.81995292966957,2917.9999168396,False,False,-320.8712840419353,-202.0964223492374,2924.9754193583835,False,False,-440.7828315554606,-307.3150166580065,2948.999905014038,False,False,-366.8032001711648,-245.1788275208607,2954.9695508390073,False,False,-223.502749335208,-140.61814041629736,2994.999887466431,False,False,-151.35583030228935,-96.67177461258672,3000.9864204533424,False,False,0.1578954366964464,2796.5387950782574,0.020575452743978782,2796.4017617448926,-0.0009606425526522236,2833.834114919294,0.013382746784828129,2833.8484583086315,0.02140347883100587,2916.2383669087753,0.028362875453427312,2916.2455799010995,0.005852795360691052,2949.3426827024396,-0.011027522155549627,2949.3258023849235
120,9.229828979121521,1782751888.683799,0.010521457996219397,-139.29477641593056,-113.76215270348749,2742.390793119486,False,False,-144.64405202188465,-80.85126081242167,2748.999981307984,False,False,-326.702987743375,-237.7693385701623,2797.999962615967,False,False,-315.5112403337714,-196.88939694959805,2804.9248277361075,False,False,-399.0077452089128,-275.742508481829,2832.5288360067116,False,False,-343.43344591496776,-238.4087844239998,2838.999946975709,False,False,-371.8902222086377,-276.36667328911574,2866.999936294556,False,False,-321.39879573310515,-223.93308830271727,2872.958946500561,False,False,-314.7939496286334,-233.98933887581376,2885.999929046631,False,False,-281.4666396674512,-191.27765076260053,2891.781438954193,False,False,-357.9891936913531,-257.81995292966957,2917.9999168396,False,False,-320.8712840419353,-202.0964223492374,2924.9754193583835,False,False,-440.7828315554606,-307.3150166580065,2948.999905014038,False,False,-366.8032001711648,-245.1788275208607,2954.9695508390073,False,False,-223.502749335208,-140.61814041629736,2994.999887466431,False,False,-151.35583030228935,-96.67177461258672,3000.9864204533424,False,False,0.24009140591740932,2796.6209910474786,0.020575452743978782,2796.4017617448926,-0.0009606425526522236,2833.834114919294,0.013382746784828129,2833.8484583086315,0.02140347883100587,2916.2383669087753,0.028362875453427312,2916.2455799010995,0.005852795360691052,2949.3426827024396,-0.011027522155549627,2949.3258023849235
121,9.298489999957383,1782751888.753002,0.011604500003159046,-164.40532597732067,-107.40318488859002,2742.390793119486,False,False,-159.3441024543815,-89.27078582999664,2748.999981307984,False,False,-344.7996591985818,-254.18275514258644,2797.999962615967,False,False,-328.1701317357948,-208.8613641226274,2804.9248277361075,False,False,-382.29841519699244,-267.5847923098084,2832.5288360067116,False,False,-353.4642968487331,-246.67274047131463,2838.999946975709,False,False,-375.61089036280833,-284.71363816975884,2866.999936294556,False,False,-322.1814943301648,-226.05408350398875,2872.958946500561,False,False,-326.2987926765901,-233.34803007610725,2885.999929046631,False,False,-285.7682932420454,-196.06958767613168,2891.781438954193,False,False,-366.19525476052206,-262.4303404957667,2917.9999168396,False,False,-332.82695234893174,-214.6414509276523,2924.9754193583835,False,False,-441.3931197848213,-309.8363083412293,2948.999905014038,False,False,-374.600241464682,-253.3980575847419,2954.9695508390073,False,False,-228.08267872971243,-151.03107405935754,2994.999887466431,False,False,-154.67542867622336,-97.70650884861081,3000.9864204533424,False,False,0.10811042700145525,2796.4890100685625,0.019340185927422482,2796.400526478076,0.0006242102459711793,2833.8356997720925,0.015828882192844607,2833.8509044440393,0.01003369627502447,2916.2269971262194,0.022101735032089165,2916.2393187606785,0.005089505198272654,2949.341919412277,0.033825799974051086,2949.370655707053
122,9.371668083127588,1782751888.825755,0.010752834379673004,-142.8203349940398,-107.40318488859002,2742.390793119486,False,False,-159.3441024543815,-89.27078582999664,2748.999981307984,False,False,-344.7996591985818,-254.18275514258644,2797.999962615967,False,False,-328.1701317357948,-208.8613641226274,2804.9248277361075,False,False,-382.29841519699244,-267.5847923098084,2832.5288360067116,False,False,-353.4642968487331,-246.67274047131463,2838.999946975709,False,False,-375.61089036280833,-284.71363816975884,2866.999936294556,False,False,-322.1814943301648,-226.05408350398875,2872.958946500561,False,False,-326.2987926765901,-233.34803007610725,2885.999929046631,False,False,-285.7682932420454,-196.06958767613168,2891.781438954193,False,False,-366.19525476052206,-262.4303404957667,2917.9999168396,False,False,-332.82695234893174,-214.6414509276523,2924.9754193583835,False,False,-441.3931197848213,-309.8363083412293,2948.999905014038,False,False,-374.600241464682,-253.3980575847419,2954.9695508390073,False,False,-228.08267872971243,-151.03107405935754,2994.999887466431,False,False,-154.67542867622336,-97.70650884861081,3000.9864204533424,False,False,0.1935756192961527,2796.574475260857,0.019340185927422482,2796.400526478076,0.0006242102459711793,2833.8356997720925,0.015828882192844607,2833.8509044440393,0.01003369627502447,2916.2269971262194,0.022101735032089165,2916.2393187606785,0.005089505198272654,2949.341919412277,0.033825799974051086,2949.370655707053
123,9.444206979125738,1782751888.8984802,0.011130457744002342,-134.56414402298498,-82.98224623284531,2742.390793119486,False,False,-114.86435492251732,-47.751244001589384,2748.999981307984,False,False,-328.41895650579215,-242.9133829507595,2797.999962615967,False,False,-325.3894565516398,-204.70916037534,2804.9248277361075,False,False,-396.50358376379256,-276.36062291774914,2832.5288360067116,False,False,-344.1422165846502,-241.84420026286026,2838.999946975709,False,False,-374.99182382247767,-276.6962389583397,2866.999936294556,False,False,-315.09268117492434,-225.72803741174312,2872.958946500561,False,False,-319.36786074517835,-232.93864504691746,2885.999929046631,False,False,-280.9093452944952,-194.33404040712782,2891.781438954193,False,False,-358.6045160008559,-263.9553611272427,2917.9999168396,False,False,-321.68533942598646,-210.99298376990555,2924.9754193583835,False,False,-437.4816120059907,-301.53016168964143,2948.999905014038,False,False,-369.81891829935506,-250.53489011828714,2954.9695508390073,False,False,-219.84607390653179,-145.50135097961305,2994.999887466431,False,False,-157.4371947305682,-96.00274780695051,3000.9864204533424,False,False,0.3333494071970604,2796.714249048758,0.021392736831202016,2796.4025790289797,-0.0017334334387669075,2833.833342128408,0.006070931840938413,2833.8411464936876,0.012630829782729586,2916.229594259727,0.0236434316081624,2916.2408604572543,0.0023924072328911435,2949.339222314312,0.05984892513036105,2949.396678832209
124,9.512911729048938,1782751888.9673002,0.011357207782566547,-172.24436531466824,-117.31037381177983,2742.390793119486,False,False,-127.91021334474434,-104.9007503744231,2748.999981307984,False,False,-334.9985848335727,-262.8948069810802,2797.999962615967,False,False,-326.2329125531069,-209.59024666075737,2804.9248277361075,False,False,-372.0540559953541,-267.08443011278536,2832.5288360067116,False,False,-325.24817526056796,-238.60343552281688,2838.999946975709,False,False,-370.49738362319283,-280.0342131002231,2866.999936294556,False,False,-317.1890378090901,-222.83419170461838,2872.958946500561,False,False,-319.32703181832073,-230.34042699514012,2885.999929046631,False,False,-278.29819054314265,-194.50250787052605,2891.781438954193,False,False,-363.7419812329982,-264.11682458660636,2917.9999168396,False,False,-323.5813246935844,-205.34910444111625,2924.9754193583835,False,False,-442.38869853592934,-300.94815539322065,2948.999905014038,False,False,-366.7927453617385,-257.20352110523584,2954.9695508390073,False,False,-220.77085001681084,-150.98709997860436,2994.999887466431,False,False,-154.37667114955528,-96.81669621297794,3000.9864204533424,False,False,-0.10586167288018809,2796.275037968681,0.025422162132405588,2796.406608454281,-0.0044125189657197895,2833.830663042881,0.014993276946402111,2833.850068838793,0.00754776085157334,2916.224511190796,0.028273329052521168,2916.2454903546986,-0.0041605059305414825,2949.3326694011485,0.06141442100249931,2949.3982443280815
125,9.588432854274288,1782751889.042676,0.011059457901865244,-135.27240272641134,-117.31037381177983,2742.390793119486,False,False,-127.91021334474434,-104.9007503744231,2748.999981307984,False,False,-334.9985848335727,-262.8948069810802,2797.999962615967,False,False,-326.2329125531069,-209.59024666075737,2804.9248277361075,False,False,-372.0540559953541,-267.08443011278536,2832.5288360067116,False,False,-325.24817526056796,-238.60343552281688,2838.999946975709,False,False,-370.49738362319283,-280.0342131002231,2866.999936294556,False,False,-317.1890378090901,-222.83419170461838,2872.958946500561,False,False,-319.32703181832073,-230.34042699514012,2885.999929046631,False,False,-278.29819054314265,-194.50250787052605,2891.781438954193,False,False,-363.7419812329982,-264.11682458660636,2917.9999168396,False,False,-323.5813246935844,-205.34910444111625,2924.9754193583835,False,False,-442.38869853592934,-300.94815539322065,2948.999905014038,False,False,-366.7927453617385,-257.20352110523584,2954.9695508390073,False,False,-220.77085001681084,-150.98709997860436,2994.999887466431,False,False,-154.37667114955528,-96.81669621297794,3000.9864204533424,False,False,0.028164818552222335,2796.4090644601133,0.025422162132405588,2796.406608454281,-0.0044125189657197895,2833.830663042881,0.014993276946402111,2833.850068838793,0.00754776085157334,2916.224511190796,0.028273329052521168,2916.2454903546986,-0.0041605059305414825,2949.3326694011485,0.06141442100249931,2949.3982443280815
126,9.670022437116131,1782751889.124232,0.010996542405337095,-143.12159122168904,-86.50081456123728,2742.390793119486,False,False,-117.11468961090563,-59.7645979154568,2748.999981307984,False,False,-336.735217165388,-249.64935354708564,2797.999962615967,False,False,-335.6014472598343,-212.90140141210992,2804.9248277361075,False,False,-403.2479169850536,-283.22885808601035,2832.5288360067116,False,False,-349.9737980254913,-245.3366552556775,2838.999946975709,False,False,-379.91778586056176,-284.1257190451447,2866.999936294556,False,False,-325.2496347464621,-225.42885961426782,2872.958946500561,False,False,-329.93137665433864,-240.0904132408228,2885.999929046631,False,False,-286.5587721979399,-200.72234006785465,2891.781438954193,False,False,-367.5650762600483,-274.4126203502766,2917.9999168396,False,False,-328.04573921814347,-218.7459837393404,2924.9754193583835,False,False,-444.61047620503103,-311.41407372314086,2948.999905014038,False,False,-380.69022984992506,-260.12293456001464,2954.9695508390073,False,False,-235.66378488247702,-152.98217134822875,2994.999887466431,False,False,-157.71772473026255,-102.8222881071003,3000.9864204533424,False,False,0.12971725138238185,2796.5106168929433,0.0204893773561148,2796.4016756695046,0.0004062072570273046,2833.835481769104,0.015780322800106064,2833.850855884647,0.00906551615192571,2916.2260289460964,0.02281162827102145,2916.2400286539173,0.003391309769319261,2949.3402212168485,-0.0030531070181651593,2949.3337768000606
127,9.756240333197638,1782751889.2104058,0.010913083795458078,-145.36973591710733,-86.89873918757833,2742.390793119486,False,False,-119.70265763975912,-58.50444570101172,2748.999981307984,False,False,-335.6559235259956,-248.83616468502615,2797.999962615967,False,False,-328.747727481126,-209.40619861234217,2804.9248277361075,False,False,-406.31020875997183,-289.6034935966012,2832.5288360067116,False,False,-354.2231210074273,-243.326094996485,2838.999946975709,False,False,-376.5366858208271,-282.7580585016964,2866.999936294556,False,False,-323.862907662683,-230.58680808142557,2872.958946500561,False,False,-328.1585811657548,-238.6958813460892,2885.999929046631,False,False,-291.5596723415961,-197.97283063850597,2891.781438954193,False,False,-370.1034370510743,-272.8497035180487,2917.9999168396,False,False,-327.91934162667724,-218.03293700522664,2924.9754193583835,False,False,-440.99723079744473,-311.29803007610724,2948.999905014038,False,False,-373.733824922823,-257.3398370877526,2954.9695508390073,False,False,-230.41936607879697,-154.5653620441972,2994.999887466431,False,False,-164.84814928019074,-106.75849099856346,3000.9864204533424,False,False,0.15869862502209797,2796.539598266583,0.01990489338025146,2796.4010911855285,0.007790351261826326,2833.8428659131087,0.010881852082586949,2833.845957413929,0.0166119982683626,2916.2335754282126,0.021010235144157733,2916.2382272607906,0.0033790296651031652,2949.340208936744,0.024764672827006617,2949.361594579906
128,9.830445687053725,1782751889.284459,0.010604542214423418,-134.99693584375092,-75.43577803588349,2742.390793119486,False,False,-106.01624384876364,-45.80444111623926,2748.999981307984,False,False,-326.09993428492834,-240.4078048109546,2797.999962615967,False,False,-316.16242931809154,-199.41356022862732,2804.9248277361075,False,False,-394.41639820276924,-268.87319130727144,2832.5288360067116,False,False,-338.14472445517623,-235.4680410795611,2838.999946975709,False,False,-365.3617049240456,-277.10143350551704,2866.999936294556,False,False,-316.9380245743802,-217.80301830852463,2872.958946500561,False,False,-312.9030626279916,-226.08465476663508,2885.999929046631,False,False,-281.2834871779197,-192.91806858819575,2891.781438954193,False,False,-358.52362533239597,-262.49135464743097,2917.9999168396,False,False,-322.43994253751873,-211.47952746278693,2924.9754193583835,False,False,-434.9777088363847,-298.7754729956903,2948.999905014038,False,False,-366.42101659687626,-248.81325152061618,2954.9695508390073,False,False,-214.81643488094875,-138.50314362563805,2994.999887466431,False,False,-155.4777684384265,-94.27715255066173,3000.9864204533424,False,False,0.22325283404575172,2796.6041524756065,0.020626778673401274,2796.401813070822,-0.004557548621874794,2833.8305180132247,0.020408713947482768,2833.855484275794,0.012559433850068743,2916.2295228637945,0.022616996318948743,2916.239834021965,0.0015926861991534468,2949.338422593278,0.04555688163665321,2949.3823867887154
129,9.905409062514082,1782751889.359576,0.010900875087827444,-131.90007641287403,-85.77647400434026,2742.390793119486,False,False,-113.2952196106,-54.42183574288597,2748.999981307984,False,False,-333.7649784515695,-250.0488125439374,2797.999962615967,False,False,-326.2291774918238,-208.90688021517866,2804.9248277361075,False,False,-401.38457224073113,-274.9297276645169,2832.5288360067116,False,False,-343.8633523856099,-241.46461166977411,2838.999946975709,False,False,-373.8320215789957,-278.28575052724887,2866.999936294556,False,False,-321.26187761714095,-228.73881774001288,2872.958946500561,False,False,-323.28926704771226,-234.8540391845218,2885.999929046631,False,False,-286.01813888803986,-194.03126356328514,2891.781438954193,False,False,-365.6429577895284,-271.464579576367,2917.9999168396,False,False,-320.73414585689403,-215.34557416633555,2924.9754193583835,False,False,-439.539002659168,-307.62397377510166,2948.999905014038,False,False,-372.3648454931687,-260.27555246507933,2954.9695508390073,False,False,-226.3126524436837,-149.7525353791607,2994.999887466431,False,False,-157.33642296054035,-100.8611623926399,3000.9864204533424,False,False,0.23137485134495386,2796.6122744929057,0.020427322879632847,2796.401613615028,-0.005297203310654266,2833.829778358536,0.009133518251390698,2833.844209080098,0.01654429760667193,2916.233507727551,0.020285880775595413,2916.237502906422,0.0001740998962446602,2949.3370040069753,0.02259341081111045,2949.35942331789
130,9.975733333267272,1782751889.429867,0.010847833938896656,-149.4963749732555,-93.13810098725433,2742.390793119486,False,False,-105.94504233273221,-55.50783079133172,2748.999981307984,False,False,-329.28203074854054,-236.25737078583,2797.999962615967,False,False,-324.920996729529,-202.18803527218267,2804.9248277361075,False,False,-385.9485237032735,-273.87227129626797,2832.5288360067116,False,False,-342.13700981141307,-233.64446465140446,2838.999946975709,False,False,-368.58698230277844,-274.6442231867225,2866.999936294556,False,False,-312.215574471987,-212.88005929639024,2872.958946500561,False,False,-314.3896170186753,-223.15649815080846,2885.999929046631,False,False,-275.95491640431584,-186.38823700217014,2891.781438954193,False,False,-349.17408686615516,-257.9598312803741,2917.9999168396,False,False,-315.57944799339793,-204.1125576917199,2924.9754193583835,False,False,-431.1273481676193,-298.686892135587,2948.999905014038,False,False,-363.50772686982305,-246.13212397224683,2954.9695508390073,False,False,-212.24205306109974,-140.39787113732922,2994.999887466431,False,False,-148.19277592688815,-93.65107436500901,3000.9864204533424,False,False,0.12908597499548363,2796.5099856165566,0.019209558558427767,2796.400395850707,0.008137870817956087,2833.8432134326645,0.01860565390009784,2833.8536812157467,0.012164200437554333,2916.2291276303818,0.027411205299475376,2916.2446282309456,0.003171932035630315,2949.3400018391144,0.03279703288061078,2949.3696269399597
131,10.089946478838101,1782751889.5441751,0.01103587495163083,-129.05540086193724,-144.23463948406027,2742.390793119486,False,False,-88.43472506647922,-136.40634226854542,2748.999981307984,False,False,-77.99056453831341,-109.3107482348626,2797.999962615967,False,False,-52.30131735794847,-330.3077177002782,2804.9248277361075,False,False,-238.55445334229907,-327.41646697435584,2832.5288360067116,False,False,-201.0497875722102,-393.67862273435827,2838.999946975709,False,False,-269.4593132010881,-336.4963398233334,2866.999936294556,False,False,-233.1453388146835,-365.69284775498977,2872.958946500561,False,False,-271.6282666503653,-318.79131185622157,2885.999929046631,False,False,-217.53962313170524,-314.8108185347067,2891.781438954193,False,False,-223.8233150961274,-270.07195494696947,2917.9999168396,False,False,-184.05056239875296,-353.84011675887155,2924.9754193583835,False,False,-258.35715682978264,-314.5410642785096,2948.999905014038,False,False,-204.0585979765871,-427.46666411957096,2954.9695508390073,False,False,-296.44114527615613,-359.1789574227466,2994.999887466431,False,False,-245.86551334168786,-216.64053855793622,3000.9864204533424,False,False,-0.10480185667912612,2796.276097784882,-0.04999925328829627,2796.33118703886,-0.032170342011240985,2833.8029052198353,-0.024379839562910736,2833.810695722284,-0.027317981256714825,2916.1896454486878,-0.04394229254076461,2916.1732747331057,-0.032600274007170235,2949.304229633072,0.14365920378126573,2949.48048911086
132,10.16247006226331,1782751889.616547,0.010725541971623898,-139.82912400281197,-83.02495033163187,2742.390793119486,False,False,-112.67038542653665,-51.48579484671577,2748.999981307984,False,False,-331.5808020295259,-249.0379389919614,2797.999962615967,False,False,-326.8334413301953,-204.31933398538985,2804.9248277361075,False,False,-392.4161475685424,-275.38681266619795,2832.5288360067116,False,False,-342.101875171929,-243.14602041751996,2838.999946975709,False,False,-375.61359537854935,-278.18126356328514,2866.999936294556,False,False,-314.157094171226,-218.91306354494606,2872.958946500561,False,False,-318.625255983128,-226.38110615276463,2885.999929046631,False,False,-279.5175505089097,-191.72120610080384,2891.781438954193,False,False,-359.9499877739402,-264.69184368982485,2917.9999168396,False,False,-324.51488981263566,-211.3978298743772,2924.9754193583835,False,False,-437.2625378243727,-299.8600834428584,2948.999905014038,False,False,-374.38054681052665,-249.0972583060794,2954.9695508390073,False,False,-224.23022129168322,-150.3189702601094,2994.999887466431,False,False,-152.12237674603415,-89.86422043585904,3000.9864204533424,False,False,0.21441445802369788,2796.595314099585,0.024153585037313297,2796.4053398771857,-0.0026548562716859304,2833.832420705575,0.012669605362401689,2833.8477451672093,0.008560591366973564,2916.2255240213112,0.02494803796254972,2916.242165063609,0.004238602640765942,2949.3410685097197,0.09332528197458757,2949.4301551890535
133,10.233378374716267,1782751889.68755,0.01085091708227992,-141.82245010239325,-86.21952960234741,2742.390793119486,False,False,-105.57219793990892,-50.4091160558731,2748.999981307984,False,False,-328.2956689182994,-237.22257083473423,2797.999962615967,False,False,-323.7852660696274,-199.17063453250603,2804.9248277361075,False,False,-397.0681618119021,-273.94719717578016,2832.5288360067116,False,False,-342.44166641195704,-237.95853837454533,2838.999946975709,False,False,-374.22340984809114,-277.10851697894066,2866.999936294556,False,False,-312.9654415135862,-223.57183727114344,2872.958946500561,False,False,-320.989962404866,-237.3908533789773,2885.999929046631,False,False,-280.2041996515573,-196.50660971360452,2891.781438954193,False,False,-359.75285936974666,-271.943150349971,2917.9999168396,False,False,-328.4163676376196,-217.62549744781003,2924.9754193583835,False,False,-439.1087981783171,-303.55526331876393,2948.999905014038,False,False,-371.2657563346272,-250.3737919124614,2954.9695508390073,False,False,-221.47186019500563,-145.78548002567473,2994.999887466431,False,False,-153.28520341107068,-89.82030137237521,3000.9864204533424,False,False,0.1911153811119458,2796.572015022673,0.02177399679889531,2796.4029602889473,-0.00152833633180333,2833.833547225515,0.007375833558284002,2833.842451395405,0.012513898196628204,2916.229477328141,0.026512138207340556,2916.2437291638535,0.003439300948912332,2949.340269208028,0.0869710523330658,2949.423800959412
