batch,time_s,timestamp_epoch_s,acq_seconds,peak_01,peak_01_ref,peak_01_freq_mhz,peak_01_spike_sig,peak_01_spike_ref,peak_02,peak_02_ref,peak_02_freq_mhz,peak_02_spike_sig,peak_02_spike_ref,peak_03,peak_03_ref,peak_03_freq_mhz,peak_03_spike_sig,peak_03_spike_ref,peak_04,peak_04_ref,peak_04_freq_mhz,peak_04_spike_sig,peak_04_spike_ref,peak_05,peak_05_ref,peak_05_freq_mhz,peak_05_spike_sig,peak_05_spike_ref,peak_06,peak_06_ref,peak_06_freq_mhz,peak_06_spike_sig,peak_06_spike_ref,peak_07,peak_07_ref,peak_07_freq_mhz,peak_07_spike_sig,peak_07_spike_ref,peak_08,peak_08_ref,peak_08_freq_mhz,peak_08_spike_sig,peak_08_spike_ref,peak_09,peak_09_ref,peak_09_freq_mhz,peak_09_spike_sig,peak_09_spike_ref,peak_10,peak_10_ref,peak_10_freq_mhz,peak_10_spike_sig,peak_10_spike_ref,peak_11,peak_11_ref,peak_11_freq_mhz,peak_11_spike_sig,peak_11_spike_ref,peak_12,peak_12_ref,peak_12_freq_mhz,peak_12_spike_sig,peak_12_spike_ref,peak_13,peak_13_ref,peak_13_freq_mhz,peak_13_spike_sig,peak_13_spike_ref,peak_14,peak_14_ref,peak_14_freq_mhz,peak_14_spike_sig,peak_14_spike_ref,peak_15,peak_15_ref,peak_15_freq_mhz,peak_15_spike_sig,peak_15_spike_ref,peak_16,peak_16_ref,peak_16_freq_mhz,peak_16_spike_sig,peak_16_spike_ref,delta_f_mhz_b01,delta_B_proj_uT_b01,delta_f_mhz_b02,delta_B_proj_uT_b02,delta_f_mhz_b03,delta_B_proj_uT_b03,delta_f_mhz_b04,delta_B_proj_uT_b04,delta_f_mhz_b05,delta_B_proj_uT_b05,delta_f_mhz_b06,delta_B_proj_uT_b06,delta_f_mhz_b07,delta_B_proj_uT_b07,delta_f_mhz_b08,delta_B_proj_uT_b08,delta_Bx_uT,delta_By_uT,delta_Bz_uT,delta_B_total_uT,B_residual_uT,B_status,B_rank,B_condition_number
0,0.006726349995005876,1786044495.480994,0.01249569997889921,-1590.842286884494,-1571.5001940887,2765.9999748229984,True,True,-1582.6187333802,-1572.6410795610843,2772.49712302149,True,True,-1599.0750374423085,-1592.7470993673014,2804.999959945679,True,True,-1586.892552801296,-1575.9455099795214,2811.685229897935,True,True,-1582.9132927835683,-1575.3808967814898,2840.84162532179,True,True,-1556.1574151052969,-1553.7533606382,2846.9999439239505,True,True,-1566.41216951432,-1569.517004920989,2866.999936294556,True,True,-1560.7546199223646,-1554.8026209615798,2872.8182364549957,True,True,-1561.9485802488002,-1564.517741541095,2878.9999317169195,True,True,-1559.6693691353116,-1547.1171256533305,2885.742785622088,True,True,-1555.7445227251887,-1568.1658281627288,2902.999922561646,True,True,-1554.788684781612,-1558.1750955160926,2909.0527841604876,True,True,-1601.4013097166612,-1601.2024818901489,2934.206702248176,True,True,-1593.1882476999724,-1573.0231760246966,2940.9999080657963,True,True,-1587.552513983556,-1586.5351972980409,2967.3729367295477,True,True,-1580.232808631598,-1570.1480377173948,2973.9998954772955,True,True,0.24127109073515396,8.60256931194048,-0.07615970228633623,-2.7075241407095256,0.14376326971788772,5.111782040605929,-0.28962355792628397,-10.689047057400776,-0.4196796525643419,-15.44987040169464,-0.2618048608125886,-9.304707319932538,-0.3184031828190898,-11.318037486259032,-0.18443420460480145,-6.576026901202933,-0.49114079254519194,7.675867206305658,7.819461880804198,10.968324427746039,19.738825803187883,ok,3,2.879420700938782
1,0.2590667000040412,1786044495.7335203,0.012244999990798533,-1590.842286884494,-1571.5001940887,2765.9999748229984,True,True,-1582.6187333802,-1572.6410795610843,2772.49712302149,True,True,-1599.0750374423085,-1592.7470993673014,2804.999959945679,True,True,-1586.892552801296,-1575.9455099795214,2811.685229897935,True,True,-1582.9132927835683,-1575.3808967814898,2840.84162532179,True,True,-1556.1574151052969,-1553.7533606382,2846.9999439239505,True,True,-1566.41216951432,-1569.517004920989,2866.999936294556,True,True,-1560.7546199223646,-1554.8026209615798,2872.8182364549957,True,True,-1561.9485802488002,-1564.517741541095,2878.9999317169195,True,True,-1559.6693691353116,-1547.1171256533305,2885.742785622088,True,True,-1555.7445227251887,-1568.1658281627288,2902.999922561646,True,True,-1554.788684781612,-1558.1750955160926,2909.0527841604876,True,True,-1601.4013097166612,-1601.2024818901489,2934.206702248176,True,True,-1593.1882476999724,-1573.0231760246966,2940.9999080657963,True,True,-1587.552513983556,-1586.5351972980409,2967.3729367295477,True,True,-1580.232808631598,-1570.1480377173948,2973.9998954772955,True,True,0.24127109073515396,8.60256931194048,-0.07615970228633623,-2.7075241407095256,0.14376326971788772,5.111782040605929,-0.28962355792628397,-10.689047057400776,-0.4196796525643419,-15.44987040169464,-0.2618048608125886,-9.304707319932538,-0.3184031828190898,-11.318037486259032,-0.18443420460480145,-6.576026901202933,-0.49114079254519194,7.675867206305658,7.819461880804198,10.968324427746039,19.738825803187883,ok,3,2.879420700938782
2,0.511240749998251,1786044495.985694,0.012280100025236607,-1590.842286884494,-1571.5001940887,2765.9999748229984,True,True,-1582.6187333802,-1572.6410795610843,2772.49712302149,True,True,-1599.0750374423085,-1592.7470993673014,2804.999959945679,True,True,-1586.892552801296,-1575.9455099795214,2811.685229897935,True,True,-1582.9132927835683,-1575.3808967814898,2840.84162532179,True,True,-1556.1574151052969,-1553.7533606382,2846.9999439239505,True,True,-1566.41216951432,-1569.517004920989,2866.999936294556,True,True,-1560.7546199223646,-1554.8026209615798,2872.8182364549957,True,True,-1561.9485802488002,-1564.517741541095,2878.9999317169195,True,True,-1559.6693691353116,-1547.1171256533305,2885.742785622088,True,True,-1555.7445227251887,-1568.1658281627288,2902.999922561646,True,True,-1554.788684781612,-1558.1750955160926,2909.0527841604876,True,True,-1601.4013097166612,-1601.2024818901489,2934.206702248176,True,True,-1593.1882476999724,-1573.0231760246966,2940.9999080657963,True,True,-1587.552513983556,-1586.5351972980409,2967.3729367295477,True,True,-1580.232808631598,-1570.1480377173948,2973.9998954772955,True,True,0.24127109073515396,8.60256931194048,-0.07615970228633623,-2.7075241407095256,0.14376326971788772,5.111782040605929,-0.28962355792628397,-10.689047057400776,-0.4196796525643419,-15.44987040169464,-0.2618048608125886,-9.304707319932538,-0.3184031828190898,-11.318037486259032,-0.18443420460480145,-6.576026901202933,-0.49114079254519194,7.675867206305658,7.819461880804198,10.968324427746039,19.738825803187883,ok,3,2.879420700938782
3,0.7764722499850905,1786044496.250977,0.01300710000214167,-1590.842286884494,-1571.5001940887,2765.9999748229984,True,True,-1582.6187333802,-1572.6410795610843,2772.49712302149,True,True,-1599.0750374423085,-1592.7470993673014,2804.999959945679,True,True,-1586.892552801296,-1575.9455099795214,2811.685229897935,True,True,-1582.9132927835683,-1575.3808967814898,2840.84162532179,True,True,-1556.1574151052969,-1553.7533606382,2846.9999439239505,True,True,-1566.41216951432,-1569.517004920989,2866.999936294556,True,True,-1560.7546199223646,-1554.8026209615798,2872.8182364549957,True,True,-1561.9485802488002,-1564.517741541095,2878.9999317169195,True,True,-1559.6693691353116,-1547.1171256533305,2885.742785622088,True,True,-1555.7445227251887,-1568.1658281627288,2902.999922561646,True,True,-1554.788684781612,-1558.1750955160926,2909.0527841604876,True,True,-1601.4013097166612,-1601.2024818901489,2934.206702248176,True,True,-1593.1882476999724,-1573.0231760246966,2940.9999080657963,True,True,-1587.552513983556,-1586.5351972980409,2967.3729367295477,True,True,-1580.232808631598,-1570.1480377173948,2973.9998954772955,True,True,0.24127109073515396,8.60256931194048,-0.07615970228633623,-2.7075241407095256,0.14376326971788772,5.111782040605929,-0.28962355792628397,-10.689047057400776,-0.4196796525643419,-15.44987040169464,-0.2618048608125886,-9.304707319932538,-0.3184031828190898,-11.318037486259032,-0.18443420460480145,-6.576026901202933,-0.49114079254519194,7.675867206305658,7.819461880804198,10.968324427746039,19.738825803187883,ok,3,2.879420700938782
4,1.0328909999952884,1786044496.5078237,0.0123015999852214,-1447.4851713176636,-1443.8466470030871,2765.9999748229984,False,False,-1444.1409985634377,-1444.8383623192835,2772.49712302149,False,False,-1463.2227175474522,-1461.2062016688571,2804.999959945679,False,False,-1454.681940581349,-1451.8887504966838,2811.685229897935,False,False,-1445.5865650884862,-1443.09540758627,2840.84162532179,False,False,-1421.0651725402697,-1421.514681969618,2846.9999439239505,False,False,-1430.7076367026316,-1436.2618990127455,2866.999936294556,False,False,-1434.2140370449613,-1432.9841382156064,2872.8182364549957,False,False,-1433.3959317785861,-1433.604571018125,2878.9999317169195,False,False,-1420.6361876088886,-1418.8855335146868,2885.742785622088,False,False,-1431.839215086958,-1432.6222819940701,2902.999922561646,False,False,-1429.700880276309,-1414.6907418161813,2909.0527841604876,False,False,-1454.0143029617632,-1461.756591374515,2934.206702248176,False,False,-1454.6863771128158,-1442.0588875813798,2940.9999080657963,False,True,-1455.93127273283,-1451.9366063514383,2967.3729367295477,False,False,-1447.9751917963138,-1433.9913408931138,2973.9998954772955,False,False,0.12148186363479588,4.331460304165505,-0.01392881408462509,-0.4951778861186973,0.09079400577438203,3.2283570693885593,-0.23570746556662872,-8.699182515614414,-0.059339984876890434,-2.184511615906662,-0.5081954005946153,-18.061580098979565,-0.3524627740121538,-12.528728053095428,-0.22331528908773465,-7.962337309598061,-1.8391346723117854,2.9832437055722205,12.902229589720022,13.36973027908875,14.912029082159444,ok,3,2.879420700938782
5,1.2787971000070684,1786044496.7532377,0.01220699999248609,-1439.6054329553444,-1437.4847800837483,2765.9999748229984,False,False,-1437.241290460617,-1431.5825075648747,2772.49712302149,False,False,-1459.7937127487237,-1457.152599565975,2804.999959945679,False,False,-1452.5010269890272,-1442.0315065562245,2811.685229897935,False,False,-1436.8611899012747,-1438.3851117156219,2840.84162532179,False,True,-1420.2618562215362,-1423.2791362288722,2846.9999439239505,False,True,-1429.2084772442463,-1434.7588700064186,2866.999936294556,False,False,-1428.9245468716567,-1429.160746706605,2872.8182364549957,False,False,-1427.0947978115355,-1435.8422624323748,2878.9999317169195,False,False,-1416.1564003423298,-1408.7638505975485,2885.742785622088,False,False,-1425.264053855794,-1428.2792263960632,2902.999922561646,False,False,-1421.3695112632574,-1420.248201240945,2909.0527841604876,False,False,-1452.6420912675364,-1449.5515909160376,2934.206702248176,False,False,-1454.6863771128158,-1439.4491900235353,2940.9999080657963,True,False,-1447.4119525017575,-1446.52847602164,2967.3729367295477,False,False,-1451.0762753308677,-1432.2778509643308,2973.9998954772955,False,False,-0.10023682234121711,-3.5739640798720242,-0.13953844401510887,-4.960677292402356,0.04714147611453254,1.6762066656024122,-0.18471984239550537,-6.817398080247891,-0.48783656872743875,-17.958963981201865,-0.13212191096815198,-4.695694756366137,-0.2120171313666337,-7.536412856463434,-0.39920219834798093,-14.233609221135382,-1.1566951050706615,11.50618939702516,4.016557132040242,12.241857261104295,23.61894548014377,ok,3,2.879420700938782
6,1.5217467499896884,1786044496.996705,0.012369300005957484,-1445.2765397194119,-1434.821196931259,2765.9999748229984,False,False,-1438.711197542562,-1434.0916985053643,2772.49712302149,False,False,-1460.0955879206529,-1457.7623911116543,2804.999959945679,False,False,-1450.772214750741,-1445.8642815661583,2811.685229897935,False,False,-1438.613743619525,-1434.7307072775623,2840.84162532179,False,False,-1422.9795274627868,-1416.4345921080785,2846.9999439239505,False,False,-1428.638811626983,-1434.375583030229,2866.999936294556,False,False,-1433.5594308769141,-1427.9147293456,2872.8182364549957,False,False,-1425.5838860531221,-1426.712608124217,2878.9999317169195,False,False,-1415.8123651312774,-1414.2658082953817,2885.742785622088,False,False,-1424.8673258550602,-1429.966187303237,2902.999922561646,False,False,-1422.139276217257,-1412.2981981844302,2909.0527841604876,False,False,-1454.2901519087934,-1451.8554390683742,2934.206702248176,False,False,-1452.560930097503,-1442.0588875813798,2940.9999080657963,False,True,-1450.8266298866033,-1447.5503958186878,2967.3729367295477,False,False,-1445.9359782376134,-1434.500591435645,2973.9998954772955,False,False,0.1644876749023648,5.864841162677071,-0.04594972990502385,-1.6335410885561568,-0.08509409924813804,-3.0256858316575133,-0.39667957229388495,-14.640130261911091,-0.08107873190216791,-2.984790643454395,-0.4798204833595332,-17.05311792115642,-0.14059515771040917,-4.997629895732022,-0.18209889742417784,-6.492761202872954,-3.7547889653064788,2.7955053658493334,8.612105234354463,9.80212461622863,18.473772796309515,ok,3,2.879420700938782
7,1.7673351499979617,1786044497.2417796,0.012129100010497496,-1450.4984411773698,-1440.7007243940457,2765.9999748229984,False,False,-1437.338602255708,-1440.4139346517102,2772.49712302149,False,False,-1464.5133539138674,-1464.5111027905982,2804.999959945679,False,False,-1459.2386404621452,-1449.3273710914814,2811.685229897935,False,False,-1441.1224225937588,-1441.3157517498548,2840.84162532179,False,False,-1423.7788168230586,-1420.2228489775957,2846.9999439239505,False,False,-1428.9403536387813,-1438.8358697313324,2866.999936294556,False,False,-1437.2584741877313,-1430.6260246966408,2872.8182364549957,False,False,-1432.8506617354892,-1430.2374591191124,2878.9999317169195,False,False,-1423.3441880368005,-1421.5192315921388,2885.742785622088,False,False,-1433.5494574685943,-1432.8280175443958,2902.999922561646,False,False,-1426.6996454442647,-1416.3422074151053,2909.0527841604876,False,False,-1457.035449460525,-1463.8618638628236,2934.206702248176,False,False,-1457.412077818871,-1441.635013907143,2940.9999080657963,False,False,-1458.1672005379464,-1449.7667848519118,2967.3729367295477,False,False,-1447.9355090625668,-1439.6720848488553,2973.9998954772955,False,False,0.3615186520344826,12.890020317849846,-0.17512274791890362,-6.225721127364323,-0.11726413696652116,-4.1695539516379885,-0.5742987520314007,-21.195466382029004,0.02337293596234875,0.8604392167190756,-0.3101658853498444,-11.023488161566185,-0.391438846804712,-13.91418107849429,0.001739390831453834,0.06201821903835928,-1.8849607130988228,0.2480029968935974,10.123591428428563,10.300567255551828,25.09431527363796,ok,3,2.879420700938782
8,2.008958149992395,1786044497.4833407,0.012270100007299334,-1449.9130497906287,-1435.463193446832,2765.9999748229984,False,False,-1444.0884585995047,-1438.292861509307,2772.49712302149,False,False,-1464.3695448849223,-1467.4007366201058,2804.999959945679,False,False,-1452.5010269890272,-1452.1799293945046,2811.685229897935,True,False,-1441.3676039979214,-1440.6397316379864,2840.84162532179,False,False,-1425.129953846624,-1422.6343491151388,2846.9999439239505,False,False,-1432.0142387749486,-1438.102434514167,2866.999936294556,False,False,-1435.6157548063698,-1428.2192453464559,2872.8182364549957,False,False,-1432.309799186967,-1432.875259039643,2878.9999317169195,False,False,-1422.3482959929088,-1417.849564446618,2885.742785622088,False,False,-1430.5439022526516,-1436.8837041904821,2902.999922561646,False,False,-1422.2886358773726,-1420.7278341534982,2909.0527841604876,False,False,-1458.5939175352262,-1463.1273007916373,2934.206702248176,False,False,-1452.385340954244,-1444.6655194547177,2940.9999080657963,False,False,-1451.8826267689583,-1451.7613580095974,2967.3729367295477,False,False,-1446.2903643365835,-1433.9341978176485,2973.9998954772955,False,False,0.2442373349035151,8.708331344916392,-0.05857414530509986,-2.0823468011827844,-0.05552034619743783,-1.974133651364592,-0.4694914832242704,-17.327376934270035,-0.15347638428035668,-5.650000500056798,-0.25101794681710143,-8.921333698442979,-0.21173382341145228,-7.526342322530611,-0.2722185310210551,-9.705989118646382,-2.307691641437289,6.092779227669655,8.71878362099246,10.884143845924159,19.446440165380842,ok,3,2.879420700938782
9,2.2569298500020523,1786044497.7312043,0.011527499998919666,-1440.9793639392367,-1438.2287816731364,2765.9999748229984,False,False,-1435.815768560687,-1436.5340618027326,2772.49712302149,False,False,-1462.3314163890332,-1468.6849680594187,2804.999959945679,False,False,-1459.2141440229848,-1445.791395910383,2811.685229897935,False,False,-1441.0064568878565,-1440.5318549989302,2840.84162532179,False,False,-1429.117353363695,-1425.0432924779166,2846.9999439239505,False,False,-1433.1064477183118,-1439.1373582541187,2866.999936294556,False,False,-1430.9465018186265,-1425.2938258397776,2872.8182364549957,False,False,-1435.1930097502827,-1431.7064186814193,2878.9999317169195,False,False,-1425.6279747531864,-1415.4394534951248,2885.742785622088,False,False,-1425.1003958186877,-1432.8031558516977,2902.999922561646,False,False,-1425.8115001375431,-1420.9706696824283,2909.0527841604876,False,False,-1458.226098053,-1464.8068572913166,2934.206702248176,False,False,-1456.1777852492585,-1445.287880918177,2940.9999080657963,False,False,-1454.312919888743,-1456.6954091145276,2967.3729367295477,False,False,-1449.4445273099614,-1439.696463612189,2973.9998954772955,False,False,0.09760435934672852,3.480103081846093,-0.3486072667790993,-12.393202206628311,-0.11244085542904131,-3.9980528165534968,-0.4068560145242304,-15.015709067226263,-0.20489838271658342,-7.543023444537164,-0.40005555631676526,-14.21822288435258,-0.30165445377999994,-10.72268306350089,-0.26816793448386,-9.561564542675832,-5.922720578866777,7.624474174205208,7.868019430130454,12.454595747809904,26.727806170647597,ok,3,2.879420700938782
10,2.4850795499951346,1786044497.9595454,0.01213289998122491,-1444.883577345111,-1434.6678928385852,2765.9999748229984,False,False,-1440.6483494819208,-1437.7437509551607,2772.49712302149,False,False,-1463.1330607940822,-1469.259287220711,2804.999959945679,False,False,-1461.6421172479138,-1451.2976648225692,2811.685229897935,False,False,-1442.0711464987621,-1438.8753094721399,2840.84162532179,False,False,-1426.3412216890306,-1422.2517345722408,2846.9999439239505,False,False,-1434.6678225387411,-1438.3592887489685,2866.999936294556,False,False,-1433.5515985573247,-1424.3662178683865,2872.8182364549957,False,False,-1428.71671913684,-1433.4487346028059,2878.9999317169195,False,False,-1419.102329064401,-1414.5244857413577,2885.742785622088,False,False,-1433.6866063514383,-1435.2204893480452,2902.999922561646,False,False,-1421.0447351529785,-1417.4986352660696,2909.0527841604876,False,False,-1460.331107681022,-1458.8234113763488,2934.206702248176,False,False,-1455.2782773481676,-1449.5578995629185,2940.9999080657963,False,False,-1450.3196167130238,-1448.0245759085492,2967.3729367295477,False,False,-1448.0106015221445,-1432.8799584313965,2973.9998954772955,False,False,0.20634876728183663,7.357406838783082,-0.2893697652753192,-10.287272685609471,-0.029085282628216923,-1.0341836664999537,-0.449682238571029,-16.596283269838374,-0.28124122786961514,-10.353469594366057,-0.162633094128341,-5.780081151673135,-0.07305487211856362,-2.596826369231225,-0.2862935420867645,-10.20783557170081,-6.8720343399576125,9.253596621923078,4.113854384710504,12.238370165566357,24.521752416183343,ok,3,2.879420700938782
11,2.7225335499970242,1786044498.1972966,0.012537100003100932,-1444.6078093957271,-1441.885920163829,2765.9999748229984,False,False,-1444.0527844851301,-1430.5366934621147,2772.49712302149,False,False,-1462.8502628602869,-1459.7720496989334,2804.999959945679,False,False,-1458.7027997677048,-1453.663923953908,2811.685229897935,False,False,-1445.1114894397408,-1443.2035776507623,2840.84162532179,False,False,-1422.8773558089067,-1422.735449460525,2846.9999439239505,False,False,-1435.0090304734542,-1435.429400617416,2866.999936294556,False,False,-1432.4167114955526,-1436.169913194975,2872.8182364549957,False,False,-1428.1422043585903,-1427.4015710486901,2878.9999317169195,False,False,-1420.7299171684444,-1414.8920897392793,2885.742785622088,False,False,-1426.562828193294,-1429.156252101354,2902.999922561646,False,False,-1421.6621527034872,-1420.7549087630284,2909.0527841604876,False,False,-1457.2649371886178,-1462.3995858422227,2934.206702248176,False,False,-1454.4480484151968,-1451.2053565424703,2940.9999080657963,False,False,-1457.9227297735124,-1451.6877983922732,2967.3729367295477,False,False,-1449.4247562429318,-1437.229897301097,2973.9998954772955,False,False,-0.30588280183629263,-10.906312878635573,-0.03477442424525618,-1.2362521162349347,0.05433276532971333,1.9319069090032506,0.11574708149217458,4.271841730297229,-0.1551782847397237,-5.712653386307398,-0.11174492538815704,-3.971484035847606,-0.14410364188639502,-5.1223433331800265,-0.13366260353291978,-4.765758490409756,1.0353051240291011,2.2317750100442986,1.4841302258873,2.8732070796744584,16.028537062596605,ok,3,2.879420700938782
12,2.9634099999966566,1786044498.4382195,0.012254200002644211,-1441.4935583947185,-1437.3977947244553,2765.9999748229984,False,False,-1438.49062719687,-1435.589571170951,2772.49712302149,False,False,-1459.3559449216004,-1467.9094583855488,2804.999959945679,False,False,-1461.3037151939357,-1450.676062903078,2811.685229897935,False,False,-1440.1535669529603,-1439.6664669743554,2840.84162532179,False,False,-1421.7431809151205,-1421.3204266894886,2846.9999439239505,False,False,-1431.3969251459487,-1435.7697450866522,2866.999936294556,False,False,-1429.5054268423144,-1424.2701974508666,2872.8182364549957,False,False,-1428.1417703334657,-1430.1804199651558,2878.9999317169195,False,False,-1414.9115948895071,-1412.8180884555431,2885.742785622088,False,False,-1429.032756670844,-1431.4889950178806,2902.999922561646,False,False,-1423.143426964575,-1420.248201240945,2909.0527841604876,False,True,-1455.8460158327475,-1464.7431748020906,2934.206702248176,False,False,-1453.0360103310206,-1437.6960754347895,2940.9999080657963,False,False,-1451.699856343797,-1443.8335253843566,2967.3729367295477,False,False,-1445.922427178531,-1434.785237032735,2973.9998954772955,False,False,0.03352406836783241,1.1953074065930347,-0.3369010213562823,-11.977037999995982,0.0018183255025228122,0.06465409186930414,-0.33526453865911454,-12.373504614279904,-0.1250696398780604,-4.604249254153219,-0.17101406444570405,-6.077946040881318,-0.4199519867916309,-14.927716132904402,-0.07381852074742849,-2.6320094978166493,-2.5411600089333235,3.088786183429698,6.7170671592649285,7.817741713565601,23.03144136070183,ok,3,2.879420700938782
13,3.205341099994257,1786044498.6800456,0.012071200006175786,-1440.8990830455111,-1438.7561863862823,2765.9999748229984,False,False,-1437.9308738576276,-1434.9295351040741,2772.49712302149,False,False,-1457.6588654216462,-1458.7731347617446,2804.999959945679,False,False,-1457.8310144573156,-1444.6558165479719,2811.685229897935,False,False,-1438.886965491946,-1437.2777363450193,2840.84162532179,False,False,-1421.1965690619552,-1422.3415548491607,2846.9999439239505,False,False,-1431.7724409328482,-1441.0782162178687,2866.999936294556,False,False,-1434.4469954457927,-1431.58385701623,2872.8182364549957,False,False,-1429.3983953296452,-1427.4663447137577,2878.9999317169195,False,False,-1416.1804444172753,-1415.9240089250238,2885.742785622088,False,False,-1427.1719366078798,-1439.0258565883178,2902.999922561646,False,False,-1418.1204251612312,-1412.6510147629672,2909.0527841604876,False,False,-1453.8284943607298,-1460.4028471436868,2934.206702248176,False,False,-1455.4829736834065,-1444.1660742121835,2940.9999080657963,False,False,-1451.8826267689583,-1448.1991548736132,2967.3729367295477,True,False,-1443.7675719045142,-1433.326772014549,2973.9998954772955,False,False,-0.024364455387592018,-0.8687195618041074,-0.25316356018861647,-9.00011988205505,0.08555564007608052,3.0420968114572386,-0.42186371953264457,-15.569593793341527,0.05043553882889119,1.8567079289757622,-0.5515779441157578,-19.603422633933203,-0.3094466079263364,-10.99966488242025,-0.1512334659726054,-5.392250004433944,-7.097133372803701,-0.22953566057790065,12.209431922121572,14.124171359473173,20.702504768377132,ok,3,2.879420700938782
14,3.4393817499949364,1786044498.9130287,0.010828300000866875,-1444.22152397836,-1432.1450408044743,2765.9999748229984,False,False,-1438.7306354494608,-1435.4736085215636,2772.49712302149,False,False,-1458.0706330042485,-1465.8451447259836,2804.999959945679,False,False,-1455.6865024299293,-1443.2045740746403,2811.685229897935,False,False,-1440.198702509399,-1435.6034890118287,2840.84162532179,False,False,-1420.9978054222574,-1422.3415548491607,2846.9999439239505,False,True,-1432.6261928049637,-1438.3592887489685,2866.999936294556,False,True,-1427.4266711495552,-1426.5800027508635,2872.8182364549957,False,False,-1422.9508726350216,-1431.9330592658252,2878.9999317169195,False,False,-1419.479727664517,-1413.474066998808,2885.742785622088,False,False,-1421.3019790934377,-1433.6540942017912,2902.999922561646,False,False,-1419.0040315432348,-1410.02410214873,2909.0527841604876,False,False,-1459.097842100437,-1461.1720283033285,2934.206702248176,False,False,-1455.2782773481676,-1441.8027951829324,2940.9999080657963,True,False,-1446.711656019806,-1451.6434957361616,2967.3729367295477,False,False,-1450.2080722560136,-1438.7940459088545,2973.9998954772955,False,False,0.249361238171897,8.891025147475272,-0.357380183963292,-12.705084794763225,0.18428545724389453,6.5526270551078065,-0.22842041461959284,-8.430241580559784,-0.4526407471359497,-16.663283147148785,-0.6825472515738019,-24.258153145845693,-0.27001426191578476,-9.597993057512214,-0.3614444736501474,-12.887352360195697,-9.630186352949197,12.456937237471932,10.869000708424432,19.13245804727073,24.641035683109962,ok,3,2.879420700938782
15,3.690248850005446,1786044499.1648011,0.011947499995585531,-1449.9932099520129,-1440.8620441972062,2765.9999748229984,False,False,-1442.6723339548246,-1440.822373689519,2772.49712302149,False,False,-1458.391189595623,-1462.9230659901582,2804.999959945679,False,False,-1457.5893327627841,-1446.9384326191275,2811.685229897935,False,False,-1441.8946709661645,-1439.1282039918083,2840.84162532179,False,False,-1421.5242244093286,-1419.8300547116178,2846.9999439239505,False,False,-1432.1438350093226,-1433.6910596937373,2866.999936294556,False,False,-1431.8939282330284,-1431.0363068129718,2872.8182364549957,False,False,-1434.321031879451,-1427.9210364642236,2878.9999317169195,False,False,-1418.723386924229,-1415.7025659443104,2885.742785622088,False,False,-1429.7000565455266,-1431.2701974508666,2902.999922561646,False,False,-1424.095973041538,-1411.3829354769691,2909.0527841604876,False,False,-1453.8629718494974,-1456.6927927377205,2934.206702248176,False,False,-1447.0742916526574,-1447.6812100742732,2940.9999080657963,False,False,-1454.5119173518356,-1454.9980636977718,2967.3729367295477,False,False,-1443.3341611394685,-1437.905880734786,2973.9998954772955,False,False,0.2044467668944757,7.289590632068243,-0.26789204551168927,-9.523726571303625,0.03241064113028137,1.1524232412034652,-0.08372394934183947,-3.0899738983737692,0.1010213289928856,3.718947133153556,-0.4602647311938357,-16.358094346123536,-0.038207950491269085,-1.3581491620296262,-0.13108601335954553,-4.6738898138278255,-9.278299462231654,3.0359981370973,6.582929190776281,11.774509855194863,13.371798938501684,ok,3,2.879420700938782
16,3.9481842999957735,1786044499.4223585,0.011851799994474277,-1438.6308753858848,-1437.4245713237767,2765.9999748229984,False,False,-1439.0506281138246,-1430.7600161995292,2772.49712302149,False,False,-1465.5258550600606,-1462.8017559678456,2804.999959945679,False,False,-1455.6895925665556,-1451.5680915120581,2811.685229897935,False,False,-1446.8446373445,-1439.8136901305131,2840.84162532179,False,False,-1419.8231928355287,-1423.6498104960724,2846.9999439239505,False,False,-1431.781514197512,-1432.3583030228933,2866.999936294556,False,False,-1436.2995461075284,-1429.568453709081,2872.8182364549957,False,False,-1429.5439251765135,-1425.3438625179572,2878.9999317169195,False,False,-1423.9576535134638,-1411.0953067212763,2885.742785622088,False,False,-1430.799637802977,-1436.6188755081457,2902.999922561646,False,False,-1422.037645566525,-1419.593735672586,2909.0527841604876,False,False,-1457.2710104838463,-1462.98823700217,2934.206702248176,False,False,-1454.4444784057218,-1444.412377357337,2940.9999080657963,False,False,-1456.1766787908427,-1447.9254026958463,2967.3729367295477,False,False,-1447.0138246171714,-1436.2963780297703,2973.9998954772955,False,False,-0.20048217436379456,-7.1482322872501145,-0.025027344972099103,-0.8897374681831006,0.3365582306012393,11.966981011085489,-0.2549473629674604,-9.409263457128835,-0.2653667088693838,-9.769073234561093,-0.26292582444847235,-9.344547063609612,-0.27221023833300634,-9.676051772846025,-0.05624564798701693,-2.005446305530817,-0.6931311197157435,-0.8195780442184529,7.654278266474888,7.729172963539706,21.251825534099485,ok,3,2.879420700938782
17,4.204012000001967,1786044499.678973,0.012054799997713417,-1445.6136427545312,-1436.4733303787025,2765.9999748229984,False,False,-1439.0506281138246,-1434.2766711495553,2772.49712302149,True,False,-1465.1141638903323,-1466.1399731026681,2804.999959945679,False,False,-1449.1137955802792,-1445.9247929211115,2811.685229897935,False,False,-1438.3200599076931,-1439.1282039918083,2840.84162532179,False,True,-1421.087530947214,-1420.5454412079346,2846.9999439239505,False,False,-1426.6276568756305,-1431.1829721551487,2866.999936294556,False,False,-1433.1291163615247,-1431.3056239875293,2872.8182364549957,False,False,-1432.456134425528,-1426.7892808020297,2878.9999317169195,False,False,-1420.5169651862946,-1412.5892517651375,2885.742785622088,False,False,-1427.5388651159947,-1431.103273527524,2902.999922561646,False,False,-1419.6282528960478,-1413.0749717272365,2909.0527841604876,False,False,-1447.6005792095852,-1451.6153528746522,2934.206702248176,False,False,-1454.4444784057218,-1442.3191903291868,2940.9999080657963,True,False,-1451.284578353761,-1448.5277500993366,2967.3729367295477,False,False,-1446.4758489470307,-1434.5390378090901,2973.9998954772955,False,False,0.1227710788380419,4.377427531777145,-0.07441321330345393,-2.645435385886683,-0.04192606627440898,-1.490762647756553,-0.22231280381816862,-8.204829878099693,-0.070571452302752,-2.597981068357213,-0.32469530836941857,-11.539872877667406,-0.28021506846785893,-9.96059342451938,-0.20472972338371956,-7.299666411292812,-1.3519045424806828,4.23420214542041,8.5761542463407,9.659530804200084,13.670480317291162,ok,3,2.879420700938782
18,4.442685350004467,1786044499.9167058,0.01167790000909008,-1440.0505318336031,-1435.1949857872055,2765.9999748229984,False,False,-1435.2526775071062,-1440.0914937188616,2772.49712302149,False,False,-1465.5003163492984,-1467.8036525353791,2804.999959945679,False,False,-1452.349309227619,-1439.2518828132165,2811.685229897935,False,False,-1435.0787067885199,-1433.0311015679922,2840.84162532179,False,False,-1420.80100712168,-1417.6320995201272,2846.9999439239505,False,False,-1426.7325992603232,-1426.7442766757345,2866.999936294556,False,False,-1428.18108475716,-1427.3244781000703,2872.8182364549957,False,False,-1428.2214811871506,-1427.4663447137577,2878.9999317169195,False,True,-1422.2148989821806,-1413.474066998808,2885.742785622088,False,True,-1427.5388651159947,-1428.984346058624,2902.999922561646,True,False,-1416.1555873093498,-1415.8274261087508,2909.0527841604876,False,False,-1451.5608322890241,-1450.5054711617813,2934.206702248176,False,False,-1450.0651114099703,-1443.4089341932327,2940.9999080657963,False,False,-1451.9153635724545,-1445.0305834887063,2967.3729367295477,False,False,-1448.3910062047255,-1435.096319955986,2973.9998954772955,False,False,0.27281801966166525,9.727381413723014,-0.27328608320087533,-9.715487920428389,-0.035850766443485844,-1.2747435725925647,-0.030343960520879388,-1.1198951640465151,-0.24327511034998006,-8.955804513989206,-0.05663385961079719,-2.0128025371302734,-0.09740968851058701,-3.4625486351185435,-0.1435355299520625,-5.117779038143826,-3.7858050166241024,9.235033221914314,0.4432625159916791,9.99072769581078,12.599788572231656,ok,3,2.879420700938782
19,4.685342149998178,1786044500.1594284,0.012160500016761944,-1434.9987070941713,-1435.026154598527,2765.9999748229984,False,False,-1436.8108215912216,-1438.4937692942508,2772.49712302149,False,False,-1466.8565042638384,-1467.2275544823792,2804.999959945679,False,False,-1450.7718953449278,-1443.705394748907,2811.685229897935,False,False,-1435.7205336675124,-1435.5407066662592,2840.84162532179,False,False,-1426.6993627166303,-1413.3367500076415,2846.9999439239505,False,False,-1427.1646193110614,-1428.8943316930038,2866.999936294556,False,False,-1426.561044716814,-1426.7971635541157,2872.8182364549957,False,False,-1429.2814194455482,-1427.796121282514,2878.9999317169195,False,False,-1417.216465446098,-1407.5026072072624,2885.742785622088,False,False,-1423.4537274199959,-1430.6710104838464,2902.999922561646,False,False,-1429.2731057248525,-1420.6470489348046,2909.0527841604876,False,False,-1450.2484564599442,-1450.2391692392334,2934.206702248176,False,False,-1453.9020081303297,-1439.1325274322219,2940.9999080657963,False,False,-1451.5310419659506,-1451.9268927468902,2967.3729367295477,False,False,-1444.1957315768561,-1430.377855549103,2973.9998954772955,False,False,0.04655927949556697,1.6600804835515488,-0.13185034920456412,-4.687360805195603,-0.4147179888855974,-14.746102893052328,-0.0521269310785102,-1.9238325198597963,-0.2521493352920845,-9.282495656705445,-0.5063650739793918,-17.996529154540728,-0.25723697864237177,-9.143808618209027,-0.3168628658757097,-11.297789010752068,-0.10275911229383569,10.045580457223824,4.5514449727612085,11.029047896250606,26.07027860029553,ok,3,2.879420700938782
20,4.92414549998648,1786044500.398851,0.012257800000952557,-1433.698985237033,-1429.7126142372465,2765.9999748229984,False,False,-1436.1409313201088,-1431.609840449919,2772.49712302149,False,False,-1462.3384861081393,-1465.6841748937861,2804.999959945679,False,False,-1452.765391081089,-1440.7295198214995,2811.685229897935,False,False,-1440.2006189442795,-1440.6948085093377,2840.84162532179,False,False,-1420.4167359476726,-1419.5473820949353,2846.9999439239505,False,False,-1431.7724409328482,-1429.8033896750926,2866.999936294556,True,False,-1432.6972246844148,-1428.835061283125,2872.8182364549957,False,False,-1432.4747394320996,-1424.8125958981568,2878.9999317169195,False,False,-1414.9395574166335,-1407.3272686982305,2885.742785622088,False,False,-1425.2517880612525,-1427.2552526209615,2902.999922561646,False,False,-1421.055047834459,-1416.0886847816123,2909.0527841604876,False,False,-1448.6409343766238,-1449.2329492312863,2934.206702248176,False,False,-1449.561524589663,-1443.3335498364763,2940.9999080657963,False,False,-1449.6577880001223,-1453.109278051166,2967.3729367295477,False,False,-1437.5655958675918,-1427.9544487575265,2973.9998954772955,False,False,-0.015244486124922962,-0.5435452217461084,-0.27244823637832893,-9.685701951862855,-0.04247194820106768,-1.5101725389927572,-0.06613491904339286,-2.4408209983116933,-0.0013503719077791279,-0.049711895351128826,-0.22368937167389072,-7.950059168286767,-0.1184686835462705,-4.211116828207971,-0.2904819728716652,-10.357174646707815,-6.109527437773604,6.491929662829598,4.79212097403982,10.121062181899076,16.156945267488656,ok,3,2.879420700938782
21,5.173982949985657,1786044500.6486316,0.012146699998993427,-1446.6593743313874,-1434.1354280649205,2765.9999748229984,False,False,-1441.1990876302839,-1433.0030442889017,2772.49712302149,False,False,-1462.7198856863404,-1467.0369761897487,2804.999959945679,False,False,-1455.8943912950454,-1446.200562398753,2811.685229897935,False,False,-1442.057636702632,-1434.4496102943424,2840.84162532179,False,False,-1424.229111776752,-1421.1940459088548,2846.9999439239505,False,False,-1433.639234954305,-1430.7993764709477,2866.999936294556,False,True,-1433.6967555093684,-1429.935235504478,2872.8182364549957,False,False,-1428.379191246141,-1425.89201026989,2878.9999317169195,False,False,-1415.000374423083,-1411.408144084115,2885.742785622088,False,False,-1428.114264755326,-1437.934298682642,2902.999922561646,False,False,-1426.2175000764132,-1416.3374239691905,2909.0527841604876,False,False,-1448.9812635632854,-1462.2919766482257,2934.206702248176,False,False,-1456.5028685392915,-1448.7459531741908,2940.9999080657963,False,False,-1453.2099168627929,-1453.5968716569369,2967.3729367295477,False,False,-1440.3075816853623,-1430.813037564569,2973.9998954772955,False,False,0.12191000290677503,4.346725696099292,-0.2470647256058162,-8.783302570965214,0.140836451940656,5.007713354778608,-0.032210190984478054,-1.1887715544485635,-0.03445218147418896,-1.2683048500910565,-0.628824971972208,-22.348829970176155,-0.36258860893799627,-12.888663460322409,-0.2201744898582466,-7.8503516816141,-6.335083336777735,4.90639105342063,12.427799236082471,14.787026337481683,19.69724697603871,ok,3,2.879420700938782
22,5.420441899987054,1786044500.8950417,0.011905199993634596,-1446.7137772411897,-1437.3646131980317,2765.9999748229984,False,False,-1440.7640431579914,-1433.9611730904423,2772.49712302149,False,False,-1468.3943469755782,-1466.2638062780816,2804.999959945679,False,False,-1458.9994956750313,-1448.3252727939603,2811.685229897935,False,False,-1441.051387657793,-1432.4756548583305,2840.84162532179,False,False,-1421.087530947214,-1421.402292386221,2846.9999439239505,True,False,-1427.1646193110614,-1440.3356389644528,2866.999936294556,True,False,-1432.079194302656,-1429.3545037747958,2872.8182364549957,False,False,-1431.6224730262554,-1425.41035547269,2878.9999317169195,False,False,-1419.0998334199346,-1415.2613717639147,2885.742785622088,False,False,-1431.452319894856,-1438.0800913897974,2902.999922561646,False,False,-1425.0591160558731,-1414.2767383928845,2909.0527841604876,False,False,-1453.2830134181008,-1462.847091726014,2934.206702248176,False,False,-1457.939600207843,-1448.4156371305437,2940.9999080657963,False,False,-1454.2535776507627,-1455.7931931411806,2967.3729367295477,False,False,-1448.822074151053,-1432.9506770180637,2973.9998954772955,False,False,0.07121661390416617,2.539242705810958,-0.15155816148725768,-5.387985622705396,0.27596762393860386,9.81256440957618,-0.5512118343012302,-20.343404651294577,0.07080803743616743,2.606690591508745,-0.5572042833763786,-19.80338622490793,-0.32889415619696977,-11.69095219429339,-0.38706463692441206,-13.800842801222002,-8.588649401688308,2.5807197287774133,18.23192082816052,20.31816797715619,19.24410223009519,ok,3,2.879420700938782
23,5.682055949990172,1786044501.1566522,0.01220090000424534,-1449.9558058501698,-1440.3356022862731,2765.9999748229984,False,False,-1443.412828193294,-1437.9072011492497,2772.49712302149,False,False,-1466.4944615948893,-1472.018034966531,2804.999959945679,False,False,-1457.5082495338813,-1449.8142815661581,2811.685229897935,False,False,-1438.967897423358,-1442.2580569734387,2840.84162532179,False,False,-1421.087530947214,-1422.4724990066327,2846.9999439239505,True,False,-1435.1529510651956,-1439.0196824280954,2866.999936294556,False,False,-1436.464264755326,-1432.6097732065896,2872.8182364549957,False,False,-1429.2600895558885,-1425.89201026989,2878.9999317169195,False,True,-1426.5370526026225,-1417.240471314607,2885.742785622088,False,False,-1430.8458156310176,-1439.1765366628968,2902.999922561646,False,False,-1428.1728168841887,-1422.5608903628085,2909.0527841604876,False,False,-1451.7056927591161,-1458.746862487392,2934.206702248176,False,False,-1450.8924947275118,-1443.4089341932327,2940.9999080657963,False,True,-1457.2450606718219,-1452.7242121832685,2967.3729367295477,False,False,-1446.9059097716784,-1436.4159855732494,2973.9998954772955,False,False,0.11531380802404806,4.11153703963479,-0.23204353035027733,-8.249289864038188,-0.058127514288776626,-2.0668365723005104,-0.26823724680550826,-9.899749088716996,-0.18057860206452356,-6.6477275754710305,-0.44336324597857485,-15.757405066665331,-0.2510957881439099,-8.925512357297146,-0.13368954916044487,-4.766719240460727,-4.250649442701374,4.603246164319851,6.867887419631577,9.296546323382495,19.907901917227363,ok,3,2.879420700938782
24,5.921015650004847,1786044501.395126,0.01177430001553148,-1447.485290521747,-1435.1949857872055,2765.9999748229984,False,True,-1446.480861631568,-1445.1796267995232,2772.49712302149,False,False,-1471.9312085460156,-1467.0369761897487,2804.999959945679,False,True,-1453.4005960204177,-1449.59879267659,2811.685229897935,False,False,-1435.3729146926676,-1439.3752636244158,2840.84162532179,False,False,-1428.9307974447536,-1420.5454412079346,2846.9999439239505,False,True,-1427.1646193110614,-1439.730014976923,2866.999936294556,True,False,-1438.6197053519577,-1434.1181877922793,2872.8182364549957,False,False,-1429.2814194455482,-1432.8890622612098,2878.9999317169195,True,False,-1429.9457774245802,-1416.0692881376654,2885.742785622088,False,False,-1435.157367729315,-1439.7240501879755,2902.999922561646,False,False,-1425.0380322156677,-1421.2726976801055,2909.0527841604876,False,False,-1450.2484564599442,-1453.820217318214,2934.206702248176,True,False,-1458.7375829079685,-1446.1559984106123,2940.9999080657963,False,False,-1457.1710242381637,-1454.596128923801,2967.3729367295477,False,False,-1453.7649631689949,-1443.6166320261639,2973.9998954772955,False,False,0.31003275266907543,11.054280211030767,0.018274955622727317,0.6496858841819115,-0.38600767477954356,-13.725251960018628,-0.591905937045139,-21.845289312552197,-0.5298791365333388,-19.506697401172783,-0.26515690788684937,-9.42384115439163,-0.2798213452531966,-9.946598042741773,-0.1677829713073032,-5.982324890574349,4.138981407637665,8.769902772076,3.76954974463617,10.404415745332516,33.44357468804442,ok,3,2.879420700938782
25,6.156214299990097,1786044501.630729,0.012329199991654605,-1449.321927438335,-1447.5201867530643,2765.9999748229984,False,False,-1445.314538313415,-1445.8841397438641,2772.49712302149,False,False,-1471.5093147293458,-1467.2275544823792,2804.999959945679,False,True,-1459.654933215148,-1450.129244735153,2811.685229897935,False,False,-1443.591593055598,-1438.9490585933918,2840.84162532179,False,False,-1431.2571996209922,-1420.8560916343188,2846.9999439239505,False,False,-1440.6143075465354,-1446.6665999327568,2866.999936294556,False,False,-1438.01175077177,-1432.070675795458,2872.8182364549957,False,False,-1429.2814194455482,-1437.64184063331,2878.9999317169195,True,False,-1424.7441544151357,-1420.6052541492186,2885.742785622088,False,False,-1436.1147186477979,-1443.4215576000245,2902.999922561646,False,False,-1427.8334229911056,-1414.2947672463856,2909.0527841604876,False,False,-1452.533895222667,-1459.5490983280863,2934.206702248176,False,False,-1456.0131582969098,-1450.8908839441272,2940.9999080657963,False,False,-1456.3406440077024,-1454.8419995720878,2967.3729367295477,False,False,-1454.1291010789496,-1440.3675474523948,2973.9998954772955,False,False,0.06629640919573332,2.363811816414882,-0.09350618298888178,-3.3242021718540906,-0.18198884291794218,-6.470966475958216,-0.4156144267742515,-15.338953078724867,-0.3755150483851711,-13.824017428501662,-0.6666241850438176,-23.692237474007282,-0.2090942711951237,-7.432516153247877,-0.2719202948055138,-9.695355465412076,-3.1491437144396413,7.047506887615456,8.126051315140868,11.20790655927701,29.615758764314734,ok,3,2.879420700938782
26,6.410398449996137,1786044501.8847945,0.012044100003549829,-1444.662612708989,-1438.519810801724,2765.9999748229984,False,False,-1447.9320124094506,-1444.8158709539384,2772.49712302149,False,False,-1483.7684063330987,-1467.2275544823792,2804.999959945679,False,True,-1459.2096616437939,-1444.9375416450162,2811.685229897935,False,False,-1438.6934300210899,-1431.5089510040652,2840.84162532179,False,False,-1430.6377280924291,-1421.1940459088548,2846.9999439239505,False,True,-1442.5446113641224,-1443.6517040070912,2866.999936294556,False,False,-1432.2364825625823,-1432.147247608277,2872.8182364549957,False,False,-1433.742317449644,-1427.2936546749397,2878.9999317169195,False,False,-1422.0128969648806,-1422.9163951462542,2885.742785622088,False,False,-1431.701951584803,-1442.8773879023138,2902.999922561646,False,False,-1429.1617431304826,-1421.4290399486504,2909.0527841604876,False,False,-1457.516728306385,-1455.267380872329,2934.206702248176,False,False,-1458.2812712045725,-1457.186500901672,2940.9999080657963,False,False,-1460.9869333985391,-1451.212036555919,2967.3729367295477,False,False,-1451.7960326435798,-1441.591107069719,2973.9998954772955,False,False,0.08550556227516795,3.0487180365757793,0.03576266848219909,1.2713848051519716,-0.07228379936866419,-2.57019075988312,-0.04135981699602777,-1.5264539712220144,0.22168496157206777,8.160995905723615,-0.6005963753674515,-21.345568118411972,0.019923342626262053,0.7082000145197574,-0.010949885494143937,-0.3904196714968115,-4.555348210357984,-3.3163906069751685,6.818236700620277,8.845224456243612,18.235432521491735,ok,3,2.879420700938782
27,6.640411150001455,1786044502.11537,0.012329099990893155,-1450.6594538007764,-1445.3173824005867,2765.9999748229984,False,False,-1446.8637130543752,-1445.0863251520618,2772.49712302149,False,False,-1475.588770364031,-1477.9737705168568,2804.999959945679,False,False,-1456.0729467860747,-1445.967199009689,2811.685229897935,False,False,-1441.492711740074,-1435.4076229483142,2840.84162532179,False,False,-1430.6368615704373,-1424.539794296543,2846.9999439239505,False,False,-1434.8092688816212,-1440.3356389644528,2866.999936294556,False,True,-1438.5369150594493,-1432.1332075068008,2872.8182364549957,False,False,-1438.554882782651,-1431.821956475227,2878.9999317169195,False,False,-1424.4001925604423,-1420.4234297154385,2885.742785622088,False,False,-1436.1326237124426,-1440.126599321454,2902.999922561646,False,False,-1428.8179432710824,-1411.8275132194271,2909.0527841604876,False,False,-1444.4086377112817,-1449.721994681664,2934.206702248176,False,False,-1457.6041614451203,-1455.41912767063,2940.9999080657963,False,False,-1455.0026454136992,-1453.5968716569369,2967.3729367295477,False,True,-1453.0534538619067,-1439.518244337806,2973.9998954772955,False,False,0.09977587000166958,3.5575287314082846,-0.22034738015014657,-7.833484548765835,-0.0018114605627879577,-0.06440999561498735,-0.4144226073847262,-15.294966969204728,0.0818518521256013,3.0132518928478085,-0.6744958157594906,-23.972000117499068,-0.12957693969168035,-4.605973620616825,-0.26909421479086854,-9.594591194266814,-9.980878701891442,2.422234246202923,12.105856691613237,15.875670840730649,21.28757472815437,ok,3,2.879420700938782
28,6.87278079999669,1786044502.3478885,0.012461199978133664,-1449.7771556071768,-1440.1523687990953,2765.9999748229984,False,False,-1442.299078460739,-1444.8158709539384,2772.49712302149,False,True,-1476.9101048384632,-1479.9132117859215,2804.999959945679,False,False,-1454.28128495889,-1442.065230614054,2811.685229897935,False,False,-1433.4328483662928,-1432.7593055598004,2840.84162532179,False,False,-1425.6125164287678,-1423.168238224776,2846.9999439239505,False,False,-1435.1481187150412,-1443.382305834887,2866.999936294556,False,False,-1433.7361096677569,-1428.277410826176,2872.8182364549957,False,False,-1436.9352889934896,-1435.85278448513,2878.9999317169195,False,False,-1428.753482898799,-1414.9887214597916,2885.742785622088,False,False,-1432.1735351652046,-1440.9699345905797,2902.999922561646,False,False,-1423.2664119570866,-1419.1381942109608,2909.0527841604876,False,False,-1448.5154323440413,-1447.2596601155365,2934.206702248176,False,False,-1453.789490173304,-1456.0288550294954,2940.9999080657963,False,False,-1455.6669453189475,-1451.551324999236,2967.3729367295477,False,False,-1450.8587599718803,-1439.702154843048,2973.9998954772955,False,False,0.3408619037165114,12.15349979803456,-0.26895896400257113,-9.561656178215314,-0.05545000180504165,-1.9716324199832123,-0.47519461888536324,-17.53786079785021,-0.38605777038881794,-14.212131761999084,-0.41056611449747976,-14.591774648583112,0.06033630539455966,2.144729082768003,-0.1567551364751718,-5.58912592472357,-8.754181815964323,8.142987857927583,2.7910944210725397,12.277384028719585,26.965026284028095,ok,3,2.879420700938782
29,7.110343599997577,1786044502.5848706,0.013004399981582537,-1449.321927438335,-1440.3356022862731,2765.9999748229984,True,True,-1445.314538313415,-1444.8158709539384,2772.49712302149,True,True,-1471.9312085460156,-1477.9737705168568,2804.999959945679,True,True,-1457.5082495338813,-1448.3252727939603,2811.685229897935,True,True,-1438.967897423358,-1435.4076229483142,2840.84162532179,True,True,-1430.6377280924291,-1423.168238224776,2846.9999439239505,True,True,-1439.8639484060275,-1443.382305834887,2866.999936294556,True,True,-1436.464264755326,-1432.1332075068008,2872.8182364549957,True,True,-1436.8757985145337,-1432.8340266528105,2878.9999317169195,True,True,-1424.7441544151357,-1417.240471314607,2885.742785622088,True,True,-1432.1735351652046,-1440.126599321454,2902.999922561646,True,True,-1427.8334229911056,-1419.1381942109608,2909.0527841604876,True,True,-1475.3231194791697,-1474.934987926766,2934.206702248176,False,False,-1457.6041614451203,-1450.8908839441272,2940.9999080657963,True,True,-1456.3406440077024,-1454.596128923801,2967.3729367295477,True,True,-1451.7960326435798,-1439.702154843048,2973.9998954772955,True,True,0.2384545858847655,8.50214626449183,-0.26712379511994017,-9.49641479855076,-0.12305311798212235,-4.375392405695331,-0.27243621555366976,-10.054719129355325,-0.10642070516214984,-3.9177169842898145,-0.5306429375575092,-18.859379501346705,-0.109448563703972,-3.8904854400359223,-0.22971194953577675,-8.190411116592376,-7.863404008063037,6.7867252208546285,7.020833707440504,12.537338942731784,21.11743494477021,ok,3,2.879420700938782
30,7.342081399998278,1786044502.8167164,0.012441400001989678,-1449.7771556071768,-1444.8292050004588,2765.9999748229984,True,False,-1441.4675612067122,-1439.2681434728122,2772.49712302149,False,False,-1475.6031329278358,-1477.114608613259,2804.999959945679,False,False,-1452.9639499342852,-1441.4424305406976,2811.685229897935,False,False,-1436.6345004126292,-1442.181850414158,2840.84162532179,False,False,-1426.4303466087965,-1424.7423205061589,2846.9999439239505,False,False,-1434.9507075832137,-1435.446844148302,2866.999936294556,False,False,-1437.798239447382,-1435.3490983280865,2872.8182364549957,False,False,-1430.6957071247361,-1435.0317419078767,2878.9999317169195,False,False,-1422.0511431365956,-1412.608512394168,2885.742785622088,False,False,-1432.2911192957788,-1438.4837408686615,2902.999922561646,False,False,-1425.5628969648806,-1413.744764189871,2909.0527841604876,False,False,-1444.889494758077,-1451.5498731546293,2934.206702248176,False,False,-1458.5857963749736,-1455.6232234006782,2940.9999080657963,False,False,-1457.1710242381637,-1457.4148347953665,2967.3729367295477,True,False,-1450.988058196045,-1433.6266268300883,2973.9998954772955,False,False,0.07672589361846109,2.735677183131387,-0.23094378774553762,-8.210193339741062,-0.22365533117715436,-7.952499323649543,-0.10235156630933512,-3.7774575953438783,-0.41755621268920934,-15.371699180678489,-0.5768684489084925,-20.502262878302087,-0.1661277036991696,-5.905216026190444,-0.3916530084167609,-13.964441817093556,-4.632795380629985,12.954679094169395,4.927438818673795,14.613902859382552,26.095052453230615,ok,3,2.879420700938782
31,7.575866099999985,1786044503.0497868,0.011479799984954298,-1443.5499602653056,-1438.1276904972951,2765.9999748229984,False,False,-1446.2532842253263,-1446.7822080264082,2772.49712302149,False,False,-1478.7298331142829,-1478.9780450530304,2804.999959945679,False,True,-1458.0306476755204,-1442.259334596693,2811.685229897935,False,False,-1440.6538343980194,-1431.8525781703702,2840.84162532179,False,False,-1429.3171088424979,-1424.8687792279243,2846.9999439239505,False,False,-1432.3213191918574,-1437.4728535623683,2866.999936294556,False,False,-1433.100842069872,-1435.4938441788674,2872.8182364549957,False,False,-1434.8721520921845,-1439.5559647889477,2878.9999317169195,False,False,-1417.3273451111043,-1418.6437524834187,2885.742785622088,False,False,-1433.2807561818015,-1437.8667114955526,2902.999922561646,False,False,-1423.7809181770947,-1420.408457376899,2909.0527841604876,False,False,-1451.8389277745514,-1454.2658465018185,2934.206702248176,False,False,-1453.3610615276464,-1446.7081547819175,2940.9999080657963,False,False,-1460.3527829568725,-1456.8136045480944,2967.3729367295477,False,False,-1450.0736146345937,-1434.8931977259529,2973.9998954772955,False,False,0.16733164122198602,5.966243354339651,-0.2843914834669872,-10.110291713117773,0.13446275220202833,4.781084091823845,-0.095606953751254,-3.5285362661072046,-0.10005235884154573,-3.683275965466873,-0.2534286488248155,-9.007011544712647,-0.15719290289298735,-5.587617409363535,-0.2599893075950141,-9.269954477443104,-7.1535407055830955,7.592530244743952,6.711718914363212,12.404306950781525,12.38425948735881,ok,3,2.879420700938782
32,7.814222849992802,1786044503.2888794,0.013317700009793043,-1449.20816547972,-1443.7046963352386,2765.9999748229984,False,False,-1442.5412751780418,-1440.458400831372,2772.49712302149,False,False,-1479.8204312742612,-1480.1024895314363,2804.999959945679,False,False,-1458.2667802671397,-1443.0907234770914,2811.685229897935,False,False,-1439.2677109759454,-1437.8539734694502,2840.84162532179,False,False,-1423.2499067762938,-1427.352857841489,2846.9999439239505,False,False,-1437.9393480453587,-1440.0272595286854,2866.999936294556,False,False,-1445.8672540269586,-1434.709287220711,2872.8182364549957,False,False,-1434.3933765320783,-1435.1413913256106,2878.9999317169195,False,False,-1429.7327979337958,-1417.825161231164,2885.742785622088,False,False,-1437.0803527218268,-1436.771326833145,2902.999922561646,False,False,-1427.4956032032278,-1416.7959470611609,2909.0527841604876,False,False,-1448.1050829843812,-1445.6937310878136,2934.206702248176,False,False,-1454.0387275728215,-1460.2619127670632,2940.9999080657963,False,False,-1461.7758642296053,-1458.0083901335697,2967.3729367295477,False,False,-1453.4728092429011,-1438.9251841550263,2973.9998954772955,False,False,0.09572585827094648,3.413124747816391,-0.2742471367062937,-9.749653962158053,0.17148780695401414,6.097581764039094,-0.4602509966522654,-16.986341154899552,-0.3837270463104305,-14.126329687170891,-0.3341994183816455,-11.877654849040033,0.14871980607206073,5.2864306354284345,-0.24008352864897245,-8.560211194633615,-11.06355662546954,7.187502495740823,3.001807222123587,13.530459117489134,23.640715936594898,ok,3,2.879420700938782
33,8.05258015000436,1786044503.5265775,0.012026899988995865,-1439.0870281505029,-1433.406741143748,2765.9999748229984,False,False,-1436.1045817159275,-1436.4374545343398,2772.49712302149,False,False,-1465.0401778891705,-1479.1335085735243,2804.999959945679,False,True,-1451.6141302686676,-1434.282956872574,2811.685229897935,False,False,-1435.6084955833358,-1430.651843078522,2840.84162532179,False,False,-1418.1606213894916,-1424.8687792279243,2846.9999439239505,False,True,-1428.605527707308,-1428.8259895467188,2866.999936294556,False,False,-1427.4745117217349,-1422.8913867408378,2872.8182364549957,False,False,-1434.8721520921845,-1430.3718387994008,2878.9999317169195,True,False,-1412.7453265886236,-1408.768034966531,2885.742785622088,False,False,-1433.2807561818015,-1427.3219213253049,2902.999922561646,True,False,-1419.6340006724333,-1407.2025323226458,2909.0527841604876,False,False,-1449.2615123636028,-1451.6312819023751,2934.206702248176,False,False,-1448.8506754898065,-1456.0288550294954,2940.9999080657963,False,True,-1449.7575251398357,-1447.948302105939,2967.3729367295477,False,False,-1451.7960326435798,-1428.2421661521535,2973.9998954772955,True,False,0.16970122432507254,6.050731316915662,-0.5535597743505289,-19.67938959037488,0.3632920671489393,12.917554448996269,-0.16836114379749392,-6.213652651650931,0.01389602634191463,0.5115611509142705,-0.21223428660427848,-7.542938331924718,0.0827032673828054,2.9397905893627123,-0.486223171761909,-17.336353982417904,-18.183352300026456,11.259485374524756,7.599621900335843,22.697236941841144,22.074046180989505,ok,3,2.879420700938782
34,8.293613849993562,1786044503.7690423,0.013736099994275719,-1449.20816547972,-1443.7046963352386,2765.9999748229984,True,True,-1442.5412751780418,-1440.458400831372,2772.49712302149,True,True,-1476.9101048384632,-1477.9737705168568,2804.999959945679,True,True,-1456.0729467860747,-1442.259334596693,2811.685229897935,True,True,-1439.2677109759454,-1435.4076229483142,2840.84162532179,True,True,-1426.4303466087965,-1424.7423205061589,2846.9999439239505,True,True,-1434.9507075832137,-1440.0272595286854,2866.999936294556,True,True,-1437.798239447382,-1434.709287220711,2872.8182364549957,True,True,-1434.8721520921845,-1435.1413913256106,2878.9999317169195,True,True,-1424.4001925604423,-1417.825161231164,2885.742785622088,True,True,-1433.2807561818015,-1438.4837408686615,2902.999922561646,True,True,-1425.5628969648806,-1416.7959470611609,2909.0527841604876,True,True,-1448.5154323440413,-1451.5498731546293,2934.206702248176,True,True,-1454.0387275728215,-1455.6232234006782,2940.9999080657963,True,True,-1460.3527829568725,-1457.4148347953665,2967.3729367295477,True,True,-1450.988058196045,-1438.9251841550263,2973.9998954772955,True,True,0.09572585827094648,3.413124747816391,-0.2637585578113782,-9.37677854763828,0.0668748369440292,2.377864604288447,-0.28323805420645054,-10.45337924696707,-0.20757197529484359,-7.64144770358489,-0.44661478105503805,-15.872966642310187,-0.025129605362060787,-0.8932631042959779,-0.20312117011622968,-7.24231322357095,-8.812904019187641,5.64659528500777,5.451162643060274,11.80112239260239,17.200795466562123,ok,3,2.879420700938782
35,8.51899014999799,1786044503.9934669,0.012097500002710149,-1440.828596753981,-1439.6377128098543,2765.9999748229984,False,False,-1441.1250848182904,-1438.9963428798485,2772.49712302149,False,False,-1463.2857749793686,-1468.9130360363115,2804.999959945679,False,False,-1450.9063254577134,-1442.259334596693,2811.685229897935,False,True,-1437.830218235168,-1436.804415135862,2840.84162532179,False,False,-1427.3411422196411,-1422.3528593697465,2846.9999439239505,False,False,-1436.5690115230614,-1439.4524467402266,2866.999936294556,False,False,-1434.5687349084576,-1433.996246599627,2872.8182364549957,False,False,-1436.6055338203378,-1432.7336522297278,2878.9999317169195,False,False,-1427.4791178897822,-1418.6705214414526,2885.742785622088,False,False,-1431.8027737873276,-1435.4883882996608,2902.999922561646,False,False,-1424.6826496928202,-1419.6562414035518,2909.0527841604876,False,False,-1453.7421417000337,-1457.9633951768194,2934.206702248176,False,False,-1452.2177094476879,-1444.9229024666074,2940.9999080657963,False,False,-1453.090454503775,-1453.8348045358682,2967.3729367295477,False,False,-1446.102513983556,-1441.6880673655899,2973.9998954772955,False,False,-0.0263830745558512,-0.9406938346291238,-0.2516921153905801,-8.947809116744724,-0.12416202274260192,-4.41482166638539,-0.11983156139390046,-4.422586366497258,-0.15085422621667705,-5.553469724716438,-0.27822508153761294,-9.888292160568527,-0.19923842600041394,-7.082177867101188,-0.11401105068241252,-4.065079673959987,-2.932716521592136,4.442351752137568,2.910068713061119,6.066614805678402,17.091664582021593,ok,3,2.879420700938782
36,8.74671335000312,1786044504.221353,0.01214609999442473,-1437.9439114221964,-1439.2118699758535,2765.9999748229984,False,False,-1438.7357994314884,-1437.2038068893849,2772.49712302149,False,False,-1464.0400204786504,-1468.319442491671,2804.999959945679,False,False,-1462.2122016077271,-1448.3982348626098,2811.685229897935,False,False,-1433.8704954610753,-1436.7247333190694,2840.84162532179,False,False,-1430.0092337316992,-1426.5173625332397,2846.9999439239505,False,False,-1436.9609683039398,-1438.935016963658,2866.999936294556,False,False,-1432.2239202860897,-1429.3530152520098,2872.8182364549957,False,False,-1430.089968517896,-1425.3778601338754,2878.9999317169195,False,False,-1419.02708683559,-1416.277230491793,2885.742785622088,False,False,-1431.8100100864995,-1438.2514961640738,2902.999922561646,False,False,-1427.3238774948802,-1417.5819497508942,2909.0527841604876,False,False,-1455.7530626279915,-1462.8276339517683,2934.206702248176,False,False,-1453.886724027264,-1446.9059770150075,2940.9999080657963,False,False,-1449.2818809793073,-1453.8754454870555,2967.3729367295477,False,False,-1446.333690436165,-1434.5316486841702,2973.9998954772955,False,False,-0.07876984558188214,-2.8085547018678017,-0.318943291939791,-11.338629702065925,-0.19712432569142155,-7.0091379377592515,-0.16861684695128984,-6.223089808846362,0.058690350796413354,2.1605963217279522,-0.5170376197985501,-18.37583806002711,-0.2423006824562706,-8.61287937735338,-0.363236201038161,-12.95123664634775,-7.046685825517275,6.308987167714044,8.774935141967601,12.901883077739642,26.746712543932805,ok,3,2.879420700938782
37,8.977304799991543,1786044504.451453,0.011960600008023903,-1447.172439404591,-1442.5737445364796,2765.9999748229984,False,False,-1438.0226013998838,-1443.7998257786471,2772.49712302149,False,False,-1471.6741755050891,-1460.9371015068616,2804.999959945679,False,False,-1458.1542378579945,-1439.3715576000243,2811.685229897935,False,False,-1442.631142830944,-1436.9075373658952,2840.84162532179,False,False,-1426.1368967203596,-1416.9843261912768,2846.9999439239505,False,False,-1433.2261439007243,-1436.7733945655161,2866.999936294556,False,False,-1429.3665281046551,-1431.2227267169972,2872.8182364549957,False,False,-1429.5650487514135,-1429.781932940062,2878.9999317169195,False,False,-1416.4519653391203,-1417.0375523428188,2885.742785622088,False,False,-1429.5116055873095,-1434.9848396857903,2902.999922561646,False,False,-1427.0408396246598,-1414.0294464651404,2909.0527841604876,False,False,-1454.4337699055536,-1454.3953067212763,2934.206702248176,False,False,-1450.5309793073934,-1447.3125439374023,2940.9999080657963,False,False,-1452.5667970779718,-1452.5743497264416,2967.3729367295477,False,False,-1451.1290017422134,-1430.796099886909,2973.9998954772955,False,False,0.2908610462502647,10.370709159093034,-0.1459941613772013,-5.190182005245736,-0.11006125424877294,-3.913441478755112,-0.05845837265729561,-2.1575050755779555,0.011252180017916624,0.4142319551379666,-0.5928732652211594,-21.071083988179222,-0.05510951920994644,-1.9589364614557812,-0.4534967672029071,-16.169489532188674,-8.270782438088464,10.294704698440151,9.786739182541181,16.43675913291197,18.881503676570183,ok,3,2.879420700938782
38,9.205900749991997,1786044504.6800807,0.01210630001151003,-1446.2569352324479,-1437.0859736528412,2765.9999748229984,False,False,-1441.0470871412417,-1435.1484931381237,2772.49712302149,False,False,-1460.8936928813766,-1465.994278203992,2804.999959945679,False,False,-1451.8631200904729,-1449.9321805177738,2811.685229897935,False,False,-1435.0454855274015,-1433.2162270379313,2840.84162532179,False,False,-1426.596500290369,-1424.7374209126756,2846.9999439239505,False,False,-1434.7791438701593,-1445.1014992205885,2866.999936294556,False,False,-1435.9006113029923,-1429.1227297735122,2872.8182364549957,False,False,-1429.6917657486933,-1431.4138567105786,2878.9999317169195,False,False,-1417.9209340709724,-1420.7349757007062,2885.742785622088,False,False,-1429.4851101873642,-1439.483091359232,2902.999922561646,False,False,-1421.541174313048,-1410.5793456001466,2909.0527841604876,False,False,-1453.2303389675092,-1459.2428951309716,2934.206702248176,False,False,-1447.9787449949567,-1450.6861035547267,2940.9999080657963,False,False,-1458.285738301189,-1448.180010392151,2967.3729367295477,False,False,-1443.8994513555642,-1437.7805911299936,2973.9998954772955,False,False,0.09190171076398872,3.2767739985929767,-0.12322925199662017,-4.3808755103587895,-0.0012680807882004272,-0.04508907325132863,-0.5928638002784745,-21.880640874590124,0.03345339996864859,1.2315362225773783,-0.6703501128516491,-23.824659261897185,-0.05653358025116636,-2.009556483858025,0.08684703527366398,3.0965429729972467,-7.525824359496616,-5.524241915248176,8.66297520657248,12.735871405517056,23.318716082897094,ok,3,2.879420700938782
39,9.436663499989663,1786044504.9111953,0.011484599992400035,-1441.330528471437,-1435.7820078246784,2765.9999748229984,False,False,-1441.5233013418099,-1441.8030198367821,2772.49712302149,False,False,-1462.0210532750557,-1463.1036831005288,2804.999959945679,False,False,-1452.7105220527556,-1443.6599734083197,2811.685229897935,False,False,-1440.698830883027,-1432.6512730384816,2840.84162532179,False,False,-1423.903073325794,-1417.1122581532538,2846.9999439239505,False,False,-1431.851049912889,-1440.9344071889232,2866.999936294556,False,False,-1429.8195830913592,-1428.3552342818718,2872.8182364549957,False,False,-1431.2695265458322,-1431.220396124339,2878.9999317169195,False,False,-1413.391946083076,-1418.1110462450713,2885.742785622088,False,False,-1428.8360363113975,-1436.41196931259,2902.999922561646,False,False,-1426.2248983708773,-1412.204905706513,2909.0527841604876,False,False,-1447.84421860195,-1458.825844362258,2934.206702248176,False,False,-1450.4889063789467,-1441.0180716447107,2940.9999080657963,False,False,-1447.9973515297856,-1448.1647644955221,2967.3729367295477,False,False,-1448.5640462145063,-1434.6247608277042,2973.9998954772955,False,False,0.16419661649687392,5.854463416634522,-0.17953168923232296,-6.3824616959680975,0.036684229761854585,1.304378978289038,-0.3655739511546096,-13.492124725040984,0.14463600998842716,5.324555517727462,-0.692453394385854,-24.610223612564717,-0.35363912687737553,-12.570542980031043,-0.31364081503131036,-11.18290634527678,-7.446974338936242,2.937377943251505,16.591684052200844,18.42198674612299,20.900518616559072,ok,3,2.879420700938782
40,9.662540350007475,1786044505.1369114,0.011447500000940636,-1441.9612158816517,-1433.7234618088455,2765.9999748229984,False,False,-1437.8549347434055,-1435.69641470795,2772.49712302149,False,False,-1464.0400204786504,-1456.0034278815297,2804.999959945679,True,False,-1454.816505180793,-1447.4302671394075,2811.685229897935,False,False,-1439.102527737873,-1433.5086254852217,2840.84162532179,False,False,-1422.0956704465568,-1423.222433291561,2846.9999439239505,False,False,-1433.3886633860072,-1439.9626493871688,2866.999936294556,False,False,-1435.160552617905,-1429.5221902986214,2872.8182364549957,False,False,-1430.089968517896,-1428.0973331906957,2878.9999317169195,True,False,-1413.9229024666076,-1416.0020921844912,2885.742785622088,False,False,-1429.4380092918057,-1433.0410963719169,2902.999922561646,False,False,-1417.8067090503407,-1417.9684720481705,2909.0527841604876,False,False,-1454.2342176849957,-1460.803314790476,2934.206702248176,False,False,-1448.4601980621696,-1442.0381361371763,2940.9999080657963,False,False,-1449.3471696671454,-1447.0918620289144,2967.3729367295477,False,False,-1443.6229208056973,-1429.355461992236,2973.9998954772955,False,False,0.1716317872043266,6.119565925029042,0.0106714025214673,0.37937490660707207,0.20865921981342214,7.419283482785047,-0.4244638263085954,-15.665555129779081,0.12319465244882778,4.535224433413286,-0.10933052695100008,-3.8856748161802535,-0.22448172853962717,-7.979482479090964,-0.2687029917871355,-9.58064208432579,-3.055166724107248,1.5729956475129034,12.248124172811847,12.721041811573636,12.000749807732701,ok,3,2.879420700938782
41,9.901235450000968,1786044505.375818,0.012160099984612316,-1444.2683421462848,-1439.4930082220253,2765.9999748229984,False,False,-1442.9454977534613,-1437.6596066265242,2772.49712302149,False,False,-1458.4466775682367,-1462.0222361463461,2804.999959945679,False,False,-1451.4446801357094,-1447.1411085979767,2811.685229897935,False,False,-1442.6638964452727,-1433.4631384295626,2840.84162532179,False,False,-1422.9675000764128,-1412.995428981875,2846.9999439239505,False,False,-1430.377410826176,-1439.6630192254793,2866.999936294556,False,False,-1435.8377433750038,-1430.8880383286976,2872.8182364549957,False,False,-1426.9040009780852,-1429.842063758902,2878.9999317169195,False,False,-1418.6799355075345,-1415.4159534798423,2885.742785622088,False,False,-1430.7317602469664,-1429.4614267811842,2902.999922561646,False,False,-1422.758833328239,-1410.8272060396737,2909.0527841604876,False,False,-1455.0651404468624,-1458.5741770333466,2934.206702248176,False,False,-1452.8392716324847,-1443.5459012134365,2940.9999080657963,False,False,-1452.724661490968,-1453.1331677721062,2967.3729367295477,False,False,-1447.6383745453436,-1433.6323837760187,2973.9998954772955,False,False,-0.014538973616568605,-0.5183900312296383,-0.13881428069186977,-4.934932841982701,-0.02839852139751175,-1.00976453821919,-0.4942674646506978,-18.241776416330733,-0.1876033184111922,-6.906331862101433,-0.3447479613427423,-12.252556615951844,-0.22180578089825015,-7.884362589119325,-0.3206196959959926,-11.431739304772455,-4.02939895835561,5.406445061463054,8.95373625159641,11.208706304983071,23.67275248136314,ok,3,2.879420700938782
42,10.130366350000259,1786044505.605404,0.012465899984817952,-1441.586212061008,-1438.877592688816,2765.9999748229984,False,False,-1432.0140507992787,-1430.4972934560014,2772.49712302149,False,False,-1457.0356145123328,-1463.3246859430878,2804.999959945679,False,False,-1452.5420698719322,-1446.0086086743895,2811.685229897935,False,False,-1437.2706528715958,-1432.0389644527309,2840.84162532179,False,False,-1416.0351499220587,-1413.4773527523917,2846.9999439239505,False,False,-1433.3886633860072,-1434.1406730445945,2866.999936294556,True,False,-1428.858356511905,-1429.5221902986214,2872.8182364549957,False,True,-1423.731336919644,-1431.4320521441452,2878.9999317169195,False,False,-1419.9836231928355,-1411.2963719167406,2885.742785622088,False,False,-1426.7352782956873,-1429.985302747807,2902.999922561646,False,False,-1420.1047880306871,-1411.8291866613686,2909.0527841604876,False,False,-1452.4719121557603,-1458.825844362258,2934.206702248176,False,True,-1445.5644496744812,-1438.8142601705536,2940.9999080657963,False,False,-1448.9263991197238,-1445.9761958614786,2967.3729367295477,False,False,-1439.2790613442553,-1431.1317801143136,2973.9998954772955,False,False,0.033262480005002315,1.1859804208543532,-0.22581479171912902,-8.027854384332672,0.08195936299564394,2.914224200957402,-0.0029922289748631698,-0.11043326912989312,-0.49624602228625847,-18.268545269784624,-0.3705239235393916,-13.168650317898628,-0.22690544488726963,-8.065636493745592,-0.11651903838305559,-4.154502319952657,-2.387258809586547,8.173180526206375,2.7292545309672294,8.941404522373029,20.679990289369137,ok,3,2.879420700938782
43,10.362602450011764,1786044505.8370945,0.011963500001002103,-1438.491113182749,-1434.980540697497,2765.9999748229984,False,False,-1430.0763731393465,-1430.5420484763276,2772.49712302149,False,False,-1456.2643732616073,-1461.508724821958,2804.999959945679,False,False,-1449.7963260690162,-1444.4386389338877,2811.685229897935,False,False,-1433.8939114221964,-1435.4865971818933,2840.84162532179,False,False,-1418.556204725372,-1417.004427361922,2846.9999439239505,False,False,-1429.7284821346698,-1439.6630192254793,2866.999936294556,False,True,-1424.8327887642508,-1426.356143595073,2872.8182364549957,False,False,-1424.6048476327292,-1429.5233594155943,2878.9999317169195,False,False,-1414.0434254363176,-1412.9773588654216,2885.742785622088,False,False,-1429.4851101873642,-1427.6163920897393,2902.999922561646,True,False,-1419.3113564813398,-1412.915886236513,2909.0527841604876,False,False,-1455.1256838952227,-1457.5116055873093,2934.206702248176,False,False,-1442.6567900479872,-1433.0464743099915,2940.9999080657963,False,False,-1444.5568267261667,-1446.8254347892532,2967.3729367295477,False,False,-1436.096923617691,-1427.7176681847357,2973.9998954772955,False,False,0.11214698703351016,3.9986233996848006,-0.18691807518056788,-6.645052248019909,-0.09800168632307843,-3.4846401384614287,-0.2909327050024419,-10.737363343556174,-0.18047526860920787,-6.643923510911236,-0.14655619872262748,-5.208698306071899,-0.20925339940322513,-7.438172563489972,-0.23724120183709402,-8.458867641701154,-2.366050148343417,7.017374041946881,4.816377875236772,8.833981411919321,18.110499847865654,ok,3,2.879420700938782
44,10.5916456499981,1786044506.0661635,0.012332099984632805,-1438.1711510835346,-1436.270507687135,2765.9999748229984,False,False,-1438.5373811779807,-1427.7879970657457,2772.49712302149,False,False,-1450.9937631812209,-1458.6712106855762,2804.999959945679,False,False,-1447.7383852431456,-1442.7343552281686,2811.685229897935,False,False,-1436.3377296206866,-1436.5943882385307,2840.84162532179,False,False,-1415.419430265611,-1415.2083809640249,2846.9999439239505,False,False,-1431.851049912889,-1436.7934789253295,2866.999936294556,True,False,-1427.763590793777,-1428.4961625454657,2872.8182364549957,False,False,-1422.4954855274016,-1429.842063758902,2878.9999317169195,False,True,-1421.6802381025154,-1404.615459852676,2885.742785622088,False,False,-1429.4380092918057,-1431.3613595378552,2902.999922561646,True,False,-1421.882567166916,-1409.6315141975117,2909.0527841604876,False,False,-1449.506245988324,-1454.9550783996087,2934.206702248176,False,False,-1443.0133615551547,-1441.964645291439,2940.9999080657963,False,False,-1446.7635357765078,-1448.1647644955221,2967.3729367295477,False,True,-1447.3730063881162,-1424.572147507412,2973.9998954772955,False,False,-0.2510560642773779,-8.951454513462142,-0.22365506473553554,-7.951074765060576,-0.014571077119092543,-0.5181029234784688,-0.14600395112238285,-5.388522657783293,-0.7436914643337721,-27.377874225250284,-0.45708313067549217,-16.245018288099832,-0.11216852980445424,-3.98717002093128,-0.5414423945337028,-19.305202955898285,-4.648189748410155,15.955383196030157,3.0385640819540103,16.894164452541826,34.880761803601835,ok,3,2.879420700938782
45,10.828503600001568,1786044506.302973,0.011596199998166412,-1436.4863725280434,-1437.457190451447,2765.9999748229984,False,False,-1429.7653681572272,-1430.875576917199,2772.49712302149,False,False,-1454.1235397499772,-1456.4173472506645,2804.999959945679,False,False,-1450.1528532567168,-1440.3710120121036,2811.685229897935,False,False,-1433.9948222636551,-1437.3753553198644,2840.84162532179,False,False,-1418.5227374147996,-1417.3085108659106,2846.9999439239505,False,False,-1426.3345095821744,-1435.946923617691,2866.999936294556,False,False,-1431.6813353913865,-1428.4961625454657,2872.8182364549957,False,True,-1428.9363633584985,-1424.0296084604338,2878.9999317169195,False,False,-1415.3601277623256,-1408.5683375615126,2885.742785622088,False,False,-1424.1055154812486,-1424.659598985237,2902.999922561646,False,False,-1417.1193935874317,-1411.856710578598,2909.0527841604876,False,False,-1450.3064033988446,-1456.574216768041,2934.206702248176,False,False,-1448.344392823303,-1441.5421310022314,2940.9999080657963,False,False,-1446.2905293883914,-1442.2228795427454,2967.3729367295477,False,False,-1442.5528777088366,-1432.7686905889905,2973.9998954772955,False,False,0.004066939750386458,0.14500755554087538,-0.2142908578374304,-7.618171464836318,-0.1426310939694365,-5.0715253347790545,-0.44512694429453187,-16.428162433154988,-0.0591991832549441,-2.179328217573845,-0.18750404741807722,-6.664010275106666,-0.2262747519259831,-8.043217727340808,-0.1278708962677683,-4.559254372254782,-2.798116686264141,2.164277712462911,5.258761283136431,6.337832850401487,21.264780559227546,ok,3,2.879420700938782
46,11.058503899999778,1786044506.5329704,0.012336200015852228,-1434.2807057493046,-1436.6882125500506,2765.9999748229984,False,False,-1433.6537289482533,-1432.3746783018007,2772.49712302149,False,False,-1451.2304627563653,-1458.4376363969802,2804.999959945679,False,False,-1455.3971895344926,-1443.3742228810709,2811.685229897935,False,False,-1433.8070804169088,-1435.7191200293423,2840.84162532179,False,False,-1422.7246630192253,-1410.3757541950667,2846.9999439239505,False,False,-1426.6345263930068,-1430.8545343399458,2866.999936294556,False,False,-1428.6959455329034,-1423.9676437326161,2872.8182364549957,False,False,-1427.2705841000093,-1426.0729773512242,2878.9999317169195,False,False,-1414.4275911605587,-1408.3548140110645,2885.742785622088,False,False,-1423.1372252957178,-1427.6107849130424,2902.999922561646,False,False,-1422.1661918880093,-1414.1352996912924,2909.0527841604876,False,False,-1453.3015114466484,-1453.646983219733,2934.206702248176,False,False,-1447.3435874316103,-1441.2255127303847,2940.9999080657963,False,False,-1446.3615780786747,-1443.3607971391018,2967.3729367295477,False,False,-1442.4452303084024,-1426.9440290980224,2973.9998954772955,False,False,-0.10392365209763477,-3.705418737055643,-0.33993549731492495,-12.084915481994775,-0.44841922513674204,-15.944415748296072,-0.3127409465768566,-11.542233368968315,-0.14937283717685065,-5.49893463220013,-0.40141740000254406,-14.266623654576403,-0.1124295782882447,-3.996449314244596,-0.2802176942387585,-9.991200382031314,-5.275353085835986,7.382248655491473,1.8735121342293168,9.264825584372833,31.636099523817844,ok,3,2.879420700938782
47,11.288925150001887,1786044506.7634919,0.011683300021104515,-1433.5065149616407,-1428.202831861112,2765.9999748229984,False,False,-1430.9386007274504,-1424.9338295075954,2772.49712302149,False,False,-1451.2409939786655,-1459.5001803343825,2804.999959945679,False,False,-1449.6379007855244,-1437.8426093468224,2811.685229897935,False,False,-1438.422315615735,-1436.9356603600577,2840.84162532179,False,False,-1412.637159580646,-1412.4656325457713,2846.9999439239505,False,False,-1421.9832365436928,-1428.759304031543,2866.999936294556,False,False,-1422.3916450163522,-1422.9575434789253,2872.8182364549957,False,False,-1418.7523947794725,-1421.4223278417949,2878.9999317169195,False,False,-1411.3296191582358,-1401.7828804596998,2885.742785622088,False,False,-1419.591920102699,-1430.9327581991015,2902.999922561646,False,False,-1414.4119051257758,-1411.9245667390044,2909.0527841604876,False,False,-1447.4280649203774,-1446.942924167864,2934.206702248176,False,False,-1442.9299110554145,-1437.3226839257877,2940.9999080657963,False,False,-1445.5829278356819,-1444.1139453495127,2967.3729367295477,False,False,-1433.404049882324,-1424.9344117736957,2973.9998954772955,False,False,-0.02025050648299131,-0.7220358854060188,-0.35507098134201676,-12.622991224867349,0.0405927119397149,1.4433526468903497,-0.21672735521147318,-7.998689454229694,-0.37379128749151164,-13.760559783491187,-0.44125299222013087,-15.682405337736828,-0.08943470262908115,-3.179067834580961,-0.1571615054466884,-5.603615066226543,-7.8243495952766935,6.811375069525715,2.944516157302569,10.783573263416857,21.803045979741817,ok,3,2.879420700938782
48,11.527584499999648,1786044507.0023623,0.011870999995153397,-1444.7415120579515,-1433.7076428156615,2765.9999748229984,False,False,-1436.5187410214874,-1433.0449322981935,2772.49712302149,False,False,-1454.424225937586,-1457.4959057982092,2804.999959945679,False,False,-1451.1051609255126,-1444.6833893694409,2811.685229897935,False,False,-1435.3642097380566,-1433.4869960570957,2840.84162532179,False,False,-1415.6705978543264,-1411.120513800165,2846.9999439239505,False,False,-1425.6543433077604,-1434.6182153009138,2866.999936294556,False,False,-1422.9002857841492,-1421.4265794541066,2872.8182364549957,False,False,-1426.02708683559,-1421.6675948283769,2878.9999317169195,False,False,-1413.1328514228076,-1415.0626539719412,2885.742785622088,False,False,-1423.7184491243083,-1435.1086468808264,2902.999922561646,False,False,-1420.5023856099274,-1411.316248433536,2909.0527841604876,False,False,-1453.3405752361157,-1450.630125011462,2934.206702248176,False,False,-1447.569489867653,-1436.3155866980467,2940.9999080657963,False,False,-1447.5864886756121,-1448.202902160956,2967.3729367295477,False,False,-1438.457453311734,-1425.6258840969526,2973.9998954772955,False,False,0.21329210275683275,7.604972862949966,-0.1678385911085685,-5.966764883883388,-0.0851229581312021,-3.0267119652481607,-0.36338155430614627,-13.411210612772233,0.1905881244600894,7.01621297343929,-0.6580080061373311,-23.386013125489846,-0.14965150421752796,-5.3195490058005905,-0.30070096910086325,-10.721534361059565,-8.890247045579729,3.0244597645748437,13.054867210015143,16.08146160241972,21.586055856582103,ok,3,2.879420700938782
49,11.768511750007747,1786044507.243163,0.01198629999998957,-1437.85916648837,-1431.903058043219,2765.9999748229984,False,False,-1435.0991762692179,-1429.9776797994923,2772.49712302149,False,False,-1461.8657991258367,-1457.2076046092245,2804.999959945679,False,False,-1453.0576474004342,-1449.4625301830852,2811.685229897935,False,False,-1443.1246783018003,-1432.9980285478498,2840.84162532179,False,False,-1420.4600941406609,-1416.5083014946356,2846.9999439239505,False,False,-1427.2221368096095,-1438.3639071430755,2866.999936294556,False,False,-1430.4334688388299,-1421.3267200537946,2872.8182364549957,False,False,-1425.967529113305,-1426.7955802793656,2878.9999317169195,False,False,-1414.1512440015892,-1410.2343582846838,2885.742785622088,False,False,-1428.485979765871,-1433.399640859492,2902.999922561646,False,False,-1417.5720038512088,-1413.7757389124915,2909.0527841604876,False,False,-1451.1619937647097,-1458.4637512608124,2934.206702248176,False,False,-1445.6767215820523,-1440.8767765993211,2940.9999080657963,False,False,-1447.4552587339917,-1447.2304123238684,2967.3729367295477,False,False,-1440.5580432191218,-1432.7485359293332,2973.9998954772955,False,False,0.02338676934397838,0.8338599690950262,0.018348526404256195,0.652301370601375,0.19012244197370165,6.7601723743793425,-0.7059765523090874,-26.055258222378743,-0.1444537947031844,-5.317847538141111,-0.27845707519638685,-9.896537359256863,-0.20911650734959927,-7.433306565038603,-0.16892297228558237,-6.022971782058631,-2.7970077862813487,-0.5836551258204298,11.138496139903502,11.499130494131293,22.38311092788755,ok,3,2.879420700938782
50,12.019794250009,1786044507.497682,0.01876310000079684,-1441.5127823455696,-1434.7395023993643,2765.9999748229984,False,False,-1437.2012440015894,-1438.456611241862,2772.49712302149,False,False,-1457.8457346333707,-1458.4376363969802,2804.999959945679,False,True,-1449.1446648531341,-1438.5605342788153,2811.685229897935,False,False,-1437.3998288351622,-1440.8594186508542,2840.84162532179,False,False,-1414.8650961273956,-1413.4846731057246,2846.9999439239505,False,False,-1425.0842910413546,-1434.0083993031144,2866.999936294556,False,False,-1426.1495247119235,-1427.3483708775252,2872.8182364549957,False,False,-1430.1195662805271,-1426.8923908060028,2878.9999317169195,False,False,-1417.1852263349328,-1408.1005593422383,2885.742785622088,False,False,-1422.811885258428,-1429.6851545068314,2902.999922561646,False,False,-1422.0386435186604,-1409.195169178103,2909.0527841604876,False,False,-1449.02729926338,-1449.9814591802428,2934.206702248176,False,False,-1444.8545312834308,-1440.8767765993211,2940.9999080657963,False,True,-1446.5624568267262,-1442.8712045725465,2967.3729367295477,False,False,-1443.177999205306,-1429.977999205306,2973.9998954772955,False,False,0.2263060702646087,8.06898849436217,-0.19884895822679133,-7.069202459980855,-0.15014708190285958,-5.338770871214587,-0.26852066337913216,-9.910209056524879,-0.18025537032494163,-6.63582828882289,-0.6341330693526105,-22.53748304711693,-0.08574342887288751,-3.047856913965317,-0.2128587796268304,-7.589509028342256,-6.994724285866476,6.556125642378593,6.839870661489456,11.776789967552643,22.852557046212677,ok,3,2.879420700938782
51,12.262273000000278,1786044507.736745,0.011896200012415648,-1437.7562796099887,-1432.1852889934896,2765.9999748229984,False,False,-1434.3728489775956,-1425.785397499771,2772.49712302149,False,False,-1456.2705015741053,-1457.4745270043097,2804.999959945679,False,False,-1454.486345019409,-1441.4522358406946,2811.685229897935,False,False,-1435.9933367973838,-1436.7781245224196,2840.84162532179,False,False,-1423.1686493260383,-1423.9156952043281,2846.9999439239505,False,False,-1427.345578751108,-1434.4694195678087,2866.999936294556,False,False,-1427.0153788550294,-1423.3685148393804,2872.8182364549957,False,False,-1428.372236146346,-1424.1153559311672,2878.9999317169195,False,False,-1418.193485038359,-1406.4649173212704,2885.742785622088,False,False,-1417.7670767490906,-1427.8378686921174,2902.999922561646,False,False,-1414.1491350062656,-1414.8406837423968,2909.0527841604876,False,False,-1453.6618394107038,-1454.7976587095395,2934.206702248176,False,False,-1447.1148836996056,-1435.4716080325213,2940.9999080657963,False,False,-1448.4306904667299,-1447.764779778097,2967.3729367295477,False,False,-1440.9947504355537,-1435.4520127151022,2973.9998954772955,False,False,-0.0863009195466195,-3.0770766602076867,-0.2527704650008057,-8.986145106962141,-0.0009589216114208807,-0.03409631876924576,-0.37551641131055324,-13.85906802631851,-0.23015271619115688,-8.472723459487305,-0.299010342710497,-10.62701324917539,-0.2230141658402411,-7.927316136097703,-0.1085041692306368,-3.868731059307898,-3.952984038602397,2.768112686997532,4.953203242246591,6.915399700405188,21.85812065023217,ok,3,2.879420700938782
52,12.494078599993372,1786044507.968499,0.012139600003138185,-1438.724611058471,-1432.494070360974,2765.9999748229984,False,False,-1437.5986963963685,-1432.204538924718,2772.49712302149,False,False,-1452.760196533912,-1455.904062108384,2804.999959945679,False,False,-1451.2779029250848,-1446.4529846868602,2811.685229897935,False,False,-1433.0664853134454,-1442.6615964177645,2840.84162532179,False,False,-1416.5797628144387,-1416.435712320812,2846.9999439239505,False,False,-1426.9491273649785,-1432.9623574899902,2866.999936294556,False,False,-1428.3467646789131,-1426.5325457713116,2872.8182364549957,False,False,-1423.5586591068864,-1424.864795060672,2878.9999317169195,False,False,-1411.6450606718217,-1409.6814026347158,2885.742785622088,False,False,-1422.0973545863005,-1426.5904927102117,2902.999922561646,False,False,-1415.859490478956,-1415.342063758902,2909.0527841604876,False,False,-1452.1243619525017,-1456.5393235932388,2934.206702248176,False,False,-1447.3464070666628,-1442.1500275086346,2940.9999080657963,False,False,-1446.5624568267262,-1447.988207965278,2967.3729367295477,True,False,-1440.2459241372985,-1427.717310572485,2973.9998954772955,False,False,0.023591104790262465,0.8411455905683204,-0.1407509861749099,-5.003783910085108,-0.30017583732503167,-10.67333441478496,-0.2727531029077558,-10.066414392903544,-0.09936130098048664,-3.6578357175820932,-0.16011617797080321,-5.69062838856549,-0.16639424592805532,-5.914690601511864,-0.31134358026696296,-11.100998124179197,-1.2729309318912312,7.355816293154333,3.799943090183312,8.376631422274238,21.41845809400033,ok,3,2.879420700938782
53,12.736541299993405,1786044508.2111404,0.011900599987711757,-1438.9222514289208,-1435.556455359599,2765.9999748229984,False,False,-1433.5541232386831,-1432.4978894764188,2772.49712302149,False,False,-1452.3777256472172,-1452.6450744261394,2804.999959945679,False,False,-1450.444374484213,-1444.901538955283,2811.685229897935,False,False,-1432.902763089525,-1425.1928064920376,2840.84162532179,False,False,-1416.1099886908946,-1411.9062047253722,2846.9999439239505,False,False,-1428.8807622948314,-1433.3459684567654,2866.999936294556,False,False,-1428.123964605557,-1423.2858162423204,2872.8182364549957,False,False,-1422.3216691628206,-1419.3201317357948,2878.9999317169195,False,False,-1414.491395910383,-1406.6199024971725,2885.742785622088,False,False,-1420.209157318825,-1422.5667833236544,2902.999922561646,False,False,-1411.6156936760704,-1411.1174236635386,2909.0527841604876,False,False,-1452.1243619525017,-1454.5464788947643,2934.206702248176,True,False,-1447.1148836996056,-1439.019210196534,2940.9999080657963,True,False,-1442.5071354341783,-1447.2304123238684,2967.3729367295477,False,True,-1443.8769798575663,-1430.4400663263746,2973.9998954772955,False,False,0.06502607295578883,2.3185177220404,-0.10297280033552447,-3.660746226353278,0.10812633775472544,3.8446417679266545,-0.3249471737457583,-11.992724819097255,-0.1497639441510651,-5.513332642749106,-0.09157472995187418,-3.2546227654420923,-0.18286433878526248,-6.500140554334577,-0.403768079455235,-14.396406339236846,-3.5272823178251462,8.030361381298048,8.224567605278267,12.023807082520815,18.01140606840335,ok,3,2.879420700938782
54,12.986330049985554,1786044508.460949,0.011917299998458475,-1434.54243512547,-1430.755619402757,2765.9999748229984,False,False,-1431.7511431365956,-1431.7274765412476,2772.49712302149,False,False,-1450.71074365009,-1457.1904774276372,2804.999959945679,False,False,-1451.0919965155729,-1442.5973805666779,2811.685229897935,False,False,-1432.487197787083,-1437.4820139377084,2840.84162532179,False,False,-1412.372049698933,-1411.8190665403308,2846.9999439239505,False,False,-1425.965456796161,-1434.0083993031144,2866.999936294556,False,True,-1422.9605587309347,-1423.771053275056,2872.8182364549957,False,False,-1421.9022557080418,-1423.224609530214,2878.9999317169195,False,False,-1412.296735642021,-1410.2412079347127,2885.742785622088,False,False,-1423.7256013693186,-1428.6227251887399,2902.999922561646,False,False,-1418.0437708225081,-1403.266083381728,2909.0527841604876,False,False,-1446.3671959531744,-1453.6312314698782,2934.206702248176,False,False,-1437.2725295717823,-1438.964848549684,2940.9999080657963,False,False,-1443.4456016749702,-1447.2304123238684,2967.3729367295477,False,True,-1439.7736085215638,-1428.1978848916465,2973.9998954772955,False,False,0.10641190576127937,3.7941379223586575,-0.26472449435667134,-9.411118184431265,-0.17187162832702974,-6.111229277797178,-0.25137049942225526,-9.277253260767909,-0.10267570244451038,-3.7798503846393747,-0.6358274053926256,-22.597700802070072,-0.09583590789428192,-3.406606644046773,-0.3419810787236994,-12.193382340375813,-8.642594992641738,7.839497533830849,7.88938960227046,14.085263152891011,24.658635795323768,ok,3,2.879420700938782
55,13.227918300006422,1786044508.7022755,0.011637399991741404,-1438.4869196442214,-1435.820970749152,2765.9999748229984,False,False,-1434.75519913195,-1432.204538924718,2772.49712302149,False,True,-1457.055298468686,-1460.3059372803132,2804.999959945679,False,False,-1447.829839227313,-1444.544295014824,2811.685229897935,False,False,-1433.4182473943208,-1432.1086224287067,2840.84162532179,False,False,-1418.9063117033959,-1411.3063422685452,2846.9999439239505,False,False,-1425.8493948100377,-1434.0083993031144,2866.999936294556,False,True,-1425.8372222392024,-1425.8400831372069,2872.8182364549957,False,False,-1423.4877464315189,-1424.426998196656,2878.9999317169195,False,False,-1413.237610416603,-1410.2848244032152,2885.742785622088,False,False,-1426.3292493199253,-1428.629741418834,2902.999922561646,False,False,-1416.6304979062872,-1411.0720069077238,2909.0527841604876,False,False,-1449.798039245652,-1453.4817357948468,2934.206702248176,False,False,-1445.6696182412811,-1438.642740776966,2940.9999080657963,False,False,-1447.4552587339917,-1443.9018476632941,2967.3729367295477,True,False,-1439.3247333190698,-1429.5951355564387,2973.9998954772955,False,False,0.0030670638750576493,0.10935677991481745,-0.115274495742871,-4.098079045247738,-0.19873037345304606,-7.066244082606526,-0.28370243557436353,-10.470518026456359,-0.11844011584246106,-4.3601933735569425,-0.2527804866456175,-8.983975458390306,-0.18606822694793484,-6.614026747323767,-0.13860209931749934,-4.941876891155299,-0.9085798446996431,3.2704981646359257,4.02114536660371,5.262251004887535,17.672797332814874,ok,3,2.879420700938782
56,13.466873699988355,1786044508.9413586,0.012518600007751957,-1438.4869196442214,-1432.3600712167986,2765.9999748229984,True,False,-1434.75519913195,-1429.198502307669,2772.49712302149,True,False,-1451.0708897515053,-1455.566470030871,2804.999959945679,False,False,-1454.3265641715318,-1443.7810969832196,2811.685229897935,False,False,-1436.5807210318794,-1429.7681495858421,2840.84162532179,False,False,-1418.759071736406,-1411.6042699514014,2846.9999439239505,False,False,-1422.5244949109024,-1432.2647644955223,2866.999936294556,False,False,-1422.926515267292,-1416.9223905003514,2872.8182364549957,False,False,-1423.7449705046306,-1422.477713421157,2878.9999317169195,False,False,-1405.2874621756273,-1407.3148149280191,2885.742785622088,False,False,-1414.4922104716202,-1422.8102760033012,2902.999922561646,False,False,-1416.4491441758105,-1415.4392303695324,2909.0527841604876,False,False,-1446.2187578323196,-1453.3495308249535,2934.206702248176,False,False,-1448.8000687715867,-1437.8473866797078,2940.9999080657963,False,False,-1441.1515313139957,-1445.4968777699667,2967.3729367295477,False,False,-1437.9561390103004,-1424.4982226365496,2973.9998954772955,False,False,0.01575705359906082,0.5618209182246285,-0.26619620616208817,-9.463438442017779,-0.013502649225393844,-0.48011289633586907,-0.5505832997343447,-20.320207520471566,0.10029951209233466,3.6923745378439583,-0.2987974874077652,-10.619448239544676,-0.31410737870248584,-11.16533778145434,-0.39727276717522436,-14.164815087621731,-6.9213236627834265,4.600782715393974,12.820544922124304,15.278687605271632,26.404496709979153,ok,3,2.879420700938782
57,13.708425799995894,1786044509.1829689,0.011849600006826222,-1438.4869196442214,-1426.8488171287102,2765.9999748229984,True,False,-1427.971667634563,-1430.4404285233975,2772.49712302149,False,False,-1449.083410765046,-1449.5406608185347,2804.999959945679,False,False,-1443.752619433322,-1438.793394871168,2811.685229897935,False,False,-1433.4182473943208,-1434.529362410979,2840.84162532179,True,False,-1417.5213375309472,-1411.9062047253722,2846.9999439239505,False,True,-1421.035337897729,-1432.9623574899902,2866.999936294556,False,True,-1421.747279701684,-1418.5568007457896,2872.8182364549957,False,False,-1423.0501268453709,-1424.1153559311672,2878.9999317169195,False,True,-1406.7145199743252,-1403.8999403979583,2885.742785622088,False,False,-1411.6346960295873,-1420.456731974203,2902.999922561646,False,False,-1410.4624721093012,-1406.7445869120031,2909.0527841604876,False,False,-1441.772315615735,-1447.9859125225416,2934.206702248176,False,False,-1440.2458798178316,-1435.1580416908641,2940.9999080657963,False,False,-1447.4482608429869,-1442.836183024116,2967.3729367295477,False,False,-1440.2459241372985,-1421.9620136320568,2973.9998954772955,True,False,0.3998195495521484,14.255646529433271,-0.09636598685396112,-3.42586995376434,-0.21121942559551649,-7.5103165676811185,-0.5273581945586878,-19.463045748434826,-0.11842643561401031,-4.359689756678359,-0.4032846067381693,-14.332985341394878,-0.19654110022830695,-6.986298064860941,-0.30821009255219317,-10.989273189256911,-3.8535400952402217,7.747320495773678,9.675806573313187,12.980446023693855,25.6271539311058,ok,3,2.879420700938782
58,13.952323699995759,1786044509.4262464,0.01182019998668693,-1436.27330745484,-1428.0851468655437,2765.9999748229984,False,False,-1429.760577070025,-1428.9444585383744,2772.49712302149,False,False,-1453.92948925635,-1447.1718464406883,2804.999959945679,False,False,-1449.6250359140506,-1443.7810969832196,2811.685229897935,False,True,-1433.0664853134454,-1429.8556591374513,2840.84162532179,True,False,-1415.751833908977,-1407.308860836874,2846.9999439239505,False,False,-1421.1474462817498,-1427.4035134639485,2866.999936294556,False,False,-1424.1533866185778,-1421.6055384051103,2872.8182364549957,False,False,-1420.1732325702235,-1427.6140370449614,2878.9999317169195,False,False,-1412.2473683406179,-1401.2581929883547,2885.742785622088,False,False,-1418.1092979185132,-1423.433798942446,2902.999922561646,False,False,-1412.7003759513404,-1407.3740822813825,2909.0527841604876,False,False,-1442.7645169178104,-1449.7211098205828,2934.206702248176,False,False,-1438.9004279120945,-1434.3321637069414,2940.9999080657963,False,False,-1436.2149188495277,-1443.7377250359139,2967.3729367295477,False,False,-1439.1632530488737,-1425.3311856221535,2973.9998954772955,False,False,0.20886468337207073,7.44711233347504,0.015929047581610952,0.5662874140916905,-0.1668678127358631,-5.933308904090993,-0.30801521243079455,-11.367822160744433,-0.5616011178298391,-20.67449406922967,-0.3427737635059905,-12.182392398963644,-0.2002323218759674,-7.117507133213907,-0.4757951491099622,-16.964541402248756,0.46619604159868144,14.692654871987013,6.284039516777932,15.986888333410995,25.275049153152036,ok,3,2.879420700938782
59,14.191071599998395,1786044509.6652124,0.012229400017531589,-1433.1517850047376,-1429.566098664303,2765.9999748229984,False,False,-1427.721250420271,-1431.6071384906927,2772.49712302149,False,False,-1454.0548858391662,-1451.0037274199954,2804.999959945679,False,False,-1445.222465384968,-1437.3808845554297,2811.685229897935,False,False,-1427.6599871626372,-1430.2840648592478,2840.84162532179,False,False,-1418.3150166580067,-1412.898325029801,2846.9999439239505,False,False,-1417.8219870403766,-1428.2997661766055,2866.999936294556,False,False,-1429.5735214108872,-1423.2307699361186,2872.8182364549957,False,False,-1424.6597686218174,-1424.1615108353458,2878.9999317169195,False,False,-1409.755931167283,-1405.1201118684476,2885.742785622088,False,False,-1416.2482409756399,-1422.6333771433813,2902.999922561646,False,False,-1419.510311153223,-1408.0552526209615,2909.0527841604876,False,False,-1450.4691704618394,-1448.716372222392,2934.206702248176,False,False,-1443.2714246416235,-1434.8271158724824,2940.9999080657963,False,False,-1445.9595913439493,-1441.0046734113762,2967.3729367295477,False,False,-1444.3583198337255,-1420.8108689672038,2973.9998954772955,False,False,0.21129447400411394,7.533747007616752,-0.08587537227763951,-3.0529221695216764,-0.251976581633122,-8.959516343590796,-0.5882121258073885,-21.70896296388024,-0.1268820292750938,-4.67096962320251,-0.5750104316087097,-20.43622778973959,-0.11726108947773435,-4.1681913938110355,-0.41900086180000023,-14.939533286290882,-5.883697174573757,7.720891143657823,10.516523497427555,14.311789509570314,30.107849206844882,ok,3,2.879420700938782
60,14.432182149990695,1786044509.9060197,0.011534499994013458,-1437.4047085612983,-1424.0765886236513,2765.9999748229984,False,False,-1432.3507136962437,-1430.7674985481553,2772.49712302149,False,False,-1448.9866139927256,-1454.2921111348837,2804.999959945679,False,False,-1444.2054589357215,-1437.5014380902892,2811.685229897935,False,False,-1430.8053641837578,-1432.6175505089097,2840.84162532179,False,False,-1417.5213375309472,-1406.0327780664486,2846.9999439239505,True,False,-1424.5368401748324,-1430.2346899165573,2866.999936294556,False,False,-1424.493665372742,-1426.0717990647063,2872.8182364549957,False,False,-1420.7860791026073,-1417.46395910383,2878.9999317169195,False,False,-1415.1649127364979,-1406.412259681511,2885.742785622088,False,False,-1417.8930601827797,-1425.0552541492193,2902.999922561646,False,False,-1415.410011614757,-1407.8309731943639,2909.0527841604876,False,False,-1441.4571232081182,-1453.3495308249535,2934.206702248176,False,True,-1442.1985940031177,-1433.239768316166,2940.9999080657963,False,False,-1441.1168780756184,-1444.622144450897,2967.3729367295477,False,False,-1435.059207751322,-1423.6678989516154,2973.9998954772955,False,False,0.333881410105106,11.904608893033469,-0.21289912987171308,-7.568694681821683,-0.4194506185069035,-14.914380723338917,-0.14351749086759322,-5.296755638345711,-0.1669040040490618,-6.144317972829491,-0.47415129357635116,-16.85163139600202,-0.36200285206866784,-12.867842003243382,-0.33264929750872396,-11.860656399234301,-1.2891898617770972,11.846288788290705,7.4748495106191015,14.066625173142757,26.875678231329914,ok,3,2.879420700938782
61,14.673302449999028,1786044510.1481328,0.012361299974145368,-1432.3424397102422,-1430.2940138154477,2765.9999748229984,False,False,-1429.3473423602409,-1427.3655637741845,2772.49712302149,False,False,-1454.3870006418679,-1450.634222269768,2804.999959945679,False,False,-1447.6720451141605,-1432.6215331479045,2811.685229897935,False,False,-1433.5133355747776,-1431.8384830516243,2840.84162532179,False,False,-1413.164281566158,-1418.2214979979829,2846.9999439239505,False,False,-1424.202370327353,-1428.3389568114437,2866.999936294556,False,False,-1426.9944249167102,-1425.7483678210108,2872.8182364549957,False,False,-1423.8195754500716,-1421.7496851789592,2878.9999317169195,False,False,-1408.5800501268454,-1410.0131995598617,2885.742785622088,False,False,-1412.7951493107562,-1420.5959974936577,2902.999922561646,False,False,-1415.884401075893,-1407.6115307026928,2909.0527841604876,False,False,-1447.8226472476083,-1450.6016933092887,2934.206702248176,False,False,-1443.1150487514137,-1434.3102790598164,2940.9999080657963,False,False,-1445.7683727114345,-1446.4006693767767,2967.3729367295477,False,False,-1441.8471543845708,-1423.2205092153924,2973.9998954772955,False,False,0.0017702000341492405,0.06311683858753094,-0.20282658101404094,-7.210609390362814,0.2105113146695624,7.485138309554743,-0.18805190988762682,-6.940373664405264,0.10635765242070404,3.915395793167355,-0.5178385179617749,-18.404302478062544,-0.20201185384667011,-7.180762812300046,-0.43144492842698573,-15.383228191337187,-9.45955201937607,5.218340140128055,13.98795732998888,17.674194422687084,17.025208375747564,ok,3,2.879420700938782
62,14.914904600009322,1786044510.3891847,0.011375000001862645,-1430.146715774674,-1428.5943867102728,2765.9999748229984,False,False,-1429.8725142892076,-1427.157202677507,2772.49712302149,False,False,-1451.4671210685576,-1451.2996485007793,2804.999959945679,False,False,-1439.8725035914053,-1436.0878182596205,2811.685229897935,False,False,-1431.397553259773,-1427.9841076504567,2840.84162532179,False,False,-1414.329062872513,-1407.9422226976799,2846.9999439239505,False,False,-1418.5032154537394,-1424.6160910230155,2866.999936294556,False,False,-1418.6217975364493,-1421.9285188128495,2872.8182364549957,False,False,-1419.5308539902803,-1423.6123574899898,2878.9999317169195,False,False,-1406.2852064675856,-1403.1979597762627,2885.742785622088,False,False,-1416.308413057432,-1419.975217776691,2902.999922561646,False,False,-1418.558385548797,-1405.8491487605831,2909.0527841604876,False,False,-1441.1855763058961,-1446.135191185011,2934.206702248176,False,False,-1440.9198612342207,-1434.8271158724824,2940.9999080657963,False,True,-1440.733312956567,-1443.9018476632941,2967.3729367295477,False,True,-1438.5909985634378,-1424.3008695785065,2973.9998954772955,False,False,-0.033013119596097006,-1.177089425274545,-0.06454775869837286,-2.2947124221609805,-0.09539137289412475,-3.3918253789427975,-0.09803386156775344,-3.618105402127345,-0.21798902561025613,-8.024935624330302,-0.5294114155956828,-18.815610446114892,-0.1923434941995895,-6.837088933328595,-0.3900602339373573,-13.90765122422847,-2.8593110553803487,8.399268238612816,8.142782070095706,12.042768223986643,20.934136727823223,ok,3,2.879420700938782
63,15.15136970000458,1786044510.6260834,0.011941000004298985,-1429.2985833053153,-1426.8179493841121,2765.9999748229984,False,False,-1426.15160772687,-1423.4398814072197,2772.49712302149,False,False,-1452.2669942231864,-1450.7213451722346,2804.999959945679,False,False,-1443.3374912125196,-1441.1171241250727,2811.685229897935,False,False,-1428.5479720023231,-1430.3315157257693,2840.84162532179,False,False,-1418.8101384601275,-1414.1728413363082,2846.9999439239505,False,False,-1414.5277409297917,-1424.7105220527556,2866.999936294556,False,False,-1417.0554650487516,-1420.2720603967357,2872.8182364549957,False,False,-1419.4421569826084,-1422.4838768835773,2878.9999317169195,False,False,-1407.319871932023,-1403.5057355503257,2885.742785622088,False,False,-1415.3622199468166,-1417.9118180150995,2902.999922561646,False,False,-1410.5382247761102,-1406.1881239111165,2909.0527841604876,False,False,-1447.5875645688784,-1447.0695754500716,2934.206702248176,False,False,-1438.8769981966566,-1435.3533743925177,2940.9999080657963,False,False,-1446.5426934009843,-1440.6659657059022,2967.3729367295477,False,False,-1440.2119830669071,-1422.5051639820276,2973.9998954772955,False,False,-0.006735165408357982,-0.24014367853289373,-0.012174116308679737,-0.43279730366631924,-0.2011982225570367,-7.153993246586032,-0.24354098341477226,-8.988291735538805,-0.20890056144129424,-7.690357589148147,-0.22281752306947736,-7.919073127515107,-0.052592398085480066,-1.8694622577373101,-0.2669556190528123,-9.518339269444134,-0.7272228578884716,6.178128255132819,2.803672719284734,6.823393769874888,17.678246767077564,ok,3,2.879420700938782
64,15.40163079998456,1786044510.8761823,0.011825599998701364,-1426.1500320934072,-1428.0851468655437,2765.9999748229984,False,True,-1429.3473423602409,-1426.3668948864506,2772.49712302149,True,False,-1448.0165556132897,-1448.0052709600513,2804.999959945679,False,False,-1443.7256135953787,-1434.996512516429,2811.685229897935,False,False,-1429.4622703793134,-1425.9994452425344,2840.84162532179,False,False,-1410.484234495828,-1414.9149280190727,2846.9999439239505,False,False,-1427.0465598924106,-1421.8786227343583,2866.999936294556,False,False,-1422.2682871290153,-1414.1090839624662,2872.8182364549957,False,False,-1415.6279013968274,-1416.9807852186937,2878.9999317169195,False,False,-1406.6777149494146,-1399.3594889506985,2885.742785622088,False,False,-1415.2278448513007,-1419.751380016505,2902.999922561646,False,False,-1405.6093468227525,-1405.7202967876026,2909.0527841604876,False,False,-1442.9515771617203,-1448.1737827429163,2934.206702248176,False,False,-1439.3752330592658,-1428.3328605923527,2940.9999080657963,False,False,-1445.7683727114345,-1438.648048415197,2967.3729367295477,True,False,-1431.6960357000946,-1427.0413760430358,2973.9998954772955,False,False,-0.1393601455909542,-4.968914046500072,-0.15561065502235,-5.5320542541068125,0.24714767943438373,8.787815354987854,-0.10650834020070171,-3.9308703634554467,-0.26605556069807235,-9.794432270707304,-0.14153484125241342,-5.0302361435891925,-0.2843405182150711,-10.107237671204425,0.05383357475278256,1.9194435030138712,-0.3362961020044997,-0.005391741515287964,3.639478384347228,3.6549866004173936,19.17179456557373,ok,3,2.879420700938782
65,15.645450099997106,1786044511.1201468,0.01176539997686632,-1431.7523397622033,-1427.0837851881286,2765.9999748229984,False,False,-1420.5872421065499,-1424.362525598313,2772.49712302149,False,False,-1446.997044350032,-1450.7388085704679,2804.999959945679,False,False,-1441.7172418008986,-1439.0923189779014,2811.685229897935,False,False,-1431.5589097411134,-1430.4975853531803,2840.84162532179,False,False,-1410.9101002536906,-1406.4226212672313,2846.9999439239505,False,False,-1420.0214154720786,-1422.6401549653085,2866.999936294556,False,False,-1425.4815707430384,-1413.7752024941162,2872.8182364549957,False,False,-1418.7880352721827,-1420.0418299355074,2878.9999317169195,False,False,-1402.0435966011553,-1400.911302992328,2885.742785622088,False,False,-1417.3853990280281,-1421.936682764312,2902.999922561646,False,False,-1416.4080432191215,-1403.040080080692,2909.0527841604876,False,False,-1445.5987743375003,-1451.8641302686676,2934.206702248176,False,False,-1441.6785310389091,-1432.628453097778,2940.9999080657963,False,False,-1443.5222896353578,-1434.9003194058137,2967.3729367295477,False,False,-1429.8674557569461,-1427.1020020172998,2973.9998954772955,False,False,0.23958721449007336,8.542530365430567,-0.11278422308682665,-4.009548324528277,-0.10885517638661102,-3.8705570398614366,-0.5048394713150374,-18.63195419584355,-0.07275469428030035,-2.6783538131461455,-0.5797928711223966,-20.606198659692204,-0.2666708267842265,-9.47914649380386,0.12986415105965862,4.630324145676198,-2.597462081669321,-2.8910817162087055,8.357256507020189,9.216772704132259,25.967126778557038,ok,3,2.879420700938782
66,15.894373849994736,1786044511.3694382,0.013890500005800277,-1428.7079805605647,-1430.7918910658068,2765.9999748229984,False,False,-1424.7228398080508,-1427.9086499373414,2772.49712302149,False,False,-1454.2502002017302,-1449.3613427270225,2804.999959945679,False,False,-1439.560908701898,-1434.6449445242536,2811.685229897935,False,False,-1430.2216095607787,-1426.2748739187577,2840.84162532179,False,False,-1411.6534339945592,-1406.9722162789988,2846.9999439239505,False,False,-1414.3636030198365,-1426.7123620747623,2866.999936294556,False,False,-1424.4565073203535,-1409.2183849374944,2872.8182364549957,False,False,-1423.3445609316257,-1421.164448146224,2878.9999317169195,False,False,-1407.4941207934712,-1401.4821453678517,2885.742785622088,False,False,-1417.0053764098175,-1420.2690375034385,2902.999922561646,False,False,-1409.5556790047985,-1409.5396888467772,2909.0527841604876,False,False,-1440.5869502093715,-1447.6428446984748,2934.206702248176,False,False,-1433.607659626494,-1428.784387321576,2940.9999080657963,False,False,-1437.9180899838007,-1433.997418773115,2967.3729367295477,False,False,-1433.656805330562,-1418.4705734022068,2973.9998954772955,False,False,0.03133978185124135,1.1174262311117247,-0.001370228508499226,-0.048712464120486174,-0.024893325016177238,-0.8851304787263623,-0.9711018474580126,-35.8401554739878,-0.11854995772828036,-4.364237036122465,-0.10518764452227258,-3.738434202157448,-0.2069120720504698,-7.3549471682176355,-0.2543077847374432,-9.067378999476622,-1.8242000581011444,0.7310361323711353,10.09595804743467,10.285450334057778,32.92585845835477,ok,3,2.879420700938782
67,16.14677030000894,1786044511.622306,0.01436699999612756,-1430.9778754164502,-1423.912530183085,2765.9999748229984,False,False,-1431.964639178409,-1428.1150930708807,2772.49712302149,False,False,-1451.6873368585136,-1449.219855121191,2804.999959945679,False,False,-1441.4222223920283,-1432.7582663447138,2811.685229897935,False,False,-1427.0559953540974,-1426.2656936760704,2840.84162532179,False,False,-1409.7882354739127,-1404.1088363847539,2846.9999439239505,False,False,-1422.4103126814803,-1427.245785065868,2866.999936294556,False,False,-1420.5852645413702,-1419.4473775101628,2872.8182364549957,False,False,-1423.0699116667176,-1419.5607191979705,2878.9999317169195,False,False,-1407.29284775499,-1396.605110493016,2885.742785622088,False,False,-1420.1138016933096,-1418.0072286578843,2902.999922561646,False,False,-1417.151862945869,-1400.4836980774521,2909.0527841604876,False,False,-1445.4759314729345,-1445.9205764587216,2934.206702248176,False,False,-1438.190903811474,-1427.4724638567106,2940.9999080657963,False,False,-1438.5078185652717,-1435.0167160803253,2967.3729367295477,False,False,-1430.5964788947645,-1423.0365559189413,2973.9998954772955,False,False,0.09169278971404553,3.269324876498061,-0.1112779491071189,-3.9559993604416217,-0.15517324363602675,-5.517485805364334,-0.20898009739887696,-7.712763806752723,-0.22287062440991295,-8.204644286275029,-0.47445834193510283,-16.86254408533247,-0.1960359720748824,-6.968342655856528,-0.09186413246409268,-3.275428262528568,-1.6992454449722094,3.8704301830457974,4.989491594978143,6.53931886823454,19.999522800558374,ok,3,2.879420700938782
68,16.39280354999937,1786044511.8672,0.011437100009061396,-1437.2876088883454,-1425.412843475869,2765.9999748229984,False,False,-1424.139736222759,-1423.2976724638568,2772.49712302149,False,False,-1453.1770669682428,-1454.810517467983,2804.999959945679,False,False,-1443.4905675948282,-1434.9829782681786,2811.685229897935,False,False,-1429.3996882354738,-1424.8071919797046,2840.84162532179,False,False,-1411.2392166152154,-1405.432082709295,2846.9999439239505,False,False,-1417.5499159458382,-1423.4938823853042,2866.999936294556,False,False,-1419.7927957942354,-1418.6506632637468,2872.8182364549957,False,False,-1419.8915945838557,-1419.5679692514598,2878.9999317169195,False,False,-1411.3175719045146,-1404.930913592322,2885.742785622088,False,False,-1419.4752865482774,-1424.8679417428248,2902.999922561646,False,False,-1410.9674328330834,-1406.5171684445393,2909.0527841604876,False,False,-1446.0238652688204,-1446.149879267659,2934.206702248176,False,False,-1442.3676162239815,-1432.993517131766,2940.9999080657963,False,False,-1439.5879023137818,-1435.7583106641807,2967.3729367295477,False,False,-1431.5691888009292,-1420.6986077574352,2973.9998954772955,False,False,0.3131081281455402,11.163933342767013,-0.18061703473246907,-6.42104639436421,-0.04039343340409523,-1.43626691183815,-0.2484398661429625,-9.169093284919818,-0.18575663249674476,-6.838348918738521,-0.316515675289297,-11.249163638890318,-0.16625403126351032,-5.90970649671934,-0.1589996038502004,-5.669152717306252,-4.171201978445706,6.697702763322872,5.877693851425791,9.83897521400988,16.25021292313079,ok,3,2.879420700938782
69,16.643536849995144,1786044512.1182137,0.013046699983533472,-1432.3185133111226,-1424.473755234282,2765.9999748229984,False,False,-1423.2168704343312,-1428.322983464254,2772.49712302149,False,False,-1451.6873368585136,-1449.248589418345,2804.999959945679,True,False,-1447.0323868325333,-1435.8143595072897,2811.685229897935,False,False,-1425.973469450133,-1432.2765336063821,2840.84162532179,False,False,-1411.2909359048813,-1414.3678744994959,2846.9999439239505,False,False,-1423.079933979277,-1423.5989103524162,2866.999936294556,False,False,-1423.2307882752086,-1411.9374774582022,2872.8182364549957,False,False,-1419.3966699269495,-1414.4336124950332,2878.9999317169195,False,False,-1413.2896491120823,-1401.5725907020815,2885.742785622088,False,False,-1411.0879894244583,-1423.5129489256349,2902.999922561646,False,False,-1408.3372848977594,-1405.4109102301559,2909.0527841604876,False,False,-1450.2931579912586,-1450.5956551639822,2934.206702248176,False,False,-1435.7856068710457,-1432.2616254546567,2940.9999080657963,False,False,-1440.6568771586635,-1440.0402420759851,2967.3729367295477,False,False,-1435.211455818076,-1424.6387963444079,2973.9998954772955,False,False,0.3674389859408666,13.101111015141077,-0.15701996673818322,-5.582156150225802,-0.09891848390857579,-3.517238655743435,-0.41715069438089947,-15.395651632039375,-0.20869309085607277,-7.682719873966461,-0.49242636272800505,-17.501138701480937,-0.06693955679776847,-2.3794498737193086,-0.22308094732688635,-7.953981821923115,-6.609553875469333,7.211641651023912,7.19663935126565,12.144364770859768,22.831012459083297,ok,3,2.879420700938782
70,16.879681199992774,1786044512.3537834,0.012216200004331768,-1438.471638597671,-1425.2005562857225,2765.9999748229984,False,False,-1431.1048812543938,-1427.6591298101903,2772.49712302149,False,False,-1447.716239263991,-1445.9013601491579,2804.999959945679,False,False,-1444.4610141516641,-1435.5202906745728,2811.685229897935,False,False,-1427.8433872298806,-1424.3263578567717,2840.84162532179,False,False,-1410.8761591832995,-1403.638134608919,2846.9999439239505,False,False,-1418.8375722101657,-1422.7301372375218,2866.999936294556,False,False,-1418.0789834031236,-1421.5889782070485,2872.8182364549957,False,False,-1417.457135434178,-1421.1772580004279,2878.9999317169195,False,False,-1406.295137084696,-1406.654078919216,2885.742785622088,False,False,-1417.4882660390622,-1424.123733838677,2902.999922561646,False,False,-1408.3572546382613,-1403.1899150288841,2909.0527841604876,False,False,-1445.945366323318,-1442.9104869028333,2934.206702248176,False,False,-1438.1590931320109,-1426.3781795396887,2940.9999080657963,False,False,-1439.7333832564111,-1436.405047834459,2967.3729367295477,False,False,-1433.1231087813676,-1425.3383638475411,2973.9998954772955,False,False,0.2790845591424838,9.950816140467502,-0.12737899613303694,-4.528401460301111,-0.11946080025383189,-4.247660577644535,-0.013314014508960572,-0.4913762147947183,-0.10163304192340568,-3.7414664176645607,-0.3799763262541113,-13.504594579810414,-0.1543973256337634,-5.488245135708823,-0.10031194867797977,-3.5766363101246026,-2.548924951616924,5.502348598772775,4.574198342631963,7.5957981140318,14.108072625806948,ok,3,2.879420700938782
71,17.120321900001727,1786044512.5948915,0.011945799982640892,-1429.2903735061286,-1422.3002368799093,2765.9999748229984,False,False,-1425.4438227832627,-1427.7767689580342,2772.49712302149,False,False,-1451.898095791179,-1445.2238087232936,2804.999959945679,False,False,-1446.2642234923742,-1437.7392196717303,2811.685229897935,False,False,-1432.8144374484211,-1429.1865406363663,2840.84162532179,False,False,-1414.7735535042943,-1402.2942201302076,2846.9999439239505,False,False,-1414.2785218693646,-1425.5493336797385,2866.999936294556,False,False,-1416.905943393343,-1417.885356236819,2872.8182364549957,False,False,-1412.90060060519,-1422.5184644068834,2878.9999317169195,False,False,-1408.4967952440627,-1401.5453327016535,2885.742785622088,False,False,-1414.0687226823977,-1423.0822584589052,2902.999922561646,False,False,-1409.5556790047985,-1403.9748830883025,2909.0527841604876,True,False,-1439.6235259956597,-1446.9191200293426,2934.206702248176,False,False,-1440.7146804413608,-1427.508789008772,2940.9999080657963,False,False,-1442.9623681877922,-1437.535735244674,2967.3729367295477,False,False,-1430.3787449949568,-1422.8905278601337,2973.9998954772955,False,False,0.26494370913780024,9.446621286768355,-0.033587182343195285,-1.1940449382367022,-0.2827553699299496,-10.053915890540994,-0.3599146062380021,-13.283257032920867,-0.5042377646918054,-18.562749155283928,-0.4695697029671187,-16.688798820830023,-0.35848285244670297,-12.742719234933457,-0.047458744207137325,-1.6921480441883239,3.4430757900989692,6.6141464433604105,4.826810703265544,8.882556255703738,30.06961452268285,ok,3,2.879420700938782
72,17.362254249994294,1786044512.8364801,0.011836899997433648,-1429.2430861631567,-1428.170669682428,2765.9999748229984,False,False,-1429.066940734175,-1427.7767689580342,2772.49712302149,False,True,-1440.613882690956,-1442.6035012378886,2804.999959945679,False,False,-1442.406137482043,-1432.7942491670997,2811.685229897935,False,False,-1427.9743176330348,-1425.3731026683377,2840.84162532179,False,False,-1406.809099245041,-1407.804595470245,2846.9999439239505,False,False,-1410.332532016994,-1421.1773267720148,2866.999936294556,False,False,-1417.719462359018,-1416.590368921356,2872.8182364549957,False,False,-1417.8229024666075,-1418.3430433719473,2878.9999317169195,False,False,-1404.0376715469022,-1400.9920561176145,2885.742785622088,False,False,-1411.772801601614,-1424.120637589021,2902.999922561646,False,False,-1409.8658358040161,-1401.5861784393433,2909.0527841604876,False,False,-1445.5987743375003,-1446.3612922945256,2934.206702248176,True,False,-1429.5084191704618,-1428.4347541033712,2940.9999080657963,False,False,-1434.629585536571,-1432.5566311092093,2967.3729367295477,False,False,-1432.4080829538161,-1421.4541843689826,2973.9998954772955,False,False,-0.006178745708401679,-0.22030442211465348,-0.207157776810211,-7.364586058131038,0.11255743835285385,4.002198148649489,-0.4203879720825511,-15.51512883872308,-0.1092976236385465,-4.0236263781452974,-0.6640257855053948,-23.599888740946213,-0.032074103189131474,-1.1401139241720102,-0.19966636339248403,-7.119131615243528,-10.233413358565699,1.7978740456685702,9.268850954506643,13.923602194411412,20.560319737022038,ok,3,2.879420700938782
73,17.609449499999755,1786044513.0844228,0.012438399979146197,-1426.5939175352262,-1426.3477442919584,2765.9999748229984,False,False,-1423.9096448329615,-1427.7767689580342,2772.49712302149,False,True,-1446.0515145031636,-1450.2306843536999,2804.999959945679,False,False,-1439.4157456368248,-1430.0423541278233,2811.685229897935,False,False,-1426.9709142036252,-1419.6324250389705,2840.84162532179,False,False,-1413.3716829171378,-1405.5173961549044,2846.9999439239505,False,False,-1412.3721001314302,-1421.8760338661857,2866.999936294556,False,False,-1413.4607405935753,-1412.0401534370512,2872.8182364549957,False,False,-1412.0800424855577,-1415.6141256838953,2878.9999317169195,False,False,-1405.3251490051043,-1398.9142907357032,2885.742785622088,False,False,-1412.5515083901337,-1423.5129489256349,2902.999922561646,False,True,-1417.0789467249442,-1404.4382110217928,2909.0527841604876,False,False,-1445.9205947978114,-1441.7986215117523,2934.206702248176,False,False,-1436.815024299294,-1427.1385716905584,2940.9999080657963,False,False,-1434.4871060916344,-1434.6122031359844,2967.3729367295477,False,False,-1433.3151786532994,-1418.3464574991594,2973.9998954772955,False,False,0.11656233386504544,4.156053479844027,-0.24170273977679352,-8.592680685133265,-0.01862101894307834,-0.6621064643131658,-0.38358767058111026,-14.15695149537466,-0.30454891882850355,-11.21150691515889,-0.7607287670221023,-27.03677275136923,-0.09835171988358146,-3.4960343129261084,-0.339445207937697,-12.10296551914431,-9.616756208741368,8.246365398933557,9.498887603500805,15.833932170343395,27.02208079210837,ok,3,2.879420700938782
74,17.86465390000376,1786044513.339526,0.011995800014119595,-1433.7778387382707,-1429.3077452089128,2765.9999748229984,False,False,-1426.9218953449276,-1424.5685499893023,2772.49712302149,False,False,-1450.3810740593576,-1448.3975440902282,2804.999959945679,False,False,-1440.2714032460187,-1436.3461059999388,2811.685229897935,False,False,-1425.0294617477152,-1424.992924167864,2840.84162532179,False,False,-1407.4724516306508,-1407.7605908243422,2846.9999439239505,False,False,-1421.3250466118532,-1429.2798178317082,2866.999936294556,False,False,-1422.3695051502277,-1408.8046153375922,2872.8182364549957,False,False,-1416.5705138001654,-1424.367096616438,2878.9999317169195,False,False,-1404.37252498701,-1401.3516306507322,2885.742785622088,False,False,-1415.7034080141823,-1418.0611425252926,2902.999922561646,False,False,-1409.9961656019807,-1405.756105388636,2909.0527841604876,False,False,-1441.5995659748755,-1443.1974523947795,2934.206702248176,False,False,-1439.3496087660847,-1429.8002552189994,2940.9999080657963,False,False,-1437.9811015679923,-1436.06533606382,2967.3729367295477,False,False,-1437.233248769753,-1424.5457239355685,2973.9998954772955,False,False,0.05969481139307415,2.1284305177525016,-0.0349213612497772,-1.241475816892383,0.010238367252402857,0.3640450161481606,-0.7578958551388104,-27.971427870690306,-0.3282175567017194,-12.082831949602308,-0.21312362950621544,-7.574546130893381,-0.19527819114767805,-6.94140638950223,-0.24155893349548027,-8.612816957114552,-1.8283429307201877,4.012721357464185,8.069833313739634,9.196030680489583,29.907047211068026,ok,3,2.879420700938782
75,18.10229770001024,1786044513.5768442,0.012008999998215586,-1423.6310297398907,-1424.0471314607087,2765.9999748229984,False,False,-1420.0876883577344,-1426.232553412599,2772.49712302149,False,False,-1447.3926658923497,-1448.0769615184763,2804.999959945679,False,False,-1444.4823730782161,-1437.2443423908062,2811.685229897935,False,False,-1430.0823012501144,-1422.3344346975578,2840.84162532179,False,False,-1406.7158892930283,-1406.946859430877,2846.9999439239505,False,False,-1417.9484274230522,-1423.841398966898,2866.999936294556,False,False,-1421.6489241067334,-1413.4404636733198,2872.8182364549957,False,False,-1412.8514059968825,-1414.4472705321393,2878.9999317169195,False,False,-1404.5436271663052,-1403.1132744444785,2885.742785622088,False,False,-1412.1154965308554,-1420.5077986979247,2902.999922561646,False,False,-1404.3521594278204,-1403.3400846654645,2909.0527841604876,False,False,-1442.6547421829632,-1449.7909435461686,2934.206702248176,False,False,-1435.6132392945565,-1432.9984274230524,2940.9999080657963,False,False,-1437.9006433963996,-1434.2214796588928,2967.3729367295477,False,False,-1428.9893816670233,-1420.4948406027447,2973.9998954772955,False,False,0.1624892080857881,5.793585426008289,-0.1410973364349165,-5.016096874316288,0.2494451347032439,8.869505835494458,-0.4961222147899344,-18.310229105952985,-0.09239292660827154,-3.401305575357226,-0.3019599604175271,-10.731844494036242,-0.16921817019112417,-6.01507050470501,-0.10893027516477778,-3.883923924924542,-6.161434327716209,0.7966334762411732,9.750471861482119,11.561556962268636,16.346563279458206,ok,3,2.879420700938782
76,18.344846799998777,1786044513.8195074,0.011960399977397174,-1427.060291285876,-1422.6049836476448,2765.9999748229984,False,False,-1421.4775208607148,-1424.830386343491,2772.49712302149,False,False,-1451.5570483235012,-1447.362281077116,2804.999959945679,False,False,-1441.10259650946,-1430.0269294250695,2811.685229897935,False,False,-1426.5670125622767,-1422.0754867500077,2840.84162532179,False,False,-1411.3908931136718,-1407.0614130268668,2846.9999439239505,False,False,-1424.5305559800715,-1419.4748372405784,2866.999936294556,False,False,-1415.543518660024,-1413.4211571965645,2872.8182364549957,False,False,-1415.5386419904025,-1420.1878534095424,2878.9999317169195,False,False,-1400.7675550936822,-1395.9411590304733,2885.742785622088,False,False,-1412.0958263288198,-1423.0822584589052,2902.999922561646,False,True,-1405.8637298652077,-1400.7114619311062,2909.0527841604876,False,False,-1437.4634226854541,-1444.9361860806307,2934.206702248176,False,False,-1438.1282880459698,-1431.494920072134,2940.9999080657963,False,False,-1434.926418987071,-1435.8659290277228,2967.3729367295477,False,False,-1434.969939175352,-1424.5023947794725,2973.9998954772955,False,False,0.2219096243898954,7.9122323316235015,-0.12414749194299705,-4.413519503798155,0.0036213070023950566,0.12876259794792544,0.10275906036643462,3.792496852451052,-0.28957231270047035,-10.660165856993427,-0.5192049697022693,-18.45286702141231,-0.24593067067830598,-8.741911827368236,-0.2552823942589769,-9.10212883585056,-2.675763557835585,9.842481724957164,7.1800272544024,12.47344974325539,16.33278611664113,ok,3,2.879420700938782
77,18.599823199998355,1786044514.0741117,0.012364999973215163,-1430.4334015955005,-1421.1103570009477,2765.9999748229984,False,False,-1421.9223064461899,-1421.3834214628482,2772.49712302149,False,False,-1448.0192346486533,-1451.5686936455054,2804.999959945679,False,False,-1441.5231882507564,-1427.4103982638994,2811.685229897935,False,False,-1423.974193844179,-1420.6546015832746,2840.84162532179,False,False,-1411.903941376043,-1407.3166091023018,2846.9999439239505,False,False,-1415.4772625852006,-1423.8255280129597,2866.999936294556,False,False,-1420.2599749365772,-1417.7562719687012,2872.8182364549957,False,False,-1415.7901733043984,-1413.1101965339121,2878.9999317169195,False,False,-1404.5436271663052,-1400.2630528471436,2885.742785622088,True,False,-1413.9315432344042,-1412.778949781459,2902.999922561646,False,False,-1410.9270608552129,-1409.0766329431183,2909.0527841604876,False,False,-1443.32552801296,-1448.6316150625057,2934.206702248176,False,False,-1434.6662713573983,-1426.5336980774523,2940.9999080657963,False,False,-1435.4340449919002,-1436.6122077207567,2967.3729367295477,False,False,-1435.182658862365,-1424.9914677384845,2973.9998954772955,False,False,0.2500805585632473,8.916672660839712,-0.31587814197838965,-11.229661740450377,-0.04102851140670902,-1.4588483426480887,-0.3805495722596733,-14.04482534046044,-0.04992338986691196,-1.8378539410814398,-0.022656096754170615,-0.8052117468534589,-0.2348498731052759,-8.348031084095455,-0.25430390882662635,-9.067240803344008,-5.122182527847146,7.497057155437719,6.167927760414287,10.976609344336332,23.14457478298534,ok,3,2.879420700938782
78,18.849357749990304,1786044514.3236892,0.011364100006176159,-1430.7899807439558,-1418.693206895498,2765.9999748229984,False,False,-1426.3109300975027,-1420.778310969832,2772.49712302149,False,False,-1449.702867011034,-1450.4103799248098,2804.999959945679,False,False,-1442.0979933979277,-1431.2506556224594,2811.685229897935,False,False,-1426.4151098817129,-1422.10018797567,2840.84162532179,False,False,-1410.3577360393679,-1409.4133478008375,2846.9999439239505,False,False,-1417.8413057431917,-1417.4478787786163,2866.999936294556,False,False,-1416.7648760583184,-1414.221715010545,2872.8182364549957,False,False,-1413.0654048354068,-1419.485096433047,2878.9999317169195,False,False,-1406.6984427056273,-1402.7933673625334,2885.742785622088,False,False,-1411.5538726044565,-1413.7493275667082,2902.999922561646,False,False,-1412.9161766054344,-1405.6497310266834,2909.0527841604876,False,False,-1441.5866399731028,-1446.6282483112755,2934.206702248176,False,False,-1437.082958400831,-1428.0296848733076,2940.9999080657963,False,False,-1434.1926444967448,-1433.2519057370787,2967.3729367295477,False,False,-1428.859545496225,-1421.5654369288136,2973.9998954772955,False,False,0.1874258928569706,6.682707941683359,-0.2066210784869656,-7.34550610347205,0.10509243553409653,3.7367654869071805,-0.07585406746271527,-2.7995226024071784,-0.31431852120043313,-11.57116002104603,-0.30620700492651687,-10.882787093070586,-0.24641235399647216,-8.759033860518915,-0.14274306152315577,-5.089523467448514,-3.13344813437561,7.440319645415292,5.4273642091789,9.727956409022957,15.12156575799973,ok,3,2.879420700938782
79,19.097188850006205,1786044514.5718029,0.011997900001006201,-1422.4825427147966,-1421.9044059663172,2765.9999748229984,False,False,-1422.0075633462725,-1415.758883760736,2772.49712302149,False,False,-1440.2447382094936,-1447.2877235076567,2804.999959945679,False,False,-1442.4326894275146,-1431.700562398753,2811.685229897935,False,False,-1425.6094828376686,-1419.446319955986,2840.84162532179,False,False,-1408.0719335513645,-1407.3166091023018,2846.9999439239505,False,True,-1416.3786349604181,-1419.6655332090352,2866.999936294556,False,False,-1411.270875997188,-1413.6960739065319,2872.8182364549957,False,False,-1409.3394076474005,-1407.5595271571353,2878.9999317169195,False,False,-1401.437368951921,-1403.3258733991504,2885.742785622088,False,False,-1415.6544579270717,-1415.6177858605618,2902.999922561646,False,False,-1409.0211006510376,-1397.9630024146468,2909.0527841604876,False,False,-1434.180786746951,-1444.2836873796498,2934.206702248176,False,False,-1434.8032108689672,-1427.4363587737262,2940.9999080657963,False,False,-1431.5807103340771,-1433.9961212825137,2967.3729367295477,False,False,-1428.3314270868354,-1413.4548109545497,2973.9998954772955,False,False,-0.1621171904003292,-5.780321060540067,-0.31665060323398103,-11.257123211996225,0.16915362524613006,6.014585403721978,-0.029916366073298954,-1.1041140680459134,0.11229295855050095,4.133895093620544,-0.3591300174814132,-12.763703821598902,-0.30488104875994526,-10.837376398575827,-0.3894823990524525,-13.887048442029096,-7.729382533720844,5.348202273604217,11.271362035334409,14.676178795706734,23.067619193290064,ok,3,2.879420700938782
80,19.348722700000508,1786044514.82299,0.012062199995853007,-1429.302987743375,-1422.605896017361,2765.9999748229984,False,False,-1428.9983861601002,-1418.2404850689243,2772.49712302149,False,False,-1445.508983097472,-1442.5423709386555,2804.999959945679,False,False,-1441.5231882507564,-1434.0293379588597,2811.685229897935,True,False,-1425.2764953999451,-1421.8583870770549,2840.84162532179,False,False,-1407.7822233089832,-1407.0614130268668,2846.9999439239505,False,True,-1413.8429043005165,-1426.4237628755693,2866.999936294556,False,False,-1410.2749686707216,-1415.7397438640462,2872.8182364549957,False,False,-1409.2895222667114,-1413.61354647431,2878.9999317169195,False,False,-1400.9779762814437,-1396.215990158022,2885.742785622088,False,False,-1409.2198001039214,-1418.3887443836536,2902.999922561646,False,False,-1405.5115230614053,-1404.4382110217928,2909.0527841604876,False,True,-1439.0894458538376,-1444.4780190726535,2934.206702248176,False,False,-1437.2882186630802,-1427.4933658342757,2940.9999080657963,False,False,-1434.926418987071,-1432.3364565822048,2967.3729367295477,True,False,-1431.7655194547176,-1418.439511568909,2973.9998954772955,False,False,-0.11642799843662559,-4.151263723099818,-0.0811762381664941,-2.8858650689237337,0.08409111091048721,2.990022634921645,-0.24739960697421087,-9.13070076158265,-0.27831711066745013,-10.245822650949162,-0.32926363097542244,-11.702233899765945,-0.2656559929178754,-9.44307296074432,-0.24201514438098223,-8.629083218907535,-1.402210777226188,4.721869220157035,7.503310453926471,8.975628767057934,19.869259216810175,ok,3,2.879420700938782
81,19.590858700001263,1786044515.0655982,0.012102799984859303,-1426.2078063392119,-1422.2053045817158,2765.9999748229984,False,False,-1420.7552205275547,-1416.8712962679951,2772.49712302149,False,False,-1443.2104425833666,-1450.474623284531,2804.999959945679,False,False,-1442.8956032032277,-1430.9375553993336,2811.685229897935,False,False,-1425.6094828376686,-1424.3690848794204,2840.84162532179,True,False,-1409.3938915548492,-1402.3327352752392,2846.9999439239505,False,False,-1416.5143426964573,-1423.2353776324235,2866.999936294556,False,False,-1412.02230033316,-1410.3116132285966,2872.8182364549957,False,False,-1409.8597839043919,-1415.958750802335,2878.9999317169195,False,False,-1403.1113992725495,-1402.980580432191,2885.742785622088,False,False,-1409.9022786319038,-1411.9693492679648,2902.999922561646,False,False,-1411.6397209401841,-1401.3666335544215,2909.0527841604876,False,False,-1444.45279059816,-1442.289517681939,2934.206702248176,False,False,-1432.8665219916252,-1423.9978665525566,2940.9999080657963,False,False,-1429.2979032307364,-1427.5040835039888,2967.3729367295477,False,False,-1426.2031451538955,-1423.0286532995083,2973.9998954772955,False,False,0.0029572589810876113,0.10544166431481201,-0.3423293870411565,-12.17001973042789,-0.18512183783820332,-6.582366190211569,-0.2960581452212583,-10.926526380158217,-0.18931162114567276,-6.96922043840795,-0.40060272346054976,-14.237669544403872,-0.11858440515392918,-4.215230296804154,-0.031076781647073625,-1.108046918693115,-5.781344628168995,3.049744710324364,1.808152912869443,6.78191016337788,23.07917607495772,ok,3,2.879420700938782
82,19.83908925000287,1786044515.3134387,0.011693100008415058,-1420.703718250451,-1423.2032108689673,2765.9999748229984,False,False,-1419.6891188067364,-1416.313043677599,2772.49712302149,False,False,-1445.1405064645294,-1448.3066815417062,2804.999959945679,False,False,-1442.0979933979277,-1434.1464574991596,2811.685229897935,True,False,-1426.8674756242933,-1418.090909924504,2840.84162532179,False,False,-1402.0695280740902,-1405.4238560992758,2846.9999439239505,False,False,-1416.2540544670967,-1415.391316440994,2866.999936294556,False,False,-1418.1041904820122,-1411.1454136993,2872.8182364549957,False,False,-1409.7882599260324,-1407.6406623467924,2878.9999317169195,False,False,-1402.1285126998196,-1397.5756212366662,2885.742785622088,False,False,-1408.8954320383896,-1413.069748143167,2902.999922561646,False,False,-1410.4804490020479,-1399.143645505395,2909.0527841604876,False,False,-1438.238287434667,-1443.9952303084024,2934.206702248176,False,False,-1437.424352782957,-1427.4933658342757,2940.9999080657963,False,True,-1436.365650884861,-1432.382058257175,2967.3729367295477,False,False,-1427.4926628358348,-1415.5824876975273,2973.9998954772955,False,False,-0.1674933711343336,-5.972009866923256,-0.19801056007646933,-7.039396891374657,0.38121451933100586,13.554822016488906,-0.2155713584168062,-7.956025438136276,-0.07451214510403616,-2.743051701876662,-0.5036386352498003,-17.899629829120116,-0.27447732413090864,-9.756638159634132,-0.17967879863643724,-6.40647224814326,-7.111236119599788,0.3051482291355277,11.970127298262026,13.926476299733647,19.39900108171111,ok,3,2.879420700938782
83,20.090100649991655,1786044515.5647323,0.011905099992873147,-1431.1308524620226,-1425.4681022098603,2765.9999748229984,False,False,-1423.0494666381394,-1422.0694593025032,2772.49712302149,False,False,-1438.4310923984474,-1446.1041690864076,2804.999959945679,False,False,-1441.5231882507564,-1430.1423862212307,2811.685229897935,True,False,-1423.32390806003,-1422.305139529908,2840.84162532179,False,False,-1404.5054772748113,-1398.525732799462,2846.9999439239505,False,False,-1410.8465889293027,-1422.04202860898,2866.999936294556,False,False,-1416.206736558975,-1415.2916923923344,2872.8182364549957,False,False,-1411.5169223950847,-1414.100047375982,2878.9999317169195,False,False,-1398.0265916801663,-1398.7535318030382,2885.742785622088,False,False,-1410.7147935324142,-1418.3342604762051,2902.999922561646,False,False,-1404.3495323532109,-1397.6763288198795,2909.0527841604876,False,False,-1437.037686829477,-1439.79961793563,2934.206702248176,False,False,-1431.3039062261207,-1425.5028104655073,2940.9999080657963,False,False,-1429.7395329645137,-1433.261347311795,2967.3729367295477,False,False,-1424.3073065990159,-1418.8801632178993,2973.9998954772955,False,False,0.1328397155740128,4.736426801577849,-0.3397400914219168,-12.077968682615658,-0.15822856755869905,-5.626123776570735,-0.42494851300080416,-15.683443311590706,-0.05622654539792509,-2.0698950597795824,-0.4621820268221266,-16.42623622328984,-0.15017792786313644,-5.338261389583623,-0.20040203072214566,-7.145361934942399,-8.206062556585392,4.817544898451736,6.885912916426281,11.745807687162149,25.211858851467746,ok,3,2.879420700938782
84,20.339951700007077,1786044515.814551,0.012230199994519353,-1427.5184858024882,-1425.1764144022986,2765.9999748229984,False,False,-1418.849822722132,-1416.3846501818628,2772.49712302149,False,False,-1442.5986765290215,-1445.115980988477,2804.999959945679,False,False,-1435.2973056820613,-1433.3988293547698,2811.685229897935,False,False,-1424.6689840144268,-1421.2287312406397,2840.84162532179,False,False,-1407.908639239539,-1402.006074823486,2846.9999439239505,False,False,-1418.4699147232327,-1420.0221979399091,2866.999936294556,False,False,-1417.02390806003,-1408.900947519638,2872.8182364549957,False,False,-1413.2474661490967,-1411.8590090778496,2878.9999317169195,False,False,-1398.561414555124,-1394.1864611669776,2885.742785622088,False,False,-1409.628259009078,-1412.163422685454,2902.999922561646,False,False,-1404.7443882385305,-1405.0933750038207,2909.0527841604876,False,False,-1440.5908151725403,-1444.1585399028029,2934.206702248176,False,False,-1437.1886419904026,-1430.1523718556102,2940.9999080657963,False,False,-1436.7471375737384,-1437.064058440566,2967.3729367295477,False,False,-1429.4905446709658,-1416.0094660268364,2973.9998954772955,False,False,-0.003928973014687551,-0.1400883238045922,-0.07854269919145723,-2.7922411426693508,-0.07954688721226873,-2.828443942849377,-0.34211032574302785,-12.626159960443148,-0.09268971441204449,-3.412231368583269,-0.07046004771216925,-2.504193847567756,-0.18535648884107703,-6.588727130333466,-0.31074024586428206,-11.079486153170608,-1.2153988645677711,5.622419801613629,5.931478074429846,8.262640677955908,18.049215834459776,ok,3,2.879420700938782
85,20.600938150004367,1786044516.0758507,0.012485299987019971,-1427.6107268392577,-1421.6245040804474,2765.9999748229984,False,False,-1423.6896124339025,-1416.6307852186935,2772.49712302149,False,False,-1448.1675627349696,-1442.5565684506523,2804.999959945679,False,False,-1440.657315768561,-1435.240960357001,2811.685229897935,False,False,-1423.0910214873002,-1423.3779441880365,2840.84162532179,False,False,-1406.455034080142,-1400.8277271754746,2846.9999439239505,False,False,-1414.9945013295842,-1416.2437952746277,2866.999936294556,False,False,-1415.0760736008804,-1410.2723278417948,2872.8182364549957,False,False,-1413.0734220741513,-1413.133380199896,2878.9999317169195,False,False,-1400.0978482134674,-1393.9944371427698,2885.742785622088,False,False,-1411.2011064584162,-1418.4287954274537,2902.999922561646,False,False,-1406.7532414341167,-1400.8397591466212,2909.0527841604876,False,False,-1441.844666381392,-1444.9331830546812,2934.206702248176,False,False,-1441.0646086132592,-1426.226056790048,2940.9999080657963,False,False,-1437.4762233701135,-1428.7637772411895,2967.3729367295477,False,False,-1427.6700629642082,-1420.4992496255768,2973.9998954772955,False,False,-0.031233237246942432,-1.113627361796292,0.002965798659176124,0.10543596186882616,-0.18753366351913128,-6.6681233326655,-0.2139061180842492,-7.89456692832433,-0.1901824036371076,-7.001276976194637,-0.4243899020545295,-15.08308064218477,-0.3145510843331095,-11.18110985042614,0.03348877437117831,1.1940468506103274,3.0586899787744892,-0.3544337912747067,5.030773728982545,5.898295686965328,21.061978098441134,ok,3,2.879420700938782
86,20.831368999992264,1786044516.3058941,0.011342199984937906,-1425.9993092276186,-1424.7135602286273,2765.9999748229984,False,False,-1419.4452119693126,-1419.8817281535592,2772.49712302149,False,False,-1449.555686646086,-1447.84584466791,2804.999959945679,False,False,-1437.6740929791852,-1431.005031023627,2811.685229897935,False,False,-1421.8046550722866,-1422.3408472659473,2840.84162532179,False,False,-1406.5132209554665,-1403.722064981508,2846.9999439239505,False,False,-1415.7292187547757,-1422.077598801846,2866.999936294556,False,False,-1413.3086942568084,-1417.0532781122965,2872.8182364549957,False,False,-1409.8597839043919,-1413.133380199896,2878.9999317169195,True,True,-1403.7822126111807,-1398.0501054497659,2885.742785622088,False,False,-1407.74441269065,-1417.5200599076932,2902.999922561646,False,False,-1406.5834031237584,-1399.0539841672526,2909.0527841604876,False,False,-1442.2136855457406,-1441.0159977993092,2934.206702248176,False,False,-1434.9279457162943,-1429.5684827459731,2940.9999080657963,False,False,-1433.0752666809306,-1436.2608154781917,2967.3729367295477,False,False,-1435.1097533392426,-1418.413369196442,2973.9998954772955,False,False,0.04894961507515388,1.7453083798549898,-0.08912259277960456,-3.168362850555623,-0.10514769092095091,-3.738730199414925,-0.09086451530717854,-3.353508557524012,-0.27604318167028297,-10.162111400965458,-0.5592713560965578,-19.87685127292341,-0.07318219594379585,-2.6013522530936704,-0.44625588864098165,-15.911315012372269,-5.055014180486569,10.881055466174887,6.951662014309619,13.866367267027437,20.99241024596037,ok,3,2.879420700938782
87,21.060171449993504,1786044516.5348835,0.01191649999236688,-1427.561082923251,-1416.2046336766819,2765.9999748229984,False,False,-1417.9118470519911,-1422.799602653055,2772.49712302149,False,False,-1442.3089708714124,-1445.1402298499252,2804.999959945679,False,False,-1442.0743879328788,-1430.682944646514,2811.685229897935,False,False,-1421.958721765443,-1418.8578965064032,2840.84162532179,False,False,-1406.1914402298503,-1402.9420438915545,2846.9999439239505,False,False,-1415.9168062475167,-1421.2261652963293,2866.999936294556,False,False,-1408.7200323990587,-1410.657603080967,2872.8182364549957,False,False,-1414.5352079958434,-1410.5689091298102,2878.9999317169195,False,False,-1401.697085612984,-1398.6383531497386,2885.742785622088,False,False,-1404.441319497509,-1417.5200599076932,2902.999922561646,False,True,-1406.506140538558,-1399.4452700430968,2909.0527841604876,False,False,-1436.157911788978,-1438.9338295075952,2934.206702248176,False,False,-1434.7729162209248,-1426.2520020173001,2940.9999080657963,False,False,-1429.8956398814073,-1430.1751688724519,2967.3729367295477,False,False,-1431.824820429746,-1422.644851300547,2973.9998954772955,False,False,0.4634135334509749,16.52310282784496,-0.2541267471111757,-9.034361768072936,-0.00580966106698364,-0.20657377341577893,-0.11782952558063282,-4.348697850066332,0.02688351958039323,0.9896760324705474,-0.6500931019426408,-23.104712515683296,-0.19822521193037163,-7.046161911717791,-0.21207903052556723,-7.56170696702135,-8.749101807558459,6.811450592109032,11.155390110480855,15.728489124031565,19.529520632409117,ok,3,2.879420700938782
88,21.290308149997145,1786044516.7650118,0.011681700008921325,-1424.6723202005073,-1421.16573646728,2765.9999748229984,False,False,-1424.6015481248278,-1416.8712962679951,2772.49712302149,False,True,-1446.675087874805,-1447.6435736772933,2804.999959945679,False,False,-1432.8371152611794,-1434.2657303542499,2811.685229897935,False,False,-1417.2533316013082,-1424.915262707461,2840.84162532179,False,False,-1403.357574044075,-1404.025138307302,2846.9999439239505,False,False,-1415.4883179998164,-1416.3399593483512,2866.999936294556,False,False,-1406.8827566708437,-1412.774543815142,2872.8182364549957,False,False,-1411.9094935354708,-1417.4986184552374,2878.9999317169195,False,False,-1406.404621450622,-1398.0501054497659,2885.742785622088,False,True,-1407.703956658618,-1412.2260827704251,2902.999922561646,False,False,-1405.3523305926583,-1399.145088180457,2909.0527841604876,False,False,-1437.3938273680349,-1442.7398982180518,2934.206702248176,False,False,-1431.70936057707,-1427.053768682948,2940.9999080657963,False,False,-1435.1234083198337,-1433.8216019194913,2967.3729367295477,False,False,-1430.0277638536545,-1419.5253369807745,2973.9998954772955,False,False,-0.1209065840450949,-4.310948594581617,0.008377104687660316,0.2978112110498686,-0.2178923137931633,-7.747584056898902,0.1780269286164566,6.5703847818559575,-0.4267060763001271,-15.708537543267887,-0.34793986629614565,-12.36599889999607,-0.17475943779152206,-6.212041759412379,-0.2070522404810822,-7.382476077447127,3.346711074648653,8.525386993829851,0.3201443856916007,9.164343448356188,20.790679408245822,ok,3,2.879420700938782
89,21.522878850009874,1786044516.9972756,0.012639299995498732,-1425.9126937066353,-1415.2992221169425,2765.9999748229984,False,False,-1418.5094736681237,-1418.028462267323,2772.49712302149,False,False,-1443.0417458813458,-1444.116820001834,2804.999959945679,False,False,-1436.2876287556928,-1427.2365070147016,2811.685229897935,False,False,-1415.8389537549288,-1422.305139529908,2840.84162532179,False,True,-1401.6011110431884,-1399.301554237858,2846.9999439239505,False,False,-1411.6238530427606,-1417.5901840022007,2866.999936294556,False,False,-1411.3113824617171,-1411.4706009108415,2872.8182364549957,False,False,-1411.5909817526058,-1416.8314194455484,2878.9999317169195,False,False,-1402.1938502918972,-1398.6178576886637,2885.742785622088,False,False,-1405.0044991900236,-1413.6288458599506,2902.999922561646,False,False,-1406.049347434056,-1398.7341473851516,2909.0527841604876,False,False,-1437.4495063728336,-1443.9376470947825,2934.206702248176,False,False,-1429.1024161750772,-1425.1029648195126,2940.9999080657963,False,False,-1429.5685561023322,-1428.0158816517408,2967.3729367295477,False,False,-1426.7249075404225,-1420.9310450224652,2973.9998954772955,False,False,0.2896734658831139,10.328365742023108,-0.18150495745212236,-6.452612591793754,-0.27514685783329534,-9.783380477930168,-0.20430955735280237,-7.540389630102794,-0.26911191405291773,-9.906947287686608,-0.5161184509552218,-18.343170228581105,-0.18308415962105457,-6.507954359579009,-0.09538856890431577,-3.401092527962137,-2.6116737638251863,6.8608514966351315,4.004079173307991,8.362103391710255,24.22569601366521,ok,3,2.879420700938782
90,21.758774149988312,1786044517.2335956,0.012147900008130819,-1423.126927896812,-1415.7941269065009,2765.9999748229984,False,False,-1419.6059388085705,-1415.2781550875693,2772.49712302149,False,False,-1441.676347158969,-1444.606731974203,2804.999959945679,False,False,-1436.0414860775743,-1430.366820001834,2811.685229897935,False,False,-1416.7282421982459,-1422.305139529908,2840.84162532179,False,True,-1401.3006556224593,-1394.47688052083,2846.9999439239505,False,False,-1414.1623024727205,-1416.69383653758,2866.999936294556,False,False,-1411.779863679433,-1408.8774964085949,2872.8182364549957,False,False,-1412.1354662713572,-1412.4393786105084,2878.9999317169195,False,False,-1404.6927835681756,-1392.5692667420606,2885.742785622088,False,False,-1407.941910933154,-1408.1832029220282,2902.999922561646,False,False,-1402.5841229330317,-1398.9025858116574,2909.0527841604876,False,False,-1440.7335269126143,-1439.2638185041415,2934.206702248176,False,False,-1423.888684781612,-1422.2853745759087,2940.9999080657963,False,False,-1433.4553641837574,-1425.2731347617444,2967.3729367295477,False,False,-1427.0446144206376,-1421.6523963077298,2973.9998954772955,False,False,0.08582645543501603,3.0601595467911538,-0.15357591750263577,-5.459718086957403,-0.3918278438657862,-13.93219936645093,-0.19188964550137594,-7.082011785499225,-0.3837827643418509,-14.12838086205922,-0.1276813289207611,-4.53787371304068,-0.002661680213714963,-0.09461273649508808,0.062138187370317684,2.2155456067098718,0.9705046893443157,4.834168787812246,-5.748205928055249,7.57317229517637,21.429090152352927,ok,3,2.879420700938782
91,21.999434899989865,1786044517.4740837,0.011829800001578405,-1430.1375936057707,-1416.8887688357734,2765.9999748229984,False,False,-1425.2098343368891,-1417.7414387015924,2772.49712302149,False,False,-1444.3519485282882,-1449.2429379221815,2804.999959945679,False,False,-1438.5805804321913,-1430.2793150349971,2811.685229897935,False,False,-1420.3471452150256,-1421.5695830913592,2840.84162532179,False,False,-1405.4317740012837,-1404.7789665922915,2846.9999439239505,False,False,-1413.345540544671,-1415.6558929608461,2866.999936294556,False,False,-1408.413648867561,-1407.7300990310846,2872.8182364549957,False,False,-1412.6481355258734,-1413.898109545496,2878.9999317169195,False,False,-1405.2166121588164,-1397.316219396644,2885.742785622088,False,False,-1406.9189733166245,-1414.3884081670076,2902.999922561646,False,False,-1401.0204297460036,-1398.7873979888132,2909.0527841604876,False,False,-1439.088395940948,-1440.9708439037809,2934.206702248176,False,False,-1429.079438823853,-1424.3450759543969,2940.9999080657963,False,False,-1433.4356022862735,-1428.5567442002632,2967.3729367295477,False,False,-1430.3601705535348,-1419.9524482684844,2973.9998954772955,False,False,0.16518251000859158,5.889615648271149,-0.23510591770128467,-8.35815961315935,-0.05888341246213441,-2.0937139987438544,-0.1056254545658094,-3.8982859764489555,-0.2812664244637659,-10.354397168795302,-0.31326971366028455,-11.133800147028671,-0.11613032541048166,-4.127996977448833,-0.12486996092447399,-4.452255610346383,-4.167994418776032,7.179904222708252,2.3793876614420255,8.636242687976901,15.261190999950935,ok,3,2.879420700938782
92,22.234296099995845,1786044517.7083998,0.01191959998686798,-1424.5500718281014,-1420.777649234343,2765.9999748229984,False,False,-1416.7755601063668,-1412.6400281199378,2772.49712302149,False,False,-1442.080430662958,-1440.137404101843,2804.999959945679,False,False,-1435.518203074854,-1430.682944646514,2811.685229897935,False,True,-1417.3239691903289,-1419.4483158602561,2840.84162532179,False,False,-1404.6515511813432,-1396.1715835804016,2846.9999439239505,False,False,-1412.4196411651433,-1422.4636733196808,2866.999936294556,False,False,-1416.461897484488,-1413.0610340190115,2872.8182364549957,False,False,-1408.618282544243,-1412.372677812758,2878.9999317169195,False,False,-1398.7527493352081,-1393.6803618913714,2885.742785622088,False,False,-1404.565450683131,-1413.84304795672,2902.999922561646,False,False,-1402.6191918574443,-1399.0539841672526,2909.0527841604876,False,True,-1433.6696518629458,-1443.1267857688665,2934.206702248176,False,False,-1430.4613136901305,-1425.703683100529,2940.9999080657963,False,False,-1433.6910917871442,-1430.2443622581534,2967.3729367295477,False,False,-1424.7894519668673,-1420.4992496255768,2973.9998954772955,False,True,-0.011018219647230319,-0.39285683966808016,-0.0520089775633155,-1.8489510601928978,-0.33652278010348197,-11.96572049984279,-0.4722558908715371,-17.429402072138803,-0.2709305660819073,-9.973898206040603,-0.41497584318808667,-14.748499144450202,-0.2480549893774831,-8.817423379913578,-0.0194693064557701,-0.6941807962099404,1.7473332530178047,1.1881212235998677,3.7607943047396932,4.313743077842344,27.74243677777031,ok,3,2.879420700938782
93,22.46892359999765,1786044517.9435964,0.012035599997034296,-1419.192873735367,-1414.0703930678242,2765.9999748229984,False,False,-1421.8403368279487,-1414.4903811474157,2772.49712302149,False,False,-1442.9080004279122,-1442.9471681388882,2804.999959945679,False,False,-1442.1598328086318,-1432.8554619922365,2811.685229897935,False,False,-1417.2333618608063,-1414.2373506128313,2840.84162532179,False,False,-1404.9514472598344,-1400.292864565822,2846.9999439239505,False,False,-1412.507246996974,-1416.2126065959596,2866.999936294556,False,False,-1406.516940734175,-1408.0866491426475,2872.8182364549957,False,False,-1413.2634685331782,-1409.860453281169,2878.9999317169195,False,False,-1397.851109514931,-1399.817808784424,2885.742785622088,False,False,-1407.9328789314425,-1412.8906531772473,2902.999922561646,False,False,-1399.9835559495064,-1396.6051211908184,2909.0527841604876,False,False,-1433.888681725097,-1440.7310832289022,2934.206702248176,False,False,-1430.0077589632301,-1418.608315248953,2940.9999080657963,False,False,-1428.3282391417306,-1428.9709875599842,2967.3729367295477,False,False,-1424.2321973286057,-1419.9524482684844,2973.9998954772955,False,True,-0.06366760419982583,-2.270081245064774,-0.167021996512948,-5.937734445023438,-0.05371678698922697,-1.9100046037448952,-0.07490082410020457,-2.764341544512623,0.16428017160651046,6.0477255577684215,-0.27002200889724864,-9.596749865265712,-0.32065476245124286,-11.39807268708328,-0.11049620677533697,-3.9397574316135353,-1.7721179213994964,0.09684960784207787,7.7149501294331975,7.91645357931983,15.996611476459119,ok,3,2.879420700938782
94,22.710531649994664,1786044518.1846795,0.011819100007414818,-1420.345684200874,-1418.6548094262923,2765.9999748229984,False,False,-1416.7240853378978,-1411.5357107925543,2772.49712302149,False,False,-1442.2240211510834,-1439.784555429899,2804.999959945679,False,False,-1437.1092551273036,-1425.638154476266,2811.685229897935,False,False,-1412.949287832014,-1421.3535073509186,2840.84162532179,False,False,-1397.167159274995,-1403.5198581777058,2846.9999439239505,False,False,-1409.6844790170248,-1412.7895314362563,2866.999936294556,False,False,-1409.5434743405572,-1407.5335727603385,2872.8182364549957,False,False,-1410.7779625271264,-1411.354571018125,2878.9999317169195,False,False,-1398.1838340923678,-1389.541154445701,2885.742785622088,False,False,-1408.7825778647186,-1409.0648760583185,2902.999922561646,False,False,-1398.3670339578812,-1394.992380108201,2909.0527841604876,False,False,-1432.9431014457314,-1436.5521181648685,2934.206702248176,False,False,-1431.0006464529145,-1424.31193874744,2940.9999080657963,False,False,-1429.9902970932542,-1432.6876761316748,2967.3729367295477,False,False,-1432.4901030045544,-1413.600579209585,2973.9998954772955,False,False,-0.10048947396847595,-3.5829724245048027,-0.1626992300982239,-5.784057446937094,-0.06163683711301811,-2.191617355478636,-0.18085554006136637,-6.674779469422909,-0.28515196716746577,-10.497437535049917,-0.11931747285575423,-4.24061707498826,-0.18079123909074107,-6.426449645067891,-0.48633301293431164,-17.340270384508976,-2.507704227228141,11.570147688105367,4.945252735907719,12.830137280552792,22.950860224937546,ok,3,2.879420700938782
95,22.946115649989224,1786044518.420912,0.011700900009600446,-1423.716327902925,-1414.903537916068,2765.9999748229984,False,False,-1420.2832258458907,-1417.105289299141,2772.49712302149,False,False,-1445.6193064767551,-1435.826263104808,2804.999959945679,False,False,-1436.2876287556928,-1424.2951554237857,2811.685229897935,True,False,-1417.2333618608063,-1418.4147614390072,2840.84162532179,True,False,-1402.766849038726,-1393.9215209218448,2846.9999439239505,False,False,-1408.1921187761714,-1414.6179127059327,2866.999936294556,False,False,-1411.0761408442092,-1405.9705367240272,2872.8182364549957,False,False,-1413.889311367179,-1413.0440459088545,2878.9999317169195,False,False,-1398.5278555491032,-1391.1100605189963,2885.742785622088,False,False,-1403.3575190268054,-1414.6551899624046,2902.999922561646,False,False,-1404.0307332579391,-1394.6629336430601,2909.0527841604876,False,False,-1430.3711312161875,-1436.7447290399489,2934.206702248176,False,False,-1431.0810633615552,-1419.8596799828833,2940.9999080657963,False,False,-1425.2187150411103,-1425.7353088608368,2967.3729367295477,False,False,-1426.7289727053217,-1414.7813048262374,2973.9998954772955,False,False,0.16126442603360142,5.749915575369107,-0.04096811307643709,-1.4564415540483477,-0.3191068223346787,-11.346462324112506,-0.4077130624755614,-15.047339870838437,-0.20366086383991158,-7.497466062502067,-0.6697291747053741,-23.802590734609577,-0.3094786010593995,-11.000802118160498,-0.2809523306893225,-10.017393945594348,-1.067093481196076,6.31993626579092,10.259719039618263,12.097194619959454,29.04687535786718,ok,3,2.879420700938782
96,23.18678185000317,1786044518.6610203,0.012115499994251877,-1414.1037075526483,-1412.8439435156038,2765.9999748229984,False,False,-1413.1721673747593,-1412.6925100100866,2772.49712302149,False,False,-1443.1258657578628,-1441.8286563560227,2804.999959945679,False,False,-1431.0709096188525,-1426.214979979827,2811.685229897935,False,False,-1417.2241800898616,-1415.5778586056178,2840.84162532179,False,False,-1399.896455970902,-1394.9994559403372,2846.9999439239505,False,False,-1411.54085185072,-1408.6760659595927,2866.999936294556,False,False,-1408.9107482348625,-1403.1804031543236,2872.8182364549957,False,False,-1407.7665036525354,-1407.3011110431887,2878.9999317169195,False,False,-1395.8915487361307,-1396.3444677079194,2885.742785622088,False,False,-1401.2790002139561,-1410.2722774092979,2902.999922561646,False,False,-1403.6429272243788,-1394.1130436775989,2909.0527841604876,False,False,-1438.9663294311827,-1432.7367469511262,2934.206702248176,False,False,-1426.2040055628572,-1423.4103814530672,2940.9999080657963,False,False,-1426.9922471497996,-1429.2085704679525,2967.3729367295477,False,False,-1426.035547269004,-1412.019098633738,2973.9998954772955,False,False,0.0223374488684001,0.7964462362930746,-0.06416485345522299,-2.281099905852359,-0.10434831194398124,-3.71030672862068,-0.10226268729493397,-3.774177365054079,0.028180645506871327,1.0374277577122,-0.6018466977136817,-21.390005350979525,0.05982762510628232,2.1266474087084974,-0.3661272643663852,-13.054317906465533,-7.602616580713766,5.461575135734806,7.4949041312302125,11.991754240850346,19.85308776063702,ok,3,2.879420700938782
97,23.43218104999687,1786044518.9064941,0.011972299980698153,-1425.9566005440597,-1423.3374361952501,2765.9999748229984,False,False,-1415.948693339854,-1415.0767383928846,2772.49712302149,False,False,-1440.4672035944618,-1441.5077559067151,2804.999959945679,False,False,-1435.3135266069626,-1428.7524971727237,2811.685229897935,False,False,-1413.0797154384572,-1416.667014090534,2840.84162532179,False,False,-1398.8045603203227,-1396.8610569428738,2846.9999439239505,False,False,-1407.7425421034934,-1418.0639698016323,2866.999936294556,False,False,-1406.500241464682,-1410.8917993703578,2872.8182364549957,False,False,-1405.823613106336,-1409.705053947489,2878.9999317169195,False,False,-1398.5358636183023,-1400.546449857872,2885.742785622088,False,False,-1407.059334596693,-1413.300038206437,2902.999922561646,False,False,-1400.4405355014212,-1398.440483540667,2909.0527841604876,False,False,-1432.7343888498333,-1440.7506892441238,2934.206702248176,False,False,-1426.9379313506743,-1421.140365864841,2940.9999080657963,False,False,-1427.956638750497,-1430.6661063055903,2967.3729367295477,False,False,-1421.8463153712134,-1414.7534064859249,2973.9998954772955,False,False,0.049519061559425336,1.7656121088904895,-0.13611250222763915,-4.838882960022147,-0.1744128604221353,-6.201587716432186,-0.20779831887595773,-7.669148272390272,-0.05669167877759011,-2.087018240261212,-0.26628260295678846,-9.463849056172997,-0.2418657271371839,-8.59741834909768,-0.22034697438757997,-7.856501641201954,-1.4605585952220814,4.964343366160898,6.03218681840897,7.947654640169624,16.792322699302257,ok,3,2.879420700938782
98,23.66840819999925,1786044519.1430593,0.011920000019017607,-1417.6724409328485,-1415.5173243268025,2765.9999748229984,False,False,-1410.8633157074305,-1413.7292462634105,2772.49712302149,False,False,-1440.1000932237062,-1440.1581777057802,2804.999959945679,False,False,-1437.0320429746002,-1426.8656539413762,2811.685229897935,False,False,-1417.287657792585,-1415.0137619586149,2840.84162532179,False,False,-1398.3139591038298,-1396.461683528441,2846.9999439239505,False,False,-1405.354577131155,-1418.1658144084115,2866.999936294556,False,False,-1407.1392914998319,-1407.9923801082005,2872.8182364549957,False,False,-1403.7930326741448,-1403.6586499373416,2878.9999317169195,False,False,-1399.1783659871014,-1397.2940673044595,2885.742785622088,False,False,-1408.4857153773269,-1413.300038206437,2902.999922561646,False,True,-1400.357205734022,-1397.0596540025062,2909.0527841604876,False,False,-1430.0485175902436,-1437.646364275453,2934.206702248176,False,False,-1427.4171455206776,-1420.121886175383,2940.9999080657963,False,False,-1427.0807363144545,-1429.2085704679525,2967.3729367295477,False,True,-1424.2122245315893,-1411.7360393679126,2973.9998954772955,False,False,0.14361338696228446,5.1205642238412326,-0.18353229860791892,-6.524685813668177,0.012472209817455199,0.44347362352460257,-0.42038168293259776,-15.5148967270113,-0.053895311162118396,-1.9840742042791237,-0.2626793097099737,-9.335785776731058,-0.26139094315567124,-9.291466457750241,-0.32941117403694636,-11.745200662021922,-4.852154551632471,6.153711298123081,10.249806106052018,12.902328927183518,19.61281478608552,ok,3,2.879420700938782
99,23.8970862999995,1786044519.371127,0.011951399996178225,-1416.677322187242,-1410.8546993917537,2765.9999748229984,False,False,-1413.3484747990344,-1409.5399822722131,2772.49712302149,False,False,-1438.6078735825408,-1444.3383500932237,2804.999959945679,False,False,-1432.7310618332976,-1422.776412874041,2811.685229897935,False,False,-1416.643434605862,-1415.5197970474067,2840.84162532179,False,False,-1398.4649310755874,-1393.892856924535,2846.9999439239505,False,False,-1406.6615582113275,-1404.8746080019562,2866.999936294556,False,False,-1401.7896949598066,-1402.7076580982364,2872.8182364549957,False,False,-1405.1709768621818,-1402.560911758413,2878.9999317169195,False,False,-1395.166210227099,-1389.1927346639363,2885.742785622088,False,False,-1407.059334596693,-1407.4594125378242,2902.999922561646,True,False,-1397.169818443011,-1392.6588180456642,2909.0527841604876,False,False,-1433.0038863587738,-1435.4693202310727,2934.206702248176,False,False,-1427.945448849222,-1415.0164226548889,2940.9999080657963,False,False,-1423.0196182412813,-1423.147206345325,2967.3729367295477,False,False,-1429.6988568634044,-1407.602616376807,2973.9998954772955,False,False,0.057655538338539356,2.0557198264543666,-0.2808365223114796,-9.983910663049668,-0.11052213296933479,-3.9298289160420388,0.0960891142037691,3.546331212771949,-0.10492722468617212,-3.862736763875675,-0.1604912986890014,-5.7039604118199225,-0.27223934663599875,-9.677086463710333,-0.5036226882198911,-17.956736131926384,-3.7412003955900035,13.659931217131271,6.150560971246793,15.440845233268304,21.083856939162573,ok,3,2.879420700938782
100,24.160313150001457,1786044519.6349115,0.012163100007455796,-1415.9907448726963,-1410.781949750894,2765.9999748229984,False,False,-1415.397218571385,-1412.0833847846684,2772.49712302149,False,False,-1433.028424060886,-1441.4311596417763,2804.999959945679,False,False,-1434.790556897026,-1421.0152245010242,2811.685229897935,False,False,-1416.0373231041967,-1418.042885961427,2840.84162532179,False,False,-1398.8045603203227,-1397.44103982639,2846.9999439239505,True,False,-1410.144949109026,-1412.3214047742763,2866.999936294556,False,False,-1404.516117003393,-1403.1480529999694,2872.8182364549957,False,False,-1404.609817526057,-1410.0735519760372,2878.9999317169195,False,False,-1398.330772992634,-1387.9517788917078,2885.742785622088,False,False,-1401.4302105938807,-1411.4530870801111,2902.999922561646,False,False,-1398.2029694042853,-1400.005854754409,2909.0527841604876,False,False,-1431.08366904056,-1438.4518048720847,2934.206702248176,False,False,-1420.7547039765261,-1414.7686753064156,2940.9999080657963,False,False,-1427.643497264419,-1422.4321193874744,2967.3729367295477,False,False,-1422.7793685240088,-1412.9905125775588,2973.9998954772955,False,False,0.05443049192612962,1.940730147365817,-0.39761757243433266,-14.135548640785839,-0.10624429930143697,-3.7777222384520637,-0.12550155444055633,-4.631847045859072,-0.48839351012474863,-17.979466934721767,-0.2647993551384657,-9.411133507693163,-0.23458924856732022,-8.33876686046457,-0.10412386808588042,-3.712550820262705,-3.483515384151106,9.517168301086398,0.03492779151761157,10.134722090587461,24.02530095607151,ok,3,2.879420700938782
101,24.403956299996935,1786044519.8789873,0.012167799985036254,-1415.9471666106306,-1411.4504187425496,2765.9999748229984,False,False,-1410.117475624293,-1413.0967952440628,2772.49712302149,False,False,-1434.2196732585505,-1439.5349802854785,2804.999959945679,False,False,-1434.6897820704833,-1422.2909343766237,2811.685229897935,False,False,-1413.452422288107,-1411.6722407311186,2840.84162532179,False,False,-1400.351986734725,-1392.1859629550386,2846.9999439239505,False,False,-1411.1657792584892,-1408.935108659107,2866.999936294556,False,False,-1403.1752941895652,-1410.6682550356086,2872.8182364549957,False,False,-1399.0300134486656,-1404.537893144237,2878.9999317169195,False,False,-1398.330772992634,-1387.1451431977262,2885.742785622088,True,False,-1399.8460036066879,-1407.2807408992269,2902.999922561646,False,False,-1402.1136962435432,-1391.5764296848733,2909.0527841604876,False,False,-1431.7089785127,-1436.8945135556437,2934.206702248176,False,False,-1430.4639866124646,-1416.665583641532,2940.9999080657963,False,False,-1425.583552892991,-1423.872978879482,2967.3729367295477,False,False,-1421.049449827307,-1410.1455512424732,2973.9998954772955,False,False,0.21419448955655057,7.637147645958984,-0.31786708797362156,-11.300369990811069,-0.2046862293318953,-7.278016096262603,0.3439195816681678,12.69293360917936,-0.5156061669478522,-18.98125965598858,-0.5855600906393497,-20.811169222455984,-0.33480019452381415,-11.900889678544251,-0.20834386795932952,-7.428529232616948,-1.6266676016612036,14.705794447606621,2.333899740463656,14.978435359545678,26.686936261395108,ok,3,2.879420700938782
102,24.637913300000946,1786044520.11209,0.012165599997388199,-1419.9156203197115,-1410.03245560412,2765.9999748229984,False,False,-1406.31514197512,-1409.6274857107924,2772.49712302149,False,False,-1434.8059571476601,-1437.9573020142434,2804.999959945679,False,False,-1433.8762203135984,-1424.747968945808,2811.685229897935,False,False,-1418.3450942934865,-1415.306890912981,2840.84162532179,False,False,-1396.0317663599963,-1392.347253721307,2846.9999439239505,False,False,-1404.3155026438853,-1410.9195158480302,2866.999936294556,False,False,-1404.1447534920685,-1404.3028135220222,2872.8182364549957,False,False,-1401.0373979888134,-1405.5427392487086,2878.9999317169195,False,False,-1398.330772992634,-1387.50995506923,2885.742785622088,True,False,-1398.2359125225416,-1409.4289513097167,2902.999922561646,False,False,-1403.6794067304459,-1390.0596066265243,2909.0527841604876,False,False,-1426.6184903872604,-1434.6387199315343,2934.206702248176,False,False,-1421.4866751230247,-1419.8691582357797,2940.9999080657963,False,False,-1423.9578231500443,-1423.6793853348413,2967.3729367295477,False,False,-1416.8767001864474,-1410.452373383868,2973.9998954772955,False,False,0.3786437011329352,13.500617391004942,-0.22024111673457653,-7.829706819149083,-0.022207992622532896,-0.7896482743369853,-0.22785863691131847,-8.409508224466313,-0.47339820076000455,-17.427437345240786,-0.8080419235870069,-28.7183117145962,-0.16878370699154643,-5.999626969449853,-0.13906016982170594,-4.958209457908655,-6.774800785303701,9.001167790335572,7.5143076430773466,13.541926252388796,28.533259344071343,ok,3,2.879420700938782
103,24.880673799998476,1786044520.3548841,0.011902999976882711,-1419.8164425222362,-1415.9483555949505,2765.9999748229984,False,False,-1415.987911483327,-1416.759340709723,2772.49712302149,False,False,-1442.635796374973,-1436.542461105847,2804.999959945679,False,False,-1432.7791102484946,-1421.3437738790233,2811.685229897935,False,False,-1415.1182962985606,-1410.6051884341473,2840.84162532179,False,False,-1400.0128923801083,-1393.3344041324085,2846.9999439239505,False,False,-1407.8260353944431,-1411.1228459210809,2866.999936294556,False,False,-1414.877484182535,-1405.2104716202587,2872.8182364549957,False,False,-1406.7447733594156,-1409.443932817801,2878.9999317169195,False,False,-1390.6296802885352,-1389.6769416511295,2885.742785622088,False,False,-1400.6056163462422,-1407.74002659168,2902.999922561646,False,False,-1401.1696212977963,-1391.9166228566187,2909.0527841604876,False,False,-1429.4644084115291,-1432.5838050554758,2934.206702248176,False,False,-1427.7623024727206,-1414.6858513922427,2940.9999080657963,False,False,-1429.1456001467127,-1429.4151603142097,2967.3729367295477,False,False,-1421.8944967448115,-1412.7708301494636,2973.9998954772955,False,False,0.13255201636705138,4.726168828435129,-0.09742983836330825,-3.463690527600858,-0.07084706643201648,-2.5191049322088137,-0.45968411326538183,-16.965419365105095,-0.11187934340868656,-4.118668478991589,-0.5336520300875878,-18.966324518349346,-0.2864424750068838,-10.181954341916066,-0.21202723469619228,-7.559860179609711,-3.424777815903334,3.280906801342716,11.069285759040374,12.042530454297989,21.91876259327841,ok,3,2.879420700938782
104,25.118430949994945,1786044520.5926526,0.012013100000331178,-1419.3969511263256,-1415.5083641531924,2765.9999748229984,False,False,-1416.6796833450499,-1410.9835620625363,2772.49712302149,False,False,-1441.582718464407,-1441.6442354127823,2804.999959945679,False,False,-1431.0640660818533,-1421.6613580095975,2811.685229897935,False,False,-1421.2696396368858,-1408.7240089250238,2840.84162532179,False,False,-1396.956238347037,-1398.2513402818108,2846.9999439239505,False,False,-1406.4678240669987,-1412.752087599719,2866.999936294556,False,False,-1408.6245866063514,-1405.8603080967082,2872.8182364549957,False,False,-1402.6501879756702,-1408.9911483326712,2878.9999317169195,False,False,-1398.16772014549,-1386.6471039520738,2885.742785622088,False,False,-1401.5657639759143,-1410.364581104625,2902.999922561646,False,False,-1397.4631307882753,-1392.0137711281595,2909.0527841604876,False,False,-1437.3405125775591,-1441.0931228413363,2934.206702248176,False,False,-1427.4171455206776,-1419.9884387321574,2940.9999080657963,True,False,-1424.1210807836903,-1424.340277225907,2967.3729367295477,False,False,-1418.5714552067734,-1407.0511003453862,2973.9998954772955,False,False,-0.05218472137162826,-1.860656746135082,-0.1705010957533476,-6.061418557467719,0.4370560508068882,15.540376033718031,-0.3199582607641115,-11.80860055100276,-0.5510263632048694,-20.285200503322386,-0.46249139383569904,-16.437231319052383,-0.19652072652415845,-6.985573856185497,-0.26609511077397197,-9.4876577285527,-6.448411282241769,7.132301768644908,9.039609471811923,13.197207128284,27.4809253418536,ok,3,2.879420700938782
105,25.357733600001666,1786044520.8321676,0.012572400009958073,-1417.6378610508298,-1411.854713146071,2765.9999748229984,False,False,-1412.696503346884,-1409.371702784485,2772.49712302149,False,False,-1433.9270257052908,-1436.753128343063,2804.999959945679,False,False,-1433.8762203135984,-1421.3534813705412,2811.685229897935,True,False,-1415.1900571568299,-1412.1055460463979,2840.84162532179,False,False,-1397.3146345936364,-1398.3263532719993,2846.9999439239505,False,False,-1408.2484518751721,-1416.2244582327228,2866.999936294556,False,False,-1403.6317189840147,-1402.423463337103,2872.8182364549957,False,False,-1403.3237751016293,-1405.3143060182779,2878.9999317169195,False,False,-1395.38126050677,-1389.0864519974325,2885.742785622088,False,False,-1403.9120992144758,-1406.1973438884984,2902.999922561646,False,False,-1393.1274077696612,-1387.40735855977,2909.0527841604876,False,False,-1430.7293608827217,-1432.8045037747959,2934.206702248176,False,False,-1432.7947550203257,-1416.4693660787973,2940.9999080657963,False,False,-1420.0598480912063,-1423.9871656936762,2967.3729367295477,False,False,-1425.1242121832686,-1406.6288504447227,2973.9998954772955,False,False,0.07027803222007233,2.5057773869128965,-0.27605332206462874,-9.813864959752323,0.12926250843595607,4.596179333172036,-0.32389543727906717,-11.95390870667553,-0.2558850568357872,-9.420020584002646,-0.2618213618733119,-9.30529377787691,-0.325390212754833,-11.56640016288242,-0.5074268662145236,-18.09237462091096,-6.051607074013919,11.88997151538958,10.942713011730403,17.255038072172567,24.515109183837506,ok,3,2.879420700938782
106,25.595705299987458,1786044521.070361,0.011987000005319715,-1409.693370419048,-1409.8841626677263,2765.9999748229984,False,False,-1414.1452685148392,-1406.791243084635,2772.49712302149,False,False,-1438.1615658526148,-1431.1948406027448,2804.999959945679,False,False,-1423.8221062444597,-1422.3276752147206,2811.685229897935,False,False,-1412.285894183452,-1413.7565134333831,2840.84162532179,False,False,-1399.4294021456737,-1397.9585750527249,2846.9999439239505,False,False,-1406.2247715255066,-1410.162974906012,2866.999936294556,False,False,-1409.5188266039063,-1402.4846624079225,2872.8182364549957,False,False,-1403.3321377265643,-1404.4085658831798,2878.9999317169195,False,False,-1389.8138735214109,-1383.9529220283032,2885.742785622088,False,False,-1397.656372833695,-1400.410520524498,2902.999922561646,False,False,-1392.1040987865636,-1387.8786334321608,2909.0527841604876,False,False,-1427.197657181282,-1431.755807378427,2934.206702248176,False,False,-1425.6639820276919,-1417.0177491823822,2940.9999080657963,False,False,-1427.032700125317,-1423.5712336094387,2967.3729367295477,False,False,-1424.1587355197603,-1404.7994437142768,2973.9998954772955,False,False,-0.21696885569054317,-7.736068228991329,0.09777055030715516,3.475803046233419,-0.09301076327281671,-3.3071781840662746,-0.38947843682691186,-14.374360182901205,-0.2151602003078646,-7.920796707792565,-0.22826280369820623,-8.112601782284774,-0.23288252859618755,-8.278099374540593,-0.36204472093707374,-12.908754259667976,2.015916146821198,4.414250408423523,7.658425272111651,9.066476836555646,23.117234682971752,ok,3,2.879420700938782
107,25.84963604999939,1786044521.3240328,0.012190299981739372,-1417.726333404652,-1413.888105572027,2765.9999748229984,False,False,-1412.4734786196782,-1410.5754011675888,2772.49712302149,False,False,-1439.4224134242136,-1444.2683986918116,2804.999959945679,False,False,-1434.6159764037045,-1416.6085215637129,2811.685229897935,False,False,-1415.7208836384755,-1411.4574777638538,2840.84162532179,False,False,-1398.6366216340127,-1392.8401045328117,2846.9999439239505,False,False,-1407.535770394596,-1412.26215117523,2866.999936294556,False,False,-1402.7681755662195,-1403.5306171103707,2872.8182364549957,False,False,-1400.846688266039,-1406.872353822172,2878.9999317169195,False,False,-1393.5092765229083,-1385.0362823608523,2885.742785622088,False,False,-1399.4806705993826,-1405.171114405355,2902.999922561646,False,False,-1396.0297261362598,-1393.5046214506222,2909.0527841604876,False,False,-1427.553696854846,-1439.1525858116577,2934.206702248176,False,False,-1426.546903750344,-1411.056522602928,2940.9999080657963,False,False,-1423.1096096830395,-1422.333792829416,2967.3729367295477,False,False,-1416.7086224287063,-1409.1295014824098,2973.9998954772955,False,False,0.055389033819431895,1.9749071515415186,-0.4115398353528241,-14.630493628929306,-0.050724407592139586,-1.8036047472952808,-0.139837113311845,-5.160925082419707,-0.44743155119550176,-16.47151449292599,-0.2670023054685902,-9.489427730338749,-0.4774714244174188,-16.972316144353076,-0.15417792881474632,-5.497235231556002,-1.6554181604117364,9.87454555680297,4.508811896269265,10.9807305747449,27.892886628082536,ok,3,2.879420700938782
108,26.087741199997254,1786044521.5623689,0.011946999991778284,-1419.6864856190973,-1407.6396384142802,2765.9999748229984,False,False,-1410.103493596601,-1406.627811229636,2772.49712302149,False,False,-1435.4242381636457,-1431.96572424122,2804.999959945679,False,False,-1428.5148256258215,-1418.7018033438274,2811.685229897935,False,False,-1411.1737567625394,-1411.5792325090931,2840.84162532179,False,False,-1397.7185087263501,-1393.7910428829048,2846.9999439239505,False,False,-1407.535770394596,-1408.8853608215911,2866.999936294556,True,False,-1404.3790139682735,-1403.0997508940304,2872.8182364549957,False,False,-1405.6832441849804,-1405.5427392487086,2878.9999317169195,False,True,-1393.301026989027,-1382.569112388055,2885.742785622088,False,False,-1398.9320796527802,-1407.2287235993522,2902.999922561646,False,False,-1398.0705856282666,-1391.8330149463582,2909.0527841604876,False,False,-1425.1667986062293,-1433.3155882263045,2934.206702248176,False,False,-1425.0033545251704,-1417.6777439863067,2940.9999080657963,False,False,-1422.7152841030656,-1424.6494421860193,2967.3729367295477,False,False,-1418.8836430601827,-1406.9234954305102,2973.9998954772955,False,False,0.24627711557794374,8.781060135504035,-0.11530607023980499,-4.099201537984882,-0.13802966345165943,-4.90791254322231,-0.09325928159042314,-3.441891455919292,-0.32963361100511585,-12.134961842809085,-0.4726887267834244,-16.799650864006555,-0.27219114419749735,-9.675373048030698,-0.3144902680641279,-11.213193709852598,-1.610802763322235,11.095116082303555,7.25292847242751,13.352949406339679,18.93940505443444,ok,3,2.879420700938782
109,26.330566650009132,1786044521.8051782,0.01211209999746643,-1413.751768193905,-1410.5863220955466,2765.9999748229984,False,False,-1411.223444998013,-1411.0085964483296,2772.49712302149,False,False,-1441.2341183482592,-1432.3143472812299,2804.999959945679,False,False,-1429.3979230980835,-1424.3108307607665,2811.685229897935,False,False,-1416.0274123544334,-1405.9949720328882,2840.84162532179,False,False,-1395.740442277715,-1397.4316777210624,2846.9999439239505,False,False,-1404.201150777883,-1413.8752254179785,2866.999936294556,False,False,-1400.6781963505211,-1397.963165938197,2872.8182364549957,False,False,-1401.2645199743251,-1407.4885625210138,2878.9999317169195,False,False,-1391.4769019164348,-1392.514312131308,2885.742785622088,False,False,-1405.1286319039034,-1403.5913347800838,2902.999922561646,False,False,-1398.8598450346915,-1393.2978222330898,2909.0527841604876,False,False,-1431.1828529510653,-1433.4913821560658,2934.206702248176,False,False,-1424.8769661032488,-1417.1614451202738,2940.9999080657963,False,False,-1425.80358529205,-1420.45279059816,2967.3729367295477,False,False,-1416.1837530947214,-1406.6074869333984,2973.9998954772955,False,False,0.08462957720146372,3.017484612422871,0.0680283937664578,2.4184511342217143,0.370991096774544,13.19130838800648,-0.4381689241781583,-16.171364937181995,-0.1581888586513745,-5.82348310246238,-0.13194676273513922,-4.689469879407288,-0.17693880099100012,-6.289509937241119,-0.0970115888241103,-3.4589615261592273,-1.5655225551395833,-0.4601158815598057,9.327617476994478,9.469266882512455,16.558119862518648,ok,3,2.879420700938782
110,26.58336699999927,1786044522.0577915,0.012482000020099804,-1417.4373811779808,-1408.49002047865,2765.9999748229984,False,False,-1408.9053152795184,-1411.3258825686949,2772.49712302149,False,False,-1436.7021273344133,-1438.841620564233,2804.999959945679,False,False,-1436.3460677935022,-1420.3619204083502,2811.685229897935,False,False,-1409.9989562001406,-1414.5463398233337,2840.84162532179,False,False,-1395.1773344133019,-1396.4411819543357,2846.9999439239505,False,False,-1408.5962832778064,-1409.9627074609532,2866.999936294556,False,False,-1402.4036785157564,-1405.465812880154,2872.8182364549957,False,False,-1398.6264709478253,-1402.0054298988293,2878.9999317169195,False,False,-1384.9862105327502,-1388.369763425742,2885.742785622088,False,False,-1399.3018889262462,-1404.3579041476908,2902.999922561646,False,False,-1398.8104746767735,-1388.6782865177126,2909.0527841604876,False,False,-1433.9342375523427,-1437.9966332487697,2934.206702248176,False,False,-1426.503738117798,-1413.234092367882,2940.9999080657963,False,False,-1424.7637038848304,-1425.3368814377845,2967.3729367295477,False,False,-1415.9954763578567,-1412.0890439221198,2973.9998954772955,False,False,0.32639544134449106,11.637695169826976,-0.3263359086497502,-11.601441761519292,-0.10267190248714025,-3.650698737156672,0.06033604381644683,2.2268037041915854,0.0011606457234798067,0.042727413398472934,-0.4963398773807767,-17.64022744232129,-0.3063509450928519,-10.889625693477518,-0.10107762594833065,-3.603936638381262,-5.319194957943504,6.221930129575485,7.290150407354768,10.961411519498101,21.463621047146262,ok,3,2.879420700938782
111,26.831623149992083,1786044522.3053458,0.011461499991128221,-1412.9988782590092,-1408.7385120885167,2765.9999748229984,False,False,-1408.8551120212733,-1409.7701332640522,2772.49712302149,False,False,-1433.2482226365496,-1433.3128709845037,2804.999959945679,False,False,-1431.8967845462603,-1422.7602148730018,2811.685229897935,False,False,-1414.2514824097566,-1413.2545358682032,2840.84162532179,False,False,-1398.573675764893,-1400.559319314118,2846.9999439239505,False,False,-1405.6817984534034,-1408.8560350887917,2866.999936294556,False,False,-1405.0960081914602,-1401.7858758443624,2872.8182364549957,False,False,-1405.2808692728552,-1410.0825289604793,2878.9999317169195,False,False,-1390.9177415410948,-1385.336685820827,2885.742785622088,False,False,-1396.472686982303,-1402.9675016046701,2902.999922561646,False,False,-1398.4559067151633,-1395.6554115597396,2909.0527841604876,False,False,-1432.0762126723112,-1439.604789558945,2934.206702248176,False,False,-1422.1591343949628,-1418.1299095271572,2940.9999080657963,False,False,-1425.8143151878228,-1418.2266298866032,2967.3729367295477,False,False,-1425.919147537977,-1408.2993107558764,2973.9998954772955,False,False,0.14861364442771738,5.298849410404062,-0.16564126905497026,-5.8886487368078235,0.09438126586321188,3.3559090632535216,-0.23016994235084906,-8.494810859321234,-0.3198062482404181,-11.773182375595717,-0.30226843748330623,-10.742807960501601,-0.20242244376816948,-7.195357742168101,-0.22844728753203622,-8.145319419120385,-3.720569034260218,7.700782972535269,6.431976234653636,10.701168656363393,16.486326230063106,ok,3,2.879420700938782
112,27.087025900007575,1786044522.5616474,0.011861400009365752,-1417.116521991625,-1417.2024329859096,2765.9999748229984,False,False,-1413.4080783690438,-1412.5502491059692,2772.49712302149,False,False,-1439.4092153926092,-1443.2002139560473,2804.999959945679,False,False,-1433.0084161139469,-1418.1320567289176,2811.685229897935,False,False,-1415.4750573096558,-1410.6091512057951,2840.84162532179,False,False,-1396.9986215117522,-1393.7968395635298,2846.9999439239505,False,False,-1410.4484717425194,-1415.8588516673287,2866.999936294556,False,False,-1407.7380872329372,-1402.5315019714521,2872.8182364549957,False,False,-1406.929778097014,-1413.313711526118,2878.9999317169195,False,False,-1398.965565302442,-1386.509496591986,2885.742785622088,False,False,-1404.2337469816914,-1409.9717654430417,2902.999922561646,False,False,-1396.0842207415105,-1398.2660283644589,2909.0527841604876,False,False,-1432.8449445242536,-1440.2789589510041,2934.206702248176,False,False,-1423.198445762142,-1418.2717868386467,2940.9999080657963,False,False,-1427.9354891952196,-1425.9094293486564,2967.3729367295477,False,False,-1421.818002873124,-1406.9234954305102,2973.9998954772955,False,True,-0.02702222929877297,-0.9634830256602019,-0.3359765038617386,-11.944170835867972,0.051224876644030956,1.8213998956412916,-0.3757770936450404,-13.868688948595404,-0.5808025691950877,-21.381366402221918,-0.11429633423898398,-4.062162690692843,-0.21657745571215753,-7.698515262083746,-0.29238754521182864,-10.42511809026783,-4.02553609752564,11.383410233508647,2.410626101405867,12.312517517453959,29.917208645482773,ok,3,2.879420700938782
113,27.348130249985843,1786044522.8223875,0.01209730000118725,-1419.844660268362,-1415.288586973133,2765.9999748229984,False,False,-1414.6978191765752,-1410.5754011675888,2772.49712302149,False,True,-1434.5777867775164,-1431.5733441330196,2804.999959945679,False,False,-1433.4223966133814,-1425.400333160131,2811.685229897935,False,False,-1413.7059922975823,-1416.1758153253659,2840.84162532179,False,False,-1395.5466897942965,-1392.800820674267,2846.9999439239505,False,False,-1404.1713191918575,-1417.888389827918,2866.999936294556,False,False,-1409.4915594339334,-1403.513797108537,2872.8182364549957,False,False,-1411.8329828529509,-1400.8136305284718,2878.9999317169195,False,False,-1393.2241006204727,-1388.0853806889384,2885.742785622088,False,False,-1407.3897698444232,-1403.811021792952,2902.999922561646,False,False,-1399.200226182107,-1390.7090931320108,2909.0527841604876,False,False,-1426.600209371275,-1433.3157502215975,2934.206702248176,False,False,-1425.2469511263257,-1414.6281275789345,2940.9999080657963,False,False,-1420.8959149677537,-1424.7768178622734,2967.3729367295477,False,False,-1424.2693049484978,-1407.1117079805606,2973.9998954772955,False,False,0.012002827874108704,0.4279632442150133,-0.09039788591545025,-3.21370030393486,-0.16516378873062246,-5.872719023770077,-0.6950066804086064,-25.650396553675176,0.17915138142541925,6.595186610537295,-0.16199088640093676,-5.757256690264938,-0.3057781570937959,-10.869265231036167,-0.4758668839977128,-16.96709911952584,-3.2521377315694444,4.11110734427275,13.25742474553896,14.256118486630918,29.86410299112118,ok,3,2.879420700938782
114,27.604670200002147,1786044523.0796146,0.012186400010250509,-1418.001836965492,-1407.4030060824648,2765.9999748229984,False,False,-1412.1815906103861,-1405.6436562031972,2772.49712302149,False,False,-1432.8533575816857,-1439.7298224164806,2804.999959945679,False,False,-1427.554427361922,-1419.7211694226244,2811.685229897935,False,False,-1416.9437066356938,-1412.745104991289,2840.84162532179,False,False,-1398.1139392364823,-1396.1969587676133,2846.9999439239505,False,False,-1408.7174603417184,-1415.9933429104135,2866.999936294556,False,False,-1405.775262096158,-1403.344119265214,2872.8182364549957,False,False,-1403.6901488522785,-1402.102651526729,2878.9999317169195,False,False,-1391.3033988446373,-1386.7400281199375,2885.742785622088,False,False,-1404.616801662744,-1403.6283400067246,2902.999922561646,False,False,-1398.4559067151633,-1390.3405293883914,2909.0527841604876,True,False,-1429.4085658831798,-1434.9802365742578,2934.206702248176,False,False,-1427.4884356756424,-1416.6216645780482,2940.9999080657963,False,False,-1426.1768942751476,-1422.9922150563925,2967.3729367295477,False,False,-1418.5133997615917,-1409.013407402879,2973.9998954772955,False,False,0.11650104328731799,4.153868151956368,-0.26366235014916883,-9.373358306222764,0.07107764174941175,2.527303485071316,-0.3427165123010727,-12.648532300217228,-0.09285833065022388,-3.4184387198607853,-0.23379857088720699,-8.309346385593763,-0.2897740533072133,-10.300379439798837,-0.14368769180277813,-5.1232043898338055,-4.588421274003286,3.702865799449779,7.8468393394490255,9.815177661947114,18.160615456887914,ok,3,2.879420700938782
115,27.852943749996484,1786044523.327627,0.011948899977141991,-1415.1873582541189,-1410.2497432527434,2765.9999748229984,False,False,-1410.2449812024329,-1403.548295992909,2772.49712302149,False,False,-1426.5595439679678,-1435.8167787388818,2804.999959945679,False,False,-1424.4227985450989,-1425.8818504141577,2811.685229897935,False,False,-1410.7131063361553,-1407.6470229544275,2840.84162532179,False,False,-1389.6803618913714,-1390.5179035363878,2846.9999439239505,False,False,-1404.6410444111625,-1407.6997126875935,2866.999936294556,False,False,-1403.7202356573036,-1401.2768514839381,2872.8182364549957,False,False,-1397.6722346180886,-1401.3025827551423,2878.9999317169195,False,False,-1385.9834902344348,-1386.5771097594525,2885.742785622088,False,False,-1396.159213864352,-1405.0270562704407,2902.999922561646,False,False,-1393.488681725097,-1391.1094247638844,2909.0527841604876,False,False,-1426.4034630314518,-1433.8142662835833,2934.206702248176,False,False,-1430.8252727939603,-1418.2854188953756,2940.9999080657963,False,False,-1422.1287816731365,-1423.6194486047011,2967.3729367295477,False,False,-1415.3087462175627,-1406.852555246508,2973.9998954772955,False,False,-0.051382206352805784,-1.8320429115796946,-0.13893295252220628,-4.939151698357037,0.12360053864553669,4.394857009702942,-0.19535682207467356,-7.209973798719603,-0.09303405258604601,-3.424907656628623,-0.3653975209602756,-12.986454787018218,-0.3513847467832743,-12.490408233300792,-0.22514578231472904,-8.027603797064298,-2.6408452398456834,3.3613830325320797,10.304699388910308,11.156154757263751,17.186560236834346,ok,3,2.879420700938782
116,28.091618749996996,1786044523.5657954,0.012322300026426092,-1414.720007946939,-1406.548766696213,2765.9999748229984,False,False,-1407.6894993428493,-1407.1024711923465,2772.49712302149,False,False,-1432.0005578139803,-1436.4700385120882,2804.999959945679,False,False,-1428.330154048354,-1417.8722407311184,2811.685229897935,False,False,-1405.799015802182,-1403.6676956933702,2840.84162532179,False,False,-1394.7944524253446,-1388.5427988507504,2846.9999439239505,False,False,-1403.8684842742307,-1413.5313537304764,2866.999936294556,False,False,-1400.455932695541,-1400.134145856894,2872.8182364549957,False,False,-1400.797765687563,-1399.704265366629,2878.9999317169195,False,False,-1389.5311581135188,-1385.7028456154292,2885.742785622088,False,False,-1400.4835910994286,-1398.3176666564782,2902.999922561646,False,False,-1395.1769508206744,-1387.3789008772196,2909.0527841604876,False,False,-1425.5546122810772,-1434.9802365742578,2934.206702248176,False,True,-1423.1209722774095,-1415.5259635663415,2940.9999080657963,False,False,-1425.80358529205,-1422.5065042638385,2967.3729367295477,True,False,-1419.071270287618,-1408.854589357215,2973.9998954772955,False,False,0.2181581082348931,7.7784712678759265,-0.2686194747148548,-9.5495871257583,-0.1326437272315586,-4.716405129014307,-0.3524458063506339,-13.007608345949388,-0.08524352323327226,-3.1381111247369575,-0.18546987069734858,-6.591714371338289,-0.2993126596848141,-10.639441077287852,-0.15739464844125897,-5.611927811725179,-3.0584947746909688,5.57346997403366,6.270004566619323,8.929216936758445,21.357585099814738,ok,3,2.879420700938782
117,28.35279375000391,1786044523.8273823,0.012053899990860373,-1414.2959210807835,-1410.7826542775924,2765.9999748229984,False,False,-1411.6958828743466,-1410.4525735855977,2772.49712302149,False,False,-1438.5030228932972,-1441.822589173824,2804.999959945679,False,False,-1425.8796054039183,-1416.793650090167,2811.685229897935,False,False,-1407.74881101568,-1411.6403246018886,2840.84162532179,False,False,-1391.206331570743,-1388.7729391447872,2846.9999439239505,False,False,-1401.3068741021486,-1403.6195937891616,2866.999936294556,False,False,-1399.138302717242,-1399.5682917137879,2872.8182364549957,False,False,-1397.9269905553688,-1402.8457468594308,2878.9999317169195,False,False,-1396.0321086896722,-1391.0244750435552,2885.742785622088,False,False,-1397.2169651862946,-1401.2156310175137,2902.999922561646,False,False,-1394.1149127364981,-1390.911299935813,2909.0527841604876,False,False,-1428.5514121099125,-1433.8178378213163,2934.206702248176,False,False,-1416.6191200293426,-1416.8688739798881,2940.9999080657963,False,False,-1415.8898111073754,-1421.8189672035946,2967.3729367295477,False,False,-1411.4536051593973,-1407.5904743711221,2973.9998954772955,False,False,0.06508851214368107,2.3207440038547174,-0.223235769511629,-7.936168562610585,-0.20043441287130753,-7.126834510967309,-0.06686245830312777,-2.467672064706618,-0.3057100665806125,-11.254252809980542,-0.23490122180061887,-8.348535283742978,-0.0877006954055667,-3.1174303893035016,-0.22057789422514826,-7.864735119732275,-2.8332973733423605,9.349043387234463,0.32381800250474385,9.774305313469972,16.90644095699702,ok,3,2.879420700938782
118,28.595427299995208,1786044524.0700083,0.011909399996511638,-1417.0818443011278,-1409.9207720756795,2765.9999748229984,False,False,-1407.2655668306995,-1402.8086743894612,2772.49712302149,False,False,-1435.2010117064522,-1425.9180334382738,2804.999959945679,False,False,-1421.7408778310971,-1419.803076382309,2811.685229897935,False,False,-1407.0712595898158,-1410.8267765993214,2840.84162532179,False,False,-1399.468018155699,-1392.202552189993,2846.9999439239505,False,False,-1402.417684995568,-1406.0549714215852,2866.999936294556,False,False,-1403.7283522327841,-1398.96753216982,2872.8182364549957,False,False,-1399.7726411345784,-1408.7467249442186,2878.9999317169195,False,False,-1387.1932603845096,-1384.9747562429318,2885.742785622088,False,False,-1394.547562429318,-1402.9676192804966,2902.999922561646,False,False,-1387.2295702539964,-1387.8392288412754,2909.0527841604876,False,False,-1428.82013479231,-1427.863434911514,2934.206702248176,False,False,-1421.4450606718221,-1416.9322156676958,2940.9999080657963,False,False,-1428.3725387413272,-1423.466654950026,2967.3729367295477,False,False,-1419.8815279518294,-1408.2993107558764,2973.9998954772955,False,True,0.07694830565435444,2.7436073290463097,0.13179269955506584,4.685311324787537,-0.3503156972160318,-12.456154434197899,-0.298782629533727,-11.027078079859868,-0.3429596562278262,-12.625540002603078,-0.25336546075051847,-9.004765801315756,-0.0630759776777142,-2.242114144456993,-0.15241365642429225,-5.43432985711347,3.715236098694306,5.3260457091838695,0.8816139287864434,6.553394943446294,22.136714238988827,ok,3,2.879420700938782
