time_s,peak_01,peak_02,peak_03,peak_04,peak_05,peak_06,peak_07,peak_08,peak_09,peak_10,peak_11,peak_12,peak_13,peak_14,peak_15,peak_16
0.006362167187035,1.0364657214263977,1.0565719302537988,1.0501749325972698,1.1097412676488712,1.0936489979955764,1.0676074020421824,1.0671843561146115,1.0840203264853399,1.072881367681488,1.1060628394154413,1.078491481402458,1.1043626077247084,1.0837175116074234,1.1182606190105242,1.0480115658090121,1.0587589411975975
0.076185708399862,1.0364657214263977,1.0565719302537988,1.0501749325972698,1.1097412676488712,1.0936489979955764,1.0676074020421824,1.0671843561146115,1.0840203264853399,1.072881367681488,1.1060628394154413,1.078491481402458,1.1043626077247084,1.0837175116074234,1.1182606190105242,1.0480115658090121,1.0587589411975975
0.143959020730108,1.0364657214263977,1.0565719302537988,1.0501749325972698,1.1097412676488712,1.0936489979955764,1.0676074020421824,1.0671843561146115,1.0840203264853399,1.072881367681488,1.1060628394154413,1.078491481402458,1.1043626077247084,1.0837175116074234,1.1182606190105242,1.0480115658090121,1.0587589411975975
0.211312333587557,1.0364657214263977,1.0565719302537988,1.0501749325972698,1.1097412676488712,1.0936489979955764,1.0676074020421824,1.0671843561146115,1.0840203264853399,1.072881367681488,1.1060628394154413,1.078491481402458,1.1043626077247084,1.0837175116074234,1.1182606190105242,1.0480115658090121,1.0587589411975975
0.2769693126901984,1.007488898995142,1.0142127757417394,1.00765246921445,1.0142728580476645,1.0158404268672108,1.023463115799192,1.0170592159440186,1.023637243104862,1.0214645060513408,1.0233086196262449,1.02275328629548,1.0233793770049444,1.0212903721744753,1.0221919832103608,1.0246439435284473,1.0175263949127948
0.3463130630552768,1.007488898995142,0.9991489363406442,1.0070131900319828,1.0205376258670469,1.0158404268672108,1.0200126570729808,1.0139526593507928,1.0155776454344847,1.0281881402879318,1.0177386125435033,1.0243537056239769,1.0156528765867618,1.0140439977954578,1.015814717191368,1.0182805960648602,1.0126541508544802
0.4141818755306303,1.0130404248053193,0.9991489363406442,1.0083240553138233,1.0174670996013895,1.015749613719949,1.0222346344919135,1.016319004725358,1.0163941753192074,1.026023318358991,1.0196278571168749,1.0243537056239769,1.0100070421638883,1.0134936603754718,1.0166963200444432,1.0182805960648602,1.0126541508544802
0.4890725007280707,1.011099033121154,0.9991489363406442,1.0132014276740935,1.0174670996013895,1.015749613719949,1.0222346344919135,1.0146702834110044,1.0163941753192074,1.026023318358991,1.0177386125435033,1.0243537056239769,1.0100070421638883,1.0134936603754718,1.0166963200444432,1.0182805960648602,1.0126541508544802
0.5661233542487025,1.0069813565345886,1.002568029294735,1.009540418978556,1.0233015172268751,1.0184662028722928,1.019091656391136,1.0160045083486084,1.0209937630679546,1.0259265299281417,1.0235040764810233,1.0203704541228054,1.0127478114573527,1.0147017711826503,1.021094874318604,1.0237048919372533,1.009458041287687
0.6394996047019958,1.0021482999351412,1.006029913727787,1.0092798980160214,1.0265538841709303,1.0219439985563958,1.0202240974732906,1.0099978178761562,1.0255933508167019,1.0222056144014033,1.020998819511366,1.0148983553879174,1.0146414023112955,1.0247522521279842,1.0226359420946318,1.0232815012217338,1.0148064086739146
0.727999750059098,1.0054395143986206,1.006029913727787,1.0109686463658085,1.0323589730823661,1.0232829294802894,1.0235228416344415,1.01399867858008,1.0235358842900895,1.0211125378653152,1.0295489000684996,1.0144992115204805,1.0142550792801228,1.0243461513086523,1.027945499959475,1.0242514373564073,1.011369117391446
0.8008955838158727,1.0032320326697537,1.006029913727787,1.0070182053968648,1.0255209029785308,1.0175708305323825,1.0261578241690752,1.0102301876630464,1.0218072094234827,1.0227914387343349,1.0223928181177024,1.0205096549898378,1.0193346993924484,1.0212318533613503,1.024359106514872,1.0228166936570744,1.0134507725267021
0.8743441463448107,1.0013599638120487,1.006029913727787,1.007095661634858,1.0301142903952902,1.020317451583175,1.0248923655544673,1.0121503925589495,1.0248218101578603,1.0232869781071385,1.0243461390335065,1.0179006351903253,1.0147120856716945,1.0238744610383097,1.0273589554697653,1.0214791422177654,1.0126377428310585
0.954034416936338,0.9985287251982814,1.006029913727787,1.0077335903171512,1.0266045134838822,1.017170028447826,1.022859996409901,1.0113405565017766,1.0258375252397574,1.025018330352654,1.0253360477380047,1.0167231068020335,1.0144152501217298,1.022793755827271,1.0285467172066318,1.0260423030895542,1.0153654149673086
1.0240265005268157,1.0079462954749339,1.0113808947290026,1.0095907428949202,1.0265584076891952,1.0266511042792803,1.0220415221904708,1.0106289277217697,1.0258375252397574,1.029639783199686,1.0260657871930514,1.0198755663254946,1.0134123280648688,1.019919119738459,1.0293067110175254,1.0237382950374883,1.0150227834389998
1.093107229564339,1.0079462954749339,1.0113808947290026,1.0079076423590696,1.0288355654850876,1.025786795189233,1.0222346344919135,1.0121503925589495,1.0268417369163167,1.0273376306373472,1.0251136697478187,1.0198755663254946,1.0134123280648688,1.0226373412587504,1.0270632750918054,1.0228166936570744,1.0133304328205344
1.1619702083989978,1.0079462954749339,1.0113808947290026,1.0086896336965268,1.0288355654850876,1.025786795189233,1.0222771303645433,1.011089592101039,1.0268417369163167,1.0279263961202252,1.0253360477380047,1.0198755663254946,1.0142550792801228,1.0226373412587504,1.0270750271454465,1.0228166936570744,1.0133304328205344
1.2635369375348091,1.007600644754545,1.0125148896676868,1.0120776423083884,1.0270695989312666,1.0243431763806485,1.0216304499282531,1.0150415967986088,1.0268417369163167,1.0284244233644229,1.0262473307630788,1.0198755663254946,1.0208566047077838,1.0226373412587504,1.0275486760976043,1.0228166936570744,1.0123963700478045
1.332156667020172,1.0086945046952707,1.0113808947290026,1.0105874502636987,1.0271256526319117,1.0191386166292686,1.0268761162951108,1.0144151753004187,1.0251390741498505,1.0260962743888606,1.0268839600178072,1.0173552354833015,1.0195496534417612,1.0205535854116836,1.0270750271454465,1.023447676254379,1.0132273176070963
1.4001896670088172,1.0140948000240373,1.0113808947290026,1.0105874502636987,1.0227148188966162,1.0191386166292686,1.0268761162951108,1.0144151753004187,1.0261343302915942,1.030632559846869,1.0271673948447375,1.0182419409954762,1.0173691485437872,1.0208537673534346,1.025329468018115,1.0237048919372533,1.0088911177027193
1.4670731872320175,1.0129950838337725,1.0125148896676868,1.0105874502636987,1.0226752628114848,1.022590876389406,1.0260290525310154,1.0139231488581213,1.0238314065967584,1.028904961429024,1.0257863228327708,1.0213372597348374,1.0138907558201409,1.0243789560379828,1.0280330018220951,1.020347137035226,1.0133101274861587
1.5361674381420016,1.0053320363238585,1.0084450948331598,1.0089996255315248,1.0275806048112328,1.022590876389406,1.021149768938804,1.0139231488581213,1.0238314065967584,1.028904961429024,1.029774978362867,1.0213372597348374,1.0150031277623177,1.0291198659022025,1.0280330018220951,1.020347137035226,1.0133101274861587
1.6044368757866323,1.0073315814381523,1.0107752088635207,1.0054084709504643,1.019690968595777,1.0207414600183893,1.0214687271804652,1.0170188191801057,1.0262051262139507,1.0282516635263879,1.026530388658335,1.0239506240976455,1.0126069654454342,1.0244772532287094,1.0265927232745713,1.0220692906014055,1.0140471285497865
1.6712309792637825,1.0064279905902729,1.0107752088635207,1.0054084709504643,1.019690968595777,1.0207414600183893,1.026010123860758,1.0170188191801057,1.0262051262139507,1.0282516635263879,1.026530388658335,1.0239506240976455,1.0126069654454342,1.0244772532287094,1.0265927232745713,1.0220692906014055,1.0140471285497865
1.7383059174753726,1.0093463376479592,1.0142967958834317,1.0067419556916395,1.0210095889318849,1.0202796306698763,1.0215817518215438,1.0095763874416657,1.0210289479053132,1.0282516635263879,1.0229400017807364,1.0222401253740947,1.0192624234110566,1.027188108643143,1.0289216068485403,1.0196614158739838,1.0136504281764724
1.805938959121704,1.0093463376479592,1.0142967958834317,1.0067419556916395,1.0210095889318849,1.0191386166292686,1.0215817518215438,1.0095763874416657,1.0210289479053132,1.0282516635263879,1.0229400017807364,1.0222401253740947,1.0192624234110566,1.027188108643143,1.0289216068485403,1.0196614158739838,1.0136504281764724
1.873176438268274,1.0039764138322202,1.0174872676385904,1.0046558134907337,1.0242159554116446,1.0191386166292686,1.0189278705017528,1.0173808589850646,1.025492419202607,1.022542819739417,1.0185127979817443,1.020651114144551,1.0132411415788936,1.0197098406989757,1.0302072193871903,1.0204378002153662,1.0129785438989767
1.941297395620495,1.0039764138322202,1.0174872676385904,1.0058442635719027,1.0250329890633747,1.0204163750038886,1.0189278705017528,1.0173808589850646,1.025492419202607,1.0315158992357103,1.0224170813371098,1.020651114144551,1.0132411415788936,1.0197098406989757,1.0300264420095089,1.0204378002153662,1.0129785438989767
2.0092062293551862,1.0020518125321836,1.0142967958834317,1.0088352037934354,1.0275806048112328,1.0165842578895683,1.0137760561646914,1.0128926528371105,1.0228234501265072,1.0249402154002358,1.0220653274937854,1.0218008695614345,1.017692329056016,1.0185408367402313,1.0287410550659228,1.0226689970655927,1.0127705532899764
2.078223438002169,1.0064279905902729,1.0142967958834317,1.0088352037934354,1.0275806048112328,1.0165842578895683,1.0137760561646914,1.0128926528371105,1.0228234501265072,1.0249402154002358,1.0220653274937854,1.0218008695614345,1.017692329056016,1.0185408367402313,1.0287410550659228,1.0226689970655927,1.0127705532899764
2.143602937925607,1.001750390610717,1.0101955421548465,1.013543409273895,1.0236741728131884,1.02064501867717,1.0178341664769395,1.013702081526332,1.0224526379221675,1.021774854263892,1.0261405623970483,1.0158552922329143,1.0162458466990871,1.0239138420483254,1.027094982687975,1.0218566604582577,1.0133863253767192
2.2108755628578365,1.0024052691456677,1.0101955421548465,1.013543409273895,1.0236741728131884,1.02064501867717,1.0178341664769395,1.013702081526332,1.0224526379221675,1.021774854263892,1.0261405623970483,1.0158552922329143,1.0162458466990871,1.0239138420483254,1.027094982687975,1.0218566604582577,1.0133863253767192
2.277662937529385,0.9999634914099894,1.0080233402258463,1.0117549962514445,1.0221533189526288,1.0208569170992141,1.0183666516057384,1.0133432379197402,1.0221575177534925,1.020042717482198,1.021641829029304,1.0175842562529245,1.0168562059884785,1.0184198101114186,1.0223321070482514,1.0211583725692515,1.0129785438989767
2.3502392508089542,1.005464657370328,1.0080233402258463,1.0117549962514445,1.0221533189526288,1.0208569170992141,1.0183666516057384,1.0133432379197402,1.0221575177534925,1.020042717482198,1.021641829029304,1.0175842562529245,1.0168562059884785,1.0184198101114186,1.0223321070482514,1.0211583725692515,1.0129785438989767
2.415871063247323,1.0026442908510467,1.0121240640924902,1.0074170177210053,1.0208462530441664,1.0174712835381166,1.016809629394353,1.0123949731232553,1.0222812232769098,1.01921521237597,1.0285464012628525,1.0123427670096126,1.0170003539127273,1.0197098406989757,1.0186584963270697,1.024554135970549,1.0094944089833373
2.482305875513702,1.0026442908510467,1.0121240640924902,1.0074170177210053,1.0208462530441664,1.0174712835381166,1.016809629394353,1.0123949731232553,1.0222812232769098,1.01921521237597,1.0285464012628525,1.0123427670096126,1.0170003539127273,1.0197098406989757,1.0186584963270697,1.024554135970549,1.0094944089833373
2.5688724382780492,1.0026442908510467,1.0121240640924902,1.0045110417044636,1.0229233903170314,1.014262973051571,1.0180762655062854,1.0132274317045267,1.0260855325555756,1.0212376543681074,1.0291845253156027,1.0158567354425885,1.0167319928831537,1.0225270832939317,1.0180486746557873,1.0231695604201847,1.0110482544654522
2.6390353334136307,1.0076778541744122,1.0083903972984571,1.0136520486715064,1.0229233903170314,1.0172381393615406,1.0162319502572723,1.0173919395998356,1.0225416988348526,1.0231975442179275,1.0232089519709662,1.0170282678158644,1.0096772061251393,1.0226184929965203,1.0198932899474729,1.023156237336075,1.0113870137713556
2.701904166955501,0.9991074535756399,1.0083903972984571,1.0136246118933099,1.0229233903170314,1.0172381393615406,1.0162319502572723,1.01427124402229,1.0222812232769098,1.0218602575845048,1.0232089519709662,1.0170282678158644,1.0171770362090975,1.0175852944342558,1.0155084084777095,1.023156237336075,1.0113870137713556
2.7679652087390423,1.0026442908510467,1.0122513612330346,1.0098701450948566,1.0236918297051352,1.015388179866866,1.0152572886621096,1.012109337342814,1.0246872640932385,1.0260084085931322,1.0233639699909791,1.0203211901998388,1.01882404011906,1.0218796729198814,1.0190683138003747,1.0245902462724115,1.0114786624184238
2.833822229411453,1.007721965415562,1.0122513612330346,1.0098701450948566,1.031655347606614,1.0224023552368933,1.0200252318050138,1.012109337342814,1.0246872640932385,1.0260084085931322,1.0233639699909791,1.0203211901998388,1.01882404011906,1.0218796729198814,1.0190683138003747,1.0245902462724115,1.0114786624184238
2.8995900629088283,0.9991661509245865,1.0139969788083065,1.0091466214183693,1.0304764087043534,1.0254988809911898,1.013562438959447,1.010858759647513,1.022392379289244,1.02614235272106,1.0240549687100018,1.0196573144070151,1.0201421098798447,1.0236344184272241,1.0217200015525467,1.0199002325674227,1.0203561743611191
2.9663985003717244,1.0015554802057554,1.0139969788083065,1.0091466214183693,1.0304764087043534,1.0254988809911898,1.013562438959447,1.010858759647513,1.0279879418362061,1.02614235272106,1.0240549687100018,1.0196573144070151,1.0201421098798447,1.0236344184272241,1.0217200015525467,1.0199002325674227,1.0203561743611191
3.0334548340179026,1.0031321183374862,1.0108114087473423,1.007824842869809,1.0291266808715525,1.0207468640321056,1.0166397125191347,1.0117882610043327,1.0268309073251454,1.0292013160829903,1.0220964396195213,1.0192910443474823,1.0179620905489415,1.0178976089332863,1.0178260085240374,1.0227972323937806,1.0118396838859902
3.0999978333711624,1.0031321183374862,1.0108114087473423,1.007824842869809,1.0270369472633731,1.0159419930886429,1.0166397125191347,1.0117882610043327,1.0233627076613216,1.027229926272478,1.0220964396195213,1.0192910443474823,1.0179080769258086,1.0178976089332863,1.0245330966419792,1.0227972323937806,1.0118396838859902
3.166991792153567,1.0041156802959177,1.0135640784070505,1.008783890608645,1.0254320466623554,1.0248636810368617,1.0152283111307865,1.0120799292642233,1.0199701062329922,1.0242993099907163,1.0223670340548712,1.0210624997351068,1.0186937131948697,1.0247992619961255,1.0243287638976033,1.0171276105791138,1.0160413070465006
3.2346909381449223,1.0041156802959177,1.0135640784070505,1.0081678887195538,1.0271799982807814,1.0248636810368617,1.0162029449071024,1.0120799292642233,1.0244583223634216,1.0304825618259617,1.025697019271593,1.0174583442410692,1.0223486795073462,1.0247992619961255,1.0243287638976033,1.0171276105791138,1.013423584391371
3.300881791859865,1.0041156802959177,1.0176064408250631,1.0055518970881394,1.0299215905853316,1.0221047372217653,1.01667255086916,1.0133431284610375,1.0220507855993894,1.0247502278806937,1.0252000062930073,1.023148944320363,1.0185074608647409,1.0217271429675094,1.0307849311425181,1.0219893011396346,1.0150169211126012
3.367495020851493,1.0022939614999375,1.0176064408250631,1.0055518970881394,1.0299215905853316,1.0221047372217653,1.01667255086916,1.0133431284610375,1.0220507855993894,1.0247502278806937,1.0252000062930073,1.023148944320363,1.0185074608647409,1.0217271429675094,1.0307849311425181,1.0219893011396346,1.0150169211126012
3.435229687951505,1.0073636730175635,1.0114998284851398,1.0075621743675987,1.0285016500336852,1.025895219435289,1.02015427202917,1.01396196099348,1.0281004053609628,1.0266097661763667,1.0192334186561618,1.0201765838359829,1.014714917265959,1.0238584838700293,1.0261903157976704,1.0230381658386831,1.012736134821761
3.512422688305378,1.0084078276183948,1.0114998284851398,1.0075621743675987,1.0285016500336852,1.025895219435289,1.02015427202917,1.01396196099348,1.0281004053609628,1.0266097661763667,1.0192334186561618,1.0201765838359829,1.014714917265959,1.0238584838700293,1.0261903157976704,1.0230381658386831,1.012736134821761
3.5809434168040752,1.006555175931826,1.0127779898480957,1.005927020801294,1.0309275678642682,1.022281002648225,1.0245820625380218,1.0161003652249596,1.025014057499991,1.027857965956992,1.0287012627069758,1.0160413296426019,1.019198652631939,1.021534007531053,1.0254802599923742,1.0188102608547245,1.0172985736890017
3.659417937975377,1.0075984925076478,1.0127779898480957,1.005927020801294,1.0309275678642682,1.022281002648225,1.0245820625380218,1.0161003652249596,1.025014057499991,1.027857965956992,1.0287012627069758,1.0160413296426019,1.019198652631939,1.021534007531053,1.0254802599923742,1.0188102608547245,1.0172985736890017
3.7277144584804778,1.0081179285160409,1.0153746552919738,1.0103006186999726,1.0272475726712982,1.0233477769430142,1.0220224092505232,1.009070175226238,1.0217042243164873,1.0246852740648724,1.022404049352821,1.020772011517747,1.0209009408988838,1.0237046515786297,1.0224460173352825,1.0233872968643423,1.0106771894478854
3.827987833414227,1.0081179285160409,1.0153746552919738,1.0103006186999726,1.0272475726712982,1.0233477769430142,1.0220224092505232,1.009070175226238,1.0217042243164873,1.0246852740648724,1.022404049352821,1.020772011517747,1.0209009408988838,1.0237046515786297,1.0224460173352825,1.0233872968643423,1.0106771894478854
3.896303958725184,1.0138559367215703,1.0162544378525367,1.012090672948533,1.0300400426463259,1.0191057369206273,1.0219770804336046,1.01236223396068,1.0208377139896707,1.0263978042311017,1.0304506553151398,1.0208008065192342,1.0165983667809788,1.0249516136591799,1.023881959230255,1.025045742240769,1.013892382925756
3.963573312852532,1.010649761273644,1.0162544378525367,1.012090672948533,1.0300400426463259,1.0191057369206273,1.0219770804336046,1.01236223396068,1.0208377139896707,1.0263978042311017,1.0304506553151398,1.0208008065192342,1.0165983667809788,1.0249516136591799,1.023881959230255,1.025045742240769,1.013892382925756
4.032201875466853,1.0065588908031138,1.0088509575895208,1.0075775069818311,1.02625471582372,1.0217133269006644,1.0226133447574934,1.011087935833524,1.0242065834843819,1.0256170914823568,1.0241457906773335,1.024468686781269,1.0185040148720985,1.0250472440004437,1.026001995162185,1.0167822487593015,1.0107964161580822
4.101109729614109,1.003982525406822,1.0088509575895208,1.0075775069818311,1.02625471582372,1.0217133269006644,1.0226133447574934,1.011087935833524,1.0242065834843819,1.0256170914823568,1.0241457906773335,1.024468686781269,1.0185040148720985,1.0250472440004437,1.026001995162185,1.0167822487593015,1.0107964161580822
4.167526229284704,1.0095001993673234,1.0098540699010907,1.012773310159695,1.0239868818128859,1.021645726977023,1.0233740380769696,1.012686609986901,1.0242632883357865,1.022114218138357,1.0242058555579934,1.0185382575016548,1.018370839683692,1.0223495167639083,1.022547387677662,1.0253712582598158,1.0092067652357672
4.232798875775188,1.0095001993673234,1.0098540699010907,1.012773310159695,1.0239868818128859,1.021645726977023,1.0233740380769696,1.012686609986901,1.0242632883357865,1.022114218138357,1.0242058555579934,1.0185382575016548,1.018370839683692,1.0223495167639083,1.022547387677662,1.0253712582598158,1.0092067652357672
4.298962375614792,1.003982525406822,1.0143886322996118,1.0124569816339077,1.0266555947651228,1.0218627907770517,1.0252300657296687,1.0111762018490265,1.0224809956528669,1.0213034072975677,1.024875162913574,1.0257928665338085,1.0158444536424909,1.025282269157252,1.0244401557440785,1.0224201120621443,1.0149241869946561
4.363791270647198,1.0075984511671998,1.0143886322996118,1.0124569816339077,1.0266555947651228,1.0218627907770517,1.0252300657296687,1.0111762018490265,1.0224809956528669,1.0213034072975677,1.024875162913574,1.0257928665338085,1.0158444536424909,1.025282269157252,1.0244401557440785,1.0224201120621443,1.0149241869946561
4.430021771229804,1.0050058436753657,1.0054133249802786,1.010904035403039,1.0243005647248045,1.0213467141654147,1.0245988646997777,1.0109207186027516,1.0260936903932416,1.0233566863644221,1.0207341837902488,1.0185382575016548,1.0157556025906442,1.0229086053573146,1.023679579825821,1.02273527164193,1.0092067652357672
4.497459041886032,1.0048804119841381,1.0054133249802786,1.010904035403039,1.0243005647248045,1.0213467141654147,1.0245988646997777,1.0109207186027516,1.0260936903932416,1.0233566863644221,1.0207341837902488,1.0185382575016548,1.0157556025906442,1.0229086053573146,1.023679579825821,1.02273527164193,1.0092067652357672
4.564732521306723,1.0068263273801752,1.0058377077964453,1.0106273515363868,1.0280954280532717,1.0201699376927624,1.0230988731687445,1.0109207186027516,1.022753761734088,1.022025306441971,1.0217876636427503,1.0185382575016548,1.0108281541710697,1.0229086053573146,1.023881959230255,1.02099244525732,1.00713303958074
4.631538438145071,1.0088877027359668,1.0058377077964453,1.0106273515363868,1.0280954280532717,1.0201699376927624,1.0230988731687445,1.0109207186027516,1.022753761734088,1.022025306441971,1.0217876636427503,1.0185382575016548,1.0108281541710697,1.0229086053573146,1.023881959230255,1.02099244525732,1.00713303958074
4.698028041981161,1.0070937594226796,1.009929683448856,1.0092564410957483,1.029642653550885,1.0246125828459371,1.0279382721599575,1.01189769050589,1.0277336863104392,1.0209691781466586,1.027404929486749,1.0144813760816596,1.0148255262729697,1.019886208130276,1.0273623174870947,1.0233693262385999,1.012111663906226
4.763758062850684,1.006552719629929,1.009929683448856,1.0092564410957483,1.029642653550885,1.0246125828459371,1.0279382721599575,1.01189769050589,1.0277336863104392,1.0209691781466586,1.027404929486749,1.0144813760816596,1.0148255262729697,1.019886208130276,1.0273623174870947,1.0233693262385999,1.012111663906226
4.846482146065682,1.0068263273801752,1.009929683448856,1.009170919267948,1.029156945512452,1.0256862062483851,1.025436832620052,1.0113278463657374,1.0247370125055613,1.0260878355247682,1.0224496900080855,1.0179635381399554,1.0144839037179167,1.020184060092247,1.0211283442029444,1.0222562530524562,1.0131472655688276
4.947473667096347,1.003271624388533,1.009929683448856,1.0140038975105141,1.0298941626997613,1.0204773363158295,1.0217981448846118,1.0111883072780916,1.026748274603254,1.0293903803225373,1.0231692574273965,1.0144813760816596,1.0143386002663821,1.0181676426685684,1.023941088501629,1.0197721577830248,1.0134265498248034
5.0177459376864135,1.0081139515335724,1.009929683448856,1.0129664745760825,1.0290287370896063,1.0224404587299598,1.0224189372607078,1.0146859432390773,1.0259498772107405,1.0250344367610007,1.0214367346701103,1.0124907447840714,1.0156680904050868,1.0216240935051648,1.0218730995202223,1.0248364936852967,1.0137808651448377
5.084743979386985,1.0088877027359668,1.009929683448856,1.0127693637085702,1.0285690506524117,1.0208068156392027,1.0239501397537714,1.0121593749622009,1.0263855085621445,1.0250344367610007,1.0246739484418232,1.0144813760816596,1.0156680904050868,1.0229086053573146,1.0249411300603481,1.0206985474387873,1.0121832679216518
5.152429188136011,1.0067006684799702,1.009929683448856,1.011567490742138,1.0281269736736052,1.0208068156392027,1.0239501397537714,1.0121505185932107,1.0263855085621445,1.023975198926566,1.0246739484418232,1.0144813760816596,1.0156680904050868,1.0226099579397152,1.0249411300603481,1.0206985474387873,1.0115666853202459
5.219705229625106,1.0062854312596254,1.0105751371145677,1.0134985910137027,1.0214956839581122,1.0199666907682108,1.0236537109341863,1.0118447393313892,1.0263895365027256,1.0208073955270967,1.0217983555024652,1.0145127855416147,1.014786544066558,1.022741558033782,1.0228179003965248,1.0212029674682077,1.015152940310386
5.286632896400988,1.0051690631065966,1.0105751371145677,1.0134985910137027,1.0214956839581122,1.0199666907682108,1.0236537109341863,1.0118447393313892,1.0263895365027256,1.0208073955270967,1.0217983555024652,1.0145127855416147,1.014786544066558,1.022741558033782,1.0228179003965248,1.0212029674682077,1.015152940310386
5.353843979537487,1.0051690631065966,1.0173957550152066,1.0081441999624872,1.0230145851592372,1.0180833784984682,1.0181133670726679,1.0069145275551865,1.022876073626629,1.0205398813918662,1.0217983555024652,1.0176574086427508,1.0150524327559465,1.022741558033782,1.0227236793763308,1.0217655195967514,1.0100327260755906
5.419987021479756,1.0019474555471657,1.0118588308864072,1.002667051808363,1.0230145851592372,1.0145820403116739,1.0181133670726679,1.0114038321365209,1.022876073626629,1.0205398813918662,1.0207860454507771,1.024755978104789,1.0150524327559465,1.0179656211449097,1.0227236793763308,1.0217655195967514,1.0100327260755906
5.488205104134977,0.9991218485332554,1.0131263610211718,1.0052004892119304,1.0246422653419205,1.0218852216410135,1.0209390110145093,1.0157393443522023,1.0243198195876033,1.0237622617405342,1.0152232364223794,1.0249079373614753,1.0161824995142847,1.024015489383196,1.0261752959471429,1.0205108276137371,1.0106369223274863
5.556004396174103,0.9991109074193147,1.0131263610211718,1.0052004892119304,1.0246422653419205,1.0218852216410135,1.0209390110145093,1.0157393443522023,1.0243198195876033,1.0237622617405342,1.0152232364223794,1.0249079373614753,1.0161824995142847,1.024015489383196,1.0261752959471429,1.0205108276137371,1.0106369223274863
5.624264833517373,0.9983802251167166,1.009434051115317,1.004969168414122,1.0192772254768314,1.0176976564054085,1.0221060565491684,1.0135113569073513,1.0210065172678737,1.0261637203360119,1.020078804594687,1.0257020282434446,1.0172338157703351,1.0237525328894188,1.0200118671314884,1.0190021363280861,1.015078058423292
5.689952292013913,0.9997745791639536,1.009434051115317,1.004969168414122,1.0192772254768314,1.0176976564054085,1.0221060565491684,1.0135113569073513,1.020678343247799,1.0261637203360119,1.020078804594687,1.0257020282434446,1.0172338157703351,1.0237525328894188,1.0241351642617775,1.0190021363280861,1.015078058423292
5.75855337549001,0.9997745791639536,1.0161273912831035,1.002326675408422,1.0237685292516499,1.0130424400629252,1.0176457597295507,1.0102764544463585,1.0207305392720747,1.0224011630914045,1.0193254050659408,1.0202591216949088,1.0133585125050801,1.0219891666092098,1.023884185610158,1.0218831425563482,1.0141817761761838
5.8246880834922194,0.997161837229648,1.0161273912831035,1.002326675408422,1.0237685292516499,1.0130424400629252,1.0176457597295507,1.0102764544463585,1.0207305392720747,1.0224011630914045,1.0193254050659408,1.0202591216949088,1.0133585125050801,1.0219891666092098,1.023884185610158,1.0218831425563482,1.0141817761761838
5.892846937756985,1.000801042291916,1.010090526581348,1.0112268938513527,1.0230426955400906,1.0148319748080232,1.021459353193275,1.0148432640049418,1.0237758102364305,1.0240868263986527,1.0272153238543642,1.0199389216480985,1.0144022083245787,1.0230163257962677,1.0204466798750509,1.020291399896952,1.0133821030188859
6.010496187955141,1.008587194460258,1.010090526581348,1.0112268938513527,1.0230426955400906,1.0148319748080232,1.021459353193275,1.0148432640049418,1.0237758102364305,1.0240868263986527,1.0272153238543642,1.0199389216480985,1.0144022083245787,1.0230163257962677,1.0204466798750509,1.020291399896952,1.0133821030188859
6.079546729568392,1.0003198657162706,1.0150003441396611,1.0112277680904849,1.0271374458459253,1.0235518341032024,1.0211716507544304,1.0147390226166155,1.0217780013394164,1.027558099490649,1.0279973998142613,1.0180836838109213,1.020544797633727,1.0190581895048259,1.025824650005512,1.022768046824423,1.0131643341302197
6.153862938284874,1.0081022743692891,1.0150003441396611,1.0112277680904849,1.0271374458459253,1.0235518341032024,1.0211716507544304,1.0147390226166155,1.0217780013394164,1.027558099490649,1.0279973998142613,1.0180836838109213,1.020544797633727,1.0190581895048259,1.025824650005512,1.022768046824423,1.0131643341302197
6.222476146183908,0.9994434413492057,1.0136892142465201,1.0141419180265467,1.0241910072209153,1.0235518341032024,1.0241110929122086,1.0134016339460836,1.0275910023307187,1.026864300792217,1.0279606045664962,1.0190366363525687,1.0148046982399916,1.0226008211556283,1.0228209804210486,1.0236404349804618,1.0129116698035978
6.29109250055626,1.007762723670229,1.0136892142465201,1.0141419180265467,1.0241910072209153,1.0235518341032024,1.0241110929122086,1.0134016339460836,1.0275910023307187,1.026864300792217,1.0279606045664962,1.0190366363525687,1.0148046982399916,1.0226008211556283,1.0228209804210486,1.0236404349804618,1.0129116698035978
6.359886291902512,1.0014866183516193,1.0166506450445274,1.0154645670179496,1.0238724004166826,1.0207642735810363,1.0217109427448774,1.0170210159758484,1.0275910023307187,1.0261305491514523,1.031218277767196,1.0202591216949088,1.0148046982399916,1.0219853846572649,1.0247710875615956,1.0220112868111717,1.0152152499004932
6.429370917379856,1.008381073058924,1.0166506450445274,1.0154645670179496,1.0238724004166826,1.0207642735810363,1.0217109427448774,1.0170210159758484,1.0275910023307187,1.0261305491514523,1.031218277767196,1.0202591216949088,1.0148046982399916,1.0219853846572649,1.0247710875615956,1.0220112868111717,1.0152152499004932
6.498469146899879,1.000579033769095,1.0159203359105828,1.0169446559441535,1.0303889417607588,1.0175900344059403,1.019637067949738,1.0085465553362103,1.024042069377264,1.0234628550566987,1.0256691440350019,1.019357162425048,1.0143827560949685,1.0219654669044298,1.0256163229665887,1.0264581579689642,1.007720418683566
6.568879916798323,1.0088197565676378,1.0141324817337067,1.0138350133012768,1.0303889417607588,1.020532522646451,1.0241110929122086,1.0127544254216323,1.0316984936319797,1.0256025474853052,1.0268544956795649,1.019436735579224,1.0180223951287135,1.0191637891596212,1.024280653150345,1.0235405713728412,1.0137851091267456
6.638056959025562,1.0109850597237762,1.014790642499851,1.011533009055475,1.028014629327732,1.020532522646451,1.0241110929122086,1.0125977623021618,1.0275910023307187,1.0233230110838425,1.0268544956795649,1.019841333929464,1.0159356817130527,1.0227957504632028,1.024280653150345,1.0240192724978896,1.0133821030188859
6.707113146781921,1.0103286260433553,1.014428050517331,1.011533009055475,1.0238724004166826,1.0190121301638504,1.0205030023475579,1.0148432640049418,1.0275910023307187,1.0232351950883323,1.0268544956795649,1.0224313393126938,1.0152339245095467,1.019675706333453,1.0239880088833138,1.0236404349804618,1.0154989472492282
6.775707167107612,1.0105387221075837,1.0146376772292396,1.0112277680904849,1.0263448043462364,1.020532522646451,1.0205030023475579,1.0125977623021618,1.026484981914864,1.0232351950883323,1.0257362491236608,1.0219459381985716,1.0165235489033368,1.019675706333453,1.0239880088833138,1.0236404349804618,1.0152152499004932
6.844817916862667,1.0132605328505877,1.0137220777251674,1.0089511415817984,1.0248089855822107,1.0171917834863866,1.0159099395495308,1.0122921642299685,1.0234740760420902,1.0241345246221731,1.0260496960154277,1.0149723331615803,1.0113476655659583,1.025267453673438,1.0206702172093822,1.020730056799295,1.018918675523345
6.913359229918569,1.0132605328505877,1.0137220777251674,1.0089511415817984,1.0248089855822107,1.0171917834863866,1.0159099395495308,1.0122921642299685,1.0234740760420902,1.030530842480092,1.0260496960154277,1.0149723331615803,1.0113476655659583,1.025267453673438,1.0206702172093822,1.020730056799295,1.018918675523345
7.01720289606601,1.0109018844978113,1.0143470873369669,1.0067985075595558,1.0261044010182776,1.0148084484346855,1.0234531204766375,1.0104379533108234,1.0234740760420902,1.026864300792217,1.0226664540760715,1.0199185932675745,1.0144415713422228,1.0245669071045522,1.0212109280860515,1.0206179662382981,1.0156923920078025
7.090089791920036,1.0105387221075837,1.01480711805883,1.0101205111274896,1.0261044010182776,1.0164996483778146,1.0204680990888852,1.0116337485657407,1.0250592700303307,1.0293564671944593,1.024138076544842,1.0177782284166812,1.016139312512301,1.0240484812405133,1.019607575103024,1.020139638451202,1.0096691933041277
7.159844271373004,1.009453226820372,1.0126259681326537,1.007741959622306,1.0261044010182776,1.014439952533864,1.0150352365923956,1.006353791913289,1.0183201076942212,1.0271752688563551,1.0220571254348871,1.011161299316034,1.0139398041479846,1.0221633593016746,1.0228135527958686,1.0249590099231758,1.01051524075275
7.23534706234932,1.009453226820372,1.0152566077162786,1.0089511415817984,1.0261044010182776,1.0195969206001623,1.0182450979558868,1.0082384040276722,1.0210037965419554,1.027311205691468,1.0212686641056445,1.0186605247118778,1.0153299339537867,1.021071391463342,1.0228135527958686,1.0225534375338619,1.0117052156373725
7.305576312821358,1.0112831386707029,1.0159203359105828,1.0124744370765693,1.0316023040440063,1.0164123347432994,1.0227327154108439,1.0061721848307514,1.0227062443879162,1.0315260638219006,1.0203940729982441,1.0144781677429269,1.011505732938771,1.0178191875843132,1.028848784311846,1.0189601001315474,1.007623794279411
7.374984312336892,1.0161725441091698,1.0137220777251674,1.0114841350425416,1.0316023040440063,1.0194671350750315,1.0184770019620568,1.0073986414029512,1.0210037965419554,1.0339685028238457,1.0203940729982441,1.0186605247118778,1.0144415713422228,1.0175452975399946,1.028848784311846,1.0156985040526747,1.007623794279411
7.444253750145435,1.0161725441091698,1.0137220777251674,1.0114841350425416,1.0316023040440063,1.0194671350750315,1.0177264839854259,1.00974278982994,1.0196499695449373,1.030530842480092,1.0164612763578504,1.0186605247118778,1.0144415713422228,1.0178191875843132,1.028848784311846,1.0122602753027379,1.007623794279411
7.516864020843059,1.016859606734276,1.0137220777251674,1.0114841350425416,1.0316023040440063,1.0195969206001623,1.0177264839854259,1.0095605711672313,1.0210037965419554,1.030530842480092,1.0203940729982441,1.0224062745216906,1.0136761026248564,1.0178191875843132,1.028848784311846,1.0122602753027379,1.007623794279411
7.587740396149456,1.0186426050958493,1.013730826373138,1.0114841350425416,1.0316023040440063,1.0195969206001623,1.0187426576422296,1.013999043023732,1.0210037965419554,1.030530842480092,1.0203940729982441,1.0151338377118955,1.0149968274440624,1.0138831427843247,1.028848784311846,1.0090606000141593,1.007623794279411
7.6584716672077775,1.017643387116931,1.0137220777251674,1.0089511415817984,1.0316023040440063,1.0194671350750315,1.020515958255827,1.0103644543587134,1.0210037965419554,1.030530842480092,1.0212686641056445,1.0192788555733976,1.0149968274440624,1.0178191875843132,1.029946192741821,1.013587135262135,1.007623794279411
7.728142166975886,1.0167193888612902,1.013730826373138,1.0089511415817984,1.0246563060737988,1.0164996483778146,1.0199945391824676,1.010182123510129,1.0183201076942212,1.027311205691468,1.0200194531591902,1.0157709738371743,1.0136761026248564,1.0175452975399946,1.0223358583608988,1.0122556767592925,1.0008196250595112
7.798888063058257,1.0089324598649358,1.0091070465951086,0.9846806332334895,0.9865492315453528,1.0020857556281588,1.004205397837252,0.9994655054968828,1.0157743907042431,1.0068470148482842,1.0143220143862712,1.0043788029439487,1.0033507060164442,1.00551546649263,1.0032677242584553,0.9999263102068456,0.9938614019404813
7.868281937669963,1.004181979037497,1.0107707153151533,0.9892633244099261,0.988207362142957,0.9989579058352297,0.9997460492974178,1.0023085129950713,1.011078747406306,1.0019003592783522,1.0106799289231025,1.0090952817401722,1.005440831113285,1.007504875669184,1.0040567338702522,0.9973635184321221,0.9988283464073747
7.946359521243721,1.006491827631017,0.9950469641569326,0.9855190315755007,0.9952485177800748,1.0014383717506339,1.0034871063680952,1.0029071578857174,0.9930410680010863,1.0007546181072926,1.0056270926487016,1.003676663314682,1.005440831113285,1.0026483313133459,1.0040567338702522,1.0013534814336436,0.9995108003335874
8.068987709004432,1.0246528360476816,0.9993682244069404,0.9940826709383213,1.003296703005459,0.9569692988476888,1.0034871063680952,1.001838654691018,1.0017652181659016,1.0020886992528752,1.001878993097526,0.9972225870943698,0.9995887176334669,1.0146676217523491,0.9981523341475387,1.0121849482880543,0.9765778003634131
8.141539687756449,1.006491827631017,0.9993817279809517,0.9964688211856726,0.9952485177800748,1.0014383717506339,1.0038736658925216,1.0041715195537364,1.0080387853959931,1.0016242871055079,1.0130872990113877,1.003676663314682,1.0026321101551021,1.006661678732294,1.0040567338702522,1.0125540404327502,0.9995108003335874
8.213420875370502,1.006491827631017,0.9993817279809517,0.9964688211856726,0.9952485177800748,0.9988889021906607,1.0038736658925216,1.0046047246771097,1.0100755240750847,0.9992125844546994,1.0133437598351327,1.003676663314682,1.0038114601306563,1.0064054133187705,1.0040567338702522,1.0125540404327502,0.9995108003335874
8.281785875558853,1.0067500588415341,1.0118981045348219,0.9887485831521129,0.9858290966294873,0.9957164112577532,1.003292318852224,0.9998556117515282,1.0089427152285895,1.0052955935989418,1.0189406402597292,1.0090952817401722,1.0050272721647382,1.0075045650409824,0.9978653038064716,1.014522515296868,0.9965172919478967
8.358358438126743,1.0123228719604789,1.0069365611587047,0.9832024144997212,0.9920972638727902,1.0216430889364332,1.0086690556501159,1.0094958368566764,1.0089427152285895,1.0193656328737604,1.0197873483630069,1.000567791568486,1.0184570287159105,1.0154602670121298,1.0153165936939994,1.0042914436682027,1.0034941094858416
8.431660520844162,1.003497369745856,1.0129286400051705,1.0038609290054505,1.027269372362701,1.024275488439653,1.020878881383975,1.0179889874792123,1.0162518235912985,1.0224169247563761,1.0243884160231245,1.0163467831539859,1.0219948123272415,1.0246179174031271,1.0248020320121536,1.0171634106796164,1.0084975825972122
8.502335542347282,1.0029543707024535,1.0129286400051705,1.0035489756885387,1.0288987890066357,1.0251176644744753,1.029056901308966,1.0155041816299066,1.0198603962944262,1.0194108970458091,1.02310707746851,1.0190987246658652,1.015715822785322,1.0179694047830108,1.0223034691044564,1.0247288729750084,1.0105276565213661
8.572951458860189,1.0052244295893582,1.0129286400051705,1.0079242535142252,1.02763206400413,1.0246948413447747,1.0278874727066396,1.0138112708359952,1.0198603962944262,1.0282582693804567,1.0221777055707388,1.0190987246658652,1.0184401739218716,1.0235801674822353,1.0247425627592461,1.0247825309323342,1.0112100259298402
8.643484791740775,1.0089067590616867,1.0138612877787798,1.012937725906879,1.0284357070157293,1.0252638764155166,1.0278874727066396,1.0138112708359952,1.019933090067783,1.026613549335038,1.0255785353408469,1.0190987246658652,1.0195364029463139,1.0242672364189074,1.0245464289146824,1.0247825309323342,1.015484936047489
8.712453562300652,1.0042761240459883,1.0129286400051705,1.0079242535142252,1.02763206400413,1.024844142806919,1.0278874727066396,1.0129455261196594,1.0198603962944262,1.0264593669731592,1.025318978094418,1.0190987246658652,1.0193572651224183,1.0235801674822353,1.0241687318072763,1.0247825309323342,1.0122347361504416
8.780535771045834,1.005214848855462,1.0129286400051705,1.0075245568026936,1.0268856516111307,1.0245862374955226,1.0278874727066396,1.0129455261196594,1.0191181423974867,1.0259448822453554,1.021919009019011,1.0190987246658652,1.0182612287110906,1.0233195951365945,1.0233553894736052,1.0247825309323342,1.0119251191992555
8.849527625367045,1.0042761240459883,1.015235917631869,1.0055762923609044,1.0237267561264358,1.0206723135799853,1.0249443792869866,1.0074222152261232,1.0181344172580211,1.02255633032384,1.0217006901484913,1.0184664293254668,1.013241425459568,1.0163604475594483,1.0202053470490782,1.0284014446363308,1.0142426780667284
8.917678333353251,0.9965436388105382,1.015235917631869,1.0055762923609044,1.0186085385880446,1.0150320655283782,1.0249443792869866,1.0074222152261232,1.0181344172580211,1.02255633032384,1.0217006901484913,1.0184664293254668,1.013241425459568,1.0163604475594483,1.0202053470490782,1.0284014446363308,1.0142426780667284
8.986394729465246,0.9992842421753952,1.0036630773671393,1.0073917571570998,1.0217516408797072,1.0238725452319684,1.0282217988315083,1.0124885701989454,1.0203221714635071,1.0284200004264386,1.0252753026018722,1.0172186217525117,1.0121310755592456,1.0158542690802987,1.0190765578464522,1.0187210013352754,1.0154464914534735
9.090274709276857,0.9960583094622132,1.0036630773671393,1.0073917571570998,1.0154016246719637,1.0238725452319684,1.0282217988315083,1.0124885701989454,1.0203221714635071,1.0284200004264386,1.0252753026018722,1.0171560290791972,1.0121310755592456,1.0158542690802987,1.0190765578464522,1.0187210013352754,1.0093983476397466
9.169428791850804,0.9986790822780124,1.0081088414321269,1.007199698285276,1.0154016246719637,1.0197529835458505,1.026749782719189,1.0143070048922085,1.02270219705781,1.0261885467189733,1.024584574376378,1.02287275525106,1.0138889390839396,1.0189804062677283,1.0224301623066514,1.0228315139002548,1.0104896502459284
9.238347896374762,1.0004953916281425,1.009870106069059,1.0026544379003646,1.0243097673282788,1.018079460993542,1.0245092474253246,1.0110336156471327,1.0251724994456284,1.028558156119906,1.026944084603968,1.02288795689675,1.0133816544686236,1.012567576996597,1.0211133332416265,1.0215365153334417,1.0094267361459142
9.307470354717225,0.9986272106803694,1.009870106069059,1.0026544379003646,1.0243097673282788,1.018079460993542,1.0245092474253246,1.0062157331309998,1.0251724994456284,1.028558156119906,1.026944084603968,1.02288795689675,1.0133816544686236,1.012567576996597,1.0211133332416265,1.0215365153334417,1.0094267361459142
9.376965791918336,0.9979368564887109,1.0088346118408806,1.00577087642802,1.024695021614423,1.0195792616022026,1.0247241646233758,1.0136624624079096,1.0256229225310394,1.0274049159476912,1.0240120582084389,1.0151607264602842,1.0138001396585474,1.0179910991693912,1.0246001897068424,1.0268351956613646,1.010909604521637
9.45119395852089,0.9979368564887109,1.009870106069059,1.0037745591107208,1.0240655602465283,1.0180765333012858,1.0245092474253246,1.0107690954294355,1.02313342865912,1.02789027883539,1.0238707841161763,1.0198812923269094,1.0130201708037783,1.0163604475594483,1.0210156780245718,1.0255351280660048,1.0076669192697063
9.522046187892556,0.9987926018358663,1.0105971444696238,1.010172703141334,1.0204486169701723,1.0187796992944596,1.025417669700182,1.0178992707418604,1.0251422853680807,1.0241909545165275,1.0256185147990915,1.0228465204225448,1.01612755383346,1.0226761745496478,1.024033714053422,1.0250856377194748,1.009341123611647
9.592175791971384,0.9969367854996138,1.0058652392017762,1.0045627879172303,1.029923993441796,1.0187796992944596,1.0245092474253246,1.0069076702221014,1.025221024095436,1.028558156119906,1.0247074993056415,1.022930724490054,1.0136029880763893,1.0163604475594483,1.0224301623066514,1.0227085932673552,1.0108033827968397
9.668801812455058,0.9995007495870537,1.0084516313195773,1.007199698285276,1.029923993441796,1.0213097016379395,1.0245092474253246,1.0108001583118145,1.025221024095436,1.0315935094424884,1.0247074993056415,1.019302767827242,1.0136029880763893,1.0163604475594483,1.0211282180359855,1.0227085932673552,1.0133119652826534
9.7445388128981,0.999261182014765,1.0084516313195773,1.0050419312973824,1.0310503543995422,1.0250746944116425,1.023928304509585,1.0130573245652592,1.026993209742823,1.0284879343845283,1.029294151893069,1.0181611684099496,1.0168100196786596,1.0172615556784306,1.020285170269369,1.0241993152269337,1.0152422279387356
9.823975646402689,1.0076601465136983,1.0089706684789177,1.0075415890133153,1.0283156712104646,1.0251631029373716,1.0235640565129618,1.0174208942270218,1.0271556932242376,1.0267622391151758,1.0274583724884354,1.0236550803425046,1.0183030023349633,1.0199603839404499,1.0198318708018732,1.0266572265818366,1.007691226812867
9.90460606245324,1.0036945178103966,1.0081548042956592,1.0033888120743075,1.0328040488281776,1.0202925499748534,1.0238237661963452,1.014780164834472,1.0211653524118565,1.0247082850292475,1.0263725639938384,1.0225267121487556,1.0196594951826492,1.0250245322218556,1.0188647593645574,1.0211693496839742,1.0109804504579298
9.982592812739313,1.0080084931903865,1.0102605624522876,1.0072982394450152,1.0272464149849463,1.0209915171029667,1.0243095687889192,1.008305357995566,1.024041304390294,1.0317446995554782,1.0260393177021918,1.020945358424633,1.019341462660953,1.0205973875152001,1.0266712187983817,1.0175406096910127,1.0081317515957093
10.100138125475496,1.0129788152897659,1.0102605624522876,1.0095855752923155,1.025221325922311,1.0267830325715634,1.0271899068454706,1.0119292717452202,1.0255195687708933,1.0258461421039058,1.0249121721278787,1.0208303488675328,1.0166055187487804,1.0245032041022843,1.0294663800172468,1.0178812276368587,1.0080582779441345
10.18511114595458,1.0067443166688046,1.014005567574257,1.0103918063714263,1.0277934396515171,1.0228236137178908,1.0226598660376955,1.0115874830002534,1.0245385869101455,1.031482702549006,1.0248379794849665,1.0177650069817474,1.0173603720302824,1.0212245987746484,1.0245366853798943,1.0207722617654114,1.0107316389138825
10.261002021376044,1.0104374879287334,1.015238055027321,1.0056044498977939,1.0260047416587206,1.0218274003580168,1.0233310522362393,1.0132115163772746,1.019754191155471,1.0248303136692032,1.0247086325305168,1.0190277012655278,1.0206326277609419,1.0214659370635926,1.028081741938479,1.0163067234708099,1.012112650834484
10.339272541925313,1.0078796256239322,1.01454241061495,1.008981786004559,1.026459788784201,1.0261529654912795,1.0190306734105026,1.0112437815936595,1.0256613425759138,1.0247698950744308,1.0246289341241612,1.0193484488182296,1.0162940110818812,1.0255817318831475,1.023921076967309,1.0230737265857968,1.0137648700983624
10.414133520796897,1.0098857534038614,1.0145455910056576,1.0057462445454943,1.0299602204475622,1.022795890726213,1.0262540676630543,1.0101626352489692,1.0250063018781477,1.0320431292133851,1.025869025424186,1.0204012556870474,1.0201271595461923,1.020345651543085,1.027233341600243,1.0267032722332625,1.011321376795626
10.488736583385617,1.0094852654435165,1.0102865691897511,1.0099991221586522,1.0288801106982062,1.0201733854269412,1.02536303129664,1.0121379186578274,1.029756588870745,1.0251067219409284,1.022706359787697,1.0198184093432525,1.0189892520343606,1.0192111195089484,1.0283602669959577,1.0230219451479994,1.01715826791101
10.573761270847172,1.0095627092425787,1.0115087505532172,1.0068965995216457,1.027929039228712,1.024514985417454,1.0193125864696249,1.015630937213872,1.0238072946674934,1.024371299681656,1.02661758380035,1.0200217714623334,1.0150680220245487,1.0217871047856621,1.0296413740138441,1.021562138010386,1.013651551805263
10.651993645820768,1.011155781805613,1.0131802137109256,1.0092095190927495,1.030040142016793,1.0249524691282992,1.0227357266478518,1.013706761180593,1.0225374336034223,1.0312467137703187,1.0225967035672512,1.0180898890693577,1.0162306600378797,1.0230620225354632,1.0280617131581138,1.0219766694745311,1.0102483471496992
10.727438958361745,1.0105349300617439,1.0138395098945734,1.0101279645776866,1.0283066507699392,1.0178056381453213,1.020543287193801,1.0152296741868923,1.0225973866134555,1.0304668969491066,1.025283113337891,1.0200561788341036,1.017013036498072,1.0216325122164465,1.0266491214493445,1.0236113319875364,1.0140522668102392
10.804468458518386,1.0117784575490563,1.0137934406788138,1.005735727180962,1.0279334926278685,1.0226311211835788,1.0221696224747057,1.0137481862249917,1.0275349847140078,1.0272860023922166,1.0254953106365217,1.0218703465000583,1.0148063586919422,1.0240206555746167,1.0297171199997635,1.0236339206507676,1.010786964073606
10.879051938187333,1.005613454728744,1.0164517529022268,1.0087474032499584,1.0283573885311577,1.0284056846704708,1.0211201375687202,1.0159683370547112,1.0240046401438903,1.0241896746562573,1.0237893572140566,1.0181095020278832,1.023433772912216,1.024900145804217,1.02530973236287,1.0220010283616268,1.0154651245616062
10.953806333243849,1.0080771046768033,1.0141664978589533,1.009701505851723,1.0294316016471956,1.028150277115387,1.0179691208654709,1.017172018992472,1.0244880078310445,1.030496067579212,1.0248324287045034,1.0185748772679757,1.01714240397867,1.0209437346061698,1.0247411588065407,1.0255878504020088,1.015429471242151
11.02870360482484,1.0075314002947393,1.0124990022012867,1.0076702160489523,1.0284959277968917,1.0264143299504014,1.0183862590904924,1.011918357745534,1.0256715747060976,1.0340813585412991,1.0255847437146832,1.0181394398040662,1.0124985762829628,1.0210884039509724,1.0275863569736758,1.0226406150583318,1.0146133447964891
11.104127771686764,1.0108417387658524,1.012914715817229,1.0079840309352321,1.0302565721887078,1.0214086403856775,1.0237641566284383,1.0163943546183223,1.0247499105805347,1.0268507902821673,1.02461681967746,1.0205542049214908,1.015571224783194,1.0241004390231498,1.024994351910558,1.0203553602107436,1.016714229264599
11.233338854275644,1.0103681770755293,1.0185443466049071,1.0098195181682015,1.0332902510707462,1.0232781563758937,1.019313996711019,1.0155229352151607,1.0240593837814245,1.0318693347555365,1.0257934305102359,1.0204873556256657,1.019161483296675,1.0272326596371164,1.027333050538131,1.0182951231610862,1.0103428398139565
11.308864979539068,1.0103546352985115,1.017895383820404,1.0093935018019213,1.0273504170456396,1.0211719305649452,1.0228344243052512,1.013682867105799,1.0267280139980175,1.0285802062902232,1.0263243553355927,1.0217628087395807,1.0161069253792772,1.0236738115223616,1.0270500133726241,1.0235761744087388,1.012406381389766
11.385247375350446,1.0073500012776302,1.009181311758639,1.0109857009637342,1.0321499402463026,1.0280933769322362,1.020849194829316,1.0120285592400842,1.0237006929644898,1.024040169338046,1.0239355963387904,1.018507918810875,1.0139293445089,1.027176697334482,1.02495029853907,1.0243932557564874,1.0151548831304988
11.460062854457648,1.013074429894117,1.0156834710782061,1.0108263769595784,1.0248013585540783,1.0222014360334029,1.017652452906001,1.0144231032146196,1.0234907205027954,1.0257679000556887,1.0290524528695535,1.0196635384082255,1.016242581905971,1.02189553958724,1.0297120487979603,1.0216975342354069,1.0081376953414156
11.538149500265718,1.0131133146827156,1.0125959270033804,1.0088168641042352,1.028158275959808,1.0232448283608027,1.0209047693910396,1.0133443620494822,1.0291833075943062,1.0297060271553087,1.0265893270611393,1.016144223426866,1.0171120737178563,1.0218584917451334,1.026345729704756,1.0186903255625237,1.0128082888542924
11.621959375683218,1.009674343826657,1.0183338834832045,1.0103964187730683,1.0339489124085195,1.0240300409820247,1.023665412961161,1.0114006159526503,1.0238056561658604,1.0273969550959963,1.025817322145624,1.0246228291875334,1.020706720709771,1.0242067783002575,1.0276121495236157,1.02277259923256,1.0131885225643373
11.698935604654253,1.0088618158231735,1.0159426776367553,1.01208505613443,1.030867234018938,1.0236326286283335,1.0208145761375194,1.0161739329833765,1.0231320458288122,1.0263871053042222,1.024563996125472,1.019261951562088,1.0223515246707586,1.0256692385545398,1.027411688559083,1.0200019364861734,1.0125818141423
11.775667729321867,1.0057251668275775,1.0190154077422486,1.005808478265765,1.024990517013464,1.0274971660149295,1.0202892528240979,1.0140156406786789,1.0245105449901735,1.0283880610155236,1.026155718462735,1.0262046071455164,1.0164894434067042,1.029273273267867,1.027255413533273,1.0161404389680218,1.0092365461473296
11.851781292352824,1.0125177297740886,1.012507888114951,1.0122537327071044,1.022497416494254,1.0238183614240899,1.017885212077558,1.0144306592595311,1.0200459436565992,1.0296743237060695,1.028126374187575,1.020777870554294,1.0155352982187371,1.0215981475212383,1.025418421071094,1.0217784539447148,1.0127676013409044
11.929154375568032,1.0109890706497877,1.014494389526731,1.0100243965387263,1.024063502687093,1.0228608053443735,1.0208145761375194,1.0110792572010134,1.0281098796649737,1.0286865444294642,1.0281231317438413,1.0233443012567576,1.0174115071501442,1.0214538757437899,1.025276485072653,1.021682857575745,1.0109682536946205
12.005102896131577,1.012527313414931,1.0094532050321274,1.0138459104069715,1.0259391990034268,1.0259837606687208,1.0180642730211487,1.0127041755701043,1.0241802198995085,1.0290172644581406,1.0281231317438413,1.022597440723915,1.0170879610827928,1.0230289246356004,1.0265285170525336,1.0223809721026587,1.0066099114959033
12.082035375759006,1.0112482857713092,1.0145734470280063,1.0106536343974033,1.0274418368948657,1.0244596119927005,1.0231037493011204,1.0142343520530046,1.0254097602317933,1.0273969550959963,1.0310032750916784,1.0230331353150732,1.0151688341865808,1.0248115086955787,1.0264314652041053,1.0230637566259317,1.010510494538096
12.202315375674516,1.008223572377582,1.0164551221566513,1.0150519293588776,1.026544519818205,1.0260399154586954,1.0240220285824175,1.0177519079759794,1.0249300648544402,1.0300209631170643,1.0240676612711612,1.0187655264207731,1.0151278983851157,1.0243219420478296,1.0231450128929438,1.023944883852244,1.0111023886442112
12.27889360440895,1.0079392404790084,1.0097830217592523,1.009341977041213,1.029943299205013,1.0202662187716631,1.019768733645414,1.0139411499493882,1.022215088752763,1.0289499941609186,1.0269680983638456,1.0208624107049697,1.0171322883375875,1.0249172579071906,1.0250075085292072,1.021308273609955,1.0121222161378403
12.355282875709236,1.0121068770889392,1.0113760661344438,1.0074782275919907,1.0298018481376245,1.0267369278019267,1.0224818111465288,1.0096321130391606,1.025908799750912,1.0275327782631896,1.0282321617390036,1.020454141379372,1.0161003475700028,1.0239035505416607,1.027897164833786,1.0192486453699192,1.010811941927255
12.432385458610952,1.012271811493314,1.0127680221961908,1.0129300615195094,1.0298083669628655,1.0238911287095915,1.023518880530972,1.0181376163669618,1.0269928949331182,1.0266027744136896,1.028313404367554,1.0217085603702722,1.015949557903987,1.022260845753353,1.0264266511088356,1.02130546058241,1.0115106507694516
12.50999422930181,1.0147712777343552,1.0157410775646776,1.0086849605757038,1.028755215640093,1.0278268549128124,1.0207943594719036,1.0117819397363614,1.026957526679398,1.0282864200666,1.0289047627792431,1.0195296422365694,1.0182176278062474,1.0252614162600024,1.0297330561956766,1.0212663648012872,1.0096066823901966
12.589540437795222,1.0126500863597887,1.0107481757456211,1.010409665377465,1.030123535295994,1.0260109084388374,1.022198303728462,1.016350262437839,1.025601072620511,1.0281010134404474,1.0272894641501211,1.0229390120595325,1.0157161352725232,1.0253326799751707,1.0289005534643128,1.017832523074997,1.0101407478877795
12.674163083545864,1.009379754781713,1.0084698306596056,1.0134409414576755,1.0266276419100189,1.0199667390258733,1.02401320278444,1.0146930217266805,1.0256976107374765,1.026711590660041,1.0281575467371635,1.0201043007053996,1.017721698405551,1.022558802491265,1.0258560864460982,1.0209952640214894,1.013134397435252
12.751060166861862,1.0130055108669547,1.016272835684962,1.0128473180425146,1.0263946206509522,1.0254369329569437,1.02124600111923,1.011406191415791,1.0228413748005063,1.032416611068693,1.02735143209262,1.018012126773409,1.0197452254819417,1.0233441541413182,1.0288223328641264,1.0166800800797973,1.0109632057328053
12.827819395810366,1.0087381671028464,1.0119725386585314,1.014049077740413,1.032144246126871,1.0259498605252793,1.0235599990383313,1.0127217567253404,1.028900438662508,1.0269776475197439,1.027483852842178,1.0194781136571354,1.0170468938240353,1.028575195977742,1.027884753972198,1.0204058737646582,1.0106455632472104
12.90442170854658,1.013065155919377,1.0126678368054873,1.0099243007207244,1.0293492759902334,1.0244366104667615,1.022053144880845,1.0132871953138651,1.028803850041708,1.0297141513450399,1.0284448338174272,1.0193282149745015,1.0162804168417199,1.0243219420478296,1.0276713284461723,1.01705622072319,1.0130509317957601
12.981634500902146,1.0091321749717053,1.0122015300038387,1.007721450306521,1.027913936460065,1.0218715028617409,1.0215622462793505,1.0161117953752183,1.0266187021736781,1.0249840190682418,1.029981247770466,1.0215949359653675,1.0181301877428106,1.0220111426460166,1.0264397398846317,1.0221453439442254,1.014166719077784
13.058415770996362,1.0094347989103059,1.0125217366209616,1.0109952784329777,1.0306704369500495,1.0237964319436863,1.0253424561281932,1.0144823724179395,1.022985350187046,1.0266431828581293,1.0284920787628122,1.023270994079356,1.0162613812592873,1.0234114246758872,1.0239209509843588,1.0221599877943348,1.0100608791844705
13.146419604774565,1.0111429155644736,1.0152376272629164,1.0097173653827762,1.0328375904015412,1.0215551444049829,1.02180690114755,1.017176979233456,1.0263598255487316,1.0299640731441595,1.0267625137564071,1.0199296084518623,1.0173065305079476,1.0207778447718894,1.0294565749779117,1.0250238084006547,1.0075494632477888
13.251236395910382,1.0100390724168382,1.008483637763279,1.0063502713992658,1.0310788054337896,1.0256084368221023,1.0227766853149085,1.017588532988096,1.0271984286814368,1.0269906789949514,1.0294794906172173,1.0189161666395967,1.0135848095974493,1.0214161895761107,1.0289432039305983,1.0272753504298284,1.010414785493483
13.335950396489352,1.013099799034086,1.0112380549099242,1.0111757176913883,1.0286755200958484,1.0256429310944828,1.0246458230494009,1.0115335115319601,1.0285253382908817,1.0294961187229794,1.028529910464492,1.020718531303331,1.0178033597408565,1.0259968195129383,1.0253976976470274,1.022274395871076,1.0125872295163554
13.413599874824286,1.011726988283057,1.012606456751764,1.0102462618854882,1.030279147694799,1.0248168629882068,1.023127282090728,1.0138897690429851,1.0306104751656353,1.0283610563934484,1.0275466784001177,1.0197081685755962,1.0212212530029154,1.0246581317373709,1.0294277055665952,1.0231418263172285,1.0064820231083946
13.492025000508876,1.0147277218198387,1.0087113718468608,1.008533050073869,1.030841225446046,1.0244323565232756,1.0217987094574856,1.0136628504102887,1.0235051237150408,1.026910480236038,1.026855130436531,1.0217081142112008,1.0135206154550553,1.0224487572128178,1.0262713740236293,1.0220408045379985,1.0147630766035713
13.57439275085926,1.0145046818111232,1.0113766425009176,1.0100385565294612,1.0338245771954877,1.023982926213994,1.022111627973027,1.009278895517922,1.0299496604858576,1.0319182797162039,1.027483852842178,1.0209346133440556,1.013350685102919,1.0258533416875808,1.0292239521593256,1.0212586059705417,1.0132685268348804
13.659698291681709,1.0086128206492198,1.0120893301640828,1.0143312123179709,1.0305739662027236,1.0231559888760218,1.020780825923025,1.0159151362247907,1.0235514597476614,1.0276798273666745,1.031684953171675,1.0218529015471471,1.0147010523384181,1.0211885817243225,1.027239993656843,1.0253212574246608,1.0164128304245328
13.739573041908445,1.0099896672125273,1.0071166173566761,1.0085995537903347,1.0314795778521608,1.0239378265183903,1.0196730063806434,1.0152454675911735,1.023631406488075,1.0294680777078924,1.0322114850128954,1.020768563132328,1.0202870688986014,1.0270552190283233,1.0228755354398489,1.0226968771349338,1.0140077254762252
13.81859716726467,1.0140853338821003,1.010623625167462,1.014732145798475,1.027540400641285,1.0213745596600636,1.0288275744094313,1.0144893123280956,1.0263644449582516,1.0272728423855086,1.029610105745624,1.0182905405616993,1.0159230130294206,1.0255685378124673,1.0284427213795355,1.0202613779037744,1.0166678772400373
13.897325770929456,1.0081465514919266,1.0126819677497798,1.0096773657428313,1.0274373782109265,1.0235279621460829,1.0225110740136834,1.0106848666979324,1.023246020976232,1.0270249454439404,1.0294885663290025,1.0189900289955478,1.0136185625090455,1.0212365179270413,1.0305580875026386,1.0213938296488987,1.0150893340497311
13.975325104780495,1.0090950265507297,1.0107089758627361,1.0102968098175964,1.0282950681907113,1.0236539234066147,1.019128174622297,1.012957436696508,1.0216018609883604,1.0268066259124382,1.0284514479390179,1.0205739458179093,1.0128907142112813,1.0199176203995368,1.026144756293432,1.0180729063322536,1.0117281982583992
14.053705874830484,1.0079612266358478,1.011510582256813,1.0097381400811556,1.0253095446221614,1.0236803352530686,1.0229957426242489,1.0137508933336379,1.0262675838779116,1.0290799887885014,1.0243360096057725,1.0139687994672664,1.0108512300388308,1.0237513578448865,1.0251199765138364,1.0179512770036974,1.0139457090574167
14.14132095873356,1.0093026507133753,1.014900278677602,1.0120241121455678,1.0293658670158659,1.0218606751379757,1.022521630140397,1.0142358021811972,1.0264956818563855,1.0280618979502156,1.0284221542715024,1.0213066119334304,1.015849129527283,1.0264450124235476,1.0274330051205434,1.0232175451609247,1.0097515493157645
14.21988089568913,1.013770072096452,1.0113326136401388,1.0078484614191294,1.0233522342764285,1.0237739800054924,1.0211984389949431,1.0155277779084835,1.0225647952995525,1.0307620250320688,1.0263487352695317,1.0192783025493877,1.0159824570680602,1.0245667675034154,1.0257301532562566,1.0220123676033084,1.0155963698094814
14.298431708477436,1.012152123477637,1.012712255771993,1.0116211782297932,1.032094460734269,1.0209388708821803,1.0216402938776536,1.0138964026776442,1.020727305742417,1.0307537119795789,1.027816986693974,1.0252072072579534,1.0107005399508824,1.0200904249983034,1.0273147708592683,1.0201575509631415,1.0137357505928377
14.413407542277128,1.010297915864557,1.0084445596925387,1.0108840834277757,1.0282950681907113,1.0263885040453655,1.0259452242698575,1.0104296065759546,1.0208421199830646,1.0263149187324345,1.0302945902523069,1.0213575900882303,1.012300033661332,1.0222642609039494,1.0248824927018463,1.0252975967514872,1.0146181358210102
14.491014854516834,1.0114575078809243,1.0135921074224157,1.007044684674694,1.0279110725306477,1.019974397482041,1.022675369069968,1.012982442363865,1.0215968624291243,1.0281045795096386,1.0314276976795929,1.019535453163349,1.0167911828125618,1.0272393129588364,1.0287987771947353,1.0204524056639788,1.0109814925435625
14.574256896506997,1.007152583705114,1.0130581188995953,1.0080794925056225,1.0262306201815454,1.019200294796369,1.0226576403771834,1.015479214527093,1.0243900874348446,1.0303331679270191,1.0272869670763036,1.0231386507920441,1.013197459088886,1.0217656840109797,1.0303232463650207,1.021882868516814,1.0086727453390956
14.660672354511917,1.0103709939505596,1.013410160455764,1.0097423626736688,1.0259411077076501,1.0235741195152277,1.0202895998768235,1.016678396235128,1.0255549185878625,1.02650969448392,1.0241972080403203,1.0243468530456414,1.0154096381368718,1.0252255473776632,1.028234263085013,1.0220585279252319,1.0084401904565847
14.744227041956036,1.0097347627317854,1.0101645763113407,1.0112114239443326,1.0304517911027011,1.0251203995340585,1.020867479626508,1.0105584200056539,1.0295867982809077,1.0293454109048357,1.0261774761485083,1.0208133369409549,1.0167191487992804,1.0198501689167339,1.0261557899755596,1.0260282827973382,1.0109852645381152
14.822724104393274,1.0121889143468406,1.0168908196180741,1.0057217414831183,1.02891020480839,1.020364230697322,1.0252225531539294,1.011314362717197,1.026194781713076,1.028864960958045,1.0285633767385105,1.0203220503812,1.0143286736655,1.021918223596768,1.024967447359636,1.0227030331873723,1.0121991547669291
14.910094917286187,1.0106365299466256,1.0141691625272462,1.0068255340878736,1.0280556449688802,1.0207413084569241,1.0265460474529595,1.0163817477434576,1.0272249637057964,1.0283345927261518,1.0250383126411968,1.0213828710546422,1.0148701765162242,1.026368108247358,1.0281255079115754,1.0199442182737497,1.0152857811178082
14.989611042197794,1.0079240031118828,1.0121672005188775,1.0094281867265558,1.0300776187304521,1.0230353234937448,1.0225193995104485,1.0125381185194708,1.0285038433534281,1.0285943226385992,1.029796837205559,1.0203462705112991,1.0159824570680602,1.0231829725711792,1.025556471848436,1.0247980448087066,1.0106436626857487
15.068615021184089,1.0113096848408183,1.0148614815314108,1.0096357617733547,1.0290451402596115,1.0278070201710627,1.0247527326822203,1.01194325924574,1.0241835937899995,1.0288478262116751,1.024667402612298,1.0200307309408152,1.019041074644857,1.0239240371162646,1.0267182640891115,1.0203961763566816,1.01221395048797
15.159268021117896,1.0102288513331419,1.0148336853493236,1.0060458595006765,1.0282954845436185,1.0278292282071002,1.0217206143931556,1.0170660281554342,1.0221220326838536,1.0301289309917416,1.0311603437342274,1.0182884058236203,1.0220110508855313,1.0200644585931102,1.0247676295812191,1.0204132308598268,1.0161753926201307
15.23950729193166,1.007470269525079,1.0105310862291366,1.0101421030442612,1.030969605121773,1.0237139001024194,1.0253678759448255,1.0122712694237146,1.0255347902451315,1.0280860983044384,1.0259880398654138,1.026864210996768,1.0168316177094334,1.0233532734183328,1.0227498337680547,1.0222720632712,1.0119517362345198
15.32003379194066,1.0080504049477894,1.0098455452681405,1.0094643616421628,1.0281074974438311,1.0216425086303094,1.0220302362888052,1.009969883305883,1.0281015552443538,1.024419971825734,1.028142800280536,1.0188628780112166,1.0198539932305717,1.0200412024309355,1.0243017260815457,1.0235657881854014,1.0108144374939476
15.434450458735228,1.0089405818153274,1.0182655796706475,1.0067392696445976,1.0272144140550241,1.0281134172820903,1.0230241986781201,1.011224888492806,1.025761020265269,1.0249528271182122,1.0268905632734397,1.023376185479291,1.017327228238633,1.0211760249799524,1.02414477932475,1.0208745243406931,1.0148818268744302
15.516364187467843,1.0114868615250017,1.014158615938523,1.0033393402079296,1.0278192687254943,1.0308364781958208,1.0223713588302115,1.0161011055381615,1.0250729387038053,1.02939735908983,1.0293467862414085,1.0230227137524202,1.0169428351280494,1.0244677972944989,1.0296388896052584,1.0259730226643191,1.0169871194929068
15.602217479608951,1.012836831825884,1.01042295512497,1.0088828517500077,1.0289091620442208,1.0309177255172788,1.0187556919945597,1.016798569160974,1.0300182631967554,1.0272898608573628,1.0296898592172279,1.021634551152011,1.0157143623996776,1.0204713446760434,1.0252315103849636,1.0200175108530418,1.0110204894378068
15.690409020986408,1.0050744171735186,1.0131614723831275,1.0073256147962169,1.0315430595275574,1.0210741667013052,1.0235189602582262,1.0124900974766924,1.0261172401242917,1.0291158631157538,1.0267481510131227,1.019361379173534,1.018216974446789,1.0235558647303753,1.0203638211902284,1.021656684309902,1.0091664494565291
15.76945170853287,1.0116295454983684,1.0114876777755601,1.0043814361759555,1.0298872818335105,1.0313895415746523,1.0263324782852987,1.0094979428714406,1.0265032283245548,1.0244957413113418,1.022643260655808,1.021634551152011,1.0175304374994307,1.0213771001291787,1.025731640160227,1.0212043423474892,1.0146275450228346
15.859858646057546,1.0099964530580474,1.0163456713366334,1.008768286426873,1.0288291292377956,1.0231125333283562,1.0272893814728963,1.0136833326665553,1.0239816131319415,1.0226130030352345,1.0313745379838215,1.0235945402163218,1.0179558154988924,1.0207613165887999,1.0233441610649896,1.019798237551774,1.0158960618712616
15.939928479492664,1.0144260122637978,1.015115643497932,1.0084605925082308,1.0264627804366733,1.0280952251043647,1.023729996831153,1.0150807880248642,1.027092885172002,1.0217661918082888,1.0270921537870785,1.0184514855998072,1.0216997704350002,1.0193141690601673,1.023518480803789,1.0217684052428544,1.0104551745301134
16.019598292186856,1.0113580928059651,1.0124103032826797,1.0120329078806907,1.026527392274844,1.0277304068181075,1.0218307867331804,1.0179678382617527,1.0257101085613554,1.0285678691434046,1.0258686449290932,1.0212299663932731,1.0154944043679492,1.0206795699730207,1.0259142502353555,1.0205305399339668,1.0145640297698075
16.099399666767567,1.0095591630067593,1.0094004328894024,1.0094421565021523,1.0290403874503675,1.0255157365232404,1.0201426954580222,1.0133905596562152,1.0246300059309539,1.0254938798478435,1.0235582097937546,1.0224587781095023,1.014916853682609,1.0273864795288696,1.0263902305649066,1.0242537965767267,1.0119128260772638
16.179427437949926,1.0100094855417867,1.0166610509485692,1.008656078109334,1.027146646483206,1.0232861541530538,1.0215717829817674,1.0184343224724817,1.0307169731965447,1.0246646893196798,1.0222138244188517,1.0242735376038137,1.015350407349224,1.020559007674424,1.0230289935885166,1.0263323361288137,1.0104551745301134
16.258034479338676,1.0102489884262256,1.0146584349861765,1.00841620842494,1.027677760944247,1.0213112051704585,1.0259601970967624,1.0143922834925438,1.0248516824373533,1.0272200584273392,1.0290921977499612,1.018888068900475,1.0160031902024804,1.0274535735036892,1.02920089487422,1.0177176572622848,1.015256328022831
16.337483749724925,1.0096697614671462,1.0132893999759458,1.0083838227758553,1.0263535797057703,1.0238299272819602,1.0209885362422917,1.0108547042223652,1.0268736507670164,1.0280720928823182,1.0266682876751658,1.0249122752143898,1.0160876076472163,1.0256450089729134,1.0281525345633646,1.019700858040156,1.0109361526733431
16.4504317920655,1.0131531556632687,1.0119901466151369,1.0085589719585397,1.0264499605699766,1.026346434305242,1.0226550729635835,1.0115568310243965,1.0242037319604904,1.0257398397505426,1.0292548110499127,1.0243184634185918,1.0195998945152436,1.024153968465587,1.0249708560685893,1.0222644408277777,1.0089193019110494
16.538868333678693,1.012848459840086,1.0153649927661297,1.009251763121782,1.0308621858913483,1.0223296574667629,1.0239855878028064,1.0095775703954224,1.0216234523710934,1.0267954844443719,1.0237289614668013,1.0235737643676424,1.0163249345765357,1.0202379228319238,1.0275172777840222,1.0265618230981564,1.0082328508143399
16.620795604772866,1.0132961724984664,1.0176972728848872,1.0107653245453077,1.0279244108508157,1.0261764627561742,1.0227656704332684,1.014770509369202,1.0238472283826632,1.0259256960364893,1.028864472138995,1.020826321950611,1.0198649008177914,1.0207322407872947,1.0264249230790001,1.0254469685961471,1.0096487371375524
16.706354145891964,1.0113847695361018,1.011257422971559,1.0105540209246586,1.0300172238869223,1.0247124420395184,1.0211690740307577,1.0105683750679804,1.028405054425844,1.0285030142190181,1.0280815893220385,1.019034867177792,1.0145211532834284,1.0270447679582155,1.0269135465634163,1.0265987424083138,1.0110160421613
16.79675260465592,1.0041286204298083,1.0135212849759578,1.0083838227758553,1.0288291292377956,1.024295630173784,1.0196217023640928,1.014801902158585,1.0292387103395668,1.023824778981642,1.0262226904085645,1.02101611682866,1.0157092982388602,1.0219164548566513,1.0253591024064954,1.0258599804936963,1.014532270747727
16.87709612539038,1.0137326819897472,1.013692636643501,1.0083838227758553,1.0288960951408745,1.024324072185389,1.0213435779366216,1.0155793566391467,1.0224418004420577,1.0264083823617527,1.0282407109064955,1.0225267722528726,1.017223921289487,1.0225214643522782,1.0275113349083733,1.0243314491250064,1.0139448622373306
16.985087021254003,1.0107515717522932,1.0146041116388609,1.0083838227758553,1.026467158833918,1.024295630173784,1.0179481358111895,1.0085592454618522,1.027817027434436,1.0298104550384353,1.0260064603724244,1.0217006030492841,1.0207952585148148,1.0237662839025177,1.0272968425544764,1.0251984413694408,1.014342493980693
17.071562896482646,1.0095197176063977,1.0168305362677896,1.0085306718457796,1.0295595690630805,1.024295630173784,1.025245534642082,1.0096660788957195,1.0253749977031088,1.0283304597446805,1.0276873119055077,1.0217647897723037,1.014942174549249,1.02052153176998,1.0282863965838538,1.0227773857448843,1.0129515241319809
17.151832438074052,1.0105409836973065,1.0133527644877085,1.0102983671045558,1.0261403438825865,1.0281308400752478,1.02292264402774,1.010533409437524,1.0208731536058564,1.0271018086715356,1.0260555693018765,1.0194598224302878,1.0161970544774006,1.0275866949987071,1.0271655754525284,1.0301365242067522,1.0138694044183734
17.232279167044908,1.0078183996826158,1.015361355978888,1.006336609274868,1.0295595690630805,1.0237427211604428,1.025550139210627,1.0130710672878196,1.022729801071442,1.0281740494839129,1.0232283265240898,1.0192409017527082,1.018441041013854,1.0193958395768865,1.0242450791407924,1.0236910841903153,1.015778519665273
17.312184375245124,1.0082134361525918,1.0123009366041045,1.0097150707084854,1.0300576036662963,1.0231473670665336,1.021893053148032,1.0136028362179708,1.0283755511821435,1.0281446583884788,1.0282928341100637,1.020759738241443,1.0162069935933435,1.0219347090964783,1.0284037205965906,1.018507710825696,1.0086214538490361
17.39298356277868,1.0092619706803174,1.0130616032036048,1.0097649880863457,1.0294196384470171,1.019563087103036,1.022817140245098,1.0141461316743556,1.025147039698066,1.0245530080909575,1.02748978554256,1.0176640197068612,1.015362898401283,1.0231653598310921,1.0254975006829847,1.0203609990220308,1.0121323759316359
17.50207570847124,1.0103037364067444,1.017181147315155,1.0122822173750627,1.0262904361644358,1.0213842790369763,1.0276710020173174,1.0149029536708167,1.0254371647776372,1.0295454852316186,1.021616368044372,1.0194748742025794,1.0159437155386284,1.0256876409806095,1.0284139534304242,1.024266469597881,1.0083186206476278
17.58813620870933,1.0091321654140233,1.0146781765412765,1.0097150707084854,1.0295595690630805,1.0225565745132785,1.02351938735722,1.0116382736088971,1.0269613766074361,1.0281760757009992,1.0225042389788823,1.024698274511102,1.012794268173418,1.0230606222956875,1.027008183864901,1.0227773857448843,1.0135479398169145
17.67605520877987,1.0089581790774618,1.0171058891359077,1.007438184379725,1.0297963994430885,1.0238887030586306,1.026142590694972,1.0145510977811512,1.0254760517024766,1.0292077228079304,1.0279956335500986,1.0163145674120022,1.011095283984892,1.0228402488079755,1.02589368381618,1.0198166018911572,1.0144034206432928
17.766009646002203,1.0089581790774618,1.0164256411844346,1.0074566560030207,1.0287839112584838,1.0220515224512812,1.0187885193285158,1.0137363025504504,1.0313147301898642,1.0283825520582917,1.0274192485763884,1.013013102855032,1.0149928139547006,1.020834428079801,1.030027546446476,1.020759999694692,1.0122806634723187
17.84707518806681,1.0063781708955115,1.015602077234325,1.0090280015473836,1.0291228618557655,1.0211419214748745,1.0238738416847712,1.01320198581569,1.0243794257811025,1.0306730983369161,1.0255069738173237,1.0207943564359043,1.022527882890759,1.0214817453205716,1.026249336316295,1.019628630978654,1.0136606001789752
17.926934208720922,1.0105581965489865,1.0166704270373377,1.007237067821697,1.0288608766443146,1.022688273356612,1.0183654014624892,1.0182004332112222,1.0262004132936635,1.023734756830652,1.022278350134682,1.0201098913408186,1.0177586042734412,1.0227829889922275,1.0235176569515434,1.0228659048659974,1.0087878251175728
18.007198604755104,1.007404596705055,1.015799108765706,1.0106098550530958,1.0327191742816841,1.0216598934317822,1.0248858666237306,1.0107568551959916,1.0259697474097331,1.026308187233343,1.0271014976990245,1.0200620026583795,1.0165101868072501,1.0233970001168164,1.0242140440542358,1.0229804013104982,1.0145601166313354
18.08732652105391,1.0096424779127673,1.0141948257010973,1.013249806770667,1.032484154958593,1.0192415936241106,1.0221932037292094,1.0133586315238976,1.0260782457105388,1.024746489563755,1.0247453431984939,1.0142893256658534,1.016726102739603,1.0236539561657514,1.0267710875672036,1.0223019059694816,1.0084251331378518
18.166993646416813,1.0084357314737995,1.015799108765706,1.0083126925141928,1.0277083100631057,1.02533844562966,1.0239801050281065,1.0110696417906646,1.0299990786246855,1.0241356384816394,1.0242929364380329,1.020941675199352,1.0161170387879326,1.0194685802675962,1.0252443727623122,1.0204163974302747,1.016315064206495
18.25449070893228,1.0151352146702672,1.0166053978658636,1.006077809518767,1.0276434674415615,1.02084098350546,1.0266611796781013,1.011897532084373,1.026046165456919,1.0273904455707477,1.0277936633015965,1.0193795624096413,1.0169194827608667,1.0219189026547373,1.0290314974965542,1.0212243976104707,1.011594473251461
18.33509510476142,1.007518903513269,1.0124828980655338,1.0110050768535102,1.0257361870828923,1.0241130995946919,1.0243623609297707,1.010529021297367,1.0240677807443896,1.0269932792322591,1.0259253027701267,1.0193795624096413,1.0187904404421664,1.0222935474193624,1.0282679375030161,1.0229361605743081,1.012121878847606
18.44199268799275,1.0126258630754825,1.012246996562319,1.0086878779490853,1.0288513092437046,1.0236295156581843,1.021085944347222,1.0123081149826856,1.0272587636926969,1.0248958225583102,1.0226144292410284,1.0183078097603928,1.0172987820081651,1.020265265951534,1.0274144272729857,1.02639633508485,1.0124673150550854
18.52171072922647,1.012813701456936,1.0141473523622444,1.0081801202827327,1.0298359542812472,1.0210963733791272,1.0195484151221048,1.0130819322869302,1.0259094721993927,1.0249052788035258,1.0237415435576056,1.0155852396572507,1.013653536816459,1.0271911861653296,1.0292970538723918,1.0193681424817878,1.0146387232836094
18.605959437787533,1.009047058939857,1.011773096228279,1.0090482485077346,1.0300083554243098,1.026958098931614,1.0167441357862612,1.0125273459336936,1.0282459793148597,1.029925761788732,1.0250597494609897,1.0140604363276358,1.0212494948178559,1.0211564640189232,1.0268344807457133,1.0220780808682728,1.010613418709202
18.696144375018775,1.0109802088109643,1.0184437714291885,1.011278651100921,1.0273535731511887,1.026221922596295,1.0214935206048887,1.0077669081886378,1.0274339974596045,1.027691696617906,1.0243313347362024,1.0178734394577194,1.0160777706967707,1.0190846379327196,1.0281961549543601,1.0274763209554632,1.0129014849071203
18.77821133378893,1.0076767225073089,1.0151333992076192,1.0094774953587555,1.0262509817139793,1.0234113623802947,1.0242199351499897,1.009584624692553,1.0267933011391162,1.0301511356684934,1.022916479393288,1.0236539154058961,1.0172544383256985,1.0239391197254895,1.0274635003724841,1.021242856131228,1.012121878847606
18.860234396066517,1.0077990721812484,1.014786803627664,1.0092395219409263,1.0277524957093822,1.0208208197849247,1.0223899535060763,1.0114203878040031,1.0215156468644186,1.0258844843464336,1.0235247755233665,1.0199281169232395,1.0182450248330743,1.0194102403648204,1.0300574796655404,1.024697419421771,1.0096215576667522
18.94081712560728,1.013366767511084,1.0152409118669374,1.0094774953587555,1.0255610273336189,1.0266909264730606,1.0230985512618325,1.0142807411093482,1.0250807982225,1.0290515369127784,1.0264332993216407,1.0197440577356598,1.015391321120577,1.021971280707013,1.026578424643836,1.020078209414072,1.0085822877962844
19.02054814621806,1.0136281724784764,1.0134750499778058,1.0099607434458244,1.0264484023442426,1.0254443205788684,1.0238364921983616,1.0117085648354383,1.0234621162193858,1.0268677748034987,1.0207672572362763,1.0164280476987915,1.02070272356916,1.0268888590201852,1.0255487551525817,1.0212467239225578,1.0122475201254102
19.101380021311343,1.0105216370817682,1.0151107779059665,1.0124245696655945,1.025492195216822,1.0264751071723766,1.0187910464723842,1.0132502896898072,1.0248749622021036,1.0264301437737942,1.0251087292420937,1.0205791146309742,1.0146778802861594,1.021765551721518,1.027864565553327,1.0181808343807315,1.012121878847606
19.182379125617445,1.0136261545065441,1.0110953528595858,1.0080216878641362,1.0258273642987783,1.025310639765333,1.020002564242556,1.0120978894822685,1.0231980295318146,1.0293599381995233,1.0274119048653692,1.0204234830859347,1.0141362547728685,1.0245507125269528,1.0235365550634667,1.0224050381790317,1.0093774467668517
19.26235835440457,1.0117812012511802,1.0133708189841895,1.0115321318171475,1.031875382968707,1.0225882108704116,1.0192234495600816,1.0172426789645326,1.030817146605454,1.0305589116713254,1.0236748825973947,1.024471513002369,1.0177606541258344,1.021971280707013,1.023662940952784,1.0235337063007566,1.0133756757017223
19.37787349987775,1.0103227076863617,1.0138797906118198,1.0121653981843843,1.0273782099571274,1.0244622388241635,1.0200870530021344,1.012642369548746,1.0214174510540555,1.0307180625639016,1.0270289256783784,1.0184966841559842,1.014836830441021,1.0217114995535723,1.0275562651616972,1.0173520768957234,1.0106164056229363
19.46238150028512,1.0097633398149335,1.012245317358088,1.0054910619763324,1.025645962623033,1.0212773180531955,1.022876354843833,1.0109642198903679,1.0219047797284702,1.026655166366806,1.0252157116064222,1.0199281169232395,1.0188839006970445,1.0250111259845736,1.0293223864363221,1.0206928332488205,1.0084161313370377
19.555082520935684,1.0088332454232243,1.011575118780051,1.011714564194929,1.0251711020518175,1.0256210091438327,1.0209457998823561,1.0125450905529267,1.0286842239871563,1.0294506568137831,1.025918001346702,1.0215163384339874,1.0173816766621522,1.020745414187413,1.0311498733021196,1.0223681457653269,1.0101631494694265
19.639386021066457,1.0070816648039385,1.0106627820812,1.009357820978399,1.0292369421466971,1.026236676684457,1.0218922186714634,1.0147954780274044,1.0245513118744358,1.027446014594546,1.0269958489250386,1.0173385620976643,1.017206944136372,1.0241962701466332,1.0252375100063655,1.0235578556619598,1.0120120522298495
19.723700562492013,1.0103883579597466,1.0128521649230875,1.0077747029615676,1.0296490484048093,1.0238816262189463,1.0202127100550662,1.0111954415051774,1.0236435964709145,1.0267415668983726,1.0268231112750974,1.0168314268548142,1.0122841895056625,1.024429581138873,1.0266231114643543,1.0231899917895333,1.0129056878204528
19.80539185460657,1.0125653456208878,1.0108262596867268,1.008884040132503,1.025576862866791,1.0241198173723625,1.0281009033381954,1.014315867732956,1.0235325849965462,1.0294407029519699,1.027875033378121,1.0217582617096217,1.0176135996378697,1.0217158994063074,1.0278340918756765,1.0203975366509828,1.0088330981473062
19.887418104801327,1.0127648826427778,1.0168368730412882,1.0098018331817173,1.0321793350361816,1.023796576863839,1.0221336288392837,1.0114713276386,1.0255253813101708,1.0289931427053596,1.029620610746471,1.018448622570574,1.0130098430253163,1.0240742206561257,1.027282245667428,1.0230244769177004,1.0071918198872467
19.971939354669303,1.0105333443114992,1.0098172337238458,1.008843991969953,1.0257366066032587,1.0270683620018803,1.0216686436918676,1.012666244919614,1.0285890719138986,1.0300421597290932,1.023999923275219,1.02373796433903,1.0127856715610177,1.0217405030267823,1.0292639516770234,1.0231537555487433,1.0089360350403993
20.057274813298136,1.0085272942136698,1.011684877799313,1.0090766808425236,1.0291441174489175,1.0242940283528517,1.0199643740065603,1.0099472165945955,1.027087835330783,1.029479486648845,1.0242355522191486,1.0211402762106647,1.0181059559876895,1.024189177450996,1.0262318075375956,1.0229093973019174,1.0084039642281868
20.139322854578495,1.012646297206604,1.0121676964364292,1.0104761450897128,1.0277782898718877,1.0246531711441018,1.0186726343417707,1.0142936190022458,1.025913333287475,1.0304470736119868,1.0260602713896756,1.0227628189398168,1.0192929267918418,1.0242767089353289,1.0287969704786788,1.0191006710253878,1.0128043559391617
20.23686731280759,1.0105192667111047,1.0116088036199964,1.0100704909201084,1.0284548979626347,1.026046856938086,1.023504736877557,1.01421439855734,1.0257382146538672,1.0256967886449198,1.026878522559264,1.0203379560539396,1.0170636882865676,1.0259217387773247,1.0242595978966789,1.0231136055594094,1.008324602436568
20.351916417013857,1.010641883212878,1.0105823255057673,1.008682388211573,1.0290487719167574,1.0237118282372764,1.020692069942151,1.0154479308296795,1.0227905480048645,1.02786721286259,1.0246992330245357,1.0205312273581806,1.0195793514642566,1.0239871098383992,1.0252942918343046,1.0202252362392723,1.0120455291371087
20.444151708856225,1.0095841249398168,1.0134742201625009,1.0075220478395779,1.027802864344007,1.0239816178471621,1.024135208528169,1.0133120488172542,1.0243723844021073,1.0257333284951526,1.0289890197796372,1.0256270206548372,1.021440652739417,1.0233548402164832,1.026786538030757,1.0221845667659204,1.0099532298351712
20.525956499855965,1.009713828545377,1.011349289302261,1.0083045300563542,1.0289965318598273,1.026660746577407,1.0206138780176561,1.013534601853268,1.0269366331201597,1.0236713335752832,1.0269660129066687,1.0195993865430755,1.0137556291326062,1.0219755555126564,1.0261572654400555,1.0272067348485814,1.0173735697074233
20.60778274992481,1.0171453961796066,1.0150216360237967,1.0114381585923422,1.027041446498265,1.022952749236368,1.0208679452111717,1.01398590063761,1.0252922368131003,1.029528135763497,1.026440663263842,1.0201019153144677,1.0171370458903648,1.0205602401975986,1.0239233153003158,1.0230252686377566,1.013731536437953
20.68747541727498,1.0098474885882427,1.0151620006280149,1.006746044318062,1.0289179882399933,1.028104751595126,1.025665519924482,1.0167565883731722,1.024646209949754,1.0240189500592392,1.0297659280378249,1.0202525631588741,1.015998962102375,1.0249323400298298,1.0276479237178564,1.0223632135441458,1.0135188966455493
20.765720375347883,1.0142678598787351,1.0111086829267049,1.0118984182087238,1.0297914195314573,1.0249178931863572,1.0249040659418025,1.0156626124949097,1.024917112962098,1.0253391867368156,1.0250806201551057,1.023773749346275,1.0149727941082192,1.0213111481908315,1.0252179621947013,1.0216675743811967,1.0141280309809484
20.844139583408833,1.0141085817943218,1.009813970272892,1.0110783781557366,1.0292310768500939,1.0224349852444907,1.0234669502400953,1.0130983280828034,1.0225182262953971,1.0291802881306746,1.0240766411841051,1.0204838191582224,1.0131511521202141,1.019741955689787,1.0271055350696652,1.0191166922040213,1.0166768517275215
20.92818820849061,1.0110257436761416,1.013372636270143,1.0117686022189165,1.0315992681899226,1.024019209014591,1.0223706734746365,1.0121899192115766,1.0247592114690898,1.0262432549187106,1.0292059838582552,1.0220199635547678,1.0152066626954666,1.0239837749789795,1.0290153671345161,1.022213319495586,1.0139291430840542
21.0052751256153,1.0082237329153452,1.0077348686333218,1.006915524060556,1.0295648016013053,1.025635450488285,1.018553226906825,1.0160481239447234,1.023519469766687,1.028892741207253,1.0256659216634239,1.0196033711658845,1.0158886383446453,1.026065818405667,1.022677423639208,1.0163488815750104,1.0134416109587145
21.084329646546394,1.0077983455550619,1.0091253122772361,1.0058647581260558,1.0303004029686547,1.0254229201667373,1.0245424205445677,1.0124315695814317,1.0275082168709886,1.0279749196436045,1.0279458613101136,1.0214384669173007,1.0112798329509967,1.0227514033987302,1.023387012936739,1.018924044491983,1.0170457179215437
21.16395879210904,1.0142023328156409,1.0112949649345395,1.0057666375878893,1.0291764031364459,1.0251111157301793,1.0225152597321028,1.011813565369449,1.0271479986181888,1.0268496790013784,1.0221940342354,1.0259773292750558,1.0140876189411332,1.021298601497005,1.024478780709023,1.0229578909810606,1.0118821129293833
21.28073972929269,1.0093195214439672,1.01325855373668,1.0059794905666473,1.0311151215559564,1.028549925535553,1.0232931377925558,1.009268889032059,1.0243752183126107,1.0263607911173518,1.0257823691824708,1.0177070386596734,1.0205116776805703,1.0249498954636678,1.0278140926141814,1.0206464363685166,1.0109251155671317
21.359077479224652,1.0115684148259092,1.0113689716585736,1.008521564088618,1.0262057289061968,1.0273174673005179,1.0251182642005812,1.0133532182487168,1.0278998831993122,1.0252983131748115,1.0253142868001908,1.023332035206302,1.0163261561922712,1.0219103476216396,1.029815818072896,1.0232589862060153,1.0119865480750931
21.43730708397925,1.0092519053204956,1.0102509372584407,1.011574140529475,1.0339428591296504,1.0235837576832498,1.0247037750638288,1.0116103866377477,1.026182890894831,1.0259763796385066,1.0277215375563746,1.0210194497616896,1.0192275533117328,1.0222653091070106,1.0212508339258703,1.024725325635845,1.0109404622861358
21.5155093758367,1.0086675689991071,1.013100354436388,1.0093125826820573,1.0291851349578973,1.024314230174174,1.0241177505749919,1.0133532182487168,1.0265843069885443,1.0280817970646567,1.0228069889202474,1.0220853160351577,1.0154997811039357,1.0244859335906522,1.0255045182694233,1.0197925003947081,1.0158581006242513
21.59892056323588,1.005185589820501,1.0118015667879798,1.0108833518688896,1.028705963303359,1.0248134976404701,1.024239320953277,1.0125111146432837,1.0246835485938788,1.0299646946604635,1.0280663938909578,1.0192243801969292,1.0160820830512227,1.0229891706152876,1.030004001147152,1.025420080992263,1.0095866434945233
21.678680875804275,1.0134549956790515,1.0097042531799223,1.0062883143214858,1.0295227265325797,1.0217853696414287,1.0207961908949559,1.012030272980458,1.0237716369153436,1.0283776974973677,1.028808679735363,1.0249016017816148,1.0176801397282942,1.0261372328078853,1.0316737648650425,1.0231767870185888,1.0117467448125725
21.757409813348204,1.010177894558622,1.0129837531025165,1.0042426956965385,1.0274051477284822,1.0252652777238784,1.0279077485857429,1.0130983280828034,1.0277233209876167,1.0304040171355155,1.025985975074634,1.0176429867918417,1.0181514744500795,1.0222971010521926,1.0264015627866594,1.0246832679344355,1.0148717146826067
21.842942958697677,1.0126908267487271,1.012779153539735,1.0149575180267767,1.0326925454064877,1.0226947768738968,1.0261091390907455,1.0101056636153039,1.026497047467966,1.0264709616114174,1.0268022637583731,1.0161994626778068,1.019660592169616,1.0259549738480997,1.0247388826133312,1.0236259167604707,1.0094011084052525
21.921424854546785,1.009359599545128,1.011644544679522,1.0067461671975104,1.031066772052191,1.0255566019805993,1.0233712999282816,1.0106672406873376,1.0268136053829535,1.0311360367359963,1.0270533193842,1.0164212819261116,1.018148559307696,1.0251450358236003,1.0253720119841294,1.0204212699653719,1.0111413917370364
22.00087935430929,1.0127993919573968,1.00959760302488,1.0079824437578242,1.0290563439396623,1.02095259733726,1.0228180098163873,1.011008236432073,1.0268476429853417,1.026560641566112,1.0278339044666536,1.0166042186089517,1.0156920598806232,1.0210513468818172,1.027733973198638,1.0211364698902439,1.010732151461241
22.09050972945988,1.0101900919422009,1.0122634335360192,1.0123607065860152,1.029562078906202,1.0252599671252254,1.027909413944494,1.0067869993335499,1.0211124694277223,1.0294093738474897,1.0268860927866117,1.0173047519416656,1.0180126026224001,1.0213912375966243,1.0297082668556286,1.0230085435049072,1.0097459110787004
22.199670437257737,1.007633745952265,1.0118801409338682,1.0089985215468875,1.0316935294881846,1.0237588188632203,1.0256153435296687,1.0076234015458145,1.0240168361209394,1.0271262142865552,1.029817306381424,1.0161493059181634,1.0123968986761132,1.0247922520952117,1.0275787384124384,1.0216595246908937,1.011988837219967
22.2787093129009,1.0138639155590194,1.0161959319213467,1.0140614804609245,1.026578126119433,1.025939357856302,1.0265074218270147,1.0077024208744778,1.0218971830891215,1.0269004730321771,1.0263472639464297,1.0191309121484637,1.0173415324770796,1.0235757852921943,1.0320288621384717,1.0216251987566938,1.010732151461241
22.35691318800673,1.0098721200179108,1.011644544679522,1.0086635583709218,1.025452932073299,1.024103707767282,1.0299987723247028,1.009191650693738,1.0287813943240038,1.0331364833119168,1.0306012848618629,1.017688793803212,1.016487783063023,1.0276151840569876,1.032859526242222,1.0233837101857182,1.0128544890693172
22.43600539630279,1.0149745510558004,1.0091215797383999,1.0125080357537717,1.0276023808720356,1.0245814498360695,1.0225329619001788,1.0099902521121626,1.0225852153575756,1.0290822598079172,1.0265718935230272,1.0163255533221018,1.0160211151486631,1.0236530294452009,1.0284167937406916,1.0184894677950658,1.0124996850893357
22.514970916789025,1.010948554876083,1.0154885635063673,1.010191672221431,1.0303949421584835,1.017736074959401,1.0278932040298074,1.0060762129719607,1.0283251786905383,1.0300587703256596,1.026483242667409,1.0227458771138012,1.0130824244702763,1.021337524597152,1.0282306036115851,1.023419024447593,1.0136557483948025
22.59917858382687,1.008624034001168,1.0113739830691002,1.011982113884487,1.029966268049486,1.0273881323196634,1.025927990280993,1.008526970729308,1.026532711203774,1.0273306861156992,1.030112387452546,1.0179614590904127,1.0179830985310674,1.0292811146126848,1.0266816209142449,1.0193626669333475,1.013499219577902
22.680090667214245,1.0119356952544882,1.011644544679522,1.0120812503846612,1.0292272869598262,1.0231625116439742,1.0259691114018177,1.004801737989406,1.0238865710964167,1.0289358302445546,1.025816328177206,1.0182345832995456,1.0121746598571604,1.0240460096691668,1.0264184805987069,1.0237819615258235,1.0104993052202618
22.759326291736215,1.0150657313808547,1.0092909991468604,1.0074803812070832,1.02726565891874,1.0231773537349447,1.0283226565753953,1.0092973349802876,1.0256963850327936,1.0313473244118658,1.0245596011412235,1.0216644809967672,1.018327675832075,1.0234559261374827,1.0254479850511302,1.017622653504418,1.0102514698443366
22.843667104374617,1.0119553146837288,1.015136559680501,1.0107754981158668,1.0302611190830302,1.0231627982491363,1.0224865266856245,1.009885944870754,1.0288688592307955,1.0300463260410866,1.0223352186462722,1.020865552392761,1.0150272785383743,1.0209089043699093,1.0308642713060718,1.020007331717224,1.0108894266208062
22.93323802156374,1.0098324009238306,1.0113438537023136,1.0109553790890395,1.0248067324455257,1.024020900115315,1.022929292828299,1.0073185908629203,1.0248578648379691,1.027494673214554,1.023976768132619,1.0228808373962657,1.0113911858059268,1.020209238517409,1.030573169997189,1.0182052253211114,1.01209508770775
23.01259777182713,1.0110861395551478,1.0120114063886099,1.0094753994272154,1.0293293966692796,1.0194829306131914,1.0280181543895703,1.0056586536399932,1.0205594546201895,1.025186166105766,1.0283552736004382,1.0211128828825313,1.0130355833323708,1.0193242371350604,1.0294586729323851,1.0197273731176049,1.009060230328906
23.131799541879445,1.0096238850993493,1.017098279430582,1.0095771456682645,1.0307794546817768,1.0244460736308865,1.0264144825491066,1.0128383528480593,1.0270360982573887,1.029393971934817,1.0272339114581708,1.0257499203910372,1.014494904694108,1.0251819429589673,1.03020552669629,1.0221861358091466,1.010979990997273
23.21168729197234,1.0104961001767563,1.0116695585928865,1.0084816884384324,1.0282986799365332,1.0208039430238312,1.0246918091054782,1.0156230445786945,1.026112059888928,1.0278093010745089,1.0252499926713354,1.0211154521260408,1.0138161125868237,1.0270011124287186,1.0273377521177798,1.0203574157037056,1.0112997710536291
23.29066489590332,1.0176912604898614,1.013244776608213,1.013757338243763,1.0302124424712333,1.0262237445888496,1.0234200002836669,1.01510447887353,1.020190962408827,1.0317722732952879,1.0238927786402428,1.0214942268475153,1.0181271812008887,1.0283016525868705,1.0284619262119385,1.019117927762017,1.0114074138247522
23.3696333123371,1.0090250703645303,1.0098243854864357,1.0092553306170575,1.025854078231834,1.0200115279702302,1.0246918091054782,1.0071511975713288,1.022278048886577,1.0289975789275851,1.0259720721711985,1.025783305530106,1.017947242344581,1.023199090198082,1.0297597204956042,1.01894035258675,1.0087220887995894
23.448912291787565,1.0113526273489624,1.0121285885510685,1.0128320529512393,1.0325833723242068,1.0256558713966344,1.0218542115204776,1.010886830787599,1.02304984344235,1.0269971373602018,1.0276906215564938,1.0256743111851405,1.0169891386591683,1.0238795555868845,1.0274207949768577,1.019994885447516,1.0114074138247522
23.52720285439864,1.0131560579971641,1.0099140340645258,1.007436063114596,1.0340954427740192,1.024020900115315,1.0210112677077263,1.0120241749455672,1.0248691730029675,1.0266978703849778,1.022121177256942,1.022062082994505,1.0165521775728799,1.0287410031918338,1.0227359205564992,1.0236688808778274,1.0154779804949048
23.61016060458496,1.0138853381710484,1.0097376364496866,1.0132201150151408,1.0305758863052368,1.025513949759829,1.0236406075064302,1.0142522446493223,1.0266485537171004,1.0273368389607584,1.023855134591371,1.0198291975341358,1.0155585654497603,1.0238417055868505,1.029231585346958,1.0238512477259936,1.0097747267333768
23.69107333337888,1.0099887635331788,1.0079817273794192,1.01458613344912,1.0277833424609575,1.0256180940638584,1.0197640005689776,1.009809281527727,1.0247962357160671,1.0262719876529767,1.0244381606136304,1.022444182790572,1.0182370043102802,1.0258382113758735,1.0290820839652552,1.0217225699498897,1.0133280757738592
23.779908500611786,1.013207088788834,1.0087417664227776,1.0114676606073394,1.0307450329269379,1.0221751704433386,1.0226261339399851,1.0112167229373585,1.026858528816191,1.0277957790545744,1.0249840560335586,1.0194611978304788,1.02198296164974,1.0260933196563164,1.030479233895002,1.0226764427691908,1.0123603920266178
23.866048521827903,1.0099497167836815,1.0067569774606961,1.0080491566210272,1.0295483434695476,1.0214428594128284,1.0203143774647894,1.016111551645611,1.024608904107005,1.0260173611946801,1.0302116537330852,1.0205559889094407,1.0195821079665328,1.023173109315675,1.0277852898760327,1.0257685965338141,1.0149845310088315
23.94657043786719,1.0092254621646248,1.0090725194189478,1.0084007268798971,1.03060002947378,1.025192438312632,1.0219121748856201,1.0141814098616015,1.0208619060017237,1.0251382038699017,1.0262021716113408,1.0201178254239123,1.0168802293264425,1.0245600898812066,1.0268289593892652,1.018108428388432,1.0116006330170728
24.05833304207772,1.0119980993474447,1.0161162466869345,1.0065890874005616,1.0262993092678676,1.0241978352400063,1.0210036316968332,1.008516698939972,1.0239981787750427,1.0290144688932474,1.030589733394391,1.0255271993120787,1.0166214639697835,1.020638553584735,1.0279950342481396,1.01808930527736,1.0113718164388428
24.138906395994127,1.0121827275552537,1.01151123959659,1.009898468578722,1.0276607977841627,1.025477126951134,1.0216941039354512,1.0117484002040515,1.026691078619487,1.0278660150052856,1.0308788020486699,1.021101300061947,1.0192368779384988,1.0259150744449645,1.023742139709192,1.0255511589198254,1.0090850692807805
24.219088521320373,1.010158030554161,1.01364872517562,1.0115468441344695,1.0276581832539788,1.020732240563529,1.0217130061992163,1.0119185810035016,1.0238915160300666,1.0324507703368397,1.0308081494431371,1.0271771775337781,1.018254741117138,1.0273804326567506,1.0231009776945728,1.0265257332647382,1.0115910964804327
24.299196146428585,1.0085891365471507,1.0099021735635243,1.011051977567583,1.0252065007373314,1.019777758149736,1.0221196446448477,1.011144182303676,1.0244740735360613,1.0265799620245712,1.0254874288262485,1.0213078852480304,1.0198759350196,1.0274557273611924,1.0258771318375135,1.0272282676345674,1.0156379402116296
24.37921995855868,1.0099385742626314,1.012464189895761,1.0142703699589704,1.027184128183948,1.022800429444296,1.0210036316968332,1.0080401265580254,1.0239904900642076,1.0263365082747893,1.0303421277881484,1.0207204843403326,1.0194503077915238,1.0243524795934382,1.0265345421756398,1.0270899945775425,1.0129073192398645
24.459751000627875,1.0116394557784376,1.0102933838079575,1.0070322038946704,1.031515313352882,1.0240301626777173,1.0208263597441443,1.010205572925985,1.0277783774332463,1.0266978703849778,1.030953488176875,1.020125204697093,1.0180496923157754,1.025085635679539,1.0268289593892652,1.0228783841243445,1.0137885378849751
24.541346792131662,1.0107060989033552,1.007409288454225,1.0125767060891857,1.0286274493798377,1.0188794417070213,1.026044400698265,1.0109032824317616,1.024198205787347,1.028580623946578,1.024669316817279,1.0200971603000983,1.0183247968334614,1.0205943446153025,1.0243528171370708,1.0179602664957197,1.0068881766230184
24.633543021045625,1.0147631756824003,1.0137102414434673,1.009844622890817,1.0308270260229582,1.0259280894095382,1.0184290941443916,1.0129176999595115,1.0285306990946614,1.025495333333336,1.0245563328634808,1.018747012949624,1.016059669482782,1.023173109315675,1.0265778488806632,1.0154900107374019,1.0069655180184847
24.716567021328956,1.0117616991938267,1.011958008932052,1.013594128133464,1.0294262926059445,1.0266270655553091,1.022393672488056,1.009366718071319,1.0230958924813622,1.0313221329219036,1.024743387741884,1.0243887107550942,1.017792011587428,1.0222039018539089,1.0278551300536376,1.0228460685166352,1.0113029293681939
24.80379266710952,1.0063456732122436,1.0123049450555912,1.0115768885554404,1.0258887196995639,1.0228853451600757,1.01918369308311,1.0087387220707633,1.0242756734884702,1.028580623946578,1.0260994810790547,1.017237211428845,1.0168005402770786,1.0237831239139366,1.0275196501994293,1.019190220844842,1.0150963415749843
24.883699500001967,1.0087505537549994,1.0115509925494002,1.0106182382151876,1.0313075553635094,1.0222939018953077,1.026663253137275,1.0135962212495484,1.0219439731997073,1.0291019137560675,1.0251970386636122,1.0213217431926709,1.0142818754733898,1.0219326800770523,1.0260207004067519,1.0214084757270163,1.0158865509718187
25.006848687771708,1.0118577414397392,1.0164509140770297,1.0105297815447116,1.0272610242853326,1.0222252690727651,1.0238186458886458,1.0096306216215176,1.0276382546898741,1.0294759197530219,1.0260175044277067,1.01995411394343,1.016474576260802,1.0247455669372922,1.0267040767880444,1.0167481078197056,1.0140162822890664
25.088076166808605,1.0102420245387436,1.0105331966557645,1.0116252867280993,1.029252892760504,1.0255786543611471,1.0204810471524228,1.0129925574037122,1.0218187261765768,1.026707180918082,1.0301860291261993,1.0175165721998198,1.018082597329424,1.0263544015734105,1.0278214059094628,1.0230050945705205,1.0114892425973008
25.16777572967112,1.0102493388052927,1.01229619462543,1.0112782555048392,1.0297073673688923,1.0265365512346099,1.0205086141343827,1.01423880545832,1.0250287254629802,1.0286687607220997,1.0267760211121488,1.0144689398147826,1.0203055909815968,1.0261226439691655,1.0269865151841133,1.0222329417380165,1.010615849422041
25.26655170833692,1.0099615991404938,1.0110833303935842,1.0104510508939881,1.0325241064454538,1.0217014184984916,1.0267758876476045,1.0156277172634791,1.0226505267959096,1.027329880131738,1.0260998522318743,1.0219479139049827,1.0187039953553265,1.0238594648898367,1.027886417953574,1.020734314855023,1.0149962512564366
25.34594160458073,1.008172292915564,1.0066841310044075,1.0134452669967815,1.0298401406460975,1.0269045688062288,1.023815767812651,1.009322103860065,1.021625289059663,1.027297834100788,1.0215255114258197,1.0199848350611214,1.0219520920228184,1.0274770521918497,1.0267046292101247,1.0222735241606364,1.011903828693702
25.4274224168621,1.0156585900352197,1.011998658355459,1.0140292148313608,1.0267701728405298,1.0221037940955833,1.0260232772278755,1.0118147943840008,1.0226552654512162,1.0286229439145156,1.0266372651203879,1.0168621094899823,1.013460448194967,1.0270320195359326,1.0270939709258877,1.0233739438951306,1.011699174373427
25.518294125329703,1.009551514770924,1.0130507402406126,1.0120594761225783,1.0294504151700825,1.024971676268541,1.0223121255674659,1.0122799405790075,1.0235207795269357,1.027297834100788,1.0220841626055797,1.019016101540136,1.0189953125979105,1.0236444559511073,1.027155081638227,1.0218471008479453,1.0085257182722835
25.60235224990174,1.0111787173258677,1.0132931501322346,1.0067443063053934,1.0283319817398273,1.0227065839991194,1.0259850821961882,1.0109404824291321,1.0273539027376084,1.0250890217803426,1.025316415337048,1.0191141391766514,1.0184629277404271,1.026884606612385,1.026706333474765,1.0185860184432998,1.0086105462453192
25.684938083868474,1.0111169997737075,1.01049697695242,1.0103138893898018,1.0300968582962595,1.0223582363719823,1.0198314496884686,1.0119803656999657,1.026145347912452,1.0299726173141974,1.0306425782227202,1.01944332361659,1.0141048220536277,1.0236567193579802,1.0302196614000096,1.0233453584480614,1.0123889797865435
25.77227589627728,1.013320465603143,1.0175706843612096,1.0124528149882261,1.0284217219033434,1.0211123462108123,1.019448074885306,1.0121815371735534,1.0257797662962391,1.0267825072118377,1.0237128712037975,1.0254192212265392,1.0165954647959312,1.0228222044499975,1.0240497485325826,1.0255412428147737,1.0119085510777284
25.854116854723543,1.0137424335880612,1.0137723797918328,1.010917944260381,1.0274344511274784,1.0251962439986413,1.0222067534182542,1.0101397029878634,1.0197987068541965,1.028716544725403,1.0292224125809668,1.0191845292430808,1.0192105099206517,1.0242814232232254,1.0284860141512786,1.020666506036554,1.0094258627247839
25.96991335460916,1.015896602804561,1.0135026573256412,1.0116772834402263,1.0274344511274784,1.0223974660303312,1.022663341489312,1.0102242588068457,1.0253350214995745,1.0290617825243946,1.0292802665228589,1.0202228205814787,1.0201845271673833,1.023243725724739,1.0273362460496258,1.0242157497792157,1.011115160685344
26.051581042353064,1.0074662289907117,1.0140190065070238,1.0105739800495255,1.0279858676179086,1.025575044641382,1.0208396827618171,1.011098486765778,1.023837340038688,1.0252734041297633,1.0239599326072713,1.0249979572630017,1.0195690149096408,1.024414133839879,1.0273697489191018,1.0212357010706727,1.014621615838559
26.132644833996892,1.003316529273714,1.016369811647692,1.0053232377707289,1.02576996425383,1.0236692110589647,1.0214890894556496,1.0132548045230265,1.0220482823303974,1.0258716726474189,1.024837395310881,1.0252315797251226,1.0203008388025094,1.0275817044326796,1.02806899993495,1.0189535178382325,1.0113974803650947
26.21446187561378,1.0094307325647647,1.0120886128380584,1.01233414595285,1.0299440323858153,1.0210289515549433,1.0198166194607423,1.016158610305992,1.025921983283017,1.0265936497126942,1.026389495749589,1.0177792177573712,1.0154699962401545,1.0265789646705223,1.0256620161323065,1.0249434498977552,1.0116220601680657
26.30078810453415,1.007213784762446,1.0141157844232165,1.0106012939182272,1.0290494410710935,1.0205824848535712,1.0206439097036644,1.0088942451921032,1.0262380640854738,1.0255450933152208,1.0250843854568032,1.0222025049349135,1.016961995335544,1.0252978603475669,1.026055072595241,1.0210409067694965,1.010221442085637
26.39022339647636,1.0073442218516897,1.0145903786832253,1.007895498471004,1.0303598815536057,1.0202945961942214,1.0176624524516142,1.011195653049594,1.0242389199130522,1.025994467931352,1.0243962392443728,1.0198265949030225,1.01681107099407,1.02148624866174,1.0275547857253253,1.0199444943461466,1.0086234711452473
26.471945708617568,1.0130146066084948,1.0133011148801585,1.0124076964460846,1.0314971252032687,1.023610089747628,1.0254787931935019,1.0055833755731893,1.0257727025593197,1.0266178190001154,1.0237476735330078,1.0177162552375927,1.0212490832022583,1.0186346407046727,1.0257392786636372,1.0240850666119297,1.0108448229011329
26.553365521598607,1.0111211940521927,1.0169444117151323,1.0117661401809026,1.024895484755171,1.022145235640095,1.0205726544119988,1.0101031623537025,1.0264826529373492,1.0255926592797504,1.0281659743721374,1.0158227195658722,1.0164598447144066,1.0248765977928433,1.0287189066537652,1.0269749422858647,1.0085368162528239
26.63766581285745,1.0100307755868063,1.015316025012112,1.0126431309361656,1.034113668272928,1.0196438187919623,1.0209704390717922,1.01642421484407,1.0223512038353562,1.0274888731773248,1.0283251580133443,1.0220100798269283,1.0150814041360954,1.020063388852281,1.0275515408435818,1.0264076010947656,1.0112356364376036
26.721214146353304,1.0103908187730752,1.0121590111895435,1.01080923564654,1.028395496534851,1.0254204227183206,1.0240372499728203,1.0124240423440065,1.0291866796843319,1.0248717146742865,1.0271199678922187,1.023978722011743,1.0172862139600725,1.0228598849073673,1.0245164495555938,1.0190727346786388,1.010145789398142
26.803118917159736,1.0099044248890647,1.0079665128319717,1.0112073484407793,1.0271985885248758,1.0229044290661675,1.0264518488453807,1.0120880768645253,1.0258152219957297,1.0292646468102093,1.026049700333257,1.0202228205814787,1.0202751214375916,1.0275144445493711,1.024881761751605,1.0181551911372573,1.0102707284405186
26.91580929234624,1.0093484117855855,1.0119342760664871,1.0146432787213013,1.0331279050194544,1.0261287940231962,1.0206618390275615,1.0130399695073238,1.026321456200439,1.025882174126648,1.0267673965291444,1.0211612033433897,1.0163624683111927,1.0219276433026194,1.0284115428861573,1.0214979018686094,1.0098684795495405
26.997453979682177,1.0138023459312138,1.0129674495836378,1.00922515312788,1.0272984593893182,1.021023059546848,1.0255927321331397,1.0127156862092817,1.0256203774377604,1.0314399345033796,1.029153212872127,1.0229405512877154,1.017417959772122,1.0235628674532948,1.022828659379572,1.0247158923193547,1.0156946642977902
27.07916727103293,1.00685800616232,1.0186468232650738,1.009861426752719,1.0286314458147856,1.0250501504431568,1.0178058386894349,1.0168663876998223,1.0237459257638775,1.0272971728564988,1.0292185852790672,1.0180173232975442,1.0149995426271727,1.0223636801920528,1.0282220001529323,1.026392582582241,1.0116220601680657
27.16180329211056,1.0076699713764428,1.0108157205445492,1.0122155819188543,1.0270670941622475,1.0241202226713808,1.021052197108513,1.0144931465716391,1.0243880195072828,1.0294567552915745,1.0266891729444705,1.020193358082188,1.0136847968957814,1.0282622519955489,1.0249854258252304,1.0255042369353762,1.0109808924200143
27.251828125678003,1.0073074493848078,1.0123771763842864,1.0126753836248807,1.0313797263808842,1.023120384110723,1.0219556481574124,1.0136182660302153,1.023273021681854,1.030501443398803,1.0301985878442985,1.0224084179199746,1.0129616950090614,1.0236412574805458,1.0251496906575193,1.023363984382736,1.0082025210185674
27.332962583750486,1.0121733782462032,1.0180831021389405,1.0111254894342898,1.0307262292390797,1.0296789694104553,1.0234082298519906,1.0160359493557,1.0246280224427577,1.0276871562439656,1.0254372112247174,1.0212957925412058,1.015362851306794,1.021207891652251,1.0260086273038638,1.0224200832396233,1.0106525207530135
27.41674956213683,1.0114186392549422,1.0129066942529554,1.0118008074371938,1.0306036382578136,1.0239695113301115,1.019684436566013,1.015660845332028,1.0250579200579155,1.0313728218848446,1.0310400675656342,1.0212255420980707,1.0162849071467284,1.024313928390243,1.0287630702495054,1.0261227403656998,1.0110249240024178
27.498634479474276,1.0066145624051124,1.0122273380252367,1.0089895772648387,1.02801508430306,1.0229270898632117,1.0248487552532357,1.0117030936021774,1.022436788902753,1.026117690636058,1.0300730798861033,1.021818948056303,1.0164938087593924,1.0234129763743385,1.0296641461144687,1.023456514020909,1.0117481045446426
27.5811852295883,1.0124110527251458,1.005476320652103,1.0097243574081092,1.0267382280714126,1.0299713510393667,1.0223340260323242,1.011137853245742,1.0276537581299816,1.0285078349093992,1.0262823659130573,1.0213390035447045,1.0186759724421093,1.0233139729350986,1.0299247806840284,1.0252208452358813,1.0163006622463875
27.666475541889668,1.0153161998101,1.015205400031301,1.0092191436345996,1.0247761712969312,1.023095469072506,1.0199055160086503,1.0154049417559352,1.026878193557128,1.024802893084117,1.0304356336156326,1.020880396043431,1.0176967414633487,1.023558025149379,1.0253164372475365,1.0248767604317137,1.0118556342654395
27.75006300024688,1.0112044795412412,1.009810571299304,1.006999160625806,1.0279033533980593,1.0272717565829135,1.022612915023036,1.0130069594235167,1.0249568367466528,1.0293686681281153,1.0305071450241268,1.021510037895648,1.016865771932032,1.0247801806891392,1.029835293776327,1.0252743919576857,1.013101716323593
27.86269050044939,1.0087961350945538,1.0106389943861211,1.0053595277443281,1.0295534815845695,1.0249432094691315,1.021799947504792,1.0145229402154525,1.018786758546721,1.0286997695011255,1.0268452478693226,1.0169036758874705,1.0196761996565984,1.0239616563283733,1.0262564824405644,1.0206153688876907,1.0153584165196288
27.945093458984047,1.012289833456278,1.0150529268657216,1.012868254317703,1.0295650311317195,1.027167209095574,1.023998911417597,1.0146582432134643,1.0244215012861537,1.0304622637391405,1.0251641626658787,1.0183535971984368,1.0172336670858007,1.019641659773655,1.025240150428882,1.0200581956604209,1.0118168953111444
28.025816750712693,1.0081000039810635,1.0181003984275534,1.0088450121314136,1.0317014635883002,1.0261064155306054,1.0235789647287,1.0140136965160438,1.0215142422712613,1.0255365359661033,1.0280203350584336,1.0229720409330731,1.0152718204614575,1.0203451331316518,1.0301802846324248,1.0197054780049712,1.0120706644651256
28.116213395725936,1.0068356719490954,1.0123469440418584,1.007984091432725,1.0308091260870327,1.0257555568735932,1.0221661799617752,1.0145068119492413,1.0250497396757137,1.0258197791405879,1.0220071129549184,1.0225767922338778,1.0198569224405216,1.025373515050921,1.0262696099048079,1.0234424697674165,1.0118556342654395
28.198215583804995,1.015055358475001,1.0157030016287725,1.0137779731877887,1.0330457401195292,1.025311145320143,1.024256911709767,1.0146390266354681,1.0263729650871396,1.024638260010473,1.0229156209778518,1.014875247536877,1.0166372606867922,1.0245758210088978,1.024623108924935,1.0239415132456986,1.0137920062767152
28.281726833898578,1.0109638460265042,1.0111576336721413,1.014110981222016,1.027585057768484,1.0263670535533382,1.0247414373949053,1.0144592627540785,1.028159006482033,1.0273187320064514,1.0296838161052528,1.0152772802989656,1.0188648404197553,1.0229862110919898,1.0258494995414258,1.0231402850913482,1.012085962518516
28.36324629187584,1.0137531575190588,1.0163303150394885,1.0101026040239682,1.0309935532355439,1.0255493742424333,1.024549770771575,1.0133550925123045,1.025436524872509,1.0259897679044458,1.0274672941475127,1.0259616391788733,1.0199486648013103,1.023484976057588,1.026493727218513,1.0209315477326069,1.0166212391128036
28.44557295832783,1.0102022470288647,1.0156368820300912,1.0127828170507147,1.0267175809741558,1.021358980970318,1.018603761356517,1.010397770793532,1.025515765410778,1.026448290808919,1.0263305787339547,1.0239120571954068,1.013330474736617,1.02415058996973,1.0293283714925814,1.0211104861341087,1.0114106336403763
28.53313225088641,1.0100829801193552,1.0145405603320838,1.010393515697658,1.0295783019943452,1.0261141474749962,1.0244897464346179,1.008453949847497,1.0257991012654875,1.0301636161086023,1.0231330871983906,1.0241752373007476,1.0194355011128022,1.0229784184031536,1.0303610493828128,1.024559346181245,1.0126582280233822
28.61996018793434,1.0126810044781738,1.0110158641003169,1.010393515697658,1.0287037021883882,1.022878419858573,1.0185494026910669,1.014223383078321,1.0254944392388947,1.0243225177575304,1.0302377615667222,1.0183938419562828,1.0172480123164835,1.025714234371885,1.0265535064989608,1.0224580027081596,1.012096438232302
28.704697479493916,1.0109429889238553,1.01235902385707,1.0134446786036733,1.0257239571354428,1.0254940331975748,1.022415801151623,1.01326950591621,1.0255089583875037,1.0224685600642875,1.026302199299302,1.021032861027587,1.0172480123164835,1.02297062232279,1.026760801952703,1.0226959275904484,1.0125758682459578
28.78903935430571,1.0086908154944096,1.0077643405258798,1.0111485516163348,1.0259956774558816,1.0257071357011618,1.0222558105574782,1.016476068446961,1.0210724804967424,1.0252561106376077,1.0228589170606932,1.0202822709109938,1.0152830865022617,1.0261119404140657,1.0258409793185084,1.019087439656773,1.015231276999683
28.902741438243535,1.0109429889238553,1.0073543177189739,1.00975320007766,1.0259765680836221,1.0266350648836364,1.0199617683555238,1.0130539618457306,1.0252583359545737,1.0251877061347208,1.0243879848460604,1.024708780400506,1.0124087731644489,1.0228746220659677,1.0279480856875902,1.0222250505293577,1.0188803313318489
28.995666729751974,1.0090524559320084,1.0102995703673605,1.0095839299323615,1.0293586255014493,1.0214594846077691,1.0236096038634592,1.010411417037962,1.023222959544481,1.0259686631112732,1.024707940872036,1.0201344239756032,1.015757643334719,1.0226378683424588,1.0230785110148106,1.0209215834863596,1.0142173750525774
29.078417875338346,1.0070067187507217,1.0120094315757076,1.009204720439312,1.0294360817907144,1.0255249878250243,1.021152905793981,1.007736121970963,1.0256769616891006,1.023174147137474,1.0244772279825305,1.0241787939663136,1.0162555102859703,1.025445482529653,1.022001768987917,1.0190772008657636,1.0177352859723878
29.161018542014062,1.0098588427378667,1.009926679034761,1.0077475819744801,1.0323681254149792,1.0225065617250682,1.0241823129566123,1.0121078613207843,1.023348333129356,1.0271141647817859,1.0287550214155008,1.0199084729978636,1.016719319127858,1.0212518395351668,1.024358127000449,1.022664540709359,1.0152299458342355
29.243461583275348,1.0104110049915536,1.0139914472894813,1.012166612600545,1.0311417664218068,1.0241714884675523,1.0202573814787348,1.016774120678314,1.022763744053199,1.029116989417304,1.0231230457232932,1.0231340364278256,1.0201400778907344,1.02281188371423,1.0271865172736925,1.020879634236728,1.0130346813175346
29.325762417167425,1.0097872949945073,1.0125941032790367,1.009129975141385,1.0321580310141445,1.0241162408968227,1.0231367492675185,1.011318666279717,1.0282612819245491,1.0252170248311838,1.0302782223204119,1.0217215382201097,1.0186579757228693,1.0241108776225907,1.027644522149772,1.0231622101960813,1.0188439004691099
29.41475037485361,1.0115939332029529,1.0105902026700673,1.0095675895233058,1.028525714665039,1.0214187861285786,1.0184234515591863,1.0141729925776333,1.0242524705217269,1.0310320573150302,1.0237783927725501,1.0263983251622006,1.0130112974525431,1.0192399865739432,1.02611395664233,1.0231443952635204,1.0187690425800444
29.49709743820131,1.0123603832596981,1.010767171667482,1.008583650516915,1.0264751262817338,1.0235783044034321,1.0221837005308534,1.0109007281387539,1.0241688813056515,1.0279475429242189,1.0239629842567097,1.020379219717642,1.0149906250870355,1.0226308722454958,1.0264867053659847,1.0231176828286193,1.0113161168406193
29.58115468826145,1.0116577273003013,1.0124811622217569,1.009170731323611,1.028697056205765,1.0273565176187989,1.0186877078136054,1.0175301853778076,1.023728323054014,1.0293008387181515,1.0257698281510286,1.020379219717642,1.0175631010105253,1.023818539741823,1.027627550353282,1.0234199855910204,1.0113316703647361
29.66703495848924,1.011952659679269,1.007406864679913,1.0084691434799384,1.0290149559008337,1.0237680535099556,1.0229042688406662,1.0164327518203697,1.0239267739952254,1.0327235224199685,1.0238616527421243,1.0217286919925799,1.013753127304768,1.0217578421631057,1.0269658451912078,1.0216247342413258,1.008692920247945
29.751848458312452,1.0089068970728654,1.0074189070752964,1.0107670364451318,1.0306124544752138,1.0222574916940528,1.020014495210696,1.0111233544763587,1.0271169413695918,1.027935402121108,1.0247819994896148,1.023214013352924,1.017250601088187,1.0252393697267737,1.0252655427215063,1.0195917144972928,1.0113726587907002
29.87971879215911,1.0107180909841502,1.012941511603037,1.010609060406545,1.0265373716149309,1.0244384661504,1.0208737694328363,1.0155195075733883,1.0256073174560811,1.0235813836861096,1.0283839019286556,1.0204966019295558,1.0173557044124268,1.0236160888995052,1.0217339926202051,1.021339700425558,1.0104380082023094
29.96781143778935,1.012334788715157,1.0109796945639107,1.011627963709987,1.0282938833572144,1.0238560870291817,1.022461552738629,1.0183906187356773,1.0236944453784107,1.025603833109606,1.0252408353347897,1.0226608545235132,1.0193075815261754,1.021545268134524,1.02957303449119,1.019100145663909,1.0085975516275085
30.049883333500475,1.0118435166761681,1.0083377467439871,1.0038821527034643,1.0304440377265083,1.0247193063926747,1.018933474773597,1.0147722767921545,1.0251347986488917,1.030105614982569,1.0257698281510286,1.0211011702100974,1.015186922473018,1.0233753687188438,1.0241572632530331,1.0229587324306268,1.0124099633800319
