batch,time_s,timestamp_epoch_s,acq_seconds,peak_01,peak_01_ref,peak_01_freq_mhz,peak_02,peak_02_ref,peak_02_freq_mhz,peak_03,peak_03_ref,peak_03_freq_mhz,peak_04,peak_04_ref,peak_04_freq_mhz,peak_05,peak_05_ref,peak_05_freq_mhz,peak_06,peak_06_ref,peak_06_freq_mhz,peak_07,peak_07_ref,peak_07_freq_mhz,peak_08,peak_08_ref,peak_08_freq_mhz,peak_09,peak_09_ref,peak_09_freq_mhz,peak_10,peak_10_ref,peak_10_freq_mhz,peak_11,peak_11_ref,peak_11_freq_mhz,peak_12,peak_12_ref,peak_12_freq_mhz,peak_13,peak_13_ref,peak_13_freq_mhz,peak_14,peak_14_ref,peak_14_freq_mhz,peak_15,peak_15_ref,peak_15_freq_mhz,peak_16,peak_16_ref,peak_16_freq_mhz,delta_f_mhz_b01,f_new_mhz_b01,delta_f_mhz_b02,f_new_mhz_b02,delta_f_mhz_b03,f_new_mhz_b03,delta_f_mhz_b04,f_new_mhz_b04,delta_f_mhz_b05,f_new_mhz_b05,delta_f_mhz_b06,f_new_mhz_b06,delta_f_mhz_b07,f_new_mhz_b07,delta_f_mhz_b08,f_new_mhz_b08
0,0.01108199986629188,1778269143.230179,0.021443999838083982,6363.752254179783,6369.788501390714,2627.9999897003177,6376.957731454595,6368.653151266926,2630.999988555908,6345.916202585811,6348.2428981874855,2764.999937438965,6335.265119051257,6342.052784485129,2771.9999347686767,6344.635013907142,6350.674195372436,2803.9999225616457,6351.365699789099,6357.893113671791,2808.999920654297,6353.05626585567,6357.764529143869,2839.9999088287354,6364.774618699758,6363.423903475256,2843.9999073028566,6329.168540819757,6334.635741357703,2877.999894332886,6312.4639743864045,6328.808573524466,2880.9998931884766,6319.421429226395,6338.080809670814,2877.999894332886,6328.721144970505,6339.745594033683,2881.9998928070067,6345.907535837638,6355.239270104228,2937.9998714447024,6350.531903903169,6357.160919399701,2942.999869537354,6339.447241495247,6354.885313445609,2968.999859619141,6334.387232937005,6345.356840480485,2975.9998569488525,-1.5095894219467534,2752.8758486945253,-0.2916809346799912,2772.0867992709072,0.43655322098283383,2772.8150334265697,-0.43807581433798337,2860.9117062971427,-0.4441336607532672,2875.541681532163,-0.4548048734049182,2882.825209078168,-0.12680087746657123,2975.9567119866365,-0.7464181408004944,2975.3370947233025
1,0.0902903958922252,1778269143.3045702,0.011811292031779885,6368.131058776783,6369.788501390714,2627.9999897003177,6376.957731454595,6368.653151266926,2630.999988555908,6345.916202585811,6348.2428981874855,2764.999937438965,6335.265119051257,6342.052784485129,2771.9999347686767,6344.635013907142,6350.674195372436,2803.9999225616457,6351.365699789099,6357.893113671791,2808.999920654297,6353.05626585567,6357.764529143869,2839.9999088287354,6364.774618699758,6363.423903475256,2843.9999073028566,6329.168540819757,6334.635741357703,2877.999894332886,6312.4639743864045,6328.808573524466,2880.9998931884766,6319.421429226395,6338.080809670814,2877.999894332886,6328.721144970505,6339.745594033683,2881.9998928070067,6345.907535837638,6355.239270104228,2937.9998714447024,6350.531903903169,6357.160919399701,2942.999869537354,6339.447241495247,6354.885313445609,2968.999859619141,6334.387232937005,6345.356840480485,2975.9998569488525,-1.1670504190156847,2753.2183876974564,-0.2916809346799912,2772.0867992709072,0.43655322098283383,2772.8150334265697,-0.43807581433798337,2860.9117062971427,-0.4441336607532672,2875.541681532163,-0.4548048734049182,2882.825209078168,-0.12680087746657123,2975.9567119866365,-0.7464181408004944,2975.3370947233025
2,0.16501474985852838,1778269143.3794172,0.012058834079653025,6370.537361310634,6377.312747195649,2627.9999897003177,6385.376590151909,6390.569664089006,2630.999988555908,6353.401661215882,6362.672447045878,2764.999937438965,6348.3569000825255,6361.665681450011,2771.9999347686767,6353.731138246172,6362.682762783874,2803.9999225616457,6361.269437906898,6363.643650090167,2808.999920654297,6361.554332609958,6370.292801907265,2839.9999088287354,6368.884723538222,6371.93588348565,2843.9999073028566,6329.19042088211,6342.428936027143,2877.999894332886,6311.8752865482775,6331.470122566251,2880.9998931884766,6319.966862793043,6342.047116178133,2877.999894332886,6327.218358957118,6342.433273221873,2881.9998928070067,6348.867649845646,6358.982174404744,2937.9998714447024,6354.275887153468,6360.581717455757,2942.999869537354,6341.774074640095,6349.95437998594,2968.999859619141,6335.448436592596,6347.9995155423785,2975.9998569488525,-0.5121139869351363,2753.8733241295367,-0.30696985293322965,2772.0715103526536,-0.17387073719418294,2772.204609468393,-0.397461643031117,2860.9523204684497,-0.5510656486197395,2875.434749544296,-0.4379749861080101,2882.842038965465,-0.21471724103962153,2975.8687956230633,-0.4162003106125575,2975.6673125534903
3,0.2367931039771065,1778269143.450892,0.011451957980170846,6368.515655469634,6377.301662744139,2627.9999897003177,6380.613228596754,6386.229724608002,2630.999988555908,6353.822430235045,6364.04887214598,2764.999937438965,6340.629872848978,6356.331349145704,2771.9999347686767,6349.6945639881405,6356.728281932939,2803.9999225616457,6353.486925757252,6361.1260369227,2808.999920654297,6355.1990601216485,6363.054386098969,2839.9999088287354,6362.644021456736,6368.126694073417,2843.9999073028566,6321.451662744139,6334.918395635297,2877.999894332886,6302.499297001558,6323.075197909344,2880.9998931884766,6309.809707491519,6332.780487208486,2877.999894332886,6319.82688052083,6338.486461166978,2881.9998928070067,6341.710974416969,6353.058319833726,2937.9998714447024,6345.264458844025,6357.757217960082,2942.999869537354,6340.414076779656,6351.661691169729,2968.999859619141,6332.256068710456,6348.594759605098,2975.9998569488525,-0.6359009203712025,2753.749537196101,-0.25621703954642855,2772.1222631660407,0.446838109459764,2772.825318315047,-0.04536428662505781,2861.3044178248556,-0.5329276908143643,2875.452887502102,-0.383086452724514,2882.8969274988485,0.17928815341829946,2976.2628010175213,-0.389142666611509,2975.6943701974915
4,0.3042854998493567,1778269143.520021,0.014728083973750472,6360.585579362411,6370.355504783447,2627.9999897003177,6376.667992175322,6378.994330164746,2630.999988555908,6350.7347617446585,6358.264166946848,2764.999937438965,6343.236389338877,6354.016372222393,2771.9999347686767,6343.979153039703,6351.94989760675,2803.9999225616457,6346.73266803191,6353.530968609592,2808.999920654297,6347.180488736742,6353.963725280436,2839.9999088287354,6353.555034080141,6359.70282116331,2843.9999073028566,6321.131541706147,6335.610515939726,2877.999894332886,6309.725535654247,6325.85825106214,2880.9998931884766,6315.450999480393,6336.70055781398,2877.999894332886,6320.745344927713,6336.928268178623,2881.9998928070067,6337.018603478313,6349.689743864046,2937.9998714447024,6345.244133019531,6355.501263868937,2942.999869537354,6334.844166641195,6346.653800776355,2968.999859619141,6328.76431671608,6342.893020448084,2975.9998569488525,-0.9701205675972918,2753.4153175488746,-0.33422064340671465,2772.0442595621803,0.2932015478800691,2772.671681753467,0.13950647667531543,2861.489288588156,-0.6625965401641819,2875.323218652752,-0.3990670158967446,2882.880946935676,-0.10455188292236757,2975.9789609811805,-0.4927735987474778,2975.5907392653553
5,0.3751544792903587,1778269143.5893178,0.011581124970689416,6364.346518629459,6370.355504783447,2627.9999897003177,6376.667992175322,6378.994330164746,2630.999988555908,6350.7347617446585,6358.264166946848,2764.999937438965,6343.236389338877,6354.016372222393,2771.9999347686767,6343.979153039703,6351.94989760675,2803.9999225616457,6346.73266803191,6353.530968609592,2808.999920654297,6347.180488736742,6353.963725280436,2839.9999088287354,6353.555034080141,6359.70282116331,2843.9999073028566,6321.131541706147,6335.610515939726,2877.999894332886,6309.725535654247,6325.85825106214,2880.9998931884766,6315.450999480393,6336.70055781398,2877.999894332886,6320.745344927713,6336.928268178623,2881.9998928070067,6337.018603478313,6349.689743864046,2937.9998714447024,6345.244133019531,6355.501263868937,2942.999869537354,6334.844166641195,6346.653800776355,2968.999859619141,6328.76431671608,6342.893020448084,2975.9998569488525,-0.6759412559259235,2753.709496860546,-0.33422064340671465,2772.0442595621803,0.2932015478800691,2772.671681753467,0.13950647667531543,2861.489288588156,-0.6625965401641819,2875.323218652752,-0.3990670158967446,2882.880946935676,-0.10455188292236757,2975.9789609811805,-0.4927735987474778,2975.5907392653553
6,0.46225279138889164,1778269143.678981,0.01671291678212583,6365.58370571874,6375.352873124064,2627.9999897003177,6379.213968273374,6382.017934101536,2630.999988555908,6351.219162820552,6361.554972949843,2764.999937438965,6339.032311947917,6352.648956200141,2771.9999347686767,6348.044764189871,6353.8726380780645,2803.9999225616457,6352.055720267751,6360.5819390530905,2808.999920654297,6353.849020386955,6358.2538267567315,2839.9999088287354,6361.396150319406,6369.112955038664,2843.9999073028566,6322.001121740991,6334.970570345691,2877.999894332886,6302.183421462848,6326.057416633555,2880.9998931884766,6314.403583763792,6335.5999251153835,2877.999894332886,6323.769878045053,6339.6256747256775,2881.9998928070067,6345.537990952716,6356.438484579881,2937.9998714447024,6350.408180762295,6357.436349604182,2942.999869537354,6339.817283063851,6353.000056545527,2968.999859619141,6332.524624812788,6345.385195769783,2975.9998569488525,-0.9322567851473033,2753.4531813313247,-0.33280718584027275,2772.0456730197466,0.627765179370819,2773.0062453849578,0.5596485296245796,2861.9094306411052,-0.4430629750783441,2875.542752217838,-0.4052359788746657,2882.874777972698,-0.21986958817610525,2975.8636432759267,-0.5914020407223713,2975.4921108233807
7,0.530192541424185,1778269143.7479858,0.018843417055904865,6357.455148699452,6363.220629947735,2627.9999897003177,6369.987211541399,6382.563025338509,2630.999988555908,6355.035272182657,6360.931997126876,2764.999937438965,6343.849128893236,6352.176857596968,2771.9999347686767,6345.745190573708,6352.887972613625,2803.9999225616457,6349.251048384633,6355.6756441605285,2808.999920654297,6351.564257114039,6356.251051441146,2839.9999088287354,6360.489202860897,6364.375052724883,2843.9999073028566,6325.455246507932,6336.004482379191,2877.999894332886,6309.18349940398,6323.629616101721,2880.9998931884766,6312.775900907784,6331.136274719565,2877.999894332886,6322.9151893511025,6334.826448023963,2881.9998928070067,6340.372476082771,6349.376790353639,2937.9998714447024,6346.93980193783,6353.579003270471,2942.999869537354,6336.220862242872,6345.459459913806,2968.999859619141,6329.513998838524,6339.1742244093275,2975.9998569488525,0.14267525982155008,2754.5281133762937,-0.36275821006650205,2772.0157219955204,0.33245854918805395,2772.7109387547753,0.12194185801729068,2861.471723969498,-0.6093458913944662,2875.376469301522,-0.4293234135477722,2882.850690538025,-0.10026370613031382,2975.9832491579728,-0.5637765252235024,2975.5197363388793
8,0.6298067083116621,1778269143.844477,0.012597667053341866,6361.913298896598,6363.220629947735,2627.9999897003177,6369.987211541399,6382.563025338509,2630.999988555908,6355.035272182657,6360.931997126876,2764.999937438965,6343.849128893236,6352.176857596968,2771.9999347686767,6345.745190573708,6352.887972613625,2803.9999225616457,6349.251048384633,6355.6756441605285,2808.999920654297,6351.564257114039,6356.251051441146,2839.9999088287354,6360.489202860897,6364.375052724883,2843.9999073028566,6325.455246507932,6336.004482379191,2877.999894332886,6309.18349940398,6323.629616101721,2880.9998931884766,6312.775900907784,6331.136274719565,2877.999894332886,6322.9151893511025,6334.826448023963,2881.9998928070067,6340.372476082771,6349.376790353639,2937.9998714447024,6346.93980193783,6353.579003270471,2942.999869537354,6336.220862242872,6345.459459913806,2968.999859619141,6329.513998838524,6339.1742244093275,2975.9998569488525,0.4917811615454309,2754.8772192780175,-0.36275821006650205,2772.0157219955204,0.33245854918805395,2772.7109387547753,0.12194185801729068,2861.471723969498,-0.6093458913944662,2875.376469301522,-0.4293234135477722,2882.850690538025,-0.10026370613031382,2975.9832491579728,-0.5637765252235024,2975.5197363388793
9,0.6972681247862056,1778269143.913462,0.015646083978936076,6365.975150533361,6374.3129244735155,2627.9999897003177,6375.24316868906,6381.07066204114,2630.999988555908,6352.726356328513,6361.105484916099,2764.999937438965,6342.983936485619,6357.284896231317,2771.9999347686767,6351.263939236483,6356.2497707613775,2803.9999225616457,6357.948373934041,6363.8922288107115,2808.999920654297,6351.037310878137,6357.599428431703,2839.9999088287354,6354.92173640615,6361.5879955374885,2843.9999073028566,6320.866139927256,6334.194290430053,2877.999894332886,6302.179807133905,6322.035611455818,2880.9998931884766,6314.741172784791,6334.852594981201,2877.999894332886,6324.5093972552495,6339.110499128894,2881.9998928070067,6340.755397805422,6353.916654950026,2937.9998714447024,6344.2997478375155,6354.152309197054,2942.999869537354,6337.822341596112,6349.781130604884,2968.999859619141,6331.483181526422,6346.431439312896,2975.9998569488525,-0.5843531865712192,2753.8010849299008,-0.24088170869237296,2772.1375984968945,0.47720353996326087,2772.8556837455503,0.21856050058158058,2861.568342612062,-0.5467051152107674,2875.439110077705,-0.4089286653556749,2882.8710852862173,-0.1750117898203823,2975.9085010742824,-0.46774359151975536,2975.6157692725833
10,0.7690783538855612,1778269143.983062,0.011224791873246431,6367.7415013601485,6374.3129244735155,2627.9999897003177,6375.24316868906,6381.07066204114,2630.999988555908,6352.726356328513,6361.105484916099,2764.999937438965,6342.983936485619,6357.284896231317,2771.9999347686767,6351.263939236483,6356.2497707613775,2803.9999225616457,6357.948373934041,6363.8922288107115,2808.999920654297,6351.037310878137,6357.599428431703,2839.9999088287354,6354.92173640615,6361.5879955374885,2843.9999073028566,6320.866139927256,6334.194290430053,2877.999894332886,6302.179807133905,6322.035611455818,2880.9998931884766,6314.741172784791,6334.852594981201,2877.999894332886,6324.5093972552495,6339.110499128894,2881.9998928070067,6340.755397805422,6353.916654950026,2937.9998714447024,6344.2997478375155,6354.152309197054,2942.999869537354,6337.822341596112,6349.781130604884,2968.999859619141,6331.483181526422,6346.431439312896,2975.9998569488525,-0.4462756397270507,2753.939162476745,-0.24088170869237296,2772.1375984968945,0.47720353996326087,2772.8556837455503,0.21856050058158058,2861.568342612062,-0.5467051152107674,2875.439110077705,-0.4089286653556749,2882.8710852862173,-0.1750117898203823,2975.9085010742824,-0.46774359151975536,2975.6157692725833
11,0.841621604282409,1778269144.056664,0.013342624995857477,6367.061607115566,6377.246598098847,2627.9999897003177,6383.765200048903,6386.186410734481,2630.999988555908,6352.663644282789,6358.177818870924,2764.999937438965,6339.31995292967,6352.20437998594,2771.9999347686767,6347.360335605342,6355.053709080907,2803.9999225616457,6352.542656722804,6356.62250664792,2808.999920654297,6353.303881774001,6361.2201409053405,2839.9999088287354,6363.997689274689,6367.270762906135,2843.9999073028566,6321.676635999633,6335.288368432314,2877.999894332886,6301.099373414434,6325.371476602379,2880.9998931884766,6313.123946266467,6333.7494330164745,2877.999894332886,6319.781086285418,6337.011747715255,2881.9998928070067,6337.110445639881,6349.273382339456,2937.9998714447024,6343.516683986918,6354.056062597427,2942.999869537354,6336.324161750772,6348.157334107651,2968.999859619141,6329.944327108232,6344.498821713482,2975.9998569488525,-0.9945281267793132,2753.390909989693,-0.19002785242318315,2772.188452353164,0.08198080360471069,2772.460461009192,-0.28729207656519024,2861.0624900349153,-0.4487600123078373,2875.537055180608,-0.3630083839133036,2882.9170055676595,-0.041403808986302665,2976.0421090551167,-0.4777346099151029,2975.605778254188
12,0.9112903123022988,1778269144.125598,0.011869041016325355,6359.2519989607845,6368.06687654736,2627.9999897003177,6373.853877189229,6378.249682122443,2630.999988555908,6351.077626310482,6358.236164685026,2764.999937438965,6337.728879481615,6350.991518170981,2771.9999347686767,6341.723217287648,6349.1773191307275,2803.9999225616457,6351.093862517957,6355.565737995536,2808.999920654297,6350.444518140416,6356.7901014762965,2839.9999088287354,6360.55896628664,6366.7359109942845,2843.9999073028566,6319.7711541400495,6332.100093223706,2877.999894332886,6302.397618974845,6321.073032368493,2880.9998931884766,6311.31082923251,6328.63547696916,2877.999894332886,6316.665869425681,6332.2472598343375,2881.9998928070067,6337.786584955834,6349.923863740563,2937.9998714447024,6345.254801785005,6354.900502796711,2942.999869537354,6336.95101934774,6347.222046642417,2968.999859619141,6326.305073814836,6343.500155882262,2975.9998569488525,-0.733971042885182,2753.651467073587,-0.23418787831129156,2772.1442923272757,0.13609232379781855,2772.514572529385,0.1888858774418835,2861.5386679889225,-0.5510840651575988,2875.4347311277584,-0.3271890862398474,2882.9528248653332,-0.11058528403316549,2975.9729275800696,-0.3202960904115742,2975.7632167736915
13,0.9922332919668406,1778269144.206524,0.011840749997645617,6363.965380383288,6368.06687654736,2627.9999897003177,6373.853877189229,6378.249682122443,2630.999988555908,6351.077626310482,6358.236164685026,2764.999937438965,6337.728879481615,6350.991518170981,2771.9999347686767,6341.723217287648,6349.1773191307275,2803.9999225616457,6351.093862517957,6355.565737995536,2808.999920654297,6350.444518140416,6356.7901014762965,2839.9999088287354,6360.55896628664,6366.7359109942845,2843.9999073028566,6319.7711541400495,6332.100093223706,2877.999894332886,6302.397618974845,6321.073032368493,2880.9998931884766,6311.31082923251,6328.63547696916,2877.999894332886,6316.665869425681,6332.2472598343375,2881.9998928070067,6337.786584955834,6349.923863740563,2937.9998714447024,6345.254801785005,6354.900502796711,2942.999869537354,6336.95101934774,6347.222046642417,2968.999859619141,6326.305073814836,6343.500155882262,2975.9998569488525,-0.3651595496245358,2754.0202785668475,-0.23418787831129156,2772.1442923272757,0.13609232379781855,2772.514572529385,0.1888858774418835,2861.5386679889225,-0.5510840651575988,2875.4347311277584,-0.3271890862398474,2882.9528248653332,-0.11058528403316549,2975.9729275800696,-0.3202960904115742,2975.7632167736915
14,1.059691916918382,1778269144.275656,0.01518674986436963,6358.329533575817,6369.31125867286,2627.9999897003177,6373.3965171012005,6375.683808111991,2630.999988555908,6348.023455695817,6358.5910551089655,2764.999937438965,6341.693119784822,6353.687073998228,2771.9999347686767,6346.664214322829,6353.22777760797,2803.9999225616457,6352.548389216615,6358.535738301189,2808.999920654297,6349.504204236329,6358.216176605435,2839.9999088287354,6357.496839563529,6362.937735733717,2843.9999073028566,6319.88961396216,6331.916795549715,2877.999894332886,6305.933604853745,6324.664257114038,2880.9998931884766,6313.1016978940615,6334.913590793777,2877.999894332886,6320.87051685668,6337.9658419170455,2881.9998928070067,6336.974568267262,6348.5693034202395,2937.9998714447024,6345.0297567014095,6353.152410062048,2942.999869537354,6334.545211969312,6347.589412232172,2968.999859619141,6325.6280832594675,6343.298995934835,2975.9998569488525,-1.0680052632947439,2753.3174328531773,-0.39792363311973356,2771.9805565724673,0.34456746027868934,2772.7230476658656,-0.14131917284743994,2861.208462938633,-0.5428750966987785,2875.442940096217,-0.3916666104538908,2882.8883473411192,-0.18870509491714468,2975.8948077691857,-0.4062541505527462,2975.67725871355
15,1.1251696874387562,1778269144.3393269,0.011574041098356247,6361.288172815357,6369.31125867286,2627.9999897003177,6373.3965171012005,6375.683808111991,2630.999988555908,6348.023455695817,6358.5910551089655,2764.999937438965,6341.693119784822,6353.687073998228,2771.9999347686767,6346.664214322829,6353.22777760797,2803.9999225616457,6352.548389216615,6358.535738301189,2808.999920654297,6349.504204236329,6358.216176605435,2839.9999088287354,6357.496839563529,6362.937735733717,2843.9999073028566,6319.88961396216,6331.916795549715,2877.999894332886,6305.933604853745,6324.664257114038,2880.9998931884766,6313.1016978940615,6334.913590793777,2877.999894332886,6320.87051685668,6337.9658419170455,2881.9998928070067,6336.974568267262,6348.5693034202395,2937.9998714447024,6345.0297567014095,6353.152410062048,2942.999869537354,6334.545211969312,6347.589412232172,2968.999859619141,6325.6280832594675,6343.298995934835,2975.9998569488525,-0.8365436282990242,2753.548894488173,-0.39792363311973356,2771.9805565724673,0.34456746027868934,2772.7230476658656,-0.14131917284743994,2861.208462938633,-0.5428750966987785,2875.442940096217,-0.3916666104538908,2882.8883473411192,-0.18870509491714468,2975.8948077691857,-0.4062541505527462,2975.67725871355
16,1.1919670833740383,1778269144.40844,0.016204666811972857,6362.7953265886235,6371.755461992236,2627.9999897003177,6375.948086621634,6380.713143014335,2630.999988555908,6347.791600696885,6353.431037381178,2764.999937438965,6336.0700308708,6353.232385304275,2771.9999347686767,6348.153278112297,6356.76354647431,2803.9999225616457,6352.810732952288,6357.781320108812,2808.999920654297,6351.81509918391,6356.320198979123,2839.9999088287354,6356.945109576061,6361.178314026348,2843.9999073028566,6317.604697863497,6332.096666870435,2877.999894332886,6305.114246416236,6321.956913836843,2880.9998931884766,6313.78703579179,6335.2310587767815,2877.999894332886,6321.614223492374,6336.402798239446,2881.9998928070067,6338.9802228199405,6351.076334932908,2937.9998714447024,6343.446368860225,6353.913372252957,2942.999869537354,6335.139279273773,6349.6496316899475,2968.999859619141,6330.001097288871,6343.820921844913,2975.9998569488525,-0.7162280232834286,2753.6692100931887,-0.04495875807365374,2772.3335214475132,0.07981933278208689,2772.458299538369,0.17855546847392972,2861.5283375799545,-0.6459923973942334,2875.3398227955217,-0.4336193667529121,2882.8463945848202,-0.041549561001916355,2976.041963303101,-0.6052961661699656,2975.478216697933
17,1.2945334373507649,1778269144.5089421,0.012077291030436754,6365.168951921019,6371.755461992236,2627.9999897003177,6375.948086621634,6380.713143014335,2630.999988555908,6347.791600696885,6353.431037381178,2764.999937438965,6336.0700308708,6353.232385304275,2771.9999347686767,6348.153278112297,6356.76354647431,2803.9999225616457,6352.810732952288,6357.781320108812,2808.999920654297,6351.81509918391,6356.320198979123,2839.9999088287354,6356.945109576061,6361.178314026348,2843.9999073028566,6317.604697863497,6332.096666870435,2877.999894332886,6305.114246416236,6321.956913836843,2880.9998931884766,6313.78703579179,6335.2310587767815,2877.999894332886,6321.614223492374,6336.402798239446,2881.9998928070067,6338.9802228199405,6351.076334932908,2937.9998714447024,6343.446368860225,6353.913372252957,2942.999869537354,6335.139279273773,6349.6496316899475,2968.999859619141,6330.001097288871,6343.820921844913,2975.9998569488525,-0.530604699535439,2753.8548334169363,-0.04495875807365374,2772.3335214475132,0.07981933278208689,2772.458299538369,0.17855546847392972,2861.5283375799545,-0.6459923973942334,2875.3398227955217,-0.4336193667529121,2882.8463945848202,-0.041549561001916355,2976.041963303101,-0.6052961661699656,2975.478216697933
18,1.3621797914383933,1778269144.578211,0.015321917133405805,6359.663185805546,6367.486901305131,2627.9999897003177,6374.635602286273,6377.183079133172,2630.999988555908,6343.4775178042,6353.185590060213,2764.999937438965,6330.4769508206755,6348.219055842529,2771.9999347686767,6340.105698872146,6349.861452761562,2803.9999225616457,6346.1621725708355,6352.083617079806,2808.999920654297,6345.982935476969,6357.245482470887,2839.9999088287354,6357.305136473393,6362.042600177278,2843.9999073028566,6318.59151205795,6331.602671394076,2877.999894332886,6300.933925787816,6319.67169972797,2880.9998931884766,6307.0268300883345,6327.959359048813,2877.999894332886,6315.396191582358,6332.97870067549,2881.9998928070067,6338.862252040224,6349.116239263992,2937.9998714447024,6344.7065210746705,6350.7828835162145,2942.999869537354,6332.998224164809,6347.794508970872,2968.999859619141,6325.706941345478,6342.71397744292,2975.9998569488525,-0.8008339322593939,2753.5846041842124,-0.16654001391834003,2772.211940191669,0.06250313906304983,2772.4409833446502,-0.4883451742677347,2860.861436937213,-0.5657095444404028,2875.420105648476,-0.36221255659904966,2882.917801394974,-0.244615619047729,2975.8388972450553,-0.49664819104662944,2975.5868646730564
19,1.4307449794141576,1778269144.645143,0.012055875035002828,6364.3966149096805,6367.486901305131,2627.9999897003177,6374.635602286273,6377.183079133172,2630.999988555908,6343.4775178042,6353.185590060213,2764.999937438965,6330.4769508206755,6348.219055842529,2771.9999347686767,6340.105698872146,6349.861452761562,2803.9999225616457,6346.1621725708355,6352.083617079806,2808.999920654297,6345.982935476969,6357.245482470887,2839.9999088287354,6357.305136473393,6362.042600177278,2843.9999073028566,6318.59151205795,6331.602671394076,2877.999894332886,6300.933925787816,6319.67169972797,2880.9998931884766,6307.0268300883345,6327.959359048813,2877.999894332886,6315.396191582358,6332.97870067549,2881.9998928070067,6338.862252040224,6349.116239263992,2937.9998714447024,6344.7065210746705,6350.7828835162145,2942.999869537354,6332.998224164809,6347.794508970872,2968.999859619141,6325.706941345478,6342.71397744292,2975.9998569488525,-0.43042001735576496,2753.9550180991164,-0.16654001391834003,2772.211940191669,0.06250313906304983,2772.4409833446502,-0.4883451742677347,2860.861436937213,-0.5657095444404028,2875.420105648476,-0.36221255659904966,2882.917801394974,-0.244615619047729,2975.8388972450553,-0.49664819104662944,2975.5868646730564
20,1.4987524788593873,1778269144.714345,0.01444379216991365,6358.568284072501,6368.428980346607,2627.9999897003177,6368.231430143351,6373.57852339762,2630.999988555908,6342.7949231286475,6352.241058165479,2764.999937438965,6331.702903689214,6350.72595286854,2771.9999347686767,6340.005653024421,6351.687937463705,2803.9999225616457,6353.136996057096,6358.89906623468,2808.999920654297,6351.461675887154,6355.175237644038,2839.9999088287354,6355.522888712289,6363.957390653178,2843.9999073028566,6318.918236696518,6330.897923098084,2877.999894332886,6299.366466974356,6319.52682550356,2880.9998931884766,6307.0763563285145,6328.420738454015,2877.999894332886,6316.99844117737,6335.651491579301,2881.9998928070067,6338.769120029343,6351.561463459363,2937.9998714447024,6345.6896720359455,6355.784054161444,2942.999869537354,6336.254221047163,6347.561804260782,2968.999859619141,6326.842262432375,6342.280030259498,2975.9998569488525,-0.741136644738108,2753.644301471734,-0.11283708227557142,2772.2656431233113,-0.1184649656733035,2772.2600152399136,0.7102857908569231,2862.060067902338,-0.507453784210608,2875.4783614087055,-0.3480568643092629,2882.9319570872635,-0.1269212973762221,2975.9565915667267,-0.4248096834504708,2975.6587031806525
21,1.5682188123464584,1778269144.78257,0.011962959077209234,6362.721027294679,6368.428980346607,2627.9999897003177,6368.231430143351,6373.57852339762,2630.999988555908,6342.7949231286475,6352.241058165479,2764.999937438965,6331.702903689214,6350.72595286854,2771.9999347686767,6340.005653024421,6351.687937463705,2803.9999225616457,6353.136996057096,6358.89906623468,2808.999920654297,6351.461675887154,6355.175237644038,2839.9999088287354,6355.522888712289,6363.957390653178,2843.9999073028566,6318.918236696518,6330.897923098084,2877.999894332886,6299.366466974356,6319.52682550356,2880.9998931884766,6307.0763563285145,6328.420738454015,2877.999894332886,6316.99844117737,6335.651491579301,2881.9998928070067,6338.769120029343,6351.561463459363,2937.9998714447024,6345.6896720359455,6355.784054161444,2942.999869537354,6336.254221047163,6347.561804260782,2968.999859619141,6326.842262432375,6342.280030259498,2975.9998569488525,-0.41621230545142546,2753.9692258110204,-0.11283708227557142,2772.2656431233113,-0.1184649656733035,2772.2600152399136,0.7102857908569231,2862.060067902338,-0.507453784210608,2875.4783614087055,-0.3480568643092629,2882.9319570872635,-0.1269212973762221,2975.9565915667267,-0.4248096834504708,2975.6587031806525
22,1.6366875419626012,1778269144.851713,0.013310000067576766,6357.60061894428,6366.851598557325,2627.9999897003177,6372.059380444417,6379.929943148822,2630.999988555908,6351.240472842864,6360.23454778861,2764.999937438965,6341.168184735765,6352.160227099062,2771.9999347686767,6348.645465660054,6352.801198153866,2803.9999225616457,6350.823764403826,6362.991638903322,2808.999920654297,6353.053157379955,6358.603426353272,2839.9999088287354,6359.987899257268,6365.054844576213,2843.9999073028566,6321.568794510499,6331.605186905889,2877.999894332886,6302.1297979643605,6323.707592383165,2880.9998931884766,6310.932625240701,6333.32089892105,2877.999894332886,6319.156404927102,6337.209403368279,2881.9998928070067,6341.269034446923,6352.444308769141,2937.9998714447024,6348.954266894887,6357.248013265274,2942.999869537354,6333.642485557967,6347.634453036648,2968.999859619141,6327.858743161049,6345.283403123758,2975.9998569488525,-0.4969372444685568,2753.8885008720035,-0.377795298953732,2772.0006849066335,1.0870860757795962,2773.4655662813666,0.15582025919453119,2861.505602370675,-0.42797696985771944,2875.5578382230583,-0.3834769117702579,2882.8965370398028,-0.14149003015486036,2975.942022833948,-0.45116509233054747,2975.6323477717724
23,1.7055475623346865,1778269144.9209359,0.014038790948688984,6338.025306415626,6327.067807256166,2627.9999897003177,6342.058529205001,6346.809265825106,2630.999988555908,6353.408069199499,6351.15920927958,2764.999937438965,6356.352501757496,6341.973371641655,2771.9999347686767,6354.304025430205,6335.745994437143,2803.9999225616457,6346.068458293854,6364.001739157014,2808.999920654297,6373.241200293425,6379.622836751536,2839.9999088287354,6380.08969343155,6353.3165571415475,2843.9999073028566,6359.616729834643,6345.14918085399,2877.999894332886,6360.22049851759,6351.415679921754,2880.9998931884766,6361.0160146101425,6356.432973683406,2877.999894332886,6361.798794204848,6352.974968670722,2881.9998928070067,6360.379568725739,6365.414322829111,2937.9998714447024,6364.89943607299,6326.243462114498,2942.999869537354,6336.286603294922,6310.634517223462,2968.999859619141,6323.8098175260575,6318.290116758872,2975.9998569488525,0.8482956651143975,2755.2337337815866,-0.8733672507829223,2771.505112954804,3.5567461489704257,2775.9352263545575,-3.327255360952508,2858.022526750528,-0.5681452283295635,2875.4176699645864,-0.3809543570187989,2882.8990595945543,-3.406200411907837,2972.677312452195,0.17849862249272336,2976.2620114865954
24,1.7738244163338095,1778269144.987993,0.011600417084991932,6343.051540483541,6327.067807256166,2627.9999897003177,6342.058529205001,6346.809265825106,2630.999988555908,6353.408069199499,6351.15920927958,2764.999937438965,6356.352501757496,6341.973371641655,2771.9999347686767,6354.304025430205,6335.745994437143,2803.9999225616457,6346.068458293854,6364.001739157014,2808.999920654297,6373.241200293425,6379.622836751536,2839.9999088287354,6380.08969343155,6353.3165571415475,2843.9999073028566,6359.616729834643,6345.14918085399,2877.999894332886,6360.22049851759,6351.415679921754,2880.9998931884766,6361.0160146101425,6356.432973683406,2877.999894332886,6361.798794204848,6352.974968670722,2881.9998928070067,6360.379568725739,6365.414322829111,2937.9998714447024,6364.89943607299,6326.243462114498,2942.999869537354,6336.286603294922,6310.634517223462,2968.999859619141,6323.8098175260575,6318.290116758872,2975.9998569488525,1.2441356825559144,2755.629573799028,-0.8733672507829223,2771.505112954804,3.5567461489704257,2775.9352263545575,-3.327255360952508,2858.022526750528,-0.5681452283295635,2875.4176699645864,-0.3809543570187989,2882.8990595945543,-3.406200411907837,2972.677312452195,0.17849862249272336,2976.2620114865954
25,1.8788064998807386,1778269145.0933561,0.01235941587947309,6366.430048598588,6374.831784699086,2627.9999897003177,6379.541122352294,6383.051872115413,2630.999988555908,6352.078767918819,6359.711677415411,2764.999937438965,6340.5579347128405,6353.529292111134,2771.9999347686767,6343.719933062322,6351.859282635938,2803.9999225616457,6351.577349695877,6358.2751276095005,2808.999920654297,6351.292153926094,6355.090231378183,2839.9999088287354,6358.7045404529745,6365.196028058808,2843.9999073028566,6322.479600819146,6331.9741067335035,2877.999894332886,6301.086406149708,6320.028790842681,2880.9998931884766,6307.973272304918,6329.3737521777675,2877.999894332886,6317.666798606229,6335.347978115353,2881.9998928070067,6337.076802579699,6351.854862915305,2937.9998714447024,6344.089374025736,6353.857477763854,2942.999869537354,6334.1425038970565,6347.08608368738,2968.999859619141,6329.227886114253,6346.291889537549,2975.9998569488525,-0.770295362704364,2753.6151427537675,-0.2610850957442399,2772.1173951098426,0.26945054344091923,2772.647930749028,0.49413627028447643,2861.843918381765,-0.47744049296261637,2875.5083746999535,-0.37027716830927404,2882.9097367832637,-0.3109489631617553,2975.7725639009413,-0.42556496406114447,2975.6579479000416
26,1.9471209374023601,1778269145.162505,0.014030040940269828,6361.6706620411405,6374.530574319162,2627.9999897003177,6379.77358712596,6379.61158113519,2630.999988555908,6354.654493076994,6356.145117217349,2764.999937438965,6339.317076749091,6350.440602744749,2771.9999347686767,6346.104352477307,6349.653106947459,2803.9999225616457,6350.678816823058,6359.642963902558,2808.999920654297,6353.936901305132,6356.681754133938,2839.9999088287354,6361.417689580341,6366.457274505608,2843.9999073028566,6325.733919674786,6336.247152856313,2877.999894332886,6307.002837974142,6323.761926521381,2880.9998931884766,6311.745163065072,6335.004898065226,2877.999894332886,6323.40825717517,6342.240692911942,2881.9998928070067,6344.463635113244,6354.344087171807,2937.9998714447024,6350.312777760797,6363.180950270502,2942.999869537354,6341.90773451111,6351.000861937218,2968.999859619141,6333.380002750864,6346.245372436347,2975.9998569488525,-1.405531953631947,2752.97990616284,-0.11089439427318022,2772.267585811314,0.8629000688261211,2773.241380274413,0.4518178769594606,2861.80159998844,-0.5535560629689453,2875.432259129947,-0.38567487953716295,2882.894339072036,0.32540423811780494,2976.4089171022206,-0.43840822607311164,2975.64510463803
27,2.0157317499397323,1778269145.230027,0.011852916097268462,6365.975077177003,6374.530574319162,2627.9999897003177,6379.77358712596,6379.61158113519,2630.999988555908,6354.654493076994,6356.145117217349,2764.999937438965,6339.317076749091,6350.440602744749,2771.9999347686767,6346.104352477307,6349.653106947459,2803.9999225616457,6350.678816823058,6359.642963902558,2808.999920654297,6353.936901305132,6356.681754133938,2839.9999088287354,6361.417689580341,6366.457274505608,2843.9999073028566,6325.733919674786,6336.247152856313,2877.999894332886,6307.002837974142,6323.761926521381,2880.9998931884766,6311.745163065072,6335.004898065226,2877.999894332886,6323.40825717517,6342.240692911942,2881.9998928070067,6344.463635113244,6354.344087171807,2937.9998714447024,6350.312777760797,6363.180950270502,2942.999869537354,6341.90773451111,6351.000861937218,2968.999859619141,6333.380002750864,6346.245372436347,2975.9998569488525,-1.0690626744300913,2753.316375442042,-0.11089439427318022,2772.267585811314,0.8629000688261211,2773.241380274413,0.4518178769594606,2861.80159998844,-0.5535560629689453,2875.432259129947,-0.38567487953716295,2882.894339072036,0.32540423811780494,2976.4089171022206,-0.43840822607311164,2975.64510463803
28,2.0877742709126323,1778269145.301954,0.011622792109847069,6361.824769997249,6369.785457101812,2627.9999897003177,6375.745722407311,6378.836146345936,2630.999988555908,6347.283216676346,6355.914165418589,2764.999937438965,6337.678784729651,6352.615122107773,2771.9999347686767,6344.775564691139,6352.0688204908765,2803.9999225616457,6351.9190695968455,6359.137581379711,2808.999920654297,6351.977199926643,6360.07914387016,2839.9999088287354,6358.718562215363,6363.757622948314,2843.9999073028566,6318.59020234129,6335.158993795274,2877.999894332886,6299.095623070575,6321.955034080142,2880.9998931884766,6312.869251459486,6332.367318213772,2877.999894332886,6318.6786960907175,6339.4765274933525,2881.9998928070067,6341.998141638904,6352.559545496226,2937.9998714447024,6346.9491105541465,6355.316011553627,2942.999869537354,6337.91853317847,6347.726811749244,2968.999859619141,6325.762789986858,6341.524118959564,2975.9998569488525,-0.7689667510092231,2753.6164713654625,-0.2273281999630635,2772.1511520056238,0.3877299851483432,2772.7662101907354,-0.11890423446994727,2861.2308778770107,-0.5521217873484882,2875.4336934055677,-0.2614111296060568,2883.018602821967,-0.08650765886073195,2975.997005205242,-0.35647102100281736,2975.7270418431
29,2.1742366668768227,1778269145.3886888,0.012167749926447868,6371.757520555064,6381.655821132745,2627.9999897003177,6384.9764571935075,6392.015333007305,2630.999988555908,6358.012829721551,6364.7657165999335,2764.999937438965,6347.622514289206,6358.005721796008,2771.9999347686767,6350.735166732891,6360.744765718127,2803.9999225616457,6358.0419094048975,6363.385623681877,2808.999920654297,6359.716528104655,6359.137731148943,2839.9999088287354,6362.35774673717,6370.9337607360085,2843.9999073028566,6324.6876593208435,6338.541446342881,2877.999894332886,6309.107118623346,6326.143864046213,2880.9998931884766,6314.596974050188,6335.045129443408,2877.999894332886,6325.0104166029905,6341.599926643641,2881.9998928070067,6342.893807500688,6353.0250664792,2937.9998714447024,6346.47208179234,6356.314108873063,2942.999869537354,6337.770966164379,6354.17566708439,2968.999859619141,6337.431766359997,6348.272338539597,2975.9998569488525,-0.6117972784547223,2753.7736408380174,-0.32094143373519163,2772.057538771852,-0.008867690407338027,2772.3696125151796,1.1822284578771982,2862.5320105693577,-0.6261782864172283,2875.359636906499,-0.37323892942202863,2882.906775022151,0.06526074164404704,2976.148773605747,-0.7876550870851475,2975.2958577770178
30,2.2435768543509766,1778269145.457879,0.011868375120684505,6359.121805177736,6370.578572301862,2627.9999897003177,6374.9368676834665,6380.67985909466,2630.999988555908,6349.942480973195,6359.338649631689,2764.999937438965,6341.7511553626555,6357.490052572057,2771.9999347686767,6348.328708316777,6355.906736558975,2803.9999225616457,6352.116891829936,6358.002665281047,2808.999920654297,6352.7122291163605,6357.846399425376,2839.9999088287354,6358.47188770364,6365.028523397621,2843.9999073028566,6320.434052633188,6335.345453433995,2877.999894332886,6302.114677384847,6320.822502063148,2880.9998931884766,6309.16460861326,6334.4821927438325,2877.999894332886,6321.459004493077,6339.997016841397,2881.9998928070067,6342.816861264785,6349.599639331235,2937.9998714447024,6343.394956750314,6351.361946388728,2942.999869537354,6333.807716172021,6348.679712381943,2968.999859619141,6331.675696121281,6345.377265641715,2975.9998569488525,-0.8352643707220605,2753.55017374575,-0.226253121049019,2772.152227084538,0.2482482071892338,2772.626728412776,0.3587956874634224,2861.708577798944,-0.6113689239667597,2875.374446268949,-0.4366211052470745,2882.843392846326,0.18299187770924102,2976.2665047418122,-0.6234728128952883,2975.4600400512077
31,2.3126781668979675,1778269145.526767,0.01144124986603856,6366.340946602683,6370.578572301862,2627.9999897003177,6374.9368676834665,6380.67985909466,2630.999988555908,6349.942480973195,6359.338649631689,2764.999937438965,6341.7511553626555,6357.490052572057,2771.9999347686767,6348.328708316777,6355.906736558975,2803.9999225616457,6352.116891829936,6358.002665281047,2808.999920654297,6352.7122291163605,6357.846399425376,2839.9999088287354,6358.47188770364,6365.028523397621,2843.9999073028566,6320.434052633188,6335.345453433995,2877.999894332886,6302.114677384847,6320.822502063148,2880.9998931884766,6309.16460861326,6334.4821927438325,2877.999894332886,6321.459004493077,6339.997016841397,2881.9998928070067,6342.816861264785,6349.599639331235,2937.9998714447024,6343.394956750314,6351.361946388728,2942.999869537354,6333.807716172021,6348.679712381943,2968.999859619141,6331.675696121281,6345.377265641715,2975.9998569488525,-0.27060550713482473,2754.114832609337,-0.226253121049019,2772.152227084538,0.2482482071892338,2772.626728412776,0.3587956874634224,2861.708577798944,-0.6113689239667597,2875.374446268949,-0.4366211052470745,2882.843392846326,0.18299187770924102,2976.2665047418122,-0.6234728128952883,2975.4600400512077
32,2.381922895438038,1778269145.596214,0.011844374937936664,6361.296092245621,6372.575644160529,2627.9999897003177,6377.239551303604,6378.54444936883,2630.999988555908,6347.497466149096,6358.279117889783,2764.999937438965,6338.855293883914,6355.335218693646,2771.9999347686767,6349.1465446098355,6359.867599413149,2803.9999225616457,6353.706910780328,6361.11894580799,2808.999920654297,6354.671808234251,6361.038181984901,2839.9999088287354,6363.061669774123,6368.321100651038,2843.9999073028566,6323.832070483236,6335.0785218693645,2877.999894332886,6300.94922975823,6322.356218479689,2880.9998931884766,6308.603169606015,6334.657564874529,2877.999894332886,6319.478384326192,6339.573391509,2881.9998928070067,6336.787688357734,6348.341492190604,2937.9998714447024,6344.689723996698,6354.156336155515,2942.999869537354,6332.025521899929,6349.101812513372,2968.999859619141,6330.4980560564845,6345.131592138644,2975.9998569488525,-1.1676769008104924,2753.2177612156615,-0.2486384178126311,2772.1298417877742,0.10852024348426983,2772.4870004490713,0.08928053026295747,2861.4390626417435,-0.46048256995903597,2875.525332622957,-0.4188041512834074,2882.8612098002895,-0.0784654070703118,2976.0050474570326,-0.6710188768543871,2975.4124939872486
33,2.452243729494512,1778269145.6665652,0.011905624996870756,6340.587671546902,6349.387662377357,2627.9999897003177,6351.267535226334,6362.460274475044,2630.999988555908,6340.478884066388,6354.716060457867,2764.999937438965,6337.855053947488,6349.798456459944,2771.9999347686767,6367.464941773391,6375.519693125897,2803.9999225616457,6380.500334688388,6386.794270562705,2808.999920654297,6353.276701714706,6359.832363908672,2839.9999088287354,6340.85315432344,6358.182623712443,2843.9999073028566,6351.395273099612,6356.331871809763,2877.999894332886,6356.275841305744,6361.262432374606,2880.9998931884766,6353.931584497356,6359.473226457194,2877.999894332886,6359.36135648134,6365.497747348473,2881.9998928070067,6319.874013509796,6336.59992664364,2937.9998714447024,6305.609276522908,6323.595049974019,2942.999869537354,6314.710511354953,6334.334911513892,2968.999859619141,6320.45495613901,6338.856368248922,2975.9998569488525,-0.20166620185503117,2754.183771914617,-0.5280160388400056,2771.850464166747,0.241991595482658,2772.6204718010695,1.356881047682024,2862.706663159163,-0.7012997849078884,2875.2845154080082,-0.2763923798054381,2883.0036215717673,0.19236374414489563,2976.275876608248,-0.6263034455918065,2975.457209418511
34,2.5658272709697485,1778269145.7801049,0.011820957995951176,6357.476441910932,6333.220639117279,2627.9999897003177,6345.530155576612,6368.35233517743,2630.999988555908,6377.5888941528865,6384.619369135313,2764.999937438965,6388.034355228169,6351.826752147203,2771.9999347686767,6358.677212152703,6338.135081150473,2803.9999225616457,6355.040616499068,6348.9463841428005,2808.999920654297,6356.531593666901,6354.0507916373745,2839.9999088287354,6362.936633860072,6357.231041965951,2843.9999073028566,6361.137349084574,6365.032964513862,2877.999894332886,6370.318525537183,6324.6775040498815,2880.9998931884766,6334.3970504630615,6305.939089769844,2877.999894332886,6326.378535623682,6316.644070360974,2881.9998928070067,6336.610078858086,6322.756762539352,2937.9998714447024,6337.658617843934,6341.938116269829,2942.999869537354,6354.202211388574,6350.529587064828,2968.999859619141,6358.514969282025,6340.517397683162,2975.9998569488525,3.30646959694324,2757.6919077134153,-1.959914594566192,2770.4185656110208,1.6499251608021654,2774.028405366389,-0.13587410903761696,2861.213908002443,-1.8781484481246389,2874.1076667447915,0.11945614146171595,2883.399470093035,1.5400006347742319,2977.623513498877,-1.117069465164714,2974.9664433989383
35,2.6363545623607934,1778269145.850809,0.012173125054687262,6362.311437478986,6366.810842986828,2627.9999897003177,6376.544917015618,6383.223374698169,2630.999988555908,6350.006479811718,6357.345344927713,2764.999937438965,6341.185073509185,6354.690518690589,2771.9999347686767,6345.674925879513,6352.7501115627965,2803.9999225616457,6351.27163859767,6357.8450759543975,2808.999920654297,6351.726749090687,6357.133803527218,2839.9999088287354,6355.437893144237,6362.777410826175,2843.9999073028566,6321.742522236146,6332.427325243758,2877.999894332886,6302.84645138613,6323.329911055415,2880.9998931884766,6310.952932726106,6331.667151633706,2877.999894332886,6317.720565760919,6336.49398172204,2881.9998928070067,6338.868392578782,6348.715586698046,2937.9998714447024,6344.006290307791,6350.0454243971035,2942.999869537354,6336.213792523764,6347.471988568634,2968.999859619141,6332.862843475868,6344.602810465507,2975.9998569488525,-0.21844375664268928,2754.1669943598295,-0.23230507440289597,2772.146175131184,0.35098933935955245,2772.7294695449464,0.4132968187837858,2861.7630789302643,-0.4692870747506973,2875.5165281181653,-0.33157791696708977,2882.948436034606,-0.21513173796468818,2975.868381126138,-0.5616896732725146,2975.52182319083
36,2.7119219163432717,1778269145.926153,0.011726417113095522,6358.5661689641465,6333.249067762937,2627.9999897003177,6347.498308218968,6369.972795488584,2630.999988555908,6377.586944096341,6382.59920530611,2764.999937438965,6390.428847388209,6355.149017330439,2771.9999347686767,6363.119187272672,6345.46478436287,2803.9999225616457,6358.1883500932245,6352.201653574594,2808.999920654297,6361.332310419659,6357.162744139132,2839.9999088287354,6366.081280374117,6362.03145459547,2843.9999073028566,6361.551077421524,6365.564367148577,2877.999894332886,6368.432295137085,6322.512294831434,2880.9998931884766,6334.750485985878,6302.895094293487,2877.999894332886,6325.168655439068,6310.200878748052,2881.9998928070067,6333.242491670996,6322.447571598864,2937.9998714447024,6341.740352110523,6342.066337072471,2942.999869537354,6351.507963749733,6351.68855182321,2968.999859619141,6358.682886572731,6342.899443714277,2975.9998569488525,3.362309520436485,2757.7477476369086,-1.8565955128913982,2770.5218846926955,1.4070750408674628,2773.7855552464544,0.221001052874007,2861.5707831643545,-1.8879155765592144,2874.0978996163567,0.07962528628804934,2883.359639237861,0.9793936924996914,2977.0629065566027,-1.178054313699277,2974.9054585504036
37,2.783059041481465,1778269145.997149,0.011445167008787394,6370.504514472598,6381.407596967937,2627.9999897003177,6385.268091512058,6390.889618546933,2630.999988555908,6357.90176513739,6365.237692942506,2764.999937438965,6348.616829171378,6362.642412201608,2771.9999347686767,6355.369899440658,6362.94963016169,2803.9999225616457,6359.886510071218,6366.402052449796,2808.999920654297,6358.761928049638,6363.9388009291815,2839.9999088287354,6366.087550814562,6369.946475838249,2843.9999073028566,6325.4276370082825,6341.185829996639,2877.999894332886,6306.852501757496,6325.971928966593,2880.9998931884766,6314.228407250054,6341.275792401504,2877.999894332886,6328.0946602683625,6344.210966775683,2881.9998928070067,6344.507748265428,6355.930722560137,2937.9998714447024,6351.569700767185,6359.496025002293,2942.999869537354,6343.670943240517,6354.887566097135,2968.999859619141,6341.131349145704,6350.9670110340185,2975.9998569488525,-0.8006965490831304,2753.584741567389,-0.21430401224643744,2772.1641761933406,0.3025784274251118,2772.681058633012,0.06710876886011687,2861.416890880341,-0.62168927552829,2875.364125917388,-0.5262844641579476,2882.753729487415,-0.19022844893287566,2975.89328441517,-0.6313432654265679,2975.4521695986764
38,2.853960874839686,1778269146.0688498,0.01304366602562368,6367.406750313293,6380.275317113426,2627.9999897003177,6387.266942262432,6388.076752147203,2630.999988555908,6354.049815080844,6360.70961579607,2764.999937438965,6343.268777699666,6355.99187731149,2771.9999347686767,6350.806559281108,6359.286186080631,2803.9999225616457,6355.1407112510315,6360.776065959593,2808.999920654297,6356.184983341993,6360.534968059418,2839.9999088287354,6363.4672341596115,6369.920287618058,2843.9999073028566,6324.586442827887,6337.318426200447,2877.999894332886,6304.041317969252,6323.513890332244,2880.9998931884766,6313.8534676162235,6336.528298743773,2877.999894332886,6318.715258122688,6335.9566937677655,2881.9998928070067,6341.374219824555,6353.5630742427475,2937.9998714447024,6349.73522786319,6359.127406241403,2942.999869537354,6341.094244582327,6353.21650670905,2968.999859619141,6335.848590946603,6347.40883179998,2975.9998569488525,-1.3294817661301346,2753.0559563503416,-0.23589553873581035,2772.1425846668512,0.1487134751281035,2772.5271936807153,0.43105219317538307,2861.780834304656,-0.541632943682282,2875.444182249234,-0.4069813729150794,2882.873032578658,-0.13484191251166638,2975.9486709515913,-0.6005541995370791,2975.482958664566
39,2.92575056233909,1778269146.140037,0.011839208891615272,6363.649274077698,6373.690437692942,2627.9999897003177,6379.331968089984,6384.942025552465,2630.999988555908,6353.559085490723,6360.461873032369,2764.999937438965,6344.3030977779135,6354.2127349695875,2771.9999347686767,6347.251618424672,6356.5874071583585,2803.9999225616457,6353.594985787206,6362.210289757618,2808.999920654297,6353.391868141944,6363.373631445425,2839.9999088287354,6367.001548124828,6368.23900724394,2843.9999073028566,6322.901994376013,6337.173290644007,2877.999894332886,6306.241455512425,6325.550949047896,2880.9998931884766,6315.2601231775525,6334.709224562153,2877.999894332886,6323.038217134823,6338.884526393006,2881.9998928070067,6342.783739340404,6353.28468227527,2937.9998714447024,6347.633320597854,6353.2519363022275,2942.999869537354,6337.635105602592,6349.841044411163,2968.999859619141,6335.87786930342,6347.326388421921,2975.9998569488525,-0.734830469308458,2753.6506076471637,-0.34268868392264273,2772.0357915216646,0.3318808281429535,2772.71036103373,-0.7238348192144942,2860.625947292266,-0.582142836306427,2875.4036723566096,-0.3675448325121486,2882.912469119061,-0.3004381801872166,2975.783074683916,-0.6081044318376391,2975.4754084322653
40,2.996706291451119,1778269146.210996,0.011846916982904077,6348.236768346731,6369.170174527005,2627.9999897003177,6375.668748662774,6382.461581135189,2630.999988555908,6388.04759146621,6355.547563957576,2764.999937438965,6363.568281015986,6343.032521319192,2771.9999347686767,6356.061474157165,6350.826441910933,2803.9999225616457,6356.454405966317,6353.667798086621,2808.999920654297,6363.4427361921935,6357.283184582939,2839.9999088287354,6365.049917474096,6364.593025032858,2843.9999073028566,6367.52644343919,6324.907094171226,2877.999894332886,6337.306948986765,6305.830473454168,2880.9998931884766,6327.973365528625,6315.520552006603,2877.999894332886,6331.595089708714,6317.266966714552,2881.9998928070067,6337.646274108261,6342.33308066143,2937.9998714447024,6351.890245132499,6351.35447626616,2942.999869537354,6359.721339059204,6338.686636916586,2968.999859619141,6353.725778647186,6337.698675000764,2975.9998569488525,-1.4950225331841889,2752.890415583288,-0.031093299073897185,2772.3473869065133,0.607113370873562,2772.985593576461,0.8161108601088545,2862.1658929715895,-0.44005097290356626,2875.5457642200126,-0.3298631436090879,2882.950150807964,-0.328219167712625,2975.7552936963903,-0.3922715599897151,2975.691241304113
41,3.069164312328212,1778269146.284805,0.01454587490297854,6350.071932023107,6371.150878748052,2627.9999897003177,6378.731219243817,6382.448441177369,2630.999988555908,6388.893475868815,6352.797651068251,2764.999937438965,6361.336829477031,6343.665403307149,2771.9999347686767,6353.489798881315,6346.762874041018,2803.9999225616457,6355.136369471529,6354.966384448451,2808.999920654297,6364.880421493413,6358.538003178776,2839.9999088287354,6362.825200965858,6363.592395390775,2843.9999073028566,6370.789097411131,6326.930091389797,2877.999894332886,6340.525939114223,6311.002031054192,2880.9998931884766,6328.963118562216,6314.766048231807,2877.999894332886,6337.681107681023,6324.579021609561,2881.9998928070067,6344.076143900724,6345.221187761714,2937.9998714447024,6355.8235871259585,6348.079298224165,2942.999869537354,6358.896125867287,6341.398720848489,2968.999859619141,6355.185739829446,6334.271849497204,2975.9998569488525,-1.7460123356517088,2752.63942578082,0.1956456033085204,2772.5741258088956,0.9633082193969976,2773.341788424984,0.9658834157771996,2862.315665527258,-0.36386455923557115,2875.6219506336806,-0.26484199781480117,2883.015171953758,-0.6204545034178128,2975.463058360685,-0.7088467339211038,2975.3746661301816
42,3.173087937408127,1778269146.387805,0.012699290877208114,6367.927151022404,6375.211180731731,2627.9999897003177,6382.419396643947,6386.863378365988,2630.999988555908,6352.425737384235,6361.090225265152,2764.999937438965,6347.7800669376775,6360.023687990953,2771.9999347686767,6351.82362838891,6357.556342268545,2803.9999225616457,6357.920475593728,6364.688845248647,2808.999920654297,6357.426360913286,6360.555628572301,2839.9999088287354,6365.876654338723,6366.5461350368305,2843.9999073028566,6320.8143014335055,6333.5698994406575,2877.999894332886,6301.025810740593,6322.542999052481,2880.9998931884766,6314.594703059571,6333.892366353883,2877.999894332886,6321.674876975272,6337.029441880368,2881.9998928070067,6342.356698352538,6352.157266864322,2937.9998714447024,6347.297843628695,6357.227074609529,2942.999869537354,6337.832768896903,6347.627653819115,2968.999859619141,6330.66192652138,6342.977789834031,2975.9998569488525,-0.6102514378969612,2753.775186678575,-0.32297061305693375,2772.05550959253,0.4838661218852435,2772.862346327472,-0.054352941178244074,2861.295429170302,-0.4937306628864058,2875.49208453003,-0.3748801972421809,2882.905133754331,0.09834785111510076,2976.181860715218,-0.4852031377936109,2975.5983097263093
43,3.246333770919591,1778269146.4607701,0.012138791847974062,6367.966288168231,6374.850562398753,2627.9999897003177,6380.702951065196,6383.886473393037,2630.999988555908,6347.513541889538,6352.472039001132,2764.999937438965,6335.57388972094,6352.397192591008,2771.9999347686767,6345.601101873644,6356.677769966684,2803.9999225616457,6354.395801876701,6360.356495094294,2808.999920654297,6350.535640492711,6358.535165204635,2839.9999088287354,6357.69046367332,6364.567834764801,2843.9999073028566,6319.173038481522,6332.207389124919,2877.999894332886,6300.447608277042,6322.521175535654,2880.9998931884766,6312.831002231256,6330.683268637099,2877.999894332886,6316.867189840144,6336.854751352508,2881.9998928070067,6338.414545954702,6348.942289941009,2937.9998714447024,6343.48001039215,6353.985030717976,2942.999869537354,6334.65319100162,6346.890512577558,2968.999859619141,6328.713106336155,6345.393825839778,2975.9998569488525,-0.6772589940262448,2753.708179122446,-0.032946947891098984,2772.345533257696,-0.048187820613201926,2772.3302923849737,0.08755828730488165,2861.4373403987856,-0.48718882135221475,2875.498626371564,-0.2431744417832777,2883.03683950979,0.08624433404795849,2976.169757198151,-0.41339931300778476,2975.6701135510953
44,3.329291416448541,1778269146.544278,0.013240583008155227,6370.14112540881,6377.90253537916,2627.9999897003177,6382.4279625271265,6386.0929149983185,2630.999988555908,6352.381346089189,6360.90580585017,2764.999937438965,6340.4938197267475,6353.560289757619,2771.9999347686767,6346.4591023015555,6353.460664180702,2803.9999225616457,6354.058949475808,6358.869737445364,2808.999920654297,6350.85882721521,6359.451399883854,2839.9999088287354,6365.285712320811,6368.466344713757,2843.9999073028566,6322.632839196747,6338.150108506281,2877.999894332886,6303.326726166825,6327.245898156922,2880.9998931884766,6313.344580798973,6332.609496591986,2877.999894332886,6319.205804321912,6336.815559189413,2881.9998928070067,6342.499347434055,6350.2696518629455,2937.9998714447024,6346.373359415594,6354.162313170523,2942.999869537354,6338.060702387138,6350.091509001437,2968.999859619141,6331.5613243879325,6349.043792218114,2975.9998569488525,-0.7080509146063573,2753.6773872018657,-0.28886408922596113,2772.089616116361,0.20483666653332816,2772.5833168721206,-0.3695333185446359,2860.980248792936,-0.5023172412378091,2875.483497951678,-0.32531337196080246,2882.954700579612,0.08982852647760536,2976.1733413905804,-0.3757879020836639,2975.7077249620193
45,3.4030553959310055,1778269146.617712,0.012575707864016294,6361.2690161078335,6372.991521227497,2627.9999897003177,6375.89103371336,6379.092091267537,2630.999988555908,6347.54738515145,6358.506956628053,2764.999937438965,6341.7802044808495,6352.009429348656,2771.9999347686767,6343.628659412538,6353.006220007947,2803.9999225616457,6349.18301953113,6359.078735825412,2808.999920654297,6350.043095332701,6352.647097839044,2839.9999088287354,6357.598899654613,6361.4884295626125,2843.9999073028566,6318.607746737171,6330.949104441116,2877.999894332886,6300.787804505303,6320.929998166091,2880.9998931884766,6309.678624262616,6333.3190757098755,2877.999894332886,6317.7429562612715,6334.242418314638,2881.9998928070067,6336.763185805545,6346.642795794235,2937.9998714447024,6342.134705199132,6351.666635082678,2942.999869537354,6333.007890393374,6346.385747470735,2968.999859619141,6327.588622123056,6341.546142678118,2975.9998569488525,-1.0541476255836721,2753.3312904908885,-0.4732729729191023,2771.905207232668,0.4389527665728672,2772.81743297216,0.3445175706608963,2861.6942996821417,-0.5165695571729109,2875.4692456357434,-0.4441961361887575,2882.8358178153844,0.06037824719772543,2976.1438911113005,-0.5578206778761884,2975.5256921862265
46,3.481460978859104,1778269146.6959202,0.012185707921162248,6366.782646636305,6377.115201577161,2627.9999897003177,6382.465242840114,6385.944201791119,2630.999988555908,6349.2055796680625,6358.015600452364,2764.999937438965,6338.241319497509,6355.566045175291,2771.9999347686767,6345.240890057156,6356.557109453801,2803.9999225616457,6351.5771999266435,6359.745069841368,2808.999920654297,6354.005196075435,6357.970652871596,2839.9999088287354,6366.223425130666,6368.500750374422,2843.9999073028566,6320.576739921142,6335.686523825534,2877.999894332886,6304.703863434913,6322.315831219244,2880.9998931884766,6313.586803496653,6333.822902466607,2877.999894332886,6319.836613992726,6337.337153467616,2881.9998928070067,6343.55182015466,6350.597099367301,2937.9998714447024,6346.776373139347,6355.141275178043,2942.999869537354,6336.541917046185,6350.649228229971,2968.999859619141,6335.238524314577,6347.089441269064,2975.9998569488525,-0.9235328038403919,2753.4619053126316,-0.15020150462686735,2772.2282787009603,0.12204922236206639,2772.500529427949,0.02748958125058109,2861.377271692731,-0.6421907097136191,2875.3436244832023,-0.3487151922717446,2882.931298759301,0.1934743698832014,2976.276987233986,-0.6641166086699373,2975.4193962554327
47,3.5545333543559536,1778269146.7689202,0.012039874913170934,6367.31304826237,6374.881627288565,2627.9999897003177,6381.952601094232,6386.463431854999,2630.999988555908,6353.568443011279,6361.516185774979,2764.999937438965,6339.808273986001,6351.220672738943,2771.9999347686767,6347.688130024147,6354.535973652841,2803.9999225616457,6355.195094293487,6362.156154292876,2808.999920654297,6352.588755081457,6360.350592963902,2839.9999088287354,6362.279897301098,6367.214342696458,2843.9999073028566,6323.976842314392,6336.631751077422,2877.999894332886,6305.097394320996,6324.69926643641,2880.9998931884766,6314.775726686433,6334.171351285266,2877.999894332886,6322.406073295229,6338.055289299141,2881.9998928070067,6341.28544029098,6352.029179020081,2937.9998714447024,6348.723961549042,6360.226422043586,2942.999869537354,6338.440333771434,6352.025957453312,2968.999859619141,6331.116893358193,6346.929790323074,2975.9998569488525,-0.6272849799087769,2753.758153136563,-0.3264042408018632,2772.052075964785,0.4039791037444846,2772.7824593093314,-0.09404524707747733,2861.255736864403,-0.5368550208555383,2875.4489601720607,-0.3706503467865225,2882.9093636047864,0.14802837203523053,2976.231541236138,-0.4961201580542098,2975.587392706049
48,3.6299605623353273,1778269146.844296,0.011939208954572678,6368.653788550294,6379.312502674451,2627.9999897003177,6385.09596540025,6387.036549805912,2630.999988555908,6354.996512516429,6361.632467830181,2764.999937438965,6345.91955863924,6361.321251948528,2771.9999347686767,6352.336555918942,6358.288770364032,2803.9999225616457,6353.889698016322,6363.431668551517,2808.999920654297,6356.955234281872,6365.454668826604,2839.9999088287354,6367.154030014977,6370.704048354067,2843.9999073028566,6326.774902955649,6336.701331112265,2877.999894332886,6306.079585536572,6325.880369532659,2880.9998931884766,6315.300706054955,6334.672035944615,2877.999894332886,6322.790517162331,6340.947382094935,2881.9998928070067,6343.020061435951,6352.9320781245215,2937.9998714447024,6350.832992022497,6359.907386068405,2942.999869537354,6339.457150716753,6350.966847510469,2968.999859619141,6330.33146682153,6345.2012837362845,2975.9998569488525,-1.0687942098532262,2753.3166439066185,-0.14180675967482068,2772.2366734459124,0.7048465531501588,2773.0833267587373,-0.3195586735453242,2861.030223437935,-0.46754576506434964,2875.518269427852,-0.3158731563440182,2882.964140795229,0.021159258294385697,2976.1046721223975,-0.4536843178664547,2975.6298285462362
49,3.740211187279783,1778269146.954755,0.01235670899040997,6367.097077971697,6374.355329033835,2627.9999897003177,6382.05916648837,6382.696289390837,2630.999988555908,6349.193319986551,6359.547883363388,2764.999937438965,6337.840193171745,6351.242098908824,2771.9999347686767,6345.592123360944,6354.268002873125,2803.9999225616457,6351.485481553932,6356.905274016566,2808.999920654297,6355.209027416939,6357.115997799308,2839.9999088287354,6360.3258703426345,6365.143676070544,2843.9999073028566,6318.8464452731005,6330.144652627076,2877.999894332886,6299.353637252805,6319.990070911148,2880.9998931884766,6308.0165984045,6329.5858620900435,2877.999894332886,6316.73164868417,6334.509594400463,2881.9998928070067,6336.0349313812385,6344.909835865147,2937.9998714447024,6344.288411223523,6353.743394871168,2942.999869537354,6336.571452150258,6346.986733196809,2968.999859619141,6330.601075893267,6346.290816700797,2975.9998569488525,-0.9052817794277783,2753.4801563370443,-0.340986316018801,2772.0374938895684,0.11278251150405164,2772.491262717091,0.51768388208547,2861.867465993566,-0.48003990570254595,2875.5057752872135,-0.37177674627194457,2882.9082372053012,0.13397086062562788,2976.2174837247285,-0.3823667200075071,2975.701146144095
50,3.8158503954764456,1778269147.030484,0.01253687497228384,6364.765479720023,6374.666826114863,2627.9999897003177,6378.828132163707,6381.153794663324,2630.999988555908,6347.515828162729,6357.756843536999,2764.999937438965,6337.989554360118,6349.95649050952,2771.9999347686767,6344.191071919797,6349.783672097075,2803.9999225616457,6348.265838860531,6355.258469602958,2808.999920654297,6348.932580921234,6356.164295320476,2839.9999088287354,6356.416460861326,6362.375474523948,2843.9999073028566,6318.822595286853,6329.271103707551,2877.999894332886,6301.694298071339,6321.945459547025,2880.9998931884766,6309.239705657609,6329.8319696182425,2877.999894332886,6316.209453800777,6335.87030442889,2881.9998928070067,6338.210378396552,6349.120688021517,2937.9998714447024,6347.303518048722,6352.770429746004,2942.999869537354,6334.705891432588,6349.460297398906,2968.999859619141,6329.605866980469,6344.376327291622,2975.9998569488525,-0.9799907149409919,2753.405447401531,-0.38725354126384776,2771.991226664323,0.5156811971601059,2772.894161402747,0.07153043652499118,2861.4213125480055,-0.46921845811063473,2875.5165967348053,-0.3097623305219695,2882.970251621051,-0.3456975870091653,2975.737815277094,-0.578882436576406,2975.5046304275265
51,3.89642902079504,1778269147.111037,0.012485292041674256,6366.497064217379,6378.13881315524,2627.9999897003177,6383.3289024054775,6380.198795733104,2630.999988555908,6346.747022954428,6358.76573035425,2764.999937438965,6338.918112907663,6350.737099978605,2771.9999347686767,6348.05715835804,6353.361310633615,2803.9999225616457,6352.191133050095,6360.910329492313,2808.999920654297,6353.9591726014,6356.801523672708,2839.9999088287354,6363.153287281842,6371.317891310328,2843.9999073028566,6326.914755325977,6338.3820338050555,2877.999894332886,6305.259481309411,6321.9388956811445,2880.9998931884766,6314.327441391326,6336.525156646392,2877.999894332886,6322.840217623865,6340.412734969587,2881.9998928070067,6340.388126967631,6353.338068893847,2937.9998714447024,6350.742314393128,6361.495442736193,2942.999869537354,6343.668805208302,6356.22141547208,2968.999859619141,6335.063986612465,6347.9931763303475,2975.9998569488525,-1.541599669712742,2752.843838446759,-0.4545669788228953,2771.923913226764,0.6897294423086229,2773.068209647896,0.7735459164889823,2862.12332802797,-0.5778568923272392,2875.4079583005887,-0.38971319051329684,2882.8903007610597,-0.08748018677188107,2975.996032677331,-0.5652197160142305,2975.5182931480886
52,3.971677207853645,1778269147.185962,0.011839000042527914,6364.837735733717,6374.567535226335,2627.9999897003177,6379.940651648989,6386.086514655988,2630.999988555908,6353.044334749519,6359.257997371396,2764.999937438965,6342.026035394444,6356.589057676438,2771.9999347686767,6351.108880704221,6359.991779503011,2803.9999225616457,6359.1205672891765,6362.420709417123,2808.999920654297,6354.994070360975,6357.108503224623,2839.9999088287354,6357.763152183879,6363.698393801387,2843.9999073028566,6320.037955802793,6334.0810205703465,2877.999894332886,6298.898390744873,6324.387598190543,2880.9998931884766,6313.606945930251,6335.172763395178,2877.999894332886,6321.427199926644,6339.6364351866,2881.9998928070067,6343.941770333466,6353.295542072929,2937.9998714447024,6349.472338539597,6355.91596112113,2942.999869537354,6338.619627410826,6349.899037197787,2968.999859619141,6330.563071186234,6344.439450438609,2975.9998569488525,-0.6686549474913399,2753.716783168981,-0.15605869250806662,2772.222421513079,-0.08814665959780632,2772.290333545989,0.6147226230945017,2861.9645047345753,-0.43005562625592153,2875.55575956666,-0.3622475664095026,2882.9177663851633,-0.14345275314379735,2975.940060110959,-0.4822839301811825,2975.601228933922
53,4.0461099373642355,1778269147.2608042,0.012658374849706888,6364.467678882538,6375.969411926521,2627.9999897003177,6381.64403673931,6386.595172234618,2630.999988555908,6352.121849497204,6359.972320200507,2764.999937438965,6341.184054161446,6353.824566739003,2771.9999347686767,6346.988872757282,6355.748445762141,2803.9999225616457,6352.19463123147,6361.6851804872085,2808.999920654297,6356.510551089648,6360.519803160436,2839.9999088287354,6362.980517773634,6370.207703945961,2843.9999073028566,6324.985140752515,6338.448192071401,2877.999894332886,6308.7281673136295,6327.359802243483,2880.9998931884766,6316.464339639943,6336.058726350215,2877.999894332886,6321.90732188159,6341.5470015588235,2881.9998928070067,6339.762780817313,6350.721479658893,2937.9998714447024,6344.033277806644,6353.46613687074,2942.999869537354,6333.277873888193,6346.750255219,2968.999859619141,6330.515131277318,6345.159912278021,2975.9998569488525,-0.9002174151610141,2753.485220701311,-0.2802727432692409,2772.098207462318,0.45740744284285195,2772.83588764843,0.5497277775068246,2861.8995098889873,-0.5791444678650668,2875.406670725051,-0.28851075763016154,2882.9915031939427,-0.03327438605098859,2976.050238478052,-0.5358883068655689,2975.547624557237
54,4.120594812440686,1778269147.3350542,0.012188208987936378,6365.176253935262,6371.4505348901175,2627.9999897003177,6379.284041935386,6382.670434330775,2630.999988555908,6346.422100131431,6354.6297032123975,2764.999937438965,6335.85432496867,6351.963580095974,2771.9999347686767,6346.216745117218,6354.545149310756,2803.9999225616457,6350.472943729559,6360.586757648929,2808.999920654297,6354.66016138399,6358.413340159551,2839.9999088287354,6359.137362838891,6366.090009780849,2843.9999073028566,6318.818997768743,6331.482778066448,2877.999894332886,6299.888050554758,6318.223174496439,2880.9998931884766,6309.036511599474,6329.91351590916,2877.999894332886,6317.383204450287,6337.559901580218,2881.9998928070067,6340.972109300975,6349.471759330012,2937.9998714447024,6347.063896445273,6356.544611364122,2942.999869537354,6341.543011278541,6348.833306843537,2968.999859619141,6330.873542806492,6343.469586147874,2975.9998569488525,-0.6139557439638832,2753.771482372508,-0.17148349082136938,2772.206996714766,0.5486463070681418,2772.9271265126554,0.548150085382978,2861.8979321968636,-0.5669444468580478,2875.418870746058,-0.30486419219247696,2882.9751497593807,0.1661265164723231,2976.249639380575,-0.3809187045955413,2975.7025941595075
55,4.197538333479315,1778269147.412919,0.0140326670370996,6366.460308096708,6375.912316227038,2627.9999897003177,6384.163434911514,6384.278155087571,2630.999988555908,6354.4091603753395,6360.055159397255,2764.999937438965,6338.943871687502,6353.407428859615,2771.9999347686767,6346.996399425376,6352.595296023474,2803.9999225616457,6351.414928019071,6358.610103310204,2808.999920654297,6351.978314026348,6356.379628327781,2839.9999088287354,6360.264735458631,6364.590865605037,2843.9999073028566,6322.657298957728,6335.827589632302,2877.999894332886,6306.111495552771,6323.709702906746,2880.9998931884766,6312.8122657945405,6334.823370113397,2877.999894332886,6322.782797933796,6339.698581777058,2881.9998928070067,6341.364029403673,6353.189757618364,2937.9998714447024,6347.630960968304,6355.709073264664,2942.999869537354,6337.928019072654,6350.08693951157,2968.999859619141,6329.999983189167,6344.106713635113,2975.9998569488525,-1.11737392702424,2753.2680641894476,-0.13941718678731413,2772.2390630187997,0.5325562033008676,2772.911036408888,0.19928631125857474,2861.5490684227393,-0.5966257311665963,2875.3891894617495,-0.3999918586666142,2882.8800220929065,-0.21025420222451746,2975.8732586618785,-0.5065311050837669,2975.576981759019
56,4.299954708432779,1778269147.514624,0.012606916949152946,6366.361677415412,6378.417139407647,2627.9999897003177,6384.572980407739,6386.599104441117,2630.999988555908,6353.194730568206,6359.019945288382,2764.999937438965,6343.418279487728,6354.814114986093,2771.9999347686767,6345.104323440414,6352.14068221414,2803.9999225616457,6355.003851208852,6361.698601644404,2808.999920654297,6354.289992970016,6362.078593697466,2839.9999088287354,6361.483559006021,6366.372774092978,2843.9999073028566,6321.164836323624,6334.172885655777,2877.999894332886,6303.785230919706,6324.21270898921,2880.9998931884766,6313.889878350704,6331.91153223095,2877.999894332886,6318.5643640920625,6334.691250725923,2881.9998928070067,6336.498097319436,6351.044313353914,2937.9998714447024,6344.197359171073,6353.582716936149,2942.999869537354,6334.933358804291,6344.549532353211,2968.999859619141,6327.395315890821,6343.322228505058,2975.9998569488525,-1.1713418769230135,2753.214096239549,-0.2531268614322388,2772.125353344155,0.3644402399571021,2772.7429204455443,-0.10141967398039482,2861.2483624375004,-0.5257020102037641,2875.460113182712,-0.3304198396644494,2882.9495941119085,-0.32308583857390993,2975.7604270255288,-0.3434228262450023,2975.740090037858
57,4.3810288538224995,1778269147.595283,0.011779041960835457,6368.410256135953,6375.045057615307,2627.9999897003177,6381.164200568512,6383.877338998074,2630.999988555908,6352.969300363724,6362.746205336675,2764.999937438965,6342.730123483205,6358.148103432466,2771.9999347686767,6352.7116239264,6360.188275208608,2803.9999225616457,6358.866529632913,6364.1740960357,2808.999920654297,6357.117535226334,6361.153485955314,2839.9999088287354,6363.189008772198,6369.812678424061,2843.9999073028566,6324.517568847999,6334.444191093316,2877.999894332886,6306.555908243421,6328.952486474921,2880.9998931884766,6314.558214383959,6334.056374361952,2877.999894332886,6321.080199896079,6338.684096952655,2881.9998928070067,6346.443734144328,6356.254314270868,2937.9998714447024,6349.974328330838,6361.4205718739495,2942.999869537354,6342.196205336675,6351.258863893389,2968.999859619141,6333.138140721949,6347.30876608491,2975.9998569488525,-0.6944582335089612,2753.690979882963,-0.25065377458908533,2772.127826430998,0.20698030650574997,2772.5854605120926,0.48273773253609453,2861.8325198440166,-0.4062617786860767,2875.57955341423,-0.33052027298828346,2882.9494936785845,0.21829637516724368,2976.30180923927,-0.38846391724361584,2975.695048946859
58,4.452050937456079,1778269147.66624,0.011649458901956677,6362.371132744445,6379.142893602716,2627.9999897003177,6380.562472109301,6382.481026683376,2630.999988555908,6348.125147476847,6356.4754210349365,2764.999937438965,6338.147875722103,6350.102610263778,2771.9999347686767,6344.28425741969,6352.794832961457,2803.9999225616457,6351.562626463306,6357.647223156158,2808.999920654297,6352.632475471468,6353.766503652536,2839.9999088287354,6359.988041385212,6364.001059082435,2843.9999073028566,6321.3374698169155,6334.208281627289,2877.999894332886,6304.444987315464,6322.976629886603,2880.9998931884766,6310.793483510102,6333.078954366232,2877.999894332886,6321.958617843935,6337.902217501605,2881.9998928070067,6341.6145459547015,6350.027539199804,2937.9998714447024,6347.205431427087,6353.224698169148,2942.999869537354,6336.649185438763,6346.746404010148,2968.999859619141,6328.259996332182,6344.18505211358,2975.9998569488525,-1.5479298122276068,2752.8375083042442,-0.32164635603530645,2772.056833849552,0.18439950517210443,2772.5628797107593,0.5144088605324062,2861.864190972013,-0.5673838447682097,2875.418431348148,-0.4270650041700027,2882.852948947403,-0.10241762909350766,2975.9810952350094,-0.3614616360635444,2975.722051228039
59,4.522935228887945,1778269147.7374551,0.012305208016186953,6344.614918849527,6365.557760491489,2627.9999897003177,6376.258614787419,6380.633186111196,2630.999988555908,6384.1804810954545,6349.598519118501,2764.999937438965,6359.350210899533,6342.2122642662835,2771.9999347686767,6354.843142708684,6344.81718678363,2803.9999225616457,6354.789138674084,6357.513641226274,2808.999920654297,6360.634292569612,6351.211758413057,2839.9999088287354,6357.113207201149,6359.1284362869455,2843.9999073028566,6362.279926337989,6321.4529434239075,2877.999894332886,6335.853337714338,6304.035018491917,2880.9998931884766,6322.128760277532,6310.44117278479,2877.999894332886,6330.578167313628,6318.148364764495,2881.9998928070067,6338.506404927102,6343.938748968426,2937.9998714447024,6350.365152672923,6347.800441666413,2942.999869537354,6353.850521135801,6338.406947458508,2968.999859619141,6347.226937066356,6331.1077864718645,2975.9998569488525,-1.685389379753049,2752.700048736719,0.16184228940490597,2772.540322494992,1.5000434879025881,2773.8785236934896,1.4285673921327429,2862.7783495036133,-0.49044082318610643,2875.49537436973,-0.3049650885000723,2882.975048863073,-0.5495248724381439,2975.5339879916646,-0.6059534698363249,2975.4775593942663
60,4.599059437401593,1778269147.813289,0.011730125173926353,6347.894044380597,6365.062440015894,2627.9999897003177,6374.643040315432,6380.388681725097,2630.999988555908,6385.001048384632,6346.611773695632,2764.999937438965,6357.66716233151,6341.361804260782,2771.9999347686767,6353.661423724669,6346.133662927529,2803.9999225616457,6353.292725494392,6350.91665800654,2808.999920654297,6358.787983311428,6353.411315218388,2839.9999088287354,6357.5623712443075,6359.021777669101,2843.9999073028566,6365.261526117921,6319.062637161109,2877.999894332886,6332.1168673778175,6298.583149433017,2880.9998931884766,6318.74285998105,6308.5254179784215,2877.999894332886,6329.479341015374,6316.641956780878,2881.9998928070067,6333.036262493506,6338.063673319682,2937.9998714447024,6348.288079591649,6342.28048415197,2942.999869537354,6355.3094920072135,6336.627594217074,2968.999859619141,6346.98446373445,6330.393659259712,2975.9998569488525,-1.2829465810722103,2753.1024915353996,0.32485738596989294,2772.703337591557,0.8416743666200557,2773.2201545722073,0.9372336914686756,2862.287015802949,-0.4039544807015348,2875.5818607122146,-0.3458634343917671,2882.934150517181,-0.7926536708698232,2975.2908591932332,-0.502112864245879,2975.581399999857
61,4.669724728912115,1778269147.8841448,0.012112291995435953,6357.759808356512,6366.8808784424,2627.9999897003177,6377.364963168994,6380.246506403399,2630.999988555908,6347.252935782621,6355.3292004156865,2764.999937438965,6337.695558883761,6350.165349818138,2771.9999347686767,6343.739907387596,6347.641955252621,2803.9999225616457,6347.63905614818,6355.6248082036855,2808.999920654297,6351.346240486599,6355.249029556499,2839.9999088287354,6360.021999266437,6367.073952379496,2843.9999073028566,6319.827970168415,6332.645211969313,2877.999894332886,6301.4984289513095,6319.545282269157,2880.9998931884766,6309.877808173121,6332.129182076596,2877.999894332886,6318.920901977565,6334.851262340679,2881.9998928070067,6340.67995079011,6353.410280588074,2937.9998714447024,6348.930016505181,6349.687801448788,2942.999869537354,6336.500528777089,6343.52884585995,2968.999859619141,6331.026174465874,6338.96876394535,2975.9998569488525,-0.8764317244204404,2753.5090063920516,-0.2940912249009784,2772.084388980686,0.7479775866856733,2773.1264577922725,0.5424503856409466,2861.8922324971218,-0.5774712635972995,2875.408343929319,-0.42651800558679126,2882.853495945986,-0.8655358691458737,2975.217976994957,-0.545459903866013,2975.5380529602367
62,4.740769645897672,1778269147.954956,0.011643792036920786,6334.788466240792,6349.462148118715,2627.9999897003177,6369.639241067334,6375.401927132682,2630.999988555908,6378.855432955345,6385.566359996332,2764.999937438965,6349.565126692544,6357.285859033531,2771.9999347686767,6338.756403398846,6353.117975364489,2803.9999225616457,6347.792042363297,6353.102484946664,2808.999920654297,6352.257337164166,6361.218184735765,2839.9999088287354,6356.540449919002,6363.179047589937,2843.9999073028566,6365.247223156158,6368.393882385303,2877.999894332886,6320.593038787175,6334.822459271939,2880.9998931884766,6300.669757312712,6321.288675612068,2877.999894332886,6310.193445303665,6332.459140507994,2881.9998928070067,6320.886722499008,6339.117706391172,2937.9998714447024,6340.742616988109,6348.20942170737,2942.999869537354,6347.189566586178,6355.908692728551,2968.999859619141,6340.993909893939,6350.398175260568,2975.9998569488525,-1.0887879052948262,2753.296650211177,-0.4117620113010111,2771.966718194286,-0.3889153201054557,2771.9895648854817,-0.03981809398147906,2861.309964017499,-0.4392358587408263,2875.5465793341755,-0.2541621411959718,2883.025851810377,-0.7720450664018997,2975.311467797701,-0.5540030945363632,2975.5295097695666
63,4.8489783954573795,1778269148.063276,0.01186812506057322,6348.185506006052,6365.870107283676,2627.9999897003177,6376.553967356421,6380.580539169239,2630.999988555908,6382.785527401656,6349.925447015313,2764.999937438965,6358.188828437816,6339.971071614146,2771.9999347686767,6355.7425528012955,6346.55456796161,2803.9999225616457,6353.0588486108145,6352.612062536296,2808.999920654297,6357.634182535074,6351.4445288382185,2839.9999088287354,6359.020672738943,6364.30296023474,2843.9999073028566,6369.591550264388,6324.087226823975,2877.999894332886,6333.045066784852,6300.391701561879,2880.9998931884766,6317.8853210868965,6310.063039092825,2877.999894332886,6331.389051563407,6318.537124430724,2881.9998928070067,6336.630195311307,6339.735172845921,2937.9998714447024,6350.034569184216,6345.533222789376,2942.999869537354,6352.919384417887,6335.613514380902,2968.999859619141,6347.395563468533,6326.654703976526,2975.9998569488525,-1.4574449399211467,2752.927993176551,0.06343672557633272,2772.441916931163,1.1526941874667302,2773.531174393054,1.4312994904560097,2862.7810816019364,-0.4001064422948487,2875.585708750621,-0.398336957918742,2882.8816769936543,-0.5185330525630455,2975.5649798115396,-0.7098775917898501,2975.373635272313
64,4.9216839998262,1778269148.135942,0.011788415955379605,6367.160664180702,6375.8347082556475,2627.9999897003177,6377.972991105542,6385.4268958034045,2630.999988555908,6350.669387474401,6359.220510743649,2764.999937438965,6341.33365070147,6350.2651755967845,2771.9999347686767,6346.064371733349,6356.681848885901,2803.9999225616457,6352.354945441208,6360.259348351011,2808.999920654297,6353.96998960785,6358.650281199376,2839.9999088287354,6360.969063483816,6366.868094568572,2843.9999073028566,6320.542800379008,6329.29884769386,2877.999894332886,6301.53582235535,6322.857600024452,2880.9998931884766,6311.049709631078,6331.155504783445,2877.999894332886,6319.36909710548,6339.8467004920985,2881.9998928070067,6342.151331112266,6354.08750343858,2937.9998714447024,6347.403608215913,6357.203631139774,2942.999869537354,6339.400470703305,6351.641923159214,2968.999859619141,6333.878485191184,6345.371656936762,2975.9998569488525,-0.48387135422528893,2753.9015667622466,-0.4343713767943057,2771.9441088287927,0.1596972316772715,2772.5381774372645,0.3370321522273544,2861.686814263708,-0.4036940780083955,2875.5821211149077,-0.2816602576296232,2882.9983536939435,-0.08190847726627445,2976.001604386837,-0.6074992609180694,2975.476013603185
65,4.999006145866588,1778269148.212785,0.010830707848072052,6367.0841550264395,6376.459271938135,2627.9999897003177,6376.7703456918425,6383.295343399455,2630.999988555908,6351.844168169452,6360.999376470948,2764.999937438965,6341.259200110034,6356.084454564904,2771.9999347686767,6348.76238194211,6353.925462297889,2803.9999225616457,6353.144753492068,6356.649966378335,2808.999920654297,6350.972855090626,6357.122503591405,2839.9999088287354,6356.590205397804,6364.942642968487,2843.9999073028566,6319.698600116148,6330.777132683315,2877.999894332886,6301.867857688663,6320.59678454626,2880.9998931884766,6308.845254760522,6330.888365375799,2877.999894332886,6317.500753430939,6336.897482959929,2881.9998928070067,6337.881106152764,6349.48003484427,2937.9998714447024,6346.730655316807,6354.765626432741,2942.999869537354,6335.39788336339,6347.704545037747,2968.999859619141,6326.801479353241,6345.109380444418,2975.9998569488525,-0.6109073731759682,2753.774530743296,-0.24957623195684892,2772.1289039736303,0.2512179111350463,2772.629698116722,0.44172638473810005,2861.7915084962187,-0.5201753745950088,2875.465639818321,-0.346994846280937,2882.9330191052923,-0.196058638094746,2975.8874542260082,-0.35496289814645615,2975.7285499659565
66,5.07525247882586,1778269148.289674,0.012116207974031568,6360.142308280098,6372.2438976678795,2627.9999897003177,6376.613480759239,6382.023121007427,2630.999988555908,6347.687665433872,6355.555735550324,2764.999937438965,6339.1356313231645,6353.221595806461,2771.9999347686767,6347.630979307393,6352.811353424825,2803.9999225616457,6352.713303481371,6358.754670354862,2808.999920654297,6351.835771922853,6354.623817892838,2839.9999088287354,6356.30680074579,6362.813563285143,2843.9999073028566,6315.856426322707,6333.275660971361,2877.999894332886,6301.212288718403,6319.634341473852,2880.9998931884766,6305.850504324968,6329.286662896965,2877.999894332886,6316.430772992634,6336.555564385488,2881.9998928070067,6341.019561695754,6351.973614634594,2937.9998714447024,6347.002168597365,6355.158899043311,2942.999869537354,6334.578709845035,6348.228395023994,2968.999859619141,6327.1105327505575,6342.552396307729,2975.9998569488525,-0.9115743316555663,2753.4738637848163,-0.2304660094460847,2772.148014196141,0.46897412322980614,2772.8474543288166,0.6037518302325361,2861.953533941713,-0.6776651279930813,2875.308150064923,-0.3615563773300336,2882.918457574243,-0.13462012648881863,2975.948892737614,-0.5123163786675191,2975.5711964854354
67,5.148528354358859,1778269148.362356,0.010928875068202615,6362.96711342727,6372.985085735245,2627.9999897003177,6375.897111593361,6383.921332946175,2630.999988555908,6348.046877769967,6355.740780022618,2764.999937438965,6334.9845539016405,6352.293873215759,2771.9999347686767,6343.62911941804,6351.599773817894,2803.9999225616457,6351.947690802946,6358.033473423602,2808.999920654297,6351.576691016901,6357.5363236238045,2839.9999088287354,6358.834298682641,6365.95837790751,2843.9999073028566,6320.068814377847,6332.272923862212,2877.999894332886,6301.312643274139,6323.04680899838,2880.9998931884766,6306.727181587554,6329.2656386588005,2877.999894332886,6316.35783231959,6334.641715316196,2881.9998928070067,6337.878139804995,6346.822213222483,2937.9998714447024,6345.272983464255,6352.807479292112,2942.999869537354,6336.242971543847,6350.721759330011,2968.999859619141,6331.5848457988195,6344.829530519301,2975.9998569488525,-0.5446003317525725,2753.8408377847195,-0.11150539798679612,2772.2669748076,0.23109905857308605,2772.60957926416,0.3310718696421095,2861.6808539811227,-0.4755989826838451,2875.510216210232,-0.3818807962215456,2882.8981331553514,-0.024314087214494084,2976.0591987768885,-0.6256482570436211,2975.4578646070595
68,5.220664770924486,1778269148.434837,0.011618042131885886,6362.038374545344,6372.588356206254,2627.9999897003177,6376.618979429654,6380.115120579516,2630.999988555908,6344.919712993245,6353.614914264755,2764.999937438965,6336.001693309289,6347.814318244338,2771.9999347686767,6342.564382431151,6351.509527157135,2803.9999225616457,6353.763159825168,6355.4802701959225,2808.999920654297,6349.428508115047,6356.576498456461,2839.9999088287354,6360.384708255647,6363.451187456063,2843.9999073028566,6319.717206650977,6326.873391509001,2877.999894332886,6296.7204664241835,6318.372072622796,2880.9998931884766,6304.030757710059,6326.762996301617,2877.999894332886,6317.528210104838,6333.88118867867,2881.9998928070067,6336.171468961091,6348.295153895529,2937.9998714447024,6345.462395696427,6353.741502888407,2942.999869537354,6335.760329492313,6347.473617691108,2968.999859619141,6328.687401045328,6341.882706238347,2975.9998569488525,-0.9395174537218484,2753.4459206627503,-0.3386700665759919,2772.039810139011,-0.23129038798567114,2772.1471898176014,-0.22776958691786445,2861.1220125245627,-0.3575952232556452,2875.6282199696607,-0.4281508993994764,2882.8518630521735,-0.21853014275638125,2975.8649827213467,-0.5240028885300102,2975.559509975573
69,5.303574833320454,1778269148.518121,0.012366666924208403,6365.522790903812,6375.712530183086,2627.9999897003177,6379.9922700736615,6387.311067640676,2630.999988555908,6349.0802793654675,6360.402445211968,2764.999937438965,6339.696061680473,6354.2110477733295,2771.9999347686767,6349.387431610478,6355.522068038023,2803.9999225616457,6351.973035425009,6361.407143075465,2808.999920654297,6356.057653513464,6359.026007885808,2839.9999088287354,6361.616644252224,6366.750016810833,2843.9999073028566,6323.10282116331,6336.850001528257,2877.999894332886,6303.909939786657,6324.440078552434,2880.9998931884766,6314.985478497417,6333.919584619618,2877.999894332886,6325.335359293334,6342.4401152306145,2881.9998928070067,6344.827166304979,6351.093191612923,2937.9998714447024,6348.987508023351,6360.758029464805,2942.999869537354,6337.181147415717,6349.761244918544,2968.999859619141,6330.671653880246,6345.659608154781,2975.9998569488525,-0.6130534229985847,2753.772384693473,-0.33603495987979837,2772.0424452457073,0.6797647801996299,2773.0582449857866,0.4380595774296217,2861.7878416889102,-0.5406695828777706,2875.4451456100383,-0.3293319625662229,2882.9506819890066,0.526201565595654,2976.6097144296987,-0.48944412860140335,2975.5940687355014
70,5.417374708340503,1778269148.6315289,0.011584833031520247,6368.8806767124115,6379.556719748143,2627.9999897003177,6380.581323165327,6385.35459852676,2630.999988555908,6353.229704740655,6361.067999816609,2764.999937438965,6342.639725524957,6355.545479414372,2771.9999347686767,6345.748430479567,6356.747901702478,2803.9999225616457,6353.000197145215,6359.8447351529785,2808.999920654297,6353.073860684048,6355.209027416939,2839.9999088287354,6358.11674970199,6363.047414188342,2843.9999073028566,6318.974967142463,6333.7096356634165,2877.999894332886,6305.927244246111,6325.498487025094,2880.9998931884766,6314.590217623865,6336.240260415075,2877.999894332886,6323.236672066509,6338.056137482043,2881.9998928070067,6338.513428798485,6350.274649264908,2937.9998714447024,6341.4822431763305,6354.005463520494,2942.999869537354,6335.942606290308,6345.627358865422,2968.999859619141,6332.475888681725,6347.516577008895,2975.9998569488525,-0.8490243716409008,2753.536413744831,-0.2706433614705932,2772.1078368441163,0.03500434262503282,2772.413484548212,0.5054730086649009,2861.8552551201456,-0.5870970509223737,2875.398718141994,-0.43742915469992727,2882.842584796873,0.1489020041331791,2976.232414868236,-0.3795050742946477,2975.704007789808
71,5.4892751248553395,1778269148.703479,0.011682915966957808,6360.741290460617,6370.230730201423,2627.9999897003177,6376.943495736162,6379.412753308678,2630.999988555908,6345.529382278326,6355.122535684813,2764.999937438965,6336.410058990738,6348.692688816211,2771.9999347686767,6342.536286945624,6348.429001742213,2803.9999225616457,6346.519132255403,6358.350093223707,2808.999920654297,6350.734703670873,6356.222754225631,2839.9999088287354,6357.985169789406,6362.734237552341,2843.9999073028566,6314.783826451081,6328.436378641074,2877.999894332886,6296.823182137726,6318.716612158816,2880.9998931884766,6307.275757251582,6326.87894978146,2877.999894332886,6315.001763609132,6334.016694684719,2881.9998928070067,6337.715064033989,6347.647155912828,2937.9998714447024,6341.516803191002,6354.96114405355,2942.999869537354,6332.605704985176,6345.695613901031,2968.999859619141,6328.223646728,6343.297947550204,2975.9998569488525,-0.937044290077779,2753.4483938263943,-0.3536062717711065,2772.024873933816,0.9079226405154368,2773.2864028461026,0.12856109528206566,2861.4783432067625,-0.506010768313347,2875.4798044246027,-0.30237357437119733,2882.9776403772016,0.36769165373700086,2976.45120451784,-0.50539489544556,2975.5781179686574
72,5.560539395897649,1778269148.77474,0.011675541987642646,6359.491755050891,6365.798331142832,2627.9999897003177,6367.352385609928,6374.337636396979,2630.999988555908,6339.5390806003,6347.468601950056,2764.999937438965,6334.583202922029,6343.975561634624,2771.9999347686767,6339.182227893756,6345.245760613748,2803.9999225616457,6342.698309747227,6350.302478833635,2808.999920654297,6345.173636030198,6349.954295931779,2839.9999088287354,6353.808634654766,6359.888288962925,2843.9999073028566,6314.531758718708,6326.002993856405,2877.999894332886,6293.622335483083,6312.478095485528,2880.9998931884766,6302.119523489318,6320.554995873705,2877.999894332886,6310.2115857199615,6329.526768958034,2881.9998928070067,6332.329339487117,6343.891680166274,2937.9998714447024,6341.1331952807395,6348.099749365772,2942.999869537354,6330.634127517804,6343.011940275698,2968.999859619141,6321.154402909802,6335.567160803252,2975.9998569488525,-0.3352482051178939,2754.050189911354,-0.39670122913224726,2771.9817789764547,0.527956236160447,2772.9064364417477,0.3455766046375639,2861.6953587161183,-0.5261071627649689,2875.459708030151,-0.2705846396106453,2883.0094293119623,-0.27851183471377416,2975.805001029389,-0.5030482111743053,2975.5804646529286
73,5.63260647887364,1778269148.846765,0.011592207942157984,6364.481237582908,6376.4627701195095,2627.9999897003177,6380.4297001558825,6383.558789008772,2630.999988555908,6348.542704098787,6358.676878992574,2764.999937438965,6342.366780267139,6354.327329828529,2771.9999347686767,6346.821847968946,6357.568019683956,2803.9999225616457,6355.559495063728,6364.4761744658745,2808.999920654297,6354.7452593452945,6355.94680288535,2839.9999088287354,6358.764957055964,6359.770811810374,2843.9999073028566,6315.60817770578,6331.165580585016,2877.999894332886,6298.837306293365,6322.734060274474,2880.9998931884766,6314.332852951065,6329.929674175505,2877.999894332886,6317.534489714827,6336.69371580524,2881.9998928070067,6337.938195739218,6350.985493779993,2937.9998714447024,6349.135631323166,6353.992516123117,2942.999869537354,6333.9945059143565,6349.404963780298,2968.999859619141,6329.096200751903,6343.916485313445,2975.9998569488525,-1.0796829767481764,2753.3057551397237,-0.3839785367568427,2771.9945016688303,0.23574062712036423,2772.6142208327074,0.18696275878706342,2861.5367448702677,-0.5038023301142618,2875.4820128628016,-0.21219357121803223,2883.067820380355,-0.564542236935945,2975.518970627167,-0.6015362821896659,2975.4819765819134
74,5.709693270851858,1778269148.923753,0.011394208064302802,6366.329041476907,6372.853759513402,2627.9999897003177,6377.689157013173,6383.587798392274,2630.999988555908,6349.016904055995,6356.043607298958,2764.999937438965,6336.8861921936605,6350.751760552618,2771.9999347686767,6343.629645138613,6354.84437601247,2803.9999225616457,6351.822697680105,6358.355217471039,2808.999920654297,6353.277533086774,6357.225320169942,2839.9999088287354,6357.46321942721,6362.516017666657,2843.9999073028566,6318.841351590916,6329.288556407983,2877.999894332886,6298.5843277195345,6319.8756823669655,2880.9998931884766,6308.583338936945,6328.968747134518,2877.999894332886,6315.6924381819845,6335.069363022281,2881.9998928070067,6340.090567594829,6349.68303175719,2937.9998714447024,6346.193150349972,6356.462585200355,2942.999869537354,6339.0081731210075,6349.007821621786,2968.999859619141,6333.286922700737,6345.906478283461,2975.9998569488525,-0.4373672350565053,2753.9480708814153,-0.20854386147073747,2772.169936344116,-0.010776320222784604,2772.3677038853643,0.3252964556669953,2861.6750785671475,-0.444309066003328,2875.5415061269127,-0.3114376700590328,2882.968576281514,0.14183912840187388,2976.225351992505,-0.4816277476265,2975.6018851164763
75,5.78350427094847,1778269148.9992619,0.014791457913815975,6362.631431671609,6372.928674695113,2627.9999897003177,6381.073231041965,6385.414773665067,2630.999988555908,6349.275193324571,6354.895623070575,2764.999937438965,6338.300912369717,6352.276836201362,2771.9999347686767,6345.2723033896755,6353.597704557263,2803.9999225616457,6351.596081547819,6359.320393067824,2808.999920654297,6348.476895803406,6354.437741846747,2839.9999088287354,6356.800449307698,6361.841207934713,2843.9999073028566,6319.230410795611,6330.901332640524,2877.999894332886,6300.71611853165,6321.8499388697,2880.9998931884766,6308.140338356206,6331.928523397622,2877.999894332886,6318.742456521074,6337.081854998931,2881.9998928070067,6336.8836033254875,6350.540316960602,2937.9998714447024,6347.641259895468,6357.098231806094,2942.999869537354,6338.9553015252,6350.652300027508,2968.999859619141,6331.529013968273,6345.7884692973075,2975.9998569488525,-0.8539678341596362,2753.5314702823125,-0.1556559909127492,2772.2228242146743,0.34224726623016155,2772.720727471817,0.10910911278604854,2861.4588912242666,-0.4771775735174748,2875.5086376193985,-0.40775877308148345,2882.8722551784913,-0.24695532465578623,2975.8365575394473,-0.48362490489315874,2975.59988795921
76,5.872685395879671,1778269149.088219,0.014330958016216755,6367.084564599443,6371.911160864383,2627.9999897003177,6377.149157930127,6381.207485405141,2630.999988555908,6350.387644038266,6355.854210349359,2764.999937438965,6337.903200171165,6353.360783384784,2771.9999347686767,6344.742600177278,6352.594160528165,2803.9999225616457,6351.987538588501,6358.070567289176,2808.999920654297,6351.097426414403,6353.973516826116,2839.9999088287354,6355.863081884035,6366.369894855886,2843.9999073028566,6321.545300608246,6329.404812482806,2877.999894332886,6302.020386954794,6320.963147599108,2880.9998931884766,6309.327864718648,6332.013680960968,2877.999894332886,6319.645254760522,6338.854460983586,2881.9998928070067,6341.6816654950035,6349.289638414279,2937.9998714447024,6344.282206498151,6353.096202280161,2942.999869537354,6331.246963352385,6347.519653391203,2968.999859619141,6328.570610080385,6343.324513249992,2975.9998569488525,-0.44818079740977285,2753.937257319062,-0.09849233500278215,2772.279987870584,0.24127998760581876,2772.6197601931926,1.0199121979369836,2862.369694309418,-0.43879235576401204,2875.547022837152,-0.3650619255854565,2882.9149520259875,0.1844912213686724,2976.2680040854716,-0.6364252280814088,2975.4470876360215
77,5.992163666873239,1778269149.2068422,0.012632999802008271,6369.871562184796,6375.620426689488,2627.9999897003177,6379.128430173916,6383.78487025094,2630.999988555908,6350.881968089983,6357.658284683804,2764.999937438965,6339.879281413332,6352.561270898921,2771.9999347686767,6348.0354647430995,6357.960344774888,2803.9999225616457,6354.843572149036,6358.229926337989,2808.999920654297,6352.468158755387,6359.2510376868295,2839.9999088287354,6360.744217073692,6366.539314423694,2843.9999073028566,6318.9624048659725,6335.233806583734,2877.999894332886,6304.946908335116,6325.494744322523,2880.9998931884766,6311.9018400220075,6333.953394259864,2877.999894332886,6318.362589785126,6339.044515083901,2881.9998928070067,6344.251483938014,6353.775523428188,2937.9998714447024,6348.934187119847,6355.474869333984,2942.999869537354,6337.774572852034,6347.507862884739,2968.999859619141,6331.956492037779,6346.941956780878,2975.9998569488525,-0.4734833342026598,2753.9119547822693,-0.24127899942806338,2772.137201206159,-0.1709096439793564,2772.2075705616076,0.10188506792817957,2861.451667179409,-0.6002565329213214,2875.385558659995,-0.31921471952932584,2882.960799232044,-0.14919771605923768,2975.9343151480434,-0.3832316961659288,2975.7002811679367
78,6.080733916372992,1778269149.2947998,0.011408082908019423,6372.892708683559,6382.943621053275,2627.9999897003177,6385.645606259743,6389.875786288473,2630.999988555908,6354.817006449246,6360.569190329187,2764.999937438965,6344.8928645658225,6355.633054681051,2771.9999347686767,6352.287601247059,6360.326883577346,2803.9999225616457,6357.449173212703,6363.705038664914,2808.999920654297,6360.333210563316,6359.981145887459,2839.9999088287354,6364.264866888773,6370.211452761561,2843.9999073028566,6325.276934009843,6335.754410551089,2877.999894332886,6305.384014426751,6326.576363969801,2880.9998931884766,6313.764223492372,6336.841467738484,2877.999894332886,6325.348251673442,6341.58509490479,2881.9998928070067,6345.546465140447,6355.429703212397,2937.9998714447024,6348.723012501146,6354.680082220253,2942.999869537354,6338.728170370143,6351.565369685485,2968.999859619141,6333.286529938564,6347.0993795274635,2975.9998569488525,-0.8423953452293353,2753.5430427712427,-0.2735063719675403,2772.1049738336196,0.24034513380890699,2772.618825339396,0.8783108229596353,2862.22809293444,-0.44765994749069676,2875.5381552454255,-0.43779961374353465,2882.8422143378293,-0.22406501071134044,2975.8594478533914,-0.5430570872862285,2975.5404557768165
79,6.162321999901906,1778269149.37674,0.012111666146665812,6361.113486872268,6371.238515145033,2627.9999897003177,6375.55010239325,6382.678459210808,2630.999988555908,6348.552871595807,6352.215675336981,2764.999937438965,6337.606738087233,6348.579736834063,2771.9999347686767,6340.85159550081,6351.932556469114,2803.9999225616457,6350.971811290767,6356.720020172998,2808.999920654297,6349.882166763457,6355.344568572913,2839.9999088287354,6354.940339884464,6361.945051502277,2843.9999073028566,6316.894172754226,6328.891894122322,2877.999894332886,6298.728676223369,6317.7970565760925,2880.9998931884766,6306.862572974294,6328.356297949079,2877.999894332886,6317.848384631843,6337.441328667054,2881.9998928070067,6342.1530366476145,6349.972335483082,2937.9998714447024,6344.004603111533,6352.176417458814,2942.999869537354,6331.852345875233,6344.80859644833,2968.999859619141,6325.429394504386,6341.0466959073265,2975.9998569488525,-0.6230047219151917,2753.762433394557,-0.1920912014259214,2772.186389004161,-0.06737129692778704,2772.311108908659,0.3716536444246034,2861.721435755905,-0.5338000905696427,2875.4520151023466,-0.33103015694050747,2882.9489837946326,0.11660879774412161,2976.200121661847,-0.47990555573127497,2975.6036073083715
80,6.264234458329156,1778269149.4786718,0.012151666916906834,6367.181905431427,6374.609204694807,2627.9999897003177,6380.804202708072,6385.197492129474,2630.999988555908,6349.3090411712565,6359.1564263227065,2764.999937438965,6344.338897209402,6353.790581349145,2771.9999347686767,6349.5870174527,6355.917573432772,2803.9999225616457,6355.239681205489,6362.468322278937,2808.999920654297,6351.617304459456,6354.126738392884,2839.9999088287354,6359.1331127548365,6365.719483754623,2843.9999073028566,6321.539082128556,6332.990379619159,2877.999894332886,6304.266922395085,6322.4780496378025,2880.9998931884766,6311.907820093529,6334.3274566739,2877.999894332886,6319.342756059541,6337.3638276736865,2881.9998928070067,6341.023284530977,6352.146266466975,2937.9998714447024,6345.933297673992,6353.554425833664,2942.999869537354,6336.882438793288,6347.991331723569,2968.999859619141,6331.642257847602,6344.598092734663,2975.9998569488525,-0.6253696768025515,2753.7600684396693,-0.4616600735612209,2771.916820132026,0.47199319861760697,2772.8504734042044,0.6416176351146554,2861.991399746595,-0.5413568164979827,2875.444458376418,-0.3847825910389448,2882.895231360534,-0.19058988992508172,2975.892922974178,-0.5105215727755685,2975.5729912913275
81,6.349586832919158,1778269149.5663512,0.016806749859824777,6361.501454901121,6371.441898707093,2627.9999897003177,6375.126296726473,6380.118822019134,2630.999988555908,6347.764851606198,6356.40879053703,2764.999937438965,6336.971673747593,6351.441722957484,2771.9999347686767,6344.841327138797,6352.415070147018,2803.9999225616457,6350.7965171012,6353.45822508176,2808.999920654297,6349.974780695052,6355.625025216248,2839.9999088287354,6354.978135220222,6358.632357795641,2843.9999073028566,6315.5018079286,6328.421212213833,2877.999894332886,6299.3813552587335,6315.586528410307,2880.9998931884766,6306.790283338936,6326.625890209983,2877.999894332886,6312.948418253507,6329.149127364978,2881.9998928070067,6333.314766023779,6347.578456154291,2937.9998714447024,6341.492263960632,6348.554772748112,2942.999869537354,6331.3217822538745,6342.314681969618,2968.999859619141,6323.265473606993,6339.790452975518,2975.9998569488525,-0.77512883121808,2753.610309285254,-0.2439806567898025,2772.134499548797,-0.030561548314675852,2772.347918657272,-0.005202909804921908,2861.3445792016755,-0.6236272168792519,2875.3621879760367,-0.368256257892134,2882.911757693681,-0.4858752076564915,2975.5976376564463,-0.3723857700560445,2975.711127094047
82,6.433111666352488,1778269149.647273,0.011602082988247275,6365.663635113245,6373.067834764801,2627.9999897003177,6380.6661704924045,6381.9139973102665,2630.999988555908,6347.681590610386,6353.671669162821,2764.999937438965,6337.5354295931775,6351.083667512303,2771.9999347686767,6343.22425955925,6351.004376929425,2803.9999225616457,6349.185981294128,6355.738383714887,2808.999920654297,6350.170134792311,6355.983977748571,2839.9999088287354,6360.590824342085,6362.994111623927,2843.9999073028566,6318.630800501269,6332.519072653361,2877.999894332886,6301.405856282667,6320.177760797139,2880.9998931884766,6312.206314759911,6331.290948130941,2877.999894332886,6318.258888345508,6333.59400617416,2881.9998928070067,6338.888866644253,6348.62712351377,2937.9998714447024,6343.168925940643,6353.941640431581,2942.999869537354,6335.805295412171,6347.33360791026,2968.999859619141,6328.464070666627,6341.372641134578,2975.9998569488525,-0.8691189691453136,2753.5163191473266,-0.18350185699908644,2772.194978348588,0.2881221941391236,2772.6666023997263,-0.15617127428830457,2861.1936108371924,-0.5856924458297424,2875.4001227470862,-0.37066774967755606,2882.9093462018955,0.17051851700911208,2976.254031381112,-0.5277929054734615,2975.555719958629
83,6.506986207910813,1778269149.720984,0.011273749871179461,6366.1412446128925,6373.207966806247,2627.9999897003177,6378.9095210441055,6384.722709906166,2630.999988555908,6350.402700430968,6357.646671455207,2764.999937438965,6340.025332396003,6355.117666656478,2771.9999347686767,6347.499491090259,6357.31315218388,2803.9999225616457,6352.309744169697,6358.309229146927,2808.999920654297,6351.384329247791,6358.246459027418,2839.9999088287354,6363.44996332182,6366.097122291164,2843.9999073028566,6317.704714674329,6333.105092153926,2877.999894332886,6302.7518690589,6326.837610416602,2880.9998931884766,6312.598557324937,6333.6711801204265,2877.999894332886,6319.992040835039,6337.428361402329,2881.9998928070067,6340.631809151206,6352.6162163401295,2937.9998714447024,6350.2773603936785,6356.4166289696495,2942.999869537354,6339.000910841459,6347.395020937128,2968.999859619141,6332.317409909221,6344.8821667634575,2975.9998569488525,-0.4864661442826827,2753.8989719721894,-0.17350425611180248,2772.2049759494753,0.06473305189524342,2772.443213257482,-0.24188051588298812,2861.1079015955975,-0.4958472170355108,2875.4899679758805,-0.3682829137775959,2882.9117310377956,-0.3775262426167586,2975.7059866214863,-0.42358569750390224,2975.659927166599
84,6.624447208363563,1778269149.838766,0.011915666982531548,6370.4829690986335,6377.28142403032,2627.9999897003177,6383.960946908335,6388.294956750315,2630.999988555908,6354.199115138918,6360.955576611547,2764.999937438965,6345.909898523703,6354.561853165021,2771.9999347686767,6347.7934987926765,6354.628329308923,2803.9999225616457,6351.770278448514,6360.0410780328275,2808.999920654297,6352.609458385548,6359.751332640523,2839.9999088287354,6360.97358712596,6368.019040559953,2843.9999073028566,6321.74589968518,6335.215916801662,2877.999894332886,6303.067813369196,6321.476978329309,2880.9998931884766,6308.734407188923,6330.540477427638,2877.999894332886,6317.602031054193,6336.27012867928,2881.9998928070067,6340.506033560534,6353.941362288719,2937.9998714447024,6347.867376287557,6354.417148577192,2942.999869537354,6335.410447168138,6348.936869211725,2968.999859619141,6331.561200599077,6344.460441055109,2975.9998569488525,-0.580781886075424,2753.8046562303966,-0.38156814331786165,2771.996912062269,0.5186127189993326,2772.8970929245866,0.1966468604148397,2861.5464289718957,-0.5843464664545729,2875.4014687264616,-0.35764150718364207,2882.9223724443896,-0.46009697755296686,2975.62341588655,-0.6030624468594046,2975.4804504172434
85,6.712888333480805,1778269149.9273689,0.012240082956850529,6366.081469878045,6371.664487880918,2627.9999897003177,6374.632402115108,6379.289966989638,2630.999988555908,6346.275295717822,6354.554425833665,2764.999937438965,6334.688324112847,6348.164387015926,2771.9999347686767,6342.418034966531,6351.837593605771,2803.9999225616457,6349.8294082587045,6358.674334443867,2808.999920654297,6352.928726655868,6357.563230125012,2839.9999088287354,6359.24687012868,6363.656958156311,2843.9999073028566,6317.837147354587,6327.981919185744,2877.999894332886,6298.3795427453615,6319.303226151542,2880.9998931884766,6310.05997952135,6329.518603478315,2877.999894332886,6314.853964299906,6334.363726808692,2881.9998928070067,6338.159299446771,6350.981943637864,2937.9998714447024,6343.02916679402,6350.737401045329,2942.999869537354,6333.423026255463,6346.267428248311,2968.999859619141,6327.523663538833,6342.984940550785,2975.9998569488525,-0.4604485474714321,2753.9249895690004,-0.26585037027128966,2772.1126298353156,0.34430265360739193,2772.7227828591945,0.18351884798682874,2861.5333009594674,-0.44587480565672144,2875.5399403872593,-0.288338094671926,2882.991675856901,-0.31906356445878814,2975.764449299644,-0.4816301728244424,2975.6018826912787
86,6.7947481874143705,1778269150.009133,0.012047040974721313,6368.597848213467,6377.329486199835,2627.9999897003177,6384.295245590978,6384.769563224012,2630.999988555908,6351.179359354463,6360.141571659994,2764.999937438965,6340.547965889294,6354.838828437813,2771.9999347686767,6348.658130329797,6355.918056362136,2803.9999225616457,6352.758542959318,6361.6597212458355,2808.999920654297,6354.480287006754,6359.533939542134,2839.9999088287354,6360.643170217319,6368.661296879298,2843.9999073028566,6325.561792034721,6335.492106550111,2877.999894332886,6306.441053580707,6326.1964666687045,2880.9998931884766,6316.398983708776,6335.384977228963,2877.999894332886,6322.645428981875,6341.055682061314,2881.9998928070067,6344.124092979185,6355.534379680289,2937.9998714447024,6352.411813430326,6359.943700522663,2942.999869537354,6340.740695968457,6352.355318336034,2968.999859619141,6334.097110065103,6346.852122749641,2975.9998569488525,-1.0328609078074769,2753.3525772086646,-0.2614645082078755,2772.117015697379,0.5362709134881642,2772.9147511190754,0.5227070415196742,2861.8724891530005,-0.46878345591934895,2875.5170317369966,-0.3019763443128919,2882.97803760726,-0.22072570671068284,2975.862787157392,-0.536848261869319,2975.5466646022337
87,6.87800541636534,1778269150.0922298,0.011728167068213224,6365.923370113397,6377.882392945564,2627.9999897003177,6383.472781734267,6386.272810771158,2630.999988555908,6351.13334199346,6362.758980040957,2764.999937438965,6343.234751046856,6357.004552679035,2771.9999347686767,6348.9339120335,6354.611622398143,2803.9999225616457,6353.475881040438,6361.486062291775,2808.999920654297,6356.354847632729,6362.356192499313,2839.9999088287354,6363.306514961641,6363.682690955772,2843.9999073028566,6317.41201821683,6332.35909924504,2877.999894332886,6304.498063697772,6321.388441788674,2880.9998931884766,6309.826484702142,6333.359438518202,2877.999894332886,6319.454164501635,6334.767970779716,2881.9998928070067,6339.519845951645,6352.057555704985,2937.9998714447024,6344.663042149341,6354.896416236208,2942.999869537354,6339.0810327964045,6348.838829966071,2968.999859619141,6327.726917199011,6343.036682764313,2975.9998569488525,-1.103494536875672,2753.2819435795964,-0.37276867224648913,2772.0057115333407,0.5960905944758431,2772.974570800063,-0.3915196856945339,2860.958262425786,-0.6556030181735354,2875.3302121747424,-0.4676217508536334,2882.8123922007194,-0.09535293236439017,2975.9881599317387,-0.37157662276383685,2975.711936241339
88,6.966928374953568,1778269150.181013,0.011446333955973387,6369.039297612862,6380.348954671883,2627.9999897003177,6384.083982333343,6388.537674603417,2630.999988555908,6353.660946908335,6360.759006021335,2764.999937438965,6342.749779930922,6357.845769783294,2771.9999347686767,6350.872327841795,6359.02651068252,2803.9999225616457,6356.30314209738,6360.987468288658,2808.999920654297,6355.46436562032,6359.57826359385,2839.9999088287354,6363.08407555705,6368.400349970963,2843.9999073028566,6321.142406088578,6335.125835192714,2877.999894332886,6307.217400739676,6325.640532444906,2880.9998931884766,6314.692745361738,6332.214166946847,2877.999894332886,6320.144698474798,6336.858431396522,2881.9998928070067,6341.249124308463,6352.1135846807465,2937.9998714447024,6344.364354922516,6355.352701959227,2942.999869537354,6340.193371947305,6350.7431916129235,2968.999859619141,6332.217290705139,6348.248092734664,2975.9998569488525,-0.9235163847862077,2753.461921731686,-0.168380173972661,2772.2101000316143,0.09456826860459402,2772.4730484741917,0.3352955039511863,2861.685077615432,-0.5964791502959903,2875.38933604262,-0.30692736706066065,2882.973086584512,0.09815197608483243,2976.1816648401878,-0.374583784582618,2975.70892907952
89,7.047440312453546,1778269150.2619488,0.012299041030928493,6364.71917046184,6375.475259039643,2627.9999897003177,6379.335599229759,6385.858032521319,2630.999988555908,6350.669654919461,6357.09986092857,2764.999937438965,6339.32748112602,6353.791162086988,2771.9999347686767,6348.09976923312,6356.855066173549,2803.9999225616457,6351.9662851117155,6359.57230033316,2808.999920654297,6354.648088149892,6360.688204908763,2839.9999088287354,6361.250100864993,6362.111177675213,2843.9999073028566,6317.206935232448,6329.082038389829,2877.999894332886,6296.720237185562,6320.652156371306,2880.9998931884766,6308.68854112541,6327.393223706331,2877.999894332886,6317.831897790141,6334.573227985451,2881.9998928070067,6337.706919949874,6350.078255952563,2937.9998714447024,6347.086166213283,6353.397970474065,2942.999869537354,6335.1464773665075,6345.992378579945,2968.999859619141,6329.274551456429,6343.052257236299,2975.9998569488525,-0.7193573150976359,2753.6660808013744,-0.16695486902663179,2772.2115253365605,0.29514981683253205,2772.6736300224197,-0.3441375535103265,2861.0056445579703,-0.4155186294276491,2875.5702965634887,-0.3321981442574752,2882.9478158073157,-0.3947804300921249,2975.688732434011,-0.46989242208825827,2975.6136204420145
90,7.157282437430695,1778269150.372434,0.01358337514102459,6370.621045633768,6381.284286456581,2627.9999897003177,6386.727190757099,6391.858613259162,2630.999988555908,6359.882972155149,6363.429784210044,2764.999937438965,6345.6149066234675,6357.002665281047,2771.9999347686767,6352.491426475533,6360.942089739279,2803.9999225616457,6359.563471589694,6364.899122780205,2808.999920654297,6357.821951890453,6361.819437906898,2839.9999088287354,6363.55234129046,6370.111773695633,2843.9999073028566,6325.139222728246,6338.786782101047,2877.999894332886,6306.071258061559,6327.461191429531,2880.9998931884766,6316.890486597181,6339.836852400893,2877.999894332886,6329.366575480636,6342.3427621725705,2881.9998928070067,6344.44103982639,6354.98018614176,2937.9998714447024,6352.995526790353,6359.395778952839,2942.999869537354,6341.4344942995995,6351.316781795397,2968.999859619141,6333.02853103891,6350.921902986216,2975.9998569488525,-0.82025807929774,2753.5651800371743,-0.17382050677972014,2772.2046596988075,0.1251879550682774,2772.5036681606553,0.4800120448871961,2861.829794156368,-0.5180338431533337,2875.467781349763,-0.505449669996968,2882.774564281576,-0.24144876135295967,2975.84206410275,-0.28012470245481874,2975.803388161648
91,7.2690046249190345,1778269150.482945,0.011161749949678779,6366.704007091115,6377.298002567472,2627.9999897003177,6381.435120885168,6385.506669315646,2630.999988555908,6349.235857505273,6358.901537427026,2764.999937438965,6341.343828896293,6350.977768438426,2771.9999347686767,6345.462444600666,6353.582816272885,2803.9999225616457,6354.113636641501,6359.81736864627,2808.999920654297,6356.0049408564355,6361.104772748113,2839.9999088287354,6360.370321239721,6365.062556163462,2843.9999073028566,6319.857276033867,6333.657156829782,2877.999894332886,6301.508148668888,6321.86484549317,2880.9998931884766,6307.900142127945,6329.808403887887,2877.999894332886,6317.251430449002,6334.651765137391,2881.9998928070067,6342.307590854907,6351.0315417061465,2937.9998714447024,6347.672080264083,6355.343746370388,2942.999869537354,6338.1540407127795,6355.26221230553,2968.999859619141,6332.462109912279,6345.499326038451,2975.9998569488525,-0.897676430055178,2753.487761686417,-0.44879723631569124,2771.929682969271,0.18515227498632075,2772.5636324805732,0.16414808325025776,2861.513930194731,-0.546005486088019,2875.439809706828,-0.3873277005774295,2882.8926862509957,0.0044011230057989514,2976.0879139871085,-0.731409351085035,2975.352103513018
92,7.353101270855404,1778269150.567318,0.01171020814217627,6368.525686951738,6375.4333878411835,2627.9999897003177,6379.198922578476,6386.838774948803,2630.999988555908,6349.837731148944,6357.861006510377,2764.999937438965,6339.529053702968,6351.158909741112,2771.9999347686767,6346.796425405752,6355.646764678912,2803.9999225616457,6353.022842864566,6362.269670202036,2808.999920654297,6356.997741235443,6360.711361066113,2839.9999088287354,6360.782293608827,6362.289578812239,2843.9999073028566,6318.242543631752,6335.04080294648,2877.999894332886,6306.045583335881,6326.23579790323,2880.9998931884766,6312.38664761439,6336.9660421187755,2877.999894332886,6325.856230705749,6343.38749121252,2881.9998928070067,6342.160002445213,6351.085259956597,2937.9998714447024,6343.88864963169,6352.786817250971,2942.999869537354,6335.539872237675,6349.972352293915,2968.999859619141,6330.869821499526,6345.469714521501,2975.9998569488525,-0.33148270456033335,2754.053955411912,-0.32159019639505426,2772.056890009192,0.4283871855826506,2772.80686739117,-0.027304634202199186,2861.3224774772784,-0.6213065781756647,2875.3645086147403,-0.4424251684171557,2882.8375887831558,0.08637175806682705,2976.16988462217,-0.5732730111636196,2975.5102398529393
93,7.4381713749608025,1778269150.6522639,0.011456833919510245,6366.173119479169,6376.559901580218,2627.9999897003177,6383.233478008375,6383.470597854326,2630.999988555908,6348.444836017971,6357.644215545435,2764.999937438965,6338.90342788153,6351.153768682948,2771.9999347686767,6346.8870113396715,6357.295997493658,2803.9999225616457,6354.746258825687,6361.014735458631,2808.999920654297,6352.9310694745855,6354.712343735673,2839.9999088287354,6357.112427789833,6361.17277409298,2843.9999073028566,6318.205373353303,6330.156336155515,2877.999894332886,6299.481420973805,6321.889140202342,2880.9998931884766,6308.99396949598,6332.453819115445,2877.999894332886,6319.470683436745,6334.759666228566,2881.9998928070067,6336.582836140233,6350.3468945808,2937.9998714447024,6343.318277959471,6354.40004890424,2942.999869537354,6336.234914570407,6349.014787419384,2968.999859619141,6329.621624843354,6343.168187792279,2975.9998569488525,-1.1807899264613924,2753.2046481900106,-0.3410027783703168,2772.037477427217,0.03625490818570139,2772.4147351137726,0.4506083585186825,2861.8003904699995,-0.45359305490764257,2875.5322221380084,-0.46664593977783286,2882.8133680117953,-0.12574150591630462,2975.9577713581866,-0.5507604421957788,2975.532752421907
94,7.523807603982277,1778269150.737911,0.011489792028442025,6365.716113946878,6377.532577864718,2627.9999897003177,6381.499914417582,6387.285811657549,2630.999988555908,6351.114711006511,6359.4074380291595,2764.999937438965,6342.897956719748,6354.937170278448,2771.9999347686767,6348.693961854692,6357.269101690253,2803.9999225616457,6354.236066876548,6361.974658434454,2808.999920654297,6354.055866980469,6357.95722560137,2839.9999088287354,6362.030930403153,6369.294632759727,2843.9999073028566,6322.159802243482,6335.678810710028,2877.999894332886,6303.0067212764,6321.900826787296,2880.9998931884766,6311.166413485345,6333.5323853042755,2877.999894332886,6321.055672891768,6337.898833939543,2881.9998928070067,6339.228121465903,6350.945239477947,2937.9998714447024,6347.413833786717,6356.607109453801,2942.999869537354,6336.927338998075,6346.540078552434,2968.999859619141,6332.537923709386,6344.588278265122,2975.9998569488525,-0.8595076068586943,2753.5259305096133,-0.3168638898612701,2772.0616163157256,0.32200680874971654,2772.700487014337,0.5650576536200718,2861.9148397651006,-0.573992906459618,2875.4118222864563,-0.40926377587936935,2882.8707501756935,-0.11317655073136694,2975.9703363133717,-0.48850782247655017,2975.5950050416263
95,7.605399895925075,1778269150.819903,0.012287457939237356,6365.529072042058,6373.890728061863,2627.9999897003177,6379.370824036434,6380.220382370022,2630.999988555908,6348.4375813797105,6356.988224776111,2764.999937438965,6338.664573463337,6351.130331326222,2771.9999347686767,6347.666077268697,6352.492412201607,2803.9999225616457,6349.118297826817,6357.767367118012,2808.999920654297,6350.93578567717,6355.702669865819,2839.9999088287354,6358.775046611852,6363.123905003516,2843.9999073028566,6318.209649417735,6329.194125378244,2877.999894332886,6298.003747287343,6319.830529999695,2880.9998931884766,6308.9073677293145,6329.447259834336,2877.999894332886,6319.130883027172,6339.331688418865,2881.9998928070067,6343.454551150778,6352.766285111717,2937.9998714447024,6346.570339578812,6354.007198092734,2942.999869537354,6337.775926888162,6351.734194761133,2968.999859619141,6333.147244551763,6345.18684781612,2975.9998569488525,-0.9749729716198365,2753.410465144852,-0.3108118743675832,2772.0676683312195,0.7253533477099341,2773.103833553297,0.16276863612957318,2861.51255074761,-0.4443340609480734,2875.541481131968,-0.2971744468329093,2882.9828395047402,-0.06084939531270375,2976.02266346879,-0.6512497040698538,2975.432263160033
96,7.694657999905758,1778269150.912559,0.019084416097030044,6362.848742244094,6376.0088165174075,2627.9999897003177,6379.3935706207785,6385.032750557814,2630.999988555908,6350.886931870281,6358.590402543021,2764.999937438965,6338.307862884738,6351.690170247884,2771.9999347686767,6344.167267781277,6351.32583672097,2803.9999225616457,6347.174542286884,6356.799422318672,2808.999920654297,6353.278928385854,6359.145661277012,2839.9999088287354,6359.6201118684485,6360.65806767124,2843.9999073028566,6314.135481553933,6329.883962465996,2877.999894332886,6303.834925268209,6319.345019408871,2880.9998931884766,6306.564986092858,6328.938512088517,2877.999894332886,6317.351960754348,6333.726356328514,2881.9998928070067,6340.453212397226,6350.05192254791,2937.9998714447024,6344.595274627869,6352.7753706024405,2942.999869537354,6334.053319375248,6347.867020203564,2968.999859619141,6332.7927453617385,6346.56735642021,2975.9998569488525,-0.976022299116136,2753.4094158173557,-0.24908626501235323,2772.1293939405746,0.607820243353553,2772.9863004489407,-0.3069347595230757,2861.0428473519573,-0.707432273592244,2875.278382919324,-0.41971506663213254,2882.8602988849407,-0.02469081471648822,2976.0588220493864,-0.5812842059582257,2975.5022286581448
97,7.820434478926472,1778269151.035062,0.01253670803271234,6366.239668979429,6374.921539260935,2627.9999897003177,6382.269624354311,6383.249984717426,2630.999988555908,6349.8190955772225,6357.2973469450135,2764.999937438965,6342.119677843324,6355.883505517009,2771.9999347686767,6345.695911911239,6352.892056117615,2803.9999225616457,6352.567461869976,6360.058616315677,2808.999920654297,6356.325702234313,6357.167012562276,2839.9999088287354,6360.563962160345,6366.374280954855,2843.9999073028566,6322.18086010331,6336.412116025307,2877.999894332886,6304.570714001895,6325.37970779717,2880.9998931884766,6309.937521777669,6329.522378274292,2877.999894332886,6319.031292600177,6338.261457346333,2881.9998928070067,6343.839028639545,6353.377714949415,2937.9998714447024,6348.521155668307,6356.515779258489,2942.999869537354,6334.427788305775,6346.7389002659165,2968.999859619141,6328.249141119295,6346.0949705046305,2975.9998569488525,-0.9897172472610045,2753.395720869211,-0.2282331069535731,2772.1502470986334,0.4197161392724312,2772.7981963448597,0.7369290050619259,2862.0867111165426,-0.5456173373913533,2875.4401978555247,-0.2974050690191264,2882.982608882554,-0.034665664743834805,2976.048847199359,-0.3726102377886744,2975.7109026263142
98,7.900073624914512,1778269151.113893,0.01092133391648531,6365.471805177736,6376.471715010544,2627.9999897003177,6380.8483907448735,6384.783647644956,2630.999988555908,6350.084578353762,6359.021313078827,2764.999937438965,6343.160456337684,6355.703493596601,2771.9999347686767,6351.4865818993185,6356.64763425742,2803.9999225616457,6354.9463841428,6362.368768530121,2808.999920654297,6356.059545496226,6361.564703365223,2839.9999088287354,6364.042014854663,6367.673692575726,2843.9999073028566,6321.920281505028,6335.177951829324,2877.999894332886,6307.529318091512,6322.968589723997,2880.9998931884766,6310.793112143534,6332.832930892197,2877.999894332886,6324.549964850078,6341.952663752788,2881.9998928070067,6342.909472139866,6354.433357276035,2937.9998714447024,6350.912632576337,6360.648994406578,2942.999869537354,6341.400632698597,6354.446275636519,2968.999859619141,6331.565206161933,6342.550019867348,2975.9998569488525,-0.9401043184071961,2753.445333798065,-0.32182310791237645,2772.056657097675,0.5900405705718641,2772.968520776159,0.007868482914925447,2861.3576505943956,-0.6499623671690747,2875.335852825747,-0.3903400436917173,2882.8896739078814,-0.054491210550175806,2976.0290216535527,-0.656230243677532,2975.4272826204256
99,7.9826713958755136,1778269151.1966982,0.011336292140185833,6364.505821132744,6371.693232875876,2627.9999897003177,6379.326451080478,6384.174070055323,2630.999988555908,6346.501781948222,6354.702231255922,2764.999937438965,6338.119132255402,6353.921973286059,2771.9999347686767,6347.801392242565,6351.334622673227,2803.9999225616457,6351.233178469908,6360.656568450652,2808.999920654297,6355.374059357521,6357.158963230124,2839.9999088287354,6361.7635403612785,6366.247296512517,2843.9999073028566,6318.296271051747,6331.969876516796,2877.999894332886,6300.3137329217225,6320.558504752881,2880.9998931884766,6309.180305345844,6327.693020448085,2877.999894332886,6315.073820949355,6333.846749396338,2881.9998928070067,6336.867461869975,6349.756835895712,2937.9998714447024,6342.923700217013,6351.26610630559,2942.999869537354,6335.556311703396,6347.480886083687,2968.999859619141,6330.460089555889,6341.6686004218,2975.9998569488525,-0.5713598647943122,2753.8140782516775,-0.18212283355856862,2772.1963573720286,0.9039252966064455,2773.2824055021933,0.4950399987332317,2861.844822110214,-0.5456571382171154,2875.440158054699,-0.2838672135296763,2882.996146738043,-0.2740690139934064,2975.8094438501093,-0.6063516956429978,2975.47716116846
100,8.058696833439171,1778269151.2726889,0.011266333051025867,6362.951451844608,6375.5282467830175,2627.9999897003177,6378.435093376533,6381.821716538803,2630.999988555908,6348.413787938991,6354.217709447688,2764.999937438965,6335.021641654186,6350.1958232723055,2771.9999347686767,6344.086381697588,6354.195317419078,2803.9999225616457,6350.2556117614695,6356.665070147018,2808.999920654297,6348.863130788275,6354.151007121679,2839.9999088287354,6357.197267475623,6360.6209294862,2843.9999073028566,6315.432168291713,6330.68544640401,2877.999894332886,6301.249209890882,6322.296815111411,2880.9998931884766,6307.384286456582,6330.023484732708,2877.999894332886,6320.0484732707755,6334.588697007672,2881.9998928070067,6339.396005134946,6351.896147262891,2937.9998714447024,6348.207086529938,6356.037401045328,2942.999869537354,6336.296242014855,6348.889922670171,2968.999859619141,6329.354810954549,6346.169494452425,2975.9998569488525,-1.1061691213221219,2753.27926899515,-0.11999286457778752,2772.258487341009,0.0743678793159228,2772.452848084903,0.008623902892518492,2861.358406014373,-0.5642600136334988,2875.4215551792827,-0.4652593439066906,2882.814754607666,-0.28399060634121215,2975.7995222577615,-0.4216540156869097,2975.661858848416
101,8.165336457896046,1778269151.379292,0.011195500148460269,6361.516659534798,6368.3648011737005,2627.9999897003177,6375.776632943118,6382.92374453648,2630.999988555908,6347.43803680044,6356.794972032889,2764.999937438965,6337.651745270043,6350.820209676927,2771.9999347686767,6346.153704496134,6355.023072103187,2803.9999225616457,6353.29464345753,6360.066155209829,2808.999920654297,6352.417422135281,6357.057155301525,2839.9999088287354,6360.580051655102,6363.745083595684,2843.9999073028566,6316.465984044991,6328.924322217808,2877.999894332886,6299.819185744414,6321.395198214995,2880.9998931884766,6309.108663691659,6329.801178286519,2877.999894332886,6314.968200018339,6333.557700889445,2881.9998928070067,6339.244675550936,6349.087909955068,2937.9998714447024,6346.761929577896,6355.260367698751,2942.999869537354,6338.357535837638,6351.190588990433,2968.999859619141,6332.551757496103,6344.118919827613,2975.9998569488525,-0.3655223202365882,2754.019915796235,-0.31439856680426126,2772.0640816387827,0.2128169934315846,2772.5912971990188,0.050272364214407686,2861.400054475695,-0.4854079754108645,2875.500407217505,-0.335042585208193,2882.944971366365,-0.01919888073500634,2976.064313983368,-0.6268121252857924,2975.4567007388173
102,8.24705666641239,1778269151.46126,0.011691833147779107,6363.317409909222,6370.1544884922205,2627.9999897003177,6374.085279823946,6379.053776324235,2630.999988555908,6347.62317449644,6354.6097441696975,2764.999937438965,6338.89989607849,6350.926308952532,2771.9999347686767,6345.653372864261,6352.235686340435,2803.9999225616457,6350.405996882355,6357.741070391539,2808.999920654297,6353.4490952715705,6358.518236696518,2839.9999088287354,6360.088016933094,6363.707506800745,2843.9999073028566,6316.643104502246,6332.061170033927,2877.999894332886,6304.517096616439,6320.945911911239,2880.9998931884766,6309.149510957606,6329.7673136290005,2877.999894332886,6316.580539169239,6335.011547513526,2881.9998928070067,6341.776414402298,6351.801366262188,2937.9998714447024,6346.030996118226,6352.4353806889385,2942.999869537354,6335.421279457162,6344.2507748265425,2968.999859619141,6328.604098786564,6341.375980377174,2975.9998569488525,-0.5343460380265174,2753.8510920784456,-0.2715772345504623,2772.1069029710366,0.4595456686319158,2772.838025874219,0.053019420032149,2861.402801531513,-0.6777302090193101,2875.3080849838966,-0.3369545083470484,2882.943059443226,-0.19998602112350589,2975.8835268429793,-0.43202833104126676,2975.6514845330616
103,8.360461687319912,1778269151.5742981,0.010956790996715426,6359.866606045785,6371.126715469023,2627.9999897003177,6378.743113671791,6381.517095088182,2630.999988555908,6349.347834459149,6355.283190695968,2764.999937438965,6336.07263960632,6354.704578659413,2771.9999347686767,6347.27549133478,6351.698163034508,2803.9999225616457,6348.311102790599,6355.113285142279,2808.999920654297,6349.274244276676,6352.619202555246,2839.9999088287354,6353.769217837822,6359.77760797139,2843.9999073028566,6315.204745239478,6330.285142280771,2877.999894332886,6299.940960357,6319.404184368982,2880.9998931884766,6306.478434758688,6331.969743558394,2877.999894332886,6319.637359782378,6341.331349145705,2881.9998928070067,6340.305871565242,6352.395204328025,2937.9998714447024,6348.571227496408,6354.836656783935,2942.999869537354,6337.184064859247,6346.249782987438,2968.999859619141,6325.937148882843,6342.128107711587,2975.9998569488525,-1.0516941806631623,2753.333743935809,-0.003986867087688884,2772.374493338499,0.6006905190234386,2772.9791707246104,0.4914264186939248,2861.8412085301748,-0.5976079167893389,2875.3882072761266,-0.3722712872960419,2882.907742664277,-0.37574888516862875,2975.707763978934,-0.3127060622462378,2975.7708068018565
104,8.436899166437797,1778269151.650893,0.011271666968241334,6363.286565088487,6369.448618455237,2627.9999897003177,6374.936366415015,6380.272905523123,2630.999988555908,6343.40179570254,6355.784981813736,2764.999937438965,6336.99844117737,6349.530626279915,2771.9999347686767,6343.458189931839,6351.319633523856,2803.9999225616457,6349.089022526515,6356.798132469358,2808.999920654297,6349.61053733533,6351.259501176757,2839.9999088287354,6355.386441299629,6359.600594492159,2843.9999073028566,6314.810022312558,6329.371476602378,2877.999894332886,6299.614666687044,6322.093483510102,2880.9998931884766,6308.654147690803,6326.529124002812,2877.999894332886,6313.25163829202,6329.745033163186,2881.9998928070067,6337.263684017483,6348.452619433322,2937.9998714447024,6341.693809028946,6354.023426658923,2942.999869537354,6333.661622398142,6346.319719106275,2968.999859619141,6324.509710548033,6340.148601644405,2975.9998569488525,-0.45292830604162326,2753.9325098104305,-0.4424653804100102,2771.936014825177,0.3811276286387453,2772.759607834226,0.48113211621160307,2861.830914227692,-0.5139016814067768,2875.4719135115092,-0.31933091070309244,2882.9606830408698,0.17885066241796374,2976.262363526521,-0.46773266823622534,2975.6157801958666
105,8.516019603819586,1778269151.729698,0.010642708046361804,6359.4768881621185,6369.017200537947,2627.9999897003177,6373.928691505945,6379.057338692423,2630.999988555908,6345.2703930678235,6354.362186325152,2764.999937438965,6337.356271968702,6351.281556988722,2771.9999347686767,6341.246556835895,6349.931744964391,2803.9999225616457,6346.746293975609,6354.877514747685,2808.999920654297,6349.182750557814,6354.299112082404,2839.9999088287354,6357.074378763335,6361.43820643702,2843.9999073028566,6312.8898905767655,6329.534457621421,2877.999894332886,6300.871169422624,6318.478158144084,2880.9998931884766,6306.980163217899,6325.954803313262,2877.999894332886,6317.010198062169,6334.322971238194,2881.9998928070067,6334.954214934132,6346.008486413791,2937.9998714447024,6341.408426811749,6351.198558853195,2942.999869537354,6329.056304062109,6342.431003759513,2968.999859619141,6322.920000305652,6337.975971207628,2975.9998569488525,-0.7334223149530498,2753.6520158015187,-0.2787962473728116,2772.0996839582144,0.3463536021997679,2772.7248338077866,0.12708729108202432,2861.4768694025624,-0.6788215807255144,2875.3069936121906,-0.3257402369627299,2882.9542737146103,-0.012794608682820454,2976.07071825542,-0.5165315910792304,2975.5669812730234
106,8.589825895382091,1778269151.803724,0.011081874836236238,6369.133352691262,6375.426547360699,2627.9999897003177,6379.750959745698,6384.291330195311,2630.999988555908,6354.783607910262,6362.949431488218,2764.999937438965,6346.7610722254485,6361.475448543571,2771.9999347686767,6351.092945563467,6358.6370984503465,2803.9999225616457,6354.139014885228,6362.164261698812,2808.999920654297,6355.461029434238,6359.616022251428,2839.9999088287354,6362.831051135494,6366.2305957147655,2843.9999073028566,6319.710036066876,6335.4045587920655,2877.999894332886,6306.390723477091,6328.21574869334,2880.9998931884766,6318.035851392242,6336.57743222178,2877.999894332886,6325.543249686709,6341.783371030351,2881.9998928070067,6343.922570834735,6356.329830057768,2937.9998714447024,6349.538958339701,6357.3662789986865,2942.999869537354,6340.633233487178,6352.330600299539,2968.999859619141,6333.342499312284,6346.220203563897,2975.9998569488525,-0.5251283799272407,2753.860309736545,-0.21922977936837304,2772.1592504262185,0.4361397124106238,2772.814619917998,0.12698969583781586,2861.4767718073185,-0.5564675592383841,2875.429347633678,-0.3393492264242697,2882.9406647251485,-0.27626435893663726,2975.807248505166,-0.5353034668811746,2975.548209397222
107,8.662406207877211,1778269151.876066,0.010605999967083335,6367.6390806003,6376.179544273619,2627.9999897003177,6383.013092581839,6387.642944035211,2630.999988555908,6355.838724516307,6362.491152917444,2764.999937438965,6344.314836323623,6358.86735030718,2771.9999347686767,6352.214785891127,6356.732736803497,2803.9999225616457,6354.822922333955,6364.596454442644,2808.999920654297,6358.1451554237865,6361.226337989424,2839.9999088287354,6361.845575694593,6366.546870128679,2843.9999073028566,6321.807288259925,6336.140475899379,2877.999894332886,6301.648445762142,6323.957060549562,2880.9998931884766,6309.34622061925,6330.516783323654,2877.999894332886,6321.267373231041,6340.321756273496,2881.9998928070067,6339.6130513188855,6350.41738087233,2937.9998714447024,6350.15715835804,6357.021954946969,2942.999869537354,6339.836098969955,6350.676105694287,2968.999859619141,6331.542263960632,6347.550033621664,2975.9998569488525,-0.693896014805821,2753.691542101666,-0.17182650257148555,2772.2066537030155,0.8487208416296641,2773.2272010472166,0.38015001833828665,2861.7299321298187,-0.5123213185838011,2875.4734938743322,-0.3357238310548351,2882.944290120518,-0.22600242687427685,2975.8575104372285,-0.3862436571960989,2975.6972692069066
108,8.739478770294227,1778269151.9534101,0.011147374985739589,6366.35762600483,6375.078034355229,2627.9999897003177,6381.67413271388,6384.047236910474,2630.999988555908,6354.1103050401925,6357.856886328209,2764.999937438965,6336.420020172999,6350.85973041538,2771.9999347686767,6344.950932237063,6355.452011186845,2803.9999225616457,6351.579749060123,6360.175092459578,2808.999920654297,6352.691220160772,6355.847140630254,2839.9999088287354,6359.450797750405,6359.165242840114,2843.9999073028566,6314.849411620869,6330.64335666473,2877.999894332886,6303.738947641898,6320.6706070238715,2880.9998931884766,6307.749245040804,6332.589314423694,2877.999894332886,6319.26804107956,6335.692416786381,2881.9998928070067,6338.157138490694,6349.326266161323,2937.9998714447024,6342.365313139958,6350.277666045176,2942.999869537354,6332.473441941499,6345.156016749703,2968.999859619141,6328.247857383012,6345.94436989944,2975.9998569488525,-0.88401606802276,2753.501422048449,-0.07371199501887991,2772.304768210568,0.22937277990596452,2772.607852985493,-0.1591789382204124,2861.19060317326,-0.6747641036794266,2875.3110510892366,-0.47201136850137476,2882.808002583072,-0.17112674641867573,2975.912386117684,-0.3922142210307687,2975.691298643072
109,8.847437749849632,1778269152.061554,0.011520584113895893,6368.04517070636,6378.166521991626,2627.9999897003177,6382.358801234831,6384.3258932664985,2630.999988555908,6349.666708439037,6355.158781367484,2764.999937438965,6338.60895406058,6352.274076168352,2771.9999347686767,6344.936066876548,6354.3814928019065,2803.9999225616457,6355.587793807501,6363.2566036005755,2808.999920654297,6355.078147446283,6357.543168689061,2839.9999088287354,6361.862197022954,6365.842918054834,2843.9999073028566,6323.189022526515,6336.305081456124,2877.999894332886,6304.868106794633,6325.426021640125,2880.9998931884766,6313.007670324296,6333.326483173885,2877.999894332886,6319.824027264113,6338.275361432894,2881.9998928070067,6342.816182718465,6349.83513158297,2937.9998714447024,6347.394273619219,6356.761613228597,2942.999869537354,6334.383189167711,6349.98781214659,2968.999859619141,6331.155275544824,6345.394319466944,2975.9998569488525,-1.0248297845159298,2753.360608331956,-0.16203369165594705,2772.2164465139313,0.24015079821317695,2772.6186310038,0.368980855817578,2861.718762967298,-0.5251543558789995,2875.4606608370373,-0.3299773474984921,2882.9500366040743,0.2751958938950963,2976.358708757998,-0.6306487172561365,2975.452864146847
110,8.920519666280597,1778269152.1347861,0.011818083003163338,6368.590498823241,6377.093368890791,2627.9999897003177,6383.428582999663,6385.7866338600725,2630.999988555908,6357.098135525873,6362.78696854846,2764.999937438965,6342.783776018583,6356.388417336552,2771.9999347686767,6349.397703029006,6355.961909710548,2803.9999225616457,6357.251224134243,6360.359825167344,2808.999920654297,6355.485099489562,6362.477491823823,2839.9999088287354,6361.927482654278,6367.4802350459995,2843.9999073028566,6319.067052296971,6334.0449109025885,2877.999894332886,6303.799226701714,6322.966013081883,2880.9998931884766,6312.676908029463,6333.272917749183,2877.999894332886,6321.654112540881,6338.629518293243,2881.9998928070067,6340.543530886083,6350.343825839778,2937.9998714447024,6344.620382370022,6356.9312650915435,2942.999869537354,6338.22231255922,6352.643685240089,2968.999859619141,6332.893666900999,6348.620655928111,2975.9998569488525,-0.8680279496838073,2753.517410166788,-0.1711013954568721,2772.20737881013,0.0955959673445692,2772.4740761729317,0.05403224079529771,2861.4038143522757,-0.6022661392122536,2875.383549053704,-0.3680341181349274,2882.911979833438,0.28791202030316365,2976.371424884406,-0.5307099664784827,2975.5528028976246
111,9.004764124867506,1778269152.219656,0.013071833876892924,6363.816668704344,6373.0496500290365,2627.9999897003177,6376.863262218419,6382.109948956201,2630.999988555908,6349.050125317113,6358.275427147966,2764.999937438965,6339.4920347220095,6350.3164043158,2771.9999347686767,6345.251725402695,6354.073530580432,2803.9999225616457,6351.536921172479,6358.705371825045,2808.999920654297,6352.32585506006,6355.547119234648,2839.9999088287354,6359.80137695999,6365.0760583183055,2843.9999073028566,6320.2515985573245,6334.15323990586,2877.999894332886,6305.831313995781,6325.894236941041,2880.9998931884766,6312.7862135892665,6332.990741816182,2877.999894332886,6320.413836843232,6338.749686707217,2881.9998928070067,6343.319963627472,6353.016599932757,2937.9998714447024,6347.690414769081,6357.023130176973,2942.999869537354,6339.57742610875,6348.482094935354,2968.999859619141,6330.734983341995,6345.205882263043,2975.9998569488525,-0.6998964930503563,2753.6855416234216,-0.3917327250354722,2771.9867474805515,0.2512899755985675,2772.6297701811854,0.42610271558707924,2861.775884827068,-0.5556756998554097,2875.430139493061,-0.33005444768459663,2882.9499595038883,0.05924420773337028,2976.142757071836,-0.37127557416523405,2975.7122372899375
112,9.082898645894602,1778269152.296931,0.011353457812219858,6363.105925054254,6373.271155668307,2627.9999897003177,6379.2972017605525,6386.109051869059,2630.999988555908,6351.6148011737005,6361.812657028457,2764.999937438965,6347.064691139163,6359.358179234037,2771.9999347686767,6348.411792034722,6358.013609132867,2803.9999225616457,6356.9298804902655,6365.098201240945,2808.999920654297,6355.384491243085,6359.78336033255,2839.9999088287354,6364.716292753003,6366.05819604487,2843.9999073028566,6319.91189595623,6335.8680838707705,2877.999894332886,6302.975028272764,6324.80454962252,2880.9998931884766,6313.922139866124,6331.666266772625,2877.999894332886,6319.072662530183,6339.707167527586,2881.9998928070067,6341.882820857658,6349.029964544427,2937.9998714447024,6348.6815951951585,6354.603710609163,2942.999869537354,6338.888317999817,6348.363318763946,2968.999859619141,6330.0537763242355,6345.683876883578,2975.9998569488525,-0.650890263236883,2753.734547853235,-0.37472282212991387,2772.003757383457,0.27006884672133624,2772.648549052308,-0.11811911927933123,2861.231662992201,-0.5622569833365632,2875.4235582095794,-0.22693128847890015,2883.0530826630943,-0.009402917796820226,2976.074109946306,-0.34925964355587735,2975.734253220547
113,9.155862624873407,1778269152.3699908,0.011545833898708224,6366.508072256013,6377.927785249259,2627.9999897003177,6382.143323043066,6384.819769538771,2630.999988555908,6349.431439312894,6356.5361234220745,2764.999937438965,6338.157529724608,6353.625569275912,2771.9999347686767,6346.647006143596,6352.214218907602,2803.9999225616457,6352.736135648133,6357.808619372192,2808.999920654297,6351.93702356573,6357.159123697161,2839.9999088287354,6361.180137237522,6365.443778463796,2843.9999073028566,6320.078054222576,6332.209777791362,2877.999894332886,6300.050941406608,6322.676403704497,2880.9998931884766,6309.576790353639,6331.333931900846,2877.999894332886,6321.573733838678,6337.627273283003,2881.9998928070067,6341.56358315249,6351.29400006113,2937.9998714447024,6348.695668918299,6355.651490051043,2942.999869537354,6337.813153712136,6350.361437478988,2968.999859619141,6333.875448543571,6348.154876669622,2975.9998569488525,-1.0709483143216183,2753.3144898021505,-0.15541027009900987,2772.223069935488,0.3516632451229224,2772.73014345071,0.1050930355927171,2861.4548751470734,-0.452682427547136,2875.533132765369,-0.4133255934161343,2882.866688358157,-0.13288622361376562,2975.950626640489,-0.5149546241699934,2975.568558239933
114,9.228255499852821,1778269152.4422212,0.011218999978154898,6369.596046397897,6378.40281505028,2627.9999897003177,6383.639386251795,6385.27744444784,2630.999988555908,6353.238984320078,6359.895285325672,2764.999937438965,6342.126999724914,6354.465495002597,2771.9999347686767,6349.47290093835,6358.183569703823,2803.9999225616457,6356.193208423755,6362.442650609774,2808.999920654297,6356.460673350246,6357.761440535501,2839.9999088287354,6359.486536051594,6366.454691750466,2843.9999073028566,6320.23517284592,6330.162383470367,2877.999894332886,6303.439710242383,6322.966595347985,2880.9998931884766,6313.754713146071,6334.328083259467,2877.999894332886,6320.887853409542,6338.696190054101,2881.9998928070067,6342.743896139621,6354.499121251949,2937.9998714447024,6349.229140813644,6358.56812666198,2942.999869537354,6341.45494391295,6353.637715866369,2968.999859619141,6335.783979276828,6348.777033346579,2975.9998569488525,-0.9478036851175762,2753.4376344313546,-0.24914937562658768,2772.1293308299605,0.18156778785557628,2772.560047993443,0.81123340526791,2862.1610155167486,-0.47409675330619666,2875.51171843961,-0.3494058956021129,2882.930608055971,-0.10431210656002693,2975.979200757543,-0.5492460769177602,2975.534266787185
115,9.337293478893116,1778269152.551349,0.011398958042263985,6372.551114099703,6382.495531375127,2627.9999897003177,6386.197878778617,6389.167712504202,2630.999988555908,6354.75516245377,6363.348523703273,2764.999937438965,6347.576244765718,6359.861440535502,2771.9999347686767,6350.231917657487,6361.621569826085,2803.9999225616457,6359.9274795977635,6368.743860989699,2808.999920654297,6360.449764648348,6365.338921661522,2839.9999088287354,6366.458983097472,6370.703485955314,2843.9999073028566,6324.1860943851825,6337.930705749304,2877.999894332886,6310.061555154813,6327.8111944860475,2880.9998931884766,6315.073238683253,6337.116225509673,2877.999894332886,6327.337859522572,6342.504497661766,2881.9998928070067,6345.41788978207,6356.247958248006,2937.9998714447024,6349.399315340648,6359.313275972735,2942.999869537354,6343.052194577742,6356.52662530183,2968.999859619141,6336.399067762936,6351.270026286029,2975.9998569488525,-0.9323932730517508,2753.4530448434202,-0.3189147303242884,2772.059565475263,0.17150229137197814,2772.549982496959,0.13885853473782,2861.4886406462183,-0.6068086357079323,2875.379006557208,-0.43858910540048957,2882.8414248461727,0.015353691000002645,2976.098866555103,-0.5272535215185097,2975.5562593425843
116,9.414567520958371,1778269152.628691,0.011536957928910851,6361.387283369501,6369.2542149341325,2627.9999897003177,6378.70838402054,6383.682932420455,2630.999988555908,6349.90151603142,6356.9417550508915,2764.999937438965,6339.908923495431,6355.689163126202,2771.9999347686767,6347.251627594217,6355.222298804902,2803.9999225616457,6351.477387902314,6359.027572821469,2808.999920654297,6353.20221444509,6358.196538496806,2839.9999088287354,6360.680196839562,6364.610751291378,2843.9999073028566,6319.049289360272,6334.289435156035,2877.999894332886,6304.2559846562945,6321.860463978971,2880.9998931884766,6307.84608766085,6332.092254791088,2877.999894332886,6319.627785249259,6333.54769538772,2881.9998928070067,6338.550278142861,6347.543698994406,2937.9998714447024,6343.203230736314,6352.2341183482595,2942.999869537354,6334.996223675766,6346.326894275147,2968.999859619141,6329.560146101416,6342.6757541950665,2975.9998569488525,-0.6147993349847012,2753.7706387814874,-0.1423982742983502,2772.2360819312885,0.3581061675672825,2772.7365863731543,0.09404999488517134,2861.443832106366,-0.6455084854242541,2875.340306707492,-0.5134037489727096,2882.7666102026,0.09117894805798916,2976.1746918121607,-0.5128020368684043,2975.5707108272345
117,9.488694895408116,1778269152.702987,0.011873624986037612,6369.467273894305,6382.202773787329,2627.9999897003177,6386.458243420851,6390.534164195984,2630.999988555908,6354.490196228261,6360.188438732158,2764.999937438965,6344.970743038788,6360.335771922853,2771.9999347686767,6353.77786930342,6360.618391050523,2803.9999225616457,6358.320764434392,6364.038446373445,2808.999920654297,6359.484877892227,6366.005665250481,2839.9999088287354,6366.15903352997,6370.90683742397,2843.9999073028566,6322.984124461289,6336.773662010576,2877.999894332886,6305.179175963566,6325.033219732861,2880.9998931884766,6314.125165815936,6338.897105480331,2877.999894332886,6327.027496408594,6345.926724638566,2881.9998928070067,6348.841660298926,6357.724759299446,2937.9998714447024,6350.370224959501,6355.12057645872,2942.999869537354,6341.27419995721,6354.814558180762,2968.999859619141,6337.085292050004,6347.269503621971,2975.9998569488525,-1.0641460807298908,2753.321292035742,-0.11028621730786752,2772.268193988279,0.29751128508459074,2772.6759914906715,0.018692776369240573,2861.36847488785,-0.5577774714143917,2875.428037721502,-0.4169535772954938,2882.8630603742777,-0.24030760799774128,2975.843205256105,-0.7049853150068038,2975.378527549096
118,9.561605520895682,1778269152.775794,0.011665541911497712,6365.217645260874,6372.949063178165,2627.9999897003177,6376.8543891554855,6378.60134028181,2630.999988555908,6348.827494880337,6355.412241342421,2764.999937438965,6338.2556545526795,6350.957057493047,2771.9999347686767,6345.462374300822,6355.956817556622,2803.9999225616457,6352.643926704771,6358.59699697405,2808.999920654297,6350.471921325306,6356.093249686708,2839.9999088287354,6359.1919201026985,6364.792172265184,2843.9999073028566,6321.865340648593,6331.685004737598,2877.999894332886,6301.049565974876,6320.27981630345,2880.9998931884766,6308.0465507228655,6330.000374423083,2877.999894332886,6320.197429470917,6337.113048262371,2881.9998928070067,6341.942821774613,6347.017545924138,2937.9998714447024,6345.524841825351,6356.554974478099,2942.999869537354,6337.779937035792,6348.627782192744,2968.999859619141,6329.720807225602,6342.636436714858,2975.9998569488525,-0.8556727853451134,2753.529765331127,-0.2338711833578221,2772.1446090222294,0.001583881812752509,2772.3800640873997,0.20483621079317688,2861.5546183222737,-0.4783409375993488,2875.5074742553165,-0.39896562834727933,2882.8810483232255,0.5625659784520991,2976.646078842555,-0.5020641934235984,2975.5814486706795
119,9.640505624935031,1778269152.854624,0.011527333874255419,6368.50702539964,6373.689870709417,2627.9999897003177,6377.152660696274,6379.926542775927,2630.999988555908,6346.681356786992,6357.05743802916,2764.999937438965,6340.5018889262465,6355.000004584773,2771.9999347686767,6350.601107986673,6353.023756762539,2803.9999225616457,6351.585753583763,6360.4783598740705,2808.999920654297,6352.7779289054615,6359.613300424855,2839.9999088287354,6360.748257786471,6366.670634532506,2843.9999073028566,6317.25075190268,6330.901531313996,2877.999894332886,6301.926101109516,6319.7763364611665,2880.9998931884766,6309.977763853654,6333.701537427025,2877.999894332886,6320.049706574564,6335.437998594003,2881.9998928070067,6339.387731148944,6348.983071491885,2937.9998714447024,6343.2595149310755,6353.429142341902,2942.999869537354,6334.846642418315,6346.20967539811,2968.999859619141,6332.419994192622,6343.909745697956,2975.9998569488525,-0.576181065465919,2753.809257051006,-0.3038162833573434,2772.07466392223,0.9542938225574193,2773.3327740281443,0.10987113021299844,2861.4596532416936,-0.6020179095480629,2875.383797283368,-0.4701550197384738,2882.8098589318347,0.13396069313803555,2976.2174735572407,-0.5750249695614256,2975.5084878945413
120,9.717336166882887,1778269152.931468,0.011550500057637691,6364.254925573861,6374.093159519516,2627.9999897003177,6374.874511721736,6380.358738576276,2630.999988555908,6348.320915731882,6355.508439037809,2764.999937438965,6339.290558425284,6353.260146101416,2771.9999347686767,6344.534537090809,6349.61281902375,2803.9999225616457,6351.385964483296,6359.409021303909,2808.999920654297,6353.662866399731,6353.162450713697,2839.9999088287354,6355.228790842681,6363.230184613503,2843.9999073028566,6314.663025338508,6330.525605954091,2877.999894332886,6299.189592566556,6319.163682489225,2880.9998931884766,6308.651688724516,6331.005374881561,2877.999894332886,6316.537877861662,6331.46694990372,2881.9998928070067,6334.859952012715,6345.287931350674,2937.9998714447024,6341.365488889567,6350.708208270929,2942.999869537354,6332.05863923954,6342.7655286242625,2968.999859619141,6327.50123177553,6341.759138979736,2975.9998569488525,-0.7284295868513586,2753.6570085296207,-0.21074139838233372,2772.167738807205,0.6489820914525888,2773.0274622970396,1.1138045268229237,2862.4635866383037,-0.6039919498666927,2875.3818232430494,-0.4503834904597512,2882.829630461113,0.001472127795947072,2976.0849849918986,-0.44678989207519576,2975.6367229720277
121,9.84860714583192,1778269153.062679,0.011435291962698102,6368.042187547758,6374.37034110707,2627.9999897003177,6380.725729742947,6384.841403551671,2630.999988555908,6349.590954243971,6357.801467127182,2764.999937438965,6340.024656906196,6357.352850200201,2771.9999347686767,6349.574160222515,6356.307933184584,2803.9999225616457,6356.3074869334,6361.4078384326185,2808.999920654297,6355.056712106855,6360.171369624354,2839.9999088287354,6359.191223217288,6364.355079927866,2843.9999073028566,6320.311711037076,6335.376253935263,2877.999894332886,6302.22488461656,6322.183612495033,2880.9998931884766,6308.743775407281,6332.862377357336,2877.999894332886,6320.505275544825,6340.487482042975,2881.9998928070067,6341.760781856526,6352.126646697436,2937.9998714447024,6352.257696304673,6359.582758199102,2942.999869537354,6338.622094018401,6353.406617354893,2968.999859619141,6334.461654491549,6347.808362624935,2975.9998569488525,-0.5611174080275259,2753.8243207084442,-0.12930151096097559,2772.249178694626,0.2531638128006508,2772.6316440183878,0.2127832589823641,2861.562565370463,-0.5853765436247963,2875.400438649291,-0.3794472952196387,2882.9005666563535,-0.1543844504077997,2975.9291284136953,-0.6332687552527654,2975.4502441088503
122,9.929248520871624,1778269153.1434188,0.011630457825958729,6369.610595409115,6374.615907632118,2627.9999897003177,6378.541001619953,6386.738226304368,2630.999988555908,6351.65191643488,6357.192716324846,2764.999937438965,6341.492309808358,6354.902789069902,2771.9999347686767,6348.321890760155,6354.311906654033,2803.9999225616457,6351.415861784393,6357.263500626586,2808.999920654297,6355.014063025339,6357.143263441025,2839.9999088287354,6358.343514075252,6363.370431274261,2843.9999073028566,6321.603065684506,6330.587735733717,2877.999894332886,6302.436033254883,6322.0688678668575,2880.9998931884766,6309.349413149128,6330.298114130269,2877.999894332886,6317.845485527402,6335.705434483602,2881.9998928070067,6337.203606687654,6347.610731424031,2937.9998714447024,6344.48747898646,6352.590995506924,2942.999869537354,6335.821606504263,6348.781116850567,2968.999859619141,6329.415533209035,6345.048143167161,2975.9998569488525,-0.13935222420790377,2754.246085892264,-0.17278037653142533,2772.2056998290554,0.38233635963044243,2772.7608165652173,0.5164068825169471,2861.8661889939976,-0.4491364549676761,2875.5366787379485,-0.35653954761252116,2882.9234744039604,-0.0955659768662468,2975.987946887237,-0.4795196636170962,2975.603993200486
123,10.003937228932045,1778269153.2182348,0.011887292144820094,6361.9811565852615,6373.318869395114,2627.9999897003177,6377.116237735734,6384.21257603081,2630.999988555908,6352.074774582023,6357.1704343307765,2764.999937438965,6336.9237888559455,6350.825738912492,2771.9999347686767,6342.913849069291,6352.658295381605,2803.9999225616457,6347.690463673321,6355.848855335147,2808.999920654297,6347.272242259376,6353.093650090168,2839.9999088287354,6355.27044961335,6363.178853501237,2843.9999073028566,6316.746429990524,6327.868317694165,2877.999894332886,6300.368953449276,6321.049388697008,2880.9998931884766,6305.822292691873,6329.221594278204,2877.999894332886,6319.993150349971,6336.2067212764005,2881.9998928070067,6337.186196778433,6346.588518201546,2937.9998714447024,6341.57552189993,6352.116210227099,2942.999869537354,6332.803482898799,6344.296310786442,2968.999859619141,6326.527902925084,6341.08097625088,2975.9998569488525,-0.7201906537343645,2753.6652474627376,-0.139714618024884,2772.2387655875623,0.2571840199312647,2772.635664225518,0.42927541531795704,2861.7790575267986,-0.4749880732028328,2875.510827119713,-0.4456044393303989,2882.8344095122425,0.17882302599884942,2976.262335890102,-0.4650144650292956,2975.618498399074
124,10.085328979417682,1778269153.29936,0.011353875044733286,6370.864749212948,6375.785516703854,2627.9999897003177,6381.059267353364,6386.35991839105,2630.999988555908,6351.935605342788,6356.028772503591,2764.999937438965,6338.534171837271,6350.290413240823,2771.9999347686767,6342.67591619036,6352.467472567779,2803.9999225616457,6351.086128006847,6360.425928416419,2808.999920654297,6354.862111440536,6359.373347189535,2839.9999088287354,6362.322184185592,6365.340118287129,2843.9999073028566,6319.367669712993,6331.6785157563345,2877.999894332886,6301.701899624049,6321.618606534828,2880.9998931884766,6308.167130238103,6329.628638016933,2877.999894332886,6318.668183207507,6335.466601461014,2881.9998928070067,6340.448370877525,6351.611027905981,2937.9998714447024,6347.4590671516335,6354.795745331173,2942.999869537354,6334.3216019194915,6351.309035058226,2968.999859619141,6333.225407280619,6348.761711037077,2975.9998569488525,-0.35863629634603866,2754.026801820126,-0.1797525858281756,2772.1987276197588,0.3547611944167883,2772.733241400004,0.048399821002407195,2861.398181932483,-0.52122142296636,2875.4645937699497,-0.3907480260013762,2882.8892659255716,-0.21661419189389314,2975.866898672209,-0.6339917517134809,2975.4495211123894
125,10.168581937323324,1778269153.382862,0.011850625043734908,6370.83889873766,6381.1958431396515,2627.9999897003177,6380.219181159642,6386.41810220986,2630.999988555908,6354.955384051105,6362.504648959258,2764.999937438965,6341.845127915151,6357.03338325641,2771.9999347686767,6349.923802610264,6358.042349543051,2803.9999225616457,6356.485802488004,6363.28519118501,2808.999920654297,6359.031089341932,6361.216777210624,2839.9999088287354,6362.253152795183,6367.585423480147,2843.9999073028566,6322.09107039154,6333.37133600269,2877.999894332886,6305.391909404896,6322.329947733595,2880.9998931884766,6312.108053916924,6336.925520371673,2877.999894332886,6321.181778586057,6336.882156065654,2881.9998928070067,6340.427016535747,6351.671971757803,2937.9998714447024,6351.64282330287,6358.019063483815,2942.999869537354,6340.184740349054,6352.70453739646,2968.999859619141,6332.119087935936,6345.355646911392,2975.9998569488525,-0.7127218057063835,2753.6727163107657,-0.18078155343905616,2772.197698652148,0.28026521442874924,2772.6587454200157,0.5426888692480333,2861.892470980729,-0.5675176681436046,2875.4182975247727,-0.4869268392750554,2882.793087112298,-0.29996151226015527,2975.7835513518426,-0.5525388050797231,2975.5309740590233
126,10.242901791352779,1778269153.456959,0.011405833065509796,6367.194894091758,6376.604519057371,2627.9999897003177,6383.619780236573,6388.525008405416,2630.999988555908,6353.703077910566,6359.514082892686,2764.999937438965,6339.796761622398,6352.080931931412,2771.9999347686767,6347.093955741664,6355.54993275667,2803.9999225616457,6356.344160528166,6361.7451416694685,2808.999920654297,6354.719358437509,6358.445104991289,2839.9999088287354,6362.513245407586,6368.965846501818,2843.9999073028566,6325.411047773329,6336.3354647431,2877.999894332886,6307.1811092092785,6324.166991166671,2880.9998931884766,6310.000217012563,6333.52859828224,2877.999894332886,6321.927640064799,6341.040494238469,2881.9998928070067,6343.113569398172,6350.8226258520035,2937.9998714447024,6350.019378304856,6355.879146926674,2942.999869537354,6337.05716447107,6350.935860561787,2968.999859619141,6334.006407983617,6348.511137940521,2975.9998569488525,-0.7403416512476547,2753.6450964652245,-0.2213577945007471,2772.157122411086,0.12998631000860814,2772.5084665155955,0.4975136408296988,2861.8472957523104,-0.5579383978338007,2875.4278767950823,-0.3854669384385395,2882.8945470131343,-0.05911075232084338,2976.024402111782,-0.5562926072395128,2975.5272202568635
127,10.355778749915771,1778269153.570904,0.013542333850637078,6366.837269615185,6376.018473576428,2627.9999897003177,6382.410182779595,6384.649636274719,2630.999988555908,6348.1040284867195,6354.868803680044,2764.999937438965,6336.680691994987,6351.423023198948,2771.9999347686767,6346.420114924962,6354.935898768224,2803.9999225616457,6355.835287465232,6359.777927377205,2808.999920654297,6354.306305590366,6361.94050646453,2839.9999088287354,6363.023849986245,6365.942873735367,2843.9999073028566,6322.078729712382,6337.229585536571,2877.999894332886,6305.480452058562,6326.497667879084,2880.9998931884766,6313.184052633187,6335.393891554851,2877.999894332886,6324.4174802090665,6340.261228107711,2881.9998928070067,6343.392002628604,6354.314428278876,2937.9998714447024,6350.470915731882,6355.693673014029,2942.999869537354,6340.509028945196,6354.699677537671,2968.999859619141,6333.20518690589,6346.298752941896,2975.9998569488525,-0.9303749690291204,2753.4550631474426,-0.16879574453568796,2772.2096844610514,-0.001275715359718236,2772.3772044902275,-0.29477197943529654,2861.0550101320455,-0.5625123777160018,2875.4233028152003,-0.42754084531689185,2882.852473106256,-0.3656061169411498,2975.7179067471616,-0.6203070947785301,2975.4632057693243
128,10.431231374968775,1778269153.64533,0.011488165939226747,6364.747116178133,6373.903278112296,2627.9999897003177,6380.415878595226,6385.272009964239,2630.999988555908,6347.877436806552,6356.624389461137,2764.999937438965,6339.920017116483,6355.494467707919,2771.9999347686767,6348.775657914846,6352.433685851392,2803.9999225616457,6351.4511156279605,6360.271355870037,2808.999920654297,6355.965352874653,6359.919356909252,2839.9999088287354,6362.720266222454,6367.566899471223,2843.9999073028566,6318.11532383776,6334.305598007153,2877.999894332886,6306.522127640064,6324.167941742826,2880.9998931884766,6313.045459547024,6333.819797047407,2877.999894332886,6319.68801234832,6340.384511110432,2881.9998928070067,6342.730664486354,6354.38260690161,2937.9998714447024,6345.963450194088,6354.006476755204,2942.999869537354,6334.46738698536,6348.538758137971,2968.999859619141,6329.812304000979,6342.479603875661,2975.9998569488525,-0.7244749647987057,2753.660963151673,-0.20927041210733177,2772.1692097934797,0.8410459778226907,2773.21952618341,0.3024342485695685,2861.6522163600503,-0.6672068891794244,2875.3186083037367,-0.2912795131263149,2882.9887344384465,-0.198851303156139,2975.884661560947,-0.6320340882231477,2975.45147877588
129,10.510284395422786,1778269153.724624,0.01197312492877245,6371.377500993369,6380.4442109606625,2627.9999897003177,6385.589161597946,6388.467145520677,2630.999988555908,6355.9681679249325,6364.891177369564,2764.999937438965,6345.917156218478,6358.4396643946575,2771.9999347686767,6352.984440810587,6361.977300791639,2803.9999225616457,6358.461244918543,6365.366193416267,2808.999920654297,6356.209264296848,6357.567235687869,2839.9999088287354,6366.077076137788,6370.733109698322,2843.9999073028566,6321.915595867592,6334.949322981935,2877.999894332886,6305.862495033164,6325.493938930831,2880.9998931884766,6314.433316013082,6333.920096585874,2877.999894332886,6324.280076107223,6339.89335666473,2881.9998928070067,6342.76854540453,6353.797906287252,2937.9998714447024,6352.159024360424,6359.456429379222,2942.999869537354,6342.1769737445375,6353.582987437722,2968.999859619141,6333.667359476724,6350.573593238989,2975.9998569488525,-0.8712361738533045,2753.5142019426185,-0.32196212151541453,2772.0565180840717,0.21402241682086368,2772.592502622408,0.5585773064846045,2861.908359417965,-0.5452722134579021,2875.4405429794583,-0.37352341439839704,2882.9064905371747,-0.20923975163440928,2975.8742731124685,-0.37389199032126574,2975.7096208737817
130,10.584127687383443,1778269153.7981231,0.011282790917903185,6367.069470000305,6382.118251979094,2627.9999897003177,6386.875520371673,6387.314225020631,2630.999988555908,6349.756817556623,6358.694379068986,2764.999937438965,6340.433725586086,6355.284237552343,2771.9999347686767,6347.818575969681,6356.909261240335,2803.9999225616457,6355.579562612709,6362.790495766726,2808.999920654297,6358.163601491579,6362.232666503653,2839.9999088287354,6363.955949506372,6367.151626065959,2843.9999073028566,6324.420828621206,6337.723817892838,2877.999894332886,6308.509519515848,6326.4427988507505,2880.9998931884766,6316.089569642694,6334.575168872451,2877.999894332886,6322.370302900633,6337.935149922059,2881.9998928070067,6345.312323868325,6355.753435522818,2937.9998714447024,6351.549226701714,6356.725324754714,2942.999869537354,6339.148658189932,6351.289222728245,2968.999859619141,6333.778810710029,6346.829270715531,2975.9998569488525,-1.5283559937881017,2752.857082122684,-0.2411354505289537,2772.137344755058,0.2316350829590577,2772.6101152885462,0.11456845435117981,2861.464350565832,-0.5919028655152189,2875.393912327401,-0.35269601103845494,2882.9273179405345,-0.33084383880871904,2975.7526690252944,-0.5455364411726635,2975.53797642293
131,10.675249229418114,1778269153.889502,0.011799125000834465,6362.9291667940215,6372.53387535532,2627.9999897003177,6377.709006021334,6380.679518293242,2630.999988555908,6346.642749946511,6354.801980621696,2764.999937438965,6338.143185499893,6351.627562123666,2771.9999347686767,6344.997924626341,6353.137216126173,2803.9999225616457,6350.339308310664,6358.256981080172,2808.999920654297,6352.307480820369,6357.865250481401,2839.9999088287354,6361.6361646850255,6364.886030198368,2843.9999073028566,6319.762135892655,6332.199209890883,2877.999894332886,6301.501506861876,6323.623947794725,2880.9998931884766,6312.250071828101,6330.432632881988,2877.999894332886,6314.744183452028,6331.926885105602,2881.9998928070067,6339.1012898493145,6348.907969862763,2937.9998714447024,6339.7687058715655,6353.063327933491,2942.999869537354,6333.649057065134,6349.458879175963,2968.999859619141,6326.586743894612,6339.871352813522,2975.9998569488525,-0.9066829904062633,2753.4787551260656,-0.2616116355553115,2772.116868570032,0.37515484977504304,2772.753635055362,-0.03858309764205339,2861.3111990138386,-0.4719532026215305,2875.5138619902946,-0.3109280196492107,2882.969085931924,0.3662380552880522,2976.449750919391,-0.6736908808270903,2975.409821983276
132,10.749296770896763,1778269153.963369,0.011438957881182432,6369.420677323716,6376.542088211021,2627.9999897003177,6384.537810618333,6388.247198704038,2630.999988555908,6355.0101781948215,6364.221739462665,2764.999937438965,6344.119402756975,6358.472179600819,2771.9999347686767,6352.263355442125,6360.244547177308,2803.9999225616457,6357.616581593667,6362.698098847694,2808.999920654297,6358.23884372039,6364.835570192866,2839.9999088287354,6364.152902160957,6366.829972185714,2843.9999073028566,6321.985223278418,6335.6767231103095,2877.999894332886,6308.103923036953,6327.091232386832,2880.9998931884766,6316.165741052052,6338.384171837271,2877.999894332886,6326.310714613198,6341.908810404378,2881.9998928070067,6343.347380566679,6353.093997004615,2937.9998714447024,6348.91945471773,6358.166557141547,2942.999869537354,6342.4323837760185,6354.280971666107,2968.999859619141,6335.762360546504,6350.469002353517,2975.9998569488525,-0.6547987897302906,2753.7306393267418,-0.2680936775164369,2772.1103865280706,0.14390285467691669,2772.522383060264,-0.20970036056827068,2861.1400817509125,-0.5762378169147254,2875.4095773760014,-0.43291456323207217,2882.847099388341,0.04831713796173647,2976.131830002065,-0.4727029572949461,2975.610809906808
133,10.82336349983234,1778269154.037428,0.011422415962442756,6369.690799889965,6376.463332518263,2627.9999897003177,6378.962392639912,6383.881549347434,2630.999988555908,6353.638744383654,6357.96079866736,2764.999937438965,6341.510135403612,6355.13371183177,2771.9999347686767,6346.438706177216,6354.048867561207,2803.9999225616457,6353.426315065562,6360.842014854663,2808.999920654297,6356.07991411193,6358.20861478742,2839.9999088287354,6360.169670202035,6366.969784821347,2843.9999073028566,6324.502640828928,6336.819528074091,2877.999894332886,6304.231566158267,6324.24049423847,2880.9998931884766,6311.00192866094,6330.761286181496,2877.999894332886,6319.41588165174,6336.290234434697,2881.9998928070067,6339.7366797077975,6351.2679371580525,2937.9998714447024,6345.830195311306,6357.165458324418,2942.999869537354,6339.431207017758,6352.622868844944,2968.999859619141,6336.431668551518,6347.782666503654,2975.9998569488525,-0.532917638640479,2753.8525204778316,-0.12271323645182121,2772.255766969135,0.3773753963810716,2772.755855601968,0.7050085622792304,2862.0547906737597,-0.5191337420769986,2875.466681450839,-0.35209854635541216,2882.9279154052174,0.07225602232910683,2976.155768886432,-0.6484626463620273,2975.435050217741
134,10.938717562356032,1778269154.152864,0.011587625136598945,6367.959750282726,6375.006877158664,2627.9999897003177,6380.9981034324655,6386.301664272397,2630.999988555908,6353.844521196931,6361.522375217776,2764.999937438965,6341.584141272121,6355.424852523153,2771.9999347686767,6348.398726961519,6355.324944218602,2803.9999225616457,6352.5828178011425,6359.6262157288265,2808.999920654297,6356.290020478651,6357.3671348228745,2839.9999088287354,6358.440477427636,6363.3950973500005,2843.9999073028566,6322.03931748021,6331.987515664639,2877.999894332886,6305.647949078461,6323.523498487026,2880.9998931884766,6308.07045725464,6329.836233456612,2877.999894332886,6316.996306201669,6332.383525384357,2881.9998928070067,6338.122009964239,6349.167788917076,2937.9998714447024,6348.1941559433935,6355.716602989271,2942.999869537354,6337.760558730935,6347.68663538833,2968.999859619141,6332.22588562521,6344.477948772809,2975.9998569488525,-0.5246541696991938,2753.8607839467727,-0.23231001509155508,2772.1461701904955,0.40463053660679016,2772.783110742194,0.6209072929590033,2861.97068940444,-0.5137889098346492,2875.4720262830815,-0.4278033991071564,2882.8522105524657,-0.19291751257055267,2975.8905953515323,-0.49261045721341606,2975.5909024068897
135,11.012942791334353,1778269154.227009,0.011427582940086722,6365.906135953785,6374.419252987743,2627.9999897003177,6380.08663538833,6383.936189137145,2630.999988555908,6350.930852462023,6360.29534034294,2764.999937438965,6341.145366323317,6354.497880306873,2771.9999347686767,6349.364393128953,6354.780997646483,2803.9999225616457,6352.248138582388,6359.264859247487,2808.999920654297,6352.509623437357,6357.860720726228,2839.9999088287354,6361.138160589297,6365.092057645872,2843.9999073028566,6321.475549408564,6334.288432619128,2877.999894332886,6303.335484610447,6324.38905003515,2880.9998931884766,6312.110164440505,6333.187596662285,2877.999894332886,6321.078920744568,6340.951127854021,2881.9998928070067,6342.333834092367,6356.419165877066,2937.9998714447024,6352.493290949659,6358.26853317847,2942.999869537354,6341.5806323929455,6353.410821591222,2968.999859619141,6335.369546413179,6349.6153299507905,2975.9998569488525,-0.7526377005935493,2753.6328004158786,-0.3083112784992626,2772.0701689270877,0.5330020076180488,2772.911482213205,0.05843224283752276,2861.4082143543183,-0.5062139789058303,2875.4796012140105,-0.31581693999254074,2882.9641970115804,-0.5734690116248243,2975.5100438524782,-0.4892505252213401,2975.5942623388814
136,11.086729374947026,1778269154.3008451,0.011527250055223703,6367.600018339091,6374.450013754317,2627.9999897003177,6382.241460097197,6384.753168077758,2630.999988555908,6346.495597090197,6359.832638995018,2764.999937438965,6345.535929333373,6358.091655714155,2771.9999347686767,6348.889499342849,6357.657681022099,2803.9999225616457,6355.7796313842955,6362.151829324205,2808.999920654297,6359.791287404102,6362.8426444967445,2839.9999088287354,6366.503562368189,6368.846075434789,2843.9999073028566,6324.522280465812,6336.506056484397,2877.999894332886,6306.1215362044195,6325.820412935172,2880.9998931884766,6317.187862579087,6338.1679906470645,2877.999894332886,6325.124224409328,6340.937073998228,2881.9998928070067,6344.197412660085,6353.829894244582,2937.9998714447024,6352.338970565761,6360.737776996668,2942.999869537354,6343.357445670446,6353.94269034447,2968.999859619141,6332.836166213283,6346.767108842498,2975.9998569488525,-0.727077560242669,2753.658360556229,-0.47529462645156423,2771.9031855791354,0.18716854444871484,2772.565648750036,0.13213752014337102,2861.481919631624,-0.5187326986418912,2875.467082494274,-0.4013618709436977,2882.8786520806293,-0.010330937040488918,2976.0731819270623,-0.45419913681242835,2975.6293137272905
137,11.16560108284466,1778269154.379688,0.011469250079244375,6367.313544946052,6380.689992970016,2627.9999897003177,6384.915302442156,6392.5150732035345,2630.999988555908,6359.292976128619,6367.612592841642,2764.999937438965,6350.798642907357,6363.718663080355,2771.9999347686767,6353.4256518018165,6360.619757312712,2803.9999225616457,6359.50307638231,6366.477707308128,2808.999920654297,6360.197314851606,6367.131575327811,2839.9999088287354,6370.694128434759,6375.159163431856,2843.9999073028566,6329.663089525324,6341.7945028578415,2877.999894332886,6313.892962374301,6329.449474279427,2880.9998931884766,6315.586649142648,6338.824036433658,2877.999894332886,6327.657036097441,6346.577800531833,2881.9998928070067,6344.523235626739,6356.05738301189,2937.9998714447024,6353.3963642754525,6357.69963627472,2942.999869537354,6340.0287449949565,6353.90254760522,2968.999859619141,6335.739746920562,6347.381069474585,2975.9998569488525,-0.8398550430804975,2753.5455830733913,-0.28724483285825286,2772.091235372729,0.3753598960564805,2772.7538401016436,-0.05561867944874749,2861.294163432032,-0.6205549399662399,2875.36526025295,-0.38325154994150695,2882.8967624016313,-0.4874765598956799,2975.5960363042072,-0.6629802825278948,2975.420532581575
138,11.241761687328108,1778269154.4562109,0.012194791110232472,6369.056316288167,6379.391730598771,2627.9999897003177,6381.592267017148,6388.417315157257,2630.999988555908,6355.276525965095,6360.986733196808,2764.999937438965,6344.682368493444,6357.870026286028,2771.9999347686767,6351.656716691628,6361.341534981813,2803.9999225616457,6357.451800287312,6364.283404652016,2808.999920654297,6361.594768774643,6363.624143411683,2839.9999088287354,6363.528358345814,6369.160638200325,2843.9999073028566,6326.331298713207,6339.525505089097,2877.999894332886,6306.266003912339,6327.87907662683,2880.9998931884766,6315.631998655133,6332.6067824067,2877.999894332886,6324.826700186447,6341.932295137084,2881.9998928070067,6344.8487835070455,6355.71015527096,2937.9998714447024,6351.202440627197,6358.962748723905,2942.999869537354,6340.206039673563,6352.776350215484,2968.999859619141,6334.5468487330745,6347.031197848213,2975.9998569488525,-0.6625832191259381,2753.722854897346,-0.18659341610966332,2772.1918867894774,0.1478607124221084,2772.5263409180093,0.591224339419619,2861.9410064509,-0.5019929409877486,2875.4838222519284,-0.28683082378628405,2882.993183127787,-0.15868082440444523,2975.9248320396982,-0.582719383472424,2975.5007934806304
139,11.314434333355166,1778269154.530111,0.014639416942372918,6363.2680899838,6375.31145887459,2627.9999897003177,6380.843500320934,6382.096859430878,2630.999988555908,6349.508046275637,6357.900955160925,2764.999937438965,6342.9000672433285,6355.687532475471,2771.9999347686767,6348.369474585079,6353.2292386221225,2803.9999225616457,6352.380135709264,6360.532999663783,2808.999920654297,6352.552093712749,6358.009421707369,2839.9999088287354,6360.338973622276,6367.664299905247,2843.9999073028566,6320.206829782682,6331.548775865757,2877.999894332886,6303.53685392915,6323.971505639271,2880.9998931884766,6314.688090289452,6334.270776660453,2877.999894332886,6321.964882171347,6338.082200385121,2881.9998928070067,6338.014545954703,6350.257491518171,2937.9998714447024,6344.43452486475,6354.813531191735,2942.999869537354,6334.1173151572575,6348.002576642113,2968.999859619141,6328.006950515022,6340.379949261851,2975.9998569488525,-1.2310781484096345,2753.154359968062,-0.29431632970446575,2772.0841638758825,0.6792609307767083,2773.057741136364,0.4059043350224144,2861.755686446503,-0.4861189940873384,2875.4996961988286,-0.3645512793036485,2882.9154626722693,-0.06051394575137016,2976.0229989183517,-0.6359850828801555,2975.4475277812226
140,11.423987958347425,1778269154.638037,0.01139408303424716,6364.222398141638,6373.45337286426,2627.9999897003177,6382.360945380078,6388.07945257817,2630.999988555908,6348.687544701532,6355.53553045817,2764.999937438965,6335.001251642878,6350.462713573982,2771.9999347686767,6346.36988568634,6353.468384937494,2803.9999225616457,6350.201016291225,6357.526859125226,2808.999920654297,6349.892395390775,6355.646552251123,2839.9999088287354,6356.6502552189995,6360.2617003392725,2843.9999073028566,6314.560910230155,6329.548636794327,2877.999894332886,6296.705802793655,6317.864695723935,2880.9998931884766,6303.906595959286,6328.333238071951,2877.999894332886,6318.661358009596,6333.975437845767,2881.9998928070067,6336.5727435278295,6347.581288015405,2937.9998714447024,6345.497910872024,6352.978307913317,2942.999869537354,6334.825900907785,6346.563514380902,2968.999859619141,6329.540292508483,6342.108607146131,2975.9998569488525,-0.6632734522264864,2753.7221646642456,-0.146432454271616,2772.2320477513153,0.4141803525165817,2772.7926605581038,-0.020944978132356528,2861.3288371333483,-0.5550274542576998,2875.430787738658,-0.487395762751831,2882.792618188821,-0.1932606997120199,2975.890252164391,-0.548489173579213,2975.5350236905238
141,11.506102291401476,1778269154.7205539,0.012200333178043365,6371.2922318672245,6378.73104807898,2627.9999897003177,6382.115167955498,6390.26964880643,2630.999988555908,6354.327811229637,6363.610694745852,2764.999937438965,6347.21213894917,6358.300470703305,2771.9999347686767,6352.392870678852,6356.626293669958,2803.9999225616457,6356.37267017147,6359.997811535288,2808.999920654297,6354.111871504111,6358.247212458355,2839.9999088287354,6362.155012684537,6372.515282574808,2843.9999073028566,6326.169930005808,6339.6772366048235,2877.999894332886,6312.714156249045,6331.030514717119,2880.9998931884766,6317.720021701256,6336.793350551701,2877.999894332886,6326.797528807652,6342.685363878106,2881.9998928070067,6345.4806660146105,6356.042668948865,2937.9998714447024,6353.221872421066,6359.009780847879,2942.999869537354,6341.645768255035,6356.301757496103,2968.999859619141,6335.42029831586,6350.797235382218,2975.9998569488525,-0.33288409612252945,2754.0525540203494,-0.3847217009140186,2771.993758504673,0.3420851697539498,2772.720565375341,0.8691777594135216,2862.218959870894,-0.5878668337163775,2875.3979483591997,-0.35855890078268715,2882.9214550507904,-0.2918634847507463,2975.7916493793523,-0.5524726538638262,2975.531040210239
142,11.578478353912942,1778269154.792528,0.01139570795930922,6368.674924351255,6378.7954366231625,2627.9999897003177,6382.998731546291,6388.843857933185,2630.999988555908,6355.141004676469,6362.302686676651,2764.999937438965,6342.9577528501995,6359.63818809793,2771.9999347686767,6350.66295809518,6360.732079652779,2803.9999225616457,6357.891505944921,6363.142134058746,2808.999920654297,6353.497261362595,6359.089708714124,2839.9999088287354,6362.964909679983,6371.747507412049,2843.9999073028566,6320.858176177522,6334.298670415991,2877.999894332886,6306.041108597977,6323.52424733319,2880.9998931884766,6311.961642265489,6334.945083595685,2877.999894332886,6327.242412201607,6345.493272610569,2881.9998928070067,6346.977549897606,6355.188560992756,2937.9998714447024,6349.47741999572,6358.786014915792,2942.999869537354,6339.756385059754,6351.532015465966,2968.999859619141,6335.322077207568,6349.135342482502,2975.9998569488525,-0.7223342220338713,2753.663103894438,-0.11531361931881627,2772.263166586268,-0.0220485727450794,2772.356431632842,0.5461542424587615,2861.8959363539393,-0.605828631270663,2875.3799865616456,-0.3924933871652957,2882.8875205644076,0.17576259465735772,2976.2592754587604,-0.5034892914163193,2975.5800235726865
143,11.650083645363338,1778269154.864299,0.011727125151082873,6365.610196533912,6372.858075312529,2627.9999897003177,6376.07930128068,6381.847889476419,2630.999988555908,6346.921818932054,6353.905541461625,2764.999937438965,6334.010029953847,6350.161020264693,2771.9999347686767,6345.141998043831,6355.972311030962,2803.9999225616457,6353.210615276462,6359.676732279854,2808.999920654297,6354.771429226396,6358.473550447779,2839.9999088287354,6361.204188953756,6364.683367973836,2843.9999073028566,6313.646770791944,6331.390202341291,2877.999894332886,6301.10544212489,6322.511998349482,2880.9998931884766,6308.160091084145,6330.316700797752,2877.999894332886,6317.877167833237,6334.193358192989,2881.9998928070067,6339.497933795886,6349.712270379314,2937.9998714447024,6345.71416541859,6352.507511385518,2942.999869537354,6335.442867622338,6345.183248769753,2968.999859619141,6327.065889293029,6343.974170920317,2975.9998569488525,-0.5039389133091091,2753.881499203163,-0.12708095389112412,2772.251399251696,0.016809169952384302,2772.3952893755395,0.1837677594849981,2861.5335498709655,-0.6147807457577193,2875.3710344471583,-0.41618769265772376,2882.863826258915,-0.1843515492319641,2975.899161314871,-0.311336762867926,2975.772176101235
144,11.72552504192572,1778269154.939372,0.0109912499319762,6366.865206161934,6377.042451936302,2627.9999897003177,6382.982382247761,6385.890977167833,2630.999988555908,6349.814940245133,6357.186983831036,2764.999937438965,6340.236427545313,6351.33241892594,2771.9999347686767,6345.855075343094,6355.669338570162,2803.9999225616457,6353.33709080906,6361.43802457438,2808.999920654297,6356.505567442003,6359.944432557997,2839.9999088287354,6364.359695265458,6366.271574410856,2843.9999073028566,6322.591782559526,6333.280011920409,2877.999894332886,6302.7276507626,6322.518915242839,2880.9998931884766,6310.261328972704,6330.4936057707,2877.999894332886,6317.596115169484,6335.818279487728,2881.9998928070067,6338.248303634196,6351.980429134701,2937.9998714447024,6347.808949475808,6353.994591496776,2942.999869537354,6335.798879787267,6349.078848916466,2968.999859619141,6331.366260659595,6346.766595347984,2975.9998569488525,-0.9559093965956518,2753.429528719876,-0.3175445880655184,2772.0609356175214,0.24595047465451128,2772.6244306802414,0.044922429811392085,2861.394704541292,-0.48571495682977767,2875.5001002360864,-0.3331130636932609,2882.9469008878796,-0.5130758614455625,2975.5704370026574,-0.5003481980804944,2975.583164666022
145,11.827538666431792,1778269155.049582,0.02738141710869968,6365.356267383928,6374.55912369716,2627.9999897003177,6379.132530488737,6385.55901977565,2630.999988555908,6352.589060732953,6361.227105174679,2764.999937438965,6342.8341748937855,6354.515844973561,2771.9999347686767,6347.544681663966,6357.253165021243,2803.9999225616457,6352.76010025369,6365.253464559709,2808.999920654297,6361.280488736742,6364.551632178989,2839.9999088287354,6363.455688174343,6367.942230338967,2843.9999073028566,6318.567666656479,6329.8270623834715,2877.999894332886,6298.515358987682,6324.512710517467,2880.9998931884766,6311.465915273405,6330.7663294311815,2877.999894332886,6321.157593911422,6340.062129779625,2881.9998928070067,6340.428344591497,6353.214785891126,2937.9998714447024,6348.405211358009,6356.037997065745,2942.999869537354,6337.145210441056,6351.341261423725,2968.999859619141,6330.888998074397,6346.457852186936,2975.9998569488525,-0.6055279882906074,2753.779910128181,-0.3413257706516215,2772.0371544349355,0.6345497765212402,2773.0130299821085,0.3371131435482586,2861.686895255029,-0.35217424420008303,2875.633640948716,-0.2983240342476892,2882.981689917325,-0.3223423873942449,2975.7611704767087,-0.5281105256512776,2975.5554023384516
146,11.951419332879595,1778269155.1656058,0.01167124998755753,6365.888736742367,6374.3861448176785,2627.9999897003177,6382.90500504325,6387.328127578935,2630.999988555908,6353.0733869242285,6358.478184124461,2764.999937438965,6339.549919002354,6353.076321178591,2771.9999347686767,6345.686554390684,6354.757470122566,2803.9999225616457,6354.906654033071,6360.646246599628,2808.999920654297,6355.757439557417,6359.118491915518,2839.9999088287354,6362.939448910352,6366.950129901887,2843.9999073028566,6322.277114344225,6334.995803404958,2877.999894332886,6304.927771494941,6323.377429165264,2880.9998931884766,6310.605411559741,6332.53406333099,2877.999894332886,6320.925285020021,6338.320215789956,2881.9998928070067,6340.608495583336,6350.274034905401,2937.9998714447024,6345.3703120701775,6350.142300638812,2942.999869537354,6333.885657303543,6349.512343735672,2968.999859619141,6333.802031054192,6347.371942720909,2975.9998569488525,-0.7068276187033101,2753.6786104977687,-0.16379626881820744,2772.214683936769,0.10602519672528866,2772.484505402312,0.27663371220756533,2861.626415823688,-0.5657145298468768,2875.420100663069,-0.3879013636705278,2882.8921125879024,-0.301512127583414,2975.7820007365194,-0.6567376719603928,2975.4267751921425
147,12.02789997891523,1778269155.242074,0.011646042112261057,6367.432463245407,6378.882568695174,2627.9999897003177,6380.790430051655,6388.041018430786,2630.999988555908,6355.510398263899,6364.854204236331,2764.999937438965,6346.60538099459,6360.400693828897,2771.9999347686767,6351.929966072684,6359.520477121985,2803.9999225616457,6358.725188739799,6365.514704893481,2808.999920654297,6359.1440550784,6362.29119112388,2839.9999088287354,6364.806819084879,6372.357635174374,2843.9999073028566,6321.6917474096035,6339.2788978207045,2877.999894332886,6306.2978100070295,6326.499862456827,2880.9998931884766,6316.5841198765165,6335.81302533851,2877.999894332886,6326.629415899991,6345.642283827979,2881.9998928070067,6349.375257511387,6354.900916954488,2937.9998714447024,6352.4275346150325,6361.1074334443865,2942.999869537354,6343.09686401565,6356.418148057584,2968.999859619141,6338.130173915701,6349.924033377143,2975.9998569488525,-0.7164970317489736,2753.668941084723,-0.2923136881220905,2772.086166517465,0.32505044696632396,2772.7035306525536,0.6758858933028433,2862.0256680047833,-0.6394699278257538,2875.3463452650903,-0.2944517940989681,2882.985562157474,0.3394022802605937,2976.4229151443633,-0.6365829315806963,2975.4469299325224
148,12.100388604332693,1778269155.3149729,0.012466124957427382,6361.163266803191,6372.493831952807,2627.9999897003177,6377.0658113518975,6381.529039948651,2630.999988555908,6344.865258122689,6355.56997738179,2764.999937438965,6338.96107069719,6350.684486658313,2771.9999347686767,6345.884205458936,6354.359250542531,2803.9999225616457,6353.237781581442,6357.171539260935,2808.999920654297,6347.960693217593,6357.026431213131,2839.9999088287354,6359.393909893939,6365.817214292264,2843.9999073028566,6319.184731179509,6333.316986581899,2877.999894332886,6304.810748234862,6319.876617660543,2880.9998931884766,6308.385229391448,6330.861070697191,2877.999894332886,6319.832585506007,6333.924103676987,2881.9998928070067,6334.479455634685,6347.867616223981,2937.9998714447024,6344.254332609958,6353.661192957789,2942.999869537354,6335.760541920103,6347.3121450622,2968.999859619141,6329.271649295473,6339.785365406364,2975.9998569488525,-0.9251138761442095,2753.4603242403277,-0.4121652826808908,2771.9663149229063,0.001555748848057448,2772.3800359544352,-0.07485629067728448,2861.274925820803,-0.6794896259645345,2875.3063255669517,-0.4713533192796153,2882.808660632293,-0.229576202933189,2975.85393666117,-0.6183193173102098,2975.4651935467928
149,12.174259979394265,1778269155.388236,0.011249624891206622,6367.830432191216,6377.979715438457,2627.9999897003177,6382.411954030014,6383.832062841949,2630.999988555908,6348.198140110646,6356.652436042425,2764.999937438965,6339.7336400036675,6353.148163034508,2771.9999347686767,6345.761964727817,6355.624363480759,2803.9999225616457,6352.576177522389,6359.2593972552495,2808.999920654297,6351.718806736559,6352.51826573341,2839.9999088287354,6356.98987529419,6364.805038664915,2843.9999073028566,6319.207742152398,6332.896226732279,2877.999894332886,6299.082046031115,6322.788530427606,2880.9998931884766,6311.121112877098,6333.488918605007,2877.999894332886,6319.471557600024,6337.166103249076,2881.9998928070067,6340.620270807226,6353.489239539078,2937.9998714447024,6346.796290919095,6353.672181129076,2942.999869537354,6337.31617966195,6350.309872543326,2968.999859619141,6331.483565119052,6343.60635755112,2975.9998569488525,-1.069717793208963,2753.315720323263,-0.2744030990746269,2772.1040771065122,0.11936416501417212,2772.4978443706013,0.9550343517642174,2862.304816463245,-0.4639024819416104,2875.5219127109744,-0.39079372741823387,2882.8892202241545,-0.3889770580586824,2975.6945358060443,-0.6120395827511909,2975.471473281352
150,12.258375687408261,1778269155.473027,0.012600625166669488,6370.337552342819,6377.659459913806,2627.9999897003177,6380.521476602378,6384.999361188373,2630.999988555908,6352.45766726778,6363.2041981233,2764.999937438965,6344.273721612617,6356.702295442736,2771.9999347686767,6351.916165907633,6362.532308891402,2803.9999225616457,6359.647354586301,6362.210280588074,2808.999920654297,6358.379756701409,6362.528453097778,2839.9999088287354,6366.747690802946,6366.917979949263,2843.9999073028566,6320.182316532689,6337.26384448452,2877.999894332886,6306.763275972736,6326.859433933429,2880.9998931884766,6314.668274902955,6336.077554482379,2877.999894332886,6325.880756181801,6345.409307088057,2881.9998928070067,6343.6321316135345,6354.891949139591,2937.9998714447024,6351.258251062139,6356.7969037503435,2942.999869537354,6340.4570620778195,6354.040942017911,2968.999859619141,6334.178127578934,6347.089421401718,2975.9998569488525,-0.61024528002218,2753.7751928364496,-0.38890778623296945,2771.989572419354,-0.3014554935311084,2772.077024712056,-0.2160351936520197,2861.133746917829,-0.6301603256196415,2875.3556548672964,-0.33055768826149645,2882.9494562633113,-0.36731979083712657,2975.716193073266,-0.6045535965358356,2975.478959267567
151,12.332010333426297,1778269155.5466628,0.012598583009094,6368.919453189474,6376.1119097105475,2627.9999897003177,6382.783540666932,6387.738505975487,2630.999988555908,6355.352338233946,6360.021472017606,2764.999937438965,6342.211463459363,6355.762953510408,2771.9999347686767,6350.480777577407,6359.435353180304,2803.9999225616457,6355.366303450806,6363.730522358407,2808.999920654297,6358.5015282574805,6361.889523794969,2839.9999088287354,6363.578726655866,6367.366454748297,2843.9999073028566,6320.6421233609435,6333.086953265885,2877.999894332886,6304.685136167742,6326.533134150442,2880.9998931884766,6313.1463168994715,6332.503051930189,2877.999894332886,6321.221497997983,6335.691736711801,2881.9998928070067,6337.9164685026135,6350.214579576367,2937.9998714447024,6346.700420270807,6354.720636060763,2942.999869537354,6340.533254882783,6353.880471925911,2968.999859619141,6332.933334352173,6349.077751627594,2975.9998569488525,-0.5632019727108706,2753.822236143761,-0.13736250415224222,2772.2411177014346,0.343337087523908,2772.721817293111,0.25015168974406105,2861.599933801225,-0.4788526774670587,2875.5069625154492,-0.3953743607364455,2882.8846395908367,-0.2528805835553857,2975.8306322805474,-0.47484572397595026,2975.6086671401267
152,12.439504249836318,1778269155.6548538,0.014000165974721313,6364.458730934987,6374.866760399793,2627.9999897003177,6379.157975975792,6382.760363113977,2630.999988555908,6349.415190879359,6359.685067396155,2764.999937438965,6344.507630589602,6355.65360363114,2771.9999347686767,6348.72283369502,6357.161327444448,2803.9999225616457,6357.801546596571,6360.384960418132,2808.999920654297,6358.493235932391,6362.5500030565145,2839.9999088287354,6362.813592322034,6366.743845707125,2843.9999073028566,6323.261390103005,6333.815167955497,2877.999894332886,6301.946677568237,6321.406209310145,2880.9998931884766,6310.151292905829,6330.749284775499,2877.999894332886,6318.665498059113,6336.598291408136,2881.9998928070067,6339.016301922548,6349.267189840144,2937.9998714447024,6348.65720726228,6352.445436623163,2942.999869537354,6333.603704496132,6346.253221566769,2968.999859619141,6327.771099122781,6344.168722682398,2975.9998569488525,-0.9199458190775626,2753.4654922973946,-0.4172406206279482,2771.961239584959,-0.1119338280273394,2772.2665463775597,0.194144066543865,2861.5439261780243,-0.49030430053406443,2875.495510892382,-0.3473648080048664,2882.932649143568,-0.4268832302684141,2975.6566296338347,-0.4393654505492876,2975.6441474135536
153,12.514259957824834,1778269155.7282271,0.011234000092372298,6367.790958828744,6376.338195739218,2627.9999897003177,6379.010517467983,6386.846162545465,2630.999988555908,6351.376756731975,6359.411688113214,2764.999937438965,6343.799145704068,6358.491785616041,2771.9999347686767,6350.084573768989,6357.719479169851,2803.9999225616457,6355.47782039918,6361.441058165479,2808.999920654297,6355.619344683192,6360.606275025217,2839.9999088287354,6363.752782956873,6369.146124339028,2843.9999073028566,6319.477632423511,6333.640407127793,2877.999894332886,6302.525185683285,6326.31572424122,2880.9998931884766,6313.45956689183,6337.381803038176,2877.999894332886,6322.961937219183,6337.611891371458,2881.9998928070067,6343.326354800256,6355.385565608094,2937.9998714447024,6351.5395635296645,6358.578210104839,2942.999869537354,6340.260320322768,6351.5288076535135,2968.999859619141,6332.760716141455,6345.605151755967,2975.9998569488525,-0.44425508005247444,2753.9411830364193,-0.21533209027029004,2772.1631481153167,0.24993756050503646,2772.6284177660923,0.25044854024999796,2861.6002306517307,-0.47342980669921536,2875.512385386217,-0.49029329359398,2882.789720657979,-0.31160845194771025,2975.771904412155,-0.5205105961497076,2975.5630022679534
154,12.602674312423915,1778269155.817282,0.01251512486487627,6362.356032032277,6375.626460250023,2627.9999897003177,6379.992535990464,6382.506854234801,2630.999988555908,6348.355656080936,6356.526062903078,2764.999937438965,6338.299264908152,6353.821658465019,2771.9999347686767,6348.021867836293,6352.381457651985,2803.9999225616457,6351.606163462421,6360.603097777913,2808.999920654297,6356.229614573464,6358.479327261058,2839.9999088287354,6360.333338936944,6362.260540391844,2843.9999073028566,6316.610185836109,6331.778992572669,2877.999894332886,6300.349413149127,6323.2104869028335,2880.9998931884766,6310.721751688725,6334.9336354188945,2877.999894332886,6323.206748785035,6337.763885747472,2881.9998928070067,6341.054306629581,6350.915574471987,2937.9998714447024,6346.516679402146,6354.069476113336,2942.999869537354,6336.052891463154,6349.297131460708,2968.999859619141,6328.528382797933,6343.381463765016,2975.9998569488525,-1.2284947271967226,2753.156943389275,-0.19079215657279813,2772.187688049014,0.7955257079370105,2773.174005913524,0.1733911554063278,2861.523173266887,-0.5191916910193821,2875.4666235018967,-0.49880114554503796,2882.7812128060277,-0.09565019674456873,2975.9878626673585,-0.5191888710559465,2975.564323993047
155,12.676489583449438,1778269155.890713,0.011747166980057955,6369.471745575695,6380.270458782897,2627.9999897003177,6386.185510590825,6389.147174251919,2630.999988555908,6356.58963230125,6365.2656187914545,2764.999937438965,6345.650839013358,6358.060931625761,2771.9999347686767,6348.507679493841,6358.0610691689335,2803.9999225616457,6357.05526484702,6363.403559311673,2808.999920654297,6359.561834825932,6360.693986306813,2839.9999088287354,6364.86523825534,6367.168001344867,2843.9999073028566,6322.061481798454,6335.614966225509,2877.999894332886,6310.907965277989,6328.354375401168,2880.9998931884766,6315.74958737048,6339.682178989516,2877.999894332886,6322.592783568175,6342.484376623774,2881.9998928070067,6346.748959256656,6356.220182168292,2937.9998714447024,6353.284237552343,6361.697317908121,2942.999869537354,6341.078262065593,6350.869986551334,2968.999859619141,6336.123625332396,6348.434237552343,2975.9998569488525,-1.0000193381965123,2753.3854187782754,-0.31722166645914057,2772.0612585391277,0.11709657467210614,2772.495576780259,0.3324228511475508,2861.682204962628,-0.6096295886079638,2875.376185604308,-0.37695074693554,2882.9030632046374,0.003840888545637321,2976.0873537526486,-0.48549083229370044,2975.5980220318093
156,12.748449562350288,1778269155.962857,0.012116041034460068,6368.3927468899965,6379.284399547637,2627.9999897003177,6379.872098603173,6385.47629825473,2630.999988555908,6349.683739340404,6358.265415533209,2764.999937438965,6342.093148821713,6355.740925207078,2771.9999347686767,6347.264463428799,6357.770035455573,2803.9999225616457,6357.81346089189,6365.766421126631,2808.999920654297,6356.479174435309,6360.502995384662,2839.9999088287354,6363.976562643273,6367.175233059266,2843.9999073028566,6323.399622520403,6332.2258290796835,2877.999894332886,6304.014620839319,6324.0723706330045,2880.9998931884766,6309.957972919277,6332.510026897331,2877.999894332886,6317.657754378457,6334.8744154415135,2881.9998928070067,6338.916286639974,6351.6449246569055,2937.9998714447024,6349.905128832105,6360.066405844057,2942.999869537354,6338.949613350857,6354.207523611578,2968.999859619141,6333.777824983953,6346.983513158297,2975.9998569488525,-0.8010676778456846,2753.584370438626,-0.2708151598535648,2772.1076650457335,0.17314338542535682,2772.5516235910122,0.11959062349788004,2861.4693727349786,-0.43537911635904814,2875.550436076557,-0.4051016943975793,2882.8749122571753,-0.11704387735774378,2975.966468986745,-0.6561196286095261,2975.4273932354936
157,12.824716687435284,1778269156.038868,0.011603041086345911,6368.48052694318,6377.070548950088,2627.9999897003177,6383.042095852309,6387.23787327689,2630.999988555908,6350.826639056148,6357.03246171715,2764.999937438965,6342.334853440108,6353.462877097534,2771.9999347686767,6346.482003239907,6356.612539352629,2803.9999225616457,6351.9425008405415,6360.540460616805,2808.999920654297,6356.786007274505,6357.962608124217,2839.9999088287354,6362.824088394414,6365.970319711464,2843.9999073028566,6323.160493015863,6332.544482990494,2877.999894332886,6303.369430265611,6322.66814500107,2880.9998931884766,6310.356142066815,6330.561954030016,2877.999894332886,6319.947744291958,6337.481659381973,2881.9998928070067,6339.610054405967,6349.2037946633245,2937.9998714447024,6346.593028089372,6356.510893419322,2942.999869537354,6337.029101078951,6351.039066845982,2968.999859619141,6334.635377632423,6346.478726655867,2975.9998569488525,-0.7315155819843121,2753.6539225344877,-0.2757831850057714,2772.102697020581,0.261793197990596,2772.640273403578,0.4175054415297891,2861.7672875530106,-0.46652251418696006,2875.519292678729,-0.34756829457658533,2882.9324456569966,0.11366457638212811,2976.197177440485,-0.6606822520478263,2975.422830612055
158,12.936727687367238,1778269156.151149,0.012139375088736415,6369.120691078032,6378.100877219794,2627.9999897003177,6379.786088272152,6383.774471987041,2630.999988555908,6352.469055842529,6356.769751199683,2764.999937438965,6340.54992664364,6354.944938411223,2771.9999347686767,6349.45979765871,6355.636514655989,2803.9999225616457,6351.898671944249,6357.375534125989,2808.999920654297,6353.026417458814,6361.647985756639,2839.9999088287354,6364.629567197481,6368.866858208271,2843.9999073028566,6322.066323318153,6334.774780695052,2877.999894332886,6303.369978910047,6321.514568878565,2880.9998931884766,6312.500478344591,6332.587095393832,2877.999894332886,6319.01781795397,6334.756521074671,2881.9998928070067,6339.778908518509,6348.907788000122,2937.9998714447024,6347.001416694684,6355.933050096281,2942.999869537354,6337.75141363817,6348.2464452731,2968.999859619141,6332.1412323868335,6348.019254516001,2975.9998569488525,-0.7778991692824974,2753.6075389471894,-0.09499823259415557,2772.283481972993,0.3341866431436892,2772.712666848731,-0.2598470897064352,2861.089935021774,-0.5726013907519985,2875.413213802164,-0.38363876444108536,2882.896375187132,0.07220139238253896,2976.155714256485,-0.3783860737232481,2975.70512679038
159,13.019736166344956,1778269156.234286,0.012400832958519459,6373.376883577345,6377.312586728613,2627.9999897003177,6383.194206375891,6387.721508695786,2630.999988555908,6354.453595989852,6362.267316685515,2764.999937438965,6342.830172387445,6357.79843506434,2771.9999347686767,6352.840764740043,6358.467497019898,2803.9999225616457,6357.72455756946,6367.112947397378,2808.999920654297,6359.866595347985,6362.768351315829,2839.9999088287354,6365.965872482196,6372.096148791148,2843.9999073028566,6325.682110217929,6338.731284958891,2877.999894332886,6309.858222025247,6327.489442797322,2880.9998931884766,6314.310830760767,6338.953200171165,2877.999894332886,6324.187735733716,6340.524996179357,2881.9998928070067,6342.057260751292,6356.583685851392,2937.9998714447024,6351.8191261423735,6359.333889109636,2942.999869537354,6338.756987193203,6347.710630559037,2968.999859619141,6330.765744108567,6346.61289696488,2975.9998569488525,-0.34199164826807554,2754.043446468204,-0.1977856339944848,2772.1806945715925,0.719275995911281,2773.097756201498,0.5509499217691077,2861.90073203325,-0.5930790078160845,2875.3927361851,-0.4693426487233222,2882.8106713028496,-0.4701351440175047,2975.6133777200853,-0.3217347691548975,2975.761778094948
160,13.092716249870136,1778269156.306794,0.01145733380690217,6369.92766910169,6379.153437051075,2627.9999897003177,6384.0285524345145,6388.931205489501,2630.999988555908,6357.014986092857,6362.927325243758,2764.999937438965,6345.727638536542,6356.519520432803,2771.9999347686767,6349.932519790935,6357.570302900632,2803.9999225616457,6357.911805789039,6363.469732860593,2808.999920654297,6358.6084848855335,6362.60853531803,2839.9999088287354,6368.025650273557,6371.058115047223,2843.9999073028566,6326.138215606565,6337.690660818535,2877.999894332886,6307.824925879513,6328.743851820154,2880.9998931884766,6311.807242412202,6334.207272977352,2877.999894332886,6323.206800745789,6338.650074884617,2881.9998928070067,6344.80704373873,6352.946440688326,2937.9998714447024,6351.633491762693,6360.192788152948,2942.999869537354,6341.32768744078,6354.030118898431,2968.999859619141,6334.694467707919,6348.127154078919,2975.9998569488525,-0.7259116172037917,2753.6595264992684,-0.277271379332515,2772.1012088262546,0.21446636680540573,2772.5929465723925,0.10437133649090895,2861.4541534479717,-0.4797200205651714,2875.506095172351,-0.44035829742235955,2882.8396556541506,0.12141576807253454,2976.2049286321753,-0.5521460452682277,2975.5313668188346
161,13.165313832927495,1778269156.3800151,0.012704249937087297,6368.59340556897,6378.117011034019,2627.9999897003177,6382.142716324846,6385.540209982578,2630.999988555908,6350.524957972919,6358.593101445733,2764.999937438965,6343.247006143595,6353.9825885625205,2771.9999347686767,6351.611825656388,6355.816766512822,2803.9999225616457,6355.481182565638,6361.929726136258,2808.999920654297,6354.409472139867,6361.699098328086,2839.9999088287354,6364.656530244216,6370.829866735947,2843.9999073028566,6319.9996209921455,6336.170573402206,2877.999894332886,6306.164069138368,6325.298150808449,2880.9998931884766,6313.411549041783,6337.385567136351,2877.999894332886,6325.322249900663,6342.566963658037,2881.9998928070067,6348.352980102088,6354.1151771250425,2937.9998714447024,6351.043943515603,6359.4317159275,2942.999869537354,6344.569894855885,6357.165678393496,2968.999859619141,6336.728668582084,6349.665676865238,2975.9998569488525,-0.8665471158875843,2753.5188910005845,-0.3545907499357286,2772.0238894556514,0.5885727864825503,2772.9670529920695,0.08799485656565373,2861.4377769680464,-0.6313723911485647,2875.3544428017676,-0.4354188038594458,2882.8445951477133,0.29741594020711465,2976.38092880431,-0.5665988451542485,2975.5169140189487
162,13.238501103944145,1778269156.452436,0.011172957951202989,6366.609459913806,6374.144036739311,2627.9999897003177,6378.537368951921,6386.360338661858,2630.999988555908,6350.9285738301205,6358.381734266589,2764.999937438965,6338.272997218572,6354.498728489775,2771.9999347686767,6349.703724363481,6358.774609530215,2803.9999225616457,6357.166210227098,6366.54186508543,2808.999920654297,6359.282250817617,6363.174996179357,2839.9999088287354,6364.888316471559,6367.7015527096,2843.9999073028566,6321.525670140906,6335.928228443928,2877.999894332886,6307.807694776416,6325.016405844057,2880.9998931884766,6309.840384203931,6331.681549347434,2877.999894332886,6321.8447076443435,6337.1865024299295,2881.9998928070067,6342.9994727511685,6354.356495094295,2937.9998714447024,6348.169149066235,6359.465557661155,2942.999869537354,6341.09845951646,6350.618950392763,2968.999859619141,6330.335695509979,6345.121439924198,2975.9998569488525,-0.3662646483817784,2754.0191734680902,-0.14109103623478048,2772.2373891693524,0.4202782507134512,2772.7987584563007,0.09267107294672565,2861.4424531844274,-0.6351666505637106,2875.3506485423522,-0.4305412993535177,2882.8494726522194,0.08316797025037719,2976.1666808343534,-0.38240921459408406,2975.7011036495087
163,13.311899395892397,1778269156.527425,0.014348042197525501,6369.369781764833,6377.626362441543,2627.9999897003177,6384.781262035028,6387.448543570621,2630.999988555908,6354.894142189076,6359.83600421799,2764.999937438965,6342.952782956872,6354.968131246753,2771.9999347686767,6348.589922670171,6355.061451233304,2803.9999225616457,6351.700641868141,6357.114174588134,2808.999920654297,6350.771516337072,6359.09276217257,2839.9999088287354,6362.098219580034,6366.576434269646,2843.9999073028566,6322.10498059113,6335.761374820429,2877.999894332886,6305.896671455206,6324.448108017239,2880.9998931884766,6315.560320322768,6337.673331906959,2877.999894332886,6323.609427820399,6342.747505883792,2881.9998928070067,6345.470879053702,6353.4986413791,2937.9998714447024,6347.2199452883815,6356.85384509582,2942.999869537354,6336.361899012745,6351.314171531619,2968.999859619141,6335.852746278693,6348.963156768652,2975.9998569488525,-0.8246544104839202,2753.560783705988,-0.2005688691619299,2772.177911336425,0.30315448698079533,2772.681634692568,-0.20237999553109337,2861.1474021159497,-0.5855639570679034,2875.4002512358484,-0.35399344495847124,2882.9260205066143,0.21633482309536156,2976.299847687198,-0.6486638049736193,2975.434849059129
164,13.414161270833574,1778269156.6284401,0.01186154200695455,6373.928780144879,6383.41297643427,2627.9999897003177,6390.715741052052,6392.604728428645,2630.999988555908,6358.72682550356,6364.404227160191,2764.999937438965,6351.556466057402,6359.263685545741,2771.9999347686767,6352.854650487515,6360.825786288474,2803.9999225616457,6360.218473576429,6367.747537977199,2808.999920654297,6363.829260017728,6370.886280832596,2839.9999088287354,6370.599400923068,6375.834914570407,2843.9999073028566,6327.497067273895,6341.512302472721,2877.999894332886,6313.699570559648,6332.859712076291,2880.9998931884766,6323.349147232326,6342.781524895314,2877.999894332886,6332.159134394963,6349.978729712382,2881.9998928070067,6351.408903628084,6362.406377418469,2937.9998714447024,6353.551937830486,6365.245464131796,2942.999869537354,6341.568062475166,6356.782122443989,2968.999859619141,6335.828998685699,6349.752399364244,2975.9998569488525,-0.9807306971851714,2753.4047074192868,-0.37699938278319767,2772.001480822804,0.35595451528960464,2772.734434720877,0.013630270554185931,2861.3634123820348,-0.5799180840014523,2875.405897108915,-0.3245211716694934,2882.9554927799036,0.14370836306199844,2976.227221227165,-0.6276026382662047,2975.4559102258368
165,13.493295374908485,1778269156.707524,0.011761666042730212,6371.854285233976,6377.890439221201,2627.9999897003177,6385.588385243145,6384.61833297674,2630.999988555908,6353.3736665953475,6359.53430632393,2764.999937438965,6342.570283033286,6359.247533392425,2771.9999347686767,6354.392412201608,6362.383800470704,2803.9999225616457,6362.020750680074,6368.179820888223,2808.999920654297,6361.676634471374,6364.98866185775,2839.9999088287354,6365.767440474372,6372.835675642633,2843.9999073028566,6327.999815080845,6336.215825106214,2877.999894332886,6309.953062627991,6329.451690252774,2880.9998931884766,6317.90622459272,6336.76793257328,2877.999894332886,6326.602989271632,6343.338605312223,2881.9998928070067,6347.999518598895,6359.481420973806,2937.9998714447024,6355.315210746706,6361.580956383531,2942.999869537354,6343.982377662989,6358.325129137757,2968.999859619141,6340.130643090748,6352.483641531925,2975.9998569488525,-0.9349350364639102,2753.4505030800083,-0.08051009476981712,2772.297970110817,0.2359689214229687,2772.61444912701,0.6070656283530325,2861.956847739834,-0.4344556482787677,2875.5513595446373,-0.3356297185080733,2882.9443842330647,-0.32680903014281454,2975.7567038339603,-0.6538726016057346,2975.4296402624973
166,13.566769770928659,1778269156.7809799,0.011724542127922177,6366.64420637589,6376.351812513372,2627.9999897003177,6382.277719534187,6388.129241678636,2630.999988555908,6351.490576764374,6360.442982241648,2764.999937438965,6342.669949873155,6356.068172509704,2771.9999347686767,6350.240729590122,6355.57413271388,2803.9999225616457,6354.190370449614,6360.186838646575,2808.999920654297,6352.374140355167,6358.04504997402,2839.9999088287354,6359.495190573709,6364.018273374698,2843.9999073028566,6317.75301983678,6332.428066448636,2877.999894332886,6303.824663019225,6322.934208515451,2880.9998931884766,6308.467357948466,6330.462198551211,2877.999894332886,6319.258026408289,6337.16045328117,2881.9998928070067,6337.895447320965,6352.49327261057,2937.9998714447024,6347.652131919186,6357.418484274231,2942.999869537354,6336.151702478834,6349.064260170553,2968.999859619141,6336.2190665403305,6346.861649906777,2975.9998569488525,-0.6898203200948508,2753.695617796377,-0.2924197644980802,2772.086060441089,0.4519206241108367,2772.8304008296977,0.08505386203779396,2861.4348359735186,-0.5965321346301492,2875.389283058286,-0.3784153982236293,2882.9015985533492,-0.2970381162598268,2975.786474747843,-0.6647564919560315,2975.418756372147
167,13.639550853869878,1778269156.853415,0.011032291920855641,6362.2702249595,6372.6876440382675,2627.9999897003177,6375.720776660452,6381.217376287557,2630.999988555908,6349.4764999847175,6357.0385319558645,2764.999937438965,6338.579953846624,6355.319104746768,2771.9999347686767,6348.978367515359,6355.88349940398,2803.9999225616457,6348.757324938105,6357.867382400587,2808.999920654297,6352.293703579178,6357.805504783444,2839.9999088287354,6359.46172020662,6360.590266528105,2843.9999073028566,6316.389448910353,6328.313951462543,2877.999894332886,6297.057434972643,6319.1204572546385,2880.9998931884766,6304.180936516184,6325.82290705138,2877.999894332886,6316.623202005073,6334.804601583275,2881.9998928070067,6336.7151908793585,6347.243219121558,2937.9998714447024,6343.078989516154,6349.737887031207,2942.999869537354,6334.007062077819,6346.283730170859,2968.999859619141,6326.510794082587,6342.454577131156,2975.9998569488525,-0.7729777696820128,2753.61246034679,-0.12706937334870402,2772.2514108322384,0.5855131075510485,2772.963993313138,-0.25956129829911107,2861.0902208131815,-0.46100707913581795,2875.52480811378,-0.3648973598178111,2882.915116591755,-0.22018252223342938,2975.8633303418696,-0.4422403781432636,2975.6412724859597
168,13.724166978965513,1778269156.939001,0.01297220797277987,6370.200629642082,6374.73250450836,2627.9999897003177,6379.968867866859,6384.557681022097,2630.999988555908,6349.692884433169,6360.590656233762,2764.999937438965,6345.580166274413,6357.278855029495,2771.9999347686767,6348.829852981629,6355.7103890943545,2803.9999225616457,6353.735852920499,6360.978679279886,2808.999920654297,6355.559904636733,6359.873423602409,2839.9999088287354,6361.484589051563,6364.183846318428,2843.9999073028566,6322.5128220802635,6336.696497233854,2877.999894332886,6305.275686951738,6324.967733899808,2880.9998931884766,6312.992632270684,6334.37805727909,2877.999894332886,6321.74978145918,6339.897704557263,2881.9998928070067,6343.17010422716,6356.139704129351,2937.9998714447024,6351.671221383378,6357.836358773728,2942.999869537354,6338.902362686066,6349.40654552679,2968.999859619141,6332.8819084879415,6347.0137283369495,2975.9998569488525,-0.38374076820416025,2754.001697348268,-0.4199063132268609,2771.95857389236,0.4257405379644231,2772.8042207435515,0.035624639318501045,2861.385406750799,-0.5709651512624587,2875.4148500416536,-0.35973679348720133,2882.920277158086,-0.4535382087911864,2975.629974655312,-0.4439466084183347,2975.6395662556847
169,13.801500562462024,1778269157.017947,0.016196958953514695,6369.442659779321,6379.565064033988,2627.9999897003177,6385.515658526148,6388.211814958584,2630.999988555908,6354.528217746125,6363.771187761714,2764.999937438965,6346.629163737507,6359.6462343735675,2771.9999347686767,6350.057638230889,6357.089325121497,2803.9999225616457,6355.890127456674,6360.772422593758,2808.999920654297,6355.6020356389645,6361.483328239141,2839.9999088287354,6362.307494574687,6370.643183971637,2843.9999073028566,6324.214101231775,6336.908130329798,2877.999894332886,6307.695866063515,6326.7504019317175,2880.9998931884766,6312.360459394198,6334.165248953143,2877.999894332886,6324.598803374392,6339.648707094171,2881.9998928070067,6344.357415105298,6354.090715835805,2937.9998714447024,6348.630482623712,6361.229116361525,2942.999869537354,6343.469651862946,6352.426801051441,2968.999859619141,6333.86160558731,6346.779380750068,2975.9998569488525,-0.967964324052821,2753.417473792419,-0.3159902729606543,2772.0624899326262,0.20863605049319375,2772.58711625608,0.46819717783268694,2861.8179792893134,-0.5509133668397904,2875.4349018260764,-0.4360252082284634,2882.8439887433447,0.31595710932088655,2976.399469973424,-0.43132289847498606,2975.6521899656277
170,13.903728853911161,1778269157.117716,0.011277541983872652,6359.017692636856,6368.98889873766,2627.9999897003177,6371.690784607391,6374.854710089556,2630.999988555908,6343.073137818259,6354.225760308096,2764.999937438965,6337.1220772075685,6351.300646452914,2771.9999347686767,6345.891273649784,6352.842095852308,2803.9999225616457,6350.600030565149,6355.673849986246,2808.999920654297,6348.067950912369,6354.817463398233,2839.9999088287354,6357.236163156768,6361.216170492405,2843.9999073028566,6316.895253232265,6329.361095149312,2877.999894332886,6298.179614573464,6319.10018797567,2880.9998931884766,6305.891706146651,6329.400513494513,2877.999894332886,6317.611066112419,6333.732817801143,2881.9998928070067,6338.755747776386,6344.375138307301,2937.9998714447024,6342.544742794265,6350.852694317939,2942.999869537354,6330.617255555216,6345.085000152827,2968.999859619141,6326.099434544732,6340.451457957637,2975.9998569488525,-0.9204444695894414,2753.4649936468827,-0.3420296840373248,2772.03645052155,0.23215010386192156,2772.610630309449,-0.08799204527120084,2861.2617900662094,-0.500957884733981,2875.484857308182,-0.4498244344000334,2882.830189517173,0.302647208863901,2976.386160072967,-0.5838678372700193,2975.4996450268327
171,13.976886103861034,1778269157.191086,0.011705792043358088,6367.201269981967,6375.771872421066,2627.9999897003177,6381.210962190909,6385.611905125775,2630.999988555908,6352.703450805391,6362.441901763609,2764.999937438965,6343.718605006572,6357.035241617507,2771.9999347686767,6351.513178164258,6357.10430051655,2803.9999225616457,6358.344091756579,6365.246352049393,2808.999920654297,6357.135715377327,6358.8001008649935,2839.9999088287354,6364.146104471682,6371.652715713543,2843.9999073028566,6325.050099336737,6336.8512944340855,2877.999894332886,6307.181607421218,6326.714521502583,2880.9998931884766,6315.320270807226,6335.331208546016,2877.999894332886,6325.366691628205,6342.798667359476,2881.9998928070067,6342.620101170645,6355.1067197481425,2937.9998714447024,6351.367425191796,6362.293234404132,2942.999869537354,6341.275508145612,6354.380418436897,2968.999859619141,6334.903848152337,6348.220455726381,2975.9998569488525,-0.7140416199872782,2753.6713964964847,-0.3227063559864616,2772.0557738496004,0.5076061922385198,2772.8860863978257,0.8291757874054501,2862.178957898886,-0.5183957475455399,2875.4674194453705,-0.34553738283559804,2882.9344765687374,-0.03663547748077885,2976.0468773866223,-0.5715255739629678,2975.51198729014
172,14.05012764595449,1778269157.264163,0.011375708039849997,6366.642804963781,6375.2255310694745,2627.9999897003177,6383.960830760767,6386.85698872146,2630.999988555908,6352.510156799219,6361.106082464774,2764.999937438965,6339.342153926093,6354.959728887123,2771.9999347686767,6350.087055659138,6358.427611027905,2803.9999225616457,6355.234813705413,6359.2653559311675,2808.999920654297,6352.247787083168,6356.239234954306,2839.9999088287354,6360.536913531191,6367.524847938379,2843.9999073028566,6322.649238927775,6332.603985695509,2877.999894332886,6304.527322187242,6323.770833205979,2880.9998931884766,6310.986005746248,6330.307792584895,2877.999894332886,6318.418294770303,6335.081948222638,2881.9998928070067,6337.487416327902,6346.250718281016,2937.9998714447024,6346.276253935263,6357.003845095821,2942.999869537354,6338.341741296574,6348.1021961060005,2968.999859619141,6333.531179509124,6344.685406669315,2975.9998569488525,-0.832513184447692,2753.5529249320243,-0.20222342090792972,2772.176256784679,0.021923361013541004,2772.4004035666007,0.5261893661653102,2861.875971477646,-0.4814482516887097,2875.5043669412275,-0.34712865684539906,2882.9328852947274,0.24401764885741153,2976.3275305129605,-0.5275226684309933,2975.5559901956717
173,14.1290343538858,1778269157.343132,0.011501207947731018,6364.612073234099,6376.103342299111,2627.9999897003177,6381.961704924047,6387.965744108567,2630.999988555908,6352.187119845952,6360.732768896904,2764.999937438965,6340.5190084665455,6356.934188648103,2771.9999347686767,6348.5979047589935,6352.00060060519,2803.9999225616457,6354.322601399883,6358.329160680992,2808.999920654297,6352.997301097288,6355.468163340159,2839.9999088287354,6358.443408625486,6367.561021792952,2843.9999073028566,6319.043958798178,6334.456059540912,2877.999894332886,6302.209776263104,6323.786172326314,2880.9998931884766,6310.558801234833,6330.406504263838,2877.999894332886,6316.997350001528,6337.704595470244,2881.9998928070067,6340.477742458049,6354.221189289972,2937.9998714447024,6348.0366292753,6355.864214322829,2942.999869537354,6339.372230033316,6351.258814989149,2968.999859619141,6333.724965614207,6348.278101598557,2975.9998569488525,-0.8173329604289237,2753.568105156043,-0.17276488488127198,2772.2057153207056,0.4468563002617105,2772.8253365058486,0.9150918943838988,2862.2648740058644,-0.5553691473718323,2875.430446045544,-0.2709747828886289,2883.0090391686845,-0.3829136043758814,2975.700599259727,-0.4798923275437846,2975.603620536559
174,14.203303812420927,1778269157.417402,0.011503541143611073,6368.771837271143,6370.741495247119,2627.9999897003177,6378.5040193171735,6384.410943851821,2630.999988555908,6353.58602867011,6358.326503041232,2764.999937438965,6341.908099764649,6353.715472078735,2771.9999347686767,6346.131641042883,6355.013535776508,2803.9999225616457,6353.930922761867,6362.238360791025,2808.999920654297,6356.038120854601,6359.0552434514175,2839.9999088287354,6361.188677140324,6365.5864779778085,2843.9999073028566,6321.063679432712,6335.2218204603105,2877.999894332886,6303.904245499282,6323.783690436165,2880.9998931884766,6312.991582357796,6331.342995995966,2877.999894332886,6320.335368462879,6337.613861295351,2881.9998928070067,6340.857581685363,6355.631683834093,2937.9998714447024,6347.231321637069,6357.465777730233,2942.999869537354,6337.636551334169,6348.312959623438,2968.999859619141,6331.631025155119,6344.848835467799,2975.9998569488525,-0.08067570114953374,2754.3047624153223,-0.20076260985151087,2772.1777175957354,0.3443497480962236,2772.7228299536832,0.3546195953983952,2861.7044017068793,-0.565899739389176,2875.4199154535268,-0.31279462357239607,2882.9672193280007,-0.27322756822583394,2975.810285295877,-0.48451661469462964,2975.598996249408
175,14.277617874904536,1778269157.4915452,0.011162000009790063,6369.398459516459,6378.803100834429,2627.9999897003177,6382.650987254334,6387.389733166244,2630.999988555908,6354.022847449338,6364.174598832412,2764.999937438965,6345.365822049699,6357.916881132134,2771.9999347686767,6348.5817159275,6356.590963413515,2803.9999225616457,6354.486477977809,6362.495100406516,2808.999920654297,6359.05182626769,6361.314825625823,2839.9999088287354,6363.339974630926,6368.371698199712,2843.9999073028566,6323.562044197205,6337.4053473729255,2877.999894332886,6304.651295962343,6323.854963780298,2880.9998931884766,6312.813459363633,6334.800947519638,2877.999894332886,6322.177562123667,6341.776570284563,2881.9998928070067,6347.972844392823,6355.670307485406,2937.9998714447024,6350.350058073785,6354.279775040499,2942.999869537354,6337.5221704312735,6348.778119937647,2968.999859619141,6331.283500932237,6347.634618088456,2975.9998569488525,-0.7526183665794123,2753.6328197498924,-0.3638781456838555,2772.014602059903,0.39420144626945947,2772.7726816518566,0.5023870553685222,2861.8521691668493,-0.5743777310775126,2875.4114374618384,-0.3414304826820914,2882.938583468891,-0.21141780424248588,2975.8720950598604,-0.38908806772742816,2975.6944247963756
176,14.367975604371168,1778269157.5936031,0.03454862511716783,6365.642343430021,6373.61552403949,2627.9999897003177,6380.601104930159,6381.930247272061,2630.999988555908,6349.021594278204,6358.295483999145,2764.999937438965,6339.158387077054,6353.264802701959,2771.9999347686767,6344.789496286334,6354.087590549256,2803.9999225616457,6352.200310236269,6360.870672738943,2808.999920654297,6352.896578231501,6357.778595225724,2839.9999088287354,6357.166809304032,6364.383788244643,2843.9999073028566,6319.7429959959645,6332.731686890607,2877.999894332886,6302.787755601064,6325.149717272366,2880.9998931884766,6310.612473637559,6329.9314698780445,2877.999894332886,6317.695658220497,6335.559915334535,2881.9998928070067,6338.739348045358,6349.307046795244,2937.9998714447024,6348.47004920989,6350.96793868631,2942.999869537354,6336.692514594858,6351.291340893113,2968.999859619141,6329.619077238134,6344.6205413088,2975.9998569488525,-0.9072032573429732,2753.478234859129,-0.2787803913411317,2772.099699814246,0.3397458081581298,2772.718226013745,0.45609218899734283,2861.805874300478,-0.47945024812201614,2875.5063649447943,-0.32106635687234353,2882.9589475947005,-0.5549645363969088,2975.528548327706,-0.5642701388340352,2975.5192427252687
177,14.482819583383389,1778269157.697377,0.012422582833096385,6368.227566708439,6375.537239050035,2627.9999897003177,6381.644510499128,6385.7923296757035,2630.999988555908,6349.299607237828,6359.7845233364915,2764.999937438965,6340.713320292203,6352.6232035333305,2771.9999347686767,6346.495155423786,6354.33389369441,2803.9999225616457,6353.641748937861,6360.321371152612,2808.999920654297,6356.890408656051,6361.81855763059,2839.9999088287354,6360.866373750649,6366.471592749947,2843.9999073028566,6318.359664700309,6333.020318183208,2877.999894332886,6300.952228199408,6321.748027019593,2880.9998931884766,6308.14201638292,6328.759226090411,2877.999894332886,6319.272272824526,6339.39466790965,2881.9998928070067,6341.398726961517,6351.693200782467,2937.9998714447024,6349.076069016108,6357.242722437876,2942.999869537354,6336.231317052296,6351.278767918818,2968.999859619141,6332.5180074578975,6347.2262997829885,2975.9998569488525,-0.6352780249844286,2753.7501600914875,-0.3978358526592722,2771.980644352928,0.29399570409482606,2772.672475909682,0.2796180742723613,2861.629400185753,-0.5560110996369404,2875.429804093279,-0.3006074794437086,2882.979406472129,-0.08149413461077196,2976.002018729492,-0.5922657290997981,2975.491247135003
178,14.557899520383216,1778269157.7723331,0.012175124837085605,6365.933409236788,6376.672991105542,2627.9999897003177,6384.503872604456,6383.564118042608,2630.999988555908,6352.7317923403725,6358.425254454871,2764.999937438965,6339.176744505914,6353.181612005991,2771.9999347686767,6346.637553871076,6352.375605954092,2803.9999225616457,6353.491139163127,6360.359811413027,2808.999920654297,6355.103426353273,6360.049778402665,2839.9999088287354,6361.355891432588,6366.236323623803,2843.9999073028566,6320.91247822233,6332.623976831617,2877.999894332886,6305.669904025431,6320.461024849466,2880.9998931884766,6311.92684995568,6335.494067304459,2877.999894332886,6323.943656203197,6337.7975670140895,2881.9998928070067,6341.885357765075,6351.01413485344,2937.9998714447024,6347.132350154354,6353.660581654796,2942.999869537354,6336.051239416818,6348.044706116087,2968.999859619141,6328.746371916741,6344.929357826206,2975.9998569488525,-1.3002085491075634,2753.0852295673644,-0.15715691000122103,2772.221323295586,0.4920735763555904,2772.870553781943,0.20036823209001148,2861.5501503435707,-0.628674693655437,2875.357140499261,-0.5000215951680741,2882.779992356405,-0.11885432771086085,2975.964658536392,-0.42278398687864327,2975.6607288772243
179,14.633557187393308,1778269157.847858,0.011909875087440014,6367.693433077605,6377.421163309594,2627.9999897003177,6381.607736039368,6385.9175826023165,2630.999988555908,6353.260172081793,6358.406333099001,2764.999937438965,6338.717827123514,6353.407629061344,2771.9999347686767,6349.190517162332,6357.137315462909,2803.9999225616457,6354.202834917626,6361.256452303083,2808.999920654297,6355.57782039918,6362.38170981447,2839.9999088287354,6362.16188373017,6368.943566036006,2843.9999073028566,6324.990819757311,6333.756883271694,2877.999894332886,6306.369503621971,6327.933507045267,2880.9998931884766,6312.532640523275,6331.198289879879,2877.999894332886,6322.40658220497,6340.807684078614,2881.9998928070067,6340.933612495033,6355.39582021579,2937.9998714447024,6353.2383699605725,6358.7283950239935,2942.999869537354,6341.254807898034,6353.83587737262,2968.999859619141,6335.2784821346695,6346.210564843965,2975.9998569488525,-0.8114028349538133,2753.5740352815183,-0.11407995003486793,2772.264400255552,0.31720416062933143,2772.6956843662165,0.20478979643236597,2861.554571907913,-0.39844244136679086,2875.5873727515495,-0.29547513945847365,2882.9845388121144,-0.6264278850738821,2975.457084979029,-0.6411126227361694,2975.4424002413666
180,14.71266527089756,1778269157.926799,0.011575207812711596,6367.573145459546,6379.209045756029,2627.9999897003177,6380.992898187486,6384.036546749396,2630.999988555908,6353.121120518385,6361.2382431152,2764.999937438965,6344.161037075526,6356.640523275361,2771.9999347686767,6351.473559617324,6357.014234190176,2803.9999225616457,6354.830664486353,6362.311052358101,2808.999920654297,6359.301107986674,6360.1674924351255,2839.9999088287354,6360.124993122842,6365.278485191184,2843.9999073028566,6318.5993092276185,6333.467816425711,2877.999894332886,6304.485849863986,6324.260431885564,2880.9998931884766,6314.0077849436075,6333.5832212611185,2877.999894332886,6324.118508726351,6338.867497019898,2881.9998928070067,6342.041909404897,6352.694194149831,2937.9998714447024,6346.73906837424,6352.369445548186,2942.999869537354,6338.245306721276,6351.425447015312,2968.999859619141,6334.111891371458,6347.8936256380475,2975.9998569488525,-1.058969256536172,2753.3264688599356,-0.29536210685360736,2772.0831180987334,0.5622333098970358,2772.9407135154843,0.6644464353626052,2862.0142285468432,-0.5853642633488241,2875.4004509295673,-0.3941615531838438,2882.885852398389,-0.3115804710815976,2975.7719323930214,-0.5571292859555719,2975.5263835781475
181,14.78673029190395,1778269158.000812,0.011472250102087855,6368.257899562918,6376.057054436531,2627.9999897003177,6378.280516245378,6383.15378549378,2630.999988555908,6349.877172418008,6359.390708194516,2764.999937438965,6343.920069077238,6354.83331754134,2771.9999347686767,6350.216225509674,6355.523891249197,2803.9999225616457,6349.773125592199,6357.273724669132,2808.999920654297,6353.119220894336,6359.210852156372,2839.9999088287354,6359.981399578201,6366.025255983128,2843.9999073028566,6318.252289329706,6335.043729559557,2877.999894332886,6302.977212152703,6324.066447107009,2880.9998931884766,6313.56810832289,6332.078835162148,2877.999894332886,6322.253892471804,6337.061085979766,2881.9998928070067,6342.2543448360175,6354.4502322951375,2937.9998714447024,6349.407378427117,6359.403974997707,2942.999869537354,6339.861079866735,6353.5351193569095,2968.999859619141,6337.880577375676,6348.407789528379,2975.9998569488525,-0.6167199030920554,2753.76871821338,-0.3989111582536355,2771.9795690473334,0.5845531347214176,2772.9630333403084,0.20211760286527686,2861.551899714346,-0.599629221475453,2875.3861859714407,-0.3697909029303728,2882.910223048643,-0.08716846737289169,2975.99634439673,-0.6973156868443465,2975.3861971772585
182,14.864073020406067,1778269158.080731,0.016617625020444393,6368.20431274261,6376.191340893113,2627.9999897003177,6378.86163615246,6383.308697313323,2630.999988555908,6350.213723752177,6357.1551273038485,2764.999937438965,6338.896379558029,6351.649868569857,2771.9999347686767,6346.057080416908,6354.937148882844,2803.9999225616457,6352.229684873308,6357.847588409696,2808.999920654297,6349.725055781399,6354.613985084207,2839.9999088287354,6359.952899104441,6363.819249931229,2843.9999073028566,6315.794181923769,6330.829423541278,2877.999894332886,6300.883053152795,6320.657508329003,2880.9998931884766,6308.6515817464915,6328.315213803222,2877.999894332886,6316.791883424518,6335.79257572516,2881.9998928070067,6337.2602041752,6350.774609530214,2937.9998714447024,6351.076353271999,6357.734916098665,2942.999869537354,6337.2950912369715,6347.90682519791,2968.999859619141,6331.2083213619835,6343.871235137696,2975.9998569488525,-0.6646684212925074,2753.7207696951796,-0.24450415819096924,2772.133976047396,0.11225804934046879,2772.4907382549277,0.09820637754125969,2861.447988489022,-0.589202118749484,2875.3966130741665,-0.30401464113752236,2882.9759993104353,-0.4585434274048747,2975.624969436698,-0.5028321724781456,2975.580680691625
183,14.976717478828505,1778269158.1913311,0.012536291964352131,6364.057742152398,6372.703074854052,2627.9999897003177,6380.7145826328815,6382.74791240028,2630.999988555908,6350.534737292539,6354.769216309564,2764.999937438965,6335.61333404652,6350.146271051746,2771.9999347686767,6343.760169025277,6350.9904025430205,2803.9999225616457,6348.735157563347,6355.55215942782,2808.999920654297,6349.932272213223,6355.349732554941,2839.9999088287354,6357.708824158694,6364.1030870801105,2843.9999073028566,6317.187916068099,6330.372480667542,2877.999894332886,6302.606884799951,6321.631634929852,2880.9998931884766,6309.829260017728,6329.930031787755,2877.999894332886,6320.877151022405,6334.774146468196,2881.9998928070067,6343.834300210899,6352.586753064157,2937.9998714447024,6347.692251734572,6356.428373628389,2942.999869537354,6337.511533759209,6348.252153314791,2968.999859619141,6328.659276522908,6344.01495399945,2975.9998569488525,-0.904887585103979,2753.480550531368,-0.08752117612923581,2772.290959029458,0.35867762681980825,2772.737157832407,0.3111642816074268,2861.660946393088,-0.5632036332480038,2875.422611559668,-0.4241014842883302,2882.8559124672847,0.08699908341233709,2976.170511947515,-0.4067720711513821,2975.6767407929515
184,15.055957082891837,1778269158.270185,0.01176550006493926,6366.457668796038,6379.02961610172,2627.9999897003177,6383.566613687074,6388.786589540606,2630.999988555908,6351.996865543906,6359.879036892135,2764.999937438965,6340.315478191765,6354.500747317908,2771.9999347686767,6348.669604486965,6356.936242626158,2803.9999225616457,6355.754619922365,6360.448427423052,2808.999920654297,6356.223632973684,6359.063787938992,2839.9999088287354,6362.653881774001,6367.385504477794,2843.9999073028566,6319.558229666534,6330.773587125959,2877.999894332886,6300.519013051319,6322.16761163921,2880.9998931884766,6309.521438395941,6332.3393648561905,2877.999894332886,6319.4124400158935,6336.565984044991,2881.9998928070067,6338.823503071797,6348.949391753524,2937.9998714447024,6346.356967325855,6353.101152306141,2942.999869537354,6334.879784210044,6346.328775560106,2968.999859619141,6329.04019622826,6344.50436164685,2975.9998569488525,-0.9625487164440506,2753.422889400028,-0.22739739117886437,2772.1510828144083,0.08545812860038082,2772.4639383341873,0.40889854365340855,2861.758680655134,-0.4541712513777585,2875.5316439415383,-0.41235665263062526,2882.8676572989425,-0.18136383998539252,2975.9021490241175,-0.4294013276677015,2975.6541115364353
185,15.139851291431114,1778269158.354294,0.012194166891276836,6370.160849099857,6377.419554054466,2627.9999897003177,6381.837173334964,6386.931960448697,2630.999988555908,6352.848114130268,6360.466223981416,2764.999937438965,6343.7430586545215,6357.232321117462,2771.9999347686767,6347.752726411345,6355.455877678271,2803.9999225616457,6355.314414524559,6362.318097625089,2808.999920654297,6354.524624812789,6357.442234923739,2839.9999088287354,6358.9718831188675,6365.111206712108,2843.9999073028566,6320.056719748143,6334.642519179632,2877.999894332886,6304.9446740226795,6324.524849466638,2880.9998931884766,6313.551254699391,6334.862583672097,2877.999894332886,6324.576643640921,6339.550878748051,2881.9998928070067,6342.550478344591,6353.1388162117555,2937.9998714447024,6349.521730293121,6358.344516612158,2942.999869537354,6338.736013387535,6353.599157930127,2968.999859619141,6337.626773542806,6350.478787786166,2975.9998569488525,-0.5573056740955321,2753.8281324423765,-0.24269246285428234,2772.1357877427326,0.3336941560436425,2772.712174361631,0.550679588281283,2861.9004616997618,-0.5832322984802445,2875.402582894436,-0.4268994895339203,2882.8531144620392,-0.052586402841299305,2976.0309264612615,-0.6549158979626705,2975.42859696614
186,15.221452666330151,1778269158.435745,0.011893917107954621,6361.866981997127,6370.328048109546,2627.9999897003177,6380.694531894733,6384.406094690834,2630.999988555908,6349.871968701287,6359.109459913805,2764.999937438965,6343.63670874469,6354.803756456889,2771.9999347686767,6348.436331265092,6355.438834550845,2803.9999225616457,6353.427627838739,6360.635489195219,2808.999920654297,6357.149148760584,6363.339818748663,2839.9999088287354,6365.544446312315,6370.188347036708,2843.9999073028566,6323.564785891127,6336.030855518538,2877.999894332886,6304.829182076595,6326.998815600453,2880.9998931884766,6314.51434728123,6333.04090075496,2877.999894332886,6319.037561512363,6338.496989332763,2881.9998928070067,6343.887830485682,6351.932700125317,2937.9998714447024,6347.329191246141,6358.286658312192,2942.999869537354,6339.577803588349,6351.646130452058,2968.999859619141,6331.801280679769,6345.393893083106,2975.9998569488525,-0.7597856249304633,2753.6256524915416,-0.38039799491262166,2771.9980822106745,0.41216621677982734,2772.790646422367,0.04257215083937447,2861.39235426232,-0.47162213142834186,2875.5141930614877,-0.2692363257741671,2883.0107776257987,0.3200566337110672,2976.403569497814,-0.5223922339331007,2975.5611206301696
187,15.301549270865507,1778269158.5158641,0.011940291849896312,6366.352552189992,6378.876660451753,2627.9999897003177,6378.124629397561,6382.637235993521,2630.999988555908,6347.132999663784,6356.3862900021395,2764.999937438965,6340.314678913103,6352.918242809549,2771.9999347686767,6346.951506861877,6354.966205642326,2803.9999225616457,6351.131720512272,6356.932903383562,2808.999920654297,6353.559181770945,6358.519994192621,2839.9999088287354,6360.575621236666,6363.184313965216,2843.9999073028566,6318.154826237124,6333.875068007457,2877.999894332886,6305.031182565638,6322.269081822906,2880.9998931884766,6308.049685178959,6332.477858605618,2877.999894332886,6322.8075541767275,6337.257491518171,2881.9998928070067,6341.18739340404,6352.255689702601,2937.9998714447024,6349.131295656693,6357.998861448176,2942.999869537354,6338.5134731179505,6347.2031237582905,2968.999859619141,6329.560893419324,6346.060702387138,2975.9998569488525,-1.0136667631092027,2753.371771353363,-0.33071216266794595,2772.047768042919,0.20311174006028704,2772.5815919456472,-0.043093788886428425,2861.3066883225943,-0.6656519124008833,2875.3201632805153,-0.5060012912912858,2882.7740126602816,-0.08736178525907001,2975.996151078844,-0.2873839984397957,2975.796128865663
188,15.37746681238059,1778269158.593228,0.014824290992692113,6364.334708255647,6373.677835681757,2627.9999897003177,6381.144958278571,6385.5173533636935,2630.999988555908,6350.544664853134,6359.868102209859,2764.999937438965,6340.841207934713,6355.782093407097,2771.9999347686767,6348.933202922029,6356.102254179784,2803.9999225616457,6353.2200278142855,6361.253010667237,2808.999920654297,6353.132739860012,6360.1505822661,2839.9999088287354,6360.888220191338,6365.0863052847135,2843.9999073028566,6319.1586270134785,6333.100307179754,2877.999894332886,6305.248112602011,6324.107771189289,2880.9998931884766,6311.448927163248,6330.382883516215,2877.999894332886,6322.135771922854,6338.568623345663,2881.9998928070067,6339.521523978359,6350.035982822386,2937.9998714447024,6346.6410994284315,6357.032921722652,2942.999869537354,6338.206197084085,6345.630640034233,2968.999859619141,6328.962420148548,6344.1540055628575,2975.9998569488525,-0.7768794287188249,2753.608558687753,-0.2514441603790139,2772.127036045208,0.46911590915278795,2772.8475961147396,-0.09302086118229734,2861.2567612502985,-0.5851219424694021,2875.4006932504467,-0.34390572242412265,2882.936108229149,0.07802951279561314,2976.1615423768985,-0.28890133816859587,2975.794611525934
189,15.485852187382989,1778269158.7002409,0.012089540949091315,6369.459501176758,6375.047146743283,2627.9999897003177,6379.80583030229,6384.903308677446,2630.999988555908,6352.692141700033,6362.108481829019,2764.999937438965,6344.523197420302,6359.527542256319,2771.9999347686767,6353.2590793776935,6359.118337561512,2803.9999225616457,6356.692528349176,6365.7129428126045,2808.999920654297,6357.34316257603,6359.767570376256,2839.9999088287354,6363.252326007886,6370.022991105542,2843.9999073028566,6321.4180288535,6336.809996332182,2877.999894332886,6306.233115811351,6324.386140232908,2880.9998931884766,6313.657294372957,6334.974740960357,2877.999894332886,6325.79999388697,6344.5629993581315,2881.9998928070067,6345.6966042118775,6355.006013693186,2937.9998714447024,6350.149520127151,6361.271476602378,2942.999869537354,6340.046474309991,6350.313479230981,2968.999859619141,6333.954910291285,6347.960625974263,2975.9998569488525,-0.4265669440654,2753.9588711724064,-0.25266492506347277,2772.1258152805235,0.6675837139919499,2773.046063919579,0.6700597444691208,2862.01984185595,-0.6361032921156617,2875.3497119008002,-0.3451783810109015,2882.934835570562,0.23228493378918325,2976.315797797892,-0.43981430530322607,2975.6436985587998
190,15.565147312358022,1778269158.779367,0.011750958859920502,6370.461931106152,6378.077452089128,2627.9999897003177,6381.23638781062,6382.793370419047,2630.999988555908,6351.95001222606,6354.6176956933705,2764.999937438965,6338.126256991779,6352.827652290858,2771.9999347686767,6346.788374545343,6355.444958278572,2803.9999225616457,6353.169638108628,6360.201827795947,2808.999920654297,6352.81448023963,6355.298873674236,2839.9999088287354,6358.997132988965,6363.442931809151,2843.9999073028566,6316.660665708958,6329.871216798607,2877.999894332886,6302.378002261821,6317.805092153925,2880.9998931884766,6309.870165357459,6327.890500351499,2877.999894332886,6318.713930066938,6335.634630314516,2881.9998928070067,6339.311718678362,6350.142488614483,2937.9998714447024,6348.2810511354955,6354.946536968548,2942.999869537354,6338.8788443316935,6351.17908273986,2968.999859619141,6332.9639820276925,6347.615759391141,2975.9998569488525,-0.8610522273568334,2753.524385889115,-0.027041074003101583,2772.351439131584,0.25382471333503354,2772.6323049189223,0.4165310791936183,2861.7663131906743,-0.6490977143900669,2875.336717478526,-0.3134658616241513,2882.966548089949,-0.243852271467972,2975.839660592635,-0.4916264176472832,2975.5918864464556
191,15.63959545781836,1778269158.853791,0.011703249998390675,6366.955935752057,6376.960665708959,2627.9999897003177,6378.135258428341,6386.45642479445,2630.999988555908,6352.703608215911,6361.622780206008,2764.999937438965,6345.612611180732,6356.412352905217,2771.9999347686767,6346.863658037107,6352.811891371459,2803.9999225616457,6353.727213680961,6360.698977595745,2808.999920654297,6355.551496164075,6358.6484824403215,2839.9999088287354,6362.123180609468,6363.480766879604,2843.9999073028566,6317.879894244583,6332.971186233457,2877.999894332886,6308.0619509735,6327.297188006236,2880.9998931884766,6319.911150166579,6338.706809915334,2877.999894332886,6325.770478650243,6341.3259330011915,2881.9998928070067,6341.953070269279,6352.074846410122,2937.9998714447024,6350.377323715499,6359.748082036861,2942.999869537354,6337.840648592474,6346.111221994683,2968.999859619141,6331.946822752698,6345.545861478741,2975.9998569488525,-0.5201575157325669,2753.8652806007394,-0.3820913971693707,2771.9963888084176,0.4827906986197443,2772.861270904207,0.02233407710544329,2861.372116188586,-0.6037033495051708,2875.3821118434107,-0.3595438636336041,2882.9204700879395,0.02794666570259547,2976.1114595298054,-0.3803360752714425,2975.7031767888316
192,15.713287437451072,1778269158.9272609,0.011258709011599422,6366.373879023136,6377.2866415013605,2627.9999897003177,6384.488262982546,6389.661876088883,2630.999988555908,6355.132496867072,6362.08732616071,2764.999937438965,6343.588452486475,6359.98877800532,2771.9999347686767,6350.866329431183,6355.290407127793,2803.9999225616457,6356.686745422869,6362.917807256166,2808.999920654297,6357.362105327506,6363.552802824221,2839.9999088287354,6364.192011798148,6370.994013815447,2843.9999073028566,6323.877889170767,6337.984864137909,2877.999894332886,6306.252779900357,6323.233653757985,2880.9998931884766,6311.470483235015,6328.931744964391,2877.999894332886,6318.480879970657,6339.9418650854295,2881.9998928070067,6345.0709860317265,6353.531161170033,2937.9998714447024,6349.448213467005,6360.664894397409,2942.999869537354,6338.764052327536,6351.5654155332095,2968.999859619141,6332.733827979338,6344.2600055017265,2975.9998569488525,-0.8368486203249587,2753.548589496147,-0.11791687201079404,2772.260563333576,0.5506809746822009,2772.929161180269,0.27218198749182576,2861.6219640989725,-0.6333478641565393,2875.3524673287598,-0.20304674493375846,2883.0769672066394,0.30742719219446357,2976.3909400562975,-0.6271429721834622,2975.4563698919196
193,15.792087270878255,1778269159.006478,0.012095457874238491,6372.303220038512,6379.9399899135005,2627.9999897003177,6384.240503408014,6386.580976250878,2630.999988555908,6353.232689427515,6364.413497570071,2764.999937438965,6345.406971910627,6356.285272182657,2771.9999347686767,6353.032859064095,6361.414597915457,2803.9999225616457,6359.013601491579,6364.48075006877,2808.999920654297,6361.738593086163,6367.974548399914,2839.9999088287354,6369.796015832747,6373.235215637132,2843.9999073028566,6325.451704007091,6340.865123636029,2877.999894332886,6309.374754714674,6330.401279151511,2880.9998931884766,6315.39950331632,6337.871349757008,2877.999894332886,6323.224262615765,6342.522367576489,2881.9998928070067,6348.235933918147,6359.65774062414,2937.9998714447024,6354.384986398509,6360.882811688113,2942.999869537354,6341.822873429715,6353.424115903048,2968.999859619141,6336.74899899135,6350.9572897881835,2975.9998569488525,-0.8014815785736191,2753.5839565378983,-0.4581870731443837,2771.9202931324426,0.1426006967886399,2772.5210809023756,-0.09015790532454741,2861.259624206156,-0.5686125051982731,2875.4172026877177,-0.35827897248559365,2882.9217349790874,-0.30346701675284454,2975.7800458473503,-0.4822013289143426,2975.6013115351884
194,15.866552958381362,1778269159.080707,0.011618917109444737,6365.123260078858,6375.871015068619,2627.9999897003177,6382.27948314332,6383.556342268546,2630.999988555908,6352.627112815967,6361.310439526851,2764.999937438965,6343.969550997953,6356.634495827858,2771.9999347686767,6351.5775728214685,6359.123535165205,2803.9999225616457,6354.534064859247,6360.068200018339,2808.999920654297,6358.328891707674,6364.834164195984,2839.9999088287354,6366.242326619189,6368.480334382737,2843.9999073028566,6319.039725524956,6334.749682122443,2877.999894332886,6307.665820521442,6328.840234434697,2880.9998931884766,6318.321710425773,6337.975621236665,2877.999894332886,6321.7983082189685,6341.105020325825,2881.9998928070067,6343.04138521258,6354.487540116758,2937.9998714447024,6349.485237032735,6358.011504722316,2942.999869537354,6334.775378243727,6349.413592322035,2968.999859619141,6332.477688969037,6346.927722590701,2975.9998569488525,-1.1279287662600967,2753.257509350212,-0.30865762477608777,2772.069822580811,0.22077075156779677,2772.5992509571547,-0.2467739608240633,2861.1030081506565,-0.5723629473848068,2875.4134522455315,-0.2968630125219417,2882.983150939051,-0.1443501563234916,2975.9391627077794,-0.5867579924635203,2975.4967548716395
195,15.953106645843945,1778269159.1678798,0.012860791990533471,6374.549507901092,6376.603620441972,2627.9999897003177,6383.7855197603685,6385.501181343032,2630.999988555908,6354.024792921112,6361.780025674726,2764.999937438965,6345.578884066388,6359.372332426567,2771.9999347686767,6351.835622153621,6361.554679524406,2803.9999225616457,6356.874887673075,6362.415514869945,2808.999920654297,6356.683688907907,6361.28261301464,2839.9999088287354,6365.178575358376,6370.83104196595,2843.9999073028566,6325.015339120334,6337.377913622887,2877.999894332886,6306.388617538282,6326.778853501238,2880.9998931884766,6315.546307729926,6335.994582327229,2877.999894332886,6325.554696335239,6342.549595011767,2881.9998928070067,6346.723724669132,6357.180288535012,2937.9998714447024,6354.434963474646,6359.042373995171,2942.999869537354,6338.8794586912,6353.310583183054,2968.999859619141,6334.2012760949965,6349.166968242809,2975.9998569488525,-0.41427379806294184,2753.971164318409,-0.23695512853117137,2772.141525077056,0.03346757764305268,2772.41194778323,0.3192811090087036,2861.6690632204895,-0.5113295271701706,2875.4744856657458,-0.36444135252770093,2882.9155725990454,-0.3773263931668877,2975.706186470936,-0.5595647437903861,2975.5239481203125
196,16.028887291438878,1778269159.243144,0.011826917063444853,6368.040806002995,6378.0618577497935,2627.9999897003177,6381.0315814408405,6388.996362747195,2630.999988555908,6351.775512730385,6361.87894978146,2764.999937438965,6344.810603050403,6355.7690986337375,2771.9999347686767,6352.406261270899,6358.846738698535,2803.9999225616457,6353.689094354616,6359.479241678639,2808.999920654297,6353.434679218754,6360.084987926765,2839.9999088287354,6359.25758932665,6367.3014426750615,2843.9999073028566,6321.482698597059,6333.658998380047,2877.999894332886,6301.2978100070295,6321.082492282299,2880.9998931884766,6310.33825534126,6331.785946144208,2877.999894332886,6321.271122046642,6339.407430387872,2881.9998928070067,6341.135999633218,6351.35985267598,2937.9998714447024,6347.33783659871,6356.81590610386,2942.999869537354,6338.161179203473,6352.293893083106,2968.999859619141,6334.403223095027,6349.542970015587,2975.9998569488525,-0.5493507661904925,2753.8360873502816,-0.41786526008393327,2771.960614945503,0.3385819970283842,2772.7170622026156,0.35547654995550243,2861.7052586614363,-0.5210364099748767,2875.4647787829413,-0.3615002880675408,2882.9185136635056,0.028610005483652213,2976.1121228695865,-0.5420054280923117,2975.5415074360108
197,16.141761978855357,1778269159.356184,0.012158541940152645,6360.055882263043,6368.41441452456,2627.9999897003177,6374.928127578934,6376.859200110035,2630.999988555908,6344.972141394383,6353.350550172692,2764.999937438965,6334.928732768896,6351.696136565089,2771.9999347686767,6345.540993978666,6353.20821438396,2803.9999225616457,6350.4702860898005,6356.818543876272,2808.999920654297,6350.74929700156,6354.955691230858,2839.9999088287354,6357.317224990065,6362.284266589234,2843.9999073028566,6314.173292172265,6329.257852186937,2877.999894332886,6300.464834795366,6321.82833695021,2880.9998931884766,6307.014944829904,6330.2147155912835,2877.999894332886,6319.328098542042,6336.908290796833,2881.9998928070067,6337.718083870771,6347.141962893908,2937.9998714447024,6342.832492282299,6349.798173732311,2942.999869537354,6331.761536815722,6343.858865421646,2968.999859619141,6325.32877403185,6341.879988996547,2975.9998569488525,-0.8907463276179218,2753.494691788854,-0.15446160292052358,2772.2240186026665,0.28036783807265175,2772.65884804366,0.28843847303819115,2861.638220584519,-0.552795961275783,2875.43301923164,-0.411579728139915,2882.8684342234333,-0.10763918726442256,2975.9758736768385,-0.41288073250056795,2975.6706321316024
198,16.216533520957455,1778269159.430917,0.012080457992851734,6363.208338172815,6374.8778754164505,2627.9999897003177,6382.416172020663,6386.754818595837,2630.999988555908,6349.785360821592,6358.621898401442,2764.999937438965,6344.5404621450625,6355.294441727543,2771.9999347686767,6345.3373444998015,6353.603308677446,2803.9999225616457,6353.314500106978,6359.810612219948,2808.999920654297,6351.203218510254,6355.738748968426,2839.9999088287354,6356.329539688846,6361.329420484763,2843.9999073028566,6314.75970596326,6327.676299782987,2877.999894332886,6300.58980193783,6319.519523489318,2880.9998931884766,6311.31657395238,6328.868059418651,2877.999894332886,6318.695205856282,6335.0541965950415,2881.9998928070067,6340.968322278937,6352.042072928447,2937.9998714447024,6348.263526606963,6356.476527493352,2942.999869537354,6337.365325366018,6347.025032857536,2968.999859619141,6329.529289054621,6345.08402665281,2975.9998569488525,-0.9612828990671587,2753.424155217405,-0.3808839513070516,2771.99759625428,0.24109472644497693,2772.619574932032,0.25696415979561826,2861.6067462712763,-0.5590838570126789,2875.4267313359032,-0.3153770837820116,2882.964636867791,-0.1398052484450363,2975.943707615658,-0.3590178657826647,2975.72449499832
199,16.291640874929726,1778269159.505823,0.01167733408510685,6366.644269034447,6375.696500290369,2627.9999897003177,6376.476428156616,6380.094490631781,2630.999988555908,6346.299442186019,6356.082159122169,2764.999937438965,6340.749128893236,6353.61667634563,2771.9999347686767,6345.717347250666,6351.650336216645,2803.9999225616457,6351.635959898524,6360.327733288505,2808.999920654297,6353.479591649602,6361.590391845218,2839.9999088287354,6359.899923587126,6363.768684475961,2843.9999073028566,6318.382162178683,6333.728196350521,2877.999894332886,6302.867767521473,6319.805454350949,2880.9998931884766,6310.320464895926,6333.221190818229,2877.999894332886,6318.1405859339175,6334.782557997372,2881.9998928070067,6341.161110431885,6348.641909404897,2937.9998714447024,6344.560875080233,6349.846092245622,2942.999869537354,6336.164678913104,6348.994530366477,2968.999859619141,6331.6894687777,6347.40809212336,2975.9998569488525,-0.812536980324754,2753.5729011361473,-0.34005521444202946,2772.038424991145,0.6328337216932688,2773.0113139272803,-0.24432205666646514,2861.105460054814,-0.6637619537168146,2875.3220532391992,-0.42508318270496226,2882.854930768868,-0.08649233457883837,2975.997020529524,-0.4716472365549024,2975.611865627548
200,16.365933624911122,1778269159.5805812,0.012607665965333581,6361.557982088822,6373.2411208240355,2627.9999897003177,6378.470341107069,6381.788408167007,2630.999988555908,6348.526785768867,6355.999136534523,2764.999937438965,6338.2980025674715,6355.117568848,2771.9999347686767,6346.833791301158,6355.91766665648,2803.9999225616457,6353.550096280221,6361.315305498671,2808.999920654297,6352.435600758015,6357.515091542622,2839.9999088287354,6362.482449491091,6367.43948711679,2843.9999073028566,6322.861095149312,6333.522217807256,2877.999894332886,6303.977925848947,6323.955309166488,2880.9998931884766,6310.236233456613,6332.636869211725,2877.999894332886,6321.345360210287,6332.667122596815,2881.9998928070067,6338.919823027783,6348.7594797811535,2937.9998714447024,6343.304114069138,6354.750790109118,2942.999869537354,6338.056077880001,6346.671734877892,2968.999859619141,6328.835953785494,6343.2573065990155,2975.9998569488525,-1.0420034985401396,2753.343434617932,-0.12114521519842394,2772.2573349903887,0.28018408130954425,2772.6586642868965,0.19401835886560445,2861.543800470346,-0.480748982549307,2875.5050662103667,-0.5296560154522857,2882.7503579361205,0.2160451870097249,2976.2995580511124,-0.362238239138264,2975.7212746249647
201,16.44730220839847,1778269159.6617842,0.012277667177841067,6368.082020050737,6375.645089708714,2627.9999897003177,6379.901430449003,6382.604088088761,2630.999988555908,6350.396702020355,6357.694162056423,2764.999937438965,6339.463060488431,6352.140087721979,2771.9999347686767,6346.073527523917,6351.880736314455,2803.9999225616457,6351.107963749733,6360.230960968304,2808.999920654297,6354.710445639882,6359.854670354862,2839.9999088287354,6361.608944891035,6367.325398111074,2843.9999073028566,6317.724719564752,6332.259333068435,2877.999894332886,6302.972055811964,6321.1618439954755,2880.9998931884766,6309.26260048293,6329.809094660269,2877.999894332886,6320.580563621358,6338.113581624231,2881.9998928070067,6339.540161078338,6349.833834092367,2937.9998714447024,6345.1888055139525,6359.3723599352015,2942.999869537354,6340.090798361709,6352.4721551487,2968.999859619141,6332.723940153438,6346.720189809579,2975.9998569488525,-0.7677339735211344,2753.617704142951,-0.25964190719998087,2772.118838298387,0.6810599321065405,2773.0595401376936,0.2681857538503377,2861.617967865331,-0.6149368694796875,2875.3708783234365,-0.355077625949608,2882.9249363256235,0.3972497739457398,2976.4807626380484,-0.5190364749857873,2975.5644763891173
202,16.52264733344782,1778269159.738867,0.01575341704301536,6364.855481859583,6376.056201668857,2627.9999897003177,6380.313769599903,6383.393426964574,2630.999988555908,6349.9577528501995,6359.144932298193,2764.999937438965,6342.008568939694,6355.111908182291,2771.9999347686767,6347.523191307272,6352.579729192774,2803.9999225616457,6354.628387382707,6361.251233303787,2808.999920654297,6352.636542164624,6354.552837974142,2839.9999088287354,6358.720577986979,6362.948540514105,2843.9999073028566,6314.631032796406,6330.977863190392,2877.999894332886,6300.85773451111,6319.201901152306,2880.9998931884766,6309.814512333038,6332.216783323654,2877.999894332886,6318.596980163218,6335.290442277716,2881.9998928070067,6336.439497814592,6354.215762447658,2937.9998714447024,6344.074857107925,6353.830363419628,2942.999869537354,6336.670674267201,6348.151771250419,2968.999859619141,6334.340792248679,6344.825023687992,2975.9998569488525,-1.0225746841204908,2753.3628634323513,-0.3109331273524189,2772.067547078235,0.5297684682581933,2772.9082486738453,0.4539367409320229,2861.8037188524127,-0.6541952457212958,2875.3316199471947,-0.41325105450070354,2882.8667628970725,-0.5504588615199978,2975.533054002583,-0.6170400237134785,2975.4664728403895
203,16.6251431038836,1778269159.8396149,0.012258291942998767,6365.142769813859,6373.777581991015,2627.9999897003177,6377.130432191215,6382.563390592046,2630.999988555908,6347.009939786654,6357.250834428584,2764.999937438965,6337.246076963047,6351.975540239019,2771.9999347686767,6346.494079530519,6354.417255555217,2803.9999225616457,6350.302935782621,6357.409459913807,2808.999920654297,6348.315293272611,6355.618299355075,2839.9999088287354,6359.358672861204,6364.509138979736,2843.9999073028566,6316.737193202311,6330.297460036067,2877.999894332886,6302.259337653208,6320.883699605709,2880.9998931884766,6306.984295626127,6330.295600146712,2877.999894332886,6317.635371519394,6334.581054192011,2881.9998928070067,6336.665418589724,6347.569581563102,2937.9998714447024,6344.225428676224,6352.313415044167,2942.999869537354,6335.74025735856,6346.469856649448,2968.999859619141,6328.0150701470175,6344.86275789345,2975.9998569488525,-0.6385374614926866,2753.746900654979,-0.290741549365715,2772.0877386562215,0.3239027151731602,2772.70238292076,-0.022482345280864877,2861.3272997661998,-0.5815814419089397,2875.4042337510073,-0.42762695172611764,2882.8523869998467,-0.13643497947921107,2975.9470778846235,-0.35066411820840976,2975.7328487458944
204,16.709487791871652,1778269159.923768,0.011874500196427107,6361.1991105541465,6371.255426842314,2627.9999897003177,6376.105564385488,6381.34779778097,2630.999988555908,6345.3245759085485,6354.1164914264755,2764.999937438965,6340.725752666809,6353.247854326497,2771.9999347686767,6346.714200568511,6354.465152672923,2803.9999225616457,6350.24063942293,6358.033731699117,2808.999920654297,6351.734923739952,6353.773857627532,2839.9999088287354,6358.67735275239,6360.8020585628265,2843.9999073028566,6314.065161842467,6326.421902986216,2877.999894332886,6296.383181526424,6317.085878900876,2880.9998931884766,6306.308556713635,6325.717966194945,2877.999894332886,6315.67123972247,6332.895098878259,2881.9998928070067,6335.489632301249,6344.760301983678,2937.9998714447024,6346.398836996058,6351.392144756549,2942.999869537354,6331.8985726075125,6345.923163798637,2968.999859619141,6326.446518629459,6338.508643824312,2975.9998569488525,-0.7647904686611323,2753.620647647811,-0.31756117346406115,2772.060919032123,0.3981685684673864,2772.7766487740546,0.21680229829800698,2861.5665844097784,-0.5035267760940428,2875.482288416822,-0.33705073057326057,2882.942963221,-0.25309389927899506,2975.830418964824,-0.6528922136860456,2975.430620650417
205,16.789541541365907,1778269160.003911,0.012054583057761192,6363.128743466699,6372.794538007764,2627.9999897003177,6377.825410337134,6383.141807011646,2630.999988555908,6350.482148424368,6359.568008986154,2764.999937438965,6341.892694929242,6352.795783537611,2771.9999347686767,6346.991307271449,6355.308410000916,2803.9999225616457,6353.008839441269,6356.514215851086,2808.999920654297,6350.490391845218,6357.530704221047,2839.9999088287354,6361.236708744689,6366.014443561451,2843.9999073028566,6320.946874713453,6329.182018522481,2877.999894332886,6301.720895864535,6322.276878992573,2880.9998931884766,6310.864315187823,6333.144282788765,2877.999894332886,6319.219451661215,6332.583597212458,2881.9998928070067,6339.580468869395,6351.057587798392,2937.9998714447024,6344.08022893297,6349.8799782987435,2942.999869537354,6335.5655882263045,6346.864059968824,2968.999859619141,6328.907259223034,6343.482334871778,2975.9998569488525,-0.7283913839506502,2753.6570467325214,-0.3841871193680859,2771.994293086219,-0.021703983541670264,2772.3567762220455,-0.03405915729457966,2861.315722954186,-0.40948252219095516,2875.576332670725,-0.4826522874957872,2882.797361664077,-0.3638849377126995,2975.7196279263903,-0.4569449118073398,2975.6265679522958
206,16.864389312453568,1778269160.079042,0.012621209025382996,6366.2468517895895,6375.903884830515,2627.9999897003177,6382.263058960173,6386.701019347739,2630.999988555908,6351.638266039062,6360.7620610080385,2764.999937438965,6339.665947366813,6356.147544090228,2771.9999347686767,6350.196297032124,6356.647437112204,2803.9999225616457,6357.23064156249,6360.872625852004,2808.999920654297,6356.216006968854,6358.713881162697,2839.9999088287354,6364.047394320996,6369.433721001314,2843.9999073028566,6320.748349481921,6336.10990005196,2877.999894332886,6307.118695173764,6324.320998257786,2880.9998931884766,6311.532473943211,6333.2966256074815,2877.999894332886,6321.781239111166,6337.8402863954525,2881.9998928070067,6340.890235962955,6352.167283063851,2937.9998714447024,6348.684799951096,6355.637057187395,2942.999869537354,6337.088620594798,6349.182550356084,2968.999859619141,6331.080037900786,6346.342205886848,2975.9998569488525,-0.7961044913418684,2753.58933362513,-0.1905730563867781,2772.1879071492003,0.1515554765094871,2772.5300356820967,0.5149008818742373,2861.864682993355,-0.6579961828338553,2875.3278190100823,-0.41322358039473067,2882.8667903711785,-0.25636332157972386,2975.8271495425233,-0.4610811870646768,2975.622431677038
207,16.939100374816917,1778269160.153763,0.012641750043258071,6373.314689610906,6378.442797322493,2627.9999897003177,6383.332823914174,6387.528738881927,2630.999988555908,6349.944194149832,6358.297013784883,2764.999937438965,6343.231043494208,6356.169664089006,2771.9999347686767,6347.844154415136,6356.809534798423,2803.9999225616457,6354.447275116911,6361.461009566892,2808.999920654297,6352.733887581378,6358.264033988447,2839.9999088287354,6362.235574777638,6368.069156707522,2843.9999073028566,6319.809123697161,6331.030759238316,2877.999894332886,6303.073498487025,6324.074111318276,2880.9998931884766,6312.09030014977,6335.534974172448,2877.999894332886,6324.43769752728,6341.6300455420715,2881.9998928070067,6343.47944035211,6353.200562398753,2937.9998714447024,6350.751911850109,6358.733763792525,2942.999869537354,6341.04975700706,6354.382645108048,2968.999859619141,6335.218682947702,6350.173287587492,2975.9998569488525,-0.46092900708099177,2753.924509109391,-0.28764461561291343,2772.090835589974,0.22554323780897076,2772.604023443396,0.23929751937842544,2861.589079630859,-0.46985359083139266,2875.5159616020846,-0.42516360919803037,2882.854850342375,-0.05046800824598214,2976.033044855857,-0.5189032360533531,2975.5646096280493
208,17.01664181239903,1778269160.230904,0.01184045895934105,6363.806608185346,6372.2818397163555,2627.9999897003177,6379.314683497875,6381.888590029648,2630.999988555908,6346.398205825719,6356.167226518324,2764.999937438965,6336.97128709845,6350.927522388973,2771.9999347686767,6345.078654827766,6353.011353424825,2803.9999225616457,6351.6134945135545,6361.550055017269,2808.999920654297,6354.5712687593605,6357.990734174893,2839.9999088287354,6359.965941253782,6362.100666320262,2843.9999073028566,6316.188900265917,6330.737514136382,2877.999894332886,6300.172483724057,6322.1487957331055,2880.9998931884766,6312.112722743528,6332.346996974049,2877.999894332886,6318.631835131583,6333.737974141884,2881.9998928070067,6338.199087630283,6352.805014212793,2937.9998714447024,6348.678855029495,6357.2448925635,2942.999869537354,6337.531219243819,6348.376397591466,2968.999859619141,6329.536805024911,6344.508582694013,2975.9998569488525,-0.8494023606720876,2753.5360357557997,-0.3012782069388714,2772.077201998648,0.5672783286161174,2772.9457585342034,0.07075907421341439,2861.420541185694,-0.5254649074284528,2875.4603502854875,-0.4005372778706938,2882.8794766737024,-0.3932210895813847,2975.6902917745215,-0.425103405591486,2975.6584094585114
209,17.091208104393445,1778269160.3079622,0.01681912480853498,6363.189259406425,6371.091356175689,2627.9999897003177,6374.629302808937,6377.193009750283,2630.999988555908,6344.061691169729,6353.089231897789,2764.999937438965,6337.697026010941,6353.111024849466,2771.9999347686767,6346.349012745666,6352.333765320781,2803.9999225616457,6352.84168322279,6358.259057982089,2808.999920654297,6349.587523305926,6356.183934957362,2839.9999088287354,6357.372428706788,6363.3312131307885,2843.9999073028566,6315.876617660544,6327.90246355106,2877.999894332886,6299.706294892562,6318.809565363574,2880.9998931884766,6308.081816792494,6327.629038420393,2877.999894332886,6316.981126020112,6333.909119112388,2881.9998928070067,6338.869797047407,6346.951442675063,2937.9998714447024,6347.012655500199,6352.446029587065,2942.999869537354,6334.703725891738,6345.954042241037,2968.999859619141,6327.310842986827,6344.996717302931,2975.9998569488525,-0.8053499597997337,2753.5800881566724,-0.2246668883178983,2772.153813317269,0.3453213268781573,2772.723801532465,0.13917594892195936,2861.4889580604026,-0.5337554742060537,2875.45205971871,-0.3463997209591122,2882.933614230614,-0.12295316868848641,2975.9605596954143,-0.33881620085929137,2975.7446966632438
210,17.194057854474522,1778269160.4089012,0.013002875028178096,6358.877828040468,6370.5123315096125,2627.9999897003177,6376.641394382125,6379.735269126142,2630.999988555908,6344.066228566189,6352.373539749977,2764.999937438965,6332.30061894428,6349.135915579058,2771.9999347686767,6342.894877280925,6349.439756090105,2803.9999225616457,6347.478191765748,6353.09679677232,2808.999920654297,6344.026596264938,6349.224867805728,2839.9999088287354,6354.149322981936,6359.756695296023,2843.9999073028566,6311.210401320415,6329.046928202464,2877.999894332886,6298.0546672983455,6321.0828254424305,2880.9998931884766,6307.441807011646,6326.203203227679,2877.999894332886,6315.907196564477,6332.864380902895,2881.9998928070067,6335.82870067549,6345.134720481707,2937.9998714447024,6340.876959990218,6348.24532200385,2942.999869537354,6330.83232264572,6342.534362869456,2968.999859619141,6323.888489164654,6337.278784729651,2975.9998569488525,-1.056017711280465,2753.3294204051913,-0.14940546311200123,2772.229074742475,0.31435803359683817,2772.692838239184,0.2505926510413181,2861.600374762522,-0.5785007770406816,2875.4073144158756,-0.32872291923708735,2882.951291032336,-0.06621223346216677,2976.017300630641,-0.5162513799643772,2975.5672614841387
211,17.26725260389503,1778269160.4816792,0.01217120815999806,6358.793828896292,6369.496323012502,2627.9999897003177,6372.5055643854885,6376.632105633157,2630.999988555908,6342.4473545863,6351.482820857658,2764.999937438965,6334.220174527005,6349.535478497417,2771.9999347686767,6343.1578338478475,6349.997884891646,2803.9999225616457,6352.096471253477,6358.065826634472,2808.999920654297,6351.945473301343,6357.316040590519,2839.9999088287354,6357.567834764801,6361.425223889721,2843.9999073028566,6316.983672097074,6327.956909252071,2877.999894332886,6298.722856618883,6318.782065898462,2880.9998931884766,6306.721525506617,6327.712916832229,2877.999894332886,6316.963798636794,6332.351778891709,2881.9998928070067,6337.481648684169,6344.046541553321,2937.9998714447024,6340.46152000489,6348.390061741602,2942.999869537354,6330.512145062199,6344.732962985603,2968.999859619141,6326.381748020907,6341.523597823761,2975.9998569488525,-0.9024387124106745,2753.4829994040615,-0.22817541735485306,2772.150304788232,0.31880440540209404,2772.6972846109893,0.04626447263153793,2861.3960465841124,-0.48604588905132434,2875.499769303865,-0.41111831819779016,2882.8688956333754,0.197141315392594,2976.2806541794953,-0.5451402358764665,2975.5383726282266
212,17.345416499883868,1778269160.560143,0.012769583845511079,6368.282752086072,6376.286487147354,2627.9999897003177,6382.1668291713795,6384.987159580646,2630.999988555908,6351.022625852003,6357.4664853134445,2764.999937438965,6341.569207140019,6355.760642785097,2771.9999347686767,6346.565261179203,6354.481851942415,2803.9999225616457,6352.824840297093,6362.053765626433,2808.999920654297,6352.694530366476,6358.423814836324,2839.9999088287354,6360.397181893205,6368.811741602226,2843.9999073028566,6320.676496928203,6331.970843903781,2877.999894332886,6306.739325121497,6326.058426811749,2880.9998931884766,6309.428376684904,6333.452553718251,2877.999894332886,6320.497270532139,6338.176200446252,2881.9998928070067,6340.948895069841,6351.16499067763,2937.9998714447024,6348.900602133447,6354.8558960173605,2942.999869537354,6336.21696212978,6348.409493535471,2968.999859619141,6329.912028914632,6346.802231255922,2975.9998569488525,-0.7930066630941764,2753.5924314533777,-0.17709709571878174,2772.2013831098684,0.5075697293137105,2772.8860499349007,0.4927543368093997,2861.84253644829,-0.5116172849152303,2875.474197908001,-0.42715277501342175,2882.8528611765596,-0.2512888450572529,2975.8322240190455,-0.403907540747731,2975.679605323355
213,17.431161728920415,1778269160.645638,0.012270791921764612,6368.071238194212,6381.96093773879,2627.9999897003177,6385.911029434239,6390.613690130513,2630.999988555908,6356.522832166764,6363.243159519517,2764.999937438965,6347.494438671029,6358.424462817496,2771.9999347686767,6351.715531680778,6360.086109667756,2803.9999225616457,6361.877328300272,6366.018475104685,2808.999920654297,6358.962536296115,6363.530170859187,2839.9999088287354,6361.334468319223,6370.51759941315,2843.9999073028566,6324.000643396399,6337.558264816456,2877.999894332886,6309.066885716906,6330.65487208485,2880.9998931884766,6319.370390011309,6338.891126937067,2877.999894332886,6324.728330837179,6340.137726564171,2881.9998928070067,6343.154731485161,6355.5077574349725,2937.9998714447024,6353.3657731454605,6360.4517467983005,2942.999869537354,6339.889846257297,6349.411885258428,2968.999859619141,6332.6625928416415,6351.769405813492,2975.9998569488525,-1.105436653431011,2753.280001463041,-0.3007690171328101,2772.077711188454,0.028703369091390138,2772.4071835746786,0.6985592518501879,2862.048341363331,-0.511522529866501,2875.4742926630497,-0.3783624885796995,2882.9016514629934,-0.3313983193274168,2975.7521145447754,-0.22143960965753096,2975.8620732544455
214,17.50466466648504,1778269160.719119,0.012226833030581474,6364.445817159276,6375.675619708409,2627.9999897003177,6379.55584252835,6382.75341565547,2630.999988555908,6345.8096647003085,6352.141059693737,2764.999937438965,6335.978969648807,6350.4620014059965,2771.9999347686767,6344.744967448116,6352.33249839533,2803.9999225616457,6350.506785463215,6356.74398783507,2808.999920654297,6351.75383439802,6357.16429226396,2839.9999088287354,6358.804430418438,6363.857989730111,2843.9999073028566,6316.91437173335,6329.453661704924,2877.999894332886,6299.28364458844,6320.563691658771,2880.9998931884766,6304.90291744353,6326.6943683711825,2877.999894332886,6317.906519546414,6334.406519546412,2881.9998928070067,6335.036189137146,6347.113659565363,2937.9998714447024,6343.229177491825,6352.114008008069,2942.999869537354,6333.890063269859,6346.416914753798,2968.999859619141,6327.996235901825,6340.545535959898,2975.9998569488525,-1.015670360341459,2753.3697677561304,-0.16273020621591777,2772.215749999371,0.2775728411933395,2772.6560530467805,0.16927202200505181,2861.5190541334855,-0.4942695773436294,2875.4915456155727,-0.4045503066253929,2882.8754636449476,-0.16656372398297928,2975.91694914012,-0.5786505558213114,2975.5048623082816
215,17.57888874982018,1778269160.795254,0.016043083975091577,6363.860728367516,6373.095523733839,2627.9999897003177,6377.805954091145,6382.762881682306,2630.999988555908,6347.590592046949,6357.61715010545,2764.999937438965,6338.970327352752,6349.167905064645,2771.9999347686767,6346.5694562459885,6353.535273710915,2803.9999225616457,6352.42041446343,6357.164530672128,2808.999920654297,6350.342555857811,6355.8921860195,2839.9999088287354,6361.132120915732,6366.672948314331,2843.9999073028566,6319.069590732646,6330.349271021182,2877.999894332886,6301.912363603021,6319.610665708959,2880.9998931884766,6306.321653880246,6328.4237414799645,2877.999894332886,6315.904946969466,6332.404438059724,2881.9998928070067,6339.38842497784,6347.832073539751,2937.9998714447024,6344.545645994438,6352.579385334841,2942.999869537354,6334.5590839624665,6346.836390867133,2968.999859619141,6330.65616346242,6345.782629825473,2975.9998569488525,-0.7226958318424629,2753.6627422846295,-0.44165424712380474,2771.936825958463,0.20228064006012808,2772.580760845647,0.20596093064163537,2861.5557430421222,-0.5493899064483846,2875.4364252864675,-0.41106735040889697,2882.868946601164,0.05554162192505796,2976.139054486028,-0.4731467392136648,2975.6103661248894
216,17.688560187467374,1778269160.902953,0.012105291010811925,6367.221976342574,6374.030007335636,2627.9999897003177,6379.810476205031,6384.436473393037,2630.999988555908,6348.531610477733,6356.982577864719,2764.999937438965,6339.006158877647,6357.824368065532,2771.9999347686767,6350.080277837209,6354.058121160253,2803.9999225616457,6352.390284867194,6360.805144114681,2808.999920654297,6352.883059265824,6355.100857352447,2839.9999088287354,6358.286401564936,6362.269780236575,2843.9999073028566,6314.059741113183,6329.28383867714,2877.999894332886,6299.880196839564,6320.673139346517,2880.9998931884766,6309.492546688266,6330.405585781093,2877.999894332886,6317.910832289024,6334.425233059266,2881.9998928070067,6338.610133875355,6348.3762478222325,2937.9998714447024,6346.00023687991,6353.70948742244,2942.999869537354,6335.703218510255,6345.834995568053,2968.999859619141,6329.5058043219115,6345.835619097105,2975.9998569488525,-0.5588083775148658,2753.8266297389573,-0.0856987177833978,2772.2927814878035,0.7783084720580581,2773.156788677645,0.39577504050734796,2861.745557151988,-0.5695705620993442,2875.416244630817,-0.3848835234525478,2882.8951304281204,-0.07587034514754945,2976.0076425189554,-0.3478069189481828,2975.7357059451547
217,17.7617700623814,1778269160.976843,0.013466041069477797,6363.084576825504,6377.701263868937,2627.9999897003177,6378.13419628939,6385.37753003026,2630.999988555908,6349.627270226487,6358.725503560841,2764.999937438965,6339.7766772625855,6352.214616254546,2771.9999347686767,6344.967854632148,6350.256194027571,2803.9999225616457,6350.505604120182,6362.10723782743,2808.999920654297,6353.967403796192,6357.392215056392,2839.9999088287354,6361.488888039858,6365.4989546718825,2843.9999073028566,6318.78295992909,6328.630077635479,2877.999894332886,6301.2156890912975,6319.692892074458,2880.9998931884766,6309.49064553596,6328.901885869731,2877.999894332886,6319.286473393038,6333.090640951187,2881.9998928070067,6337.261333557477,6349.985495308249,2937.9998714447024,6349.103307149188,6352.710505241924,2942.999869537354,6333.329105663723,6346.496194638874,2968.999859619141,6329.243691353119,6345.232117859217,2975.9998569488525,-0.9643964937229993,2753.421041622749,-0.33091962642052947,2772.0475605791667,0.9399953267115339,2773.3184755322986,0.2697689524511808,2861.619551063932,-0.49695916967773696,2875.4888560232384,-0.4111284021154537,2882.8688855494574,-0.6384773955041668,2975.4450354685987,-0.4741576383123924,2975.6093552257903
218,17.836390041396953,1778269161.050818,0.012174083152785897,6366.447929211113,6376.700466118533,2627.9999897003177,6381.7995506923,6385.74723385396,2630.999988555908,6349.898380047071,6358.2907525139835,2764.999937438965,6341.092970015588,6355.065716599934,2771.9999347686767,6349.1342925696135,6356.095517620808,2803.9999225616457,6353.759193997005,6359.9424259559255,2808.999920654297,6351.06617966195,6355.0378457682555,2839.9999088287354,6357.536788214079,6364.675178041996,2843.9999073028566,6317.846842620044,6330.4345172234625,2877.999894332886,6301.140269584621,6319.6237368951915,2880.9998931884766,6307.632880459701,6328.468439954764,2877.999894332886,6316.839679677232,6337.455547574656,2881.9998928070067,6340.3514197511995,6347.413590793776,2937.9998714447024,6344.1470733869255,6354.846758565884,2942.999869537354,6338.441693920591,6351.317591771862,2968.999859619141,6328.982075068007,6345.953438579332,2975.9998569488525,-0.8807491186669381,2753.504688997805,-0.2527793173630983,2772.125700888224,0.3272334801471742,2772.7057136857343,0.5445788856512966,2861.894360997132,-0.5617596243668613,2875.424055568549,-0.2945326842535653,2882.9854812673193,0.37793182767385514,2976.4614446917767,-0.4261448027329734,2975.65736806137
219,17.915592833422124,1778269161.129875,0.011884583160281181,6366.662406394228,6375.793951156892,2627.9999897003177,6381.180118898432,6384.4672341596115,2630.999988555908,6348.95177125042,6357.728514228077,2764.999937438965,6340.875008405417,6353.96260048293,2771.9999347686767,6349.514008008069,6355.916609102302,2803.9999225616457,6352.457097227741,6356.467417550509,2808.999920654297,6349.110563315708,6356.691764220435,2839.9999088287354,6359.220107283675,6365.464574991594,2843.9999073028566,6317.199575144421,6328.827073081274,2877.999894332886,6298.507162942814,6320.769974325273,2880.9998931884766,6307.496249656143,6328.044395879818,2877.999894332886,6317.422940673046,6334.115388024574,2881.9998928070067,6336.9284454564895,6345.847623559617,2937.9998714447024,6346.283120396125,6352.817224990065,2942.999869537354,6334.503988752024,6346.821713482287,2968.999859619141,6329.783898279182,6341.650997952134,2975.9998569488525,-0.8447476372265057,2753.5406904792453,-0.2971231894886256,2772.0813570160985,0.18779172122022703,2772.566271926807,0.06441502073465066,2861.414197132215,-0.4493253263937481,2875.5364898665225,-0.37324302233176626,2882.9067709292412,-0.10218333617699554,2975.981329527926,-0.5964375394661358,2975.487075324637
220,17.988453062367626,1778269161.2028701,0.012154708849266171,6367.693717333497,6373.044103982638,2627.9999897003177,6378.5796711189905,6382.8352263349325,2630.999988555908,6348.742205886849,6356.382620655929,2764.999937438965,6339.946691322553,6352.1458737048015,2771.9999347686767,6345.090712779291,6353.225332396001,2803.9999225616457,6355.1483861601,6358.761235748998,2808.999920654297,6355.840903811474,6359.44356909252,2839.9999088287354,6360.814596387199,6366.89420026286,2843.9999073028566,6319.449844117737,6337.417406852706,2877.999894332886,6303.43320139377,6321.479681816792,2880.9998931884766,6309.6770562704405,6330.09899287832,2877.999894332886,6319.3851285264545,6335.849628633432,2881.9998928070067,6340.502079958432,6352.906198612343,2937.9998714447024,6346.49842283828,6352.292532933949,2942.999869537354,6336.927244246111,6350.217675826023,2968.999859619141,6332.018534706728,6346.920498517591,2975.9998569488525,-0.4737510054447649,2753.9116871110273,-0.2884085157243175,2772.0900716898627,0.003054015899260372,2772.381534221486,0.47120306217223923,2861.820985173653,-0.6994411374075262,2875.2863740555085,-0.37540248009660176,2882.9046114714765,-0.4381379131533468,2975.6453749509496,-0.5193256255447224,2975.564187238558
221,18.06583806243725,1778269161.285322,0.022279791068285704,6367.33043524773,6376.301757496102,2627.9999897003177,6379.52291316441,6386.594736681235,2630.999988555908,6347.090607329524,6357.383372558609,2764.999937438965,6339.043345966928,6352.431179509124,2771.9999347686767,6346.256631109209,6350.736291530397,2803.9999225616457,6350.2835070452675,6361.990261943332,2808.999920654297,6354.00941559434,6360.751896567534,2839.9999088287354,6362.235959898524,6365.8771968701285,2843.9999073028566,6318.316230094447,6332.301977565181,2877.999894332886,6303.9250710639735,6320.035713849069,2880.9998931884766,6307.135504477794,6328.398338784117,2877.999894332886,6319.265774673717,6337.132003239906,2881.9998928070067,6340.331937524835,6350.655671363512,2937.9998714447024,6344.627186172326,6356.830571262647,2942.999869537354,6336.141065806767,6349.564604028487,2968.999859619141,6331.396749396338,6347.164892869151,2975.9998569488525,-0.5369696288996143,2753.8484684875725,-0.3395290549656655,2772.0389511506214,1.0191958001577799,2773.397676005745,-0.12296039786869957,2861.226821713612,-0.6512489994237196,2875.3345661934923,-0.36345176129431966,2882.9165621902785,0.23766252085369527,2976.3211753849564,-0.49194820050888477,2975.591564663594
222,18.18264374998398,1778269161.396998,0.012028750032186508,6367.236251795703,6373.347935324143,2627.9999897003177,6376.717854632148,6380.655837943576,2630.999988555908,6344.38411223523,6354.283760736009,2764.999937438965,6333.925547880308,6350.938316471559,2771.9999347686767,6344.374073111838,6356.629512180212,2803.9999225616457,6354.795014824098,6360.0475395054555,2808.999920654297,6353.036565088487,6357.708818045665,2839.9999088287354,6359.206524131186,6365.250570040041,2843.9999073028566,6319.022847449338,6329.216185774979,2877.999894332886,6302.323964605557,6322.559193997005,2880.9998931884766,6307.025549408564,6331.043815141975,2877.999894332886,6317.121198459516,6334.034028181068,2881.9998928070067,6338.109525628878,6346.8661460402855,2937.9998714447024,6343.700687715866,6352.206433963996,2942.999869537354,6331.256838952226,6343.481077115872,2968.999859619141,6325.606938288964,6339.654013204145,2975.9998569488525,-0.5579382576239728,2753.827499858848,-0.19897463212916272,2772.179505573458,-0.21145317876024572,2772.167027026827,0.3534206940877053,2861.7032028055683,-0.4635906043183834,2875.5222245885975,-0.4436009416619273,2882.836413009911,0.06813428922860836,2976.1516471533314,-0.5113172150671996,2975.5721956490356
223,18.260979624814354,1778269161.475394,0.01215091603808105,6364.208704954612,6373.148445762142,2627.9999897003177,6378.688967509245,6382.055940336828,2630.999988555908,6349.958130329798,6358.7818488859,2764.999937438965,6340.139228841274,6355.932895742274,2771.9999347686767,6347.817900479873,6356.3407662683,2803.9999225616457,6354.738504447229,6360.577175474524,2808.999920654297,6352.015462909191,6358.871860195006,2839.9999088287354,6359.568928997158,6364.518548461045,2843.9999073028566,6316.971251948527,6332.767435889598,2877.999894332886,6302.7989164654455,6324.301603142097,2880.9998931884766,6309.542053061099,6331.122708377907,2877.999894332886,6317.330711862334,6336.295380077636,2881.9998928070067,6339.909652474248,6349.291128465324,2937.9998714447024,6345.467493963382,6354.904127823456,2942.999869537354,6340.070163829203,6351.691736711802,2968.999859619141,6331.301123269249,6348.04685178959,2975.9998569488525,-0.8237157076727141,2753.561722408799,-0.20422132837686405,2772.1742588772104,0.162232497932503,2772.5407127035196,0.004136938430883686,2861.3539190499114,-0.5663679933887039,2875.4194471995274,-0.34626944584637354,2882.9337445057267,0.092456359046065,2976.175969223149,-0.3878414540654148,2975.6956714100374
224,18.33405864587985,1778269161.5483031,0.011809958145022392,6362.230018033438,6373.606748785036,2627.9999897003177,6377.757803282698,6382.957152245011,2630.999988555908,6348.235091848275,6356.8681939053085,2764.999937438965,6334.893150349971,6350.054459455329,2771.9999347686767,6345.2076153070275,6351.45542989883,2803.9999225616457,6348.354094201792,6356.033358804291,2808.999920654297,6353.593822783262,6359.055853226151,2839.9999088287354,6361.714232661919,6365.241672524987,2843.9999073028566,6315.895082067427,6329.817328911575,2877.999894332886,6301.357343277196,6318.896941956781,2880.9998931884766,6306.695771311551,6327.786474921294,2877.999894332886,6316.861733960938,6337.213330990004,2881.9998928070067,6338.0063529663485,6347.929454106428,2937.9998714447024,6345.301652046337,6354.308249533882,2942.999869537354,6334.180653788549,6347.105237338387,2968.999859619141,6327.277759268882,6343.176596264939,2975.9998569488525,-0.8711809678067735,2753.5142571486654,-0.2192726063838027,2772.1592075992035,0.5184136927691861,2772.896893898356,0.001280306097803676,2861.3510624175783,-0.6158390665580158,2875.369976126358,-0.3058413391066383,2882.974172612466,0.014885921071703178,2976.0983987851746,-0.46819272253485944,2975.615320141568
225,18.406383249908686,1778269161.620506,0.011568250134587288,6370.693274138826,6376.888969037503,2627.9999897003177,6380.167706391172,6381.5478925329335,2630.999988555908,6347.172019133784,6354.161500137543,2764.999937438965,6340.138000122261,6351.90698872146,2771.9999347686767,6343.07052908274,6350.072032888102,2803.9999225616457,6353.368675306416,6359.244345447321,2808.999920654297,6351.155682061313,6355.883878411834,2839.9999088287354,6359.490401014764,6364.355497142159,2843.9999073028566,6318.087112204665,6329.782826970688,2877.999894332886,6304.357048323502,6320.865009016719,2880.9998931884766,6306.583655286243,6331.721549958737,2877.999894332886,6321.833341993459,6338.4469373720085,2881.9998928070067,6341.323370113396,6350.689285386802,2937.9998714447024,6348.792809548553,6354.071844912431,2942.999869537354,6335.605494085645,6345.506974967143,2968.999859619141,6328.108329003271,6344.414495522206,2975.9998569488525,-0.7639995929942865,2753.6214385234775,-0.28076947400607416,2772.097710731581,0.2966221125617522,2772.6751023181487,0.22181266448934575,2861.57159477597,-0.587652973360459,2875.3981622195556,-0.4746027714621462,2882.8054111801107,-0.23739390728716184,2975.8461189568156,-0.3399502351454739,2975.7435626289575
226,18.478505416424014,1778269161.692723,0.011757333064451814,6367.290051043799,6379.401545068314,2627.9999897003177,6383.977655347373,6387.718227526973,2630.999988555908,6352.820388483051,6358.196538496805,2764.999937438965,6339.05041874255,6353.627201454901,2771.9999347686767,6346.244891035241,6354.242973072103,2803.9999225616457,6351.58393037259,6358.166878075618,2808.999920654297,6352.395658220497,6358.704914876058,2839.9999088287354,6361.824050187975,6368.302037167223,2843.9999073028566,6319.0843827368035,6334.016364581105,2877.999894332886,6304.991317969252,6324.5676788825385,2880.9998931884766,6311.5559495063735,6333.429635969069,2877.999894332886,6320.245707124736,6337.499876211144,2881.9998928070067,6337.794917015619,6349.057567931045,2937.9998714447024,6346.179940092306,6355.11514808815,2942.999869537354,6335.532090350583,6346.372589173823,2968.999859619141,6329.741267536754,6346.200388177401,2975.9998569488525,-1.041861833713608,2753.3435762827585,-0.12609766891056087,2772.2523825366766,0.27202004433503874,2772.650500249922,0.22484986545175004,2861.5746319769323,-0.5915688833857606,2875.3942463095304,-0.38964570493805484,2882.890368246635,-0.09759766960605186,2975.985915194497,-0.3695073628732525,2975.7140055012296
227,18.558343145879917,1778269161.774401,0.01543104206211865,6364.736137176393,6374.477951829324,2627.9999897003177,6380.6373414432865,6383.754008619371,2630.999988555908,6352.630273252439,6361.693659259712,2764.999937438965,6342.89238622123,6355.488880398569,2771.9999347686767,6349.194799339793,6356.973017085918,2803.9999225616457,6357.679516764984,6362.78431854999,2808.999920654297,6359.937585964484,6362.102653054987,2839.9999088287354,6361.166265244368,6367.73448207354,2843.9999073028566,6321.167208179234,6336.045910382982,2877.999894332886,6307.482752086073,6327.586808081425,2880.9998931884766,6312.174782223308,6335.234206987193,2877.999894332886,6321.187670018645,6339.046321484244,2881.9998928070067,6342.282411284653,6349.665446098359,2937.9998714447024,6346.685883485649,6354.79461289238,2942.999869537354,6335.636456582205,6346.282140783079,2968.999859619141,6332.0244918543885,6346.444560931626,2975.9998569488525,-0.9058749322092423,2753.4795631842626,-0.32423263752213816,2772.054247568065,0.16312155333799105,2772.541601758925,0.6764953022463621,2862.026277413727,-0.5778889246696083,2875.4079262682467,-0.40222395372922354,2882.8777899978436,0.14607675869274858,2976.2295896227956,-0.43859760183284263,2975.64491526227
228,18.660931520396844,1778269161.875596,0.01265087490901351,6371.8754424305425,6380.951279151513,2627.9999897003177,6388.261483326711,6390.024549928172,2630.999988555908,6359.262291774918,6362.663071186233,2764.999937438965,6344.247551731516,6357.480996118226,2771.9999347686767,6347.560842986827,6358.284668520953,2803.9999225616457,6360.736846287863,6365.060425772534,2808.999920654297,6359.423308983098,6364.246689794297,2839.9999088287354,6365.777782192743,6373.136775988018,2843.9999073028566,6324.0301525200975,6339.354117125653,2877.999894332886,6308.973111837882,6327.386045480943,2880.9998931884766,6313.916923923343,6338.554548094262,2877.999894332886,6328.372868844943,6342.559722774093,2881.9998928070067,6344.891241556377,6358.465646300088,2937.9998714447024,6351.26482104105,6359.037894672494,2942.999869537354,6343.099164043158,6351.168250450836,2968.999859619141,6333.062880154049,6348.092370938655,2975.9998569488525,-0.9588873178098752,2753.426550798662,-0.10423348583418421,2772.2742467197527,-0.15930150344422894,2772.219178702143,0.4769191188742138,2861.826701230355,-0.6283807357090353,2875.357434457207,-0.5160007720180482,2882.764013179555,-0.37337171417132586,2975.7101411499316,-0.31920225567210386,2975.7643106084306
229,18.73380279133562,1778269161.947979,0.011676667025312781,6363.353297979644,6375.267877556011,2627.9999897003177,6380.3063025338515,6385.048814072195,2630.999988555908,6352.674198428951,6356.689701072836,2764.999937438965,6340.058498639851,6351.5683696549195,2771.9999347686767,6344.334897759574,6352.082713879635,2803.9999225616457,6351.6855105908235,6357.72799614879,2808.999920654297,6352.378332365437,6357.105983128037,2839.9999088287354,6359.202429929394,6365.768979429654,2843.9999073028566,6318.780930403154,6332.663068129718,2877.999894332886,6303.0553534859555,6325.411307577101,2880.9998931884766,6310.753631139774,6333.079623743009,2877.999894332886,6321.892461105847,6338.35349512486,2881.9998928070067,6336.728067976892,6349.359362105328,2937.9998714447024,6347.106183329768,6353.910389094353,2942.999869537354,6337.083170828621,6347.214814928018,2968.999859619141,6332.570481706758,6345.303351468656,2975.9998569488525,-0.9487715354838142,2753.436666580988,-0.18572660885590392,2772.192753596731,0.24673073587405395,2772.6252109414613,0.40306059322052734,2861.7528427047014,-0.5008080954302351,2875.485007097486,-0.41674554137939096,2882.8632684101935,-0.3764217017291402,2975.7070911623737,-0.4823867604458903,2975.601126103657
230,18.806055208435282,1778269162.020349,0.011909666936844587,6368.207563346273,6375.669694654155,2627.9999897003177,6382.07658862365,6385.44482532017,2630.999988555908,6349.655385579363,6356.0048109545505,2764.999937438965,6339.2991319497505,6355.125590671514,2771.9999347686767,6348.129266130758,6352.649715744109,2803.9999225616457,6352.682308891402,6357.254688693951,2808.999920654297,6351.24771831158,6357.117221933551,2839.9999088287354,6360.447081028212,6366.003386618578,2843.9999073028566,6319.360462450715,6331.156482868233,2877.999894332886,6301.715664639179,6319.86185927805,2880.9998931884766,6308.886345019409,6330.030766879603,2877.999894332886,6320.875641104013,6340.465744108568,2881.9998928070067,6342.984671577467,6350.9918696702025,2937.9998714447024,6350.090831983373,6356.349104441116,2942.999869537354,6336.362851117157,6349.098334199346,2968.999859619141,6331.450530305346,6346.954945441208,2975.9998569488525,-0.7079984505092307,2753.6774396659625,-0.11661067923300127,2772.261869526354,0.3991093386205425,2772.777589544208,0.17367198992429933,2861.523454101405,-0.5509772747116375,2875.4348379182043,-0.3235842522447746,2882.956429699328,-0.051153076414532116,2976.032359787688,-0.47608582711790776,2975.607427036985
231,18.888183103874326,1778269162.102335,0.01162795815616846,6363.58484579882,6369.08989363328,2627.9999897003177,6374.689944065775,6381.623098083565,2630.999988555908,6349.591768805208,6353.9622016077265,2764.999937438965,6336.542462634105,6349.734379680289,2771.9999347686767,6344.537144298071,6356.179154567961,2803.9999225616457,6353.670177583519,6359.063719167405,2808.999920654297,6351.898991350063,6356.133461197542,2839.9999088287354,6359.235672586118,6360.2483739340405,2843.9999073028566,6316.2775957453305,6330.175179570253,2877.999894332886,6301.234824403216,6322.648694868111,2880.9998931884766,6307.820784301739,6332.14739126448,2877.999894332886,6319.9053198642905,6335.294015343705,2881.9998928070067,6340.241137634868,6349.488822324785,2937.9998714447024,6347.998187486628,6355.963584680746,2942.999869537354,6335.386931870281,6345.965777730233,2968.999859619141,6329.527549897606,6340.632389889048,2975.9998569488525,-0.27697655045978214,2754.108461566012,-0.13920597175819535,2772.239274233829,-0.14616109303941316,2772.2323191125474,-0.1358135279493396,2861.2139685835314,-0.5234508507141814,2875.462364342202,-0.4833540145137156,2882.7966599370593,-0.014195471810308252,2976.0693173922928,-0.5598782138605958,2975.5236346502425
232,18.970198208466172,1778269162.184565,0.012056583072990179,6367.343556866461,6376.234249778403,2627.9999897003177,6379.592230338969,6385.562122138338,2630.999988555908,6349.516201057555,6359.592106550112,2764.999937438965,6339.082342513067,6351.182319589204,2771.9999347686767,6347.637025093989,6352.790417825596,2803.9999225616457,6353.674606473698,6360.432044502858,2808.999920654297,6349.095493168688,6356.159777791363,2839.9999088287354,6363.388894152886,6369.648060641257,2843.9999073028566,6320.659643304703,6331.213473117951,2877.999894332886,6302.555437540117,6320.055246507933,2880.9998931884766,6310.293112143533,6332.455329033835,2877.999894332886,6320.061105847112,6338.040734174892,2881.9998928070067,6337.6939756090105,6350.645778952838,2937.9998714447024,6346.892687287955,6353.930698108017,2942.999869537354,6335.898502307668,6347.0418115964185,2968.999859619141,6328.780175443959,6344.819712993246,2975.9998569488525,-0.6165742861377613,2753.7688638303343,-0.37680418127631826,2772.0016760243107,0.5331109238187799,2772.9115911294057,0.12061077428140043,2861.470392885762,-0.5368810653319448,2875.4489341275844,-0.38027828263065644,2882.8997356689424,-0.3831429201626505,2975.70036994394,-0.3963847790184448,2975.6871280850846
233,19.04335156234447,1778269162.257642,0.011906875064596534,6359.6951798759055,6370.984138215606,2627.9999897003177,6379.693280251857,6381.351606198613,2630.999988555908,6345.939160069688,6355.751195097351,2764.999937438965,6335.4398095791175,6352.044861998349,2771.9999347686767,6338.650311764525,6352.102712657028,2803.9999225616457,6346.845215025827,6354.335426536663,2808.999920654297,6348.479570253997,6352.068216829172,2839.9999088287354,6358.31071308494,6362.4954045297545,2843.9999073028566,6317.021351285264,6329.281790812116,2877.999894332886,6296.338119326345,6317.663731393466,2880.9998931884766,6306.237301708591,6325.461208240365,2877.999894332886,6314.006006051899,6333.312485863617,2881.9998928070067,6334.300942934866,6344.258607146132,2937.9998714447024,6339.657357031512,6348.540200813033,2942.999869537354,6330.719939175351,6341.843492679647,2968.999859619141,6324.071530091389,6338.258532261515,2975.9998569488525,-1.1410803953404882,2753.2443577211316,-0.2102014589677864,2772.1682787466193,-0.12172900841482229,2772.2567511971724,0.2707854899150551,2861.6205676013956,-0.4863452750281953,2875.499469917888,-0.28785020139317774,2882.9921637501798,0.0024495720357073534,2976.0859624361387,-0.46482581517705635,2975.618687048926
234,19.128433082834817,1778269162.344939,0.016328749945387244,6359.609180242687,6370.447353058043,2627.9999897003177,6376.4242473331915,6383.355892960845,2630.999988555908,6344.149845645994,6353.906307118624,2764.999937438965,6337.206871045633,6350.188619066541,2771.9999347686767,6343.766540330715,6349.145156952044,2803.9999225616457,6346.460363113978,6353.603038175872,2808.999920654297,6348.9125729742955,6352.753414127214,2839.9999088287354,6354.532270684965,6361.690356695296,2843.9999073028566,6313.919732860593,6331.288597670936,2877.999894332886,6302.535087263502,6320.849738667971,2880.9998931884766,6308.175448543571,6331.018698230278,2877.999894332886,6314.7495904269945,6331.307604609225,2881.9998928070067,6335.358278570774,6350.026654338722,2937.9998714447024,6346.234009841979,6352.567749182382,2942.999869537354,6333.22885197298,6345.66008802763,2968.999859619141,6329.812472109301,6343.314879114833,2975.9998569488525,-0.6942985705234793,2753.6911395459483,-0.335013515669685,2772.0434666899173,0.5473250997838459,2772.925805305371,0.5608439486465925,2861.910626060127,-0.6792360808573907,2875.306579112059,-0.42563289475781513,2882.8543810568153,-0.5761613156817379,2975.507351548421,-0.5396224187938394,2975.543890445309
235,19.223995207925327,1778269162.437856,0.011045249877497554,6366.561351896567,6373.759820582572,2627.9999897003177,6379.6158556713635,6380.904535868203,2630.999988555908,6351.7709539383195,6362.009968823548,2764.999937438965,6341.859099245041,6357.04287832014,2771.9999347686767,6349.953476785769,6358.570981446954,2803.9999225616457,6356.105729437296,6364.749662255098,2808.999920654297,6355.693809028946,6362.767286120366,2839.9999088287354,6360.31568756304,6363.498737659321,2843.9999073028566,6315.064539841673,6330.781410276003,2877.999894332886,6301.305779869793,6321.26471711954,2880.9998931884766,6311.397541033713,6333.4195479414375,2877.999894332886,6319.639549775346,6339.031803038175,2881.9998928070067,6341.6378595225715,6351.716048231806,2937.9998714447024,6348.804195066785,6358.8724623284525,2942.999869537354,6337.230649203778,6348.164026347158,2968.999859619141,6334.49807745209,6347.281381239111,2975.9998569488525,-0.8497668448593888,2753.5356712716125,-0.2749336330179054,2772.103546572569,0.3964593998918399,2772.7749396054787,-0.20667127936619603,2861.1431108321144,-0.601037719293621,2875.3847774736223,-0.3465841877302971,2882.9334297638425,0.0870274133722622,2976.170540277475,-0.5106045774838718,2975.572908286619
