batch,sample,time_s,timestamp_epoch_s,acq_seconds,peak_01,peak_01_freq_mhz,peak_01_raw,peak_01_spike_sig,peak_02,peak_02_freq_mhz,peak_02_raw,peak_02_spike_sig,z_minus,z_plus,lockin_signal,delta_f_mhz,peak_shift_kHz,f_new_mhz,B_shift_uT
0,0,0.007457541534677148,1787085093.172576,0.014286417048424482,1663.3104275173614,2794.0453181809107,1663.3104275173614,False,1662.101437717014,2800.045315892092,1662.101437717014,False,0.9706861185636203,0.9699805679957484,-0.0007055505678719154,0.03117978697643445,31.179786976434453,2797.0273703633816,1.1126101547400247
1,0,0.021856145467609167,1787085093.186892,0.014198875054717064,1662.7913981119793,2794.0453181809107,1662.7913981119793,False,1661.0116319444446,2800.045315892092,1661.0116319444446,False,0.9703832198198887,0.9693445716610518,-0.001038648158836919,0.041127973193779394,41.1279731937794,2797.037318549599,1.4675982441400013
2,0,0.03616199945099652,1787085093.201231,0.014268166851252317,1658.2471652560766,2794.0453181809107,1658.2471652560766,False,1662.9008951822914,2800.045315892092,1662.9008951822914,False,0.967731265211915,0.9704471208719214,0.0027158556600064276,-0.0710028381860919,-71.0028381860919,2796.9251877382194,-2.533643954684981
3,0,0.05003470787778497,1787085093.214632,0.013342916034162045,1660.948046875,2794.0453181809107,1660.948046875,False,1663.0827880859374,2800.045315892092,1663.0827880859374,False,0.9693074642496892,0.9705532711813967,0.001245806931707505,-0.02709883259025051,-27.098832590250513,2796.969091743815,-0.96698660399124
4,0,0.0635472284629941,1787085093.228259,0.013582875020802021,1658.3404405381946,2794.0453181809107,1658.3404405381946,False,1661.0977973090278,2800.045315892092,1661.0977973090278,False,0.9677856994414245,0.969394856636074,0.001609157194649602,-0.037950535442250424,-37.95053544225043,2796.958240040963,-1.3542155096435349
5,0,0.07676899945363402,1787085093.241077,0.012776666786521673,1670.068128797743,2794.0453181809107,1670.068128797743,False,1668.4215603298612,2800.045315892092,1668.4215603298612,False,0.9746298242710731,0.9736689085402538,-0.0009609157308193561,0.038806441336389524,38.806441336389526,2797.0349970177417,1.3847573985294577
6,0,0.08957527042366564,1787085093.2538729,0.012750458903610706,1667.8658908420136,2794.0453181809107,1667.8658908420136,False,1666.95478515625,2800.045315892092,1666.95478515625,False,0.9733446271256485,0.9728129178144556,-0.0005317093111929516,0.025987899551822936,25.987899551822938,2797.022178475957,0.9273444030767534
7,0,0.10236985387746245,1787085093.266665,0.012745958054438233,1659.386607530382,2794.0453181809107,1659.386607530382,False,1660.997048611111,2800.045315892092,1660.997048611111,False,0.9683962287570684,0.9693360610192647,0.000939832262196294,-0.017960690878478406,-17.960690878478406,2796.9782298855266,-0.6409038994604056
8,0,0.11564514541532844,1787085093.280423,0.013717041118070483,1666.0349880642364,2794.0453181809107,1666.0349880642364,False,1667.2063693576388,2800.045315892092,1667.2063693576388,False,0.9722761363127335,0.9729597390499255,0.000683602737192035,-0.010308221757523339,-10.308221757523338,2796.985882354648,-0.36783548949198325
9,0,0.12923962494824082,1787085093.293859,0.01338575012050569,1659.6230495876734,2794.0453181809107,1659.6230495876734,False,1665.6220486111113,2800.045315892092,1665.6220486111113,False,0.9685342132361293,0.9720351502716889,0.003500937035559537,-0.09444982769191579,-94.44982769191579,2796.9017407487136,-3.3703192867512057
10,0,0.14295470796059817,1787085093.307848,0.013937415787950158,1663.4215359157988,2794.0453181809107,1663.4215359157988,False,1659.7019341362848,2800.045315892092,1659.7019341362848,False,0.9707509599655828,0.968580249222581,-0.0021707107430017913,0.0749377926053647,74.9377926053647,2797.0711283690107,2.674057686460345
11,0,0.15654310339596123,1787085093.321033,0.013137874891981483,1659.8841064453125,2794.0453181809107,1659.8841064453125,False,1659.123486328125,2800.045315892092,1659.123486328125,False,0.9686865625893671,0.9682426746794259,-0.00044388790994120964,0.023365053643542893,23.365053643542893,2797.0195556300487,0.8337515573630778
12,0,0.1698886869708076,1787085093.334541,0.01346420799382031,1660.9857666015625,2794.0453181809107,1660.9857666015625,False,1660.6749972873263,2800.045315892092,1660.6749972873263,False,0.969329476986677,0.9691481160967228,-0.0001813608899542407,0.015524505549667916,15.524505549667916,2797.011715081955,0.5539717938077332
13,0,0.1833694374654442,1787085093.347994,0.013408875092864037,1662.3573947482641,2794.0453181809107,1662.3573947482641,False,1668.6393256293402,2800.045315892092,1668.6393256293402,False,0.9701299411572899,0.9737959935087671,0.0036660523514772114,-0.09938110895794373,-99.38110895794374,2796.8968094674474,-3.5462856465152632
14,0,0.19677252043038607,1787085093.361373,0.013308458961546421,1664.2922634548609,2794.0453181809107,1664.2922634548609,False,1666.0417290581595,2800.045315892092,1666.0417290581595,False,0.9712591051207119,0.9722800702682467,0.0010209651475348025,-0.02038377970767014,-20.38377970767014,2796.9758067966977,-0.7273686735537446
15,0,0.2103902290109545,1787085093.375198,0.013774707913398743,1664.6534505208335,2794.0453181809107,1664.6534505208335,False,1663.2542263454864,2800.045315892092,1663.2542263454864,False,0.9714698891483619,0.9706533202978946,-0.0008165688504672142,0.03449542353083959,34.495423530839595,2797.030685999936,1.2309243338152867
16,0,0.2241130624897778,1787085093.388824,0.013580374885350466,1662.729749891493,2794.0453181809107,1662.729749891493,False,1659.1102566189238,2800.045315892092,1659.1102566189238,False,0.9703472427281382,0.9682349539949032,-0.0021122887332349904,0.07319297952920907,73.19297952920907,2797.0693835559346,2.6117963006426304
17,0,0.2377716664923355,1787085093.4025788,0.013642417034134269,1665.184855143229,2794.0453181809107,1665.184855143229,False,1666.7574245876738,2800.045315892092,1666.7574245876738,False,0.9717800099061988,0.9726977407788888,0.0009177308726899813,-0.01730061784152278,-17.30061784152278,2796.9788899585637,-0.6173500514388659
18,0,0.2518401665147394,1787085093.416874,0.014226166997104883,1661.4748725043405,2794.0453181809107,1661.4748725043405,False,1665.985831705729,2800.045315892092,1665.985831705729,False,0.9696149127673225,0.9722474493075582,0.0026325365402357637,-0.06851445597791521,-68.5144559779152,2796.9276761204273,-2.4448492712644594
19,0,0.26618424942716956,1787085093.4312909,0.014370167162269354,1665.479226345486,2794.0453181809107,1665.479226345486,False,1670.19892578125,2800.045315892092,1670.19892578125,False,0.9719518010733849,0.9747061556726803,0.0027543545992954055,-0.0721526352053602,-72.1526352053602,2796.9240379412,-2.5746729662203895
20,0,0.2805622079176828,1787085093.445627,0.01429083407856524,1661.420469835069,2794.0453181809107,1661.420469835069,False,1664.4621310763887,2800.045315892092,1664.4621310763887,False,0.9695831640840936,0.9713582376334904,0.0017750735493967662,-0.04290574027800461,-42.90574027800461,2796.9532848361273,-1.5310355508851203
21,0,0.2946687079966068,1787085093.459507,0.013833499979227781,1661.927986653646,2794.0453181809107,1661.927986653646,False,1662.7879069010414,2800.045315892092,1662.7879069010414,False,0.9698793442333791,0.970381182395041,0.0005018381616619383,-0.004879699023835837,-4.879699023835837,2796.9913108773812,-0.1741257145245446
22,0,0.3085966039216146,1787085093.473481,0.013918292010203004,1664.4575439453122,2794.0453181809107,1664.4575439453122,False,1666.5533718532984,2800.045315892092,1666.5533718532984,False,0.9713555606440443,0.9725786582832606,0.0012230976392163528,-0.026420604116992444,-26.420604116992443,2796.9697699722883,-0.9427849028330161
23,0,0.3232055203989148,1787085093.488723,0.01519479090347886,1664.1178059895835,2794.0453181809107,1664.1178059895835,False,1666.2696424696182,2800.045315892092,1666.2696424696182,False,0.971157294035407,0.97241307754162,0.0012557835062130263,-0.02739678977662527,-27.39678977662527,2796.968793786629,-0.9776188187491175
24,0,0.33816820790525526,1787085093.503445,0.014641165966168046,1671.6945312499997,2794.0453181809107,1671.6945312499997,False,1669.3352105034724,2800.045315892092,1669.3352105034724,False,0.9755789713800466,0.9742021027811335,-0.0013768685989130613,0.051229156785777594,51.22915678577759,2797.047419733191,1.8280458459098485
25,0,0.3526065204059705,1787085093.517545,0.01401470904238522,1656.955197482639,2794.0453181809107,1656.955197482639,False,1657.2811631944442,2800.045315892092,1657.2811631944442,False,0.966977289788831,0.9671675190968075,0.00019022930797651938,0.004426711432196649,4.426711432196649,2797.0006172878375,0.15796144134301487
26,0,0.3666822914965451,1787085093.531635,0.014009417034685612,1662.031241861979,2794.0453181809107,1662.031241861979,False,1668.3948323567706,2800.045315892092,1668.3948323567706,False,0.9699396026167452,0.9736533104462196,0.003713707829474444,-0.10080437223649102,-100.80437223649102,2796.895386204169,-3.597072945921033
27,0,0.380681520444341,1787085093.545513,0.013812625082209706,1652.87373046875,2794.0453181809107,1652.87373046875,False,1656.0219156901044,2800.045315892092,1656.0219156901044,False,0.964595399248007,0.9664326387930011,0.0018372395449941514,-0.044762370038663575,-44.762370038663576,2796.9514282063665,-1.597286969692534
28,0,0.39436795795336366,1787085093.559019,0.013448083773255348,1666.2941351996528,2794.0453181809107,1666.2941351996528,False,1671.1000406901044,2800.045315892092,1671.1000406901044,False,0.9724273711771657,0.9752320344976939,0.0028046633205282,-0.07365513939859201,-73.65513939859201,2796.922535437007,-2.6282878746286045
29,0,0.40768214548006654,1787085093.572135,0.01306395884603262,1662.8523057725695,2794.0453181809107,1662.8523057725695,False,1665.1905626085068,2800.045315892092,1665.1905626085068,False,0.9704187647306107,0.9717833407079696,0.0013645759773588395,-0.030645950957491886,-30.645950957491888,2796.965544625448,-1.0935609105585171
30,0,0.42091283295303583,1787085093.58549,0.013302584178745747,1666.49130859375,2794.0453181809107,1666.49130859375,False,1664.4909505208332,2800.045315892092,1664.4909505208332,False,0.972542438980165,0.971375056282736,-0.001167382697428998,0.044972717788922784,44.972717788922786,2797.041163294194,1.6047929556424059
31,0,0.434723790967837,1787085093.599762,0.014203750062733889,1665.5360568576386,2794.0453181809107,1665.5360568576386,False,1673.9092095269098,2800.045315892092,1673.9092095269098,False,0.9719849666138304,0.9768714285335135,0.004886461919683116,-0.135829471165455,-135.829471165455,2796.86036110524,-4.846898057574044
32,0,0.4488086875062436,1787085093.613606,0.013751625083386898,1666.9677734375,2794.0453181809107,1666.9677734375,False,1673.030295138889,2800.045315892092,1673.030295138889,False,0.972820497604797,0.9763585056408632,0.003538008036066187,-0.09555697834777924,-95.55697834777924,2796.9006335980575,-3.4098265182621765
33,0,0.4624602703843266,1787085093.6271691,0.013452874962240458,1661.128830295139,2794.0453181809107,1661.128830295139,False,1665.2320203993054,2800.045315892092,1665.2320203993054,False,0.9694129670791624,0.9718075349301477,0.002394567850985352,-0.06140735914271381,-61.40735914271381,2796.9347832172625,-2.191241762157929
34,0,0.4762238954426721,1787085093.6410072,0.013726209057494998,1669.6686414930555,2794.0453181809107,1669.6686414930555,False,1665.7768202039929,2800.045315892092,1665.7768202039929,False,0.9743966887271679,0.9721254729404298,-0.0022712157867380567,0.07793944412729305,77.93944412729304,2797.0741300205327,2.781167717930811
35,0,0.49068927043117583,1787085093.656162,0.015108209103345871,1665.559583875868,2794.0453181809107,1665.559583875868,False,1661.8944417317712,2800.045315892092,1661.8944417317712,False,0.9719986966726508,0.9698597678575724,-0.002138928815078378,0.07398860370125893,73.98860370125892,2797.0701791801066,2.6401871146609666
36,0,0.5054768540430814,1787085093.6705852,0.014374291989952326,1658.7567409939234,2794.0453181809107,1658.7567409939234,False,1658.130007595486,2800.045315892092,1658.130007595486,False,0.9680286469194432,0.9676628935400146,-0.00036575337942867936,0.021031512721521824,21.031512721521825,2797.017222089127,0.750482183896725
37,0,0.5198422914836556,1787085093.68484,0.014141167048364878,1665.880148654514,2794.0453181809107,1665.880148654514,False,1661.3928114149305,2800.045315892092,1661.3928114149305,False,0.9721857740669749,0.9695670229933833,-0.002618751073591663,0.08831882195678119,88.31882195678119,2797.084509398362,3.1515423193256202
38,0,0.5340302914846689,1787085093.699008,0.014113166835159063,1655.6947970920137,2794.0453181809107,1655.6947970920137,False,1659.2503743489583,2800.045315892092,1659.2503743489583,False,0.9662417366757309,0.9683167248617595,0.0020749881860285813,-0.0518628949841583,-51.8628949841583,2796.9443276814213,-1.8506599694604018
39,0,0.5481744789285585,1787085093.713126,0.014076708117499948,1665.6082845052085,2794.0453181809107,1665.6082845052085,False,1671.2655544704862,2800.045315892092,1671.2655544704862,False,0.9720271177202702,0.9753286261659656,0.0033015084456954336,-0.08849375715029768,-88.49375715029768,2796.907696819255,-3.1577846542355723
40,0,0.5625229369616136,1787085093.72772,0.014544542180374265,1661.7462239583333,2794.0453181809107,1661.7462239583333,False,1664.9550726996526,2800.045315892092,1664.9550726996526,False,0.9697732699117769,0.9716459118902308,0.0018726419784538262,-0.04581968780425802,-45.81968780425802,2796.950370888601,-1.6350159793126613
41,0,0.5766326664015651,1787085093.741338,0.013568582944571972,1665.3463324652778,2794.0453181809107,1665.3463324652778,False,1660.9950303819446,2800.045315892092,1660.9950303819446,False,0.9718742459504047,0.9693348832072319,-0.0025393627431727905,0.08594783544738302,85.94783544738301,2797.0821384118526,3.066936748764738
42,0,0.5906297494657338,1787085093.755711,0.01432641688734293,1659.7066569010415,2794.0453181809107,1659.7066569010415,False,1659.6033610026043,2800.045315892092,1659.6033610026043,False,0.9685830053660613,0.9685227232364849,-6.0282129576427756e-05,0.0119084059804269,11.908405980426899,2797.008098982386,0.4249359827443227
43,0,0.6052378539461643,1787085093.7705631,0.014799541793763638,1657.391587999132,2794.0453181809107,1657.391587999132,False,1658.150013563368,2800.045315892092,1658.150013563368,False,0.9672319615624366,0.9676745687600999,0.0004426071976633139,-0.0031107259790770798,-3.11072597907708,2796.993079850426,-0.11100221164277332
44,0,0.6197401249082759,1787085093.7847118,0.014090750133618712,1661.3958523220488,2794.0453181809107,1661.3958523220488,False,1662.7273600260419,2800.045315892092,1662.7273600260419,False,0.9695687976268363,0.970345848034051,0.0007770504072146522,-0.01309910001115703,-13.09910001115703,2796.9830914763943,-0.46742435095478985
45,0,0.6336906659416854,1787085093.798454,0.013685000129044056,1661.6291124131944,2794.0453181809107,1661.6291124131944,False,1662.1910319010417,2800.045315892092,1662.1910319010417,False,0.9697049251522484,0.9700328539847621,0.0003279288325137575,0.0003142214313901693,0.3142214313901693,2796.9965047978367,0.011212583192626652
46,0,0.648427770473063,1787085093.814198,0.015690625179558992,1663.1643391927087,2794.0453181809107,1663.1643391927087,False,1665.387391493056,2800.045315892092,1665.387391493056,False,0.9706008633361664,0.9718982074597217,0.0012973441235553107,-0.02863802589433799,-28.63802589433799,2796.967552550511,-1.0219107156129743
47,0,0.6637046873802319,1787085093.829016,0.014749875059351325,1657.1324734157988,2794.0453181809107,1657.1324734157988,False,1662.1983344184032,2800.045315892092,1662.1983344184032,False,0.9670807456949726,0.9700371156379786,0.0029563699430059653,-0.0781859609108131,-78.18596091081311,2796.9180046154943,-2.789964348801495
48,0,0.6784716038964689,1787085093.8437178,0.014643542002886534,1664.8568250868054,2794.0453181809107,1664.8568250868054,False,1667.2823513454864,2800.045315892092,1667.2823513454864,False,0.9715885758738173,0.9730040811400394,0.001415505266222139,-0.032166988825286874,-32.16698882528687,2796.96402358758,-1.1478371690439222
49,0,0.6934229788603261,1787085093.858923,0.015148042002692819,1663.6801703559026,2794.0453181809107,1663.6801703559026,False,1660.0047336154516,2800.045315892092,1660.0047336154516,False,0.9709018956277646,0.9687569590214694,-0.0021449366062952224,0.07416803047407632,74.16803047407632,2797.0703586068794,2.6465897257378073
50,0,0.7081371664535254,1787085093.8731341,0.014149082824587822,1670.163699001736,2794.0453181809107,1670.163699001736,False,1667.720787217882,2800.045315892092,1667.720787217882,False,0.9746855977868459,0.9732599465564848,-0.0014256512303610913,0.05268608326912792,52.68608326912792,2797.0488766596745,1.8800343730062776
51,0,0.7222784995101392,1787085093.8872168,0.014025582931935787,1661.4751871744788,2794.0453181809107,1661.4751871744788,False,1662.42333984375,2800.045315892092,1662.42333984375,False,0.9696150964046821,0.9701684258488523,0.0005533294441701919,-0.006417521214257629,-6.417521214257629,2796.989773055191,-0.22900089973799703
52,0,0.7363732910016552,1787085093.901322,0.014048000099137425,1661.8168918185766,2794.0453181809107,1661.8168918185766,False,1664.5155897352429,2800.045315892092,1664.5155897352429,False,0.96981451074682,0.971389435404639,0.0015749246578189435,-0.03692815743556203,-36.92815743556203,2796.95926241897,-1.3177332798873118
53,0,0.7506688329158351,1787085093.915804,0.014428999973461032,1660.3287651909723,2794.0453181809107,1660.3287651909723,False,1668.6800401475696,2800.045315892092,1668.6800401475696,False,0.9689460595929146,0.9738197539668365,0.004873694373921933,-0.13544815972335553,-135.44815972335553,2796.860742416682,-4.833291454587337
54,0,0.7647638744674623,1787085093.929513,0.013650666922330856,1662.0931070963538,2794.0453181809107,1662.0931070963538,False,1664.5044162326387,2800.045315892092,1664.5044162326387,False,0.9699757063549506,0.9713829146952788,0.0014072083403282587,-0.03191919548765056,-31.919195487650562,2796.9642713809176,-1.1389949859995205
55,0,0.778601040947251,1787085093.9434729,0.013912750175222754,1666.2783582899306,2794.0453181809107,1666.2783582899306,False,1667.1297444661461,2800.045315892092,1667.1297444661461,False,0.9724181639798753,0.9729150217696885,0.000496857789813121,-0.004730956829573429,-4.730956829573429,2796.991459619576,-0.1688180427338506
56,0,0.7927001455100253,1787085093.957717,0.01420162501744926,1666.4171386718754,2794.0453181809107,1666.4171386718754,False,1667.0723768446182,2800.045315892092,1667.0723768446182,False,0.972499154387952,0.9728815427792662,0.00038238839131421454,-0.001312250350323539,-1.3122503503235392,2796.994878326055,-0.04682594741377173
57,0,0.8082093329867348,1787085093.974487,0.016724915942177176,1667.6104329427083,2794.0453181809107,1667.6104329427083,False,1666.7960313585068,2800.045315892092,1666.7960313585068,False,0.973195545250954,0.9727202711832621,-0.00047527406769187763,0.024302422602129607,24.302422602129607,2797.0204929990073,0.8672003497762492
58,0,0.8238537284778431,1787085093.9889998,0.014475874835625291,1664.746590169271,2794.0453181809107,1664.746590169271,False,1665.6807454427083,2800.045315892092,1665.6807454427083,False,0.971524244223837,0.9720694049716487,0.000545160747811746,-0.006173557538953517,-6.173557538953517,2796.990017018866,-0.22029537321415632
59,0,0.8387493538903072,1787085094.0043,0.01525145792402327,1663.0866807725695,2794.0453181809107,1663.0866807725695,False,1659.2545437282988,2800.045315892092,1659.2545437282988,False,0.9705555429021863,0.9683191580567794,-0.0022363848454068913,0.07689919436300023,76.89919436300023,2797.073089770768,2.744047757743371
60,0,0.8549650618806481,1787085094.02141,0.017057707998901606,1653.007457139757,2794.0453181809107,1653.007457139757,False,1654.9533121744794,2800.045315892092,1654.9533121744794,False,0.964673440376759,0.9658090158169739,0.0011355754402149199,-0.023806694087516265,-23.806694087516266,2796.972383882318,-0.849510922335008
61,0,0.8711413330165669,1787085094.0366662,0.015202000038698316,1659.8988986545137,2794.0453181809107,1659.8988986545137,False,1665.2657335069446,2800.045315892092,1665.2657335069446,False,0.9686951951283671,0.9718272094569574,0.003132014328590338,-0.08343170000716117,-83.43170000716117,2796.912758876398,-2.9771517273466017
62,0,0.8862828743876889,1787085094.051677,0.014966916991397738,1659.3254747178821,2794.0453181809107,1659.3254747178821,False,1660.2569281684027,2800.045315892092,1660.2569281684027,False,0.9683605524506492,0.9689041364500943,0.0005435839994450964,-0.0061264668760523475,-6.126466876052348,2796.990064109529,-0.21861500414117713
63,0,0.9013462909497321,1787085094.066808,0.01508525013923645,1665.9870659722224,2794.0453181809107,1665.9870659722224,False,1668.1642333984375,2800.045315892092,1668.1642333984375,False,0.9722481696092722,0.973518735922964,0.0012705663136918233,-0.02783828838124797,-27.83828838124797,2796.968352288024,-0.9933731223682547
64,0,0.9169996874406934,1787085094.082974,0.016123374924063683,1661.614968532986,2794.0453181809107,1661.614968532986,False,1663.6375244140625,2800.045315892092,1663.6375244140625,False,0.9696966709695332,0.9708770080162445,0.0011803370467113883,-0.025143529924498254,-25.143529924498253,2796.9710470464806,-0.8972141708713336
65,0,0.9327637495007366,1787085094.098349,0.015320166945457458,1660.7506890190973,2794.0453181809107,1660.7506890190973,False,1666.0134602864582,2800.045315892092,1666.0134602864582,False,0.969192288797203,0.9722635729843812,0.0030712841871781693,-0.0816179530088005,-81.6179530088005,2796.9145726233965,-2.9124305241507455
66,0,0.9478247704682872,1787085094.1130729,0.014672958990558982,1662.3153021918401,2794.0453181809107,1662.3153021918401,False,1664.1351399739583,2800.045315892092,1664.1351399739583,False,0.9701053764942302,0.9711674099210129,0.0010620334267826825,-0.02161031181317179,-21.61031181317179,2796.974580264592,-0.7711358768616825
67,0,0.962848354014568,1787085094.128406,0.015290457988157868,1661.9060492621527,2794.0453181809107,1661.9060492621527,False,1666.3303385416664,2800.045315892092,1666.3303385416664,False,0.9698665418598427,0.972448498972048,0.002581957112205324,-0.06700386694196367,-67.00386694196366,2796.9291867094635,-2.3909458657566254
68,0,0.9774255409138277,1787085094.142236,0.013777000131085515,1660.3848442925348,2794.0453181809107,1660.3848442925348,False,1655.4884467230902,2800.045315892092,1655.4884467230902,False,0.9689787866200092,0.966121313310759,-0.002857473309250236,0.09544842396822863,95.44842396822862,2797.0916390003736,3.4059528963826944
69,0,0.9917800619732589,1787085094.1571221,0.014827542006969452,1668.2832736545138,2794.0453181809107,1668.2832736545138,False,1666.0031168619794,2800.045315892092,1666.0031168619794,False,0.9735882062528627,0.9722575366977122,-0.0013306695551504877,0.04984939090670932,49.84939090670932,2797.046039967312,1.7788106946442093
70,0,1.006293811951764,1787085094.171246,0.014060958055779338,1654.238929578993,2794.0453181809107,1654.238929578993,False,1656.9412082248266,2800.045315892092,1656.9412082248266,False,0.9653921115173856,0.9669691258417151,0.001577014324329551,-0.0369905667478583,-36.990566747858296,2796.9592000096573,-1.3199602750449007
71,0,1.0207617494743317,1787085094.1860511,0.014756083022803068,1664.7042480468754,2794.0453181809107,1664.7042480468754,False,1664.9820095486114,2800.045315892092,1664.9820095486114,False,0.9714995339173541,0.971661631881478,0.00016209796412391952,0.0052668731589118325,5.2668731589118325,2797.001457449564,0.18794152008677678
72,0,1.0353437080048025,1787085094.200417,0.014327249955385923,1664.1096571180556,2794.0453181809107,1664.1096571180556,False,1660.1636420355903,2800.045315892092,1660.1636420355903,False,0.9711525384610155,0.9688496958882621,-0.002302842572753372,0.07888399961274396,78.88399961274396,2797.075074576018,2.81487295221039
73,0,1.0501022284151986,1787085094.215582,0.01511562499217689,1663.578860134549,2794.0453181809107,1663.578860134549,False,1667.0035644531254,2800.045315892092,1667.0035644531254,False,0.9708427723132529,0.972841384771415,0.00199861245816213,-0.04958188189997618,-49.58188189997618,2796.9466086945054,-1.7692649835846481
74,0,1.0653388954233378,1787085094.2308779,0.015243290923535824,1662.3584418402781,2794.0453181809107,1662.3584418402781,False,1665.529345703125,2800.045315892092,1665.529345703125,False,0.9701305522264362,0.9719810500722047,0.0018504978457685173,-0.045158338213176184,-45.15833821317619,2796.951032238192,-1.6114165791170492
75,0,1.0802028329344466,1787085094.24531,0.014385834103450179,1658.114626736111,2794.0453181809107,1658.114626736111,False,1661.6143473307288,2800.045315892092,1661.6143473307288,False,0.9676539174725048,0.9696963084440551,0.002042390971550234,-0.050889356992310744,-50.889356992310745,2796.945301219413,-1.8159205321264182
76,0,1.0945356244919822,1787085094.259552,0.014196832897141576,1662.1168375651043,2794.0453181809107,1662.1168375651043,False,1665.392277018229,2800.045315892092,1665.392277018229,False,0.9699895551448229,0.9719010585880432,0.0019115034432203304,-0.04698031189360062,-46.98031189360062,2796.9492102645117,-1.6764313407650806
77,0,1.1092035620240495,1787085094.274633,0.015031208051368594,1668.2511637369794,2794.0453181809107,1668.2511637369794,False,1667.2404324001734,2800.045315892092,1667.2404324001734,False,0.9735694673267409,0.9729796177941439,-0.0005898495325969977,0.027724296826776157,27.724296826776158,2797.023914873232,0.9893054819717441
78,0,1.1240578955039382,1787085094.289269,0.01458587497472763,1660.0216498480902,2794.0453181809107,1660.0216498480902,False,1658.1890814887151,2800.045315892092,1658.1890814887151,False,0.9687668311126492,0.9676973682881905,-0.0010694628244586335,0.042048274151051224,42.048274151051224,2797.0382388505564,1.5004379871200122
79,0,1.1387925409944728,1787085094.304106,0.014773249858990312,1660.1348795572915,2794.0453181809107,1660.1348795572915,False,1662.8116943359375,2800.045315892092,1662.8116943359375,False,0.9688329104837108,0.9703950644296078,0.0015621539458969824,-0.03654675143391645,-36.54675143391645,2796.9596438249714,-1.3041233026661592
80,0,1.1536518329521641,1787085094.318969,0.014807583997026086,1664.2154893663192,2794.0453181809107,1664.2154893663192,False,1669.005810546875,2800.045315892092,1669.005810546875,False,0.9712143007710368,0.9740098692930036,0.002795568521966829,-0.07338351705081207,-73.38351705081207,2796.9228070593545,-2.6185953843424232
81,0,1.1688358748797327,1787085094.33449,0.01547025004401803,1658.2689968532984,2794.0453181809107,1658.2689968532984,False,1661.148312717014,2800.045315892092,1661.148312717014,False,0.9677440058453041,0.9694243367646745,0.0016803309193704763,-0.0400761871626788,-40.0761871626788,2796.9561143892424,-1.4300666272722953
82,0,1.1839974579634145,1787085094.349291,0.01474274997599423,1663.4731336805555,2794.0453181809107,1663.4731336805555,False,1667.1587266710071,2800.045315892092,1667.1587266710071,False,0.9707810717433782,0.9729319354037754,0.0021508636603971842,-0.0541289676572193,-54.1289676572193,2796.942061608748,-1.9315218261925242
83,0,1.1985566039802507,1787085094.363602,0.014260208001360297,1659.4853922526042,2794.0453181809107,1659.4853922526042,False,1659.5610243055555,2800.045315892092,1659.5610243055555,False,0.9684538782234585,0.9684980160961633,4.4137872704741454e-05,0.008789831557540142,8.789831557540142,2797.0049804079626,0.3136537095896425
84,0,1.2133591040037572,1787085094.378898,0.015244957990944386,1662.8938449435766,2794.0453181809107,1662.8938449435766,False,1666.193546549479,2800.045315892092,1666.193546549479,False,0.9704430064452096,0.972368668962117,0.0019256625169074004,-0.047403182264100785,-47.403182264100785,2796.948787394141,-1.691520920072109
85,0,1.2368304579285905,1787085094.410589,0.031593749998137355,1669.0306179470485,2794.0453181809107,1669.0306179470485,False,1667.2794542100696,2800.045315892092,1667.2794542100696,False,0.9740243465659093,0.973002390409863,-0.0010219561560462775,0.040629455172016854,40.629455172016854,2797.0368200315775,1.4498092767633761
86,0,1.2651210204930976,1787085094.4353988,0.024660459021106362,1659.9337863498265,2794.0453181809107,1659.9337863498265,False,1665.272113715278,2800.045315892092,1665.272113715278,False,0.9687155551291153,0.9718309328627392,0.003115377733623914,-0.08293483677777229,-82.93483677777229,2796.9132557396274,-2.959421809084081
87,0,1.292288520373404,1787085094.464937,0.029459625016897917,1666.4079481336805,2794.0453181809107,1666.4079481336805,False,1670.5601453993054,2800.045315892092,1670.5601453993054,False,0.9724937909105756,0.9749169586972982,0.00242316778672258,-0.062261515684926494,-62.26151568492649,2796.9339290607204,-2.2217212276950646
88,0,1.3144046034431085,1787085094.479669,0.01466112514026463,1666.3774251302082,2794.0453181809107,1666.3774251302082,False,1668.4631673177082,2800.045315892092,1668.4631673177082,False,0.972475978086657,0.9736931898318696,0.0012172117452126097,-0.026244817887391813,-26.244817887391815,2796.969945758518,-0.9365121998070158
89,0,1.3314802704844624,1787085094.4991,0.019330875016748905,1664.6141167534722,2794.0453181809107,1664.6141167534722,False,1666.8641221788196,2800.045315892092,1666.8641221788196,False,0.9714469344783636,0.9727600080916502,0.0013130736132865861,-0.029107797808620564,-29.107797808620564,2796.9670827785967,-1.0386739155231433
90,0,1.350913749425672,1787085094.518485,0.019293832825496793,1659.718503146701,2794.0453181809107,1659.718503146701,False,1660.7197238498266,2800.045315892092,1660.7197238498266,False,0.9685899186794324,0.969174217931132,0.0005842992516995604,-0.007342455590171079,-7.342455590171079,2796.988848120815,-0.2620059802373351
91,0,1.3692413119133562,1787085094.5356538,0.01697579212486744,1661.3059678819445,2794.0453181809107,1661.3059678819445,False,1668.328941514757,2800.045315892092,1668.328941514757,False,0.9695163422481887,0.973614857416271,0.00409851516808224,-0.11229690525415989,-112.2969052541599,2796.8838936711513,-4.007169042754778
92,0,1.3846960624214262,1787085094.549503,0.01379787502810359,1658.686990017361,2794.0453181809107,1658.686990017361,False,1665.4226589626737,2800.045315892092,1665.4226589626737,False,0.9679879411656733,0.9719187890917661,0.003930847926092773,-0.10728940897948676,-107.28940897948677,2796.888901167426,-3.8284830495106608
93,0,1.3981104164849967,1787085094.562495,0.012955083046108484,1666.3150282118058,2794.0453181809107,1666.3150282118058,False,1670.5189236111114,2800.045315892092,1670.5189236111114,False,0.9724395640646366,0.9748929022031404,0.002453338138503791,-0.06316257377091496,-63.16257377091495,2796.9330280026343,-2.253874313835104
94,0,1.4111063954187557,1787085094.575496,0.012959541054442525,1663.2964111328124,2794.0453181809107,1663.2964111328124,False,1666.043191189236,2800.045315892092,1666.043191189236,False,0.9706779387856973,0.9722809235487384,0.0016029847630411043,-0.03776619157210334,-37.76619157210334,2796.958424384833,-1.3476374383422545
95,0,1.4249956659041345,1787085094.59027,0.014733999967575073,1666.981334092882,2794.0453181809107,1666.981334092882,False,1663.508677842882,2800.045315892092,1663.508677842882,False,0.9728284114251641,0.9708018148496532,-0.002026596575510853,0.07063372492776893,70.63372492776892,2797.066824301333,2.520472628024869
96,0,1.4389311659615487,1787085094.6033652,0.013061000034213066,1665.616677517361,2794.0453181809107,1665.616677517361,False,1666.944281684028,2800.045315892092,1666.944281684028,False,0.9720320157719234,0.972806788126026,0.0007747723541025042,-0.013031064404814168,-13.031064404814169,2796.9831595120004,-0.46499658881009737
97,0,1.4520659993868321,1787085094.616545,0.013147166930139065,1656.8861083984375,2794.0453181809107,1656.8861083984375,False,1656.7883978949653,2800.045315892092,1656.7883978949653,False,0.9669369703067492,0.9668799477403123,-5.7022566436915056e-05,0.011811056909227905,11.811056909227904,2797.0080016333145,0.42146220772294835
98,0,1.4652120204409584,1787085094.629653,0.0130770409014076,1661.7814697265626,2794.0453181809107,1661.7814697265626,False,1663.7772216796875,2800.045315892092,1663.7772216796875,False,0.969793838879176,0.970958533505594,0.0011646946264179947,-0.024676358398226232,-24.67635839822623,2796.971514218007,-0.8805437624260003
99,0,1.4790529999881983,1787085094.644228,0.014544500038027763,1658.4891086154512,2794.0453181809107,1658.4891086154512,False,1658.8968804253473,2800.045315892092,1658.8968804253473,False,0.9678724601786141,0.9681104304509452,0.0002379702723311894,0.003000895045413525,3.000895045413525,2796.9991914714506,0.10708303758969187
100,0,1.4929027289617807,1787085094.657349,0.013093042187392712,1669.4769070095485,2794.0453181809107,1669.4769070095485,False,1668.8120008680555,2800.045315892092,1668.8120008680555,False,0.9742847950009511,0.9738967645100594,-0.00038803049089175534,0.021696833814289836,21.696833814289835,2797.0178874102194,0.7742233019658091
101,0,1.5059676038799807,1787085094.67036,0.012985958019271493,1663.2836181640625,2794.0453181809107,1663.2836181640625,False,1660.7727376302087,2800.045315892092,1660.7727376302087,False,0.9706704729771656,0.9692051560770476,-0.0014653169001179744,0.053870725487746185,53.870725487746185,2797.050061301893,1.9223067901707889
102,0,1.519266187446192,1787085094.6839511,0.013561875093728304,1661.334459092882,2794.0453181809107,1661.334459092882,False,1667.2317301432292,2800.045315892092,1667.2317301432292,False,0.9695329693446709,0.9729745392712921,0.0034415699266211464,-0.09267678858588825,-92.67678858588825,2796.9035137878195,-3.3070506917602143
103,0,1.5337182914372534,1787085094.699261,0.015279166866093874,1662.13173828125,2794.0453181809107,1662.13173828125,False,1665.9335530598958,2800.045315892092,1665.9335530598958,False,0.9699982510070503,0.9722169401765096,0.0022186891694593314,-0.05615462263863689,-56.15462263863689,2796.9400359537667,-2.0038046902168456
104,0,1.5484519159654155,1787085094.713417,0.014124499866738915,1661.9269558376739,2794.0453181809107,1661.9269558376739,False,1669.8076497395832,2800.045315892092,1669.8076497395832,False,0.9698787426627171,0.9744778121140222,0.00459906945130506,-0.1272462995351693,-127.2462995351693,2796.86894427687,-4.540618738765676
105,0,1.5635391658870503,1787085094.729443,0.01598650007508695,1660.692404513889,2794.0453181809107,1660.692404513889,False,1666.234800889757,2800.045315892092,1666.234800889757,False,0.9691582747255076,0.9723927444532436,0.003234469727736,-0.086491600220551,-86.49160022055099,2796.9096989761847,-3.0863402876302812
106,0,1.5791690829209983,1787085094.744673,0.015179499983787537,1653.4858669704859,2794.0453181809107,1653.4858669704859,False,1657.76337890625,2800.045315892092,1657.76337890625,False,0.9649526340702452,0.9674489338525016,0.002496299782256406,-0.06444565249572973,-64.44565249572973,2796.9317449239097,-2.299659309724869
107,0,1.5943999994779006,1787085094.7599099,0.015182332834228873,1664.173055013021,2794.0453181809107,1664.173055013021,False,1668.118728298611,2800.045315892092,1668.118728298611,False,0.9711895366398107,0.973492179744397,0.002302643104586277,-0.058661964039402235,-58.661964039402235,2796.937528612366,-2.0932759077719894
108,0,1.6092838329495862,1787085094.7744262,0.014465084066614509,1657.041029188368,2794.0453181809107,1657.041029188368,False,1653.5802164713539,2800.045315892092,1653.5802164713539,False,0.9670273800449283,0.9650076951997079,-0.0020196848452204152,0.07042730139941455,70.42730139941456,2797.0666178778047,2.5131066728309506
109,0,1.6236389790428802,1787085094.788621,0.014155457960441709,1664.9213595920137,2794.0453181809107,1664.9213595920137,False,1662.5421413845488,2800.045315892092,1662.5421413845488,False,0.9716262373634211,0.9702377568676505,-0.001388480495770672,0.05157595398698656,51.57595398698656,2797.0477665303924,1.8404208530897288
110,0,1.6390060830162838,1787085094.805165,0.01650616596452892,1656.5249972873266,2794.0453181809107,1656.5249972873266,False,1659.1861355251735,2800.045315892092,1659.1861355251735,False,0.9667262306053589,0.9682792359279506,0.0015530053225917273,-0.03627352157353423,-36.27352157353423,2796.9599170548317,-1.294373450383037
111,0,1.6552574578672647,1787085094.821137,0.0159192499704659,1667.9532063802085,2794.0453181809107,1667.9532063802085,False,1667.5653238932296,2800.045315892092,1667.5653238932296,False,0.9733955833268834,0.973169220202168,-0.00022636312471535636,0.0168685279135141,16.8685279135141,2797.013059104319,0.6019314842104659
112,0,1.67076322901994,1787085094.836152,0.014960207976400852,1661.314683702257,2794.0453181809107,1661.314683702257,False,1663.7710856119788,2800.045315892092,1663.7710856119788,False,0.9695214286864442,0.9709549525770742,0.0014335238906300063,-0.0327051273043751,-32.705127304375104,2796.963485449101,-1.1670399409211782
113,0,1.686043124878779,1787085094.851712,0.01550874998793006,1667.8421549479167,2794.0453181809107,1667.8421549479167,False,1670.998792860243,2800.045315892092,1670.998792860243,False,0.9733307751696152,0.9751729475940376,0.001842172424422417,-0.044909693839469,-44.909693839469,2796.9512808825657,-1.6025440279570726
114,0,1.7014218328986317,1787085094.866915,0.015140749979764223,1654.961781141493,2794.0453181809107,1654.961781141493,False,1659.8067572699651,2800.045315892092,1659.8067572699651,False,0.9658139581948865,0.9686414226265858,0.0028274644316993447,-0.07433611009920799,-74.33611009920799,2796.9218544663063,-2.6525874286043387
115,0,1.7166101455222815,1787085094.882069,0.015094791073352098,1667.4825520833335,2794.0453181809107,1667.4825520833335,False,1669.129136827257,2800.045315892092,1669.129136827257,False,0.9731209156610883,0.9740818408903918,0.0009609252293035775,-0.018590646694285052,-18.590646694285052,2796.9775999297112,-0.6633830536070886
116,0,1.73245968692936,1787085094.8986208,0.01650279201567173,1661.1895914713543,2794.0453181809107,1661.1895914713543,False,1664.733401150174,2800.045315892092,1664.733401150174,False,0.9694484265035271,0.9715165472855245,0.0020681207819973624,-0.05165779528969822,-51.65779528969822,2796.9445327811154,-1.8433412535576015
117,0,1.7493809993611649,1787085094.915912,0.017247583018615842,1657.975648328993,2794.0453181809107,1657.975648328993,False,1667.8696668836808,2800.045315892092,1667.8696668836808,False,0.9675728114995381,0.9733468307739686,0.005774019274430442,-0.16233697552182288,-162.3369755218229,2796.8338536008837,-5.792783882451573
118,0,1.766607082914561,1787085094.933113,0.017117666080594063,1652.882666015625,2794.0453181809107,1652.882666015625,False,1662.3854058159723,2800.045315892092,1662.3854058159723,False,0.9646006139157984,0.9701462880484899,0.005545674132691469,-0.1555172924815934,-155.51729248159342,2796.8406732839235,-5.54943236089043
119,0,1.7833278540056199,1787085094.9493,0.01610529189929366,1659.523136393229,2794.0453181809107,1659.523136393229,False,1666.2471001519098,2800.045315892092,1666.2471001519098,False,0.9684759052081724,0.97239992214109,0.003924016932917551,-0.10708539672001754,-107.08539672001754,2796.8891051796854,-3.8212031373115023
120,0,1.799455332919024,1787085094.965429,0.01601416594348848,1652.1332709418407,2794.0453181809107,1652.1332709418407,False,1655.7869411892364,2800.045315892092,1655.7869411892364,False,0.9641632767937507,0.9662955107605932,0.0021322339668424783,-0.05357257918224604,-53.57257918224604,2796.942617997223,-1.9116678269428362
121,0,1.8158605204662308,1787085094.982048,0.01645879098214209,1662.584974500868,2794.0453181809107,1662.584974500868,False,1669.1592664930558,2800.045315892092,1669.1592664930558,False,0.970262753711738,0.9740994241676106,0.0038366704558726594,-0.10447673474634712,-104.47673474634712,2796.891713841659,-3.7281164268608022
122,0,1.8332854580366984,1787085095.0003169,0.018132583936676383,1651.858412000868,2794.0453181809107,1651.858412000868,False,1655.6775472005206,2800.045315892092,1655.6775472005206,False,0.9640028727259642,0.9662316698656261,0.0022287971396619533,-0.05645650404691648,-56.456504046916486,2796.9397340723585,-2.0145769357306764
123,0,1.8508345204172656,1787085095.017098,0.016680875094607472,1663.6756944444446,2794.0453181809107,1663.6756944444446,False,1668.8972195095484,2800.045315892092,1668.8972195095484,False,0.9708992835446271,0.9739464969899209,0.003047213445293795,-0.08089906392298733,-80.89906392298734,2796.9152915124823,-2.8867779019050577
124,0,1.8682203744538128,1787085095.03511,0.017939832992851734,1658.8647840711806,2794.0453181809107,1658.8647840711806,False,1664.6754747178816,2800.045315892092,1664.6754747178816,False,0.9680916994402267,0.9714827421804798,0.0033910427402531473,-0.0911677597827344,-91.16775978273441,2796.9050228166225,-3.253202961130974
125,0,1.884728624485433,1787085095.050122,0.01494033308699727,1657.7469618055554,2794.0453181809107,1657.7469618055554,False,1667.0484049479169,2800.045315892092,1667.0484049479169,False,0.9674393530481685,0.9728675530952129,0.0054282000470443625,-0.15200884897606073,-152.00884897606073,2796.8441817274293,-5.424238116473763
126,0,1.900371707859449,1787085095.066394,0.016203833976760507,1663.7126898871527,2794.0453181809107,1663.7126898871527,False,1669.4412353515625,2800.045315892092,1669.4412353515625,False,0.9709208735990708,0.9742639774898838,0.0033431038908130484,-0.08973603342321994,-89.73603342321994,2796.906454542982,-3.202113667685553
127,0,1.9161494579166174,1787085095.081669,0.015210499987006187,1656.598402235243,2794.0453181809107,1656.598402235243,False,1664.6873480902782,2800.045315892092,1664.6873480902782,False,0.9667690687688174,0.9714896713246584,0.004720602555840947,-0.13087596840185914,-130.87596840185913,2796.8653146080032,-4.6701387525642
128,0,1.9310478954575956,1787085095.096213,0.014471374917775393,1660.7415066189235,2794.0453181809107,1660.7415066189235,False,1666.325075954861,2800.045315892092,1666.325075954861,False,0.9691869300690688,0.9724454277955104,0.0032584977264416004,-0.0872092127522446,-87.2092127522446,2796.908981363653,-3.1119473577021335
129,0,1.9456732495455071,1787085095.1108868,0.014614667044952512,1662.2923583984375,2794.0453181809107,1662.2923583984375,False,1661.9352132161457,2800.045315892092,1661.9352132161457,False,0.9700919867977582,0.9698835615603358,-0.00020842523742237162,0.016332800703301082,16.332800703301082,2797.0125233771087,0.582814755327615
130,0,1.9604091244982556,1787085095.125719,0.014767917105928063,1668.009103732639,2794.0453181809107,1668.009103732639,False,1666.4606580946179,2800.045315892092,1666.4606580946179,False,0.9734282042875718,0.9725245517514539,-0.0009036525361179049,0.03709623706070034,37.09623706070034,2797.033286813466,1.32373098275408
131,0,1.9751446874579415,1787085095.140343,0.014549125218763947,1667.3075113932293,2794.0453181809107,1667.3075113932293,False,1668.5157253689235,2800.045315892092,1668.5157253689235,False,0.9730187642134348,0.9737238620202293,0.000705097806794508,-0.010950186637967815,-10.950186637967814,2796.985240389767,-0.3907431714947122
132,0,1.9901174784172326,1787085095.155649,0.015240875072777271,1659.847878689236,2794.0453181809107,1659.847878689236,False,1661.5423502604167,2800.045315892092,1661.5423502604167,False,0.9686654205467584,0.9696542918994745,0.0009888713527160808,-0.01942527668651966,-19.42527668651966,2796.976765299719,-0.693165739598903
133,0,2.0056386039359495,1787085095.1714041,0.0156957081053406,1665.801993815104,2794.0453181809107,1665.801993815104,False,1668.2525987413196,2800.045315892092,1668.2525987413196,False,0.9721401639292286,0.9735703047764256,0.001430140847196948,-0.03260409041018464,-32.60409041018464,2796.963586485995,-1.1634345707316813
134,0,2.0205056455451995,1787085095.1853728,0.013909874949604273,1659.0772433810766,2794.0453181809107,1659.0772433810766,False,1665.947976345486,2800.045315892092,1665.947976345486,False,0.9682156879029117,0.9722253574165359,0.004009669513624248,-0.10964346932690082,-109.64346932690081,2796.8865471070785,-3.912484631990466
135,0,2.0345768328988925,1787085095.199549,0.014125500107184052,1666.4803792317707,2794.0453181809107,1666.4803792317707,False,1668.1211127387153,2800.045315892092,1668.1211127387153,False,0.9725360607480668,0.9734935712723232,0.0009575105242564108,-0.018488664204444435,-18.488664204444436,2796.9777019122007,-0.6597439410663872
136,0,2.048897374421358,1787085095.214011,0.01441833283752203,1662.671337890625,2794.0453181809107,1662.671337890625,False,1667.6232259114581,2800.045315892092,1667.6232259114581,False,0.9703131542516507,0.9732030110594857,0.002889856807835045,-0.07619950086868908,-76.19950086868909,2796.9199910755365,-2.7190801052201357
137,0,2.063420811900869,1787085095.228598,0.014547042082995176,1664.9899983723958,2794.0453181809107,1664.9899983723958,False,1669.3589816623262,2800.045315892092,1669.3589816623262,False,0.9716662940541085,0.9742159753172157,0.002549681263107173,-0.0660399267458754,-66.0399267458754,2796.9301506496595,-2.3565489132841635
138,0,2.0777842703973874,1787085095.242739,0.014094874961301684,1659.4101752387153,2794.0453181809107,1659.4101752387153,False,1662.059242078993,2800.045315892092,1662.059242078993,False,0.9684099825620991,0.9699559431756226,0.0015459606135235227,-0.036063126543493675,-36.063126543493674,2796.960127449862,-1.2868657773156464
139,0,2.0918918744428083,1787085095.256808,0.01402658293955028,1666.75810546875,2794.0453181809107,1666.75810546875,False,1667.6090277777778,2800.045315892092,1667.6090277777778,False,0.9726981381321418,0.9731947252151568,0.0004965870830150321,-0.004722871986840439,-4.722871986840439,2796.9914677044185,-0.1685295456337582
140,0,2.1062461874680594,1787085095.271451,0.014603125164285302,1663.7410074869792,2794.0453181809107,1663.7410074869792,False,1661.9561713324651,2800.045315892092,1661.9561713324651,False,0.9709373993783889,0.9698957924417431,-0.0010416069366457892,0.04121633910640313,41.216339106403126,2797.037406915512,1.4707514668285444
141,0,2.1210184999508783,1787085095.286359,0.014861250063404441,1662.2322238498266,2794.0453181809107,1662.2322238498266,False,1664.2261284722226,2800.045315892092,1664.2261284722226,False,0.9700568930650328,0.9712205096135015,0.0011636165484686378,-0.024644160866668152,-24.64416086666815,2796.971546415539,-0.8793948353792518
142,0,2.1361933953594416,1787085095.301802,0.015379291027784348,1662.3351671006944,2794.0453181809107,1662.3351671006944,False,1664.2337836371528,2800.045315892092,1664.2337836371528,False,0.9701169693941197,0.9712249770672071,0.0011080076730873856,-0.022983363963192654,-22.983363963192655,2796.973207212442,-0.8201314574362208
143,0,2.151523874956183,1787085095.3170109,0.015144250122830272,1666.5315294053821,2794.0453181809107,1666.5315294053821,False,1671.3013617621527,2800.045315892092,1671.3013617621527,False,0.9725659113175488,0.9753495228310674,0.00278361151351858,-0.07302641285711034,-73.02641285711034,2796.9231641635483,-2.6058525855377654
144,0,2.1665814579464495,1787085095.33191,0.01484900014474988,1660.3753743489583,2794.0453181809107,1660.3753743489583,False,1662.928957790799,2800.045315892092,1662.928957790799,False,0.968973260085322,0.970463497841655,0.001490237756332946,-0.03439892549572142,-34.39892549572142,2796.9617916509096,-1.2274809269098423
145,0,2.1814014789415523,1787085095.3466702,0.014709541806951165,1668.8094780815973,2794.0453181809107,1668.8094780815973,False,1667.5610812717011,2800.045315892092,1667.5610812717011,False,0.9738952922450181,0.9731667442639692,-0.0007285479810489326,0.031866620370033585,31.866620370033587,2797.0280571967755,1.137118911291521
146,0,2.1966600619489327,1787085095.3624032,0.015679457923397422,1662.297593858507,2794.0453181809107,1662.297593858507,False,1664.2009033203126,2800.045315892092,1664.2009033203126,False,0.9700950421434891,0.9712057885461693,0.0011107464026802738,-0.023065157986109704,-23.065157986109703,2796.9731254184194,-0.8230501707861013
147,0,2.2124951869482175,1787085095.378349,0.0159102079924196,1657.5716254340277,2794.0453181809107,1657.5716254340277,False,1661.3382893880207,2800.045315892092,1661.3382893880207,False,0.9673370290447201,0.9695352046546044,0.002198175609884334,-0.05554197122305186,-55.54197122305186,2796.940648605182,-1.981943021090917
148,0,2.228121103486046,1787085095.393661,0.015279625076800585,1668.6343098958332,2794.0453181809107,1668.6343098958332,False,1669.4140245225692,2800.045315892092,1669.4140245225692,False,0.9737930663925722,0.974248097607487,0.0004550312149147473,-0.003481777708471757,-3.481777708471757,2796.9927087986966,-0.12424271012245779
149,0,2.2432363954139873,1787085095.4085739,0.014879875117912889,1667.4620198567707,2794.0453181809107,1667.4620198567707,False,1670.8254557291668,2800.045315892092,1670.8254557291668,False,0.973108933323349,0.9750717903210574,0.001962856997708373,-0.048514020742978926,-48.51402074297893,2796.9476765556624,-1.7311597467520312
150,0,2.2588777494383976,1787085095.4249442,0.016337416833266616,1667.4139241536461,2794.0453181809107,1667.4139241536461,False,1666.1221462673614,2800.045315892092,1666.1221462673614,False,0.9730808653027239,0.9723270006952881,-0.0007538646074357613,0.032622718644300545,32.62271864430055,2797.0288132950495,1.1640992950435536
151,0,2.2748356870142743,1787085095.440494,0.015514292055740952,1667.27041015625,2794.0453181809107,1667.27041015625,False,1666.8725260416668,2800.045315892092,1666.8725260416668,False,0.9729971124188439,0.9727649124756264,-0.0002321999432175481,0.01704284846986645,17.04284846986645,2797.013233424875,0.6081518865924369
152,0,2.290140936966054,1787085095.455554,0.015019708080217242,1663.5543674045136,2794.0453181809107,1663.5543674045136,False,1666.5407416449652,2800.045315892092,1666.5407416449652,False,0.9708284786777068,0.9725712874595703,0.001742808781863503,-0.041942131040392405,-41.942131040392404,2796.954248445365,-1.4966504082355268
153,0,2.3049653745256364,1787085095.4701371,0.014543416909873486,1663.8847412109371,2794.0453181809107,1663.8847412109371,False,1663.4945556640625,2800.045315892092,1663.4945556640625,False,0.9710212804918041,0.9707935733315836,-0.00022770716022058046,0.016908668448454494,16.908668448454495,2797.013099244854,0.6033638470045137
154,0,2.31999766593799,1787085095.485635,0.01544624986127019,1654.7446207682292,2794.0453181809107,1654.7446207682292,False,1660.3492947048612,2800.045315892092,1660.3492947048612,False,0.9656872262533667,0.9689580403475729,0.0032708140942062647,-0.08757704945646458,-87.57704945646458,2796.908613526949,-3.1250731321890015
155,0,2.335122395423241,1787085095.500371,0.014669040916487575,1657.216978624132,2794.0453181809107,1657.216978624132,False,1664.5355007595485,2800.045315892092,1664.5355007595485,False,0.9671300618246128,0.9714010552169002,0.0042709933922874255,-0.11744808478643827,-117.44808478643827,2796.878742491619,-4.190982186213184
156,0,2.3500971039757133,1787085095.515595,0.0151632078923285,1659.110267469618,2794.0453181809107,1659.110267469618,False,1666.1344699435765,2800.045315892092,1666.1344699435765,False,0.9682349603272259,0.9723341926308606,0.004099232303634737,-0.11231832299542499,-112.31832299542499,2796.8838722534097,-4.007933307002034
157,0,2.3656740203732625,1787085095.531508,0.015854208962991834,1660.993410915799,2794.0453181809107,1660.993410915799,False,1665.0510769314235,2800.045315892092,1665.0510769314235,False,0.9693339381080603,0.971701938698914,0.002368000590853625,-0.060613909840635756,-60.613909840635756,2796.935576666565,-2.162928555546523
158,0,2.381342645501718,1787085095.546984,0.015384540893137455,1666.0067599826386,2794.0453181809107,1666.0067599826386,False,1670.910158962674,2800.045315892092,1670.910158962674,False,0.9722596627750779,0.9751212220155882,0.0028615592405102364,-0.07535437476486617,-75.35437476486618,2796.92083620164,-2.688922879134534
159,0,2.3973705414682627,1787085095.563503,0.01642608316615224,1655.7483696831598,2794.0453181809107,1655.7483696831598,False,1664.6238986545136,2800.045315892092,1664.6238986545136,False,0.9662730009362687,0.9714526430673298,0.005179642131061146,-0.14458549767882484,-144.58549767882485,2796.8516050787266,-5.159345478119642
160,0,2.413547874428332,1787085095.579345,0.015781166963279247,1664.8817464192712,2794.0453181809107,1664.8817464192712,False,1667.4582845052082,2800.045315892092,1667.4582845052082,False,0.9716031196361122,0.9731067534212395,0.0015036337851273007,-0.03479900701127089,-34.79900701127089,2796.961391569394,-1.2417573155606225
161,0,2.4293380203889683,1787085095.595092,0.015700374962761998,1662.4692925347222,2794.0453181809107,1662.4692925347222,False,1664.8464463975693,2800.045315892092,1664.8464463975693,False,0.9701952432357329,0.9715825190070991,0.0013872757713662143,-0.0313238957520685,-31.323895752068502,2796.9648666806534,-1.1177524890118649
162,0,2.4449551248690113,1787085095.610579,0.015441749943420291,1663.7658718532984,2794.0453181809107,1663.7658718532984,False,1667.3295491536458,2800.045315892092,1667.3295491536458,False,0.970951909895989,0.9730316251609564,0.002079715264967419,-0.05200407241330574,-52.00407241330574,2796.944186503992,-1.8556977024445382
163,0,2.4598201664630324,1787085095.624825,0.01420316705480218,1671.1770480685761,2794.0453181809107,1671.1770480685761,False,1668.690359157986,2800.045315892092,1668.690359157986,False,0.975276974992308,0.9738257760057792,-0.00145119898652879,0.053449084391577625,53.44908439157763,2797.049639660797,1.907261075919841
164,0,2.4749616243643686,1787085095.640862,0.015992583008483052,1663.418687608507,2794.0453181809107,1663.418687608507,False,1664.5710720486109,2800.045315892092,1664.5710720486109,False,0.9707492977308587,0.9714218141539819,0.0006725164231231595,-0.00997712144394367,-9.97712144394367,2796.986213454961,-0.3560206053362714
165,0,2.4907288539689034,1787085095.656368,0.015449457801878452,1657.9490478515625,2794.0453181809107,1657.9490478515625,False,1658.299058702257,2800.045315892092,1658.299058702257,False,0.9675572878102966,0.9677615495455056,0.00020426173520904367,0.004007623444240709,4.00762344424071,2797.0001981998494,0.1430068314387921
166,0,2.5058115830179304,1787085095.671017,0.014592084102332592,1658.8287760416667,2794.0453181809107,1658.8287760416667,False,1661.8215087890626,2800.045315892092,1661.8215087890626,False,0.9680706856271539,0.9698172051501535,0.0017465195229995345,-0.04205295484947088,-42.05295484947088,2796.9541376215557,-1.50060501175674
167,0,2.5209062079666182,1787085095.68656,0.015488583827391267,1657.2951822916664,2794.0453181809107,1657.2951822916664,False,1660.8529866536458,2800.045315892092,1660.8529866536458,False,0.9671757004578111,0.9692519883530858,0.0020762878952746977,-0.05190171168520772,-51.90171168520772,2796.94428886472,-1.85204509296345
168,0,2.5367357914801687,1787085095.702674,0.01605733297765255,1667.3177137586804,2794.0453181809107,1667.3177137586804,False,1671.2681884765625,2800.045315892092,1671.2681884765625,False,0.973024718179908,0.9753301633373151,0.00230544515740716,-0.05874564925361295,-58.745649253612946,2796.937444927152,-2.096262105824042
169,0,2.5528589164605364,1787085095.718804,0.016070833196863532,1657.4707221137153,2794.0453181809107,1657.4707221137153,False,1659.5233425564234,2800.045315892092,1659.5233425564234,False,0.9672781431923115,0.9684760255223048,0.001197882329993294,-0.02566753174876484,-25.667531748764837,2796.9705230446566,-0.9159124946033699
170,0,2.56896710395813,1787085095.734887,0.016032792162150145,1661.1720540364586,2794.0453181809107,1661.1720540364586,False,1667.4142578125,2800.045315892092,1667.4142578125,False,0.9694381918868694,0.9730810600216485,0.003642868134779098,-0.09868869655007273,-98.68869655007273,2796.897501879855,-3.5215778100939454
171,0,2.584595436928794,1787085095.75007,0.015130958054214716,1661.3322998046874,2794.0453181809107,1661.3322998046874,False,1668.451185438368,2800.045315892092,1668.451185438368,False,0.9695317092124419,0.9736861973644639,0.004154488152022018,-0.113968576507501,-113.968576507501,2796.882221999898,-4.066820457732693
172,0,2.599600416375324,1787085095.7649002,0.01477358303964138,1666.8432644314234,2794.0453181809107,1666.8432644314234,False,1670.6663628472222,2800.045315892092,1670.6663628472222,False,0.9727478357842282,0.9749789458047776,0.0022311100205494316,-0.05652557980846887,-56.52557980846887,2796.939664996597,-2.0170418144614923
173,0,2.614435520488769,1787085095.779778,0.014779209159314632,1652.9323920355903,2794.0453181809107,1652.9323920355903,False,1660.061376953125,2800.045315892092,1660.061376953125,False,0.9646296333679182,0.9687900153293474,0.004160381961429205,-0.11414459913601167,-114.14459913601168,2796.882045977269,-4.0731015963464055
174,0,2.6299217080231756,1787085095.7958112,0.015926084015518427,1668.3215033637152,2794.0453181809107,1668.3215033637152,False,1669.256583658854,2800.045315892092,1669.256583658854,False,0.9736105166090203,0.9741562171873472,0.0005457005783269242,-0.006189679944628203,-6.189679944628203,2796.9900008964605,-0.22087068029646742
175,0,2.6452051874948665,1787085095.810345,0.014461125014349818,1661.221883138021,2794.0453181809107,1661.221883138021,False,1663.823898654514,2800.045315892092,1663.823898654514,False,0.9694672714960554,0.9709857735750189,0.001518502078963535,-0.03524305872412942,-35.24305872412942,2796.9609475176812,-1.2576027235273128
176,0,2.6595471664331853,1787085095.824509,0.014105666894465685,1672.235715060764,2794.0453181809107,1672.235715060764,False,1669.038859049479,2800.045315892092,1669.038859049479,False,0.9758947991437698,0.9740291559650441,-0.0018656431787256178,0.0658267422086956,65.82674220869559,2797.062017318614,2.348941700281744
177,0,2.6746503330068663,1787085095.840554,0.01598424999974668,1661.6672092013891,2794.0453181809107,1661.6672092013891,False,1663.0522406684026,2800.045315892092,1663.0522406684026,False,0.9697271579374523,0.9705354441097518,0.0008082861722994439,-0.014031977390439536,-14.031977390439536,2796.982158599015,-0.500712867200954
178,0,2.6904204783495516,1787085095.856044,0.015428374987095594,1667.9504503038193,2794.0453181809107,1667.9504503038193,False,1669.381920030382,2800.045315892092,1669.381920030382,False,0.9733939749169026,0.9742293618475265,0.0008353869306239048,-0.014841359979073519,-14.841359979073518,2796.981349216426,-0.529594632424833
179,0,2.70563681202475,1787085095.871079,0.01488595805130899,1662.9077501085067,2794.0453181809107,1662.9077501085067,False,1662.8575954861112,2800.045315892092,1662.8575954861112,False,0.9704511213168239,0.9704218517379554,-2.9269578868507118e-05,0.010982195050400507,10.982195050400508,2797.0071727714558,0.3918853500713855
180,0,2.7208613329567015,1787085095.886417,0.015187833923846483,1658.8932020399304,2794.0453181809107,1658.8932020399304,False,1660.859982638889,2800.045315892092,1660.859982638889,False,0.9681082837935302,0.9692560711181842,0.001147787324654037,-0.02417141032612094,-24.17141032612094,2796.972019166079,-0.8625253470639788
181,0,2.7372873533749953,1787085095.9039512,0.01738512492738664,1657.3685004340277,2794.0453181809107,1657.3685004340277,False,1659.7692626953126,2800.045315892092,1659.7692626953126,False,0.967218487962688,0.9686195412852953,0.0014010533226073152,-0.03173537169510492,-31.735371695104924,2796.9644552047102,-1.1324354729911834
182,0,2.754600082989782,1787085095.921016,0.01692791609093547,1660.807798936632,2794.0453181809107,1660.807798936632,False,1666.5642116970484,2800.045315892092,1666.5642116970484,False,0.9692256173949597,0.9725849842736961,0.0033593668787363917,-0.09022173862403854,-90.22173862403854,2796.905968837781,-3.2194454262074843
183,0,2.770743625005707,1787085095.936203,0.015090249944478273,1655.4560492621526,2794.0453181809107,1655.4560492621526,False,1660.0665120442707,2800.045315892092,1660.0665120442707,False,0.9661024065780839,0.9687930121010926,0.0026906055230087045,-0.07024872566267468,-70.24872566267467,2796.9259418507427,-2.5067344298699212
184,0,2.7868131869472563,1787085095.953194,0.01690970780327916,1664.8605495876734,2794.0453181809107,1664.8605495876734,False,1670.7764485677085,2800.045315892092,1670.7764485677085,False,0.9715907494436039,0.9750431903853204,0.0034524409417164836,-0.09300145884911853,-93.00145884911853,2796.9031891175564,-3.318636127930293
185,0,2.802914561936632,1787085095.968377,0.015116792172193527,1655.9172119140626,2794.0453181809107,1655.9172119140626,False,1661.0866672092016,2800.045315892092,1661.0866672092016,False,0.9663715350445464,0.9693883612560049,0.00301682621145849,-0.07999152850687145,-79.99152850687145,2796.9161990478983,-2.8543936806619845
186,0,2.817850999883376,1787085095.983089,0.014655750012025237,1662.8377685546875,2794.0453181809107,1662.8377685546875,False,1666.9797417534726,2800.045315892092,1666.9797417534726,False,0.9704102810011954,0.9728274821567995,0.002417201155604065,-0.06208331818645396,-62.083318186453965,2796.934107258219,-2.2153624816747772
187,0,2.8332197499694303,1787085095.9991019,0.015960749937221408,1658.3613932291669,2794.0453181809107,1658.3613932291669,False,1665.9367784288195,2800.045315892092,1665.9367784288195,False,0.9677979271566705,0.9722188224594496,0.004420895302779115,-0.12192500734714144,-121.92500734714145,2796.874265569058,-4.35073534638672
188,0,2.8491296659922227,1787085096.0149188,0.015765500022098422,1660.029177517361,2794.0453181809107,1660.029177517361,False,1664.7400987413196,2800.045315892092,1664.7400987413196,False,0.9687712241615626,0.9715204559117468,0.0027492317501842667,-0.07199963783070694,-71.99963783070694,2796.9241909385746,-2.569213453850519
189,0,2.8646244164556265,1787085096.030091,0.015116666909307241,1665.6635036892362,2794.0453181809107,1665.6635036892362,False,1669.9073838975696,2800.045315892092,1669.9073838975696,False,0.9720593429107862,0.9745360156586537,0.0024766727478674477,-0.06385947775808024,-63.85947775808024,2796.9323310986474,-2.2787424264230745
190,0,2.879362874547951,1787085096.044394,0.014246667036786675,1667.4535780164929,2794.0453181809107,1667.4535780164929,False,1668.356689453125,2800.045315892092,1668.356689453125,False,0.9731040067762432,0.9736310507486442,0.0005270439724009979,-0.0056324877133753625,-5.632487713375363,2796.990558088692,-0.20098800004907802
191,0,2.894331124960445,1787085096.060027,0.015574749791994691,1655.6663411458333,2794.0453181809107,1655.6663411458333,False,1656.7333251953125,2800.045315892092,1656.7333251953125,False,0.9662251301592978,0.9668478080361534,0.0006226778768556596,-0.008488659345990695,-8.488659345990696,2796.9877019170594,-0.30290677083894857
192,0,2.9093519368907437,1787085096.074442,0.01434720796532929,1661.892507595486,2794.0453181809107,1661.892507595486,False,1662.3129150390628,2800.045315892092,1662.3129150390628,False,0.9698586391210405,0.9701039833832237,0.00024534426218314476,0.0027806658207003053,2.7806658207003054,2796.998971242226,0.09922444407294838
193,0,2.9239117288962007,1787085096.089131,0.014618542045354843,1668.571880425347,2794.0453181809107,1668.571880425347,False,1666.2339328342016,2800.045315892092,1666.2339328342016,False,0.9737566333735832,0.972392237867423,-0.0013643955061601876,0.050856639383137954,50.85663938313795,2797.0470472157886,1.814753046786253
194,0,2.9383964164881036,1787085096.103414,0.01422516698949039,1664.1713650173613,2794.0453181809107,1664.1713650173613,False,1665.4632161458335,2800.045315892092,1665.4632161458335,False,0.9711885503805411,0.9719424577311553,0.0007539073506142024,-0.012407916877610989,-12.407916877610988,2796.9837826595276,-0.4427603795893159
195,0,2.953282770467922,1787085096.118904,0.015436124987900257,1663.9115288628468,2794.0453181809107,1663.9115288628468,False,1667.2815863715277,2800.045315892092,1667.2815863715277,False,0.9710369134136132,0.9730036347112848,0.001966721297671614,-0.0486294306909243,-48.629430690924295,2796.947561145714,-1.735278000675289
196,0,2.968358082929626,1787085096.133562,0.014612833969295025,1664.873708767361,2794.0453181809107,1664.873708767361,False,1671.245423719618,2800.045315892092,1671.245423719618,False,0.971598428968029,0.9753168781241685,0.0037184491561395028,-0.10094597518367722,-100.94597518367722,2796.8952446012217,-3.6021258629630752
197,0,2.9833687079371884,1787085096.148938,0.015330083901062608,1663.8319932725694,2794.0453181809107,1663.8319932725694,False,1668.7431125217015,2800.045315892092,1668.7431125217015,False,0.9709904974877964,0.9738565621759487,0.0028660646881523144,-0.07548893302452227,-75.48893302452227,2796.9207016433807,-2.6937244156623703
198,0,2.998884707922116,1787085096.164584,0.015590833965688944,1664.6923285590278,2794.0453181809107,1664.6923285590278,False,1669.80458984375,2800.045315892092,1669.80458984375,False,0.9714925778608041,0.9744760263990044,0.0029834485382003173,-0.07899468158248502,-78.99468158248501,2796.9171958948227,-2.818822494379283
199,0,3.013900415971875,1787085096.1789792,0.01433525001630187,1664.2138346354163,2794.0453181809107,1664.2138346354163,False,1665.9035753038195,2800.045315892092,1665.9035753038195,False,0.9712133350918161,0.9721994455518097,0.0009861104599936388,-0.01934282074665712,-19.34282074665712,2796.9768477556586,-0.6902234066035228
200,0,3.028223895467818,1787085096.193223,0.014187041204422712,1672.1725531684028,2794.0453181809107,1672.1725531684028,False,1670.1453396267364,2800.045315892092,1670.1453396267364,False,0.9758579386929946,0.9746748834967395,-0.0011830551962551672,0.045440787631043714,45.44078763104371,2797.041631364036,1.621495419320715
201,0,3.043240436934866,1787085096.209006,0.01573795801959932,1668.6524061414934,2794.0453181809107,1668.6524061414934,False,1670.0514702690973,2800.045315892092,1670.0514702690973,False,0.9738036271238524,0.9746201025725588,0.0008164754487064441,-0.014276555702897842,-14.276555702897841,2796.9819140207023,-0.5094403262524209
202,0,3.0585545619251207,1787085096.223852,0.014813457848504186,1663.848961046007,2794.0453181809107,1663.848961046007,False,1666.0045600043402,2800.045315892092,1666.0045600043402,False,0.9710003996575094,0.9722583788966388,0.0012579792391294031,-0.027462366834304936,-27.462366834304937,2796.968728209571,-0.9799588507816491
203,0,3.0739142284728587,1787085096.239726,0.01584412483498454,1667.064577907986,2794.0453181809107,1667.064577907986,False,1666.6174858940972,2800.045315892092,1666.6174858940972,False,0.9728769914222837,0.9726160743953578,-0.0002609170269258776,0.01790050371595185,17.900503715951853,2797.014091080121,0.6387561988278565
204,0,3.0891101454617456,1787085096.2542589,0.014490708941593766,1662.9564127604167,2794.0453181809107,1662.9564127604167,False,1665.1671875,2800.045315892092,1665.1671875,False,0.9704795202013136,0.971769699301668,0.0012901791003544494,-0.028424037600855392,-28.424037600855392,2796.9677665388044,-1.0142748216120252
205,0,3.10421985341236,1787085096.26993,0.01562962494790554,1666.4624348958332,2794.0453181809107,1666.4624348958332,False,1669.9162407769097,2800.045315892092,1669.9162407769097,False,0.9725255886693055,0.9745411844171049,0.0020155957477994146,-0.050089099401625904,-50.0890994016259,2796.9461014770036,-1.7873643805889916
206,0,3.1194084375165403,1787085096.284637,0.01467112498357892,1648.7431939019098,2794.0453181809107,1648.7431939019098,False,1654.8338161892364,2800.045315892092,1654.8338161892364,False,0.9621848723605902,0.9657392795295193,0.0035544071689290746,-0.09604674960986,-96.04674960986,2796.9001438267956,-3.4273033688930914
207,0,3.1340720624430105,1787085096.299276,0.014587375102564692,1664.2489230685762,2794.0453181809107,1664.2489230685762,False,1667.5133517795136,2800.045315892092,1667.5133517795136,False,0.9712338122405353,0.9731388899592369,0.001905077718701631,-0.04678840325833194,-46.78840325833194,2796.949402173147,-1.669583330657006
208,0,3.14926829142496,1787085096.315014,0.01567641692236066,1665.1694308810766,2794.0453181809107,1665.1694308810766,False,1662.3688530815973,2800.045315892092,1662.3688530815973,False,0.9717710085093983,0.9701366280901224,-0.0016343804192759936,0.05891992253018395,58.91992253018395,2797.0551104989354,2.102480821088494
209,0,3.164717082865536,1787085096.330173,0.015097083989530802,1661.82685546875,2794.0453181809107,1661.82685546875,False,1668.5881293402776,2800.045315892092,1668.5881293402776,False,0.9698203254021925,0.9737661160269135,0.003945790624721002,-0.10773568284208848,-107.73568284208848,2796.888454893563,-3.8444077520014446
210,0,3.1795001034624875,1787085096.3445702,0.014342375099658966,1654.2103298611114,2794.0453181809107,1654.2103298611114,False,1656.3893744574652,2800.045315892092,1656.3893744574652,False,0.965375421097676,0.9666470829032049,0.0012716618055288453,-0.02787100599041081,-27.87100599041081,2796.9683195704147,-0.9945406077080648
211,0,3.19383864547126,1787085096.358867,0.01423629093915224,1670.7818467881946,2794.0453181809107,1670.7818467881946,False,1671.3228542751735,2800.045315892092,1671.3228542751735,False,0.9750463407158925,0.9753620655793706,0.00031572486347808404,0.0006787012710847966,0.6787012710847966,2796.9968692776765,0.02421857233388512
212,0,3.208413749933243,1787085096.373708,0.014781250152736902,1669.0235107421875,2794.0453181809107,1669.0235107421875,False,1667.957777235243,2800.045315892092,1667.957777235243,False,0.9740201988945028,0.973398250817845,-0.000621948076657719,0.028682941687270678,28.682941687270677,2797.0248735180926,1.023513477279142
213,0,3.223156812018715,1787085096.38835,0.014591458020731807,1666.3814290364583,2794.0453181809107,1666.3814290364583,False,1667.7923800998262,2800.045315892092,1667.7923800998262,False,0.9724783147137548,0.9733017272220429,0.0008234125082881016,-0.014483735707770338,-14.483735707770338,2796.9817068406974,-0.5168332753272316
214,0,3.2375490204431117,1787085096.4025002,0.014104125089943409,1668.2130940755208,2794.0453181809107,1668.2130940755208,False,1673.2439507378472,2800.045315892092,1673.2439507378472,False,0.9735472503723438,0.976483192242132,0.0029359418697881834,-0.07757586260345728,-77.57586260345728,2796.9186147138016,-2.768193784022883
215,0,3.2520975205115974,1787085096.4174452,0.01489537488669157,1662.362060546875,2794.0453181809107,1662.362060546875,False,1663.0603488498266,2800.045315892092,1663.0603488498266,False,0.9701326640560758,0.9705401759379331,0.00040751188185728093,-0.00206258049119324,-2.06258049119324,2796.994127995914,-0.07360050282590778
216,0,3.2668523328611627,1787085096.432011,0.01452108402736485,1658.6480305989585,2794.0453181809107,1658.6480305989585,False,1664.222035047743,2800.045315892092,1664.222035047743,False,0.9679652049608104,0.9712181207447407,0.003252915783930277,-0.08704250424079518,-87.04250424079518,2796.9091480721645,-3.1059985812444757
217,0,3.2817046869313344,1787085096.4472058,0.01509604207240045,1661.9299994574653,2794.0453181809107,1661.9299994574653,False,1667.279136827257,2800.045315892092,1667.279136827257,False,0.9698805188792506,0.9730022051894223,0.003121686310171623,-0.08312324670917158,-83.12324670917158,2796.9130673296963,-2.96614497249399
218,0,3.296792374458164,1787085096.462116,0.014828667044639587,1662.027218967014,2794.0453181809107,1662.027218967014,False,1667.9551649305554,2800.045315892092,1667.9551649305554,False,0.9699372549080828,0.973396726311141,0.003459471403058245,-0.09321142836111371,-93.2114283611137,2796.9029791480443,-3.3261286169395414
219,0,3.313053603982553,1787085096.4797518,0.017563458066433668,1663.927183702257,2794.0453181809107,1663.927183702257,False,1666.5195312499995,2800.045315892092,1666.5195312499995,False,0.9710460493722728,0.9725589093516587,0.0015128599793858832,-0.03507455358095899,-35.07455358095899,2796.961116022824,-1.2515898366028757
220,0,3.329078041482717,1787085096.4941518,0.014324082992970943,1665.6405897352429,2794.0453181809107,1665.6405897352429,False,1672.3644829644097,2800.045315892092,1672.3644829644097,False,0.9720459706282015,0.9759699464010211,0.0039239757728195546,-0.10708416744568264,-107.08416744568264,2796.88910640896,-3.821159272255304
221,0,3.3435357704292983,1787085096.508667,0.014458790887147188,1658.821714952257,2794.0453181809107,1658.821714952257,False,1659.7268988715277,2800.045315892092,1659.7268988715277,False,0.968066564868119,0.9685948183141667,0.0005282534460476773,-0.0056686094668449115,-5.668609466844911,2796.9905219669386,-0.20227695785201655
222,0,3.3583626659819856,1787085096.523807,0.015089750057086349,1662.4701877170137,2794.0453181809107,1662.4701877170137,False,1662.2242730034723,2800.045315892092,1662.2242730034723,False,0.9701957656523603,0.9700522530555317,-0.00014351259682865436,0.014394140520815012,14.394140520815013,2797.010584716926,0.5136361875826082
223,0,3.373372499481775,1787085096.538684,0.014826833037659526,1659.6397298177085,2794.0453181809107,1659.6397298177085,False,1661.458566623264,2800.045315892092,1661.458566623264,False,0.9685439475992894,0.9696053968692976,0.0010614492700081746,-0.021592865573599497,-21.592865573599497,2796.974597710832,-0.7705133304881351
224,0,3.388440207927488,1787085096.55407,0.015212584054097533,1665.014577907986,2794.0453181809107,1665.014577907986,False,1667.1394314236109,2800.045315892092,1667.1394314236109,False,0.9716806383482363,0.9729206749508306,0.0012400366025943077,-0.026926497784744565,-26.926497784744566,2796.9692640786207,-0.9608370605461235
225,0,3.4047587498789653,1787085096.571115,0.016894750064238906,1662.8303249782984,2794.0453181809107,1662.8303249782984,False,1667.9611002604167,2800.045315892092,1667.9611002604167,False,0.9704059370277833,0.9734001900916899,0.002994253063906549,-0.07931736609486559,-79.31736609486559,2796.9168732103103,-2.830337071612389
226,0,3.4218233329011127,1787085096.5882728,0.017102333949878812,1670.9735866970484,2794.0453181809107,1670.9735866970484,False,1671.906306966146,2800.045315892092,1671.906306966146,False,0.9751582376082705,0.975702560906398,0.0005443232981274804,-0.006148546534272891,-6.148546534272891,2796.990042029871,-0.21940288803428815
227,0,3.4384076868882403,1787085096.604288,0.015969041967764497,1661.3550455729164,2794.0453181809107,1661.3550455729164,False,1666.7990261501739,2800.045315892092,1666.7990261501739,False,0.9695449833440235,0.9727220189043435,0.0031770355603200073,-0.0847762897284001,-84.7762897284001,2796.911414286677,-3.0251316631601517
228,0,3.4540903124725446,1787085096.6196969,0.01531012519262731,1667.5584635416667,2794.0453181809107,1667.5584635416667,False,1671.6835530598958,2800.045315892092,1671.6835530598958,False,0.973165216591104,0.9755725646524962,0.0024073480613922005,-0.061789048823074,-61.789048823074,2796.9344015275824,-2.2048618620851412
229,0,3.470157083007507,1787085096.6363819,0.01656183390878141,1664.7154405381941,2794.0453181809107,1664.7154405381941,False,1669.8886203342015,2800.045315892092,1669.8886203342015,False,0.9715060657082788,0.9745250654895242,0.003018999781245424,-0.08005644364760896,-80.05644364760896,2796.9161341327576,-2.8567100930491347
230,0,3.4870957704260945,1787085096.653536,0.01707120891660452,1669.8287841796878,2794.0453181809107,1669.8287841796878,False,1668.1532741970484,2800.045315892092,1668.1532741970484,False,0.9744901458956746,0.9735123402769782,-0.0009778056186964257,0.03931086933091326,39.31086933091326,2797.0355014457364,1.4027572555992456
231,0,3.5030569784576073,1787085096.668323,0.01473162486217916,1666.5782145182288,2794.0453181809107,1666.5782145182288,False,1670.2141737196184,2800.045315892092,1670.2141737196184,False,0.9725931561362153,0.9747150541692364,0.002121898033021097,-0.05326388948536961,-53.26388948536961,2796.94292668692,-1.9006526365033403
232,0,3.5194136248901486,1787085096.686311,0.017875750083476305,1664.02900390625,2794.0453181809107,1664.02900390625,False,1663.2699896918407,2800.045315892092,1663.2699896918407,False,0.9711054703059543,0.9706625195797816,-0.00044295072617273057,0.0233370640125711,23.3370640125711,2797.019527640418,0.8327527837771589
233,0,3.535915812011808,1787085096.7012448,0.014821208082139492,1662.6488308376734,2794.0453181809107,1662.6488308376734,False,1666.1299913194441,2800.045315892092,1666.1299913194441,False,0.9703000194311694,0.972331578964642,0.00203155953347256,-0.050565868723643964,-50.565868723643966,2796.945624707682,-1.804377273895374
234,0,3.550582520547323,1787085096.715664,0.01434662495739758,1659.4569390190973,2794.0453181809107,1659.4569390190973,False,1665.0069010416669,2800.045315892092,1665.0069010416669,False,0.968437273290106,0.9716761582298851,0.0032388849397790853,-0.08662346353264049,-86.62346353264049,2796.9095671128725,-3.0910456584584813
235,0,3.5658450620248914,1787085096.731775,0.01604179199784994,1663.3582573784722,2794.0453181809107,1663.3582573784722,False,1665.7693576388888,2800.045315892092,1665.7693576388888,False,0.970714031442338,0.972121117885453,0.0014070864431149355,-0.031915554944427174,-31.915554944427175,2796.9642750214607,-1.1388650779484433
236,0,3.581173020415008,1787085096.746312,0.014482709113508463,1668.1981418185762,2794.0453181809107,1668.1981418185762,False,1672.7101372612847,2800.045315892092,1672.7101372612847,False,0.9735385244315831,0.9761716657086426,0.002633141277059492,-0.0685325168546616,-68.5325168546616,2796.9276580595506,-2.4454937501663427
237,0,3.595541625050828,1787085096.760522,0.014154999982565641,1665.3145209418403,2794.0453181809107,1665.3145209418403,False,1666.2335123697915,2800.045315892092,1666.2335123697915,False,0.9718556811631586,0.9723919924899159,0.0005363113267573549,-0.005909263557391746,-5.909263557391746,2796.990281312848,-0.21086438614729325
238,0,3.6099263118812814,1787085096.775072,0.014501041965559125,1667.8333089192706,2794.0453181809107,1667.8333089192706,False,1666.508767361111,2800.045315892092,1666.508767361111,False,0.9733256127434865,0.9725526276874827,-0.000772985056003761,0.03319376385169027,33.19376385169027,2797.029384340257,1.1844763007311685
239,0,3.6250627079280093,1787085096.7907999,0.01568225002847612,1658.7502794053821,2794.0453181809107,1658.7502794053821,False,1665.3563991970489,2800.045315892092,1665.3563991970489,False,0.968024876021241,0.9718801207628437,0.0038552447416027036,-0.10503146842893346,-105.03146842893347,2796.8911591079764,-3.747911376995913
240,0,3.640395270427689,1787085096.8057501,0.01488837506622076,1666.0740939670136,2794.0453181809107,1666.0740939670136,False,1662.9353976779512,2800.045315892092,1662.9353976779512,False,0.9722989580039535,0.9704672560752116,-0.0018317019287419356,0.06481306368190433,64.81306368190432,2797.061003640087,2.312769900153594
241,0,3.6573637285036966,1787085096.8247209,0.018921625101938844,1663.7654459635419,2794.0453181809107,1663.7654459635419,False,1667.1639268663196,2800.045315892092,1667.1639268663196,False,0.9709516613523209,0.9729349701694572,0.0019833088171362645,-0.04912482824705827,-49.124828247058275,2796.9470657481584,-1.7529556182935437
242,0,3.6755191244883463,1787085096.842093,0.01729208300821483,1663.4675157335066,2794.0453181809107,1663.4675157335066,False,1664.3212348090278,2800.045315892092,1664.3212348090278,False,0.9707777931832701,0.9712760124224762,0.0004982192392061213,-0.004771617442121904,-4.7716174421219035,2796.991418958963,-0.1702689638210785
243,0,3.6926881454419345,1787085096.859008,0.016824291087687016,1663.299085828993,2794.0453181809107,1663.299085828993,False,1664.5789740668401,2800.045315892092,1664.5789740668401,False,0.9706794997032572,0.9714264256680306,0.0007469259647734372,-0.012199413038847518,-12.199413038847519,2796.983991163366,-0.4353201912235055
244,0,3.7085810203570873,1787085096.873895,0.014829040970653296,1666.419566514757,2794.0453181809107,1666.419566514757,False,1670.4148952907985,2800.045315892092,1670.4148952907985,False,0.972500571245169,0.9748321926417773,0.002331621396608363,-0.0595274204495226,-59.527420449522594,2796.9366631559556,-2.124158594402034
245,0,3.7236731244483963,1787085096.889195,0.015248332871124148,1660.8629421657984,2794.0453181809107,1660.8629421657984,False,1661.2999538845488,2800.045315892092,1661.2999538845488,False,0.9692577982592163,0.9695128325583001,0.0002550342990838006,0.002491266274875321,2.491266274875321,2796.99868184268,0.08889759759046964
246,0,3.739183687022887,1787085096.904968,0.015669042011722922,1659.899085828993,2794.0453181809107,1659.899085828993,False,1664.4732720269099,2800.045315892092,1664.4732720269099,False,0.9686953043609348,0.9713647393458824,0.0026694349849476495,-0.06961645313754887,-69.61645313754887,2796.9265741232675,-2.4841726069636336
247,0,3.7554950829362497,1787085096.921786,0.016672665951773524,1664.9949435763888,2794.0453181809107,1664.9949435763888,False,1666.596622721354,2800.045315892092,1666.596622721354,False,0.9716691800102055,0.9726038989217746,0.0009347189115690435,-0.017807977182509916,-17.807977182509916,2796.9783825992226,-0.6354545097955294
248,0,3.7725968540180475,1787085096.9390662,0.017133207991719246,1665.440492078993,2794.0453181809107,1665.440492078993,False,1669.0586100260414,2800.045315892092,1669.0586100260414,False,0.971929196264219,0.9740406823755445,0.0021114861113255,-0.052952930358922214,-52.95293035892222,2796.9432376460463,-1.8895564644205758
249,0,3.7890906664542854,1787085096.9548569,0.015731832943856716,1669.573619249132,2794.0453181809107,1669.573619249132,False,1666.4659776475696,2800.045315892092,1666.4659776475696,False,0.9743412349936943,0.9725276561726862,-0.0018135788210080772,0.06427180473718752,64.27180473718752,2797.0604623811423,2.2934557785179677
250,0,3.804914124426432,1787085096.970722,0.015800332883372903,1662.110101996528,2794.0453181809107,1662.110101996528,False,1659.3829508463543,2800.045315892092,1659.3829508463543,False,0.9699856243554709,0.968394094764299,-0.0015915295911718141,0.057640153390116515,57.64015339011652,2797.053830729795,2.056813923426938
251,0,3.820133478497155,1787085096.98528,0.014492125017568469,1664.9425754123263,2794.0453181809107,1664.9425754123263,False,1670.7308865017362,2800.045315892092,1670.7308865017362,False,0.971638618637494,0.9750166009620589,0.0033779823245648766,-0.09077770158097305,-90.77770158097304,2796.9054128748244,-3.239284241399267
252,0,3.8348761664237827,1787085097.0002089,0.014881332870572805,1666.9545871310766,2794.0453181809107,1666.9545871310766,False,1673.538614908854,2800.045315892092,1673.538614908854,False,0.9728128022495653,0.9766551543820323,0.003842352132466975,-0.10464642188405122,-104.64642188405122,2796.8915441545214,-3.7341714917232096
253,0,3.8494115410139784,1787085097.014357,0.01410575001500547,1663.1087565104167,2794.0453181809107,1663.1087565104167,False,1667.5856011284723,2800.045315892092,1667.5856011284723,False,0.9705684260128377,0.973181053730322,0.0026126277174843837,-0.06791986543907325,-67.91986543907325,2796.9282707109664,-2.423632081040296
254,0,3.8639507914194837,1787085097.029313,0.01488991710357368,1662.615234375,2794.0453181809107,1662.615234375,False,1665.1166069878473,2800.045315892092,1665.1166069878473,False,0.9702804129768298,0.9717401811791311,0.0014597682023013148,-0.033488931530925775,-33.488931530925775,2796.9627016448744,-1.1950089755540172
255,0,3.8787357909604907,1787085097.0438862,0.014509500004351139,1664.7930745442711,2794.0453181809107,1664.7930745442711,False,1667.5876166449657,2800.045315892092,1667.5876166449657,False,0.9715513718945328,0.9731822299592746,0.0016308580647418358,-0.03859864669436283,-38.598646694362834,2796.957591929711,-1.3773425169270208
256,0,3.893334270454943,1787085097.058562,0.014597041066735983,1666.041281467014,2794.0453181809107,1666.041281467014,False,1665.6567138671876,2800.045315892092,1665.6567138671876,False,0.9722798090599332,0.9720553804598203,-0.00022442860011284704,0.016810752019872706,16.810752019872705,2797.013001328425,0.5998698265726772
257,0,3.9078370415372774,1787085097.072844,0.014201916987076402,1660.612904188368,2794.0453181809107,1660.612904188368,False,1667.502294921875,2800.045315892092,1667.502294921875,False,0.9691118793797395,0.9731324373223466,0.004020557942607028,-0.10996865966772924,-109.96865966772924,2796.8862219167377,-3.92408862645337
258,0,3.9219334369990975,1787085097.08675,0.013855291996151209,1664.0129014756944,2794.0453181809107,1664.0129014756944,False,1661.8198676215277,2800.045315892092,1661.8198676215277,False,0.9710960731389813,0.9698162473863362,-0.0012798257526450696,0.048330906147163434,48.33090614716343,2797.0445214825527,1.7246255405068311
259,0,3.935962895397097,1787085097.100928,0.014130291063338518,1660.6686659071179,2794.0453181809107,1660.6686659071179,False,1666.6977973090277,2800.045315892092,1666.6977973090277,False,0.9691444211863934,0.9726629430822521,0.0035185218958586617,-0.09497501151073262,-94.97501151073263,2796.9012155648948,-3.3890597884218034
260,0,3.9501057289307937,1787085097.115028,0.014039458008483052,1659.3986707899305,2794.0453181809107,1659.3986707899305,False,1666.0414035373265,2800.045315892092,1666.0414035373265,False,0.9684032687168947,0.9722798802985642,0.003876611581669409,-0.10566960364703579,-105.66960364703579,2796.890520972758,-3.7706824024777257
261,0,3.964706103433855,1787085097.130126,0.015032374998554587,1657.7553005642362,2794.0453181809107,1657.7553005642362,False,1657.4123209635413,2800.045315892092,1657.4123209635413,False,0.9674442194382084,0.9672440610481464,-0.00020015839006193303,0.01608590568153357,16.08590568153357,2797.0122764820867,0.5740046275168987
262,0,3.9800903749419376,1787085097.145788,0.015600499929860234,1665.3665120442706,2794.0453181809107,1665.3665120442706,False,1668.0935031467016,2800.045315892092,1668.0935031467016,False,0.971886022487654,0.9734774586770653,0.001591436189411266,-0.0374212855621814,-37.421285562181396,2796.958769290843,-1.335329915864309
263,0,3.9965063330018893,1787085097.1629922,0.017121915938332677,1666.904310438368,2794.0453181809107,1666.904310438368,False,1669.633468967014,2800.045315892092,1669.633468967014,False,0.9727834614320654,0.9743761625029476,0.0015927010708821632,-0.03745906210802461,-37.45906210802461,2796.958731514297,-1.3366779227813521
264,0,4.012835311936215,1787085097.1784132,0.015342208091169596,1669.2666829427083,2794.0453181809107,1669.2666829427083,False,1672.2173611111114,2800.045315892092,1672.2173611111114,False,0.9741621109967544,0.9758840880198244,0.001721977023069976,-0.04131997638862072,-41.319976388620724,2796.954870600017,-1.4744496284834685
265,0,4.02786681195721,1787085097.193063,0.01458045793697238,1667.569957139757,2794.0453181809107,1667.569957139757,False,1667.4235894097224,2800.045315892092,1667.4235894097224,False,0.9731719241039856,0.9730865058192205,-8.541828476504865e-05,0.012659114359554007,12.659114359554007,2797.0088496907647,0.45172403509684583
266,0,4.0438171869609505,1787085097.210306,0.017173207830637693,1668.1563666449651,2794.0453181809107,1668.1563666449651,False,1664.614146592882,2800.045315892092,1664.614146592882,False,0.9735141449889643,0.9714469518922512,-0.0020671930967131047,0.07184616765822033,71.84616765822032,2797.0680367440636,2.5637370703047506
267,0,4.059981207945384,1787085097.225396,0.015024083899334073,1662.2791748046875,2794.0453181809107,1662.2791748046875,False,1659.8274820963538,2800.045315892092,1659.8274820963538,False,0.9700842930256071,0.9686535173630537,-0.0014307756625533408,0.052839127923575785,52.83912792357579,2797.049029704329,1.8854955724941402
268,0,4.074825874879025,1787085097.239997,0.014539499999955297,1668.2348198784723,2794.0453181809107,1668.2348198784723,False,1671.1341878255207,2800.045315892092,1671.1341878255207,False,0.9735599292655863,0.9752519623174135,0.0016920330518271909,-0.04042567931145769,-40.42567931145769,2796.955764897094,-1.4425378001519302
269,0,4.0897256039315835,1787085097.2551959,0.015132792061194777,1666.1991834852429,2794.0453181809107,1666.1991834852429,False,1663.2388210720487,2800.045315892092,1663.2388210720487,False,0.9723719586037899,0.9706443299826587,-0.001727628621131183,0.06170484353126515,61.704843531265155,2797.0578954199364,2.2018571057402636
270,0,4.104950061999261,1787085097.2704608,0.015186707954853773,1660.8646538628477,2794.0453181809107,1660.8646538628477,False,1666.5427707248261,2800.045315892092,1666.5427707248261,False,0.9692587971831318,0.9725724716039259,0.0033136744207941105,-0.08885710227521015,-88.85710227521015,2796.90733347413,-3.170750152555315
271,0,4.12004641641397,1787085097.285367,0.014834666857495904,1666.447062174479,2794.0453181809107,1666.447062174479,False,1673.3116102430554,2800.045315892092,1673.3116102430554,False,0.972516617351038,0.9765226774406902,0.004006060089652208,-0.10953567142386833,-109.53567142386834,2796.8866549049812,-3.908638003991876
272,0,4.134791624965146,1787085097.299955,0.014519250020384789,1671.7370361328128,2794.0453181809107,1671.7370361328128,False,1673.868248155382,2800.045315892092,1673.868248155382,False,0.9756037766713712,0.9768475240151016,0.0012437473437303392,-0.027037321593823035,-27.037321593823034,2796.9691532548113,-0.9647916640673364
273,0,4.150206833030097,1787085097.3161962,0.01617374992929399,1664.563723415799,2794.0453181809107,1664.563723415799,False,1665.9933702256944,2800.045315892092,1665.9933702256944,False,0.9714175255883943,0.9722518486887946,0.0008343231004002138,-0.014809587965537616,-14.809587965537617,2796.98138098844,-0.5284608894353988
274,0,4.165728311985731,1787085097.330993,0.014740792103111744,1664.41650390625,2794.0453181809107,1664.41650390625,False,1667.1886773003473,2800.045315892092,1667.1886773003473,False,0.9713316102162926,0.9729494141976684,0.0016178039813758982,-0.03820877761171691,-38.20877761171691,2796.9579817987938,-1.363430545665034
275,0,4.180341436876915,1787085097.345429,0.014388541923835874,1664.4687174479168,2794.0453181809107,1664.4687174479168,False,1673.1384955512153,2800.045315892092,1673.1384955512153,False,0.9713620813534047,0.9764216499803265,0.0050595686269218065,-0.14099942077119332,-140.99942077119331,2796.855191155634,-5.031380986696878
276,0,4.195058853481896,1787085097.360425,0.01494187512435019,1668.1984375,2794.0453181809107,1668.1984375,False,1667.680650499132,2800.045315892092,1667.680650499132,False,0.9735386969873783,0.9732365232946026,-0.00030217369277563133,0.019132662115510037,19.132662115510037,2797.015323238521,0.6827241691232528
277,0,4.209914290928282,1787085097.3751411,0.014663750072941184,1671.3744656032989,2794.0453181809107,1671.3744656032989,False,1670.8667100694445,2800.045315892092,1670.8667100694445,False,0.9753921852725698,0.9750958658121838,-0.00029631946038599644,0.018957821481559552,18.957821481559552,2797.015148397887,0.6764852084484567
278,0,4.224430145462975,1787085097.389455,0.014266209211200476,1664.0013102213543,2794.0453181809107,1664.0013102213543,False,1665.3954155815977,2800.045315892092,1665.3954155815977,False,0.9710893086351949,0.9719028902124014,0.000813581577206457,-0.014190128261355751,-14.190128261355751,2796.982000448144,-0.506356275383805
279,0,4.238834562478587,1787085097.403956,0.014452625066041946,1669.4282660590277,2794.0453181809107,1669.4282660590277,False,1674.8130777994793,2800.045315892092,1674.8130777994793,False,0.9742564087811071,0.9773989141854269,0.0031425054043198175,-0.08374502312269248,-83.74502312269249,2796.9124455532824,-2.988332255305898
280,0,4.254114354029298,1787085097.420011,0.01599995791912079,1660.2258138020832,2794.0453181809107,1660.2258138020832,False,1662.8663248697917,2800.045315892092,1662.8663248697917,False,0.9688859785145854,0.9704269460916142,0.0015409675770288178,-0.03591400611096392,-35.91400611096392,2796.9602765702944,-1.2815446085842106
281,0,4.2695835625054315,1787085097.434892,0.01482562511228025,1664.667306857639,2794.0453181809107,1664.667306857639,False,1666.5718315972222,2800.045315892092,1666.5718315972222,False,0.971477975524524,0.9725894311473531,0.001111455622829105,-0.02308633932845813,-23.08633932845813,2796.9731042370768,-0.8238059994454086
282,0,4.28452543693129,1787085097.449888,0.014946458162739873,1655.5099989149305,2794.0453181809107,1655.5099989149305,False,1658.0360649956597,2800.045315892092,1658.0360649956597,False,0.9661338908868373,0.9676080698726555,0.001474178985818142,-0.03391931938677281,-33.91931938677281,2796.9622712570185,-1.210366806550557
283,0,4.300601228955202,1787085097.467055,0.017119792057201266,1667.1466634114581,2794.0453181809107,1667.1466634114581,False,1668.687451171875,2800.045315892092,1668.687451171875,False,0.9729248954439488,0.9738240789432802,0.0008991834993313796,-0.01674668791522266,-16.74668791522266,2796.97944388849,-0.5975837823016936
284,0,4.316732666455209,1787085097.482166,0.015048167202621698,1660.949031575521,2794.0453181809107,1660.949031575521,False,1667.6449842664933,2800.045315892092,1667.6449842664933,False,0.9693080389079796,0.9732157089496968,0.003907670041717215,-0.10659718569073783,-106.59718569073783,2796.8895933907147,-3.8037819615593
285,0,4.331748478463851,1787085097.497056,0.014823875157162547,1665.3970024956598,2794.0453181809107,1665.3970024956598,False,1666.5435736762151,2800.045315892092,1666.5435736762151,False,0.9719038163146045,0.9725729401958101,0.0006691238812055467,-0.009875800871048543,-9.875800871048543,2796.986314775534,-0.3524051124410699
286,0,4.346644270466641,1787085097.5120032,0.014860709197819233,1660.6837890625,2794.0453181809107,1660.6837890625,False,1663.7104058159723,2800.045315892092,1663.7104058159723,False,0.9691532468612376,0.9709195406451303,0.0017662937838927029,-0.04264352660685194,-42.643526606851935,2796.9535470497985,-1.521678796990149
287,0,4.36361008300446,1787085097.530932,0.01885091606527567,1668.2885552300345,2794.0453181809107,1668.2885552300345,False,1672.5411431206599,2800.045315892092,1672.5411431206599,False,0.9735912885109651,0.9760730429478461,0.002481754436881034,-0.06401124585841184,-64.01124585841184,2796.9321793305467,-2.2841580737372196
288,0,4.3809611244359985,1787085097.54672,0.01573283295147121,1666.1517198350698,2794.0453181809107,1666.1517198350698,False,1671.0708577473956,2800.045315892092,1671.0708577473956,False,0.9723442594409655,0.9752150037156357,0.002870744274670267,-0.07562869206020278,-75.62869206020278,2796.9205618843453,-2.6987115351199966
289,0,4.396384811960161,1787085097.561787,0.01501495810225606,1668.7789713541667,2794.0453181809107,1668.7789713541667,False,1668.411550564236,2800.045315892092,1668.411550564236,False,0.9738774889195837,0.9736630669725093,-0.00021442194707443907,0.016511896517645726,16.511896517645727,2797.012702472923,0.5892055565817059
290,0,4.411279728985392,1787085097.576511,0.014661458088085055,1664.148120117187,2794.0453181809107,1664.148120117187,False,1660.206306966146,2800.045315892092,1660.206306966146,False,0.9711749849621121,0.9688745945813471,-0.002300390380765016,0.07881076323036673,78.81076323036673,2797.0750013396355,2.8122596071355526
291,0,4.425696520367637,1787085097.590664,0.014048208948224783,1669.4105984157984,2794.0453181809107,1669.4105984157984,False,1670.2828152126735,2800.045315892092,1670.2828152126735,False,0.9742460981765761,0.9747551124430041,0.0005090142664279096,-0.0050940182758011255,-5.094018275801125,2796.9910965581294,-0.18177341834859853
292,0,4.44136335386429,1787085097.607806,0.016994958044961095,1664.671511501736,2794.0453181809107,1664.671511501736,False,1660.8046576605898,2800.045315892092,1660.8046576605898,False,0.9714804292995926,0.9692237841875209,-0.002256645112071687,0.07750428101346367,77.50428101346367,2797.0736948574186,2.765639488062506
293,0,4.45741612452548,1787085097.622776,0.014823416946455836,1665.9494493272566,2794.0453181809107,1665.9494493272566,False,1666.9191243489586,2800.045315892092,1666.9191243489586,False,0.9722262170293502,0.9727921066357111,0.0005658896063609475,-0.006792639004907816,-6.792639004907816,2796.9893979374006,-0.24238649032642792
294,0,4.4728421659674495,1787085097.638624,0.01575474999845028,1663.9830050998262,2794.0453181809107,1663.9830050998262,False,1668.0681450737848,2800.045315892092,1668.0681450737848,False,0.9710786260067018,0.9734626600387795,0.002384034032077653,-0.061092759473079496,-61.0927594730795,2796.9350978169323,-2.1800156820253886
295,0,4.48866202053614,1787085097.654465,0.0157366250641644,1659.5508816189238,2794.0453181809107,1659.5508816189238,False,1662.4505886501738,2800.045315892092,1662.4505886501738,False,0.9684920969574652,0.9701843278943787,0.001692230936913508,-0.04043158928421557,-40.43158928421557,2796.955758987121,-1.4427486898449746
296,0,4.504000666434877,1787085097.669261,0.014708666829392314,1657.3762044270832,2794.0453181809107,1657.3762044270832,False,1662.1834011501737,2800.045315892092,1662.1834011501737,False,0.9672229839118461,0.9700284007787826,0.002805416866936472,-0.07367764457484137,-73.67764457484137,2796.9225129318306,-2.629090942579267
297,0,4.518792728893459,1787085097.684049,0.014719957951456308,1661.1003065321179,2794.0453181809107,1661.1003065321179,False,1664.118429904514,2800.045315892092,1664.118429904514,False,0.9693963209857117,0.9711576581439655,0.001761337158253773,-0.04249549360930642,-42.49549360930642,2796.953695082796,-1.5163964319621188
298,0,4.533134291530587,1787085097.6979468,0.013843917055055499,1660.9468804253472,2794.0453181809107,1660.9468804253472,False,1666.3537109375,2800.045315892092,1666.3537109375,False,0.9693067835249926,0.9724621387952692,0.0031553552702766607,-0.08412879311345182,-84.12879311345182,2796.912061783292,-3.0020265884046466
299,0,4.547284790896811,1787085097.712363,0.014353750040754676,1664.272824435764,2794.0453181809107,1664.272824435764,False,1667.702992078993,2800.045315892092,1667.702992078993,False,0.9712477607644909,0.9732495615471616,0.0020018007826706485,-0.04967710338098472,-49.677103380984725,2796.9465134730244,-1.7726628383166116
300,0,4.561912395525724,1787085097.727228,0.014763874933123589,1669.25908203125,2794.0453181809107,1669.25908203125,False,1668.2570448133679,2800.045315892092,1668.2570448133679,False,0.9741576752046625,0.9735728994456755,-0.0005847757589869662,0.027572765125357918,27.57276512535792,2797.023763341531,0.9838982702454295
301,0,4.577285145409405,1787085097.743089,0.015729709062725306,1669.0077175564238,2794.0453181809107,1669.0077175564238,False,1665.9143880208333,2800.045315892092,1665.9143880208333,False,0.9740109821987285,0.9722057557114381,-0.0018052264872904233,0.06402235660719081,64.02235660719082,2797.0602129330123,2.2845545463599346
302,0,4.592903645476326,1787085097.75843,0.015250124968588352,1673.6532253689238,2794.0453181809107,1673.6532253689238,False,1674.3732584635413,2800.045315892092,1674.3732584635413,False,0.9767220395411652,0.9771422413978295,0.0004202018566642485,-0.0024415752239602883,-2.4415752239602884,2796.993749001181,-0.0871244370525367
303,0,4.60786504088901,1787085097.7730181,0.01452849991619587,1665.0468180338544,2794.0453181809107,1665.0468180338544,False,1667.329039171007,2800.045315892092,1667.329039171007,False,0.9716994532622316,0.9730313275417869,0.0013318742795552785,-0.029669292500038965,-29.669292500038964,2796.9665212839054,-1.0587101234669913
304,0,4.6230184789747,1787085097.7887502,0.015680958051234484,1666.5953233506946,2794.0453181809107,1666.5953233506946,False,1664.7852376302083,2800.045315892092,1664.7852376302083,False,0.9726031406261245,0.9715467983744206,-0.0010563422517039234,0.04165641931756553,41.65641931756553,2797.0378469957227,1.4864551569214077
305,0,4.638596832868643,1787085097.804233,0.015375165967270732,1668.192076280382,2794.0453181809107,1668.192076280382,False,1672.1832356770833,2800.045315892092,1672.1832356770833,False,0.9735349846631614,0.97586417286475,0.0023291882015886722,-0.05945475142454143,-59.45475142454143,2796.9367358249806,-2.1215654947381326
306,0,4.65488468692638,1787085097.821298,0.016917542088776827,1662.9497667100695,2794.0453181809107,1662.9497667100695,False,1667.83115234375,2800.045315892092,1667.83115234375,False,0.9704756416536242,0.9733243541943385,0.002848712540714282,-0.07497069933365626,-74.97069933365626,2796.9212198770715,-2.675231920270349
307,0,4.672485937364399,1787085097.839405,0.017963374964892864,1666.1101399739582,2794.0453181809107,1666.1101399739582,False,1668.486691623264,2800.045315892092,1668.486691623264,False,0.9723199939801561,0.9737069183076095,0.0013869243274533538,-0.03131339964046361,-31.31339964046361,2796.9648771767647,-1.1173779489174853
308,0,4.689563583000563,1787085097.855424,0.015918249962851405,1666.4481906467013,2794.0453181809107,1666.4481906467013,False,1669.4976318359375,2800.045315892092,1669.4976318359375,False,0.9725172759126048,0.9742968897374191,0.0017796138248142856,-0.04304133869287355,-43.04133869287355,2796.9531492377123,-1.5358742039991988
309,0,4.705982249462977,1787085097.8722718,0.01678183302283287,1666.9632703993054,2794.0453181809107,1666.9632703993054,False,1668.9467393663194,2800.045315892092,1668.9467393663194,False,0.9728178696908524,0.9739753961279084,0.0011575264370560223,-0.02446227554518757,-24.46227554518757,2796.97172830086,-0.8729044941902502
310,0,4.7220607289345935,1787085097.887578,0.015241792192682624,1663.622029622396,2794.0453181809107,1663.622029622396,False,1665.954516601562,2800.045315892092,1665.954516601562,False,0.9708679654593461,0.9722291742240782,0.0013612087647321136,-0.030545386861104938,-30.545386861104937,2796.9656451895444,-1.089972411543853
311,0,4.737730436958373,1787085097.903604,0.015972542110830545,1666.1256944444444,2794.0453181809107,1666.1256944444444,False,1667.5946478949652,2800.045315892092,1667.5946478949652,False,0.9723290713648299,0.9731863333044216,0.0008572619395916803,-0.01549467200720039,-15.494672007200391,2796.980695904398,-0.552907222637753
312,0,4.7535873535089195,1787085097.919355,0.015652624890208244,1651.4367214626734,2794.0453181809107,1651.4367214626734,False,1661.7708387586804,2800.045315892092,1661.7708387586804,False,0.9637567796666151,0.9697876347859536,0.006030855119338541,-0.17000755279928909,-170.00755279928907,2796.826183023606,-6.066498458438805
313,0,4.769949562498368,1787085097.9362838,0.016788374865427613,1660.8263699001734,2794.0453181809107,1660.8263699001734,False,1663.8093505859374,2800.045315892092,1663.8093505859374,False,0.9692364551653601,0.9709772835132808,0.0017408283479207753,-0.04188298403306543,-41.88298403306543,2796.954307592372,-1.4945398241887464
314,0,4.786438228446059,1787085097.952301,0.015921375015750527,1665.023366970486,2794.0453181809107,1665.023366970486,False,1669.4351481119788,2800.045315892092,1669.4351481119788,False,0.9716857675296704,0.9742604250568163,0.0025746575271459182,-0.06678585986701022,-66.78585986701022,2796.929404716538,-2.3831665667645665
315,0,4.80221258290112,1787085097.967901,0.015485166106373072,1663.8421196831598,2794.0453181809107,1663.8421196831598,False,1669.671875,2800.045315892092,1669.671875,False,0.9709964071280105,0.9743985757593498,0.003402168631339353,-0.09150004209086764,-91.50004209086764,2796.9046905343143,-3.2650600232253653
316,0,4.818214603932574,1787085097.9842281,0.016226958017796278,1663.592396375868,2794.0453181809107,1663.592396375868,False,1668.1071424696179,2800.045315892092,1668.1071424696179,False,0.9708506718858935,0.973485418406772,0.0026347465208785836,-0.06858045855364027,-68.58045855364027,2796.9276101178516,-2.4472044873551337
317,0,4.834567936952226,1787085098.00063,0.016338791931048036,1662.3793212890625,2794.0453181809107,1662.3793212890625,False,1663.869970703125,2800.045315892092,1663.869970703125,False,0.9701427371985033,0.97101266061745,0.0008699234189466498,-0.015872815703903195,-15.872815703903195,2796.9803177607014,-0.5664007887490434
318,0,4.85040691588074,1787085098.015917,0.015226250048726797,1662.1467583550343,2794.0453181809107,1662.1467583550343,False,1662.9668321397571,2800.045315892092,1662.9668321397571,False,0.970007016524828,0.9704856008142421,0.0004785842894140524,-0.004185206305572308,-4.185206305572308,2796.9920053701,-0.1493436449319265
319,0,4.865659457980655,1787085098.031125,0.015149833867326379,1665.3921576605903,2794.0453181809107,1665.3921576605903,False,1670.85830078125,2800.045315892092,1670.85830078125,False,0.971900988932493,0.9750909582620462,0.0031899693295531772,-0.08516256554760065,-85.16256554760065,2796.9110280108575,-3.038915413488462
320,0,4.881506541394629,1787085098.047628,0.016439167084172368,1658.7144259982638,2794.0453181809107,1658.7144259982638,False,1661.3376491970484,2800.045315892092,1661.3376491970484,False,0.9680039524437672,0.9695348310475616,0.0015308786037943056,-0.035612692060063796,-35.61269206006379,2796.960577884345,-1.2707926084807235
321,0,4.897437936975621,1787085098.0629718,0.015276207821443677,1663.7387478298613,2794.0453181809107,1663.7387478298613,False,1667.5179389105901,2800.045315892092,1667.5179389105901,False,0.9709360806721745,0.973141566948683,0.002205486276508517,-0.05576030925647805,-55.760309256478045,2796.9404302671487,-1.9897341299057254
322,0,4.912451770389453,1787085098.0776598,0.014629290904849768,1664.0783745659724,2794.0453181809107,1664.0783745659724,False,1668.4059678819444,2800.045315892092,1668.4059678819444,False,0.9711342823745039,0.9736598089924502,0.00252552661794625,-0.06531853183161437,-65.31853183161438,2796.930872044574,-2.3308068738086773
323,0,4.927392895449884,1787085098.092855,0.015136040979996324,1664.3336724175347,2794.0453181809107,1664.3336724175347,False,1668.457191297743,2800.045315892092,1668.457191297743,False,0.9712832708474377,0.9736897023051106,0.0024064314576729418,-0.06176167382927629,-61.76167382927629,2796.934428902576,-2.203885021027558
324,0,4.942196499439888,1787085098.107264,0.014346583047881722,1662.9768500434025,2794.0453181809107,1662.9768500434025,False,1659.0224066840278,2800.045315892092,1659.0224066840278,False,0.9704914471312283,0.9681836859267726,-0.0023077612044556384,0.07903089789551726,79.03089789551726,2797.0752214743006,2.820114826417259
325,0,4.957018770510331,1787085098.122487,0.015173790976405144,1669.1278130425349,2794.0453181809107,1669.1278130425349,False,1668.2320475260417,2800.045315892092,1668.2320475260417,False,0.9740810683470154,0.9735583113571217,-0.0005227569898936801,0.025720532384427203,25.7205323844272,2797.02191110879,0.9178037533695119
326,0,4.971832228940912,1787085098.136905,0.014379457803443074,1669.6315863715276,2794.0453181809107,1669.6315863715276,False,1669.3778401692707,2800.045315892092,1669.3778401692707,False,0.9743750638449489,0.9742269808941694,-0.0001480829507795045,0.014530637251549437,14.530637251549436,2797.010721213657,0.5185068959302539
327,0,4.986649332917295,1787085098.152132,0.015173665946349502,1667.0170166015625,2794.0453181809107,1667.0170166015625,False,1669.3203450520832,2800.045315892092,1669.3203450520832,False,0.9728492352685542,0.9741934274989548,0.0013441922304006093,-0.0300371764840403,-30.037176484040298,2796.966153399921,-1.0718375850713782
328,0,5.0015171454288065,1787085098.166632,0.014433125033974648,1665.6398139105906,2794.0453181809107,1665.6398139105906,False,1672.0960530598957,2800.045315892092,1672.0960530598957,False,0.9720455178671247,0.975813294234469,0.0037677763673443776,-0.10241916591203633,-102.41916591203633,2796.893771410493,-3.6546947584940166
329,0,5.026472832891159,1787085098.191568,0.014405084075406194,1663.7205674913196,2794.0453181809107,1663.7205674913196,False,1664.7393120659722,2800.045315892092,1664.7393120659722,False,0.9709254708653933,0.9715199968183468,0.0005945259529535063,-0.0076478829820914775,-7.6478829820914775,2796.9885426934234,-0.2729047595664958
330,0,5.0410397704690695,1787085098.2062268,0.014612791128456593,1661.33701171875,2794.0453181809107,1661.33701171875,False,1664.9005099826386,2800.045315892092,1664.9005099826386,False,0.9695344590235997,0.9716140698052413,0.00207961078164165,-0.0520009519476838,-52.0009519476838,2796.9441896244575,-1.8555863526864047
331,0,5.0553877705242485,1787085098.22029,0.014011959079653025,1668.1658284505206,2794.0453181809107,1668.1658284505206,False,1669.6794867621527,2800.045315892092,1669.6794867621527,False,0.9735196667744094,0.9744030178837646,0.0008833511093552238,-0.016273842815106125,-16.273842815106125,2796.97991673359,-0.5807109197511463
332,0,5.06940274941735,1787085098.234237,0.01389433303847909,1658.7786214192706,2794.0453181809107,1658.7786214192706,False,1662.022802734375,2800.045315892092,1662.022802734375,False,0.968041416048285,0.9699346776527202,0.001893261604435259,-0.046435506965246336,-46.43550696524633,2796.94975506944,-1.6569906853142427
333,0,5.083749728393741,1787085098.2489998,0.014703124994412065,1661.4335069444446,2794.0453181809107,1661.4335069444446,False,1663.7289740668402,2800.045315892092,1663.7289740668402,False,0.9695907723698878,0.9709303768324501,0.001339604462562316,-0.029900159675707742,-29.90015967570774,2796.9662904167294,-1.0669483184309072
334,0,5.0984780204016715,1787085098.263673,0.014612209051847458,1666.249631076389,2794.0453181809107,1666.249631076389,False,1671.5735378689235,2800.045315892092,1671.5735378689235,False,0.9724013991553734,0.9755083612320514,0.0031069620766780437,-0.08268349745647528,-82.68349745647528,2796.913507078949,-2.95045309222364
335,0,5.112869561999105,1787085098.277796,0.014067792100831866,1667.78505859375,2794.0453181809107,1667.78505859375,False,1667.661319986979,2800.045315892092,1667.661319986979,False,0.9732974544872619,0.9732252422616088,-7.221222565312324e-05,0.012264706417839106,12.264706417839106,2797.008455282823,0.4376501005509244
336,0,5.127234666491859,1787085098.2923992,0.014540416887030005,1661.2914930555555,2794.0453181809107,1661.2914930555555,False,1658.8691134982641,2800.045315892092,1658.8691134982641,False,0.9695078949296293,0.9680942260370073,-0.0014136688926219554,0.052328222598918006,52.328222598918,2797.0485187990043,1.8672645803210821
337,0,5.141957457992248,1787085098.307243,0.014775249874219298,1663.7636555989582,2794.0453181809107,1663.7636555989582,False,1666.4375189887153,2800.045315892092,1666.4375189887153,False,0.9709506165190657,0.9725110480731722,0.0015604315541065672,-0.03649531103105842,-36.49531103105842,2796.959695265374,-1.3022877187788475
338,0,5.156774540897459,1787085098.322034,0.014724249951541424,1665.3811197916668,2794.0453181809107,1665.3811197916668,False,1666.557568359375,2800.045315892092,1666.557568359375,False,0.9718945473771674,0.9725811073090874,0.0006865599319200166,-0.010396540390359092,-10.39654039035909,2796.985794036015,-0.37098702506277087
339,0,5.171735478914343,1787085098.337155,0.015057042008265853,1665.7548529730902,2794.0453181809107,1665.7548529730902,False,1667.7200385199653,2800.045315892092,1667.7200385199653,False,0.9721126531530061,0.9732595096262145,0.0011468564732084463,-0.02414360981428117,-24.14360981428117,2796.972046966591,-0.8615333219483717
340,0,5.187163124443032,1787085098.3529012,0.01567841717042029,1662.097553168403,2794.0453181809107,1662.097553168403,False,1669.8402994791663,2800.045315892092,1669.8402994791663,False,0.969978301024201,0.9744968660732013,0.004518565049000278,-0.12484198077944415,-124.84198077944416,2796.871348595626,-4.4548237503370025
341,0,5.202778541482985,1787085098.3683689,0.015410082880407572,1668.679074435764,2794.0453181809107,1668.679074435764,False,1668.9444525824656,2800.045315892092,1668.9444525824656,False,0.973819190390111,0.9739740615908873,0.00015487120077628536,0.005482705363890166,5.482705363890166,2797.0016732817694,0.19564321167178728
342,0,5.218046311987564,1787085098.383449,0.015028541907668114,1666.1910454644099,2794.0453181809107,1666.1910454644099,False,1668.584033203125,2800.045315892092,1668.584033203125,False,0.9723672093617215,0.9737637255750725,0.0013965162133510178,-0.03159986783979536,-31.599867839795362,2796.9645907085655,-1.127600194112024
343,0,5.232716249418445,1787085098.3977091,0.014204582897946239,1663.3350124782985,2794.0453181809107,1663.3350124782985,False,1667.2088840060762,2800.045315892092,1667.2088840060762,False,0.9707004660239094,0.9729612065657246,0.0022607405418152426,-0.057410515488776015,-57.410515488776014,2796.9387800609165,-2.048619593518984
344,0,5.247522416408174,1787085098.4130628,0.01528758299537003,1666.4562581380208,2794.0453181809107,1666.4562581380208,False,1669.558032226562,2800.045315892092,1669.558032226562,False,0.9725219839945756,0.974332138612052,0.0018101546174764671,-0.04395346024784638,-43.95346024784638,2796.9522371161574,-1.5684220756439617
345,0,5.262565395561978,1787085098.4277818,0.014660459011793137,1665.7660183376734,2794.0453181809107,1665.7660183376734,False,1668.5038519965278,2800.045315892092,1668.5038519965278,False,0.9721191691131241,0.9737169328760513,0.0015977637629271957,-0.03761026285096348,-37.61026285096348,2796.958580313554,-1.3420733246846803
346,0,5.277024770504795,1787085098.441988,0.014155125012621284,1665.9946858723956,2794.0453181809107,1665.9946858723956,False,1667.4402804904516,2800.045315892092,1667.4402804904516,False,0.9722526164829288,0.9730962465147033,0.0008436300317744561,-0.015087545804124143,-15.087545804124144,2796.9811030306014,-0.5383794534728855
347,0,5.291341395466588,1787085098.456426,0.014380458975210786,1662.721199544271,2794.0453181809107,1662.721199544271,False,1663.2540852864581,2800.045315892092,1663.2540852864581,False,0.9703422528578051,0.9706532379776984,0.00031098511989335886,0.0008202569384995935,0.8202569384995935,2796.9970108333437,0.02926980225876368
348,0,5.306297458009794,1787085098.471891,0.015400500036776066,1664.7413953993055,2794.0453181809107,1664.7413953993055,False,1667.9101942274306,2800.045315892092,1667.9101942274306,False,0.9715212126243163,0.9733704819994701,0.0018492693751537281,-0.04512164910232716,-45.12164910232716,2796.951068927303,-1.6101073759037667
349,0,5.32165774947498,1787085098.4871511,0.015194916864857078,1660.0426866319444,2794.0453181809107,1660.0426866319444,False,1663.3783501519097,2800.045315892092,1663.3783501519097,False,0.9687791079033965,0.9707257573210053,0.0019466494176088034,-0.04802997033452072,-48.02997033452072,2796.948160606071,-1.7138870373437312
350,0,5.336478686891496,1787085098.501527,0.014314041938632727,1665.8223008897571,2794.0453181809107,1665.8223008897571,False,1669.4424289279516,2800.045315892092,1669.4424289279516,False,0.9721520148712707,0.9742646740453873,0.0021126591741166267,-0.05298796467741415,-52.98796467741415,2796.943202611728,-1.8908066185203452
351,0,5.351451686932705,1787085098.51709,0.015510792145505548,1660.6809678819445,2794.0453181809107,1660.6809678819445,False,1664.0047173394098,2800.045315892092,1664.0047173394098,False,0.9691516004573206,0.971091296984541,0.0019396965272203692,-0.047822317531831436,-47.82231753183144,2796.9483682588734,-1.706477217093614
352,0,5.366157103446312,1787085098.530941,0.013804875081405044,1663.456947157118,2794.0453181809107,1663.456947157118,False,1672.611705186632,2800.045315892092,1672.611705186632,False,0.9707716255009038,0.9761142220427422,0.00534259654183844,-0.14945224204240254,-149.45224204240253,2796.8467383343627,-5.333008922438001
353,0,5.380520540871657,1787085098.54582,0.014839499955996871,1661.1906819661453,2794.0453181809107,1661.1906819661453,False,1661.7671223958337,2800.045315892092,1661.7671223958337,False,0.969449062901964,0.9697854659654093,0.0003364030634452897,6.113275815348969e-05,0.061132758153489695,2796.9962517091635,0.002181442982924982
354,0,5.3947308119386435,1787085098.559358,0.0135045419447124,1667.7402777777775,2794.0453181809107,1667.7402777777775,False,1670.6667588975695,2800.045315892092,1670.6667588975695,False,0.973271320991239,0.9749791769345584,0.0017078559433193474,-0.04089824073288615,-40.89824073288615,2796.9552923356723,-1.4594005399973646
355,0,5.4086006039287895,1787085098.5735612,0.014168791938573122,1662.2123914930555,2794.0453181809107,1662.2123914930555,False,1662.602663845486,2800.045315892092,1662.602663845486,False,0.9700453191621115,0.9702730769809144,0.00022775781880290946,0.0033058969193117487,3.3058969193117487,2796.9994964733246,0.11796663286153827
356,0,5.422310291440226,1787085098.5867798,0.013180916896089911,1659.8629909939239,2794.0453181809107,1659.8629909939239,False,1662.6752685546876,2800.045315892092,1662.6752685546876,False,0.96867423988928,0.9703154481355698,0.0016412082462897715,-0.03890776190928796,-38.90776190928796,2796.957282814496,-1.3883728914247775
357,0,5.435788145521656,1787085098.600518,0.013696040958166122,1661.857777235243,2794.0453181809107,1661.857777235243,False,1666.6165635850696,2800.045315892092,1666.6165635850696,False,0.9698383709389725,0.9726155361479235,0.0027771652089509935,-0.07283388958467751,-72.83388958467751,2796.9233566868206,-2.5989826429017095
358,0,5.449328916380182,1787085098.6138592,0.013304166961461306,1660.8029513888891,2794.0453181809107,1660.8029513888891,False,1660.394813368055,2800.045315892092,1660.394813368055,False,0.9692227884297676,0.968984604441543,-0.00023818398822461617,0.017221566045970266,17.221566045970267,2797.013412142451,0.6145291909067323
359,0,5.463051770464517,1787085098.627959,0.014065124792978168,1665.149085828993,2794.0453181809107,1665.149085828993,False,1666.8001383463538,2800.045315892092,1666.8001383463538,False,0.9717591354042268,0.9727226679674259,0.0009635325631991432,-0.01866851649529063,-18.668516495290632,2796.97752205991,-0.666161736200779
360,0,5.476865853997879,1787085098.641485,0.013490292010828853,1662.0285753038195,2794.0453181809107,1662.0285753038195,False,1661.7396402994793,2800.045315892092,1661.7396402994793,False,0.9699380464484275,0.9697694277749435,-0.00016861867348405557,0.01514395058407995,15.14395058407995,2797.0113345269892,0.5403921847016825
361,0,5.49025756190531,1787085098.6547499,0.013230457901954651,1665.3331163194441,2794.0453181809107,1665.3331163194441,False,1666.9214952256946,2800.045315892092,1666.9214952256946,False,0.9718665331812851,0.9727934902482338,0.0009269570669486749,-0.0175761644112142,-17.5761644112142,2796.978614411994,-0.6271825724812375
362,0,5.503945187549107,1787085098.66886,0.014073624974116683,1656.8862141927086,2794.0453181809107,1656.8862141927086,False,1664.3540961371532,2800.045315892092,1664.3540961371532,False,0.9669370320468963,0.9712951898619494,0.00435815781505311,-0.12005130958517754,-120.05130958517753,2796.8761392668202,-4.283874878146501
363,0,5.518077728920616,1787085098.683022,0.01411254215054214,1663.2944498697914,2794.0453181809107,1663.2944498697914,False,1665.7295979817707,2800.045315892092,1665.7295979817707,False,0.9706767942183586,0.9720979146717865,0.0014211204534279043,-0.03233469021215783,-32.33469021215783,2796.963855886193,-1.1538213749699484
364,0,5.531838166411035,1787085098.696366,0.013292582938447595,1667.8402994791668,2794.0453181809107,1667.8402994791668,False,1673.5884657118054,2800.045315892092,1673.5884657118054,False,0.9733296923424236,0.9766842466558638,0.003354554313440228,-0.09007800808665858,-90.07800808665858,2796.906112568319,-3.214316588875913
365,0,5.545010020490736,1787085098.709366,0.012955875135958195,1661.8950005425347,2794.0453181809107,1661.8950005425347,False,1666.5179850260417,2800.045315892092,1666.5179850260417,False,0.9698600939721943,0.9725580069956659,0.0026979130234715543,-0.07046696913653816,-70.46696913653815,2796.9257236072685,-2.5145221644496916
366,0,5.558597833034582,1787085098.723548,0.01414049998857081,1669.4705376519098,2794.0453181809107,1669.4705376519098,False,1667.4592475043403,2800.045315892092,1667.4592475043403,False,0.9742810779274922,0.9731073154148844,-0.0011737625126078122,0.045163255310515835,45.16325531051584,2797.0413538317157,1.611592039341844
367,0,5.57235195802059,1787085098.736871,0.013283415930345654,1662.329087999132,2794.0453181809107,1662.329087999132,False,1662.6965684678817,2800.045315892092,1662.6965684678817,False,0.9701134217102946,0.9703278784851438,0.00021445677484921433,0.003703141647960511,3.703141647960511,2796.999893718053,0.1321417944604807
368,0,5.58571127045434,1787085098.750278,0.013359208824113011,1664.8591579861113,2794.0453181809107,1664.8591579861113,False,1668.7821641710066,2800.045315892092,1668.7821641710066,False,0.9715899373232104,0.973879352205555,0.002289414882344576,-0.05826689418073521,-58.266894180735214,2796.9379236822247,-2.0791783535803314
369,0,5.599326540948823,1787085098.764095,0.013757249806076288,1663.4875840928821,2794.0453181809107,1663.4875840928821,False,1659.1670871310762,2800.045315892092,1659.1670871310762,False,0.9707895048142116,0.9682681195353486,-0.00252138527886292,0.0854109262426297,85.4109262426297,2797.081601502648,3.0477778419436805
370,0,5.613477375009097,1787085098.7785668,0.014415249926969409,1666.5166097005208,2794.0453181809107,1666.5166097005208,False,1668.121177842882,2800.045315892092,1668.121177842882,False,0.9725572043737563,0.9734936092662597,0.0009364048925034618,-0.017858330150377067,-17.858330150377068,2796.978332246255,-0.6372512899791988
371,0,5.628631207975559,1787085098.794409,0.015794500010088086,1666.2237711588543,2794.0453181809107,1666.2237711588543,False,1669.2370985243056,2800.045315892092,1669.2370985243056,False,0.97238630764716,0.9741448459187545,0.0017585382715944453,-0.04241190295466503,-42.41190295466503,2796.9537786734504,-1.5134136081453406
372,0,5.644446895457804,1787085098.8102012,0.015748875215649605,1668.988582356771,2794.0453181809107,1668.988582356771,False,1665.595787217882,2800.045315892092,1665.595787217882,False,0.9739998151475445,0.9720198244675333,-0.001979990680011201,0.0692418081447221,69.2418081447221,2797.06543238455,2.470803887550746
373,0,5.659966145409271,1787085098.8254468,0.015202375128865242,1665.589035373264,2794.0453181809107,1665.589035373264,False,1669.5346869574653,2800.045315892092,1669.5346869574653,False,0.9720158841796972,0.9743185146196381,0.0023026304399409447,-0.05866158580115146,-58.66158580115146,2796.9375289906043,-2.093262410831839
374,0,5.675098186940886,1787085098.840468,0.014971458120271564,1662.6737196180559,2794.0453181809107,1662.6737196180559,False,1663.6758219401042,2800.045315892092,1663.6758219401042,False,0.9703145441964962,0.9708993579494194,0.0005848137529231856,-0.00735782151931769,-7.35782151931769,2796.988832754886,-0.26255429343839887
375,0,5.690017104032449,1787085098.855277,0.0147599580232054,1657.6834282769098,2794.0453181809107,1657.6834282769098,False,1664.5249348958332,2800.045315892092,1664.5249348958332,False,0.9674022757153391,0.9713948891176144,0.003992613402275302,-0.1091340769552793,-109.1340769552793,2796.88705649945,-3.8943076275791926
376,0,5.705500207957812,1787085098.871438,0.016117166029289365,1661.3845947265625,2794.0453181809107,1661.3845947265625,False,1672.8140733506946,2800.045315892092,1672.8140733506946,False,0.9695622278419747,0.9762323214452621,0.006670093603287408,-0.18909884510552713,-189.09884510552712,2796.8070917313,-6.7477463997119305
377,0,5.722100937040523,1787085098.888479,0.01699854200705886,1664.5728434244793,2794.0453181809107,1664.5728434244793,False,1667.9285725911457,2800.045315892092,1667.9285725911457,False,0.9714228479056725,0.9733812073711415,0.001958359465469073,-0.04837969888221298,-48.379698882212985,2796.947810877523,-1.7263666458111968
378,0,5.73807197844144,1787085098.90338,0.014858625130727887,1668.5080349392363,2794.0453181809107,1668.5080349392363,False,1670.738050672743,2800.045315892092,1670.738050672743,False,0.9737193739864747,0.9750207818781599,0.0013014078916852023,-0.02875939309481264,-28.75939309481264,2796.9674311833105,-1.0262415463464403
379,0,5.753058832953684,1787085098.918454,0.015027084155008197,1669.8148952907989,2794.0453181809107,1669.8148952907989,False,1672.5671006944442,2800.045315892092,1672.5671006944442,False,0.9744820405225442,0.9760881914469641,0.0016061509244199579,-0.03786075113616308,-37.86075113616308,2796.958329825269,-1.3510116734285997
380,0,5.768419666448608,1787085098.934148,0.015593333169817924,1663.124085828993,2794.0453181809107,1663.124085828993,False,1666.4926296657989,2800.045315892092,1666.4926296657989,False,0.9705773720018142,0.972543209940461,0.0019658379386467972,-0.048603048572548144,-48.60304857254815,2796.9475875278326,-1.7343365890860742
381,0,5.784366749459878,1787085098.9503229,0.016039417125284672,1668.2044406467016,2794.0453181809107,1668.2044406467016,False,1668.5570014105901,2800.045315892092,1668.5570014105901,False,0.9735422003449444,0.9737479501760012,0.00020574983105681177,0.003963180449141383,3.963180449141383,2797.0001537568546,0.1414209409485221
382,0,5.800496645388193,1787085098.966391,0.01592279109172523,1664.4611002604172,2794.0453181809107,1664.4611002604172,False,1667.0297444661458,2800.045315892092,1667.0297444661458,False,0.9713576360628288,0.9728566630831494,0.0014990270203206757,-0.03466142284555222,-34.661422845552224,2796.9615291535597,-1.2368478035095711
383,0,5.816798353916965,1787085098.982892,0.01641745795495808,1661.3336018880207,2794.0453181809107,1661.3336018880207,False,1667.6684244791668,2800.045315892092,1667.6684244791668,False,0.9695324690911729,0.9732293883499349,0.0036969192587620325,-0.10030297014803317,-100.30297014803317,2796.8958876062575,-3.579181064374578
384,0,5.832472478970885,1787085098.9977732,0.014815541915595531,1662.7913899739583,2794.0453181809107,1662.7913899739583,False,1668.2025092230901,2800.045315892092,1668.2025092230901,False,0.9703832150706465,0.9735410731914932,0.0031578581208466794,-0.0842035424488421,-84.2035424488421,2796.9119870339564,-3.00469392124044
385,0,5.846748853451572,1787085099.011437,0.01359337498433888,1660.649245876736,2794.0453181809107,1660.649245876736,False,1664.4487765842016,2800.045315892092,1664.4487765842016,False,0.969133087911737,0.971350444127256,0.002217356215518995,-0.05611481306217255,-56.11481306217255,2796.940075763343,-2.002384137245666
386,0,5.860299374558963,1787085099.024874,0.013371167005971074,1668.5931667751738,2794.0453181809107,1668.5931667751738,False,1669.654060872396,2800.045315892092,1669.654060872396,False,0.9737690558077543,0.9743881796684618,0.0006191238607075045,-0.008382516235321928,-8.382516235321928,2796.9878080601698,-0.2991191919541082
387,0,5.875115562463179,1787085099.0410812,0.016138624865561724,1661.4688530815972,2794.0453181809107,1661.4688530815972,False,1666.2358561197914,2800.045315892092,1666.2358561197914,False,0.9696113999112723,0.9723933602716316,0.00278196036035927,-0.07297710004444607,-72.97710004444608,2796.923213476361,-2.6040929219399827
388,0,5.890689707943238,1787085099.056,0.014840749790892005,1660.5858859592013,2794.0453181809107,1660.5858859592013,False,1666.3747124565973,2800.045315892092,1666.3747124565973,False,0.9690961118960717,0.9724743950059676,0.003378283109895852,-0.09078668473955825,-90.78668473955825,2796.9054038916656,-3.2396047937324526
389,0,5.905373207991943,1787085099.070465,0.014394416008144617,1666.2496663411457,2794.0453181809107,1666.2496663411457,False,1668.1148383246527,2800.045315892092,1668.1148383246527,False,0.9724014197354222,0.9734899096066884,0.0010884898712661961,-0.022400451530509145,-22.400451530509145,2796.973790124875,-0.7993309852451165
390,0,5.919967103516683,1787085099.085174,0.014641874935477972,1663.4330050998265,2794.0453181809107,1663.4330050998265,False,1666.5203314887153,2800.045315892092,1666.5203314887153,False,0.970757653230738,0.9725593763604623,0.0018017231297242642,-0.04370164812874585,-43.70164812874585,2796.9524889282766,-1.5594364876086872
391,0,5.934865603921935,1787085099.100269,0.015035707969218493,1668.6921468098958,2794.0453181809107,1668.6921468098958,False,1669.897781032986,2800.045315892092,1669.897781032986,False,0.9738268192559537,0.9745304115530126,0.0007035922970588526,-0.010905223565257095,-10.905223565257096,2796.98528535284,-0.38913872271114386
392,0,5.949586270493455,1787085099.1146162,0.014284209115430713,1656.7848090277778,2794.0453181809107,1656.7848090277778,False,1664.859695095486,2800.045315892092,1664.859695095486,False,0.96687785332456,0.9715902507731867,0.004712397448626726,-0.13063091729157078,-130.63091729157077,2796.865559659114,-4.6613944223369534
393,0,5.9641939994180575,1787085099.129489,0.014810167020186782,1659.9003797743057,2794.0453181809107,1659.9003797743057,False,1665.423961046007,2800.045315892092,1665.423961046007,False,0.9686960594904238,0.971919548970497,0.0032234894800732272,-0.08616366765236468,-86.16366765236468,2796.910026908753,-3.074638440349867
394,0,5.979920311947353,1787085099.146055,0.01650870800949633,1658.6582845052078,2794.0453181809107,1658.6582845052078,False,1663.1707926432293,2800.045315892092,1663.1707926432293,False,0.9679711890058165,0.9706046294851266,0.002633440479310134,-0.06854145273347541,-68.54145273347541,2796.927649123672,-2.445812615382365
395,0,5.99590568698477,1787085099.16147,0.015360708115622401,1666.5329074435763,2794.0453181809107,1666.5329074435763,False,1668.130672200521,2800.045315892092,1668.130672200521,False,0.9725667155225389,0.9734991500486733,0.0009324345261343403,-0.017739752457044983,-17.739752457044982,2796.978450823948,-0.63301999918088
396,0,6.011663666460663,1787085099.1775832,0.016040666960179806,1657.1517578125,2794.0453181809107,1657.1517578125,False,1659.9345703125,2800.045315892092,1659.9345703125,False,0.9670919998155942,0.9687160126394345,0.0016240128238402818,-0.03839420891685155,-38.394208916851554,2796.9577963674883,-1.3700474206698383
397,0,6.027898332918994,1787085099.193917,0.0162619159091264,1664.146853298611,2794.0453181809107,1664.146853298611,False,1663.4892849392359,2800.045315892092,1663.4892849392359,False,0.9711742456634302,0.9707904974058036,-0.0003837482576266593,0.021568942003893164,21.568942003893163,2797.017759518409,0.7696596490113176
398,0,6.0442985204281285,1787085099.2103932,0.016406791051849723,1660.9022922092013,2794.0453181809107,1660.9022922092013,False,1662.9992133246528,2800.045315892092,1662.9992133246528,False,0.9692807624276987,0.970504498048433,0.0012237356207343009,-0.02643965786915374,-26.43965786915374,2796.969750918536,-0.9434648112030309
399,0,6.060836978955194,1787085099.226984,0.016529708169400692,1669.6249430338546,2794.0453181809107,1669.6249430338546,False,1667.8430230034724,2800.045315892092,1667.8430230034724,False,0.9743711868803405,0.9733312817554359,-0.0010399051249045943,0.04116551334071919,41.16551334071919,2797.037356089746,1.4689378154695685
400,0,6.078062936896458,1787085099.244857,0.01781870797276497,1667.1569227430555,2794.0453181809107,1667.1569227430555,False,1668.404172092014,2800.045315892092,1668.404172092014,False,0.9729308826551167,0.9736587609930338,0.0007278783379170983,-0.011630542701429592,-11.630542701429592,2796.984560033704,-0.4150207929428202
401,0,6.09453041641973,1787085099.259907,0.015002583153545856,1669.8489176432292,2794.0453181809107,1669.8489176432292,False,1666.8439670138887,2800.045315892092,1666.8439670138887,False,0.9745018955205522,0.9727482458021267,-0.0017536497184255095,0.062481981308556395,62.48198130855639,2797.0586725577136,2.229588256799757
402,0,6.109666228410788,1787085099.27514,0.015187625074759126,1667.370054796007,2794.0453181809107,1667.370054796007,False,1670.4724392361109,2800.045315892092,1670.4724392361109,False,0.9730552637218126,0.9748657745324443,0.0018105108106316603,-0.04396409819880526,-43.96409819880526,2796.9522264782063,-1.5688016770912523
403,0,6.125062041450292,1787085099.29069,0.015498832799494267,1669.4787543402774,2794.0453181809107,1669.4787543402774,False,1669.8079644097222,2800.045315892092,1669.8079644097222,False,0.9742858730789005,0.9744779957513823,0.00019212267248180925,0.004370164812866959,4.370164812866959,2797.000560741218,0.15594364876059658
404,0,6.140662291436456,1787085099.3063638,0.015603833133354783,1662.4643446180555,2794.0453181809107,1662.4643446180555,False,1665.3778076171875,2800.045315892092,1665.3778076171875,False,0.9701923556965553,0.9718926144356453,0.001700258739090077,-0.04067134505890355,-40.671345058903555,2796.9555192313464,-1.451304062906921
405,0,6.155872311908752,1787085099.321095,0.014668208081275225,1662.133189561632,2794.0453181809107,1662.133189561632,False,1666.8219563802081,2800.045315892092,1666.8219563802081,False,0.9699990979552193,0.9727354006854119,0.0027363027301925413,-0.07161350385083384,-71.61350385083384,2796.9245770725543,-2.5554347648741738
406,0,6.170853561954573,1787085099.336315,0.015165207907557487,1662.0813449435766,2794.0453181809107,1662.0813449435766,False,1664.1549723307294,2800.045315892092,1664.1549723307294,False,0.969968842117081,0.9711789838239342,0.001210141706853185,-0.02603366638083313,-26.03366638083313,2796.9701569100243,-0.9289775328587329
407,0,6.186694957897998,1787085099.352788,0.016421084059402347,1666.590087890625,2794.0453181809107,1666.590087890625,False,1673.5752604166669,2800.045315892092,1673.5752604166669,False,0.9726000852803937,0.9766765402190675,0.0040764549386738125,-0.11163806149153586,-111.63806149153586,2796.8845525149136,-3.9836590597893187
408,0,6.203077436890453,1787085099.369075,0.016233291942626238,1657.0722764756945,2794.0453181809107,1657.0722764756945,False,1666.053586154514,2800.045315892092,1666.053586154514,False,0.9670456155513911,0.9722869899139409,0.005241374362549789,-0.1464291727792124,-146.42917277921242,2796.849761403626,-5.225134626720397
409,0,6.219241665909067,1787085099.3851259,0.01598874991759658,1663.4013644748266,2794.0453181809107,1663.4013644748266,False,1668.345751953125,2800.045315892092,1668.345751953125,False,0.9707391881775754,0.973624667767304,0.0028854795897286234,-0.0760687722713718,-76.06877227137181,2796.920121804134,-2.714415225213096
410,0,6.234983270405792,1787085099.400542,0.015358125092461705,1663.0384684244793,2794.0453181809107,1663.0384684244793,False,1671.1369683159724,2800.045315892092,1671.1369683159724,False,0.9705274068090912,0.9752535849751205,0.004726178166029271,-0.1310424877941732,-131.0424877941732,2796.865148088611,-4.676080780551428
411,0,6.2500809783814475,1787085099.415336,0.014733874937519431,1661.6373128255207,2794.0453181809107,1661.6373128255207,False,1668.8031873914929,2800.045315892092,1668.8031873914929,False,0.9697097108051728,0.973891621080899,0.0041819102757262305,-0.11478755689188101,-114.78755689188101,2796.8814030195135,-4.096044707817621
412,0,6.264987875008956,1787085099.430337,0.014942999929189682,1664.0931667751734,2794.0453181809107,1664.0931667751734,False,1669.7611572265625,2800.045315892092,1669.7611572265625,False,0.9711429149135037,0.9744506796940844,0.003307764780580702,-0.08868060684889927,-88.68060684889926,2796.9075099695565,-3.164452142766888
413,0,6.280264686909504,1787085099.4459,0.015515708131715655,1666.2990424262152,2794.0453181809107,1666.2990424262152,False,1671.3795301649309,2800.045315892092,1671.3795301649309,False,0.972430234970133,0.9753951408842171,0.0029649059140840484,-0.07844089349553889,-78.44089349553889,2796.9177496829097,-2.7990612865950215
414,0,6.2969184999819845,1787085099.4636438,0.017692749854177237,1663.9188937717015,2794.0453181809107,1663.9188937717015,False,1668.9835259331599,2800.045315892092,1668.9835259331599,False,0.9710412114776856,0.9739968642851392,0.0029556528074535793,-0.0781645431695513,-78.16454316955131,2796.918026033236,-2.789200084554357
415,0,6.312727437005378,1787085099.4775229,0.013825292000547051,1665.9304551866321,2794.0453181809107,1665.9304551866321,False,1664.8049994574653,2800.045315892092,1664.8049994574653,False,0.9722151322983623,0.9715583311172439,-0.0006568011811184382,0.029723853368508982,29.723853368508983,2797.025914429774,1.060657057112082
416,0,6.327246728469618,1787085099.492683,0.015102375065907836,1661.1522569444446,2794.0453181809107,1661.1522569444446,False,1662.199468315972,2800.045315892092,1662.199468315972,False,0.9694266385639971,0.9700377773657064,0.0006111388017092656,-0.00814403701474026,-8.14403701474026,2796.988046539391,-0.29060937106552454
417,0,6.342944707954302,1787085099.5089111,0.016173250041902065,1661.9304090711805,2794.0453181809107,1661.9304090711805,False,1671.9009467230903,2800.045315892092,1671.9009467230903,False,0.9698807579244347,0.9756994327389553,0.005818674814520586,-0.1636706436134049,-163.67064361340488,2796.832519932792,-5.840374094112364
418,0,6.358810645411722,1787085099.524416,0.015452291117981076,1661.1446478949656,2794.0453181809107,1661.1446478949656,False,1658.4045844184027,2800.045315892092,1658.4045844184027,False,0.969422198022663,0.967823132967409,-0.0015990650552540897,0.057865205152596744,57.865205152596744,2797.054055781558,2.064844602933084
419,0,6.374716937425546,1787085099.540722,0.016249125124886632,1668.5267252604167,2794.0453181809107,1668.5267252604167,False,1666.9645209418402,2800.045315892092,1666.9645209418402,False,0.9737302814124255,0.9728185994910503,-0.0009116819213751404,0.037336040115169666,37.336040115169666,2797.0335266165202,1.332288042933545
420,0,6.390963749377988,1787085099.556919,0.016138667007908225,1658.2756863064235,2794.0453181809107,1658.2756863064235,False,1658.5493055555555,2800.045315892092,1658.5493055555555,False,0.9677479097222845,0.9679075903221955,0.00015968059991100514,0.0053390693860762145,5.339069386076215,2797.0015296457914,0.19051774857537163
421,0,6.407381311990321,1787085099.573555,0.01658270787447691,1664.7760281032984,2794.0453181809107,1664.7760281032984,False,1669.283957248264,2800.045315892092,1669.283957248264,False,0.9715414238154795,0.9741721920545855,0.0026307682391060183,-0.06846164446139813,-68.46164446139812,2796.927728931944,-2.4429647609691023
422,0,6.423816957976669,1787085099.5897758,0.01616958389058709,1663.2215901692707,2794.0453181809107,1663.2215901692707,False,1664.3457573784722,2800.045315892092,1664.3457573784722,False,0.9706342742541186,0.9712903234719096,0.0006560492177909438,-0.009485317151245112,-9.485317151245113,2796.986705259254,-0.33847120865133856
423,0,6.43963268736843,1787085099.605218,0.015373375033959746,1663.1465440538195,2794.0453181809107,1663.1465440538195,False,1670.9002387152782,2800.045315892092,1670.9002387152782,False,0.9705904783268429,0.9751154326895066,0.004524954362663758,-0.12503280197974517,-125.03280197974517,2796.8711577744257,-4.461632956742263
424,0,6.454890791443177,1787085099.620285,0.014976583188399673,1661.3412814670137,2794.0453181809107,1661.3412814670137,False,1663.203187391493,2800.045315892092,1663.203187391493,False,0.9695369507926048,0.9706235346347208,0.0010865838421160179,-0.022343526672941944,-22.343526672941945,2796.9738470497323,-0.7972996957230212
425,0,6.469299832941033,1787085099.634005,0.013652499997988343,1663.179456922743,2794.0453181809107,1663.179456922743,False,1669.465931532118,2800.045315892092,1669.465931532118,False,0.9706096858448489,0.9742783898564813,0.00366870401163244,-0.09946030259285688,-99.46030259285688,2796.8967302738124,-3.549111568400545
426,0,6.483280874439515,1787085099.648261,0.014202167047187686,1663.1765407986109,2794.0453181809107,1663.1765407986109,False,1665.7646891276042,2800.045315892092,1665.7646891276042,False,0.9706079840331074,0.9721183934035864,0.0015104093704789712,-0.035001364478386324,-35.00136447838632,2796.961189211927,-1.248978178646386
427,0,6.49795224936679,1787085099.66338,0.01502966694533825,1668.5533854166667,2794.0453181809107,1668.5533854166667,False,1670.701131184896,2800.045315892092,1670.701131184896,False,0.9737458399294422,0.9749992361499755,0.0012533962205333316,-0.027325491865323053,-27.325491865323052,2796.96886508454,-0.9750746454939714
428,0,6.513380145537667,1787085099.679134,0.01563345897011459,1662.1272298177087,2794.0453181809107,1662.1272298177087,False,1661.6152099609376,2800.045315892092,1661.6152099609376,False,0.9699956199269446,0.9696968118637146,-0.0002988080632300161,0.0190321452989177,19.0321452989177,2797.015222721704,0.6791373572265808
429,0,6.528669040999375,1787085099.6939058,0.014620249858126044,1667.7726616753473,2794.0453181809107,1667.7726616753473,False,1673.6656711154512,2800.045315892092,1673.6656711154512,False,0.9732902198085108,0.9767293027153686,0.0034390829068577933,-0.09260251204831145,-92.60251204831145,2796.903588064357,-3.3044002300996094
430,0,6.543330707936548,1787085099.7084439,0.014439834048971534,1665.1440809461806,2794.0453181809107,1665.1440809461806,False,1666.5814832899305,2800.045315892092,1666.5814832899305,False,0.9717562146203547,0.9725950637484464,0.0008388491280917343,-0.014944760862374434,-14.944760862374434,2796.981245815543,-0.5332843584918082
431,0,6.557706707972102,1787085099.7226691,0.014157249825075269,1665.2166069878472,2794.0453181809107,1665.2166069878472,False,1671.9960069444446,2800.045315892092,1671.9960069444446,False,0.9717985398656699,0.9757549086355586,0.003956368769888696,-0.1080516063456403,-108.05160634564031,2796.8881389700596,-3.8556810714259315
432,0,6.571690040989779,1787085099.736406,0.013677750015631318,1661.1763916015625,2794.0453181809107,1661.1763916015625,False,1670.8120713975695,2800.045315892092,1670.8120713975695,False,0.9694407232328918,0.9750639794009353,0.005623256168043489,-0.15783433275968903,-157.83433275968903,2796.8383562436456,-5.632112930334322
433,0,6.585580062004738,1787085099.750506,0.014002457959577441,1663.8321858723957,2794.0453181809107,1663.8321858723957,False,1668.5459092881945,2800.045315892092,1668.5459092881945,False,0.9709906098865253,0.9737414769590618,0.002750867072536467,-0.07204847784554447,-72.04847784554447,2796.92414209856,-2.5709562462726403
434,0,6.599920270498842,1787085099.765019,0.014420874882489443,1661.2755805121528,2794.0453181809107,1661.2755805121528,False,1665.3742024739581,2800.045315892092,1665.3742024739581,False,0.9694986085783045,0.9718905105214088,0.0023919019431043465,-0.06132773998977519,-61.32773998977519,2796.9348628364155,-2.188400656215215
435,0,6.614579166402109,1787085099.780101,0.01475158310495317,1665.1198025173612,2794.0453181809107,1665.1198025173612,False,1665.1768039279516,2800.045315892092,1665.1768039279516,False,0.9717420460481834,0.9717753113227126,3.326527452918171e-05,0.009114549100538516,9.114549100538516,2797.005305125506,0.3252408328767669
436,0,6.629680666490458,1787085099.794954,0.014680667081847787,1670.0545952690973,2794.0453181809107,1670.0545952690973,False,1669.6347900390624,2800.045315892092,1669.6347900390624,False,0.9746219262815131,0.9743769334632432,-0.00024499281826995123,0.017424916388484042,17.424916388484043,2797.0136154927936,0.6217854834600357
437,0,6.644272291567177,1787085099.8092642,0.01421841699630022,1665.8652533637155,2794.0453181809107,1665.8652533637155,False,1663.313671875,2800.045315892092,1663.313671875,False,0.9721770813709089,0.9706880119281248,-0.0014890694427840412,0.05458011133737933,54.580111337379336,2797.050770687743,1.9476203017905842
438,0,6.65838574944064,1787085099.8232079,0.013885917142033577,1665.8958658854165,2794.0453181809107,1665.8958658854165,False,1667.699777560764,2800.045315892092,1667.699777560764,False,0.97219494643649,0.9732476855965445,0.00105273916005455,-0.021332732212859248,-21.33273221285925,2796.9748578441922,-0.7612308097651744
439,0,6.6729880624916404,1787085099.838495,0.015206125099211931,1652.4123589409724,2794.0453181809107,1652.4123589409724,False,1660.339683702257,2800.045315892092,1660.339683702257,False,0.9643261488843315,0.9689524314926898,0.00462628260835829,-0.12805903898832202,-128.05903898832202,2796.868131537417,-4.569620289334928
440,0,6.688083332963288,1787085099.853366,0.014817665796726942,1659.9794542100694,2794.0453181809107,1659.9794542100694,False,1669.473130967882,2800.045315892092,1669.473130967882,False,0.9687422062925235,0.9742825913526314,0.0055403850601079,-0.1553593307298258,-155.3593307298258,2796.8408312456754,-5.543795701178483
441,0,6.702566812047735,1787085099.867469,0.01405970798805356,1666.3971516927081,2794.0453181809107,1666.3971516927081,False,1671.7070692274308,2800.045315892092,1671.7070692274308,False,0.9724874902494313,0.9755862883789939,0.0030987981295625966,-0.08243967562054505,-82.43967562054505,2796.9137509007846,-2.9417526270534204
442,0,6.716639416408725,1787085099.8815181,0.0139981668908149,1661.5733371310766,2794.0453181809107,1661.5733371310766,False,1665.4701795789933,2800.045315892092,1665.4701795789933,False,0.9696723754301911,0.9719465214992854,0.0022741460690942628,-0.05781088068303346,-57.81088068303346,2796.9383796957222,-2.0629061048755872
443,0,6.7306091039208695,1787085099.895394,0.013823291985318065,1662.8609781901043,2794.0453181809107,1662.8609781901043,False,1662.1836100260418,2800.045315892092,1662.1836100260418,False,0.9704238258395752,0.9700285226759957,-0.0003953031635794968,0.02191403713295044,21.91403713295044,2797.018104613538,0.7819739199596931
444,0,6.744279186939821,1787085099.908868,0.013425707817077637,1660.8093343098958,2794.0453181809107,1660.8093343098958,False,1665.317461480035,2800.045315892092,1665.317461480035,False,0.9692265134186299,0.9718573972226262,0.0026308838039963423,-0.06846509588548619,-68.46509588548619,2796.9277254805197,-2.4430879205497495
445,0,6.758047958021052,1787085099.922932,0.014007915975525975,1663.8065945095484,2794.0453181809107,1663.8065945095484,False,1666.1090494791667,2800.045315892092,1666.1090494791667,False,0.9709756751033002,0.972319357581719,0.0013436824784187618,-0.030021952394231097,-30.021952394231096,2796.966168624011,-1.0712943332226341
446,0,6.772154165897518,1787085099.937078,0.014088999945670366,1662.3843153211806,2794.0453181809107,1662.3843153211806,False,1668.9337483723962,2800.045315892092,1668.9337483723962,False,0.9701456516500526,0.9739678147544865,0.00382216310443384,-0.10404346282379814,-104.04346282379814,2796.8921471135814,-3.7126556816941956
447,0,6.786104770493694,1787085099.95083,0.0136976249050349,1666.1849039713543,2794.0453181809107,1666.1849039713543,False,1670.2394856770836,2800.045315892092,1670.2394856770836,False,0.9723636252670403,0.9747298258951503,0.0023662006281099934,-0.06056015272847516,-60.56015272847516,2796.9356304236767,-2.1610103029001984
448,0,6.799702103948221,1787085099.964273,0.013395791873335838,1663.611143663194,2794.0453181809107,1663.611143663194,False,1665.023904079861,2800.045315892092,1665.023904079861,False,0.9708616125565387,0.9716860809796469,0.0008244684231082378,-0.014515271322392878,-14.515271322392877,2796.9816753050827,-0.5179585827288352
449,0,6.814792915945873,1787085099.981013,0.016691249795258045,1664.5534315321179,2794.0453181809107,1664.5534315321179,False,1662.6420518663194,2800.045315892092,1662.6420518663194,False,0.9714115193802579,0.9702960633125265,-0.0011154560677314462,0.04342189365845157,43.421893658451566,2797.0396124700637,1.5494538131048947
450,0,6.830530749517493,1787085099.9957418,0.014681833097711205,1660.1343560112848,2794.0453181809107,1660.1343560112848,False,1660.5621175130207,2800.045315892092,1660.5621175130207,False,0.9688326049491379,0.96908224094307,0.0002496359939321291,0.0026524903316188686,2.6524903316188686,2796.9988430667368,0.09465066841346234
451,0,6.84595552040264,1787085100.0118709,0.016085458919405937,1666.8437662760418,2794.0453181809107,1666.8437662760418,False,1670.0605360243055,2800.045315892092,1670.0605360243055,False,0.9727481286541559,0.9746253932282232,0.0018772645740672278,-0.04595774476779346,-45.957744767793464,2796.9502328316375,-1.6399423625390188
452,0,6.861195791396312,1787085100.0262258,0.01430066698230803,1663.1730794270836,2794.0453181809107,1663.1730794270836,False,1669.7595404730903,2800.045315892092,1669.7595404730903,False,0.9706059640221479,0.9744497361779935,0.0038437721558455262,-0.10468883184853606,-104.68883184853605,2796.8915017445565,-3.7356848361595794
453,0,6.875547228963114,1787085100.040565,0.014282208168879151,1665.7287000868055,2794.0453181809107,1665.7287000868055,False,1666.2197428385418,2800.045315892092,1666.2197428385418,False,0.9720973906720783,0.9723839567723361,0.00028656610025779017,0.0015495475763450128,1.5495475763450128,2796.9977401239817,0.055293590363438935
454,0,6.889495520386845,1787085100.054124,0.013510541059076786,1665.5138861762152,2794.0453181809107,1665.5138861762152,False,1670.628605143229,2800.045315892092,1670.628605143229,False,0.971972028095355,0.97495691090466,0.0029848828093049784,-0.0790375170650053,-79.03751706500529,2796.9171530593403,-2.8203510228734405
455,0,6.903248645365238,1787085100.068079,0.013898374978452921,1668.93251953125,2794.0453181809107,1668.93251953125,False,1677.7574300130207,2800.045315892092,1677.7574300130207,False,0.9739670976189339,0.9791171994643285,0.005150101845394661,-0.14370325694609423,-143.70325694609423,2796.852487319459,-5.127863864762141
456,0,6.917191895539872,1787085100.082007,0.013870124937966466,1668.1461724175347,2794.0453181809107,1668.1461724175347,False,1670.3408582899306,2800.045315892092,1670.3408582899306,False,0.9735081957717331,0.974788985620518,0.0012807898487848801,-0.028143621213618936,-28.143621213618935,2796.9680469551918,-1.004268527462851
457,0,6.93089560396038,1787085100.095479,0.013417541980743408,1663.9695773654512,2794.0453181809107,1663.9695773654512,False,1659.8706732855906,2800.045315892092,1659.8706732855906,False,0.9710707897572887,0.9686787231737928,-0.0023920665834958887,0.08154873540790075,81.54873540790075,2797.0777393118133,2.909960584067255
458,0,6.944391978904605,1787085100.1090088,0.013478457927703857,1670.164634874132,2794.0453181809107,1670.164634874132,False,1671.9263563368054,2800.045315892092,1671.9263563368054,False,0.974686143949684,0.975714261455774,0.0010281175060899983,-0.020597389762892014,-20.597389762892014,2796.9755931866425,-0.7349910706141883
459,0,6.9580457913689315,1787085100.122783,0.013712333049625158,1657.4529812282988,2794.0453181809107,1657.4529812282988,False,1661.2230034722222,2800.045315892092,1661.2230034722222,False,0.967267789844602,0.96946792530838,0.0022001354637779524,-0.05560050359320806,-55.60050359320806,2796.940590072812,-1.9840316726094798
460,0,6.9717822493985295,1787085100.13647,0.013633166905492544,1661.639111328125,2794.0453181809107,1661.639111328125,False,1664.8734564887152,2800.045315892092,1664.8734564887152,False,0.96971076038767,0.9715982817415248,0.0018875213538548374,-0.046264070475589295,-46.26407047558929,2796.94992650593,-1.6508731971021016
461,0,6.9853944790083915,1787085100.150028,0.01350129209458828,1665.8277425130211,2794.0453181809107,1665.8277425130211,False,1670.5814263237849,2800.045315892092,1670.5814263237849,False,0.972155190531134,0.9749293779653079,0.0027741874341739026,-0.07274495631467098,-72.74495631467099,2796.9234456200907,-2.5958091748027043
462,0,6.999175603501499,1787085100.164031,0.013931625057011843,1660.2073269314237,2794.0453181809107,1660.2073269314237,False,1662.7002902560762,2800.045315892092,1662.7002902560762,False,0.9688751898196863,0.9703300504718498,0.0014548606521634921,-0.033342364206615266,-33.342364206615265,2796.962848212199,-1.1897789111695427
463,0,7.012896124506369,1787085100.177461,0.013378582894802094,1668.6781494140625,2794.0453181809107,1668.6781494140625,False,1666.0436414930555,2800.045315892092,1666.0436414930555,False,0.9738186505595958,0.9722811863401329,-0.0015374642194628807,0.056025454274123955,56.02545427412395,2797.0522160306796,1.9991954850886366
464,0,7.026467561954632,1787085100.1911669,0.013655291870236397,1661.6087429470485,2794.0453181809107,1661.6087429470485,False,1662.2548149956597,2800.045315892092,1662.2548149956597,False,0.9696930377993507,0.9700700769610151,0.0003770391616644275,-0.0011524919668382168,-1.1524919668382168,2796.9950380844384,-0.04112517723516332
465,0,7.040115874377079,1787085100.204767,0.013545667054131627,1666.3985758463543,2794.0453181809107,1666.3985758463543,False,1665.3748833550349,2800.045315892092,1665.3748833550349,False,0.9724883213667934,0.9718909078746621,-0.0005974134921312713,0.027950199625320627,27.95019962532063,2797.0241407760304,0.9973665295932281
466,0,7.053965166443959,1787085100.2188501,0.014031417202204466,1659.0391059027777,2794.0453181809107,1659.0391059027777,False,1668.1199164496527,2800.045315892092,1668.1199164496527,False,0.9681934313714974,0.9734928731337391,0.00529944176224173,-0.14816339518418056,-148.16339518418056,2796.848027181221,-5.287018098207985
467,0,7.067976749502122,1787085100.232805,0.013905167113989592,1659.881019422743,2794.0453181809107,1659.881019422743,False,1665.8610948350695,2800.045315892092,1665.8610948350695,False,0.9686847610435425,0.9721746545082116,0.0034898934646691027,-0.09412000393244574,-94.12000393244574,2796.902070572473,-3.3585499547689746
468,0,7.081741228932515,1787085100.24638,0.013512458186596632,1663.5029595269098,2794.0453181809107,1663.5029595269098,False,1666.2402099609371,2800.045315892092,1666.2402099609371,False,0.9707984777155597,0.9723959011161383,0.001597423400578557,-0.03760009769781475,-37.600097697814746,2796.9585904787073,-1.341710594412459
469,0,7.096060082898475,1787085100.2614279,0.014980749925598502,1666.5636474609375,2794.0453181809107,1666.5636474609375,False,1667.8451904296876,2800.045315892092,1667.8451904296876,False,0.9725846549929128,0.9733325466369068,0.0007478916439940253,-0.012228253705886868,-12.228253705886868,2796.9839623226994,-0.4363493329248811
470,0,7.11171577044297,1787085100.2777011,0.016220959136262536,1662.4707275390624,2794.0453181809107,1662.4707275390624,False,1667.8015814887153,2800.045315892092,1667.8015814887153,False,0.9701960806854176,0.9733070970317419,0.003111016346324269,-0.0828045809782718,-82.8045809782718,2796.9133859954272,-2.954773800252348
471,0,7.126933916006237,1787085100.291853,0.014106750022619963,1668.256857638889,2794.0453181809107,1668.256857638889,False,1667.7515055338542,2800.045315892092,1667.7515055338542,False,0.973572790213108,0.9732778733622132,-0.0002949168508948885,0.01891593159467285,18.91593159467285,2797.015106508,0.6749904223049118
472,0,7.141227291547693,1787085100.306307,0.014410333009436727,1663.982861328125,2794.0453181809107,1663.982861328125,False,1665.8388563368055,2800.045315892092,1665.8388563368055,False,0.9710785421034254,0.9721616764127188,0.0010831343092934098,-0.022240504027888488,-22.240504027888488,2796.973950072377,-0.793623466596078
473,0,7.155164540978149,1787085100.319722,0.013361750170588493,1663.7944797092016,2794.0453181809107,1663.7944797092016,False,1669.0723253038195,2800.045315892092,1669.0723253038195,False,0.970968605064941,0.974048686431511,0.003080081366570009,-0.08188068675756124,-81.88068675756125,2796.914309889648,-2.921805836338897
474,0,7.169057562481612,1787085100.3340852,0.014311125036329031,1669.6793755425347,2794.0453181809107,1669.6793755425347,False,1672.5567654079864,2800.045315892092,1672.5567654079864,False,0.9744029529774564,0.9760821599095373,0.001679206932080901,-0.04004261851743513,-40.04261851743513,2796.956147957888,-1.4288687738165549
475,0,7.183281811885536,1787085100.348178,0.014042791910469532,1658.0720730251735,2794.0453181809107,1658.0720730251735,False,1664.382571072049,2800.045315892092,1664.382571072049,False,0.9676290836857282,0.9713118074599474,0.0036827237742191876,-0.09987901234254877,-99.87901234254878,2796.8963115640627,-3.564052681364144
476,0,7.197256499435753,1787085100.362029,0.013799583073705435,1668.2108832465278,2794.0453181809107,1668.2108832465278,False,1667.7217447916664,2800.045315892092,1667.7217447916664,False,0.9735459601615819,0.9732605053839681,-0.00028545477761376947,0.018633340337467913,18.633340337467914,2797.014823916743,0.6649065207489264
477,0,7.211286353995092,1787085100.376244,0.014163958141580224,1667.5820014105902,2794.0453181809107,1667.5820014105902,False,1669.4191460503469,2800.045315892092,1669.4191460503469,False,0.973178952982247,0.9742510864638287,0.0010721334815817496,-0.02191195682253802,-21.91195682253802,2796.974278619583,-0.7818996867876827
478,0,7.225557270459831,1787085100.390569,0.0142617910169065,1668.1956000434027,2794.0453181809107,1668.1956000434027,False,1668.4597357855903,2800.045315892092,1668.4597357855903,False,0.973537041084977,0.9736911872347974,0.0001541461498204555,0.0055043595040620095,5.50435950406201,2797.001694935909,0.1964159115066375
479,0,7.239865228999406,1787085100.4048388,0.014221957884728909,1661.844894748264,2794.0453181809107,1661.844894748264,False,1665.066517469618,2800.045315892092,1665.066517469618,False,0.969830852888778,0.9717109495941988,0.0018800967054207751,-0.046042328297849766,-46.042328297849764,2796.9501482481073,-1.6429606158239283
480,0,7.253653353895061,1787085100.418166,0.013288541929796338,1662.5679009331593,2794.0453181809107,1662.5679009331593,False,1665.1658365885419,2800.045315892092,1665.1658365885419,False,0.9702527898018779,0.9717689109274847,0.0015161211256068396,-0.03517194993196254,-35.171949931962544,2796.9610186264736,-1.2550652987425972
481,0,7.267137416522019,1787085100.4318058,0.013588417088612914,1664.9827094184027,2794.0453181809107,1664.9827094184027,False,1666.8217312282989,2800.045315892092,1666.8217312282989,False,0.9716620403162957,0.9727352692897149,0.0010732289734192157,-0.021944674431714124,-21.944674431714123,2796.9742459019735,-0.7830671721279662
482,0,7.281653853948228,1787085100.447287,0.015332542126998305,1664.5123074001735,2794.0453181809107,1664.5123074001735,False,1666.6436957465278,2800.045315892092,1666.6436957465278,False,0.9713875198770047,0.9726313701209801,0.0012438502439754417,-0.02704039477966363,-27.040394779663632,2796.9691501816255,-0.9649013267079515
483,0,7.297533083008602,1787085100.4633348,0.015653666108846664,1663.971999782986,2794.0453181809107,1663.971999782986,False,1665.6959879557294,2800.045315892092,1665.6959879557294,False,0.9710722034483444,0.9720783003020435,0.0010060968536990123,-0.01993972799482487,-19.93972799482487,2796.9762508484105,-0.7115232655875274
484,0,7.312368375016376,1787085100.476973,0.013460000045597553,1665.4142035590278,2794.0453181809107,1665.4142035590278,False,1661.5526177300349,2800.045315892092,1661.5526177300349,False,0.9719138546292568,0.9696602838598845,-0.0022535707693723817,0.07741246367674856,77.41246367674856,2797.073603040082,2.7623631057931974
485,0,7.325933520449325,1787085100.490598,0.013560624793171883,1664.3612901475694,2794.0453181809107,1664.3612901475694,False,1668.9808837890628,2800.045315892092,1668.9808837890628,False,0.9712993881919378,0.9739953223645477,0.0026959341726098263,-0.07040786940900248,-70.40786940900249,2796.9257827069964,-2.512413267520785
486,0,7.339913707925007,1787085100.50492,0.014260250143706799,1660.5943413628472,2794.0453181809107,1660.5943413628472,False,1672.1378987630208,2800.045315892092,1672.1378987630208,False,0.9691010463585811,0.9758377148371858,0.006736668478604768,-0.19108714905913696,-191.08714905913695,2796.8051034273462,-6.818696440876996
487,0,7.354010416427627,1787085100.51879,0.013808332849293947,1664.9024848090278,2794.0453181809107,1664.9024848090278,False,1671.3505181206597,2800.045315892092,1671.3505181206597,False,0.9716152222879836,0.9753782098362423,0.003762987548258767,-0.10227614457139315,-102.27614457139316,2796.8939144318338,-3.649591227925819
488,0,7.367756978957914,1787085100.532413,0.013564207823947072,1661.1546712239578,2794.0453181809107,1661.1546712239578,False,1666.4335042317707,2800.045315892092,1666.4335042317707,False,0.9694280475058105,0.9725087051137516,0.003080657607941184,-0.0818978965982268,-81.8978965982268,2796.914292679807,-2.92241994712485
489,0,7.381310208002105,1787085100.545897,0.013430749997496605,1661.6306043836805,2794.0453181809107,1661.6306043836805,False,1665.7046413845487,2800.045315892092,1665.7046413845487,False,0.9697057958466276,0.9720833503294429,0.0023775544828152917,-0.06089924332521518,-60.89924332521518,2796.93529133308,-2.1731103099206104
490,0,7.394987853942439,1787085100.559766,0.01381779182702303,1664.9113118489581,2794.0453181809107,1664.9113118489581,False,1667.141642252604,2800.045315892092,1667.141642252604,False,0.9716203736325472,0.9729219651615926,0.0013015915290454094,-0.028764877549535085,-28.764877549535086,2796.9674256988555,-1.0264372519816973
491,0,7.408839687006548,1787085100.573604,0.013791792094707489,1670.0647650824653,2794.0453181809107,1670.0647650824653,False,1672.2282443576391,2800.045315892092,1672.2282443576391,False,0.9746278612510182,0.9758904393395509,0.0012625780885326954,-0.02759971460111687,-27.59971460111687,2796.9685908618044,-0.9848599272451066
492,0,7.422722228453495,1787085100.5875342,0.013883124804124236,1665.614076063368,2794.0453181809107,1665.614076063368,False,1663.436726888021,2800.045315892092,1663.436726888021,False,0.9720304975975421,0.9707598252174442,-0.0012706723800979258,0.04805753444744049,48.057534447440496,2797.0442481108525,1.7148706268712708
493,0,7.43709537491668,1787085100.6023428,0.01476399996317923,1660.9486300998265,2794.0453181809107,1660.9486300998265,False,1668.8940782335071,2800.045315892092,1668.8940782335071,False,0.9693078046120374,0.9739446637824826,0.004636859170445207,-0.12837491521208916,-128.37491521208915,2796.867815661193,-4.5808919216417765
494,0,7.451466312399134,1787085100.6162791,0.013893125113099813,1664.9941921657987,2794.0453181809107,1664.9941921657987,False,1665.6106770833335,2800.045315892092,1665.6106770833335,False,0.9716687414968546,0.9720285139974383,0.00035977250058372157,-0.0006368113842047255,-0.6368113842047255,2796.995553765021,-0.022723786190576845
495,0,7.465299291419797,1787085100.630016,0.013685332844033837,1666.3953423394098,2794.0453181809107,1666.3953423394098,False,1667.6429090711804,2800.045315892092,1667.6429090711804,False,0.9724864343346115,0.973214497892969,0.0007280635583575279,-0.011636074435920117,-11.636074435920117,2796.9845545019693,-0.41521818569512264
496,0,7.479245499474928,1787085100.6442082,0.014089417178183794,1666.0007297092016,2794.0453181809107,1666.0007297092016,False,1668.132156032986,2800.045315892092,1668.132156032986,False,0.9722561435867053,0.9735000159938102,0.0012438724071048846,-0.0270410566966058,-27.0410566966058,2796.9691495197085,-0.9649249463533329
497,0,7.494052437483333,1787085100.659611,0.015279874904081225,1665.1517008463538,2794.0453181809107,1665.1517008463538,False,1666.4652777777778,2800.045315892092,1666.4652777777778,False,0.9717606614940113,0.9725272477378683,0.0007665862438569482,-0.012786580651921873,-12.786580651921874,2796.983403995753,-0.4562725039937865
498,0,7.508849040954374,1787085100.67379,0.014061500085517764,1661.8752170138887,2794.0453181809107,1661.8752170138887,False,1664.4998996310762,2800.045315892092,1664.4998996310762,False,0.9698485485647254,0.9713802788659307,0.0015317303012053474,-0.03563812858279975,-35.63812858279975,2796.9605524478225,-1.2717002777190891
499,0,7.523547520511784,1787085100.688973,0.015108375111594796,1664.220130750868,2794.0453181809107,1664.220130750868,False,1668.8137885199653,2800.045315892092,1668.8137885199653,False,0.9712170094220967,0.9738978077602338,0.002680798338137169,-0.0699558274129836,-69.95582741298361,2796.926234748992,-2.4962827366893947
500,0,7.538220020476729,1787085100.703189,0.014130958821624517,1662.927845594618,2794.0453181809107,1662.927845594618,False,1670.3739013671875,2800.045315892092,1670.3739013671875,False,0.970462848778572,0.9748082691263972,0.004345420347825146,-0.11967089645894025,-119.67089645894025,2796.8765196799463,-4.270300330393243
501,0,7.552915708045475,1787085100.718303,0.014954834012314677,1664.4364529079862,2794.0453181809107,1664.4364529079862,False,1668.9473741319446,2800.045315892092,1668.9473741319446,False,0.9713432521916835,0.9739757665687898,0.002632514377106321,-0.06851379406097305,-68.51379406097305,2796.9276767823444,-2.444825651619078
502,0,7.567623416427523,1787085100.732607,0.014217582996934652,1665.425453016493,2794.0453181809107,1665.425453016493,False,1668.7040283203125,2800.045315892092,1668.7040283203125,False,0.9719204196648763,0.9738337531493739,0.0019133334844976257,-0.04703496732163665,-47.03496732163665,2796.949155609084,-1.6783816486453274
503,0,7.581736145424657,1787085100.746625,0.013888540910556912,1669.510923936632,2794.0453181809107,1669.510923936632,False,1670.8393853081598,2800.045315892092,1670.8393853081598,False,0.9743046468327979,0.9750799194403981,0.0007752726076001304,-0.013046004815928658,-13.046004815928658,2796.9831445715895,-0.4655297179534919
504,0,7.595887666451745,1787085100.760803,0.014058333123102784,1669.1150906032988,2794.0453181809107,1669.1150906032988,False,1665.7682183159723,2800.045315892092,1665.7682183159723,False,0.9740736436985815,0.9721204529915635,-0.0019531907070180488,0.06844140871468328,68.44140871468328,2797.06463198512,2.4422426746604082
505,0,7.609483416425064,1787085100.773841,0.012956332881003618,1666.8315782335067,2794.0453181809107,1666.8315782335067,False,1668.7349419487844,2800.045315892092,1668.7349419487844,False,0.9727410158726176,0.9738517939369116,0.001110778064293938,-0.023066103581746586,-23.066103581746585,2796.9731244728237,-0.8230839131368322
506,0,7.6228828124003485,1787085100.787603,0.013705374905839562,1661.0134521484374,2794.0453181809107,1661.0134521484374,False,1664.7517089843745,2800.045315892092,1664.7517089843745,False,0.9693456339081943,0.9715272314970977,0.002181597588903461,-0.05504685734559934,-55.046857345599335,2796.9411437190597,-1.9642755261775384
507,0,7.636365061975084,1787085100.80081,0.013159041991457343,1662.8661702473958,2794.0453181809107,1662.8661702473958,False,1671.107424587674,2800.045315892092,1671.107424587674,False,0.9704268558560148,0.9752363436433309,0.004809487787316047,-0.13353058632366513,-133.53058632366512,2796.8626599900817,-4.764865341266955
508,0,7.6501894580433145,1787085100.815255,0.014397999970242381,1664.2506808810765,2794.0453181809107,1664.2506808810765,False,1666.701158311632,2800.045315892092,1666.701158311632,False,0.9712348380768222,0.9726649045192266,0.0014300664424043985,-0.03260186826042486,-32.60186826042486,2796.963588708145,-1.163355276206996
509,0,7.664646124467254,1787085100.82974,0.014423583168536425,1668.4389973958337,2794.0453181809107,1668.4389973958337,False,1669.032080078125,2800.045315892092,1669.032080078125,False,0.9736790845829262,0.9740251998464011,0.00034611526347494426,-0.00022892870460040267,-0.22892870460040268,2796.995961647701,-0.008169023144461985
510,0,7.678706811973825,1787085100.843355,0.013550958130508661,1673.3387369791665,2794.0453181809107,1673.3387369791665,False,1671.7404541015628,2800.045315892092,1671.7404541015628,False,0.9765385082475856,0.9756057713530399,-0.0009327368945456493,0.037964861216200775,37.964861216200774,2797.0341554376214,1.3547267062589485
511,0,7.692628249991685,1787085100.857624,0.014177999924868345,1671.600138346354,2794.0453181809107,1671.600138346354,False,1668.902015516493,2800.045315892092,1668.902015516493,False,0.975523884921293,0.9739492958765801,-0.0015745890447129707,0.05713421244257642,57.13421244257642,2797.053324788848,2.0387600785960753
512,0,7.707363937515765,1787085100.8727832,0.015069874934852123,1664.285972764757,2794.0453181809107,1664.285972764757,False,1670.0687093098957,2800.045315892092,1670.0687093098957,False,0.971255433956593,0.9746301630503407,0.003374729093747697,-0.0906805416288895,-90.6805416288895,2796.9055100347764,-3.2358172148476125
513,0,7.721648353966884,1787085100.8862221,0.013355042086914182,1667.1209364149304,2794.0453181809107,1667.1209364149304,False,1674.5309597439239,2800.045315892092,1674.5309597439239,False,0.9729098815066893,0.9772342737937156,0.004324392287026302,-0.11904287911420197,-119.04287911420197,2796.877147697291,-4.247890348066014
514,0,7.735254957922734,1787085100.899959,0.013662665849551558,1665.4925455729167,2794.0453181809107,1665.4925455729167,False,1666.920388454861,2800.045315892092,1666.920388454861,False,0.9719595739995704,0.9727928443513123,0.0008332703517418549,-0.014778146910491032,-14.778146910491031,2796.981412429495,-0.527338956269306
515,0,7.749101666035131,1787085100.91394,0.013920750003308058,1665.2791042751737,2794.0453181809107,1665.2791042751737,False,1667.992564561632,2800.045315892092,1667.992564561632,False,0.9718350124616761,0.9734185522446077,0.0015835397829315756,-0.037185454009391626,-37.18545400939163,2796.959005122396,-1.3269145735580796
516,0,7.7638521454064175,1787085100.929447,0.015441375086084008,1670.460791015625,2794.0453181809107,1670.460791015625,False,1672.4883029513887,2800.045315892092,1672.4883029513887,False,0.9748589767839636,0.9760422061190946,0.001183229335131042,-0.025229910086268945,-25.229910086268944,2796.970960666319,-0.9002965346227856
517,0,7.778767353971489,1787085100.943769,0.014260208001360297,1666.0483805338542,2794.0453181809107,1666.0483805338542,False,1664.6464165581597,2800.045315892092,1664.6464165581597,False,0.9722839519820976,0.9714657842201337,-0.0008181677619638617,0.034543176110699514,34.54317611069951,2797.030733752516,1.232628322534239
518,0,7.794201957993209,1787085100.960363,0.01649449998512864,1668.9910617404516,2794.0453181809107,1668.9910617404516,False,1669.5924370659727,2800.045315892092,1669.5924370659727,False,0.9740012620832947,0.9743522168244378,0.00035095474114310576,-0.00037346299828315446,-0.37346299828315443,2796.995817113407,-0.013326541474563034
519,0,7.811141895363107,1787085100.9776251,0.01713179098442197,1661.9408935546876,2794.0453181809107,1661.9408935546876,False,1661.541880967882,2800.045315892092,1661.541880967882,False,0.9698868765312998,0.9696540180265152,-0.00023285850478460546,0.017062516859198518,17.062516859198517,2797.0132530932647,0.6088537274906693
520,0,7.827738811960444,1787085100.993561,0.015802707988768816,1671.2768853081598,2794.0453181809107,1671.2768853081598,False,1667.431032986111,2800.045315892092,1667.431032986111,False,0.9753352386940057,0.9730908497926325,-0.00224438890137324,0.07713824094096138,77.13824094096138,2797.0733288173465,2.7525778240422984
521,0,7.84375245787669,1787085101.0096152,0.015957833966240287,1666.322243923611,2794.0453181809107,1666.322243923611,False,1662.0162651909723,2800.045315892092,1662.0162651909723,False,0.9724437750592706,0.9699308624282584,-0.0025129126310121652,0.08515788484917769,85.15788484917769,2797.0813484612545,3.0387483888516162
522,0,7.859305375022814,1787085101.024717,0.014986250083893538,1668.3168565538194,2794.0453181809107,1668.3168565538194,False,1670.7173583984375,2800.045315892092,1670.7173583984375,False,0.9736078047917991,0.9750087061386602,0.0014009013468611053,-0.03173083283602931,-31.730832836029307,2796.9644597435695,-1.1322735097070122
523,0,7.8752288749674335,1787085101.041396,0.016590500017628074,1664.1453314887153,2794.0453181809107,1664.1453314887153,False,1663.0758599175347,2800.045315892092,1663.0758599175347,False,0.9711733575551635,0.9705492279933157,-0.0006241295618478748,0.028748093226911596,28.748093226911596,2797.0249386696323,1.025838325253768
524,0,7.890569082926959,1787085101.0554261,0.013970584142953157,1667.4278835720484,2794.0453181809107,1667.4278835720484,False,1664.906019422743,2800.045315892092,1664.906019422743,False,0.9730890118359519,0.971617285042122,-0.0014717267938298972,0.05406216132519809,54.06216132519809,2797.0502527377307,1.9291379291035573
525,0,7.908561186981387,1787085101.0773919,0.021893041906878352,1665.8835367838542,2794.0453181809107,1665.8835367838542,False,1666.140367296007,2800.045315892092,1666.140367296007,False,0.9721877513347561,0.9723376342482797,0.00014988291352358019,0.0056316839570758875,5.631683957075888,2797.0018222603626,0.20095931905066683
526,0,7.926823041518219,1787085101.0919309,0.01447183289565146,1664.545982530382,2794.0453181809107,1664.545982530382,False,1665.9829698350695,2800.045315892092,1665.9829698350695,False,0.9714071722406846,0.9722457791574309,0.0008386069167463095,-0.014937527055725581,-14.937527055725582,2796.9812530493496,-0.5330262295077641
527,0,7.942872645449825,1787085101.109505,0.017510791076347232,1663.4254069010417,2794.0453181809107,1663.4254069010417,False,1666.2907443576391,2800.045315892092,1666.2907443576391,False,0.9707532190217266,0.972425392326304,0.0016721733045773624,-0.039832554445864005,-39.832554445864005,2796.9563580219597,-1.4213729105717958
528,0,7.9588166665052995,1787085101.123806,0.014238333096727729,1669.2129557291664,2794.0453181809107,1669.2129557291664,False,1670.703445095486,2800.045315892092,1670.703445095486,False,0.9741307565006175,0.9750005865178034,0.0008698300171858797,-0.015870026196760628,-15.870026196760627,2796.9803205502085,-0.5663012488138962
529,0,7.973180478438735,1787085101.138239,0.014379125088453293,1663.9464789496528,2794.0453181809107,1663.9464789496528,False,1669.8595513237851,2800.045315892092,1669.8595513237851,False,0.9710573098252174,0.9745081011968554,0.0034507913716379512,-0.09295219331623894,-92.95219331623895,2796.903238383089,-3.3168781514501475
530,0,7.987770832958631,1787085101.152989,0.014691000105813146,1665.6337239583331,2794.0453181809107,1665.6337239583331,False,1671.1198486328121,2800.045315892092,1671.1198486328121,False,0.9720419638509763,0.9752435941528885,0.0032016303019122283,-0.08551082842205458,-85.51082842205459,2796.910679747983,-3.051342721312253
531,0,8.002497124485672,1787085101.1676958,0.014640166889876127,1662.0465901692708,2794.0453181809107,1662.0465901692708,False,1666.5663709852433,2800.045315892092,1666.5663709852433,False,0.9699485596872867,0.9725862444059252,0.0026376847186385666,-0.06866820982909987,-68.66820982909987,2796.9275223665763,-2.450335777515696
532,0,8.017283812398091,1787085101.182555,0.014801125042140484,1661.9631646050348,2794.0453181809107,1661.9631646050348,False,1665.8014973958336,2800.045315892092,1665.8014973958336,False,0.9698998736237608,0.9721398742254628,0.0022400006017019303,-0.05679110306436887,-56.79110306436887,2796.939399473341,-2.0265166665846728
533,0,8.031964207882993,1787085101.197052,0.014441916020587087,1661.7885823567708,2794.0453181809107,1661.7885823567708,False,1665.365185546875,2800.045315892092,1665.365185546875,False,0.9697979897167439,0.9718852483611969,0.0020872586444530272,-0.052229360574692706,-52.229360574692706,2796.9439612158308,-1.863736817538278
534,0,8.046629561926238,1787085101.211885,0.014781208010390401,1668.5021023220484,2794.0453181809107,1668.5021023220484,False,1669.632986111111,2800.045315892092,1669.632986111111,False,0.9737159117890064,0.9743758807145847,0.0006599689255782915,-0.009602381891560836,-9.602381891560835,2796.986588194514,-0.3426485116885825
535,0,8.062294332892634,1787085101.228384,0.016452084062620997,1663.085337999132,2794.0453181809107,1663.085337999132,False,1665.829429796007,2800.045315892092,1665.829429796007,False,0.9705547592772449,0.9721561752073227,0.0016014159300777875,-0.037719337308108905,-37.719337308108905,2796.958471239097,-1.3459655048568693
536,0,8.07788604090456,1787085101.243073,0.014639749890193343,1665.2111653645836,2794.0453181809107,1665.2111653645836,False,1667.917626953125,2800.045315892092,1667.917626953125,False,0.9717953642058069,0.9733748196405593,0.0015794554347523526,-0.03706347217173957,-37.06347217173957,2796.9591271042336,-1.3225618102961592
537,0,8.092733415891416,1787085101.258073,0.014949999982491136,1670.5247748480901,2794.0453181809107,1670.5247748480901,False,1666.9800754123266,2800.045315892092,1666.9800754123266,False,0.9748963169081875,0.9728276768757242,-0.0020686400324632093,0.07188938137899469,71.88938137899468,2797.0680799577844,2.5652790957391765
538,0,8.107732604024932,1787085101.273068,0.01494579203426838,1671.3306884765625,2794.0453181809107,1671.3306884765625,False,1674.4704616970484,2800.045315892092,1674.4704616970484,False,0.975366637516402,0.9771989679281775,0.0018323304117755512,-0.04461575543456841,-44.615755434568406,2796.9515748209706,-1.5920552181904228
539,0,8.122981249936856,1787085101.288574,0.015461750095710158,1654.8317220052081,2794.0453181809107,1654.8317220052081,False,1658.0376871744793,2800.045315892092,1658.0376871744793,False,0.9657380573912268,0.9676090165549078,0.001870959163681074,-0.045769429395963505,-45.769429395963506,2796.9504211470094,-1.6332225733643844
540,0,8.138470874982886,1787085101.3040771,0.015431000152602792,1670.7184000651043,2794.0453181809107,1670.7184000651043,False,1674.0100667317706,2800.045315892092,1674.0100667317706,False,0.975009314041645,0.9769302874735502,0.0019209734319051153,-0.04726313954972224,-47.26313954972224,2796.9489274368557,-1.6865236779090151
541,0,8.153955603949726,1787085101.319499,0.015363791957497597,1659.1193793402776,2794.0453181809107,1659.1193793402776,False,1663.4861599392364,2800.045315892092,1663.4861599392364,False,0.9682402778952619,0.9707886736968495,0.0025483958015876107,-0.06600153556287468,-66.00153556287468,2796.9301890408424,-2.3551789738393762
542,0,8.16948062449228,1787085101.335157,0.015596832847222686,1661.7049343532985,2794.0453181809107,1661.7049343532985,False,1668.6684217664929,2800.045315892092,1668.6684217664929,False,0.9697491738406014,0.9738129736322431,0.00406379979164162,-0.11126010691396175,-111.26010691396175,2796.8849304694913,-3.9701722421482213
543,0,8.184956207987852,1787085101.3504431,0.015204916009679437,1663.2926323784723,2794.0453181809107,1663.2926323784723,False,1665.0731960720484,2800.045315892092,1665.0731960720484,False,0.9706757335542968,0.9717148471388564,0.0010391135845595478,-0.020925795128895124,-20.925795128895125,2796.9752647812766,-0.7467097890699088
544,0,8.200090645463206,1787085101.365406,0.014899208908900619,1664.0996012369792,2794.0453181809107,1664.0996012369792,False,1670.150257703993,2800.045315892092,1670.150257703993,False,0.9711466699808994,0.9746777536220295,0.003531083641130084,-0.09535017658116415,-95.35017658116415,2796.900840399824,-3.402447066127753
545,0,8.214545041555539,1787085101.379362,0.01390666700899601,1669.0748942057294,2794.0453181809107,1669.0748942057294,False,1668.8510633680555,2800.045315892092,1668.8510633680555,False,0.9740501856089241,0.9739195608719886,-0.0001306247369354807,0.0140092358152934,14.009235815293401,2797.0101998122204,0.4999013636630531
546,0,8.228895916021429,1787085101.394138,0.014697999926283956,1670.0336805555557,2794.0453181809107,1670.0336805555557,False,1671.6526177300348,2800.045315892092,1671.6526177300348,False,0.9746097207293969,0.9755545112003128,0.0009447904709158905,-0.018108771155805274,-18.108771155805275,2796.9780818052495,-0.6461879516059547
547,0,8.244198749540374,1787085101.409924,0.015718583017587662,1666.0855848524304,2794.0453181809107,1666.0855848524304,False,1671.8313096788193,2800.045315892092,1671.8313096788193,False,0.9723056639337544,0.9756587934745742,0.003353129540819788,-0.09003545628283302,-90.03545628283302,2796.9061551201225,-3.2127981830871044
548,0,8.259195665945299,1787085101.4241412,0.014170250156894326,1669.9773383246527,2794.0453181809107,1669.9773383246527,False,1672.627454969618,2800.045315892092,1672.627454969618,False,0.9745768401434752,0.9761234134092256,0.0015465732657503617,-0.03608142381914016,-36.08142381914016,2796.960109152586,-1.2875186918048873
549,0,8.273924749344587,1787085101.439394,0.01520533300936222,1664.0980034722227,2794.0453181809107,1664.0980034722227,False,1666.6438368055556,2800.045315892092,1666.6438368055556,False,0.9711457375463736,0.972631452441176,0.0014857148948024257,-0.03426384715843735,-34.26384715843734,2796.961926729247,-1.2226608320881154
550,0,8.288458645460196,1787085101.453197,0.013752875151112676,1661.0152913411457,2794.0453181809107,1661.0152913411457,False,1667.3046766493055,2800.045315892092,1667.3046766493055,False,0.9693467072369019,0.9730171098941142,0.0036704026572123016,-0.0995110337989781,-99.5110337989781,2796.8966795426063,-3.5509218455244826
551,0,8.302334416424856,1787085101.467159,0.013904666993767023,1672.0693929036456,2794.0453181809107,1672.0693929036456,False,1679.0286865234375,2800.045315892092,1679.0286865234375,False,0.9757977357174523,0.979859088066348,0.004061352348895708,-0.11118701237094183,-111.18701237094183,2796.8850035640344,-3.9675639584264144
552,0,8.316759311943315,1787085101.482042,0.01482245814986527,1664.2693332248261,2794.0453181809107,1664.2693332248261,False,1667.1493353949652,2800.045315892092,1667.1493353949652,False,0.9712457233396432,0.9729264547784281,0.0016807314387848882,-0.04008814894753197,-40.08814894753197,2796.9561024274576,-1.430493468010704
553,0,8.331010540947318,1787085101.4956548,0.013554499950259924,1668.5037706163196,2794.0453181809107,1668.5037706163196,False,1671.7170789930556,2800.045315892092,1671.7170789930556,False,0.9737168853836307,0.9755921299467382,0.0018752445631075032,-0.04589741576592287,-45.89741576592287,2796.9502931606394,-1.6377896005539134
554,0,8.344376707915217,1787085101.508811,0.013063000049442053,1664.5469319661456,2794.0453181809107,1664.5469319661456,False,1662.0485378689234,2800.045315892092,1662.0485378689234,False,0.9714077263189258,0.9699496963392217,-0.001458029979704123,0.05365309665105015,53.65309665105015,2797.0498436730563,1.9145409881191175
555,0,8.357927291537635,1787085101.5226939,0.013809832977131009,1669.9104600694445,2794.0453181809107,1669.9104600694445,False,1674.8898763020836,2800.045315892092,1674.8898763020836,False,0.9745378108721556,0.9774437327828284,0.0029059219106727374,-0.07667929609676971,-76.67929609676972,2796.9195112803086,-2.7362009740497326
556,0,8.371212832978927,1787085101.535409,0.012673999881371856,1665.931401909722,2794.0453181809107,1665.931401909722,False,1673.0124674479164,2800.045315892092,1673.0124674479164,False,0.9722156847935227,0.9763481016345714,0.004132416841048703,-0.1133094017864009,-113.30940178640091,2796.882881174619,-4.043298664944365
557,0,8.38612493686378,1787085101.552438,0.016889207996428013,1664.8505913628474,2794.0453181809107,1664.8505913628474,False,1668.9497395833332,2800.045315892092,1668.9497395833332,False,0.9715849379543928,0.9739771470151509,0.0023922090607580992,-0.0613369122674891,-61.3369122674891,2796.934853664138,-2.1887279570185947
558,0,8.401389415957965,1787085101.566032,0.013527999864891171,1665.6186360677082,2794.0453181809107,1665.6186360677082,False,1671.1332817925345,2800.045315892092,1671.1332817925345,False,0.9720331587561811,0.9752514335684632,0.003218274812282096,-0.08600792805035351,-86.00792805035351,2796.9101826483547,-3.069081075162486
559,0,8.414874479058199,1787085101.579398,0.013287957990542054,1671.7594265407984,2794.0453181809107,1671.7594265407984,False,1675.5940809461804,2800.045315892092,1675.5940809461804,False,0.9756168434193823,0.9778546973636691,0.0022378539442868828,-0.056726991679930845,-56.72699167993085,2796.939463584725,-2.0242289351959335
560,0,8.429159353952855,1787085101.594636,0.015127708204090595,1661.9361111111114,2794.0453181809107,1661.9361111111114,False,1664.877189127604,2800.045315892092,1664.877189127604,False,0.9698840855600442,0.9716004600605536,0.0017163745005093212,-0.04115265323999391,-41.15265323999391,2796.9550379231655,-1.4684789194973562
561,0,8.444783061975613,1787085101.61061,0.01584970811381936,1662.6869249131946,2794.0453181809107,1662.6869249131946,False,1665.652956814236,2800.045315892092,1665.652956814236,False,0.9703222506332928,0.9720531878930652,0.0017309372597723582,-0.04158757995491656,-41.58757995491656,2796.9546029964504,-1.4839987137780675
562,0,8.460928124375641,1787085101.626951,0.016208583023399115,1665.6281331380208,2794.0453181809107,1665.6281331380208,False,1668.3367431640625,2800.045315892092,1668.3367431640625,False,0.9720387011216752,0.973619410356334,0.0015807092346588059,-0.037100917759119986,-37.10091775911999,2796.959089658646,-1.3238980073908073
563,0,8.476629520417191,1787085101.641968,0.01492079091258347,1665.9959906684028,2794.0453181809107,1665.9959906684028,False,1669.3525282118055,2800.045315892092,1669.3525282118055,False,0.9722533779447406,0.9742122091682553,0.001958831223514701,-0.04839378825726323,-48.39378825726323,2796.947796788148,-1.7268694068392532
564,0,8.49130333296489,1787085101.656307,0.014262583805248141,1668.1227077907988,2794.0453181809107,1668.1227077907988,False,1669.798508029514,2800.045315892092,1669.798508029514,False,0.9734945021237688,0.9744724771320987,0.0009779750083299676,-0.019099849946784504,-19.099849946784502,2796.9770907264583,-0.6815533095484051
565,0,8.505725249415264,1787085101.670893,0.01444541709497571,1660.3862331814234,2794.0453181809107,1660.3862331814234,False,1667.6758626302083,2800.045315892092,1667.6758626302083,False,0.9689795971573222,0.9732337291571855,0.004254131999863353,-0.11694450782800861,-116.94450782800861,2796.8792460685772,-4.173012697259799
566,0,8.520653854007833,1787085101.6860778,0.015072792069986463,1662.2117160373266,2794.0453181809107,1662.2117160373266,False,1668.0947509765624,2800.045315892092,1668.0947509765624,False,0.9700449249750199,0.9734781868941823,0.003433261919162378,-0.09242866428977588,-92.42866428977588,2796.9037619121154,-3.2981966988929443
567,0,8.535743395448662,1787085101.701072,0.014908291166648269,1661.310964626736,2794.0453181809107,1661.310964626736,False,1672.2112413194445,2800.045315892092,1672.2112413194445,False,0.9695192582828187,0.9758805165897888,0.006361258306970097,-0.1798752688276179,-179.8752688276179,2796.8163153075775,-6.418615073780256
568,0,8.550152561976574,1787085101.714899,0.013755792053416371,1662.0845865885417,2794.0453181809107,1662.0845865885417,False,1668.732568359375,2800.045315892092,1668.732568359375,False,0.969970733898505,0.9738504087413085,0.0038796748428034933,-0.10576109002526489,-105.76109002526489,2796.89042948638,-3.7739469749238115
569,0,8.564181208028458,1787085101.72913,0.014168415917083621,1669.2714518229168,2794.0453181809107,1669.2714518229168,False,1665.890134006076,2800.045315892092,1665.890134006076,False,0.9741648940526068,0.9721916013869929,-0.001973292665613857,0.06904176738694238,69.04176738694238,2797.065232343792,2.463665693225178
570,0,8.578961561899632,1787085101.7444701,0.015278541948646307,1662.941653103299,2794.0453181809107,1662.941653103299,False,1664.2687662760418,2800.045315892092,1664.2687662760418,False,0.9704709066592819,0.9712453924757793,0.0007744858164974167,-0.013022506764257763,-13.022506764257763,2796.983168069641,-0.464691220534462
571,0,8.59437010390684,1787085101.759955,0.015411457978188992,1662.045334201389,2794.0453181809107,1662.045334201389,False,1664.7795057508679,2800.045315892092,1664.7795057508679,False,0.9699478267209275,0.9715434533249235,0.0015956266039960365,-0.037546435145210215,-37.54643514521022,2796.9586441412603,-1.3397957160009355
572,0,8.609734145458788,1787085101.775177,0.015155375003814697,1665.6405056423614,2794.0453181809107,1665.6405056423614,False,1671.3981662326391,2800.045315892092,1671.3981662326391,False,0.9720459215527004,0.9754060166485542,0.0033600950958537767,-0.09024348732377971,-90.2434873237797,2796.9059470890816,-3.2202215002776087
573,0,8.625291374512017,1787085101.7910762,0.015844833105802536,1657.5455186631946,2794.0453181809107,1657.5455186631946,False,1665.2784640842015,2800.045315892092,1665.2784640842015,False,0.9673217934761641,0.9718346388546334,0.004512845378469299,-0.12467115892696784,-124.67115892696783,2796.8715194174783,-4.448728194653434
574,0,8.64133174996823,1787085101.8072572,0.016129250172525644,1665.402956814236,2794.0453181809107,1665.402956814236,False,1665.6757161458336,2800.045315892092,1665.6757161458336,False,0.9719072911767179,0.9720664699400505,0.0001591787633326014,0.005354057076975367,5.354057076975367,2797.0015446334824,0.19105256483640332
575,0,8.657007915899158,1787085101.822433,0.015128999948501587,1666.494308810764,2794.0453181809107,1666.494308810764,False,1670.259130859375,2800.045315892092,1670.259130859375,False,0.9725441898674078,0.9747412905655038,0.0021971006980960883,-0.055509868251049845,-55.509868251049845,2796.940680708154,-1.9807974682789695
576,0,8.672381874988787,1787085101.838001,0.015521750086918473,1661.3034586588542,2794.0453181809107,1661.3034586588542,False,1668.3819281684027,2800.045315892092,1668.3819281684027,False,0.9695148778985508,0.9736457797313796,0.004130901832828715,-0.11326415503499217,-113.26415503499217,2796.8829264213705,-4.04168409345533
577,0,8.686941874446347,1787085101.851556,0.01351033290848136,1669.4759575737844,2794.0453181809107,1669.4759575737844,False,1675.319455295139,2800.045315892092,1675.319455295139,False,0.9742842409227096,0.9776944294408225,0.003410188518112922,-0.09173956146665883,-91.73956146665883,2796.904451014939,-3.2736069607000724
578,0,8.701050915988162,1787085101.866217,0.014614250045269728,1666.8539143880212,2794.0453181809107,1666.8539143880212,False,1671.7795057508679,2800.045315892092,1671.7795057508679,False,0.9727540509590156,0.9756285613826462,0.0028745104236306274,-0.07574117066165822,-75.74117066165823,2796.9204494057435,-2.702725187755432
579,0,8.715800124919042,1787085101.881053,0.014791749883443117,1668.6775065104168,2794.0453181809107,1668.6775065104168,False,1673.7270914713542,2800.045315892092,1673.7270914713542,False,0.9738182753694724,0.9767651468283411,0.0029468714588687384,-0.07790228221861398,-77.90228221861398,2796.918288294187,-2.779841643541749
580,0,8.731531895464286,1787085101.897751,0.01658587483689189,1662.8797607421875,2794.0453181809107,1662.8797607421875,False,1672.8367702907985,2800.045315892092,1672.8367702907985,False,0.9704347870902694,0.9762455670813912,0.005810779991121784,-0.1634348593404031,-163.4348593404031,2796.832755717065,-5.831960438923891
581,0,8.747900811955333,1787085101.913725,0.015825957991182804,1670.2636691623266,2794.0453181809107,1670.2636691623266,False,1671.888978407118,2800.045315892092,1671.888978407118,False,0.9747439390594975,0.975692448186953,0.0009485091274554769,-0.01821983136379711,-18.21983136379711,2796.9779707450416,-0.6501509907149982
582,0,8.763267207890749,1787085101.928544,0.014638334047049284,1666.1893364800349,2794.0453181809107,1666.1893364800349,False,1668.7541178385418,2800.045315892092,1668.7541178385418,False,0.9723662120208871,0.9738629847343062,0.0014967727134190811,-0.03459409643594614,-34.594096435946135,2796.9615964799696,-1.2344453481282522
583,0,8.777801187010482,1787085101.942709,0.014076957944780588,1664.2865261501738,2794.0453181809107,1664.2865261501738,False,1666.6070312499996,2800.045315892092,1666.6070312499996,False,0.9712557569050537,0.9726099732023802,0.0013542162973264604,-0.03033655206386541,-30.33655206386541,2796.9658540243413,-1.0825204133551745
584,0,8.79184404143598,1787085101.956662,0.013873167103156447,1664.2137966579862,2794.0453181809107,1664.2137966579862,False,1669.3929606119789,2800.045315892092,1669.3929606119789,False,0.9712133129286867,0.9742358049859328,0.003022492057246029,-0.08016074284675877,-80.16074284675877,2796.9160298335587,-2.8604318743490853
585,0,8.805934999487363,1787085101.970863,0.014131833100691438,1664.1109456380207,2794.0453181809107,1664.1109456380207,False,1669.2151719835074,2800.045315892092,1669.2151719835074,False,0.971153290424343,0.9741320498775412,0.002978759453198254,-0.07885463886811311,-78.85463886811311,2796.9173359375372,-2.8138252522164255
586,0,8.82068331190385,1787085101.98617,0.015251291915774345,1660.5315565321184,2794.0453181809107,1660.5315565321184,False,1665.6151312934023,2800.045315892092,1665.6151312934023,False,0.9690644059560221,0.9720311134159302,0.0029667074599081245,-0.0784946978874742,-78.49469788747419,2796.917695878518,-2.800981226358628
587,0,8.836132228956558,1787085102.0017622,0.015539707848802209,1671.2282335069444,2794.0453181809107,1671.2282335069444,False,1675.347998046875,2800.045315892092,1675.347998046875,False,0.9753068461418389,0.9777110866158377,0.0024042404739987866,-0.06169623861094729,-61.69623861094729,2796.934494337794,-2.2015500503478194
588,0,8.851402645464987,1787085102.016725,0.01490204082801938,1658.8123345269098,2794.0453181809107,1658.8123345269098,False,1668.7234456380206,2800.045315892092,1668.7234456380206,False,0.9680610905750946,0.9738450848409494,0.005783994265854853,-0.16263488542840301,-162.634885428403,2796.833555690977,-5.803414410091458
589,0,8.865942270494998,1787085102.030828,0.014032708946615458,1667.4174506293402,2794.0453181809107,1667.4174506293402,False,1671.0038655598958,2800.045315892092,1671.0038655598958,False,0.97308292330762,0.9751759079549271,0.0020929846473071168,-0.052400371546307674,-52.400371546307674,2796.943790204859,-1.8698391216923949
590,0,8.880292895482853,1787085102.045426,0.014530959073454142,1664.3104790581594,2794.0453181809107,1664.3104790581594,False,1668.6695638020833,2800.045315892092,1668.6695638020833,False,0.971269735507542,0.9738136401092133,0.0025439046016713096,-0.06586740282124408,-65.86740282124408,2796.930323173584,-2.350392621368972
591,0,8.895215395488776,1787085102.060666,0.015181374968960881,1665.0000732421875,2794.0453181809107,1665.0000732421875,False,1667.9036702473957,2800.045315892092,1667.9036702473957,False,0.9716721736157894,0.9733666746904116,0.0016945010746222122,-0.040499388491648386,-40.49938849164839,2796.9556911879135,-1.445168016401955
592,0,8.909799666376784,1787085102.074612,0.013873416930437088,1659.8297905815973,2794.0453181809107,1659.8297905815973,False,1661.3678249782988,2800.045315892092,1661.3678249782988,False,0.9686548645647207,0.9695524412371521,0.0008975766724313994,-0.016698698936456008,-16.698698936456008,2796.9794918774687,-0.5958713579951473
593,0,8.923742916435003,1787085102.0885382,0.013853332959115505,1672.4671793619793,2794.0453181809107,1672.4671793619793,False,1676.7179009331599,2800.045315892092,1676.7179009331599,False,0.9760298786697654,0.9785105439471319,0.002480665277366456,-0.06397871736836774,-63.97871736836775,2796.932211859037,-2.2829973368672474
594,0,8.937557061901316,1787085102.1022458,0.013639207929372787,1667.4587836371527,2794.0453181809107,1667.4587836371527,False,1674.8794840494788,2800.045315892092,1674.8794840494788,False,0.9731070447080864,0.9774376680007063,0.004330623292619906,-0.11922897233627215,-119.22897233627215,2796.876961604069,-4.254530842715963
595,0,8.951677082921378,1787085102.116719,0.014362916117534041,1666.1804090711807,2794.0453181809107,1666.1804090711807,False,1672.2505669487848,2800.045315892092,1672.2505669487848,False,0.9723610021023379,0.9759034665105449,0.0035424644082070467,-0.09569007093419701,-95.69007093419701,2796.900500505471,-3.4145757541463393
596,0,8.965807020431384,1787085102.130566,0.013788708951324224,1662.2329182942708,2794.0453181809107,1662.2329182942708,False,1667.778990342882,2800.045315892092,1667.778990342882,False,0.9700572983336891,0.9732939131357595,0.003236614802070381,-0.08655566432520767,-86.55566432520767,2796.90963491208,-3.088626331901501
597,0,8.98014893697109,1787085102.145396,0.014771042158827186,1671.634828016493,2794.0453181809107,1671.634828016493,False,1673.436238606771,2800.045315892092,1673.436238606771,False,0.9755441293571507,0.9765954089168096,0.0010512795596588909,-0.02128914025382748,-21.28914025382748,2796.9749014361514,-0.7596752873903612
598,0,8.994990707957186,1787085102.160266,0.014805333921685815,1665.2399631076391,2794.0453181809107,1665.2399631076391,False,1670.8111572265625,2800.045315892092,1670.8111572265625,False,0.9718121701904069,0.9750634459027429,0.003251275712335966,-0.0869935223866103,-86.99352238661031,2796.9091970540185,-3.1042507274696796
599,0,9.009921082877554,1787085102.175244,0.014904415933415294,1663.385302734375,2794.0453181809107,1663.385302734375,False,1665.0512017144097,2800.045315892092,1665.0512017144097,False,0.9707298147568126,0.9717020115206257,0.0009721967638131046,-0.018927278742361876,-18.927278742361874,2796.977263297663,-0.6753953305153395
600,0,9.024521437473595,1787085102.1894588,0.014153374824672937,1665.9895806206598,2794.0453181809107,1665.9895806206598,False,1670.4156928168406,2800.045315892092,1670.4156928168406,False,0.9722496371250713,0.9748326580675003,0.002583020942429015,-0.06703563895549956,-67.03563895549956,2796.9291549374498,-2.392079608746059
601,0,9.038826228468679,1787085102.2038589,0.014350124867632985,1661.110232204861,2794.0453181809107,1661.110232204861,False,1668.072691514757,2800.045315892092,1668.072691514757,False,0.9694021134779547,0.9734653132820151,0.004063199804060447,-0.111242187876576,-111.242187876576,2796.8849483885288,-3.969532824599486
602,0,9.05367254151497,1787085102.2191548,0.015245917020365596,1668.9323160807294,2794.0453181809107,1668.9323160807294,False,1675.3283474392363,2800.045315892092,1675.3283474392363,False,0.9739669788878823,0.9776996187793228,0.003732639891440459,-0.10136979114982089,-101.3697911498209,2796.8948207852554,-3.617249184621071
603,0,9.068516874453053,1787085102.2335732,0.014337082859128714,1661.4076334635415,2794.0453181809107,1661.4076334635415,False,1669.6637559678816,2800.045315892092,1669.6637559678816,False,0.9695756729462708,0.9743938375988459,0.004818164652575119,-0.13378972680898052,-133.78972680898053,2796.8624008495963,-4.774112432521429
604,0,9.08362531196326,1787085102.249331,0.015670707914978266,1666.3466796875,2794.0453181809107,1666.3466796875,False,1671.1897243923609,2800.045315892092,1671.1897243923609,False,0.9724580354501219,0.9752843727283702,0.0028263372782483254,-0.07430244689439831,-74.30244689439832,2796.921888129511,-2.6513862009134423
605,0,9.098773666424677,1787085102.263885,0.0144808329641819,1662.9439019097222,2794.0453181809107,1662.9439019097222,False,1666.4472303602429,2800.045315892092,1666.4472303602429,False,0.9704722190331734,0.9725167155020407,0.002044496468867285,-0.05095223910241385,-50.95223910241385,2796.9452383373027,-1.8181643984589584
606,0,9.114416645490564,1787085102.2806132,0.01667429110966623,1673.7385606553817,2794.0453181809107,1673.7385606553817,False,1672.7861762152777,2800.045315892092,1672.7861762152777,False,0.9767718400934963,0.9762160410434507,-0.0005557990500455467,0.026707355995018903,26.707355995018904,2797.0228979324,0.953017270732904
607,0,9.130710437544622,1787085102.296563,0.015808874974027276,1668.075935872396,2794.0453181809107,1668.075935872396,False,1669.84228515625,2800.045315892092,1669.84228515625,False,0.9734672066465199,0.9744980248882662,0.001030818241746334,-0.02067804907104016,-20.67804907104016,2796.975512527334,-0.737869293143026
608,0,9.146907353424467,1787085102.3128362,0.016119375126436353,1670.1784288194444,2794.0453181809107,1670.1784288194444,False,1676.0316433376738,2800.045315892092,1676.0316433376738,False,0.9746941939149902,0.9781100530281328,0.003415859113142572,-0.09190891764589351,-91.90891764589351,2796.9042816587594,-3.2796502157398484
609,0,9.162691853474826,1787085102.3282151,0.01530712516978383,1661.991170247396,2794.0453181809107,1661.991170247396,False,1666.960183376736,2800.045315892092,1666.960183376736,False,0.9699162173487996,0.9728160681450277,0.0028998507962281206,-0.07649797813266529,-76.4979781326653,2796.919692598273,-2.729730878270957
610,0,9.178085978957824,1787085102.343621,0.0153397920075804,1666.885365125868,2794.0453181809107,1666.885365125868,False,1670.0417968750003,2800.045315892092,1670.0417968750003,False,0.9727724051965297,0.9746144573068201,0.0018420521102903153,-0.04490610057604354,-44.906100576043535,2796.951284475829,-1.6024158070241057
611,0,9.19322931196075,1787085102.358507,0.014816708164289594,1658.7554063585071,2794.0453181809107,1658.7554063585071,False,1666.0568332248263,2800.045315892092,1666.0568332248263,False,0.9680278680437442,0.9722888848615261,0.004261016817781904,-0.1171501276000635,-117.1501276000635,2796.8790404488054,-4.180349971455306
612,0,9.208164187031798,1787085102.373475,0.01491095800884068,1676.5860921223957,2794.0453181809107,1676.5860921223957,False,1677.4816596137157,2800.045315892092,1677.4816596137157,False,0.9784336220564274,0.978956263481431,0.0005226414250036893,-0.005501002639549912,-5.501002639549911,2796.990689573766,-0.19629612616150127
613,0,9.223536041448824,1787085102.389262,0.0157383328769356,1661.9578857421875,2794.0453181809107,1661.9578857421875,False,1670.1926730685766,2800.045315892092,1670.1926730685766,False,0.969896792948739,0.9747025066716911,0.004805713722952132,-0.1334178713232963,-133.4178713232963,2796.862772705082,-4.760843253043688
614,0,9.239275978994556,1787085102.405046,0.01564229209907353,1670.4189968532985,2794.0453181809107,1670.4189968532985,False,1675.529060872396,2800.045315892092,1675.529060872396,False,0.9748345862597799,0.9778167525026219,0.002982166242841977,-0.07895638495904367,-78.95638495904367,2796.9172341914464,-2.8174559291694146
615,0,9.254516291548498,1787085102.4196239,0.014397667022421956,1665.7419596354164,2794.0453181809107,1665.7419596354164,False,1678.943532986111,2800.045315892092,1678.943532986111,False,0.9721051287704886,0.9798093935804228,0.007704264809934247,-0.21998507191531508,-219.98507191531507,2796.77620550449,-7.849881241625574
616,0,9.269488020450808,1787085102.434988,0.015277459053322673,1661.581277126736,2794.0453181809107,1661.581277126736,False,1674.4025282118055,2800.045315892092,1674.4025282118055,False,0.9696770091073692,0.9771593228384696,0.007482313731100421,-0.21335635191472074,-213.35635191472073,2796.7828342244907,-7.613343987821893
617,0,9.284208311932161,1787085102.4490921,0.014054541941732168,1661.7716552734375,2794.0453181809107,1661.7716552734375,False,1669.3147569444445,2800.045315892092,1669.3147569444445,False,0.9697881112932413,0.9741901663527345,0.004402055059493204,-0.1213623306611728,-121.3623306611728,2796.874828245744,-4.330656960504311
618,0,9.298216270515695,1787085102.463007,0.013860790990293026,1668.8149983723956,2794.0453181809107,1668.8149983723956,False,1675.2206108940968,2800.045315892092,1675.2206108940968,False,0.9738985138142211,0.977636745146657,0.003738231332435893,-0.1015367833399617,-101.5367833399617,2796.894653793065,-3.62320808378396
619,0,9.312984979012981,1787085102.478674,0.015560457948595285,1660.0555094401043,2794.0453181809107,1660.0555094401043,False,1667.8600830078126,2800.045315892092,1667.8600830078126,False,0.968786591125816,0.9733412377498923,0.004554646624076342,-0.12591958157154806,-125.91958157154806,2796.870270994834,-4.493276533383816
620,0,9.32830681244377,1787085102.493576,0.01480387500487268,1669.860484483507,2794.0453181809107,1669.860484483507,False,1676.1544867621528,2800.045315892092,1676.1544867621528,False,0.9745086457766123,0.9781817428371582,0.00367309706054586,-0.09959150398799756,-99.59150398799756,2796.8965990724173,-3.5537933195831273
621,0,9.342553291004151,1787085102.507191,0.01355049991980195,1661.1497151692706,2794.0453181809107,1661.1497151692706,False,1665.1436442057293,2800.045315892092,1665.1436442057293,False,0.9694251552173908,0.9717559597443637,0.002330804526972874,-0.059503024082002795,-59.503024082002796,2796.9366875523233,-2.1232880417500284
622,0,9.35694937442895,1787085102.522368,0.015125083038583398,1663.869864908854,2794.0453181809107,1663.869864908854,False,1670.316552734375,2800.045315892092,1670.316552734375,False,0.9710125988773028,0.9747748012175398,0.003762202340236942,-0.10225269379951024,-102.25269379951024,2796.8939378826058,-3.6487544176245446
623,0,9.371423166478053,1787085102.536135,0.013718583155423403,1667.3686360677082,2794.0453181809107,1667.3686360677082,False,1675.742716471354,2800.045315892092,1675.742716471354,False,0.9730544357706119,0.9779414391038906,0.004887003333278739,-0.1358456408509044,-135.8456408509044,2796.860344935554,-4.847475051773636
624,0,9.385201875003986,1787085102.54993,0.013747750082984567,1657.9724365234374,2794.0453181809107,1657.9724365234374,False,1669.5423909505207,2800.045315892092,1669.5423909505207,False,0.9675709371320017,0.9743230105687963,0.006752073436794626,-0.19154722861810083,-191.54722861810083,2796.804643347787,-6.8351137816907235
625,0,9.398813645471819,1787085102.563358,0.013383209006860852,1665.8241780598958,2794.0453181809107,1665.8241780598958,False,1675.5565511067712,2800.045315892092,1675.5565511067712,False,0.9721531103631077,0.9778327954423297,0.005679685079222008,-0.15951962059026029,-159.51962059026027,2796.836670955815,-5.6922502351648685
626,0,9.41267022897955,1787085102.577642,0.014241541968658566,1663.4846625434031,2794.0453181809107,1663.4846625434031,False,1675.57451171875,2800.045315892092,1675.57451171875,False,0.970787799836309,0.977843277019575,0.007055477183265935,-0.20060858796384828,-200.6085879638483,2796.7955819884414,-7.158456607331154
627,0,9.426834270474501,1787085102.591687,0.014004208846017718,1663.8514458550349,2794.0453181809107,1663.8514458550349,False,1672.1675211588542,2800.045315892092,1672.1675211588542,False,0.9710018497594212,0.9758550020783155,0.004853152318894383,-0.13483465727168967,-134.83465727168968,2796.8613559191335,-4.811399417345478
628,0,9.441090687410906,1787085102.6061592,0.014429375063627958,1660.6002549913196,2794.0453181809107,1660.6002549913196,False,1673.3892496744788,2800.045315892092,1673.3892496744788,False,0.9691044974744843,0.9765679867931052,0.007463489318620842,-0.2127941480265556,-212.7941480265556,2796.7833964283786,-7.593282473114317
629,0,9.455803853925318,1787085102.621143,0.014905457850545645,1661.2014756944445,2794.0453181809107,1661.2014756944445,False,1675.8617431640625,2800.045315892092,1675.8617431640625,False,0.9694553619800279,0.978010901518386,0.008555539538358081,-0.24540897094726513,-245.40897094726512,2796.750781605458,-8.757100019528444
630,0,9.47045070794411,1787085102.635403,0.014188915956765413,1662.4235677083336,2794.0453181809107,1662.4235677083336,False,1673.0692301432289,2800.045315892092,1673.0692301432289,False,0.9701685588276303,0.9763812275979998,0.006212668770369523,-0.17543754120620497,-175.43754120620497,2796.8207530351992,-6.260260534049563
631,0,9.485157790943049,1787085102.6504161,0.014811000088229775,1654.1957763671876,2794.0453181809107,1654.1957763671876,False,1672.996457248264,2800.045315892092,1672.996457248264,False,0.9653669278697765,0.9763387582923421,0.010971830422565554,-0.3175731424194464,-317.5731424194464,2796.678617433986,-11.332184642429574
632,0,9.4994380408898,1787085102.66412,0.013655249960720539,1665.1625,2794.0453181809107,1665.1625,False,1671.7736273871528,2800.045315892092,1671.7736273871528,False,0.9717669637382365,0.9756251308467921,0.003858167108555688,-0.10511874690656964,-105.11874690656964,2796.8910718294987,-3.751025795980932
633,0,9.51319514552597,1787085102.67799,0.013763875002041459,1655.135812717014,2794.0453181809107,1655.135812717014,False,1670.499365234375,2800.045315892092,1670.499365234375,False,0.9659155207365234,0.9748814881913688,0.008965967454845347,-0.2576666799573588,-257.66667995735884,2796.738523896448,-9.1945004266828
634,0,9.52798852045089,1787085102.693658,0.015537625178694725,1669.1712510850691,2794.0453181809107,1669.1712510850691,False,1676.0855577256946,2800.045315892092,1676.0855577256946,False,0.9741064182180966,0.9781415167568372,0.004035098538740622,-0.11040292446570972,-110.40292446570972,2796.8857876519396,-3.9395848010887
635,0,9.543424978852272,1787085102.708823,0.015083041973412037,1661.8717881944444,2794.0453181809107,1661.8717881944444,False,1670.4556749131946,2800.045315892092,1670.4556749131946,False,0.969846547550734,0.9748559910937832,0.005009443543049219,-0.13950240103268394,-139.50240103268393,2796.8566881753727,-4.97796178392392
636,0,9.557981082936749,1787085102.7228138,0.01392624992877245,1661.2536810980903,2794.0453181809107,1661.2536810980903,False,1675.9309814453125,2800.045315892092,1675.9309814453125,False,0.969485828367898,0.9780513080699056,0.008565479702007606,-0.245705840698649,-245.705840698649,2796.750484735707,-8.76769343058268
637,0,9.571614270447753,1787085102.7360609,0.013170459074899554,1660.0123128255207,2794.0453181809107,1660.0123128255207,False,1670.5935384114582,2800.045315892092,1670.5935384114582,False,0.9687613821489157,0.9749364464205864,0.006175064271670694,-0.17431445726380215,-174.31445726380215,2796.8218761191415,-6.220184743926711
638,0,9.58511587488465,1787085102.749832,0.013711499981582165,1663.423228624132,2794.0453181809107,1663.423228624132,False,1675.427978515625,2800.045315892092,1675.427978515625,False,0.970751947807933,0.9777577621668878,0.007005814358954865,-0.19912537392169777,-199.12537392169776,2796.7970652024837,-7.105530042881022
639,0,9.598505895468406,1787085102.762847,0.012952790828421712,1664.3666748046876,2794.0453181809107,1664.3666748046876,False,1678.395773654514,2800.045315892092,1678.395773654514,False,0.9713025306071066,0.9794897284291085,0.008187197822001946,-0.2344081949425168,-234.40819494251681,2796.7617823814626,-8.364551632262232
640,0,9.611475645448081,1787085102.775787,0.012864209013059735,1659.0100260416668,2794.0453181809107,1659.0100260416668,False,1677.0832845052087,2800.045315892092,1677.0832845052087,False,0.9681764607465057,0.9787237770006085,0.010547316254102879,-0.3048947379088243,-304.8947379088243,2796.6912958384964,-10.879772263375118
641,0,9.625315082957968,1787085102.790487,0.014632666017860174,1654.3549533420141,2794.0453181809107,1654.3549533420141,False,1668.1908365885415,2800.045315892092,1668.1908365885415,False,0.9654598214615577,0.9735342611952862,0.008074439733728456,-0.23104059790764556,-231.04059790764555,2796.7651499784974,-8.244383311006478
642,0,9.63962835399434,1787085102.804466,0.013891541864722967,1656.6802815755207,2794.0453181809107,1656.6802815755207,False,1666.6963406032987,2800.045315892092,1666.6963406032987,False,0.9668168524763502,0.9726620929679219,0.005845240491571757,-0.1644640456357049,-164.4640456357049,2796.8317265307696,-5.868685613606369
643,0,9.65359789552167,1787085102.81836,0.013814541045576334,1660.1445963541669,2794.0453181809107,1660.1445963541669,False,1676.023250325521,2800.045315892092,1676.023250325521,False,0.968838581078741,0.9781051549764794,0.00926657389773844,-0.26664449592825945,-266.64449592825946,2796.729546080477,-9.514862115624444
644,0,9.667483562487178,1787085102.832316,0.013855375116690993,1663.6754258897568,2794.0453181809107,1663.6754258897568,False,1677.4511040581597,2800.045315892092,1677.4511040581597,False,0.9708991268196386,0.978938431660544,0.008039304840905315,-0.22999127042521478,-229.99127042521476,2796.76619930598,-8.20693942425117
645,0,9.683095999993384,1787085102.849535,0.017090999986976385,1662.8685519748265,2794.0453181809107,1662.8685519748265,False,1674.9411241319442,2800.045315892092,1674.9411241319442,False,0.9704282458008603,0.9774736403432146,0.007045394542354311,-0.2003074630320802,-200.3074630320802,2796.7958831133733,-7.14771135569798
646,0,9.699667686945759,1787085102.8654678,0.015811457997187972,1657.7533962673613,2794.0453181809107,1657.7533962673613,False,1670.7265814887153,2800.045315892092,1670.7265814887153,False,0.9674431081155643,0.9750140886130045,0.007570980497440205,-0.2160044452266014,-216.0044452266014,2796.7801861311787,-7.707837754303504
647,0,9.714894687058404,1787085102.879953,0.014397541992366314,1673.5855875651039,2794.0453181809107,1673.5855875651039,False,1676.1301622178821,2800.045315892092,1676.1301622178821,False,0.9766825670072522,0.9781675473526152,0.0014849803453630406,-0.03424190933959068,-34.241909339590684,2796.961948667066,-1.2218780095486255
648,0,9.72996708296705,1787085102.895636,0.015623334096744657,1658.840673828125,2794.0453181809107,1658.840673828125,False,1661.4127468532988,2800.045315892092,1661.4127468532988,False,0.9680776290190581,0.9695786570533708,0.0015010280343126237,-0.034721184490053285,-34.72118449005328,2796.961469391915,-1.2389803200846876
649,0,9.746122395503335,1787085102.912263,0.016568958992138505,1670.4754937065968,2794.0453181809107,1670.4754937065968,False,1669.8054850260419,2800.045315892092,1669.8054850260419,False,0.9748675570813006,0.9744765488156322,-0.0003910082656684022,0.0217857670842831,21.785767084283098,2797.0179763434894,0.7773967700643413
650,0,9.76361854141578,1787085102.9307442,0.01831041695550084,1669.5195421006945,2794.0453181809107,1669.5195421006945,False,1667.5954155815973,2800.045315892092,1667.5954155815973,False,0.9743096762801485,0.9731867813162568,-0.0011228949638917296,0.04364406135422985,43.644061354229855,2797.0398346377597,1.557381578440974
651,0,9.781376353930682,1787085102.947523,0.016578707844018936,1669.853049045139,2794.0453181809107,1669.853049045139,False,1663.7134765625,2800.045315892092,1663.7134765625,False,0.9745043065524424,0.9709213326924708,-0.0035829738599715277,0.11711599159744036,117.11599159744037,2797.113306568003,4.179131872589222
652,0,9.796821207972243,1787085102.961783,0.014194999821484089,1666.3070963541663,2794.0453181809107,1666.3070963541663,False,1657.2630723741318,2800.045315892092,1657.2630723741318,False,0.9724349351367001,0.9671569615316892,-0.005277973605010922,0.16773831238082812,167.73831238082812,2797.163928888786,5.985523564831149
653,0,9.8113050829852,1787085102.9765198,0.01463850005529821,1672.2747585720488,2794.0453181809107,1672.2747585720488,False,1665.41220703125,2800.045315892092,1665.41220703125,False,0.9759175844241342,0.9719126894818694,-0.004004894942264858,0.12971695182509557,129.71695182509558,2797.1259075282305,4.628780753107892
654,0,9.826855270424858,1787085102.992861,0.016211959067732096,1670.8681260850694,2794.0453181809107,1670.8681260850694,False,1659.2817654079859,2800.045315892092,1659.2817654079859,False,0.9750966921803037,0.9683350442714986,-0.0067616479088050685,0.21204925506064026,212.04925506064026,2797.208239831466,7.566701936220392
655,0,9.845043853856623,1787085103.0128791,0.01989579200744629,1677.848347981771,2794.0453181809107,1677.848347981771,False,1660.9780219184026,2800.045315892092,1660.9780219184026,False,0.9791702579967191,0.9693249572913083,-0.009845300705410787,0.3041446441668713,304.14464416687133,2797.3003352205724,10.853006143550932
656,0,9.863795499433763,1787085103.030358,0.017392082838341594,1682.5724527994794,2794.0453181809107,1682.5724527994794,False,1659.3787489149304,2800.045315892092,1659.3787489149304,False,0.9819271835190544,0.9683916425723108,-0.013535540946743585,0.4143561800749038,414.3561800749038,2797.41054675648,14.785761492824145
657,0,9.88032537442632,1787085103.045974,0.015515416860580444,1679.1275065104169,2794.0453181809107,1679.1275065104169,False,1655.8532552083332,2800.045315892092,1655.8532552083332,False,0.9799167581127871,0.9663342107511292,-0.01358254736165787,0.41576005864281046,415.76005864281046,2797.411950635048,14.835857074036912
658,0,9.896376291406341,1787085103.062446,0.016355166910216212,1676.5778103298612,2794.0453181809107,1676.5778103298612,False,1652.2394070095484,2800.045315892092,1652.2394070095484,False,0.9784287889110824,0.9642252164088089,-0.014203572502273554,0.43430739705675514,434.3073970567551,2797.430497973462,15.49769472797442
659,0,9.912480187020265,1787085103.078151,0.015616291901096702,1681.447886827257,2794.0453181809107,1681.447886827257,False,1651.850013563368,2800.045315892092,1651.850013563368,False,0.981270901588402,0.9639979715081495,-0.017272930080252547,0.5259758497312206,525.9758497312206,2797.5221664261367,18.76876426388883
660,0,9.927718166378327,1787085103.0929332,0.014722333056852221,1681.5020616319446,2794.0453181809107,1681.5020616319446,False,1657.510267469618,2800.045315892092,1657.510267469618,False,0.9813025172928527,0.9673012213426034,-0.014001295950249237,0.42826627018726726,428.26627018726725,2797.4244568465924,15.282124970998689
661,0,9.94232589553576,1787085103.10737,0.01438104105181992,1680.8404269748266,2794.0453181809107,1680.8404269748266,False,1655.7772840711805,2800.045315892092,1655.7772840711805,False,0.9809163959972725,0.9662898749933383,-0.014626521003934245,0.4469390418629455,446.9390418629455,2797.4431296182684,15.948438547778528
662,0,9.956848978530616,1787085103.121985,0.014558875001966953,1684.4573703342016,2794.0453181809107,1684.4573703342016,False,1655.0091769748265,2800.045315892092,1655.0091769748265,False,0.9830271966346597,0.965841617780694,-0.017185578853965655,0.5233670459182062,523.3670459182061,2797.5195576223236,18.675672492085575
663,0,9.971065478981473,1787085103.135796,0.013762708054855466,1682.209521484375,2794.0453181809107,1682.209521484375,False,1654.6951036241321,2800.045315892092,1654.6951036241321,False,0.9817153815705212,0.96565832869846,-0.01605705287206116,0.4896628495396815,489.6628495396815,2797.485853425945,17.47298207035689
664,0,9.98478293698281,1787085103.149424,0.013581708073616028,1679.128333875868,2794.0453181809107,1679.128333875868,False,1650.9049967447922,2800.045315892092,1650.9049967447922,False,0.9799172409523973,0.963446472105257,-0.01647076884714027,0.5020187586570484,502.01875865704835,2797.4982093350623,17.913886620648313
665,0,9.998820291366428,1787085103.163877,0.014394666999578476,1687.537668185764,2794.0453181809107,1687.537668185764,False,1663.788064236111,2800.045315892092,1663.788064236111,False,0.9848248180023172,0.9709648610791101,-0.013859956923207184,0.4240450839675794,424.0450839675794,2797.420235660373,15.131497429616735
666,0,10.01295737491455,1787085103.177692,0.013756999978795648,1681.7964301215277,2794.0453181809107,1681.7964301215277,False,1651.4571668836804,2800.045315892092,1651.4571668836804,False,0.9814743068769578,0.9637687113457721,-0.01770559553118567,0.538897697839532,538.897697839532,2797.535088274245,19.22986361117371
667,0,10.034602207946591,1787085103.1993868,0.013860999839380383,1686.9384223090278,2794.0453181809107,1686.9384223090278,False,1664.8580268012151,2800.045315892092,1664.8580268012151,False,0.9844751059795155,0.9715892771785627,-0.012885828800952792,0.39495208473073595,394.952084730736,2797.391142661136,14.093351581884669
668,0,10.048499561962672,1787085103.213259,0.013828791910782456,1677.4025390625,2794.0453181809107,1677.4025390625,False,1650.295795355903,2800.045315892092,1650.295795355903,False,0.9789100897669593,0.9630909501763245,-0.015819139590634745,0.4825574074968471,482.55740749684713,2797.478747983902,17.219433610364227
669,0,10.062365978956223,1787085103.2271202,0.013823541812598705,1678.7172661675347,2794.0453181809107,1678.7172661675347,False,1657.0673475477433,2800.045315892092,1657.0673475477433,False,0.9796773472370284,0.9670427390937784,-0.012634608143250015,0.3874492088401274,387.4492088401274,2797.3836397852456,13.825621211822988
670,0,10.075952937477268,1787085103.240435,0.013281875057145953,1677.8933349609374,2794.0453181809107,1677.8933349609374,False,1652.1252766927087,2800.045315892092,1652.1252766927087,False,0.9791965118068742,0.9641586114549585,-0.015037900351915656,0.45922516602203306,459.2251660220331,2797.4554157424272,16.386852912576114
671,0,10.089611645555124,1787085103.254449,0.013969291001558304,1680.071213107639,2794.0453181809107,1680.071213107639,False,1657.7471625434027,2800.045315892092,1657.7471625434027,False,0.9804674928877068,0.9674394701961396,-0.01302802269156722,0.39919880203272246,399.1988020327225,2797.395389378438,14.244890166740024
672,0,10.103578062495217,1787085103.268353,0.013855875004082918,1679.4986355251735,2794.0453181809107,1679.4986355251735,False,1656.2886203342016,2800.045315892092,1656.2886203342016,False,0.9801333441311638,0.9665882841202345,-0.013545060010929366,0.4146404734042572,414.6404734042572,2797.4108310498095,14.795906130611518
673,0,10.117588332854211,1787085103.282476,0.014076665975153446,1684.2375949435761,2794.0453181809107,1684.2375949435761,False,1656.4640245225696,2800.045315892092,1656.4640245225696,False,0.9828989386033549,0.9666906477007002,-0.016208290902654632,0.494179676236415,494.179676236415,2797.4903702526417,17.63415915773676
674,0,10.131591729004867,1787085103.2963572,0.013838208047673106,1685.395445421007,2794.0453181809107,1685.395445421007,False,1657.8695149739585,2800.045315892092,1657.8695149739585,False,0.9835746449340679,0.9675108734675604,-0.016063771466507504,0.48986350493462866,489.8635049346287,2797.4860540813397,17.480142197210558
675,0,10.146253062412143,1787085103.311827,0.015398874878883362,1690.7713894314234,2794.0453181809107,1690.7713894314234,False,1662.6019368489583,2800.045315892092,1662.6019368489583,False,0.9867119752476132,0.9702726527152896,-0.016439322532323608,0.5010795930667505,501.07959306675053,2797.497270169472,17.880373717768716
676,0,10.161142853903584,1787085103.326102,0.014194207964465022,1687.6126356336804,2794.0453181809107,1687.6126356336804,False,1660.1780598958333,2800.045315892092,1660.1780598958333,False,0.9848685680202529,0.9688581099621268,-0.016010458058126065,0.48827126371510077,488.27126371510076,2797.4844618401203,17.42332513970528
677,0,10.175358186941594,1787085103.340265,0.014093291945755482,1682.1164008246528,2794.0453181809107,1682.1164008246528,False,1650.8117160373265,2800.045315892092,1650.8117160373265,False,0.9816610375766109,0.9633920347095858,-0.018269002867025153,0.5557242413066034,555.7242413066034,2797.551914817712,19.83029693500583
678,0,10.189084666431881,1787085103.353562,0.013224582886323333,1685.0317030164929,2794.0453181809107,1685.0317030164929,False,1648.6662407769095,2800.045315892092,1648.6662407769095,False,0.9833623696444084,0.9621399635275895,-0.021222406116818915,0.6439296390662855,643.9296390662855,2797.6401202154716,22.977791859345043
679,0,10.202717520412989,1787085103.367518,0.01389470905996859,1683.3066162109376,2794.0453181809107,1683.3066162109376,False,1655.9947509765625,2800.045315892092,1655.9947509765625,False,0.9823556316430305,0.966416785822976,-0.01593884582005456,0.4861325154950603,486.1325154950603,2797.4823230919005,17.347006690517425
680,0,10.216642812360078,1787085103.381414,0.013842124957591295,1691.372195095486,2794.0453181809107,1691.372195095486,False,1657.4180257161456,2800.045315892092,1657.4180257161456,False,0.9870625975418115,0.9672473902668366,-0.019815207274974878,0.6019026880969301,601.9026880969302,2797.598093264502,21.478114762237016
681,0,10.230950728990138,1787085103.396142,0.014671207871288061,1688.2191975911458,2794.0453181809107,1688.2191975911458,False,1649.8122016059028,2800.045315892092,1649.8122016059028,False,0.9852225496116743,0.9628087312156403,-0.02241381839603407,0.6795119775062805,679.5119775062805,2797.6757025539114,24.24750133836285
682,0,10.245974957942963,1787085103.411465,0.015248165931552649,1688.156081814236,2794.0453181809107,1688.156081814236,False,1656.297775607639,2800.045315892092,1656.297775607639,False,0.985185716073271,0.9665936270175616,-0.018592089055709415,0.5653734301823673,565.3734301823673,2797.5615640065876,20.17461569306192
683,0,10.262457499979064,1787085103.429124,0.017547749914228916,1683.305490451389,2794.0453181809107,1683.305490451389,False,1655.867738172743,2800.045315892092,1655.867738172743,False,0.9823549746645444,0.9663426628189307,-0.01601231184561369,0.48832662833986695,488.32662833986694,2797.4845172047453,17.425300754348665
684,0,10.279620791552588,1787085103.445741,0.016532666981220245,1683.0360677083331,2794.0453181809107,1683.0360677083331,False,1656.8678765190973,2800.045315892092,1656.8678765190973,False,0.9821977430904599,0.9669263304214349,-0.015271412669024986,0.4661991702708101,466.1991702708101,2797.4623897466763,16.635711185798247
685,0,10.29573906189762,1787085103.461396,0.015583292115479708,1679.4752983940969,2794.0453181809107,1679.4752983940969,False,1655.1631049262155,2800.045315892092,1655.1631049262155,False,0.9801197248879916,0.9659314481113409,-0.014188276776650688,0.433850579802734,433.850579802734,2797.430041156208,15.481393798270554
686,0,10.311003186972812,1787085103.476251,0.014785957988351583,1676.9637939453125,2794.0453181809107,1676.9637939453125,False,1658.9555148654515,2800.045315892092,1658.9555148654515,False,0.9786540438793151,0.9681446487400496,-0.01050939513926552,0.3239782763307955,323.9782763307955,2797.320168852736,11.560743517370664
687,0,10.325597916380502,1787085103.4905941,0.014279166935011744,1666.2881808810766,2794.0453181809107,1666.2881808810766,False,1655.408949110243,2800.045315892092,1655.408949110243,False,0.9724238963150523,0.9660749195480716,-0.006348976766980763,0.19972455059940664,199.72455059940663,2797.195915127005,7.126910883507231
688,0,10.339990020380355,1787085103.505034,0.014378709020093083,1666.8756727430555,2794.0453181809107,1666.8756727430555,False,1663.1979031032984,2800.045315892092,1663.1979031032984,False,0.9727667488492261,0.9706204507935375,-0.002146298055688556,0.07420869108663473,74.20869108663473,2797.070399267492,2.64804064682539
689,0,10.35471493692603,1787085103.5200791,0.014941707951948047,1664.659130859375,2794.0453181809107,1664.659130859375,False,1659.7864474826388,2800.045315892092,1659.7864474826388,False,0.9714732041193256,0.9686295701014633,-0.002843634017862251,0.09503510411369316,95.03510411369317,2797.091225680519,3.3912041148191965
690,0,10.370128895505331,1787085103.53585,0.015628624940291047,1665.4687717013887,2794.0453181809107,1665.4687717013887,False,1669.1795708550349,2800.045315892092,1669.1795708550349,False,0.9719456998804074,0.9741112735265717,0.0021655736461643205,-0.05456829139187021,-54.56829139187021,2796.9416222850136,-1.947198522404732
691,0,10.386182895395905,1787085103.552141,0.016189875081181526,1665.2118055555554,2794.0453181809107,1665.2118055555554,False,1672.5851752387157,2800.045315892092,1672.5851752387157,False,0.9717957378128493,0.9760987395135988,0.004303001700749487,-0.11840403469937612,-118.40403469937611,2796.877786541706,-4.2250940158213
692,0,10.401693436899222,1787085103.566887,0.014679792104288936,1662.8905354817712,2794.0453181809107,1662.8905354817712,False,1672.0805392795141,2800.045315892092,1672.0805392795141,False,0.9704410750867685,0.9758042405960059,0.005363165509237433,-0.1500665482503546,-150.0665482503546,2796.846124028155,-5.354929640677797
693,0,10.416950478916988,1787085103.582664,0.015716041903942823,1656.571329752604,2794.0453181809107,1656.571329752604,False,1673.1702745225696,2800.045315892092,1673.1702745225696,False,0.9667532696235358,0.9764401957706045,0.009686926147068675,-0.27919860189192686,-279.19860189192684,2796.7169919745133,-9.962839062657967
694,0,10.43261185393203,1787085103.598203,0.015478042187169194,1659.28232421875,2794.0453181809107,1659.28232421875,False,1673.922078450521,2800.045315892092,1673.922078450521,False,0.9683353703861208,0.9768789386683047,0.008543568282183833,-0.24505144123553127,-245.05144123553126,2796.75113913517,-8.744342036666117
695,0,10.449494645465165,1787085103.616469,0.018175459001213312,1655.3505343967013,2794.0453181809107,1655.3505343967013,False,1674.1046820746528,2800.045315892092,1674.1046820746528,False,0.9660408294885032,0.9769855037449204,0.010944674256417208,-0.31676210503844865,-316.7621050384486,2796.679428471367,-11.303243828091944
696,0,10.467910479055718,1787085103.635019,0.018412292003631592,1657.208802625868,2794.0453181809107,1657.208802625868,False,1679.2136420355903,2800.045315892092,1679.2136420355903,False,0.9671252904194144,0.9799670256739217,0.01284173525450727,-0.3734191226409716,-373.4191226409716,2796.6227714537645,-13.32497582932385
697,0,10.486011249944568,1787085103.652682,0.01752024982124567,1654.885337999132,2794.0453181809107,1654.885337999132,False,1679.121044921875,2800.045315892092,1679.121044921875,False,0.9657693469810554,0.9799129872145844,0.014143640233528987,-0.41230140074774224,-412.30140074774226,2796.5838891756575,-14.712439364392743
698,0,10.503021832904778,1787085103.668973,0.016184000065550208,1655.3284505208333,2794.0453181809107,1655.3284505208333,False,1674.0581976996527,2800.045315892092,1674.0581976996527,False,0.9660279416286097,0.9769583760742246,0.010930434445614923,-0.3163368233990633,-316.33682339906335,2796.6798537530062,-11.288068205790156
699,0,10.518759291502647,1787085103.684187,0.015154666965827346,1654.3769938151042,2794.0453181809107,1654.3769938151042,False,1671.2888346354164,2800.045315892092,1671.2888346354164,False,0.96547268399216,0.975342212164443,0.009869528172282926,-0.2846521356302917,-284.6521356302917,2796.711538440775,-10.157441322805155
700,0,10.53502510394901,1787085103.70151,0.01726204203441739,1651.8251139322917,2794.0453181809107,1651.8251139322917,False,1677.1832112630207,2800.045315892092,1677.1832112630207,False,0.9639834404105003,0.9787820929439685,0.014798652533468126,-0.43186378880215054,-431.86378880215057,2796.564326787603,-15.41049774486692
701,0,10.551042499952018,1787085103.7162108,0.014644499868154526,1652.9071072048614,2794.0453181809107,1652.9071072048614,False,1675.2745008680554,2800.045315892092,1675.2745008680554,False,0.9646148774728112,0.9776681946276353,0.013053317154824162,-0.3797381600692348,-379.73816006923477,2796.616452416336,-13.550462463218484
702,0,10.566034416435286,1787085103.73152,0.015240333043038845,1663.5254828559032,2794.0453181809107,1663.5254828559032,False,1683.3300835503474,2800.045315892092,1683.3300835503474,False,0.9708116220345251,0.9823693268740757,0.011557704839550653,-0.3350706805531236,-335.0706805531236,2796.661119895852,-11.956561538435755
703,0,10.580174978938885,1787085103.7444632,0.012873457977548242,1660.4035888671874,2794.0453181809107,1660.4035888671874,False,1680.1551269531246,2800.045315892092,1680.1551269531246,False,0.9689897257075738,0.9805164639057565,0.011526738198182729,-0.33414584073677617,-334.14584073677617,2796.6620447356686,-11.923559832171573
704,0,10.593093811883591,1787085103.757372,0.01285220799036324,1656.4882649739582,2794.0453181809107,1656.4882649739582,False,1681.0828016493056,2800.045315892092,1681.0828016493056,False,0.9667047941097416,0.9810578426738014,0.014353048564059723,-0.4185555230352912,-418.5555230352912,2796.57763505337,-14.935609585901057
705,0,10.606427832972258,1787085103.771123,0.013698665890842676,1657.1820149739583,2794.0453181809107,1657.1820149739583,False,1676.5549262152776,2800.045315892092,1676.5549262152776,False,0.9671096574976054,0.9784154340423854,0.011305776544780044,-0.32754667059995796,-327.54667059995796,2796.6686439058053,-11.688077026832643
706,0,10.620487915934063,1787085103.785491,0.014327749842777848,1657.8019178602437,2794.0453181809107,1657.8019178602437,False,1677.8482883029515,2800.045315892092,1677.8482883029515,False,0.9674714246798582,0.9791702231689439,0.011698798489085616,-0.33928453840658995,-339.28453840658995,2796.656906037999,-12.10692757659827
707,0,10.63470931246411,1787085103.7995698,0.014046625001356006,1655.4943060980902,2794.0453181809107,1655.4943060980902,False,1674.5200493706598,2800.045315892092,1674.5200493706598,False,0.9661247327650484,0.9772279066431823,0.011103173878133865,-0.3214958040953767,-321.4958040953767,2796.67469477231,-11.472159723643188
708,0,10.648766791564412,1787085103.8136058,0.014003582997247577,1655.2322808159722,2794.0453181809107,1655.2322808159722,False,1668.87763671875,2800.045315892092,1668.87763671875,False,0.9659718182520045,0.9739350687304232,0.007963250478418726,-0.227719855136782,-227.719855136782,2796.7684707212684,-8.125886923236584
709,0,10.662965353461914,1787085103.82797,0.014327374985441566,1659.3571940104168,2794.0453181809107,1659.3571940104168,False,1675.352601453993,2800.045315892092,1675.352601453993,False,0.9683790634131519,0.9777137731037677,0.009334709690615783,-0.26867941774695697,-268.679417746957,2796.727511158658,-9.587475654687303
710,0,10.67763195792213,1787085103.842935,0.014926415868103504,1660.618359375,2794.0453181809107,1660.618359375,False,1674.8176974826395,2800.045315892092,1674.8176974826395,False,0.9691150629550062,0.9774016101718415,0.008286547216835305,-0.23737533222357454,-237.37533222357453,2796.7588152441817,-8.470430067926582
711,0,10.69280312443152,1787085103.858325,0.015337083023041487,1660.0211208767364,2794.0453181809107,1660.0211208767364,False,1683.6011176215277,2800.045315892092,1683.6011176215277,False,0.968766522411915,0.9825274987980894,0.013760976386174462,-0.40087288455493547,-400.87288455493547,2796.59531769185,-14.304627624712227
712,0,10.707396895508282,1787085103.872107,0.013724791118875146,1657.234263780382,2794.0453181809107,1657.234263780382,False,1681.5374674479165,2800.045315892092,1681.5374674479165,False,0.9671401492147664,0.9813231796620123,0.014183030447245892,-0.4134778162842868,-413.4778162842868,2796.582712760121,-14.754418223104725
713,0,10.721410936908796,1787085103.8863611,0.014201208017766476,1657.3151150173612,2794.0453181809107,1657.3151150173612,False,1679.4377739800348,2800.045315892092,1679.4377739800348,False,0.967187332934718,0.9800978261328135,0.012910493198095452,-0.37547262541400367,-375.4726254140037,2796.620717950991,-13.398252405581061
714,0,10.735570874996483,1787085103.9004319,0.01400774996727705,1653.0801378038195,2794.0453181809107,1653.0801378038195,False,1679.92197265625,2800.045315892092,1679.92197265625,False,0.9647158558576735,0.9803803981204915,0.015664542262817993,-0.4577241747818375,-457.7241747818375,2796.5384664016233,-16.333291991929684
715,0,10.749855020432733,1787085103.914911,0.014424790861085057,1659.2945556640625,2794.0453181809107,1659.2945556640625,False,1681.991162109375,2800.045315892092,1681.991162109375,False,0.9683425084969499,0.9815879499073366,0.013245441410386638,-0.3854760816965488,-385.4760816965488,2796.6107144947086,-13.755212735389266
716,0,10.764483353937976,1787085103.9297469,0.014741792110726237,1659.7308539496528,2794.0453181809107,1659.7308539496528,False,1677.9630316840278,2800.045315892092,1677.9630316840278,False,0.9685971264458121,0.9792371858990303,0.01064005945321822,-0.30766457665944036,-307.66457665944034,2796.6885259997457,-10.9786103575307
717,0,10.779637499945238,1787085103.945146,0.01531925005838275,1659.1820827907989,2794.0453181809107,1659.1820827907989,False,1676.5878336588544,2800.045315892092,1676.5878336588544,False,0.9682768708054007,0.9784346383942303,0.01015776758882958,-0.29326060194395603,-293.26060194395603,2796.7029299744613,-10.464623249498858
718,0,10.79518506245222,1787085103.9609149,0.015667124884203076,1660.6380289713543,2794.0453181809107,1660.6380289713543,False,1679.770241970486,2800.045315892092,1679.770241970486,False,0.969126541873086,0.9802918500852031,0.011165308212117142,-0.3233514882603855,-323.3514882603855,2796.672839088145,-11.538377400099398
719,0,10.811447707936168,1787085103.9775949,0.016588415950536728,1661.5742431640624,2794.0453181809107,1661.5742431640624,False,1678.3349962022571,2800.045315892092,1678.3349962022571,False,0.9696729041791412,0.9794542595062596,0.009781355327118435,-0.2820187936104101,-282.0187936104101,2796.714171782795,-10.06347393699722
720,0,10.826737249502912,1787085103.991515,0.013859333004802465,1656.221915690104,2794.0453181809107,1656.221915690104,False,1674.337730577257,2800.045315892092,1674.337730577257,False,0.9665493561660786,0.9771215077900388,0.010572151623960191,-0.3056364631293563,-305.6364631293563,2796.690554113276,-10.906239763394101
721,0,10.840716312523,1787085104.005559,0.013988875085487962,1663.8348578559023,2794.0453181809107,1663.8348578559023,False,1676.254625108507,2800.045315892092,1676.254625108507,False,0.9709921692210043,0.9782401822608123,0.007248013039808043,-0.20635880233450143,-206.35880233450143,2796.789831774071,-7.363645530063568
722,0,10.854717770358548,1787085104.019517,0.013897540979087353,1661.6189398871527,2794.0453181809107,1661.6189398871527,False,1673.4007839626734,2800.045315892092,1673.4007839626734,False,0.9696989885996626,0.9765747180521972,0.0068757294525345625,-0.19524029967247863,-195.24029967247864,2796.8009502767327,-6.966896220114139
723,0,10.868884603958577,1787085104.033887,0.0143180419690907,1660.9996690538196,2794.0453181809107,1660.9996690538196,False,1666.0004475911458,2800.045315892092,1666.0004475911458,False,0.9693375902752109,0.9722559789463135,0.002918388671102612,-0.077051624380274,-77.051624380274,2796.919138952025,-2.7494870247028977
724,0,10.883515708032064,1787085104.048795,0.014851249987259507,1668.1086588541664,2794.0453181809107,1668.1086588541664,False,1665.94072265625,2800.045315892092,1665.94072265625,False,0.9734863033488774,0.9722211242587722,-0.0012651790901052617,0.0478934736037863,47.8934736037863,2797.044084050009,1.7090163289960854
725,0,10.897841478465125,1787085104.062517,0.013667374849319458,1663.5276231553821,2794.0453181809107,1663.5276231553821,False,1657.9479546440969,2800.045315892092,1657.9479546440969,False,0.970812871085189,0.9675566498287785,-0.003256221256410452,0.1073573027464922,107.35730274649221,2797.103547879152,3.830905750303033
726,0,10.912409207900055,1787085104.077951,0.015380833996459842,1668.7337348090273,2794.0453181809107,1668.7337348090273,False,1658.937451171875,2800.045315892092,1658.937451171875,False,0.9738510894660047,0.9681341070057379,-0.005716982460266862,0.18084961057574173,180.84961057574174,2797.1770401869812,6.453383192111823
727,0,10.927161666448228,1787085104.09201,0.014003833057358861,1667.3784450954859,2794.0453181809107,1667.3784450954859,False,1652.9817328559027,2800.045315892092,1652.9817328559027,False,0.9730601601903851,0.96465842802258,-0.008401732167805154,0.26103148748508087,261.03148748508085,2797.2572220638904,9.31456920800317
728,0,10.941009936970659,1787085104.105653,0.013589957961812615,1677.207839626736,2794.0453181809107,1677.207839626736,False,1662.355148654514,2800.045315892092,1662.355148654514,False,0.9787964657335487,0.9701286303664789,-0.008667835367069832,0.26897884060657007,268.9788406065701,2797.2651694170117,9.598160170088855
729,0,10.954257332952693,1787085104.118499,0.012796415947377682,1678.1173231336804,2794.0453181809107,1678.1173231336804,False,1662.0654730902781,2800.045315892092,1662.0654730902781,False,0.9793272283624894,0.9699595795119668,-0.009367648850522658,0.28987924649251057,289.87924649251056,2797.286069822898,10.343963977037916
730,0,10.967442145454697,1787085104.13203,0.013483375078067183,1678.3207356770831,2794.0453181809107,1678.3207356770831,False,1659.0431776258679,2800.045315892092,1659.0431776258679,False,0.9794459372510745,0.9681958075756123,-0.01125012967546224,0.34610081730251274,346.1008173025127,2797.342291393708,12.350157625696287
731,0,10.981126666418277,1787085104.145858,0.013771833153441548,1676.0833658854167,2794.0453181809107,1676.0833658854167,False,1659.1540961371527,2800.045315892092,1659.1540961371527,False,0.97814023762764,0.9682605381619266,-0.009879699465713432,0.3051719865506608,305.1719865506608,2797.301362562956,10.889665520648759
732,0,10.99550843751058,1787085104.160807,0.014887874945998192,1673.8447048611113,2794.0453181809107,1673.8447048611113,False,1656.7064832899305,2800.045315892092,1656.7064832899305,False,0.9768337844577972,0.9668321434527304,-0.010001641005066841,0.3088138536011039,308.8138536011039,2797.305004430006,11.019620810773048
733,0,11.00997681193985,1787085104.174776,0.01390495803207159,1679.2850179036457,2794.0453181809107,1679.2850179036457,False,1658.4703314887151,2800.045315892092,1658.4703314887151,False,0.9800086796930245,0.9678615020940812,-0.012147177598943348,0.3728917639521697,372.8917639521697,2797.3690823403576,13.306157720245851
734,0,11.023719999473542,1787085104.188298,0.01347783301025629,1673.389906141493,2794.0453181809107,1673.389906141493,False,1659.557066514757,2800.045315892092,1659.557066514757,False,0.9765683698986323,0.9684957063814373,-0.008072663517194933,0.2512036283130077,251.2036283130077,2797.247394204718,8.963874832750774
735,0,11.037343874922954,1787085104.202034,0.013688000151887536,1676.1738878038195,2794.0453181809107,1676.1738878038195,False,1659.6175971137152,2800.045315892092,1659.6175971137152,False,0.9781930650302497,0.9685310312439434,-0.009662033786306368,0.29867125292003577,298.6712529200358,2797.2948618293253,10.657695294034962
736,0,11.05133460345678,1787085104.216267,0.014180874917656183,1669.5666395399305,2794.0453181809107,1669.5666395399305,False,1653.3512017144094,2800.045315892092,1653.3512017144094,False,0.9743371617270802,0.9648740451955747,-0.009463116531505444,0.29273045374802814,292.73045374802814,2797.2889210301532,10.445705600486303
737,0,11.066161145456135,1787085104.231692,0.015377374831587076,1677.1462754991321,2794.0453181809107,1677.1462754991321,False,1661.0183322482637,2800.045315892092,1661.0183322482637,False,0.9787605377173,0.9693484818703547,-0.009412055846945266,0.2912054916583349,291.20549165833495,2797.2873960680636,10.39128931124518
738,0,11.083926290972158,1787085104.251831,0.0200612498447299,1668.1845486111113,2794.0453181809107,1668.1845486111113,False,1655.3854627821179,2800.045315892092,1655.3854627821179,False,0.973530591614248,0.9660612132354616,-0.007469378378786473,0.2331861071365347,233.1861071365347,2797.229376683542,8.320943018003664
739,0,11.101478624506854,1787085104.266794,0.014853167114779353,1680.3986300998263,2794.0453181809107,1680.3986300998263,False,1662.013414171007,2800.045315892092,1662.013414171007,False,0.9806585691438524,0.9699291986104538,-0.010729370533398619,0.3305479911634069,330.5479911634069,2797.3267385675686,11.79517524848012
740,0,11.11657066643238,1787085104.281971,0.015083583071827888,1672.82861328125,2794.0453181809107,1672.82861328125,False,1659.3758517795136,2800.045315892092,1659.3758517795136,False,0.9762408067577578,0.9683899518421343,-0.00785085491562354,0.24457916349280748,244.57916349280748,2797.240769739898,8.727489419526387
741,0,11.130780145409517,1787085104.295226,0.013184875017032027,1679.7534993489583,2794.0453181809107,1679.7534993489583,False,1659.5299804687497,2800.045315892092,1659.5299804687497,False,0.9802820793111874,0.9684798993207521,-0.011802179990435313,0.362588175613288,362.588175613288,2797.3587787520187,12.938487568273194
742,0,11.144715666421689,1787085104.309845,0.014563666889443994,1675.477153862847,2794.0453181809107,1675.477153862847,False,1653.0820393880208,2800.045315892092,1653.0820393880208,False,0.9777864602536275,0.9647169655972369,-0.013069494656390623,0.4004373904826333,400.4373904826333,2797.396627966888,14.289087585021171
743,0,11.158806666499004,1787085104.3234072,0.01350658293813467,1678.1671251085068,2794.0453181809107,1678.1671251085068,False,1663.427810329861,2800.045315892092,1663.427810329861,False,0.9793562921408685,0.9707546216312175,-0.008601670509650994,0.26700278211650486,267.0027821165049,2797.2631933585217,9.52764709236743
744,0,11.17259564541746,1787085104.33742,0.013958959141746163,1672.5419325086805,2794.0453181809107,1672.5419325086805,False,1659.8185791015626,2800.045315892092,1659.8185791015626,False,0.9760735036243268,0.9686483216922309,-0.007425181932095848,0.23186615018172893,231.86615018172893,2797.228056726587,8.27384207042995
745,0,11.186353915953077,1787085104.350917,0.013445750111714005,1676.5283989800348,2794.0453181809107,1676.5283989800348,False,1664.1426893446182,2800.045315892092,1664.1426893446182,False,0.9783999530963225,0.971171815634572,-0.00722813746175055,0.22598128299186362,225.98128299186362,2797.2221718593973,8.0638482369349
746,0,11.200142749934457,1787085104.36501,0.014040500158444047,1682.6906005859375,2794.0453181809107,1682.6906005859375,False,1666.7081108940972,2800.045315892092,1666.7081108940972,False,0.9819961330154061,0.9726689619550337,-0.009327171060372397,0.28867034974571987,288.6703497457199,2797.284860926151,10.300826068574075
747,0,11.213831749977544,1787085104.378287,0.013221249915659428,1674.9424831814235,2794.0453181809107,1674.9424831814235,False,1653.6911376953126,2800.045315892092,1653.6911376953126,False,0.9774744334666402,0.9650724273691029,-0.012402006097537277,0.38050239046602274,380.50239046602275,2797.3766929668714,13.577733031188364
748,0,11.227517874445766,1787085104.3923829,0.014048167038708925,1679.0971381293402,2794.0453181809107,1679.0971381293402,False,1661.640630425347,2800.045315892092,1661.640630425347,False,0.9798990355244677,0.9697116469128559,-0.010187388611611725,0.31436133226638424,314.36133226638424,2797.3105519086716,11.217575373479312
749,0,11.241514437017031,1787085104.406306,0.01385145797394216,1669.5255859375,2794.0453181809107,1669.5255859375,False,1654.706439887153,2800.045315892092,1654.706439887153,False,0.9743132033839248,0.9656649443926617,-0.008648258991263091,0.2683941788219502,268.3941788219502,2797.264584755227,9.57729727454861
750,0,11.256178541458212,1787085104.4216928,0.015256332932040095,1675.8509331597222,2794.0453181809107,1675.8509331597222,False,1663.1915174696182,2800.045315892092,1663.1915174696182,False,0.9780045929418382,0.9706167242215946,-0.007387868720243551,0.23075176571921,230.75176571921,2797.2269423421244,8.2340767099347
751,0,11.271252332953736,1787085104.4364212,0.014652084093540907,1667.4247775607641,2794.0453181809107,1667.4247775607641,False,1658.8541124131946,2800.045315892092,1658.8541124131946,False,0.9730871992085627,0.9680854716007942,-0.0050017276077685136,0.1594880376958564,159.4880376958564,2797.1556786141014,5.691123240645746
752,0,11.285719811916351,1787085104.450654,0.014178291894495487,1676.1771864149305,2794.0453181809107,1676.1771864149305,False,1664.5907199435765,2800.045315892092,1664.5907199435765,False,0.9781949900563681,0.9714332804074164,-0.00676170964895173,0.21205109897213267,212.05109897213268,2797.2082416753774,7.566767733804334
753,0,11.300096707884222,1787085104.465224,0.014465834014117718,1670.9877251519097,2794.0453181809107,1670.9877251519097,False,1657.699422200521,2800.045315892092,1657.699422200521,False,0.9751664886248244,0.9674116095590847,-0.007754879065739684,0.24171277942726538,241.7127794272654,2797.2379033558327,8.625206231346894
754,0,11.315049708005972,1787085104.4804852,0.015169000020250678,1667.7897867838542,2794.0453181809107,1667.7897867838542,False,1661.0042209201388,2800.045315892092,1661.0042209201388,False,0.9733002137969038,0.9693402466846078,-0.003959967112295959,0.12837515161099922,128.3751516109992,2797.1245657280165,4.580900357229489
755,0,11.32934395794291,1787085104.493841,0.013290333794429898,1669.3654459635418,2794.0453181809107,1669.3654459635418,False,1663.8590657552086,2800.045315892092,1663.8590657552086,False,0.9742197477984991,0.971006296633078,-0.003213451165421044,0.10607994487529668,106.07994487529668,2797.1022705212804,3.785324895635765
756,0,11.342848062398843,1787085104.507479,0.013579624937847257,1655.1385823567707,2794.0453181809107,1655.1385823567707,False,1661.7905164930555,2800.045315892092,1661.7905164930555,False,0.9659171370619073,0.9697991184532755,0.0038819813913681944,-0.10582997666768856,-105.82997666768857,2796.8903605997375,-3.7764051051844336
757,0,11.356472457991913,1787085104.5211031,0.013571165967732668,1663.4553059895836,2794.0453181809107,1663.4553059895836,False,1669.6859836154515,2800.045315892092,1669.6859836154515,False,0.9707706677370869,0.9744068093620162,0.003636141624929312,-0.09848780475621552,-98.48780475621552,2796.897702771649,-3.514409247652566
758,0,11.369945853482932,1787085104.534417,0.013264624867588282,1659.0677842881942,2794.0453181809107,1659.0677842881942,False,1668.7962673611114,2800.045315892092,1668.7962673611114,False,0.9682101677005469,0.9738875826420602,0.0056774149415133035,-0.15945182138282746,-159.45182138282746,2796.8367387550225,-5.689830908607888
759,0,11.383132728980854,1787085104.5474792,0.013020458165556192,1669.8887993706594,2794.0453181809107,1669.8887993706594,False,1677.7252034505207,2800.045315892092,1677.7252034505207,False,0.9745251699728494,0.9790983924657369,0.0045732224928874965,-0.12647436253392902,-126.47436253392902,2796.8697162138715,-4.513073170636919
760,0,11.396943895495497,1787085104.562081,0.014522209065034986,1657.4735975477429,2794.0453181809107,1657.4735975477429,False,1672.140318467882,2800.045315892092,1672.140318467882,False,0.9672798212578424,0.975839126945161,0.008559305687318552,-0.2455214495487239,-245.5214495487239,2796.750669126857,-8.761113672163999
761,0,11.411914812400937,1787085104.577356,0.015194375067949295,1660.0875732421875,2794.0453181809107,1660.0875732421875,False,1672.0560574001734,2800.045315892092,1672.0560574001734,False,0.9688053031395663,0.9757899532927825,0.006984650153216254,-0.1984932905156907,-198.4932905156907,2796.7976972858896,-7.082974968444573
762,0,11.426176395500079,1787085104.590624,0.013223959133028984,1653.7676513671872,2794.0453181809107,1653.7676513671872,False,1670.7724338107641,2800.045315892092,1670.7724338107641,False,0.9651170797430317,0.9750408474258999,0.009923767682868179,-0.28627203552232194,-286.27203552232197,2796.709918540883,-10.21524534407372
763,0,11.439857395365834,1787085104.6047869,0.014058290980756283,1662.5741834852433,2794.0453181809107,1662.5741834852433,False,1680.5766411675347,2800.045315892092,1680.5766411675347,False,0.9702564562167553,0.980762454064861,0.010505997848105686,-0.30366073559775053,-303.66073559775054,2796.6925298408078,-10.835738495494951
764,0,11.454356937552802,1787085104.61957,0.014646874973550439,1663.2513237847222,2794.0453181809107,1663.2513237847222,False,1684.822620985243,2800.045315892092,1684.822620985243,False,0.9706516264015567,0.9832403521171821,0.012588725715625415,-0.3658628205966686,-365.8628205966686,2796.6303277558086,-13.05533901643836
765,0,11.469107562443241,1787085104.634252,0.01460162503644824,1655.3857855902777,2794.0453181809107,1655.3857855902777,False,1676.7648871527776,2800.045315892092,1676.7648871527776,False,0.9660614016220637,0.9785379644877551,0.012476562865691432,-0.362513000759849,-362.513000759849,2796.6336775756454,-12.93580505137914
766,0,11.483231999445707,1787085104.647897,0.01354133291170001,1661.9884847005208,2794.0453181809107,1661.9884847005208,False,1677.906190321181,2800.045315892092,1677.906190321181,False,0.9699146500989169,0.9792040140262621,0.009289363927345251,-0.267325135670416,-267.325135670416,2796.728865440735,-9.539149859777904
767,0,11.497683457913809,1787085104.663116,0.015071666100993752,1649.8613959418403,2794.0453181809107,1649.8613959418403,False,1670.3002305772566,2800.045315892092,1670.3002305772566,False,0.9628374403839449,0.9747652758210307,0.011927835437085754,-0.3461248827115631,-346.1248827115631,2796.6500656936937,-12.351016368525661
768,0,11.512280332972296,1787085104.677045,0.013831500196829438,1660.509090169271,2794.0453181809107,1660.509090169271,False,1682.5384738498265,2800.045315892092,1682.5384738498265,False,0.9690512948817512,0.9819073538503372,0.012856058968585993,-0.37384691010880144,-373.84691010880147,2796.6223436662963,-13.340240868855318
769,0,11.525986936991103,1787085104.69055,0.013449792051687837,1651.689284939236,2794.0453181809107,1651.689284939236,False,1670.2985188802081,2800.045315892092,1670.2985188802081,False,0.963904172394214,0.9747642768971156,0.010860104502901646,-0.3142363718024609,-314.2363718024609,2796.681954204603,-11.21311632181205
770,0,11.539411395438947,1787085104.7039008,0.013305790955200791,1661.1292588975691,2794.0453181809107,1661.1292588975691,False,1682.2952528211808,2800.045315892092,1682.2952528211808,False,0.969413217205911,0.9817654132526332,0.01235219604672222,-0.35879870108334805,-358.798701083348,2796.637391875322,-12.803265097179134
771,0,11.553665854036808,1787085104.7190762,0.015116292051970959,1651.4166937934028,2794.0453181809107,1651.4166937934028,False,1670.8858317057288,2800.045315892092,1670.8858317057288,False,0.9637450917818844,0.9751070249479641,0.011361933166079696,-0.32922382630801156,-329.22382630801155,2796.6669667500973,-11.74792414744546
772,0,11.568383624427952,1787085104.733312,0.014168082969263196,1664.4860948350693,2794.0453181809107,1664.4860948350693,False,1680.959174262153,2800.045315892092,1680.959174262153,False,0.9713722225683017,0.9809856953544568,0.009613472786155097,-0.2770048672853776,-277.0048672853776,2796.7191857091198,-9.884558495767113
773,0,11.582429395406507,1787085104.7472079,0.013811040902510285,1659.5874511718746,2794.0453181809107,1659.5874511718746,False,1678.3360460069446,2800.045315892092,1678.3360460069446,False,0.9685134384682405,0.9794548721584865,0.010941433690246027,-0.31666532332463576,-316.6653233246358,2796.6795252530806,-11.29979029848115
774,0,11.596432104008272,1787085104.761264,0.013981292024254799,1656.4798122829864,2794.0453181809107,1656.4798122829864,False,1682.0530463324653,2800.045315892092,1682.0530463324653,False,0.9666998612303134,0.9816240647271068,0.014924203496793464,-0.43561345375562277,-435.61345375562274,2796.5605771226496,-15.54429966298968
775,0,11.60976854141336,1787085104.7739038,0.012590416939929128,1656.494761827257,2794.0453181809107,1656.494761827257,False,1679.7016710069445,2800.045315892092,1679.7016710069445,False,0.9667085855879932,0.9802518329715333,0.013543247383540069,-0.3943702597330367,-394.3702597330367,2796.6018203166723,-14.07258991339697
776,0,11.623084270511754,1787085104.787895,0.013940458884462714,1656.3488715277776,2794.0453181809107,1656.3488715277776,False,1678.9324896918401,2800.045315892092,1678.9324896918401,False,0.9666234459254295,0.9798029488589357,0.013179502933506226,-0.383506784215309,-383.506784215309,2796.61268379219,-13.684940915476341
777,0,11.636718790861778,1787085104.801166,0.013228500029072165,1657.187681749132,2794.0453181809107,1657.187681749132,False,1676.6815511067707,2800.045315892092,1676.6815511067707,False,0.9671129645531659,0.978489330665892,0.011376366112726188,-0.3296548760808074,-329.6548760808074,2796.6665357003244,-11.763305598087618
778,0,11.650517374509946,1787085104.8155038,0.014297083020210266,1655.0827148437497,2794.0453181809107,1655.0827148437497,False,1672.0219482421871,2800.045315892092,1672.0219482421871,False,0.9658845335151063,0.9757700476361924,0.00988551412108607,-0.2851295668692685,-285.1295668692685,2796.711061009536,-10.17447783575751
779,0,11.665285874973051,1787085104.830705,0.015148250153288245,1660.238658311632,2794.0453181809107,1660.238658311632,False,1677.9563829210067,2800.045315892092,1677.9563829210067,False,0.9688934744016504,0.9792333057682602,0.010339831366609764,-0.29869806055644077,-298.6980605564408,2796.697492515849,-10.658651889681728
780,0,11.681141499429941,1787085104.8474,0.016436832956969738,1654.8394558376735,2794.0453181809107,1654.8394558376735,False,1678.7601508246528,2800.045315892092,1678.7601508246528,False,0.9657425707542727,0.9797023741596492,0.013959803405376503,-0.4068109887793798,-406.81098877937984,2796.589379587626,-14.516521152561369
781,0,11.697875561891124,1787085104.864022,0.01652895798906684,1660.889640299479,2794.0453181809107,1660.889640299479,False,1678.8903998480903,2800.045315892092,1678.8903998480903,False,0.9692733789393627,0.979778385778957,0.010505006839594322,-0.3036311384542063,-303.6311384542063,2796.692559437951,-10.834682359913156
782,0,11.716630645445548,1787085104.884862,0.020752040902152658,1655.3052137586806,2794.0453181809107,1655.3052137586806,False,1676.248049587674,2800.045315892092,1676.248049587674,False,0.9660143809594233,0.978236344873221,0.012221963913797707,-0.3549092298143974,-354.90922981439735,2796.641281346591,-12.664474372480637
783,0,11.734846624429338,1787085104.900463,0.01552433311007917,1654.4801459418402,2794.0453181809107,1654.4801459418402,False,1672.8212158203125,2800.045315892092,1672.8212158203125,False,0.96553288221846,0.9762364896967175,0.010703607478257493,-0.309562481669812,-309.562481669812,2796.6866280947356,-11.046334629953325
784,0,11.749443978420459,1787085104.914054,0.013515374856069684,1659.0501790364583,2794.0453181809107,1659.0501790364583,False,1675.283740234375,2800.045315892092,1675.283740234375,False,0.9681998935068721,0.977673586600464,0.009473693093591917,-0.27283025165098285,-272.83025165098286,2796.723360324754,-9.73559276516496
785,0,11.763355707982555,1787085104.928279,0.014151833951473236,1657.5576226128474,2794.0453181809107,1657.5576226128474,False,1673.8122341579863,2800.045315892092,1673.8122341579863,False,0.9673288571822007,0.9768148349819435,0.009485977799742806,-0.27319714275956264,-273.19714275956267,2796.7229934336456,-9.74868479730098
786,0,11.777609874960035,1787085104.94258,0.014240249991416931,1660.466872829861,2794.0453181809107,1660.466872829861,False,1668.3687065972222,2800.045315892092,1668.3687065972222,False,0.9690266573969798,0.9736380637960989,0.004611406399119056,-0.1276147508765667,-127.6147508765667,2796.8685758255288,-4.553766445780998
787,0,11.791751103941351,1787085104.9565482,0.013903541956096888,1660.0201171875,2794.0453181809107,1660.0201171875,False,1671.0113254123266,2800.045315892092,1671.0113254123266,False,0.9687659366720597,0.9751802614268235,0.006414324754763778,-0.18146013440114295,-181.46013440114294,2796.814730442004,-6.475168940948578
788,0,11.805401415913366,1787085104.969877,0.013279000064358115,1662.6970486111113,2794.0453181809107,1662.6970486111113,False,1671.1318305121526,2800.045315892092,1671.1318305121526,False,0.9703281586904261,0.9752505866202943,0.0049224279298681894,-0.13690362053345093,-136.90362053345092,2796.859286955872,-4.885227681039499
789,0,11.818958520540036,1787085104.983691,0.013748625060543418,1667.2500542534722,2794.0453181809107,1667.2500542534722,False,1667.7064995659723,2800.045315892092,1667.7064995659723,False,0.9729852329813498,0.9732516084704932,0.00026637548914343334,0.002152553916396026,2.152553916396026,2796.9983431303217,0.0768110875105633
790,0,11.83267152053304,1787085104.997272,0.013522875029593706,1670.7095838758682,2794.0453181809107,1670.7095838758682,False,1662.6743326822914,2800.045315892092,1662.6743326822914,False,0.9750041690294041,0.9703149019727317,-0.004689267056672386,0.1501561907170979,150.1561907170979,2797.1463467671224,5.358128415540176
791,0,11.846298103919253,1787085105.010953,0.013623957987874746,1669.8851860894097,2794.0453181809107,1669.8851860894097,False,1663.9951931423614,2800.045315892092,1663.9951931423614,False,0.9745230613093712,0.9710857387882401,-0.0034373225211310476,0.11276601525149034,112.76601525149034,2797.108956591657,4.02390862301921
792,0,11.859825478401035,1787085105.02432,0.013309875037521124,1675.1345377604164,2794.0453181809107,1675.1345377604164,False,1666.7596082899304,2800.045315892092,1666.7596082899304,False,0.9775865139963782,0.9726990151588437,-0.004887498837534476,0.15607651774347733,156.07651774347732,2797.1522670941486,5.5693875871923115
793,0,11.87381343706511,1787085105.038934,0.01456029200926423,1670.820141601563,2794.0453181809107,1670.820141601563,False,1658.8548231336804,2800.045315892092,1658.8548231336804,False,0.9750686890659868,0.9680858863679346,-0.006982802698052182,0.21865419333087563,218.65419333087564,2797.2148447697364,7.80239056989993
794,0,11.888081457931548,1787085105.0528572,0.013861834071576595,1672.481561957465,2794.0453181809107,1672.481561957465,False,1659.6615288628473,2800.045315892092,1659.6615288628473,False,0.9760382721635811,0.9685566692357105,-0.00748160292787059,0.2335512016133802,233.5512016133802,2797.2297417780187,8.333970939672431
795,0,11.901837666402571,1787085105.066437,0.013523333007469773,1677.7462022569446,2794.0453181809107,1677.7462022569446,False,1662.4528917100693,2800.045315892092,1662.4528917100693,False,0.9791106470933547,0.9701856719298839,-0.008924975163470794,0.2766584956022008,276.6584956022008,2797.2728490720074,9.872198672644904
796,0,11.916432999423705,1787085105.0820632,0.01556508312933147,1673.6147216796876,2794.0453181809107,1673.6147216796876,False,1662.7886040581598,2800.045315892092,1662.7886040581598,False,0.9766995692938579,0.9703815892467784,-0.006317980047079508,0.1987988124671937,198.7988124671937,2797.1949893888723,7.093877122009481
797,0,11.931662374874577,1787085105.096889,0.014755249954760075,1676.2770941840276,2794.0453181809107,1676.2770941840276,False,1660.479087999132,2800.045315892092,1660.479087999132,False,0.9782532949181635,0.9690337860093249,-0.009219508908838603,0.2854549463292157,285.4549463292157,2797.2816455227344,10.186088578690255
798,0,11.94663143705111,1787085105.111997,0.01503954199142754,1676.4141520182288,2794.0453181809107,1676.4141520182288,False,1660.8239935980903,2800.045315892092,1660.8239935980903,False,0.978333280070002,0.9692350683866762,-0.009098211683325808,0.28183232215005927,281.83232215005927,2797.2780228985553,10.056819945406055
799,0,11.961518728989176,1787085105.126661,0.014608292141929269,1676.4663411458332,2794.0453181809107,1676.4663411458332,False,1663.0429226345484,2800.045315892092,1663.0429226345484,False,0.978363736959388,0.9705300062275832,-0.007833730731804822,0.24406773809055488,244.06773809055488,2797.240258314496,8.709239869060623
800,0,11.976996395387687,1787085105.142986,0.016242291079834104,1678.0839599609376,2794.0453181809107,1678.0839599609376,False,1663.6191134982641,2800.045315892092,1663.6191134982641,False,0.979307758053089,0.9708662636476049,-0.00844149440548414,0.26221901377040435,262.21901377040433,2797.2584095901757,9.356944539337865
801,0,11.992846812005155,1787085105.158323,0.015258041908964515,1673.2827663845487,2794.0453181809107,1673.2827663845487,False,1667.8139322916668,2800.045315892092,1667.8139322916668,False,0.9765058445437186,0.9733143047981214,-0.0031915397455971606,0.10542554541217562,105.42554541217562,2797.1016161218176,3.7619735017190843
802,0,12.007339499425143,1787085105.1719801,0.01359441690146923,1677.3587917751734,2794.0453181809107,1677.3587917751734,False,1670.0104546440973,2800.045315892092,1670.0104546440973,False,0.978884559424679,0.9745961663925331,-0.0042883930321458985,0.13818381519155712,138.18381519155713,2797.134374391597,4.930909762758961
803,0,12.021221770439297,1787085105.1860821,0.014049041084945202,1671.0775607638886,2794.0453181809107,1671.0775607638886,False,1663.2707085503473,2800.045315892092,1663.2707085503473,False,0.9752189155080195,0.9706629390961641,-0.004555976411855456,0.1461753749092522,146.17537490925218,2797.1423659513143,5.216078179747795
804,0,12.03518497897312,1787085105.1999092,0.013782457914203405,1676.866872829861,2794.0453181809107,1676.866872829861,False,1664.7234890407988,2800.045315892092,1664.7234890407988,False,0.9785974819893588,0.9715107627086849,-0.007086719280673948,0.22175773278307195,221.75773278307196,2797.217948309188,7.913136339675705
805,0,12.048749749432318,1787085105.213213,0.013261082815006375,1677.7041124131945,2794.0453181809107,1677.7041124131945,False,1666.5333794487847,2800.045315892092,1666.5333794487847,False,0.9790860840133759,0.9725669909785789,-0.00651909303479703,0.20480518869688766,204.80518869688765,2797.200995765102,7.30820684759091
806,0,12.062344582984224,1787085105.22711,0.013844334054738283,1671.7272949218755,2794.0453181809107,1671.7272949218755,False,1660.941265190972,2800.045315892092,1660.941265190972,False,0.9755980918286151,0.9693035065479652,-0.006294585280649967,0.19810011184832066,198.10011184832067,2797.1942906882537,7.068944898955205
807,0,12.076965478947386,1787085105.2424371,0.0152732920832932,1675.366029188368,2794.0453181809107,1675.366029188368,False,1660.4123318142363,2800.045315892092,1660.4123318142363,False,0.9777216093531809,0.9689948279766363,-0.00872678137654459,0.27073930329057033,270.7393032905703,2797.266929879696,9.6609799918131
808,0,12.09168874938041,1787085105.25656,0.014078333042562008,1673.596131727431,2794.0453181809107,1673.596131727431,False,1660.950355360243,2800.045315892092,1660.950355360243,False,0.9766887204418928,0.9693088114513558,-0.007379908990536976,0.2305140429751597,230.5140429751597,2797.2267046193806,8.22559388292748
809,0,12.105697332997806,1787085105.2704551,0.013854500139132142,1676.0966254340278,2794.0453181809107,1676.0966254340278,False,1664.2017062717016,2800.045315892092,1664.2017062717016,False,0.9781479757260505,0.9712062571380535,-0.00694171858799697,0.2174271884275406,217.4271884275406,2797.2136177648326,7.758606495416093
810,0,12.119842249550857,1787085105.284854,0.014358917018398643,1669.6219129774304,2794.0453181809107,1669.6219129774304,False,1660.2502224392363,2800.045315892092,1660.2502224392363,False,0.97436941857921,0.9689002230746299,-0.005469195504580138,0.1734492845323765,173.4492845323765,2797.169639860938,6.189312180002016
811,0,12.134668082930148,1787085105.300111,0.015209250152111053,1674.4546169704859,2794.0453181809107,1674.4546169704859,False,1658.462974717882,2800.045315892092,1658.462974717882,False,0.9771897211538699,0.9678572087792512,-0.00933251237461874,0.2888298717302952,288.82987173029517,2797.2850204481356,10.306518403164972
812,0,12.149496770463884,1787085105.3145118,0.014340790919959545,1677.8079562717016,2794.0453181809107,1677.8079562717016,False,1664.2181613498265,2800.045315892092,1664.2181613498265,False,0.979146685925252,0.9712158601055161,-0.00793082581973592,0.24696754896198664,246.96754896198664,2797.2431581253672,8.812715849342943
813,0,12.163573270430788,1787085105.328249,0.01368162501603365,1680.5962131076387,2794.0453181809107,1680.5962131076387,False,1663.9741563585071,2800.045315892092,1663.9741563585071,False,0.9807738759920358,0.9710734619974928,-0.009700413994543022,0.29981750395563345,299.81750395563347,2797.296008080361,10.698597771753978
814,0,12.177895166561939,1787085105.343176,0.01486816699616611,1673.9680582682292,2794.0453181809107,1673.9680582682292,False,1656.5638264973957,2800.045315892092,1656.5638264973957,False,0.9769057718859923,0.9667488908223486,-0.010156881063643652,0.31345020358682296,313.45020358682297,2797.309640779992,11.18506293130256
815,0,12.19256989553105,1787085105.357592,0.01434595906175673,1678.9632812499997,2794.0453181809107,1678.9632812499997,False,1664.2750868055555,2800.045315892092,1664.2750868055555,False,0.9798209184078425,0.9712490810537858,-0.008571837354056644,0.2661117946240891,266.1117946240891,2797.2623023710294,9.4958533622641
816,0,12.206452228943817,1787085105.370999,0.013271208154037595,1674.9521321614582,2794.0453181809107,1674.9521321614582,False,1659.9721137152778,2800.045315892092,1659.9721137152778,False,0.9774800644846529,0.9687379224761777,-0.008742142008475118,0.27119805901563665,271.19805901563666,2797.267388635421,9.677350093335592
817,0,12.220137208001688,1787085105.384873,0.0137427500449121,1679.545388454861,2794.0453181809107,1679.545388454861,False,1662.9369818793402,2800.045315892092,1662.9369818793402,False,0.9801606285268479,0.9704681805943344,-0.00969244793251356,0.29957959209245116,299.57959209245115,2797.2957701684977,10.690108196276448
818,0,12.234583457931876,1787085105.3998988,0.014954666141420603,1680.4343587239582,2794.0453181809107,1680.4343587239582,False,1661.9965494791668,2800.045315892092,1661.9965494791668,False,0.9806794198996143,0.9699193565978069,-0.010760063301807343,0.3314646515774653,331.4646515774653,2797.3276552279826,11.82788508340941
819,0,12.249171708012,1787085105.41406,0.01411100011318922,1675.5808186848958,2794.0453181809107,1675.5808186848958,False,1653.4923258463543,2800.045315892092,1653.4923258463543,False,0.9778469576821781,0.9649564033853673,-0.012890554296810852,0.39509321488009874,395.09321488009874,2797.3912837912853,14.098387627751169
820,0,12.263987999991514,1787085105.429534,0.01542875007726252,1683.3564643012153,2794.0453181809107,1683.3564643012153,False,1659.6349826388887,2800.045315892092,1659.6349826388887,False,0.9823847223337813,0.9685411772080825,-0.013843545125698742,0.42355493446724124,423.55493446724125,2797.4197455108724,15.114007082045434
821,0,12.27930677041877,1787085105.444708,0.015120208961889148,1674.2937608506945,2794.0453181809107,1674.2937608506945,False,1652.0267252604165,2800.045315892092,1652.0267252604165,False,0.9770958476351422,0.9641010981335075,-0.012994749501634706,0.3982050755739546,398.2050755739546,2797.3943956519793,14.209430330215337
822,0,12.294427978922613,1787085105.4597602,0.014996458077803254,1679.0529866536458,2794.0453181809107,1679.0529866536458,False,1664.3121907552081,2800.045315892092,1664.3121907552081,False,0.9798732693031648,0.9712707344314572,-0.00860253487170759,0.2670285968774982,267.0285968774982,2797.263219173283,9.528568258546182
823,0,12.309754374437034,1787085105.4753652,0.015561332926154137,1666.3676106770836,2794.0453181809107,1666.3676106770836,False,1660.8679551866321,2800.045315892092,1660.8679551866321,False,0.9724702505007224,0.9692607237923307,-0.0032095267083916967,0.1059627382956369,105.96273829563691,2797.102153314701,3.781142531245964
824,0,12.32550216652453,1787085105.4912739,0.0158543330617249,1663.5021457248263,2794.0453181809107,1663.5021457248263,False,1667.9555013020831,2800.045315892092,1667.9555013020831,False,0.9707980027913528,0.9733969226131465,0.0025989198217937215,-0.06751046980644924,-67.51046980644925,2796.9286801065987,-2.4090233302329875
825,0,12.340837770490907,1787085105.506016,0.014686709037050605,1659.4821044921875,2794.0453181809107,1659.4821044921875,False,1669.890874565972,2800.045315892092,1669.890874565972,False,0.9684519595296628,0.9745263810295769,0.006074421499914107,-0.17130869240082702,-171.30869240082703,2796.8248818840043,-6.112927933229625
826,0,12.355230686953291,1787085105.520064,0.013998208101838827,1661.9743109809028,2794.0453181809107,1661.9743109809028,False,1677.5758110894094,2800.045315892092,1677.5758110894094,False,0.9699063785023141,0.9790112090460029,0.009104830543688824,-0.2618139205979426,-261.8139205979426,2796.7343766558074,-9.3424893162269
827,0,12.369569374946877,1787085105.534695,0.01457800017669797,1658.8868598090278,2794.0453181809107,1658.8868598090278,False,1678.5482150607636,2800.045315892092,1678.5482150607636,False,0.9681045825508781,0.9795786912315373,0.011474108680659234,-0.33257402438308853,-332.57402438308856,2796.663616552022,-11.867471609445065
828,0,12.384868582943454,1787085105.550685,0.015911499969661236,1655.5066840277777,2794.0453181809107,1655.5066840277777,False,1678.0058051215278,2800.045315892092,1678.0058051215278,False,0.9661319563622347,0.9792621479153428,0.013130191553108128,-0.38203406628476666,-382.03406628476665,2796.6141565101207,-13.632388891120705
829,0,12.401768832933158,1787085105.568453,0.01769200013950467,1652.096609157986,2794.0453181809107,1652.096609157986,False,1676.2081000434027,2800.045315892092,1676.2081000434027,False,0.9641418814582313,0.9782130308439061,0.014071149385674775,-0.410136412248673,-410.13641224867297,2796.586054164157,-14.635184564968348
830,0,12.419812832958996,1787085105.586813,0.01828699978068471,1652.3736653645833,2794.0453181809107,1652.3736653645833,False,1679.0771837022571,2800.045315892092,1679.0771837022571,False,0.9643035678213759,0.9798873903829155,0.015583822561539562,-0.4553134259757597,-455.3134259757597,2796.5408771504294,-16.24726755551526
831,0,12.436560707981698,1787085105.601923,0.01502641593106091,1656.5820122612847,2794.0453181809107,1656.5820122612847,False,1682.6296847873261,2800.045315892092,1682.6296847873261,False,0.9667595037952913,0.9819605833554418,0.015201079560150488,-0.44388254579384906,-443.88254579384903,2796.5523080306116,-15.839371459957503
832,0,12.450824707979336,1787085105.615349,0.01334800012409687,1659.6646728515625,2794.0453181809107,1659.6646728515625,False,1681.8158935546876,2800.045315892092,1681.8158935546876,False,0.9685585040262296,0.9814856654809053,0.012927161454675762,-0.37597043423903603,-375.970434239036,2796.620220142166,-13.41601606619455
833,0,12.464794436935335,1787085105.6298869,0.014430458191782236,1661.7353298611113,2794.0453181809107,1661.7353298611113,False,1681.6283827039929,2800.045315892092,1681.6283827039929,False,0.9697669122597278,0.981376236611322,0.01160932435159423,-0.3366123324058743,-336.61233240587427,2796.6595782439995,-12.01157338016965
834,0,12.480254541384056,1787085105.646228,0.016213166993111372,1662.660329861111,2794.0453181809107,1662.660329861111,False,1679.1730604383679,2800.045315892092,1679.1730604383679,False,0.9703067301102124,0.9799433427868062,0.00963661267659377,-0.2776959558593477,-277.6959558593477,2796.718494620546,-9.909219092897077
835,0,12.49687349947635,1787085105.663112,0.016733917174860835,1661.248619249132,2794.0453181809107,1661.248619249132,False,1677.1614637586804,2800.045315892092,1677.1614637586804,False,0.9694828743393312,0.9787694013860805,0.00928652704674926,-0.2672404103010024,-267.2404103010024,2796.7289501661044,-9.536126545139965
836,0,12.513454312458634,1787085105.6793869,0.01618787506595254,1661.1811550564234,2794.0453181809107,1661.1811550564234,False,1677.5841742621528,2800.045315892092,1677.5841742621528,False,0.9694435031225825,0.979016089683769,0.009572586561186425,-0.2757837723548071,-275.7837723548071,2796.7204068040505,-9.84098531097656
837,0,12.529838791466318,1787085105.695914,0.016463082982227206,1657.777105034722,2794.0453181809107,1657.777105034722,False,1677.0986599392359,2800.045315892092,1677.0986599392359,False,0.9674569442407905,0.9787327499019564,0.011275805661165816,-0.3266515697665087,-326.6515697665087,2796.669539006639,-11.656136517503166
838,0,12.545725291362032,1787085105.711143,0.015173166990280151,1661.6782416449653,2794.0453181809107,1661.6782416449653,False,1677.3121527777778,2800.045315892092,1677.3121527777778,False,0.9697335963266165,0.9788573415183841,0.009123745191767618,-0.26237881943368097,-262.378819433681,2796.7338117569716,-9.362646996634348
839,0,12.560714686987922,1787085105.725903,0.01471179211512208,1652.4403618706597,2794.0453181809107,1652.4403618706597,False,1672.8855414496527,2800.045315892092,1672.8855414496527,False,0.9643424910262895,0.9762740292891083,0.011931538262818786,-0.34623547012174477,-346.23547012174475,2796.6499551062834,-12.354962536459633
840,0,12.576397520373575,1787085105.7425401,0.01655754097737372,1659.8193467881945,2794.0453181809107,1659.8193467881945,False,1676.7147840711805,2800.045315892092,1676.7147840711805,False,0.968648769704066,0.9785087249874195,0.009859955283353483,-0.2843662347883427,-284.3662347883427,2796.711824341617,-10.14723932302108
841,0,12.593146916478872,1787085105.759347,0.01673133298754692,1655.3729302300349,2794.0453181809107,1655.3729302300349,False,1676.2787055121528,2800.045315892092,1676.2787055121528,False,0.966053899402676,0.9782542352680932,0.012200335865417133,-0.35426329343225677,-354.2632934322568,2796.641927282973,-12.641424972604081
842,0,12.60824741597753,1787085105.7727711,0.013363249832764268,1655.7311306423612,2794.0453181809107,1655.7311306423612,False,1682.0125868055559,2800.045315892092,1682.0125868055559,False,0.9662629404584867,0.9816004530786226,0.01533751262013594,-0.4479572119690243,-447.95721196902434,2796.5482333644363,-15.984770624073091
843,0,12.621732811909169,1787085105.786307,0.013474292121827602,1661.1033040364582,2794.0453181809107,1661.1033040364582,False,1683.6765462239587,2800.045315892092,1683.6765462239587,False,0.9693980702898737,0.9825715179397428,0.013173447649869163,-0.38332593904904455,-383.32593904904456,2796.6128646373563,-13.6784876908737
844,0,12.635607728385366,1787085105.800522,0.01416087499819696,1660.2086480034723,2794.0453181809107,1660.2086480034723,False,1680.3055202907985,2800.045315892092,1680.3055202907985,False,0.9688759607799821,0.9806042314822649,0.011728270702282884,-0.34016474610870606,-340.1647461087061,2796.6560258302966,-12.138336643901871
845,0,12.649923729011789,1787085105.814938,0.014367042109370232,1657.700843641493,2794.0453181809107,1657.700843641493,False,1677.2415120442706,2800.045315892092,1677.2415120442706,False,0.9674124390933659,0.9788161165141479,0.011403677420781966,-0.3304705468804401,-330.4705468804401,2796.665720029525,-11.792411749944335
846,0,12.663863312453032,1787085105.828407,0.01341612497344613,1652.6387803819446,2794.0453181809107,1652.6387803819446,False,1676.1428575303821,2800.045315892092,1676.1428575303821,False,0.9644582854633253,0.9781749561702422,0.013716670706916845,-0.39954966529518693,-399.5496652951869,2796.59664091111,-14.257410266028652
847,0,12.677445936948061,1787085105.842093,0.013633708003908396,1658.2721896701391,2794.0453181809107,1658.2721896701391,False,1682.4908908420136,2800.045315892092,1682.4908908420136,False,0.9677458691312759,0.9818795850319619,0.014133715900686017,-0.41200500379416855,-412.00500379416854,2796.584185572611,-14.70186282451358
848,0,12.691939999931492,1787085105.8574321,0.015262250090017915,1653.0778618706597,2794.0453181809107,1653.0778618706597,False,1676.4616509331597,2800.045315892092,1676.4616509331597,False,0.9647145276529749,0.9783609998128759,0.013646472159901002,-0.39745313792049924,-397.4531379204992,2796.598737438485,-14.182598412806852
849,0,12.706983457901515,1787085105.872163,0.014627333963289857,1658.4546956380211,2794.0453181809107,1658.4546956380211,False,1688.1551025390625,2800.045315892092,1688.1551025390625,False,0.9678523772169869,0.9851851445811421,0.017332767364155233,-0.507546852611698,-507.54685261169794,2796.4886437237938,-18.11114946516193
850,0,12.723239207989536,1787085105.889911,0.017676249844953418,1658.2596950954862,2794.0453181809107,1658.2596950954862,False,1680.753377278646,2800.045315892092,1680.753377278646,False,0.9677385774616198,0.9808655949379455,0.013127017476325609,-0.3819392703217902,-381.9392703217902,2796.6142513060836,-13.62900622044641
851,0,12.739339062361978,1787085105.904381,0.014420374995097518,1656.308726671007,2794.0453181809107,1656.308726671007,False,1677.8605224609375,2800.045315892092,1677.8605224609375,False,0.9666000179143052,0.9791773628628536,0.012577344948548452,-0.36552292624363575,-365.52292624363577,2796.6306676501617,-13.043210328419773
852,0,12.754134311922826,1787085105.919641,0.01506845816038549,1654.847634548611,2794.0453181809107,1654.847634548611,False,1674.0984103732637,2800.045315892092,1674.0984103732637,False,0.9657473437425517,0.9769818436623662,0.011234499919814511,-0.32541794569370225,-325.4179456937022,2796.670772630712,-11.61211624656374
853,0,12.76910320785828,1787085105.934176,0.014380584005266428,1658.8190348307296,2794.0453181809107,1658.8190348307296,False,1679.3122938368056,2800.045315892092,1679.3122938368056,False,0.9680650007843979,0.9800245975693579,0.011959596784959947,-0.3470734569784948,-347.0734569784948,2796.6491171194266,-12.384865007796702
854,0,12.784313624491915,1787085105.950083,0.015784332994371653,1656.1625732421876,2794.0453181809107,1656.1625732421876,False,1670.5674560546875,2800.045315892092,1670.5674560546875,False,0.9665147246929146,0.9749212250997566,0.008406500406842099,-0.24095781586776732,-240.95781586776732,2796.7552327605376,-8.598266338415906
855,0,12.79968229145743,1787085105.964902,0.014699833001941442,1666.1295437282984,2794.0453181809107,1666.1295437282984,False,1668.0532118055555,2800.045315892092,1668.0532118055555,False,0.9723313177563282,0.9734539451795835,0.0011226274232553068,-0.023419992750270315,-23.419992750270314,2796.972770583655,-0.8357119879485554
856,0,12.814965832978487,1787085105.980653,0.015636416152119637,1665.6828342013891,2794.0453181809107,1665.6828342013891,False,1665.3199462890625,2800.045315892092,1665.3199462890625,False,0.9720706239437799,0.9718588473245376,-0.00021177661924220992,0.016432892001867927,16.432892001867927,2797.012623468407,0.5863863831668543
857,0,12.829990978934802,1787085105.9949272,0.014192042173817754,1668.4473659939235,2794.0453181809107,1668.4473659939235,False,1662.188148328993,2800.045315892092,1662.188148328993,False,0.9736839683868531,0.9700311711699892,-0.0036527972168639566,0.11920131366378638,119.20131366378638,2797.115391890069,4.253543878953268
858,0,12.843848332995549,1787085106.008377,0.013400083873420954,1671.159431966146,2794.0453181809107,1671.159431966146,False,1660.539000108507,2800.045315892092,1660.539000108507,False,0.9752666944663105,0.9690687499294339,-0.0061979445368766095,0.19521387027432777,195.21387027432777,2797.19140444668,6.965953121407642
859,0,12.857546478509903,1787085106.022363,0.01390212494879961,1674.3713785807292,2794.0453181809107,1674.3713785807292,False,1662.053759765625,2800.045315892092,1662.053759765625,False,0.9771411443229118,0.9699527437695491,-0.007188400553362673,0.2247945131830549,224.7945131830549,2797.2209850895883,8.021499899480977
860,0,12.873029374983162,1787085106.039337,0.01684750011190772,1673.7569797092012,2794.0453181809107,1673.7569797092012,False,1656.865464952257,2800.045315892092,1656.865464952257,False,0.9767825892113783,0.966924923062702,-0.009857666148676336,0.3045139465443197,304.5139465443197,2797.3007045229497,10.866184218681118
861,0,12.889113791519776,1787085106.054483,0.015046332962810993,1677.0440375434027,2794.0453181809107,1677.0440375434027,False,1662.838538953993,2800.045315892092,1662.838538953993,False,0.9787008729891922,0.9704107305961113,-0.008290142393080902,0.2576987829293608,257.69878292936085,2797.2538893593346,9.195645979494747
862,0,12.903970082872547,1787085106.069094,0.014512249967083335,1683.2426866319445,2794.0453181809107,1683.2426866319445,False,1665.4131808810762,2800.045315892092,1665.4131808810762,False,0.9823183231804203,0.9719132578078368,-0.010405065372583566,0.320862396855482,320.862396855482,2797.3170529732606,11.449557409915858
863,0,12.919056062004529,1787085106.084619,0.015430208062753081,1681.4403971354168,2794.0453181809107,1681.4403971354168,False,1668.7135579427081,2800.045315892092,1668.7135579427081,False,0.9812665307026183,0.9738393145118361,-0.007427216190782127,0.23192690470164823,231.92690470164823,2797.228117481107,8.276010016473316
864,0,12.933992687496357,1787085106.098985,0.01428312505595386,1685.033276367188,2794.0453181809107,1685.033276367188,False,1669.6301459418403,2800.045315892092,1669.6301459418403,False,0.9833632878312086,0.9743742232291028,-0.0089890646021058,0.27857257029802507,278.5725702980251,2797.274763146703,9.940499939267237
865,0,12.94893447845243,1787085106.114487,0.01542812492698431,1678.118777126736,2794.0453181809107,1678.118777126736,False,1661.562242296007,2800.045315892092,1661.562242296007,False,0.979328076893739,0.9696659006301709,-0.009662176263568134,0.29867550810041005,298.67550810041007,2797.294866084506,10.657847134613547
866,0,12.96401022898499,1787085106.129128,0.014593958156183362,1678.353209092882,2794.0453181809107,1678.353209092882,False,1663.0127278645832,2800.045315892092,1663.0127278645832,False,0.9794648883100091,0.9705123849564281,-0.008952503353580998,0.27748064373197084,277.4806437319709,2797.273671220137,9.901535959605011
867,0,12.978316249442287,1787085106.143112,0.013952582841739058,1678.3042643229169,2794.0453181809107,1678.3042643229169,False,1662.4121636284722,2800.045315892092,1662.4121636284722,False,0.979436324785128,0.9701619035564114,-0.009274421228716578,0.28709494012860015,287.0949401286002,2797.283285516534,10.244609624914364
868,0,12.992517415899783,1787085106.157553,0.014387500006705523,1672.4927680121527,2794.0453181809107,1672.4927680121527,False,1661.7593587239585,2800.045315892092,1661.7593587239585,False,0.9760448118699097,0.9697809351884756,-0.006263876681434022,0.19718297863643225,197.18297863643224,2797.193373555042,7.0362181928501375
869,0,13.006882270448841,1787085106.17182,0.014209458837285638,1677.9870849609374,2794.0453181809107,1677.9870849609374,False,1662.1243001302087,2800.045315892092,1662.1243001302087,False,0.9792512230755044,0.9699939101997999,-0.009257312875704526,0.28658398752416103,286.58398752416105,2797.2827745639293,10.226376945623787
870,0,13.021439166041091,1787085106.186666,0.014798250049352646,1673.4864176432293,2794.0453181809107,1673.4864176432293,False,1664.9548312717016,2800.045315892092,1664.9548312717016,False,0.9766246927434046,0.9716457709960495,-0.004978921747355036,0.15880692515588643,158.80692515588643,2797.1549975015614,5.6668186253171005
871,0,13.0362819370348,1787085106.2015119,0.014796291943639517,1666.6557291666668,2794.0453181809107,1666.6557291666668,False,1657.3294840494793,2800.045315892092,1657.3294840494793,False,0.972638392666919,0.9671957185131305,-0.005442674153788518,0.17265720634398074,172.65720634398073,2797.1688477827493,6.161047899799484
872,0,13.05138768744655,1787085106.216869,0.015304124914109707,1682.7511800130208,2794.0453181809107,1682.7511800130208,False,1671.0579291449653,2800.045315892092,1671.0579291449653,False,0.9820314863733647,0.9752074587530696,-0.006824027620295103,0.21391226759186063,213.91226759186063,2797.210102843997,7.633181115895684
873,0,13.067284395452589,1787085106.233307,0.016392124816775322,1668.8055338541667,2794.0453181809107,1668.8055338541667,False,1653.9812825520835,2800.045315892092,1653.9812825520835,False,0.9738929904456955,0.9652417520965746,-0.00865123834912096,0.2684831593717414,268.4831593717414,2797.2646737357773,9.580472429765251
874,0,13.08228477044031,1787085106.246866,0.013516374863684177,1681.251882595486,2794.0453181809107,1681.251882595486,False,1668.2674967447917,2800.045315892092,1668.2674967447917,False,0.9811565160931798,0.9735789990555724,-0.00757751703760734,0.23641574176741662,236.41574176741662,2797.2326063181727,8.436188330267507
875,0,13.095761040924117,1787085106.260264,0.013357500080019236,1675.772900390625,2794.0453181809107,1675.772900390625,False,1661.4722059461806,2800.045315892092,1661.4722059461806,False,0.9779590540427231,0.9696133565990045,-0.008345697443718603,0.259357972320244,259.357972320244,2797.2555485487255,9.254851995441193
876,0,13.109411207959056,1787085106.274179,0.013863500207662582,1675.9278347439238,2794.0453181809107,1675.9278347439238,False,1661.743660481771,2800.045315892092,1661.743660481771,False,0.9780494716963058,0.9697717739005254,-0.00827769779578047,0.25732711656279866,257.32711656279866,2797.253517692968,9.182383548486964
877,0,13.123731416417286,1787085106.288887,0.01465358305722475,1670.1618109809028,2794.0453181809107,1670.1618109809028,False,1661.7924723307292,2800.045315892092,1661.7924723307292,False,0.9746844959626862,0.9698002598544527,-0.0048842361082335195,0.15597907411271233,155.97907411271234,2797.152169650518,5.5659104379357816
878,0,13.13827543752268,1787085106.303264,0.014330375008285046,1679.0379882812497,2794.0453181809107,1679.0379882812497,False,1659.195860460069,2800.045315892092,1659.195860460069,False,0.9798645164500323,0.9682849112722225,-0.01157960517780976,0.3559408273785711,355.9408273785711,2797.352131403784,12.701285590157404
879,0,13.152163270511664,1787085106.316687,0.013367208885028958,1679.905392795139,2794.0453181809107,1679.905392795139,False,1663.1093017578125,2800.045315892092,1663.1093017578125,False,0.9803707223313172,0.9705687442120562,-0.009801978119260979,0.30285078565175366,302.85078565175365,2797.299041362057,10.806836484861321
880,0,13.165807749377564,1787085106.330524,0.013778917025774717,1688.2976399739582,2794.0453181809107,1688.2976399739582,False,1664.5730034722224,2800.045315892092,1664.5730034722224,False,0.9852683275559735,0.9714229413074331,-0.01384538624854037,0.4236099208537368,423.60992085373675,2797.419800497259,15.115969199747958
881,0,13.179464395507239,1787085106.3440158,0.013443208998069167,1681.5493191189234,2794.0453181809107,1681.5493191189234,False,1655.1554036458333,2800.045315892092,1655.1554036458333,False,0.9813300961415449,0.9659269537452632,-0.01540314239628171,0.47013336821356144,470.1333682135614,2797.466323944619,16.7760979236926
882,0,13.193448999430984,1787085106.358502,0.014424833003431559,1675.8754638671871,2794.0453181809107,1675.8754638671871,False,1652.0072347005207,2800.045315892092,1652.0072347005207,False,0.9780189087405134,0.9640897236987533,-0.013929185041760106,0.42611262883587375,426.11262883587375,2797.422303205241,15.205275079784247
883,0,13.207176520489156,1787085106.371453,0.012886208947747946,1679.9606472439239,2794.0453181809107,1679.9606472439239,False,1656.4147135416665,2800.045315892092,1656.4147135416665,False,0.9804029681018822,0.9666618704599257,-0.013741097641956523,0.4204952706527615,420.49527065276146,2797.416685847058,15.004826957349469
884,0,13.2204807914095,1787085106.385104,0.013605667045339942,1679.6767306857641,2794.0453181809107,1679.6767306857641,False,1659.8539740668402,2800.045315892092,1659.8539740668402,False,0.9802372781276738,0.9686689777290678,-0.011568300398606013,0.35560320245507937,355.6032024550794,2797.35179377886,12.689237883781022
885,0,13.2338648539735,1787085106.3982358,0.0130922079551965,1679.5032307942706,2794.0453181809107,1679.5032307942706,False,1660.8387613932293,2800.045315892092,1660.8387613932293,False,0.9801360258698518,0.96924368667795,-0.010892339191901801,0.3354151610450134,335.4151610450134,2797.3316057374504,11.96885387685603
886,0,13.247349770390429,1787085106.4120681,0.013794041005894542,1679.0269287109372,2794.0453181809107,1679.0269287109372,False,1661.2588785807293,2800.045315892092,1661.2588785807293,False,0.979858062230061,0.9694888615504992,-0.010369200679561819,0.3197912733935121,319.7912733935121,2797.315981849799,11.411335761972312
887,0,13.260967999463901,1787085106.425471,0.013372167013585567,1673.6719835069446,2794.0453181809107,1673.6719835069446,False,1656.6342475043402,2800.045315892092,1656.6342475043402,False,0.9767329865441333,0.9667899875970489,-0.009942998947084392,0.30706246863525155,307.06246863525155,2797.3032530450405,10.957124915617026
888,0,13.274559061857872,1787085106.439251,0.013748958008363843,1673.9521728515622,2794.0453181809107,1673.9521728515622,False,1668.3705864800347,2800.045315892092,1668.3705864800347,False,0.9768965013654741,0.9736391608710167,-0.0032573404944574724,0.10739072955237525,107.39072955237525,2797.1035813059575,3.8320985424056255
889,0,13.288019687519409,1787085106.452397,0.013112874934449792,1665.0650444878472,2794.0453181809107,1665.0650444878472,False,1666.6047743055556,2800.045315892092,1666.6047743055556,False,0.9717100899813844,0.9726086560792467,0.0008985660978623189,-0.016728248800225505,-16.728248800225504,2796.9794623276052,-0.5969258064596598
890,0,13.301438770489767,1787085106.466086,0.013651709072291851,1669.9771755642364,2794.0453181809107,1669.9771755642364,False,1669.4651584201388,2800.045315892092,1669.4651584201388,False,0.974576745158634,0.9742779386784847,-0.0002988064801493495,0.019032098019136353,19.032098019136352,2797.0152226744244,0.679135670109062
891,0,13.315026332973503,1787085106.47957,0.013451250037178397,1664.2168294270837,2794.0453181809107,1664.2168294270837,False,1668.9277235243055,2800.045315892092,1668.9277235243055,False,0.9712150828128977,0.9739642987322747,0.002749215919377046,-0.0719991650328769,-71.9991650328769,2796.9241914113722,-2.5691965826747394
892,0,13.328694957890548,1787085106.49344,0.013820416061207652,1659.5562065972222,2794.0453181809107,1659.5562065972222,False,1672.037847222222,2800.045315892092,1672.037847222222,False,0.9684952045448586,0.9757793260721137,0.007284121527255105,-0.2074372068828783,-207.43720688287831,2796.7887533695225,-7.402126994107848
893,0,13.342907479032874,1787085106.507976,0.014479707926511765,1661.8412868923613,2794.0453181809107,1661.8412868923613,False,1673.647886827257,2800.045315892092,1673.647886827257,False,0.969828747391461,0.9767189240383682,0.006890176646907276,-0.19567177496331323,-195.67177496331323,2796.800518801442,-6.982292854814203
894,0,13.357030582963489,1787085106.521683,0.013659584103152156,1652.572824435764,2794.0453181809107,1652.572824435764,False,1675.0625813802085,2800.045315892092,1675.0625813802085,False,0.9644197944394401,0.9775445211980079,0.013124726758567795,-0.38187085647718666,-381.87085647718663,2796.614319719928,-13.626564961361213
895,0,13.370988041395321,1787085106.5358982,0.014174832962453365,1655.332874891493,2794.0453181809107,1655.332874891493,False,1677.2014350043403,2800.045315892092,1677.2014350043403,False,0.9660305236332144,0.9787927280800408,0.012762204446826408,-0.3710438809511925,-371.04388095119253,2796.625146695454,-13.240218418184146
896,0,13.384947687387466,1787085106.549599,0.013658124953508377,1655.3082817925347,2794.0453181809107,1655.3082817925347,False,1679.5416314019099,2800.045315892092,1679.5416314019099,False,0.966016171423683,0.980158435960093,0.014142264536409987,-0.41226031461716167,-412.26031461716167,2796.5839302617883,-14.710973259247847
897,0,13.398449979024008,1787085106.562901,0.01326195802539587,1652.3245279947919,2794.0453181809107,1652.3245279947919,False,1679.0430989583333,2800.045315892092,1679.0430989583333,False,0.9642748918977659,0.9798674989740515,0.015592607076285514,-0.45557578148625305,-455.57578148625305,2796.540614794919,-16.25662937076267
898,0,13.411378145450726,1787085106.575459,0.012522959150373936,1657.7425699869789,2794.0453181809107,1657.7425699869789,False,1681.825737847222,2800.045315892092,1681.825737847222,False,0.9674367900405321,0.9814914104807274,0.014054620440195342,-0.4096427640444654,-409.6427640444654,2796.586547812361,-14.617569370698881
899,0,13.424148457939737,1787085106.588436,0.0129442501347512,1651.7806640625,2794.0453181809107,1651.7806640625,False,1677.4864583333333,2800.045315892092,1677.4864583333333,False,0.9639575000503215,0.9789590639511706,0.015001563900849058,-0.437923874864237,-437.923874864237,2796.558266701541,-15.626744035977627
900,0,13.43710164539516,1787085106.6013708,0.012904040981084108,1659.0905707465276,2794.0453181809107,1659.0905707465276,False,1688.397216796875,2800.045315892092,1688.397216796875,False,0.968223465578339,0.9853264392819249,0.017102973703585822,-0.5006839085709227,-500.6839085709227,2796.4955066678344,-17.866254231049197
901,0,13.450556249939837,1787085106.615349,0.01393849984742701,1650.1487684461804,2794.0453181809107,1650.1487684461804,False,1678.0361545138887,2800.045315892092,1678.0361545138887,False,0.9630051472029517,0.9792798594220973,0.01627471221914556,-0.47594731573038196,-475.94731573038194,2796.5202432606748,-16.983561080872892
902,0,13.464384936960414,1787085106.629021,0.013627707958221436,1662.7265272352429,2794.0453181809107,1662.7265272352429,False,1684.3467800564238,2800.045315892092,1684.3467800564238,False,0.970345362028279,0.9829626576011087,0.012617295572829645,-0.36671607882302576,-366.7160788230258,2796.629474497582,-13.085786426742283
903,0,13.478443228523247,1787085106.643467,0.014401375083252788,1654.8880398220488,2794.0453181809107,1654.8880398220488,False,1678.5949191623265,2800.045315892092,1678.5949191623265,False,0.9657709237294223,0.9796059471317692,0.01383502340234688,-0.40308434907975504,-403.08434907975504,2796.5931062273257,-14.383540860682094
904,0,13.492672957945615,1787085106.6574762,0.013966416008770466,1657.0689154730903,2794.0453181809107,1657.0689154730903,False,1677.6173502604167,2800.045315892092,1677.6173502604167,False,0.9670436541144167,0.9790354507606019,0.011991796646185215,-0.3480351277450519,-348.0351277450519,2796.6481554486604,-12.419180978627317
905,0,13.506496645510197,1787085106.671127,0.013604458887130022,1658.1811252170137,2794.0453181809107,1658.1811252170137,False,1678.8269232855898,2800.045315892092,1678.8269232855898,False,0.967692725112528,0.9797413416908217,0.012048616578293703,-0.349732093681775,-349.732093681775,2796.6464584827236,-12.479735001490686
906,0,13.52016766637098,1787085106.6848052,0.013626917032524943,1661.55283203125,2794.0453181809107,1661.55283203125,False,1680.7918565538196,2800.045315892092,1680.7918565538196,False,0.9696604089232589,0.9808880509375264,0.011227642014267514,-0.32521312967793686,-325.2131296779369,2796.670977446727,-11.604807653366288
907,0,13.534065187443048,1787085106.698955,0.014077125117182732,1672.7073160807297,2794.0453181809107,1672.7073160807297,False,1690.5753743489581,2800.045315892092,1690.5753743489581,False,0.9761700193047258,0.9865975834200684,0.010427564115342625,-0.301318258796919,-301.318258796919,2796.6948723176083,-10.752150256812696
908,0,13.548458395525813,1787085106.71355,0.014528959058225155,1665.7134928385417,2794.0453181809107,1665.7134928385417,False,1682.5409125434028,2800.045315892092,1682.5409125434028,False,0.9720885159217328,0.9819087770398771,0.009820261118144269,-0.2831807415336503,-283.1807415336503,2796.7130098348716,-10.104936537740876
909,0,13.562760312459432,1787085106.7275689,0.01396762509830296,1665.5435004340277,2794.0453181809107,1665.5435004340277,False,1677.6510715060763,2800.045315892092,1677.6510715060763,False,0.9719893105872426,0.9790551300366535,0.007065819449410871,-0.20091746677987662,-200.91746677987663,2796.795273109625,-7.169478546241672
910,0,13.576624270528555,1787085106.741279,0.013665040954947472,1655.6010742187495,2794.0453181809107,1655.6010742187495,False,1675.2259385850696,2800.045315892092,1675.2259385850696,False,0.9661870412379074,0.9776398543171315,0.011452813079224078,-0.33193801675519324,-331.93801675519325,2796.6642525596503,-11.844776504253256
911,0,13.590927978977561,1787085106.7561758,0.01485454197973013,1656.5420030381945,2794.0453181809107,1656.5420030381945,False,1677.9835910373263,2800.045315892092,1677.9835910373263,False,0.9667361549382014,0.9792491840675762,0.012513029129374797,-0.36360209053897935,-363.6020905389793,2796.632588485866,-12.9746678039887
912,0,13.605924416449852,1787085106.771287,0.015057082986459136,1654.6482855902777,2794.0453181809107,1654.6482855902777,False,1673.932009548611,2800.045315892092,1673.932009548611,False,0.9656310063088394,0.9768847343267089,0.011253728017869502,-0.32599220592627326,-325.99220592627324,2796.670198370479,-11.632607976244406
913,0,13.620999603997916,1787085106.786318,0.014966791961342096,1661.1602511935766,2794.0453181809107,1661.1602511935766,False,1684.7300971137151,2800.045315892092,1684.7300971137151,False,0.9694313039027892,0.9831863564010235,0.013755052498234277,-0.40069596361056925,-400.69596361056927,2796.595494612795,-14.298314430865302
914,0,13.636274062446319,1787085106.801824,0.015440624905750155,1653.0583306206597,2794.0453181809107,1653.0583306206597,False,1674.1620388454862,2800.045315892092,1674.1620388454862,False,0.9647031294720103,0.9770189764030199,0.012315846931009622,-0.3577131100080805,-357.7131100080805,2796.638477466397,-12.764527191267502
915,0,13.65181456191931,1787085106.817405,0.015528457937762141,1664.439830186632,2794.0453181809107,1664.439830186632,False,1683.0736029730906,2800.045315892092,1683.0736029730906,False,0.9713452231271419,0.9822196481779613,0.01087442505081937,-0.314664064710738,-314.664064710738,2796.6815265116948,-11.228377987108836
916,0,13.667480249889195,1787085106.8332632,0.015696249902248383,1648.8694227430556,2794.0453181809107,1648.8694227430556,False,1667.9402777777777,2800.045315892092,1667.9402777777777,False,0.9622585378543163,0.973388038364317,0.011129500510000723,-0.3222820668705839,-322.2820668705839,2796.6739085095346,-11.50021648838795
917,0,13.683674457948655,1787085106.8495512,0.01608941610902548,1661.098765733507,2794.0453181809107,1661.098765733507,False,1683.3185492621528,2800.045315892092,1683.3185492621528,False,0.9693954217958802,0.9823625956149837,0.012967173819103506,-0.37716543072991515,-377.16543072991516,2796.6190251456756,-13.458657962100883
918,0,13.6993405619869,1787085106.864733,0.015118291834369302,1654.6470160590281,2794.0453181809107,1654.6470160590281,False,1674.6185709635417,2800.045315892092,1674.6185709635417,False,0.9656302654270769,0.9772854025507454,0.011655137123668502,-0.3379805620181248,-337.98056201812483,2796.6582100143874,-12.060396874754668
919,0,13.713832561857998,1787085106.878526,0.013737041968852282,1665.550705295139,2794.0453181809107,1665.550705295139,False,1685.3334174262152,2800.045315892092,1685.3334174262152,False,0.9719935152495541,0.9835384462110209,0.011544930961466804,-0.33468917999189873,-334.68917999189875,2796.6615013964133,-11.942948186978972
920,0,13.727859832928516,1787085106.89279,0.014215165982022882,1650.890483940972,2794.0453181809107,1650.890483940972,False,1671.1887017144097,2800.045315892092,1671.1887017144097,False,0.9634380026235675,0.9752837759069505,0.011845773283382988,-0.34367404065033286,-343.67404065033287,2796.652516535755,-12.263561256434944
921,0,13.742088790982962,1787085106.906993,0.014151250012218952,1655.7073703342012,2794.0453181809107,1655.7073703342012,False,1677.2201551649305,2800.045315892092,1677.2201551649305,False,0.9662490742547268,0.9788036529198793,0.012554578665152416,-0.36484299569822265,-364.84299569822264,2796.631347580707,-13.018947891029926
922,0,13.756244082935154,1787085106.921094,0.014048750046640635,1655.5285454644095,2794.0453181809107,1655.5285454644095,False,1674.2721733940973,2800.045315892092,1674.2721733940973,False,0.9661447144095116,0.9770832494790149,0.010938535069503375,-0.31657875404372976,-316.57875404372976,2796.6796118223615,-11.29670118625927
923,0,13.770640249480493,1787085106.935782,0.014644332928583026,1657.4377360026042,2794.0453181809107,1657.4377360026042,False,1673.8746039496532,2800.045315892092,1673.8746039496532,False,0.9672588929311269,0.9768512331731574,0.009592340242030484,-0.2763737294750174,-276.3737294750174,2796.7198168469304,-9.862037163681752
924,0,13.78512087452691,1787085106.950096,0.014233832946047187,1664.1288330078125,2794.0453181809107,1664.1288330078125,False,1672.1183919270836,2800.045315892092,1672.1183919270836,False,0.9711637292584098,0.9758263309039475,0.004662601645537778,-0.12914373174773075,-129.14373174773075,2796.8670468446576,-4.608326140013229
925,0,13.800536228925921,1787085106.9665978,0.016387041890993714,1671.7353542751734,2794.0453181809107,1671.7353542751734,False,1669.8291069878474,2800.045315892092,1669.8291069878474,False,0.9756027951613434,0.9744903342822766,-0.0011124608790668011,0.043332440310843594,43.332440310843594,2797.039523016716,1.5462617867129458
926,0,13.817273166379891,1787085106.983531,0.01684458297677338,1666.5054036458332,2794.0453181809107,1666.5054036458332,False,1663.1916151258679,2800.045315892092,1663.1916151258679,False,0.9725506646674277,0.9706167812124993,-0.0019338834549283979,0.0678647844930051,67.8647844930051,2797.0640553608982,2.4216665891023803
927,0,13.832776916446164,1787085106.997634,0.014024333097040653,1675.317738172743,2794.0453181809107,1675.317738172743,False,1660.5914225260417,2800.045315892092,1660.5914225260417,False,0.9776934273507459,0.9690993429637591,-0.008594084386986833,0.26677621740100493,266.77621740100494,2797.2629667938063,9.51956242510009
928,0,13.847245249897242,1787085107.0124521,0.014746000058948994,1672.8945149739582,2794.0453181809107,1672.8945149739582,False,1661.1859646267362,2800.045315892092,1661.1859646267362,False,0.9762792661200292,0.9694463099246452,-0.006832956195384043,0.2141789255625262,214.17892556252622,2797.2103695019678,7.642696458839787
929,0,13.861731687444262,1787085107.0266,0.014084125170484185,1673.564393446181,2794.0453181809107,1673.564393446181,False,1657.4487386067708,2800.045315892092,1657.4487386067708,False,0.9766701983978253,0.9672653139064036,-0.009404884491421739,0.29099131424572694,290.9913142457269,2797.287181890651,10.383646668774155
930,0,13.87573214538861,1787085107.040457,0.013806958915665746,1679.0149875217016,2794.0453181809107,1679.0149875217016,False,1663.7465549045141,2800.045315892092,1663.7465549045141,False,0.979851093508866,0.970940636778399,-0.008910456730466976,0.2762248927211724,276.2248927211724,2797.2724154691264,9.85672611765531
931,0,13.889546270482242,1787085107.054239,0.013728790916502476,1674.4792995876735,2794.0453181809107,1674.4792995876735,False,1662.1792778862848,2800.045315892092,1662.1792778862848,False,0.977204125605064,0.9700259944961345,-0.0071781311089295086,0.22448780923700168,224.48780923700167,2797.2206783856423,8.010555567977507
932,0,13.903358832933009,1787085107.0680661,0.0137747498229146,1681.3426540798614,2794.0453181809107,1681.3426540798614,False,1665.280357530382,2800.045315892092,1665.280357530382,False,0.9812094891392131,0.9718357438449546,-0.009373745294258495,0.29006132093313314,290.0613209331331,2797.2862518973384,10.350461066697585
933,0,13.917776979040354,1787085107.083095,0.014973707962781191,1676.0002685546879,2794.0453181809107,1676.0002685546879,False,1660.508913845486,2800.045315892092,1660.508913845486,False,0.9780917431168779,0.9690511919815062,-0.00904055113537161,0.28011025064908956,280.11025064908955,2797.2763008270545,9.99537006312766
934,0,13.932042707921937,1787085107.096579,0.013426499906927347,1677.8028211805554,2794.0453181809107,1677.8028211805554,False,1657.7029975043401,2800.045315892092,1657.7029975043401,False,0.9791436891535065,0.9674136960594333,-0.011729993094073188,0.36043226483235996,360.43226483236,2797.356622841238,12.861556695416784
935,0,13.945654853479937,1787085107.110333,0.013701125048100948,1677.852916124132,2794.0453181809107,1677.852916124132,False,1662.8518391927087,2800.045315892092,1662.8518391927087,False,0.9791729239046002,0.9704184924407323,-0.008754431463867896,0.27156509196355716,271.56509196355717,2797.267755668369,9.690447186824048
936,0,13.959997104015201,1787085107.125257,0.01487320801243186,1681.1513156467013,2794.0453181809107,1681.1513156467013,False,1670.084402126736,2800.045315892092,1670.084402126736,False,0.9810978265427768,0.9746393211721296,-0.006458505370647183,0.20299569687891783,202.99569687891784,2797.1991862732843,7.24363748497423
937,0,13.974830603925511,1787085107.139998,0.014692042022943497,1674.0427625868056,2794.0453181809107,1674.0427625868056,False,1666.4929470486109,2800.045315892092,1666.4929470486109,False,0.9769493683451012,0.9725433951609014,-0.004405973184199774,0.14169542644250305,141.69542644250305,2797.1378860028476,5.056217044051636
938,0,13.989546937518753,1787085107.1547039,0.014648874988779426,1674.0793375651042,2794.0453181809107,1674.0793375651042,False,1664.6444769965278,2800.045315892092,1664.6444769965278,False,0.9769707130220382,0.9714646523174408,-0.00550606070459736,0.174550288816582,174.550288816582,2797.170740865222,6.228600086232586
939,0,14.003552687354386,1787085107.167996,0.0132341249845922,1683.4342203776043,2794.0453181809107,1683.4342203776043,False,1665.1056260850692,2800.045315892092,1665.1056260850692,False,0.9824300997586661,0.9717337728684996,-0.01069632689016653,0.3295611202730471,329.56112027304715,2797.3257516966783,11.759960043999683
940,0,14.01730172894895,1787085107.182204,0.01415629219263792,1674.816965060764,2794.0453181809107,1674.816965060764,False,1664.2613850911457,2800.045315892092,1664.2613850911457,False,0.9774011827400549,0.971241084913223,-0.006160097826831912,0.19408355252526283,194.08355252526283,2797.1902741289305,6.925619202300272
941,0,14.030818832921796,1787085107.195029,0.012776416027918458,1678.704673936632,2794.0453181809107,1678.704673936632,False,1669.3272569444441,2800.045315892092,1669.3272569444441,False,0.9796699985764675,0.9741974611885516,-0.005472537387915977,0.17354909215225528,173.54909215225527,2797.1697396685577,6.192873685136143
942,0,14.043517332989722,1787085107.207598,0.012527334038168192,1669.323423936632,2794.0453181809107,1669.323423936632,False,1661.739998372396,2800.045315892092,1661.739998372396,False,0.9741952242955375,0.9697696367415946,-0.004425587553942956,0.1422812229418885,142.2812229418885,2797.1384717993474,5.077120430412807
943,0,14.056484790984541,1787085107.220972,0.013325749896466732,1682.295494249132,2794.0453181809107,1682.295494249132,False,1667.335183376736,2800.045315892092,1667.335183376736,False,0.9817655541468144,0.9730349132195486,-0.008730640927265831,0.2708545713991717,270.8545713991717,2797.2670451478043,9.665093184383803
944,0,14.070026561967097,1787085107.2346802,0.013650791952386498,1677.3881456163192,2794.0453181809107,1677.3881456163192,False,1663.6814534505206,2800.045315892092,1663.6814534505206,False,0.9789016899408205,0.9709026444249307,-0.007999045515889813,0.249004976609132,249.004976609132,2797.2451955530146,8.885418805635599
945,0,14.083726270473562,1787085107.248363,0.013626625062897801,1683.1548502604169,2794.0453181809107,1683.1548502604169,False,1663.0169759114583,2800.045315892092,1663.0169759114583,False,0.9822670630276934,0.970514864060788,-0.01175219896690538,0.36109545833494083,361.0954583349408,2797.3572860347404,12.885221893196576
946,0,14.097574874409474,1787085107.262387,0.0139661671128124,1686.8870876736114,2794.0453181809107,1686.8870876736114,False,1665.961710611979,2800.045315892092,1665.961710611979,False,0.9844451477605469,0.9722333725540669,-0.01221177520647998,0.37482101545803514,374.82101545803516,2797.3710115918634,13.375000551599884
947,0,14.11271479097195,1787085107.278628,0.01617950014770031,1683.5739474826391,2794.0453181809107,1683.5739474826391,False,1661.280251736111,2800.045315892092,1661.280251736111,False,0.9825116426619033,0.9695013346432518,-0.01301030801865144,0.3986697412717755,398.66974127177554,2797.3948603176773,14.226011321430756
948,0,14.128983645467088,1787085107.294971,0.016254959162324667,1686.5923448350695,2794.0453181809107,1686.5923448350695,False,1662.1330837673613,2800.045315892092,1662.1330837673613,False,0.9842731397113065,0.9699990362150726,-0.014274103496233925,0.4364138531856616,436.4138531856616,2797.432604429591,15.572860875880018
949,0,14.145198978949338,1787085107.310987,0.01589404186233878,1686.267626953125,2794.0453181809107,1686.267626953125,False,1660.346080186632,2800.045315892092,1660.346080186632,False,0.9840836386204467,0.9689561643969559,-0.015127474223490811,0.4619003506490267,461.9003506490267,2797.4580909270544,16.482313397410316
950,0,14.160593874403276,1787085107.3257952,0.014736083103343844,1682.6575385199653,2794.0453181809107,1682.6575385199653,False,1658.917909071181,2800.045315892092,1658.917909071181,False,0.9819768384279621,0.9681227024924507,-0.013854135935511436,0.4238712362090339,423.8712362090339,2797.420061812614,15.125293898409716
951,0,14.175122436950915,1787085107.3400488,0.014177541946992278,1682.1322401258683,2794.0453181809107,1682.1322401258683,False,1656.3634792751739,2800.045315892092,1656.3634792751739,False,0.9816702811847572,0.9666319708149428,-0.0150383103698144,0.4592374114855843,459.2374114855843,2797.4554279878907,16.38728987601999
952,0,14.1894589579897,1787085107.354461,0.014348250115290284,1684.0236490885418,2794.0453181809107,1684.0236490885418,False,1656.4634602864583,2800.045315892092,1656.4634602864583,False,0.9827740826124524,0.9666903184199167,-0.016083764192535654,0.4904606013019251,490.46060130192507,2797.4866511777072,17.501448804664754
953,0,14.204010437475517,1787085107.36915,0.014631125144660473,1678.525927734375,2794.0453181809107,1678.525927734375,False,1652.590812174479,2800.045315892092,1652.590812174479,False,0.9795656846405922,0.9644302918474922,-0.015135392793100055,0.46213684411876194,462.1368441187619,2797.4583274205243,16.490752359362045
954,0,14.218524978961796,1787085107.3835032,0.014281542040407658,1684.3400472005208,2794.0453181809107,1684.3400472005208,False,1655.4750651041668,2800.045315892092,1655.4750651041668,False,0.9829587283948372,0.9661135039737176,-0.016845224421119576,0.5132021291800141,513.202129180014,2797.5093927055855,18.312950655866903
955,0,14.232897270470858,1787085107.397871,0.014306541066616774,1675.831730143229,2794.0453181809107,1675.831730143229,False,1650.5578694661458,2800.045315892092,1650.5578694661458,False,0.9779933863136369,0.9632438931848207,-0.014749493128816127,0.45061168805147966,450.6116880514797,2797.446802264457,16.079492151423054
956,0,14.247497603995726,1787085107.412719,0.014791958034038544,1680.6828233506944,2794.0453181809107,1680.6828233506944,False,1660.9547200520833,2800.045315892092,1660.9547200520833,False,0.9808244205922914,0.9693113586281853,-0.011513061964106064,0.35395346902059815,353.95346902059816,2797.350144045426,12.630369291343069
957,0,14.262622624984942,1787085107.428113,0.015333499992266297,1665.7842447916669,2794.0453181809107,1665.7842447916669,False,1658.2338975694443,2800.045315892092,1658.2338975694443,False,0.9721298058322773,0.9677235223642622,-0.004406283468015082,0.14170469327978627,141.70469327978628,2797.137895269685,5.05654771909029
958,0,14.278409561957233,1787085107.444293,0.016125458059832454,1665.8485324435762,2794.0453181809107,1665.8485324435762,False,1667.1487114800343,2800.045315892092,1667.1487114800343,False,0.9721673232615383,0.9729260906698693,0.0007587674083310292,-0.01255306580845125,-12.553065808451251,2796.983637510597,-0.4479398304471614
959,0,14.295579686993733,1787085107.4624882,0.018109791912138462,1659.2742024739582,2794.0453181809107,1659.2742024739582,False,1670.9982530381944,2800.045315892092,1670.9982530381944,False,0.9683306306425362,0.9751726325609805,0.006842001918444307,-0.19423300391627196,-194.23300391627197,2796.801957572489,-6.930952180854694
960,0,14.31264770787675,1787085107.478425,0.015824584057554603,1656.2091362847218,2794.0453181809107,1656.2091362847218,False,1679.5545518663196,2800.045315892092,1679.5545518663196,False,0.9665418982729501,0.9801659761734173,0.013624077900467157,-0.3967843181238685,-396.7843181238685,2796.5994062582813,-14.15873244803984
961,0,14.327993312035687,1787085107.493134,0.014615542022511363,1642.3048258463543,2794.0453181809107,1642.3048258463543,False,1660.1653889973957,2800.045315892092,1660.1653889973957,False,0.9584275253288284,0.968850715392226,0.010423190063397647,-0.3011876247591677,-301.1876247591677,2796.695002951646,-10.747488751040812
962,0,14.34200399951078,1787085107.506457,0.013255333062261343,1644.1048855251738,2794.0453181809107,1644.1048855251738,False,1666.6480495876735,2800.045315892092,1666.6480495876735,False,0.9594780165143036,0.9726339109654868,0.013155894451183148,-0.382801700825848,-382.801700825848,2796.6133888755794,-13.659780931553241
963,0,14.355408645467833,1787085107.5199502,0.013441124930977821,1647.4639133029511,2794.0453181809107,1647.4639133029511,False,1662.656898328993,2800.045315892092,1662.656898328993,False,0.9614383010058911,0.9703047275131402,0.008866426507249114,-0.2546938218226918,-254.6938218226918,2796.7414967545824,-9.08841784979631
964,0,14.368672145414166,1787085107.5329769,0.012986290967091918,1667.3238308376735,2794.0453181809107,1667.3238308376735,False,1683.045730251736,2800.045315892092,1683.045730251736,False,0.9730282880268629,0.982203382023876,0.009175093997013106,-0.2639123864436987,-263.91238644369867,2796.7322781899616,-9.417370341268152
965,0,14.381717582931742,1787085107.5460448,0.01303691603243351,1650.7345947265626,2794.0453181809107,1650.7345947265626,False,1670.5531955295137,2800.045315892092,1670.5531955295137,False,0.9633470277255824,0.9749129028445717,0.01156587511898921,-0.3353146915081925,-335.3146915081925,2796.660875884897,-11.965268752076524
966,0,14.394737583003007,1787085107.559026,0.012940665939822793,1656.9978841145835,2794.0453181809107,1656.9978841145835,False,1671.0119222005208,2800.045315892092,1671.0119222005208,False,0.9670022011465614,0.975180609704575,0.00817840855801355,-0.2341456975926661,-234.1456975926661,2796.7620448788125,-8.355184755661794
967,0,14.407558832899667,1787085107.571658,0.012566500110551715,1663.6107747395831,2794.0453181809107,1663.6107747395831,False,1679.262220594618,2800.045315892092,1679.262220594618,False,0.9708613972575649,0.9799953754829097,0.009133978225344785,-0.26268443594474333,-262.6844359447433,2796.7335061404606,-9.373552524434176
968,0,14.420472311903723,1787085107.584875,0.013176291948184371,1661.6979003906247,2794.0453181809107,1661.6979003906247,False,1669.524791124132,2800.045315892092,1669.524791124132,False,0.9697450689123733,0.9743127395412827,0.004567670628909393,-0.12630855233834176,-126.30855233834176,2796.869882024067,-4.507156449412709
969,0,14.433840353391133,1787085107.5983949,0.013473124941810966,1666.640625,2794.0453181809107,1666.640625,False,1668.8309027777777,2800.045315892092,1668.8309027777777,False,0.9726295780736396,0.973907795416304,0.0012782173426644228,-0.02806679156781625,-28.06679156781625,2796.9681237848376,-1.0015269614550475
970,0,14.447222666465677,1787085107.61166,0.013198917033150792,1667.14951171875,2794.0453181809107,1667.14951171875,False,1665.8775227864583,2800.045315892092,1665.8775227864583,False,0.972926557678673,0.9721842416448674,-0.0007423160338055901,0.03227781263436866,32.27781263436866,2797.0284683890395,1.1517917725652533
971,0,14.460603083018214,1787085107.625126,0.013414083980023861,1670.324213324653,2794.0453181809107,1670.324213324653,False,1671.5991400824653,2800.045315892092,1671.5991400824653,False,0.9747792718374072,0.9755233023475993,0.0007440305101921174,-0.012112938317504186,-12.112938317504186,2796.984077638088,-0.43223445323666093
972,0,14.473884041421115,1787085107.63824,0.013058166950941086,1669.8336805555555,2794.0453181809107,1669.8336805555555,False,1663.3530463324653,2800.045315892092,1663.3530463324653,False,0.9744930033563189,0.9707109903443334,-0.003782013011985552,0.12306043131266478,123.06043131266478,2797.119251007718,4.391251474188723
973,0,14.48713822895661,1787085107.651619,0.013320957776159048,1671.3198974609375,2794.0453181809107,1671.3198974609375,False,1666.754136827257,2800.045315892092,1666.754136827257,False,0.9753603400214189,0.9726958220850931,-0.0026645179363258276,0.08968568045534947,89.68568045534947,2797.0858762568605,3.2003168875017654
974,0,14.500569874420762,1787085107.6651342,0.013436667155474424,1681.344216579861,2794.0453181809107,1681.344216579861,False,1673.6961941189234,2800.045315892092,1673.6961941189234,False,0.9812104009936902,0.9767471155392872,-0.004463285454402999,0.14340709639144714,143.40709639144714,2797.1395976727968,5.117295760471279
975,0,14.514340082998388,1787085107.679147,0.013914333889260888,1671.2616889105902,2794.0453181809107,1671.2616889105902,False,1662.8194797092012,2800.045315892092,1662.8194797092012,False,0.975326370275983,0.9703996078711865,-0.004926762404796503,0.15724915089746772,157.24915089746773,2797.1534397273026,5.611231476501132
976,0,14.528787895455025,1787085107.694001,0.014780541183426976,1673.7440483940977,2794.0453181809107,1673.7440483940977,False,1667.0665852864581,2800.045315892092,1667.0665852864581,False,0.9767750426657317,0.9728781629019938,-0.0038968797637378705,0.12649100501721508,126.49100501721507,2797.1226815814225,4.513667036012528
977,0,14.543052916415036,1787085107.7077398,0.013633917085826397,1670.9036078559027,2794.0453181809107,1670.9036078559027,False,1665.030921766493,2800.045315892092,1665.030921766493,False,0.9751173988757227,0.9716901764093908,-0.0034272224663318696,0.11246437024212079,112.4643702421208,2797.108654946647,4.013144813093091
978,0,14.557203040923923,1787085107.72222,0.014385249931365252,1675.3913655598958,2794.0453181809107,1675.3913655598958,False,1679.0367757161457,2800.045315892092,1679.0367757161457,False,0.9777363953268212,0.9798638088129641,0.0021274134861428706,-0.053428612245956034,-53.42861224595603,2796.942761964159,-1.9065305540235524
979,0,14.572024791501462,1787085107.737416,0.01513958303257823,1667.9450358072918,2794.0453181809107,1667.9450358072918,False,1676.3861002604167,2800.045315892092,1676.3861002604167,False,0.9733908150878464,0.9783169094325918,0.004926094344745335,-0.13701312050864506,-137.01312050864504,2796.8591774558968,-4.889135045269949
980,0,14.587507604039274,1787085107.75321,0.01571470801718533,1668.4585394965277,2794.0453181809107,1668.4585394965277,False,1682.7442003038195,2800.045315892092,1682.7442003038195,False,0.9736904890962134,0.9820274131067506,0.008336924010537206,-0.23887986944741754,-238.87986944741755,2796.757310706958,-8.524117522388579
981,0,14.602277228957973,1787085107.766939,0.013633208116516471,1672.7866617838542,2794.0453181809107,1672.7866617838542,False,1681.6726942274304,2800.045315892092,1681.6726942274304,False,0.9762163244148943,0.9814020962343855,0.005185771819491203,-0.1447685649948623,-144.7685649948623,2796.8514220114102,-5.165877997247441
982,0,14.616921728476882,1787085107.7824929,0.015465875156223774,1666.2060085720489,2794.0453181809107,1666.2060085720489,False,1674.4169704861113,2800.045315892092,1674.4169704861113,False,0.972375941634805,0.9771677511600608,0.004791809525255819,-0.13300261299769578,-133.0026129976958,2796.8631879634077,-4.746025299660854
983,0,14.632237687008455,1787085107.7975621,0.01499954191967845,1665.4279486762152,2794.0453181809107,1665.4279486762152,False,1677.2296983506944,2800.045315892092,1677.2296983506944,False,0.9719218760991106,0.978809222197745,0.006887346098634395,-0.19558723871303826,-195.58723871303826,2796.8006033376923,-6.979276288646812
984,0,14.646949395420961,1787085107.811917,0.014297540998086333,1658.9684597439234,2794.0453181809107,1658.9684597439234,False,1667.9522705078125,2800.045315892092,1667.9522705078125,False,0.9681522032010997,0.9733950371640454,0.00524283396294567,-0.1464727647382508,-146.4727647382508,2796.8497178116672,-5.226690149095447
985,0,14.661628332920372,1787085107.826921,0.01495066611096263,1673.089990234375,2794.0453181809107,1673.089990234375,False,1683.3609130859372,2800.045315892092,1683.3609130859372,False,0.976393342914517,0.982387318586112,0.0059939756715949866,-0.16890612299704155,-168.90612299704156,2796.827284453408,-6.027195368150212
986,0,14.676198249915615,1787085107.8410602,0.014087500050663948,1660.9873345269098,2794.0453181809107,1660.9873345269098,False,1671.5342339409722,2800.045315892092,1671.5342339409722,False,0.9693303920073156,0.9754854239759408,0.006155031968625213,-0.17371617890195215,-173.71617890195216,2796.8224743975034,-6.1988359585338335
987,0,14.690783603931777,1787085107.856089,0.014983792090788484,1667.3760986328125,2794.0453181809107,1667.3760986328125,False,1677.6324869791667,2800.045315892092,1677.6324869791667,False,0.9730587908255889,0.9790442843508496,0.005985493525260677,-0.16865279792491472,-168.65279792491472,2796.8275377784803,-6.018155792353508
988,0,14.705965770524926,1787085107.871434,0.015295624965801835,1671.401437717014,2794.0453181809107,1671.401437717014,False,1677.416615125868,2800.045315892092,1677.416615125868,False,0.9754079258438657,0.9789183043726573,0.0035103785287915468,-0.09473180431194994,-94.73180431194994,2796.9014587720935,-3.380381255778973
989,0,14.721262437407859,1787085107.8867111,0.015189625089988112,1671.5448757595484,2794.0453181809107,1671.5448757595484,False,1676.5342692057288,2800.045315892092,1676.5342692057288,False,0.9754916344014858,0.9784033788829345,0.002911744481448708,-0.0768531911350833,-76.8531911350833,2796.9193373852704,-2.7424061923737977
990,0,14.737931124982424,1787085107.904715,0.017930249916389585,1667.3846164279516,2794.0453181809107,1667.3846164279516,False,1670.9229573567711,2800.045315892092,1670.9229573567711,False,0.9730637616989541,0.9751286909902813,0.0020649292913271777,-0.051562479249117034,-51.56247924911703,2796.944628097156,-1.8399400245902453
991,0,14.754538249922916,1787085107.919948,0.01518025016412139,1671.8827419704855,2794.0453181809107,1671.8827419704855,False,1675.4821180555555,2800.045315892092,1675.4821180555555,False,0.9756888086844475,0.9777893572912895,0.0021005486068419454,-0.052626274344868725,-52.626274344868726,2796.9435643020606,-1.8779001693144706
992,0,14.769550708006136,1787085107.9347389,0.01473558391444385,1670.8091824001738,2794.0453181809107,1670.8091824001738,False,1663.572216796875,2800.045315892092,1663.572216796875,False,0.975062293420001,0.9708388953486441,-0.004223398071356854,0.13624269646042111,136.24269646042112,2797.132433272866,4.861643464902266
993,0,14.784769500023685,1787085107.950426,0.015583249973133206,1680.955615234375,2794.0453181809107,1680.955615234375,False,1668.4708577473962,2800.045315892092,1668.4708577473962,False,0.9809836183525921,0.9736976778656248,-0.007285940486967291,0.2277076096732308,227.70760967323082,2797.2238981860787,8.125449959792707
994,0,14.802828165935352,1787085107.970826,0.020262000150978565,1670.0477728949652,2794.0453181809107,1670.0477728949652,False,1659.4324083116321,2800.045315892092,1659.4324083116321,False,0.9746179448335789,0.9684229574914306,-0.006194987342148295,0.19512555164148207,195.12555164148208,2797.1913161280468,6.9628015858365
995,0,14.82216941646766,1787085107.989106,0.018146082991734147,1686.0025499131941,2794.0453181809107,1686.0025499131941,False,1671.0106119791667,2800.045315892092,1671.0106119791667,False,0.9839289431416268,0.975179845076602,-0.008749098065024774,0.2714058063778853,271.4058063778853,2797.2675963827833,9.684763287820628
996,0,14.839966853964143,1787085108.006429,0.017189292004331946,1680.7083984375,2794.0453181809107,1680.7083984375,False,1666.4478461371523,2800.045315892092,1666.4478461371523,False,0.9808393458770321,0.9725170748613571,-0.008322271015675065,0.25865832610572415,258.65832610572414,2797.254848902511,9.229886030035832
997,0,14.856560416403227,1787085108.02224,0.01571558299474418,1683.4360080295141,2794.0453181809107,1683.4360080295141,False,1669.6825737847223,2800.045315892092,1669.6825737847223,False,0.9824311430088406,0.9744048194295895,-0.008026323579251149,0.24981965453334315,249.81965453334314,2797.2460102309387,8.91448952802395
998,0,14.871992020402104,1787085108.037322,0.015017541125416756,1684.4841824001735,2794.0453181809107,1684.4841824001735,False,1670.4919243706597,2800.045315892092,1670.4919243706597,False,0.9830428438041947,0.9748771458010373,-0.008165698003157362,0.2539821665435241,253.98216654352413,2797.250172742949,9.063023356534545
999,0,14.88797987496946,1787085108.054222,0.016838249983265996,1680.4297092013887,2794.0453181809107,1680.4297092013887,False,1667.0217068142363,2800.045315892092,1667.0217068142363,False,0.9806767064993124,0.9728519724150665,-0.007824734084245888,0.2437990470892516,243.7990470892516,2797.2399896234947,8.69965198006179
1000,0,14.903054207912646,1787085108.06746,0.013183334143832326,1689.329296875,2794.0453181809107,1689.329296875,False,1670.7049018012153,2800.045315892092,1670.7049018012153,False,0.9858703889730094,0.9750014366321339,-0.010868952340875482,0.3347166968250438,334.7166968250438,2797.3309072732304,11.94393008938923
1001,0,14.916896895505488,1787085108.081922,0.014407209120690823,1685.116965060764,2794.0453181809107,1685.116965060764,False,1665.026695421007,2800.045315892092,1665.026695421007,False,0.9834121274535612,0.9716877099696765,-0.011724417483884753,0.3602657454400426,360.26574544004256,2797.356456321845,12.855614667429439
1002,0,14.93103037495166,1787085108.095716,0.013741749804466963,1677.2466091579859,2794.0453181809107,1677.2466091579859,False,1665.9068793402778,2800.045315892092,1665.9068793402778,False,0.9788190911227634,0.9722013737440895,-0.006617717378673893,0.20775067183775364,207.75067183775363,2797.203941248243,7.413312583419699
1003,0,14.944901937502436,1787085108.1096692,0.01390187512151897,1677.1579128689239,2794.0453181809107,1677.1579128689239,False,1666.7545654296875,2800.045315892092,1666.7545654296875,False,0.9787673291334581,0.972696072211842,-0.006071256921616142,0.19143025843735445,191.43025843735444,2797.1876208348426,6.830939852888754
1004,0,14.958740832982585,1787085108.1233962,0.01367049990221858,1677.5344536675348,2794.0453181809107,1677.5344536675348,False,1667.2778537326387,2800.045315892092,1667.2778537326387,False,0.9789870733978105,0.973001456392256,-0.0059856170055545554,0.1888725640687153,188.8725640687153,2797.185063140474,6.7396718551497035
1005,0,14.972646728972904,1787085108.137473,0.014019042020663619,1670.7431369357641,2794.0453181809107,1670.7431369357641,False,1670.069577365451,2800.045315892092,1670.069577365451,False,0.975023750154453,0.9746306696361612,-0.00039308051829178847,0.021847656318987874,21.847656318987873,2797.0180382327244,0.7796052069293418
1006,0,14.986740540945902,1787085108.151586,0.014065749943256378,1668.6357042100694,2794.0453181809107,1668.6357042100694,False,1662.9186469184028,2800.045315892092,1662.9186469184028,False,0.9737938800960467,0.9704574805519539,-0.0033363995440928162,0.1097518818671074,109.7518818671074,2797.1059424582722,3.9163531925173922
1007,0,15.00048424943816,1787085108.1649659,0.013330917106941342,1675.0005099826387,2794.0453181809107,1675.0005099826387,False,1673.8475884331597,2800.045315892092,1673.8475884331597,False,0.9775082971456699,0.9768354672725701,-0.0006728298730998006,0.030202561161588787,30.202561161588786,2797.026393137567,1.0777391222376815
1008,0,15.013913082890213,1787085108.178448,0.013421833980828524,1677.0186848958335,2794.0453181809107,1677.0186848958335,False,1682.8788384331597,2800.045315892092,1682.8788384331597,False,0.9786860775170679,0.9821059861506141,0.0034199086335461315,-0.0920298593283261,-92.0298593283261,2796.904160717077,-3.28396586241529
1009,0,15.027364832931198,1787085108.19186,0.013353749876841903,1672.5002766927087,2794.0453181809107,1672.5002766927087,False,1678.156410047743,2800.045315892092,1678.156410047743,False,0.9760491938372585,0.979350038972145,0.0033008451348864876,-0.0884739469216249,-88.4739469216249,2796.9077166294837,-3.157077751984902
1010,0,15.051865853951313,1787085108.2168179,0.014271292136982083,1666.6834635416667,2794.0453181809107,1666.6834635416667,False,1674.8798583984376,2800.045315892092,1674.8798583984376,False,0.9726545780838887,0.9774378864658417,0.004783308381953066,-0.13274872056817952,-132.74872056817952,2796.863441855837,-4.736965478453452
1011,0,15.066482416470535,1787085108.2317219,0.014854583190754056,1662.9343315972224,2794.0453181809107,1662.9343315972224,False,1672.6133382161456,2800.045315892092,1672.6133382161456,False,0.9704666339245008,0.9761151750573172,0.00564854113281632,-0.15858948543830917,-158.58948543830917,2796.837601090967,-5.659059571735269
1012,0,15.081610457855277,1787085108.2470772,0.015308249974623322,1668.0075656467016,2794.0453181809107,1668.0075656467016,False,1679.4573187934031,2800.045315892092,1679.4573187934031,False,0.9734273066808209,0.9801092322291818,0.00668192554836089,-0.18945221419643948,-189.45221419643948,2796.8067383622088,-6.760355916230355
1013,0,15.096660040901043,1787085108.261826,0.014697999926283956,1668.843191189236,2794.0453181809107,1668.843191189236,False,1678.1068359375,2800.045315892092,1678.1068359375,False,0.9739149667718275,0.9793211081725437,0.005406141400716158,-0.1513500524932048,-151.3500524932048,2796.844840523912,-5.400729820625349
1014,0,15.111402666429058,1787085108.276557,0.01468233298510313,1670.2119167751734,2794.0453181809107,1670.2119167751734,False,1679.9974582248265,2800.045315892092,1679.9974582248265,False,0.9747137370461024,0.9804244505068391,0.005710713460736705,-0.16044630431810347,-160.44630431810347,2796.835744272087,-5.7253177390131125
1015,0,15.125929874950089,1787085108.290879,0.014275000197812915,1669.0247477213538,2794.0453181809107,1669.0247477213538,False,1681.1005723741316,2800.045315892092,1681.1005723741316,False,0.974020920779297,0.9810682134353983,0.007047292656101267,-0.20036415149074396,-200.36415149074395,2796.7958264249146,-7.149734209632599
1016,0,15.140315770404413,1787085108.3053691,0.014408959075808525,1669.8308051215276,2794.0453181809107,1669.8308051215276,False,1684.0383544921874,2800.045315892092,1684.0383544921874,False,0.9744913252907881,0.9827826644928702,0.008291339202082137,-0.2375184481237771,-237.5184481237771,2796.7586721282814,-8.4755369727297
1017,0,15.156011874438263,1787085108.322241,0.01676991698332131,1667.0385687934026,2794.0453181809107,1667.0385687934026,False,1678.4292724609375,2800.045315892092,1678.4292724609375,False,0.9728618128446325,0.9795092778925435,0.0066474650479110275,-0.18842302790114096,-188.42302790114096,2796.807767548504,-6.723630741547993
1018,0,15.172958833049051,1787085108.339238,0.01692033396102488,1666.6955322265626,2794.0453181809107,1666.6955322265626,False,1677.4544894748262,2800.045315892092,1677.4544894748262,False,0.9726616212098764,0.9789404073452445,0.006278786135368031,-0.17741218130281985,-177.41218130281985,2796.8187783951025,-6.33072299824507
1019,0,15.191731728380546,1787085108.3598049,0.02051237504929304,1669.7366048177082,2794.0453181809107,1669.7366048177082,False,1682.4143256293403,2800.045315892092,1682.4143256293403,False,0.9744363512307633,0.9818349025795,0.007398551348736682,-0.21085473136757463,-210.85473136757463,2796.785335845038,-7.524076911489246
1020,0,15.209631061996333,1787085108.375032,0.015173792140558362,1659.8507975260413,2794.0453181809107,1659.8507975260413,False,1671.5886555989587,2800.045315892092,1671.5886555989587,False,0.9686671239415803,0.9755171837407345,0.006850059799154207,-0.19447365800682545,-194.47365800682545,2796.8017169183986,-6.939539609150208
1021,0,15.224953686934896,1787085108.390445,0.015364208025857806,1667.6549967447913,2794.0453181809107,1667.6549967447913,False,1679.7292182074648,2800.045315892092,1679.7292182074648,False,0.9732215521005215,0.9802679091559351,0.007046357055413566,-0.20033620913955685,-200.33620913955684,2796.7958543672657,-7.148737123164318
1022,0,15.239840062451549,1787085108.404808,0.01432062522508204,1660.2622097439234,2794.0453181809107,1660.2622097439234,False,1668.6603352864581,2800.045315892092,1668.6603352864581,False,0.9689072187081967,0.9738082544687076,0.004901035760510819,-0.13626472883884705,-136.26472883884705,2796.8599258475665,-4.862429661677385
1023,0,15.25438724947162,1787085108.419544,0.014692333061248064,1672.3686279296876,2794.0453181809107,1672.3686279296876,False,1680.897873263889,2800.045315892092,1680.897873263889,False,0.9759723653483147,0.9809499208970347,0.004977555548720036,-0.13855004438319474,-138.55004438319475,2796.8576405320223,-4.943978175249598
1024,0,15.269367541419342,1787085108.434775,0.015180916991084814,1661.590630425347,2794.0453181809107,1661.590630425347,False,1669.1083333333336,2800.045315892092,1669.1083333333336,False,0.9696824675695865,0.974069700244584,0.00438723267499741,-0.12091965006200647,-120.91965006200647,2796.875270926343,-4.314860478946848
1025,0,15.28449249942787,1787085108.449808,0.014960417058318853,1671.9081678602429,2794.0453181809107,1671.9081678602429,False,1673.9816297743055,2800.045315892092,1673.9816297743055,False,0.9757036468997506,0.9769136920386818,0.0012100451389311928,-0.026030782314131185,-26.030782314131184,2796.970159794091,-0.9288746186886663
1026,0,15.300338999484666,1787085108.466475,0.01655683317221701,1668.6334635416667,2794.0453181809107,1668.6334635416667,False,1671.0033854166668,2800.045315892092,1671.0033854166668,False,0.9737925724713972,0.9751756277496452,0.0013830552782480021,-0.031197847853170882,-31.19784785317088,2796.9649927285523,-1.113254633641553
1027,0,15.316272874479182,1787085108.481663,0.015057583106681705,1670.2089599609376,2794.0453181809107,1670.2089599609376,False,1682.1346869574656,2800.045315892092,1682.1346869574656,False,0.974712011488151,0.9816717091235392,0.006959697635388173,-0.19774806659129598,-197.74806659129598,2796.798442509814,-7.0563826217276615
1028,0,15.331583812017925,1787085108.497067,0.01531770802102983,1665.6923936631945,2794.0453181809107,1665.6923936631945,False,1669.5908447265624,2800.045315892092,1669.5908447265624,False,0.9720762027201296,0.9743512875560728,0.0022750848359431863,-0.057838917593779966,-57.83891759377997,2796.9383516588114,-2.0639065655787885
1029,0,15.346138957887888,1787085108.5107782,0.013650000095367432,1671.6378173828125,2794.0453181809107,1671.6378173828125,False,1680.2428927951391,2800.045315892092,1680.2428927951391,False,0.9755458739120707,0.9805676828983859,0.005021808986315213,-0.13987170341014557,-139.87170341014556,2796.856318872995,-4.991139859054581
1030,0,15.36055920785293,1787085108.5259159,0.015088499989360571,1668.8025526258684,2794.0453181809107,1668.8025526258684,False,1681.8819254557288,2800.045315892092,1681.8819254557288,False,0.9738912506400179,0.9815242008310496,0.007632950191031718,-0.2178552122942772,-217.8552122942772,2796.778335364111,-7.773879970535155
1031,0,15.375206541502848,1787085108.5400739,0.014104667119681835,1672.6839762369793,2794.0453181809107,1672.6839762369793,False,1684.8999348958332,2800.045315892092,1684.8999348958332,False,0.9761563984784728,0.9832854714999144,0.007129073021441612,-0.20280657775078176,-202.80657775078177,2796.7933839986545,-7.236889014800948
1032,0,15.388962020515464,1787085108.553422,0.013298874953761697,1675.4501871744792,2794.0453181809107,1675.4501871744792,False,1684.1960150824652,2800.045315892092,1684.1960150824652,False,0.977770722848493,0.9828746731425458,0.005103950294052861,-0.1423249094604896,-142.32490946048958,2796.853865666945,-5.078679327022894
1033,0,15.402197562041692,1787085108.566543,0.013080958044156432,1666.216330295139,2794.0453181809107,1666.216330295139,False,1675.0944146050347,2800.045315892092,1675.0944146050347,False,0.9723819652568286,0.9775630986498995,0.005181133393070914,-0.14463003523350673,-144.63003523350673,2796.8515605411717,-5.160934742845658
1034,0,15.415251187048852,1787085108.5795379,0.012954792007803917,1670.3728678385419,2794.0453181809107,1670.3728678385419,False,1676.9054063585068,2800.045315892092,1676.9054063585068,False,0.9748076659726546,0.9786199696505535,0.003812303677898976,-0.10374900434128284,-103.74900434128284,2796.892441572064,-3.702148313634129
1035,0,15.428237082902342,1787085108.592513,0.012927915900945663,1666.740380859375,2794.0453181809107,1666.740380859375,False,1675.5896240234374,2800.045315892092,1675.5896240234374,False,0.9726877942829164,0.9778520963620962,0.005164302079179839,-0.14412735659093262,-144.1273565909326,2796.852063219814,-5.142997309125486
1036,0,15.441331874462776,1787085108.605719,0.01316033280454576,1671.1983723958335,2794.0453181809107,1671.1983723958335,False,1678.0513590494793,2800.045315892092,1678.0513590494793,False,0.9752894195896088,0.9792887325893622,0.003999312999753424,-0.10933416499284367,-109.33416499284367,2796.8868564114123,-3.9014475090223972
1037,0,15.454668936901726,1787085108.619195,0.013432542094960809,1673.1567003038192,2794.0453181809107,1673.1567003038192,False,1674.4014214409722,2800.045315892092,1674.4014214409722,False,0.9764322740348338,0.9771586769415483,0.0007264029067145517,-0.011586477944577725,-11.586477944577725,2796.9846040984607,-0.4134483993925822
1038,0,15.46828785398975,1787085108.632952,0.013710292056202888,1676.9107747395833,2794.0453181809107,1676.9107747395833,False,1668.542138671875,2800.045315892092,1668.542138671875,False,0.9786231025672382,0.9737392764769033,-0.004883826090334886,0.15596682864916445,155.96682864916446,2797.1521574050544,5.5654734744920225
1039,0,15.481705958023667,1787085108.6460319,0.013034333940595388,1670.9397216796874,2794.0453181809107,1670.9397216796874,False,1668.827888997396,2800.045315892092,1668.827888997396,False,0.9751384744289424,0.973906036613658,-0.0012324378152843707,0.04691563315177981,46.91563315177981,2797.043106209557,1.6741233639658795
1040,0,15.495029166457243,1787085108.659627,0.013520333217456937,1671.4704915364582,2794.0453181809107,1671.4704915364582,False,1668.3739963107641,2800.045315892092,1668.3739963107641,False,0.9754482247458982,0.9736411508034436,-0.0018070739424546067,0.0640775321128084,64.0775321128084,2797.060268108518,2.2865234125324148
1041,0,15.508507833001204,1787085108.672958,0.013255750061944127,1682.8791178385418,2794.0453181809107,1682.8791178385418,False,1677.2759521484372,2800.045315892092,1677.2759521484372,False,0.9821061492079252,0.9788362153065822,-0.003269933901343003,0.10776684021845694,107.76684021845693,2797.103957416624,3.8455195624627794
1042,0,15.522286041406915,1787085108.6871848,0.01412133313715458,1669.704603407118,2794.0453181809107,1669.704603407118,False,1660.7492458767363,2800.045315892092,1660.7492458767363,False,0.974417675627869,0.9691914465982762,-0.005226229029592799,0.16619292542529468,166.19292542529467,2797.1623835018304,5.930378440811257
1043,0,15.53649189544376,1787085108.701348,0.014087041141465306,1681.952579752604,2794.0453181809107,1681.952579752604,False,1672.0659857855903,2800.045315892092,1672.0659857855903,False,0.9815654337506893,0.9757957473681064,-0.005769686382582906,0.18242364907918912,182.42364907918912,2797.1786142254846,6.5095507093630145
1044,0,15.550440249964595,1787085108.7151518,0.013707499951124191,1676.5577446831594,2794.0453181809107,1676.5577446831594,False,1668.223464626736,2800.045315892092,1668.223464626736,False,0.9784170788632217,0.9735533024898199,-0.004863776373401851,0.155368030209713,155.368030209713,2797.151558606615,5.544106130806202
1045,0,15.564637332921848,1787085108.729674,0.014438415877521038,1680.6562391493055,2794.0453181809107,1680.6562391493055,False,1670.331556532118,2800.045315892092,1670.331556532118,False,0.9808089064015338,0.9747835572368335,-0.006025349164700322,0.19005919203817667,190.05919203817666,2797.1862497684433,6.782015131250952
1046,0,15.578314624493942,1787085108.742518,0.012795832939445972,1680.0508870442711,2794.0453181809107,1680.0508870442711,False,1672.4916314019097,2800.045315892092,1672.4916314019097,False,0.9804556308641003,0.9760441485591007,-0.004411482304999548,0.14185996008398397,141.85996008398396,2797.138050536489,5.0620882131024825
1047,0,15.592373499996029,1787085108.757801,0.015242499997839332,1677.805992296007,2794.0453181809107,1677.805992296007,False,1671.524359809028,2800.045315892092,1671.524359809028,False,0.9791455397748327,0.9754796615622312,-0.0036658782126014477,0.11959198650272182,119.59198650272182,2797.115782562908,4.26748453121331
1048,0,15.606984207988717,1787085108.771738,0.013899334007874131,1673.447412109375,2794.0453181809107,1673.447412109375,False,1667.2294352213544,2800.045315892092,1667.2294352213544,False,0.9766019296261697,0.9729731999850287,-0.0036287296411409153,0.1184825191375359,118.48251913753589,2797.114673095543,4.227894630942616
1049,0,15.620832561980933,1787085108.7855098,0.013722958043217659,1677.9570231119792,2794.0453181809107,1677.9570231119792,False,1667.897224934896,2800.045315892092,1667.897224934896,False,0.979233679375303,0.9733629132906935,-0.005870766084609569,0.18544246316199836,185.44246316199835,2797.1816330395673,6.617273164501797
1050,0,15.634858895442449,1787085108.799774,0.014208459062501788,1683.3064887152777,2794.0453181809107,1683.3064887152777,False,1671.1414930555554,2800.045315892092,1671.1414930555554,False,0.9823555572382381,0.9752562255537105,-0.007099331684527588,0.2221344108065331,222.13441080653308,2797.218324987212,7.926577605143202
1051,0,15.649185332935303,1787085108.814208,0.014343834016472101,1671.074351671007,2794.0453181809107,1671.074351671007,False,1664.8249348958332,2800.045315892092,1664.8249348958332,False,0.9752170427235639,0.9715699651772312,-0.0036470775463327554,0.11903049181130342,119.03049181130342,2797.1152210682167,4.247448323269462
1052,0,15.664255499956198,1787085108.829864,0.015583750093355775,1673.3920220269097,2794.0453181809107,1673.3920220269097,False,1667.9820827907984,2800.045315892092,1667.9820827907984,False,0.9765696047015701,0.9734124352208232,-0.0031571694807468464,0.1043990540644603,104.3990540644603,2797.1005896304696,3.7253444927369506
1053,0,15.679403541376814,1787085108.844555,0.014592166990041733,1677.5473280164933,2794.0453181809107,1677.5473280164933,False,1664.470193142361,2800.045315892092,1664.470193142361,False,0.9789945866987632,0.9713629425492998,-0.007631644149463379,0.23803228479491484,238.03228479491483,2797.2342228612,8.493872566190223
1054,0,15.69397154089529,1787085108.858966,0.014284250093623996,1676.4656195746527,2794.0453181809107,1676.4656195746527,False,1669.9061225043401,2800.045315892092,1669.9061225043401,False,0.9783633158599246,0.974535279526133,-0.0038280363337916956,0.1244349491359306,124.43494913593061,2797.120625525541,4.440299355407173
1055,0,15.710268624941818,1787085108.8771641,0.01807450014166534,1674.6763888888886,2794.0453181809107,1674.6763888888886,False,1670.1555419921874,2800.045315892092,1670.1555419921874,False,0.9773191443325618,0.9746808374632127,-0.002638306869349183,0.08890286910422697,88.90286910422697,2797.0850934455093,3.172383282337531
1056,0,15.727126957965083,1787085108.8926778,0.01538266590796411,1679.6879421657984,2794.0453181809107,1679.6879421657984,False,1674.5578125,2800.045315892092,1674.5578125,False,0.9802438210001634,0.9772499447094611,-0.0029938762907022465,0.09952219182753512,99.52219182753512,2797.0957127682327,3.551320005264599
1057,0,15.74187875003554,1787085108.9066439,0.013864750042557716,1675.1998046875,2794.0453181809107,1675.1998046875,False,1666.399742296007,2800.045315892092,1666.399742296007,False,0.9776246029177685,0.9724890020914898,-0.00513560082627873,0.16348625246347645,163.48625246347646,2797.1596768288687,5.833794335693565
1058,0,15.756640311912633,1787085108.922241,0.015479292022064328,1688.6078423394097,2794.0453181809107,1688.6078423394097,False,1679.672970920139,2800.045315892092,1679.672970920139,False,0.9854493575820635,0.9802350839778381,-0.005214273604225439,0.1658358685113809,165.8358685113809,2797.1620264449166,5.9176373291243545
1059,0,15.773780624498613,1787085108.940875,0.018540167016908526,1672.8192220052083,2794.0453181809107,1672.8192220052083,False,1668.1522379557293,2800.045315892092,1668.1522379557293,False,0.9762353261324107,0.973511735540155,-0.002723590592255687,0.09144992552191054,91.44992552191054,2797.087640501927,3.2632716786294083
1060,0,15.790630436968058,1787085108.955981,0.015010708011686802,1674.666140407986,2794.0453181809107,1674.666140407986,False,1667.6224527994793,2800.045315892092,1667.6224527994793,False,0.9773131634537169,0.9732025598814894,-0.004110603572227478,0.1328740119905623,132.8740119905623,2797.129064588396,4.741436339942989
1061,0,15.805512978928164,1787085108.970622,0.014534458052366972,1675.2968098958331,2794.0453181809107,1675.2968098958331,False,1666.492333984375,2800.045315892092,1666.492333984375,False,0.977681213883226,0.9725430373846656,-0.0051381764985604095,0.16356317666883852,163.5631766688385,2797.1597537530743,5.836539275936287
1062,0,15.821425187401474,1787085108.9877791,0.0170801249332726,1670.9196533203121,2794.0453181809107,1670.9196533203121,False,1667.3264594184027,2800.045315892092,1667.3264594184027,False,0.9751267627980011,0.973029822032051,-0.0020969407659501282,0.0727346020424035,72.73460204240351,2797.068925178448,2.5954396960606445
1063,0,15.838289520470425,1787085109.004427,0.01653245883062482,1679.4246554904516,2794.0453181809107,1679.4246554904516,False,1668.441414388021,2800.045315892092,1668.441414388021,False,0.9800901703545991,0.9736804951078205,-0.006409675246778601,0.2015373520021105,201.5373520021105,2797.1977279284074,7.191598344351645
1064,0,15.853771749418229,1787085109.018649,0.014130833093076944,1675.6726942274304,2794.0453181809107,1675.6726942274304,False,1665.6562554253474,2800.045315892092,1665.6562554253474,False,0.9779005750420517,0.9720551129191838,-0.0058454621228679615,0.18468674312597885,184.68674312597886,2797.180877319531,6.5903062776897965
1065,0,15.868129332899116,1787085109.033182,0.014473750023171306,1681.4411946614587,2794.0453181809107,1681.4411946614587,False,1671.8635498046874,2800.045315892092,1671.8635498046874,False,0.9812669961283411,0.9756776083885693,-0.005589387739771801,0.17703890742367867,177.03890742367867,2797.173229483829,6.317403205241174
1066,0,15.882330541498959,1787085109.0470421,0.013803583104163408,1682.735053168403,2794.0453181809107,1682.735053168403,False,1670.6089219835071,2800.045315892092,1670.6089219835071,False,0.9820220749586657,0.9749454240711769,-0.007076650887488767,0.22145703336934922,221.4570333693492,2797.2176476097748,7.902406272100671
1067,0,15.8964912914671,1787085109.061516,0.014413833152502775,1679.488503689236,2794.0453181809107,1679.488503689236,False,1675.885546875,2800.045315892092,1675.885546875,False,0.9801274313247884,0.9780247930514366,-0.0021026382733517757,0.07290476197794098,72.90476197794098,2797.0690953383832,2.60151163209895
1068,0,15.910461353487335,1787085109.074978,0.013395624933764338,1676.6606797960071,2794.0453181809107,1676.6606797960071,False,1680.0311116536457,2800.045315892092,1680.0311116536457,False,0.9784771504430669,0.9804440902058733,0.0019669397628063745,-0.048635955300833054,-48.635955300833054,2796.9475546211042,-1.7355108228958411
1069,0,15.924015624448657,1787085109.088612,0.013583417050540447,1668.4438178168402,2794.0453181809107,1668.4438178168402,False,1672.894525824653,2800.045315892092,1672.894525824653,False,0.9736818977173113,0.9762792724523522,0.002597374735040958,-0.0674643247391916,-67.4643247391916,2796.928726251666,-2.4073767035109763
1070,0,15.93782268697396,1787085109.102626,0.013941292185336351,1666.7510823567707,2794.0453181809107,1666.7510823567707,False,1665.6125895182292,2800.045315892092,1665.6125895182292,False,0.9726940395362366,0.9720296300693243,-0.0006644094669122635,0.02995108000095769,29.951080000957692,2797.0261416564063,1.0687653440250389
1071,0,15.951829041470774,1787085109.1165938,0.013899083016440272,1673.5538113064235,2794.0453181809107,1673.5538113064235,False,1677.8342258029516,2800.045315892092,1677.8342258029516,False,0.9766640228000552,0.9791620164786494,0.002497993678594268,-0.06449624186250692,-64.49624186250692,2796.931694334543,-2.3014645254962502
1072,0,15.96584806253668,1787085109.130668,0.014013875043019652,1670.7258816189235,2794.0453181809107,1670.7258816189235,False,1677.691330295139,2800.045315892092,1677.691330295139,False,0.9750136801781866,0.979078624537167,0.004064944358980416,-0.1112942901963795,-111.2942901963795,2796.884896286209,-3.971392028132297
1073,0,15.980451270472258,1787085109.145792,0.015070208813995123,1670.6353868272574,2794.0453181809107,1670.6353868272574,False,1676.6317762586805,2800.045315892092,1676.6317762586805,False,0.9749608686063842,0.9784602827183199,0.0034994141119356614,-0.09440434454158372,-94.40434454158373,2796.9017862318638,-3.368696279673984
1074,0,15.994858645484783,1787085109.159494,0.013655124930664897,1665.1544677734375,2794.0453181809107,1665.1544677734375,False,1678.449693467882,2800.045315892092,1678.449693467882,False,0.9717622762363148,0.9795211953239744,0.007758919087659577,-0.22161735911022065,-221.61735911022066,2796.7745732172953,-7.908127287689861
1075,0,16.008522187010385,1787085109.173144,0.013572042109444737,1664.5853515624997,2794.0453181809107,1664.5853515624997,False,1678.4407063802082,2800.045315892092,1678.4407063802082,False,0.9714301474907315,0.9795159505776498,0.008085803086918308,-0.23137997218309023,-231.37997218309022,2796.764810604222,-8.256493440732594
1076,0,16.022437353851274,1787085109.187283,0.01407920802012086,1665.7953694661458,2794.0453181809107,1665.7953694661458,False,1680.6705620659723,2800.045315892092,1680.6705620659723,False,0.972136298046185,0.9808172650675746,0.008680967021389652,-0.24915494807773927,-249.15494807773928,2796.7470356283275,-8.890770342482845
1077,0,16.03613752045203,1787085109.200564,0.013228541007265449,1667.6569444444444,2794.0453181809107,1667.6569444444444,False,1679.6523356119792,2800.045315892092,1679.6523356119792,False,0.9732226887524568,0.9802230414830327,0.007000352730575976,-0.19896225867368375,-198.96225867368375,2796.7972283177314,-7.0997094873566855
1078,0,16.04926533298567,1787085109.213529,0.012916165869683027,1675.6122694227429,2794.0453181809107,1675.6122694227429,False,1686.9237603081597,2800.045315892092,1686.9237603081597,False,0.9778653119196924,0.9844665494283885,0.006601237508696123,-0.1870424109859985,-187.0424109859985,2796.809148165419,-6.674365222166661
1079,0,16.062357103917748,1787085109.226751,0.013180708047002554,1662.3974419487847,2794.0453181809107,1662.3974419487847,False,1675.3733506944445,2800.045315892092,1675.3733506944445,False,0.9701533121775093,0.9777258820879621,0.007572569910452742,-0.21605191412776992,-216.05191412776992,2796.7801386622777,-7.709531620317225
1080,0,16.07577724941075,1787085109.2403672,0.0135754169896245,1672.7201958550347,2794.0453181809107,1672.7201958550347,False,1682.2830647786461,2800.045315892092,1682.2830647786461,False,0.9761775357718393,0.9817583004710951,0.005580764699255836,-0.15656529613014317,-156.56529613014317,2796.839625280275,-5.586829008355094
1081,0,16.089638062403537,1787085109.2544808,0.014064125018194318,1668.3355387369793,2794.0453181809107,1668.3355387369793,False,1680.9711263020831,2800.045315892092,1680.9711263020831,False,0.973618707468508,0.9809926704079747,0.007373962939466683,-0.21012038179303225,-210.12038179303224,2796.7860701946124,-7.497872601806746
1082,0,16.10352410399355,1787085109.268146,0.013594957999885082,1669.3078450520836,2794.0453181809107,1669.3078450520836,False,1679.3572808159722,2800.045315892092,1679.3572808159722,False,0.9741861326631376,0.9800508513795131,0.0058647187163755055,-0.16504577607383156,-165.04577607383155,2796.8311448003315,-5.889443907858677
1083,0,16.1171872705454,1787085109.281787,0.013569290982559323,1668.8232801649306,2794.0453181809107,1668.8232801649306,False,1680.2727105034724,2800.045315892092,1680.2727105034724,False,0.9739033469595664,0.9805850841213253,0.006681737161758905,-0.18944658790237962,-189.4465879023796,2796.806743988503,-6.760155149242778
1084,0,16.13068822887726,1787085109.295142,0.01329670799896121,1670.877199978299,2794.0453181809107,1670.877199978299,False,1679.6750379774305,2800.045315892092,1679.6750379774305,False,0.9751019875852103,0.9802362902853233,0.005134302700113058,-0.14323140472140256,-143.23140472140255,2796.852959171684,-5.11102643168008
1085,0,16.144260479020886,1787085109.308943,0.013745458098128438,1664.420361328125,2794.0453181809107,1664.420361328125,False,1679.7567437065977,2800.045315892092,1679.7567437065977,False,0.971333861357033,0.9802839726756923,0.008950111318659304,-0.2571931256605254,-257.19312566052537,2796.7389974507446,-9.177602257369589
1086,0,16.15830070793163,1787085109.323221,0.014215499861165881,1666.6080674913196,2794.0453181809107,1666.6080674913196,False,1680.7455891927082,2800.045315892092,1680.7455891927082,False,0.9726105779392039,0.9808610499132856,0.008250471974081686,-0.23629792055058937,-236.29792055058937,2796.759892655855,-8.431984033349606
1087,0,16.172694416483864,1787085109.337732,0.014455582946538925,1671.5313530815972,2794.0453181809107,1671.5313530815972,False,1686.1869520399305,2800.045315892092,1686.1869520399305,False,0.9754837427442486,0.98403655780074,0.008552815056491303,-0.24532760244238352,-245.32760244238352,2796.7508629739627,-8.754196490236351
1088,0,16.18726956192404,1787085109.352373,0.014587291982024908,1670.1259060329862,2794.0453181809107,1670.1259060329862,False,1679.3667453342016,2800.045315892092,1679.3667453342016,False,0.9746635423066796,0.980056374748039,0.005392832441359352,-0.15095257136565593,-150.95257136565593,2796.84523800504,-5.3865462234390495
1089,0,16.20169160340447,1787085109.366574,0.014150874922052026,1667.8912787543406,2794.0453181809107,1667.8912787543406,False,1679.9943901909724,2800.045315892092,1679.9943901909724,False,0.9733594431778222,0.9804226600425793,0.0070632168647570825,-0.20083973881820846,-200.83973881820847,2796.795350837587,-7.166704925000302
1090,0,16.215773311909288,1787085109.380529,0.013912207912653685,1661.7272108289933,2794.0453181809107,1661.7272108289933,False,1666.446839735243,2800.045315892092,1666.446839735243,False,0.969762174099224,0.9725164875384215,0.002754313439197409,-0.07215140593102529,-72.15140593102528,2796.9240391704743,-2.574629101164191
1091,0,16.229660540935583,1787085109.394387,0.013788750162348151,1667.8609809027778,2794.0453181809107,1667.8609809027778,False,1675.9448757595485,2800.045315892092,1675.9448757595485,False,0.9733417617496005,0.9780594166091973,0.004717654859596743,-0.1307879334477048,-130.7879334477048,2796.8654026429576,-4.666997339698288
1092,0,16.244172520469874,1787085109.409502,0.015042874962091446,1659.9761094835073,2794.0453181809107,1659.9761094835073,False,1674.9648084852429,2800.045315892092,1674.9648084852429,False,0.9687402543540335,0.977487462220715,0.008747207866681483,-0.25113327599733903,-251.13327599733904,2796.745057300408,-8.96136440184624
1093,0,16.258763957885094,1787085109.423587,0.014033416053280234,1669.124519856771,2794.0453181809107,1669.124519856771,False,1682.5817979600695,2800.045315892092,1682.5817979600695,False,0.9740791464870583,0.9819326372320297,0.007853490744971436,-0.22444180600908806,-224.44180600908805,2796.7717487703962,-8.008914002608051
1094,0,16.273134499555454,1787085109.4382458,0.014605666976422071,1665.7109890407987,2794.0453181809107,1665.7109890407987,False,1683.173828125,2800.045315892092,1683.173828125,False,0.9720870547382564,0.9822781382601972,0.010191083521940758,-0.2942556049568401,-294.2556049568401,2796.7019349714483,-10.500128638197264
1095,0,16.28817702049855,1787085109.4536672,0.015376459108665586,1669.9794189453125,2794.0453181809107,1669.9794189453125,False,1683.8602837456597,2800.045315892092,1683.8602837456597,False,0.9745780543663641,0.9826787447440866,0.00810069037772243,-0.2318245912533216,-231.8245912533216,2796.764365985152,-8.272359094109392
1096,0,16.303243750007823,1787085109.468377,0.014668500050902367,1662.632826063368,2794.0453181809107,1662.632826063368,False,1674.4763916015625,2800.045315892092,1674.4763916015625,False,0.9702906792551013,0.9772024285425649,0.006911749287463631,-0.19631605655308018,-196.3160565530802,2796.7998745198524,-7.005283205576655
1097,0,16.318351936875843,1787085109.4838982,0.015475291991606355,1672.229332139757,2794.0453181809107,1672.229332139757,False,1680.5767116970487,2800.045315892092,1680.5767116970487,False,0.9758910741549072,0.980762495224959,0.004871421070051785,-0.1353802659563567,-135.38026595635668,2796.860810310449,-4.8308687537952
1098,0,16.33346949936822,1787085109.4986,0.014647332951426506,1672.6643798828125,2794.0453181809107,1672.6643798828125,False,1680.6815809461805,2800.045315892092,1680.6815809461805,False,0.9761449623035715,0.9808236955413354,0.00467873323776391,-0.1296255127266412,-129.62551272664118,2796.8665650636785,-4.625517867779089
1099,0,16.34767556237057,1787085109.512311,0.013654625043272972,1664.6863525390625,2794.0453181809107,1664.6863525390625,False,1675.9725396050349,2800.045315892092,1675.9725396050349,False,0.9714890903340451,0.9780755608660693,0.006586470532024213,-0.18660138517919592,-186.60138517919592,2796.809589191226,-6.658627789722948
1100,0,16.361401061993092,1787085109.526043,0.013676708098500967,1665.2041015625,2794.0453181809107,1665.2041015625,False,1677.7744086371526,2800.045315892092,1677.7744086371526,False,0.9717912418636911,0.9791271079663644,0.0073358661026732275,-0.20898259383841175,-208.98259383841176,2796.787207982567,-7.457272118127738
1101,0,16.37532372889109,1787085109.54017,0.014071791898459196,1662.6306396484374,2794.0453181809107,1662.6306396484374,False,1678.5773356119794,2800.045315892092,1678.5773356119794,False,0.9702894032920656,0.9795956856027397,0.009306282310674097,-0.26783041470099733,-267.8304147009973,2796.728360161704,-9.557180084962793
1102,0,16.38934074935969,1787085109.55407,0.013839666964486241,1668.8947835286458,2794.0453181809107,1668.8947835286458,False,1677.4445692274305,2800.045315892092,1677.4445692274305,False,0.9739450753834618,0.9789346180191628,0.004989542635701061,-0.13890804689274538,-138.90804689274538,2796.8572825295128,-4.956753029287232
1103,0,16.40343372838106,1787085109.568372,0.014228374930098653,1670.7164523654515,2794.0453181809107,1670.7164523654515,False,1672.207204861111,2800.045315892092,1672.207204861111,False,0.9750081773897099,0.9758781609657227,0.0008699835760127561,-0.015874612335617586,-15.874612335617586,2796.9803159640696,-0.5664648992155861
1104,0,16.417932353913784,1787085109.5830379,0.014598708134144545,1673.6779079861112,2794.0453181809107,1673.6779079861112,False,1669.7666476779516,2800.045315892092,1669.7666476779516,False,0.9767364439923593,0.9744538838494001,-0.0022825601429591336,0.07827825104533835,78.27825104533835,2797.074468827451,2.7932576022458733
1105,0,16.433043707860634,1787085109.598662,0.015519334003329277,1668.5840521918403,2794.0453181809107,1668.5840521918403,False,1667.587963867188,2800.045315892092,1667.587963867188,False,0.9737637366566373,0.9731824325936029,-0.0005813040630343602,0.027469080563345714,27.469080563345713,2797.0236596569684,0.9801984214725133
1106,0,16.447923145373352,1787085109.612732,0.01395937497727573,1680.1213623046874,2794.0453181809107,1680.1213623046874,False,1673.6602023654511,2800.045315892092,1673.6602023654511,False,0.980496759300414,0.9767261112246984,-0.003770648075715588,0.12272100975745533,122.72100975745532,2797.1189115861625,4.37913965734568
1107,0,16.46204831195064,1787085109.6269062,0.014102207962423563,1673.4876546223957,2794.0453181809107,1673.4876546223957,False,1672.0888346354168,2800.045315892092,1672.0888346354168,False,0.9766254146281987,0.9758090816567544,-0.0008163329714443446,0.03448837884331281,34.48837884331281,2797.0306789552487,1.2306729533011993
1108,0,16.475927228922956,1787085109.640515,0.013549708062782884,1680.765025499132,2794.0453181809107,1680.765025499132,False,1673.7070149739582,2800.045315892092,1673.7070149739582,False,0.9808723926864262,0.9767534304481578,-0.004118962238268464,0.13312364923970432,133.12364923970432,2797.129314225645,4.750344320571807
1109,0,16.48904914536979,1787085109.653134,0.012568874983116984,1675.7639594184027,2794.0453181809107,1675.7639594184027,False,1669.00341796875,2800.045315892092,1669.00341796875,False,0.9779538362087704,0.9740084730158355,-0.003945363192934925,0.12793899562174166,127.93899562174165,2797.124129572027,4.56533669789258
1110,0,16.501887999940664,1787085109.666198,0.013026250060647726,1676.2053276909724,2794.0453181809107,1676.2053276909724,False,1668.661564127604,2800.045315892092,1668.661564127604,False,0.9782114129354414,0.9738089716042598,-0.004402441331181617,0.141589945248793,141.58994524879301,2797.137780521654,5.052453084812768
1111,0,16.514714875025675,1787085109.678792,0.012555500026792288,1683.0767008463542,2794.0453181809107,1683.0767008463542,False,1671.025132921007,2800.045315892092,1671.025132921007,False,0.9822214560561086,0.9751883193075331,-0.007033136748575419,0.22015745400060238,220.15745400060237,2797.2163480304057,7.856032472188209
1112,0,16.527464124490507,1787085109.691689,0.012855666922405362,1676.723402235243,2794.0453181809107,1676.723402235243,False,1669.2090521918403,2800.045315892092,1669.2090521918403,False,0.9785137544347701,0.9741284784475054,-0.004385275987264681,0.1410772905721989,141.0772905721989,2797.1372678669777,5.034159669290569
1113,0,16.540529437479563,1787085109.704923,0.013197874883189797,1677.5420328776042,2794.0453181809107,1677.5420328776042,False,1669.6141086154516,2800.045315892092,1669.6141086154516,False,0.9789914965252571,0.9743648640560664,-0.004626632469190706,0.14828556614095137,148.28556614095137,2797.1444761425464,5.291377609939743
1114,0,16.55375839548651,1787085109.718152,0.013195959152653813,1676.1559299045136,2794.0453181809107,1676.1559299045136,False,1669.2111300998263,2800.045315892092,1669.2111300998263,False,0.9781825850360848,0.9741296910873135,-0.004052893948771286,0.13115047481633108,131.15047481633107,2797.1273410512217,4.679934157020092
1115,0,16.566834812401794,1787085109.731075,0.012885125121101737,1677.2544216579863,2794.0453181809107,1677.2544216579863,False,1663.294455295139,2800.045315892092,1663.294455295139,False,0.9788236503951496,0.9706767973845203,-0.00814685301062934,0.25341934801820815,253.41934801820815,2797.2496099244236,9.042939909299463
1116,0,16.579958645394072,1787085109.744404,0.013287459034472704,1680.0260552300347,2794.0453181809107,1680.0260552300347,False,1665.9587131076391,2800.045315892092,1665.9587131076391,False,0.9804411393434681,0.9722316232499053,-0.008209516093562796,0.2552908236304123,255.2908236304123,2797.2514814000356,9.109721083014996
1117,0,16.59383274940774,1787085109.7588139,0.014370082877576351,1678.8562744140625,2794.0453181809107,1678.8562744140625,False,1669.3825927734374,2800.045315892092,1669.3825927734374,False,0.9797584706238828,0.9742297544515375,-0.005528716172345294,0.1752269097772577,175.2269097772577,2797.1714174861827,6.252744425394579
1118,0,16.608490312006325,1787085109.7737238,0.014868041966110468,1675.2440782335066,2794.0453181809107,1675.2440782335066,False,1672.7519015842015,2800.045315892092,1672.7519015842015,False,0.9776504403777021,0.9761960388189387,-0.0014544015587634185,0.05354473139062161,53.54473139062161,2797.049735307796,1.910674114709592
1119,0,16.62291897844989,1787085109.787683,0.013904624851420522,1674.756111653646,2794.0453181809107,1674.756111653646,False,1666.4641872829864,2800.045315892092,1666.4641872829864,False,0.9773656694909467,0.9725266113394312,-0.0048390581515155295,0.15462980369305043,154.62980369305043,2797.150820380098,5.517763477485385
1120,0,16.636391916545108,1787085109.80065,0.012908332981169224,1687.4496202256942,2794.0453181809107,1687.4496202256942,False,1672.4127577039933,2800.045315892092,1672.4127577039933,False,0.9847734343692962,0.9759981189049721,-0.008775315464324085,0.2721888068481332,272.1888068481332,2797.2683793832534,9.712703641454938
1121,0,16.649867395404726,1787085109.8146439,0.013935708906501532,1681.653257921007,2794.0453181809107,1681.653257921007,False,1666.687575954861,2800.045315892092,1666.687575954861,False,0.9813907534612452,0.9726569780342139,-0.008733775427031243,0.2709481853676012,270.9481853676012,2797.267138761773,9.668433677119653
1122,0,16.6644741659984,1787085109.8298528,0.01515250001102686,1679.7833143446182,2794.0453181809107,1679.7833143446182,False,1667.4131456163195,2800.045315892092,1667.4131456163195,False,0.9802994789510462,0.9730804109585658,-0.007219067992480399,0.2257104171206018,225.7104171206018,2797.221900993526,8.05418274052961
1123,0,16.679229561937973,1787085109.8441641,0.014258707873523235,1678.0941514756942,2794.0453181809107,1678.0941514756942,False,1667.389111328125,2800.045315892092,1667.389111328125,False,0.9793137056872393,0.9730663848636565,-0.006247320823582814,0.1966885266759285,196.6885266759285,2797.1928791030814,7.0185743175823765
1124,0,16.693900186917745,1787085109.85922,0.01497720810584724,1674.30810546875,2794.0453181809107,1674.30810546875,False,1662.1158772786457,2800.045315892092,1662.1158772786457,False,0.9771042189658284,0.9699889947342586,-0.00711522423156985,0.22260905253836402,222.609052538364,2797.2187996289435,7.943514578160292
1125,0,16.70998658298049,1787085109.87629,0.016992334043607116,1678.5432807074653,2794.0453181809107,1678.5432807074653,False,1668.5464138454863,2800.045315892092,1668.5464138454863,False,0.9795758116077632,0.9737417714120702,-0.005834040195693002,0.18434561949861109,184.3456194986111,2797.180536195904,6.578133724615012
1126,0,16.72735364548862,1787085109.8939729,0.017627540975809097,1679.2616373697917,2794.0453181809107,1679.2616373697917,False,1668.3541802300347,2800.045315892092,1668.3541802300347,False,0.9799950351205615,0.9736295863990063,-0.0063654487215552,0.20021649673145586,200.21649673145586,2797.196407073137,7.144465341544956
1127,0,16.743408353999257,1787085109.908394,0.014372041914612055,1671.318665907118,2794.0453181809107,1671.318665907118,False,1664.3950602213542,2800.045315892092,1664.3950602213542,False,0.9753596213027859,0.9713190959634419,-0.004040525339343959,0.13078107787930673,130.78107787930674,2797.1269716542847,4.6667527076543935
1128,0,16.75873660342768,1787085109.924743,0.0161938751116395,1675.5014105902778,2794.0453181809107,1675.5014105902778,False,1669.7120524088539,2800.045315892092,1669.7120524088539,False,0.9778006161611534,0.9744220227674424,-0.003378593393711049,0.11101202989763737,111.01202989763736,2797.107202606303,3.961319936398707
1129,0,16.77436337445397,1787085109.9394948,0.014635583152994514,1681.2159613715278,2794.0453181809107,1681.2159613715278,False,1672.1746202256945,2800.045315892092,1672.1746202256945,False,0.9811355529386891,0.9758591450004801,-0.005276407938209049,0.16769155267639968,167.69155267639968,2797.1638821290817,5.983855005580919
1130,0,16.78891668689903,1787085109.953883,0.014321957947686315,1681.511878797743,2794.0453181809107,1681.511878797743,False,1674.7238606770832,2800.045315892092,1674.7238606770832,False,0.9813082464618681,0.9773468482446287,-0.003961398217239398,0.1284178925339601,128.4178925339601,2797.124608468939,4.582425511488728
1131,0,16.80344129144214,1787085109.968603,0.014616833068430424,1680.3359130859376,2794.0453181809107,1680.3359130859376,False,1668.083311631944,2800.045315892092,1668.083311631944,False,0.9806219683183106,0.9734715110429144,-0.007150457275396205,0.22366131136729467,223.66131136729467,2797.2198518877726,7.981063066203777
1132,0,16.8183996664593,1787085109.9837282,0.015026082983240485,1672.0820502387153,2794.0453181809107,1672.0820502387153,False,1663.7031195746526,2800.045315892092,1663.7031195746526,False,0.9758051223719498,0.9709152884903981,-0.004889833881551731,0.15614625542198182,156.14625542198183,2797.152336831827,5.571876085568863
1133,0,16.83389006194193,1787085109.9996438,0.01580370799638331,1678.9960557725694,2794.0453181809107,1678.9960557725694,False,1664.474609375,2800.045315892092,1664.474609375,False,0.9798400451887336,0.9713655198046623,-0.00847452538407123,0.2632055064225233,263.20550642252334,2797.2593960828276,9.392146246878509
1134,0,16.851272520492785,1787085110.018443,0.01869729091413319,1671.4123345269097,2794.0453181809107,1671.4123345269097,False,1671.6283338758683,2800.045315892092,1671.6283338758683,False,0.9754142850789954,0.9755403394619803,0.0001260543829848526,0.006343339236233575,6.343339236233575,2797.0025339156414,0.22635381231207446
1135,0,16.86854306200985,1787085110.0341902,0.015678208088502288,1670.2320203993054,2794.0453181809107,1670.2320203993054,False,1667.7126681857637,2800.045315892092,1667.7126681857637,False,0.9747254692570925,0.973255208395981,-0.001470260861111461,0.05401838024703762,54.01838024703762,2797.050208956652,1.9275756582585504
1136,0,16.88398352044169,1787085110.04934,0.015078374883159995,1668.4524875217012,2794.0453181809107,1668.4524875217012,False,1671.9203803168402,2800.045315892092,1671.9203803168402,False,0.9736869572431949,0.9757107739290151,0.00202381668582019,-0.05033462330972441,-50.33462330972441,2796.9458559530954,-1.7961255819913078
1137,0,16.899048561928794,1787085110.064298,0.014896207954734564,1668.1346761067712,2794.0453181809107,1668.1346761067712,False,1672.9023600260414,2800.045315892092,1672.9023600260414,False,0.9735014866757711,0.9762838443893833,0.002782357713612238,-0.07298896726973324,-72.98896726973324,2796.9232016091355,-2.6045163884432356
1138,0,16.914479583036155,1787085110.080224,0.015866999980062246,1665.4834879557293,2794.0453181809107,1665.4834879557293,False,1679.6125596788195,2800.045315892092,1679.6125596788195,False,0.9719542880931482,0.9801998287708821,0.008245540677733865,-0.23615064402955868,-236.1506440295587,2796.7600399323755,-8.42672866220235
1139,0,16.92985120799858,1787085110.095024,0.014740084065124393,1667.488414171007,2794.0453181809107,1667.488414171007,False,1678.980050998264,2800.045315892092,1678.980050998264,False,0.9731243366984582,0.9798307050126654,0.006706368314207234,-0.1901822140310283,-190.1822140310283,2796.806008362374,-6.7864050110986405
1140,0,16.943983749952167,1787085110.108495,0.01341750007122755,1661.8212863498266,2794.0453181809107,1661.8212863498266,False,1676.861876085069,2800.045315892092,1676.861876085069,False,0.969817075337537,0.9785945659547285,0.008777490617191464,-0.2520376909478462,-252.03769094784622,2796.7441528854574,-8.993637273331652
1141,0,16.95737574947998,1787085110.1218061,0.013259666971862316,1669.3430691189237,2794.0453181809107,1669.3430691189237,False,1683.2599772135418,2800.045315892092,1683.2599772135418,False,0.9742066889658911,0.9823284137367354,0.008121724770844274,-0.2324527977171952,-232.4527977171952,2796.763737778688,-8.29477582490705
1142,0,16.971039853990078,1787085110.1358268,0.01397379208356142,1666.6690945095488,2794.0453181809107,1666.6690945095488,False,1683.791552734375,2800.045315892092,1683.791552734375,False,0.9726461925054763,0.982638634228656,0.009992441723179701,-0.28832303246690283,-288.3230324669028,2796.7078675439384,-10.288432503101014
1143,0,16.985098500037566,1787085110.149919,0.014044750016182661,1670.4839192708332,2794.0453181809107,1670.4839192708332,False,1681.9329399956598,2800.045315892092,1681.9329399956598,False,0.9748724741299225,0.9815539722464972,0.006681498116574702,-0.18943944865529014,-189.43944865529014,2796.80675112775,-6.759900394493653
1144,0,16.99902199988719,1787085110.163681,0.013712499989196658,1665.3633707682288,2794.0453181809107,1665.3633707682288,False,1673.8162163628472,2800.045315892092,1673.8162163628472,False,0.9718841892802155,0.9768171589443956,0.004932969664180109,-0.1372184566020185,-137.2184566020185,2796.858972119803,-4.896462196760581
1145,0,17.013119811890647,1787085110.17811,0.014372041914612055,1668.315926106771,2794.0453181809107,1668.315926106771,False,1688.1310709635418,2800.045315892092,1688.1310709635418,False,0.9736072617951227,0.9851711200693136,0.01156385827419093,-0.3352544570658879,-335.2544570658879,2796.6609361193396,-11.963119364326573
1146,0,17.027405395521782,1787085110.1922472,0.014088459080085158,1661.6678249782985,2794.0453181809107,1661.6678249782985,False,1679.3741129557293,2800.045315892092,1679.3741129557293,False,0.9697275172967686,0.9800606743951916,0.010333157098422974,-0.2984987289953978,-298.4987289953978,2796.6976918474097,-10.651539002119533
1147,0,17.041162874549627,1787085110.2056289,0.013340333011001348,1663.1978786892364,2794.0453181809107,1663.1978786892364,False,1675.8415907118056,2800.045315892092,1675.8415907118056,False,0.9706204365458116,0.9779991408119435,0.0073787042661318525,-0.21026198474022176,-210.26198474022175,2796.785928591665,-7.502925518848906
1148,0,17.054398395470344,1787085110.218721,0.013044791063293815,1670.8209852430555,2794.0453181809107,1670.8209852430555,False,1682.9807779947919,2800.045315892092,1682.9807779947919,False,0.9750691814040809,0.9821654767398461,0.007096295335765168,-0.20182764986379767,-201.82764986379766,2796.7943629265415,-7.201957246067573
1149,0,17.068057687487453,1787085110.232943,0.014174874871969223,1670.1055799696182,2794.0453181809107,1670.1055799696182,False,1680.6561116536457,2800.045315892092,1680.6561116536457,False,0.9746516802830729,0.9808088319967414,0.006157151713668485,-0.173779486530094,-173.779486530094,2796.822411089875,-6.20109500892428
1150,0,17.08225020801183,1787085110.24712,0.01411499991081655,1669.4743706597224,2794.0453181809107,1669.4743706597224,False,1681.342529296875,2800.045315892092,1681.342529296875,False,0.9742833148205065,0.9812094163175012,0.0069261014969947965,-0.19674469505698755,-196.74469505698755,2796.799445881348,-7.020578613223935
1151,0,17.09630712447688,1787085110.2610612,0.013858083169907331,1662.679890950521,2794.0453181809107,1662.679890950521,False,1674.6961832682293,2800.045315892092,1674.6961832682293,False,0.9703181457050648,0.9773306960723536,0.007012550367288761,-0.19932654939424638,-199.32654939424637,2796.796864027011,-7.112708728027632
1152,0,17.110467624501325,1787085110.275402,0.014262832934036851,1667.2626057942707,2794.0453181809107,1667.2626057942707,False,1677.4270941840273,2800.045315892092,1677.4270941840273,False,0.9729925578957002,0.9789244198133606,0.005931861917660486,-0.16705105346919355,-167.05105346919356,2796.829139522936,-5.9609996242218655
1153,0,17.124916499480605,1787085110.290019,0.014525916893035173,1665.7916531032984,2794.0453181809107,1665.7916531032984,False,1677.59111328125,2800.045315892092,1677.59111328125,False,0.9721341292256401,0.9790201392041727,0.0068860099785326145,-0.19554733457700793,-195.54733457700794,2796.8006432418283,-6.977852361440477
1154,0,17.139867374440655,1787085110.3052218,0.015103083103895187,1670.1639567057289,2794.0453181809107,1670.1639567057289,False,1685.8640814887153,2800.045315892092,1685.8640814887153,False,0.9746857481795114,0.98384813478783,0.009162386608318585,-0.26353287163333017,-263.53287163333016,2796.732657704772,-9.403827848748579
1155,0,17.154282707953826,1787085110.318905,0.013617584016174078,1668.4324462890625,2794.0453181809107,1668.4324462890625,False,1679.4078125,2800.045315892092,1679.4078125,False,0.9736752614430607,0.9800803410065977,0.006405079563536975,-0.18118402047407203,-181.18402047407204,2796.815006555931,-6.465316174495862
1156,0,17.16803091589827,1787085110.3326988,0.013731749961152673,1662.3529106987849,2794.0453181809107,1662.3529106987849,False,1672.6828342013891,2800.045315892092,1672.6828342013891,False,0.97012732432491,0.9761557320015025,0.006028407676592518,-0.16993445825626585,-169.93445825626586,2796.826256118149,-6.06389017471688
1157,0,17.182067124871537,1787085110.346993,0.014232499990612268,1673.0966227213544,2794.0453181809107,1673.0966227213544,False,1683.9864447699651,2800.045315892092,1683.9864447699651,False,0.976397213546803,0.9827523706607953,0.006355157113992371,-0.17969305254765464,-179.69305254765464,2796.816497523858,-6.41211292276815
1158,0,17.196682436973788,1787085110.3619132,0.014862457988783717,1662.0798611111113,2794.0453181809107,1662.0798611111113,False,1679.8864854600695,2800.045315892092,1679.8864854600695,False,0.9699679761719439,0.9803596882589111,0.010391712086967209,-0.3002475135732297,-300.2475135732297,2796.695943062832,-10.713942105810366
1159,0,17.21175758296158,1787085110.37715,0.015183499781414866,1666.559228515625,2794.0453181809107,1666.559228515625,False,1685.663831922743,2800.045315892092,1685.663831922743,False,0.9725820761544695,0.9837312717713286,0.01114919561685912,-0.32287027463885454,-322.87027463885454,2796.6733203017666,-11.521205917743881
1160,0,17.227013686904684,1787085110.392426,0.015226542018353939,1661.5948567708333,2794.0453181809107,1661.5948567708333,False,1680.1142008463544,2800.045315892092,1680.1142008463544,False,0.969684934009301,0.9804925799673939,0.010807645958092915,-0.3126696616652416,-312.6696616652416,2796.6835209147403,-11.157210307780533
1161,0,17.243340291432105,1787085110.4098308,0.017328082816675305,1668.9816026475698,2794.0453181809107,1668.9816026475698,False,1684.7465521918402,2800.045315892092,1684.7465521918402,False,0.9739957418809305,0.9831959593684862,0.009200217487555729,-0.2646627165845551,-264.6627165845551,2796.7315278598207,-9.444144896679813
1162,0,17.259306582971476,1787085110.424327,0.014428999973461032,1662.0618136935761,2794.0453181809107,1662.0618136935761,False,1679.6901638454863,2800.045315892092,1679.6901638454863,False,0.9699574439361162,0.9802451175432483,0.01028767360713212,-0.29714033357781,-297.14033357781,2796.6990502428275,-10.603066427983514
1163,0,17.2739783533616,1787085110.4391758,0.014792375033721328,1664.0126356336805,2794.0453181809107,1664.0126356336805,False,1679.1514675564235,2800.045315892092,1679.1514675564235,False,0.9710959179970736,0.9799307414645175,0.008834823467443909,-0.2537499755339644,-253.7499755339644,2796.7424406008713,-9.054737922279632
1164,0,17.288522020448,1787085110.453413,0.014186791144311428,1661.4943847656255,2794.0453181809107,1661.4943847656255,False,1673.4602511935761,2800.045315892092,1673.4602511935761,False,0.9696262998667224,0.976609422347073,0.006983122480350601,-0.19844766552602125,-198.44766552602124,2796.797742910879,-7.081346900015031
1165,0,17.302643958013505,1787085110.46753,0.013963833916932344,1671.3001953125,2794.0453181809107,1671.3001953125,False,1680.7837212456593,2800.045315892092,1680.7837212456593,False,0.9753488421063709,0.9808833032785382,0.005534461172167382,-0.15518240978544964,-155.18240978544964,2796.8410081666198,-5.5374825073312035
1166,0,17.318667332991026,1787085110.485346,0.017728083999827504,1669.4205919053816,2794.0453181809107,1669.4205919053816,False,1676.5025526258682,2800.045315892092,1676.5025526258682,False,0.9742519302458362,0.9783848695035128,0.004132939257676549,-0.11332500411448078,-113.32500411448078,2796.882865572291,-4.04385541373397
1167,0,17.334774749469943,1787085110.499747,0.01433816715143621,1668.700314670139,2794.0453181809107,1668.700314670139,False,1668.8047444661456,2800.045315892092,1668.8047444661456,False,0.97383158591191,0.9738925297692147,6.0943857304707194e-05,0.008287909391480839,8.287909391480838,2797.004478485797,0.295743269750244
1168,0,17.349867416429333,1787085110.5155358,0.01573508302681148,1671.293812391493,2794.0453181809107,1671.293812391493,False,1666.6329074435766,2800.045315892092,1666.6329074435766,False,0.9753451171175084,0.972625074209078,-0.00272004290843042,0.0913439715303738,91.34397153037379,2797.087534547936,3.25949084821488
1169,0,17.365779832936823,1787085110.531569,0.015974999871104956,1677.100528971354,2794.0453181809107,1677.100528971354,False,1672.8136528862847,2800.045315892092,1672.8136528862847,False,0.9787338406445515,0.9762320760677551,-0.002501764576796406,0.08482494062409897,84.82494062409897,2797.0810155170293,3.0268677071117245
1170,0,17.382001249468885,1787085110.547984,0.016355166910216212,1675.4840955946179,2794.0453181809107,1675.4840955946179,False,1668.8381537543403,2800.045315892092,1668.8381537543403,False,0.977790511357112,0.9739120269909871,-0.0038784843661249235,0.125941613949974,125.941613949974,2797.1221321903554,4.494062730158935
1171,0,17.397614291519858,1787085110.562794,0.014746166998520494,1670.9299723307292,2794.0453181809107,1670.9299723307292,False,1668.8246202256946,2800.045315892092,1668.8246202256946,False,0.9751327848369443,0.9739041290014271,-0.001228655835517234,0.04680268175250757,46.80268175250757,2797.042993258158,1.6700928401551374
1172,0,17.412240020465106,1787085110.577218,0.014378209132701159,1676.162841796875,2794.0453181809107,1676.162841796875,False,1666.071373155382,2800.045315892092,1666.071373155382,False,0.9781866187256819,0.9722973701740221,-0.0058892485516598425,0.18599445461723343,185.99445461723343,2797.1821850310225,6.636970261819634
1173,0,17.426415957859717,1787085110.591167,0.013906250009313226,1673.9532687717012,2794.0453181809107,1673.9532687717012,False,1665.7388834635417,2800.045315892092,1665.7388834635417,False,0.9768971409300727,0.9721033335569869,-0.004793807373085879,0.15327835840341675,153.27835840341675,2797.1494689348087,5.46953890962806
1174,0,17.440478915930726,1787085110.605333,0.014115750091150403,1677.6368733723962,2794.0453181809107,1677.6368733723962,False,1666.7031982421875,2800.045315892092,1666.7031982421875,False,0.9790468441923247,0.972666094995905,-0.006380749196419733,0.20067345582481108,200.67345582481107,2797.19686403223,7.160771332601024
1175,0,17.454774208017625,1787085110.6197581,0.014378749998286366,1680.1517849392362,2794.0453181809107,1680.1517849392362,False,1668.7485812717011,2800.045315892092,1668.7485812717011,False,0.9805145135503472,0.9738597536666186,-0.006654759883728656,0.2088569714575562,208.8569714575562,2797.2050475478627,7.4527894468154505
1176,0,17.469406249350868,1787085110.634615,0.014797582989558578,1679.1490587022568,2794.0453181809107,1679.1490587022568,False,1667.8116834852433,2800.045315892092,1667.8116834852433,False,0.9799293356888652,0.9733129924242299,-0.006616343264635338,0.20770963298694778,207.70963298694778,2797.203900209392,7.411848165392085
1177,0,17.48414283292368,1787085110.649211,0.014531583990901709,1681.4827121310761,2794.0453181809107,1681.4827121310761,False,1664.9641845703122,2800.045315892092,1664.9641845703122,False,0.981291225178294,0.9716512294582668,-0.009639995720027272,0.2980130710743506,298.0130710743506,2797.2942036474797,10.634208930714765
1178,0,17.499021874391474,1787085110.664374,0.015109082916751504,1679.9055989583333,2794.0453181809107,1679.9055989583333,False,1668.4457275390625,2800.045315892092,1668.4457275390625,False,0.9803708426454494,0.9736830122061167,-0.0066878304393326315,0.20984464610421544,209.84464610421543,2797.2060352225094,7.488033332294299
1179,0,17.514593561994843,1787085110.680356,0.015931042144075036,1682.065966796875,2794.0453181809107,1682.065966796875,False,1671.046462673611,2800.045315892092,1671.046462673611,False,0.9816316049404311,0.9752007670709947,-0.006430837869436434,0.2021693881283329,202.1693881283329,2797.1983599645337,7.214151731670458
1180,0,17.53067152039148,1787085110.696526,0.016122540924698114,1682.8564453124995,2794.0453181809107,1682.8564453124995,False,1671.3044080946183,2800.045315892092,1671.3044080946183,False,0.9820929178195218,0.9753513006306819,-0.006741617188839921,0.21145102397856166,211.45102397856166,2797.207641600384,7.545354837944678
1181,0,17.5456659370102,1787085110.71038,0.013777791988104582,1676.2158989800348,2794.0453181809107,1676.2158989800348,False,1669.6333007812495,2800.045315892092,1669.6333007812495,False,0.9782175822008885,0.9743760643519445,-0.0038415178489440427,0.12483758375973249,124.83758375973248,2797.121028160165,4.454666848406098
1182,0,17.559551228536293,1787085110.724243,0.013790125027298927,1680.3418050130208,2794.0453181809107,1680.3418050130208,False,1673.5821180555558,2800.045315892092,1673.5821180555558,False,0.9806254067695682,0.9766805422470506,-0.003944864522517633,0.12792410249039857,127.92410249039857,2797.1241146788957,4.564805255866349
1183,0,17.5738932704553,1787085110.73909,0.01479554083198309,1670.1766059027773,2794.0453181809107,1670.1766059027773,False,1662.0694769965278,2800.045315892092,1662.0694769965278,False,0.9746931300847665,0.9699619161390642,-0.004731213945702306,0.15140896310160845,151.40896310160846,2797.1475995395067,5.402831969083944
1184,0,17.58845558296889,1787085110.753366,0.014216999989002943,1683.5714382595484,2794.0453181809107,1683.5714382595484,False,1669.6148383246527,2800.045315892092,1669.6148383246527,False,0.9825101783122652,0.9743652899047718,-0.00814488840749339,0.253360673808698,253.36067380869798,2797.249551250214,9.040846196427989
1185,0,17.602223353926092,1787085110.766622,0.013203958049416542,1676.2166422526043,2794.0453181809107,1676.2166422526043,False,1665.4018419053816,2800.045315892092,1665.4018419053816,False,0.9782180159649975,0.9719066405305544,-0.006311375434443045,0.19860156121655986,198.60156121655987,2797.194792137622,7.086838467619178
1186,0,17.61534199945163,1787085110.7796202,0.012928833020851016,1686.4023491753474,2794.0453181809107,1686.4023491753474,False,1671.0748643663196,2800.045315892092,1671.0748643663196,False,0.9841622607398117,0.9752173419258143,-0.008944918813997393,0.27725412629624896,277.25412629624896,2797.2734447027015,9.893452979455073
1187,0,17.628736561979167,1787085110.79338,0.013707792153581977,1682.513671875,2794.0453181809107,1682.513671875,False,1671.6871554904512,2800.045315892092,1671.6871554904512,False,0.9818928797435927,0.9755746669836518,-0.006318212759940933,0.19880576259515448,198.80576259515448,2797.194996339,7.094125128288413
1188,0,17.64244027051609,1787085110.8070421,0.01362179103307426,1678.8200710720484,2794.0453181809107,1678.8200710720484,False,1671.5574517144094,2800.045315892092,1671.5574517144094,False,0.9797373428290002,0.9754989735635624,-0.004238369265437747,0.13668982135910698,136.689821359107,2797.1328803977644,4.877598535509098
1189,0,17.655994958011433,1787085110.820493,0.013409833889454603,1680.9868272569445,2794.0453181809107,1680.9868272569445,False,1669.7443142361112,2800.045315892092,1669.7443142361112,False,0.9810018332790058,0.9744408503460832,-0.006560982932922621,0.20605625900925978,206.05625900925978,2797.2022468354144,7.352849664903646
1190,0,17.669764020480216,1787085110.8345869,0.014033874962478876,1676.1104166666669,2794.0453181809107,1676.1104166666669,False,1663.7493679470488,2800.045315892092,1663.7493679470488,False,0.9781560241082762,0.970942278433074,-0.007213745675202166,0.22555146249340602,225.551462493406,2797.221742038899,8.048510651349059
1191,0,17.683455375023186,1787085110.847859,0.013209749944508076,1677.6511745876735,2794.0453181809107,1677.6511745876735,False,1665.3699734157985,2800.045315892092,1665.3699734157985,False,0.9790551901937196,0.9718880424986139,-0.0071671476951056245,0.2241597821092593,224.1597821092593,2797.2203503585147,7.998850346462293
1192,0,17.69720602047164,1787085110.8620968,0.014182041166350245,1673.4274956597224,2794.0453181809107,1673.4274956597224,False,1663.2718695746528,2800.045315892092,1663.2718695746528,False,0.9765903066477473,0.9706636166546991,-0.005926689993048129,0.18711266874210114,187.11266874210114,2797.1833032451473,6.676872278836038
1193,0,17.711188478395343,1787085110.875815,0.013664375059306622,1676.9278971354165,2794.0453181809107,1676.9278971354165,False,1665.4524468315972,2800.045315892092,1665.4524468315972,False,0.9786330949725505,0.9719361729008178,-0.006696922071732669,0.2101161738924327,210.1161738924327,2797.2063067502977,7.497722448345443
1194,0,17.72470406186767,1787085110.889131,0.013271457981318235,1672.8013427734375,2794.0453181809107,1672.8013427734375,False,1664.3612982855902,2800.045315892092,1664.3612982855902,False,0.976224892047586,0.9712993929411798,-0.0049254991064061615,0.15721142163140253,157.21142163140254,2797.1534019980368,5.609885156701489
1195,0,17.73842364549637,1787085110.903297,0.014083874877542257,1682.300466579861,2794.0453181809107,1682.300466579861,False,1668.8924696180554,2800.045315892092,1668.8924696180554,False,0.9817684559337183,0.9739437250156335,-0.007824730918084777,0.24379895252969552,243.79895252969553,2797.239989528935,8.699648605826988
1196,0,17.753357707872055,1787085110.918983,0.015559416031464934,1680.9572292751739,2794.0453181809107,1680.9572292751739,False,1671.656675889757,2800.045315892092,1671.656675889757,False,0.9809845602856024,0.9755568794890244,-0.0054276807965780716,0.17220941952834937,172.20941952834937,2797.1683999959337,6.1450692095471515
1197,0,17.76826116652228,1787085110.9331021,0.01399858295917511,1673.4588406032985,2794.0453181809107,1673.4588406032985,False,1665.156920030382,2800.045315892092,1665.156920030382,False,0.9766085991451147,0.9717637073412582,-0.004844891803856499,0.15480402968984341,154.80402968984342,2797.150994606095,5.523980505632437
1198,0,17.782597499433905,1787085110.9476101,0.014424082823097706,1673.4093939887152,2794.0453181809107,1673.4093939887152,False,1671.4709743923609,2800.045315892092,1671.4709743923609,False,0.9765797427503059,0.9754485065342609,-0.0011312362160450506,0.04389317852576708,43.893178525767084,2797.040083754931,1.56627100077673
1199,0,17.797390291350894,1787085110.962705,0.015036666998639703,1677.1874484592015,2794.0453181809107,1677.1874484592015,False,1673.184646267361,2800.045315892092,1673.184646267361,False,0.9787845657160057,0.9764485829320974,-0.0023359827839083414,0.07987375456983221,79.87375456983222,2797.076064330975,2.8501910708618405
1200,0,17.811774249887094,1787085110.976382,0.013627999927848577,1670.491582573785,2794.0453181809107,1670.491582573785,False,1671.7871636284722,2800.045315892092,1671.7871636284722,False,0.9748769463328707,0.9756330304194328,0.0007560840865621365,-0.012472926577901234,-12.472926577901234,2796.983717649827,-0.4450801662111488
1201,0,17.82613854086958,1787085110.991433,0.015005249995738268,1663.6477077907984,2794.0453181809107,1663.6477077907984,False,1667.8983751085066,2800.045315892092,1667.8983751085066,False,0.970882950901153,0.9733635845169055,0.00248063361575257,-0.06397777177272423,-63.97777177272423,2796.9322128046324,-2.2829635945162803
1202,0,17.841076062526554,1787085111.006256,0.014775875024497509,1668.0116536458336,2794.0453181809107,1668.0116536458336,False,1676.896142578125,2800.045315892092,1676.896142578125,False,0.97342969238342,0.9786145634299989,0.005184871046578832,-0.1447416627988847,-144.7416627988847,2796.8514489136064,-5.1649180273652835
1203,0,17.8557735204231,1787085111.020841,0.014524208847433329,1671.6057590060761,2794.0453181809107,1671.6057590060761,False,1682.136181640625,2800.045315892092,1682.136181640625,False,0.9755271650644817,0.9816725814009989,0.006145416336517218,-0.17342900150589025,-173.42900150589026,2796.8227615748992,-6.188588406576158
1204,0,17.869873541407287,1787085111.03444,0.013532917015254498,1668.7999891493055,2794.0453181809107,1668.7999891493055,False,1679.6951497395833,2800.045315892092,1679.6951497395833,False,0.973889754628766,0.9802480272455555,0.006358272616789451,-0.179786099158698,-179.786099158698,2796.8164044772466,-6.41543317009342
1205,0,17.8834132704651,1787085111.04793,0.013424291042611003,1663.0088189019098,2794.0453181809107,1663.0088189019098,False,1681.1119900173612,2800.045315892092,1681.1119900173612,False,0.9705101037371546,0.9810748766220208,0.010564772884866125,-0.3054160920652957,-305.4160920652957,2796.69077448434,-10.898376108524682
1206,0,17.897868353989907,1787085111.063346,0.015351041918620467,1669.7780192057294,2794.0453181809107,1669.7780192057294,False,1682.490855577257,2800.045315892092,1682.490855577257,False,0.9744605201236507,0.9818795644519132,0.0074190443282624585,-0.21146676814598556,-211.46676814598555,2796.7847238082595,-7.5459166480868385
1207,0,17.912762915948406,1787085111.077725,0.014308750163763762,1671.1373155381946,2794.0453181809107,1671.1373155381946,False,1687.5517822265624,2800.045315892092,1687.5517822265624,False,0.9752537876094487,0.9848330547711447,0.009579267161695992,-0.27598329303497876,-275.9832930349788,2796.72020728337,-9.848104947008949
1208,0,17.927141666412354,1787085111.0920908,0.014312332961708307,1662.5014919704863,2794.0453181809107,1662.5014919704863,False,1679.7799723307294,2800.045315892092,1679.7799723307294,False,0.9702140344035178,0.9802975285956367,0.010083494192118847,-0.29104237641031433,-291.0423764103143,2796.705148199995,-10.38546875572061
1209,0,17.941316062002443,1787085111.106078,0.013938042102381587,1668.493701171875,2794.0453181809107,1668.493701171875,False,1683.6737847222223,2800.045315892092,1683.6737847222223,False,0.9737110089881111,0.9825699063636008,0.008858897375489616,-0.25446895917934026,-254.46895917934026,2796.741721617226,-9.080393918760358
1210,0,17.95582672895398,1787085111.121123,0.014981291955336928,1669.2004286024305,2794.0453181809107,1669.2004286024305,False,1682.836417643229,2800.045315892092,1682.836417643229,False,0.9741234458339934,0.9820812299347911,0.007957784100797727,-0.22755659804942066,-227.55659804942067,2796.768633978356,-8.120061306359572
1211,0,17.9707616873784,1787085111.135925,0.014740125043317676,1662.8123616536457,2794.0453181809107,1662.8123616536457,False,1675.1734592013886,2800.045315892092,1675.1734592013886,False,0.9703954538674572,0.9776092280381116,0.007213774170654386,-0.2053362352086777,-205.3362352086777,2796.790854341197,-7.327156551836914
1212,0,17.985625228495337,1787085111.1508942,0.014885124983265996,1663.9815402560766,2794.0453181809107,1663.9815402560766,False,1676.3329806857641,2800.045315892092,1676.3329806857641,False,0.9710777711431298,0.9782859095465295,0.007208138403399733,-0.2051679191846426,-205.1679191846426,2796.7910226572208,-7.321150413382908
1213,0,18.000626957975328,1787085111.165889,0.014904249925166368,1666.2005452473961,2794.0453181809107,1666.2005452473961,False,1674.3788140190973,2800.045315892092,1674.3788140190973,False,0.9723727533102964,0.9771454835470818,0.004772730236785372,-0.1324327970646277,-132.43279706462772,2796.8637577793406,-4.725692159028965
1214,0,18.015933957882226,1787085111.181513,0.015556334052234888,1663.7468153211805,2794.0453181809107,1663.7468153211805,False,1672.4563666449653,2800.045315892092,1672.4563666449653,False,0.9709407887541451,0.9760235685101369,0.005082779755991806,-0.1416926369353638,-141.6926369353638,2796.85449793947,-5.056117504116607
1215,0,18.03092729137279,1787085111.195874,0.014302582945674658,1669.0152370876738,2794.0453181809107,1669.0152370876738,False,1685.8693060980902,2800.045315892092,1685.8693060980902,False,0.9740153704983998,0.9838511838012379,0.009835813302838115,-0.2836452181123391,-283.64521811233914,2796.712545358293,-10.12151078048598
1216,0,18.044951145420782,1787085111.209559,0.013635541079565883,1669.0610758463542,2794.0453181809107,1669.0610758463542,False,1687.2561442057292,2800.045315892092,1687.2561442057292,False,0.9740421213958915,0.984660524305277,0.010618402909385427,-0.3070177892412289,-307.0177892412289,2796.689172787164,-10.95553058953857
1217,0,18.05965024942998,1787085111.225279,0.015674582915380597,1664.669132486979,2794.0453181809107,1664.669132486979,False,1681.359857855903,2800.045315892092,1681.359857855903,False,0.9714790409378278,0.9812195290369462,0.009740488099118427,-0.2807982660372356,-280.79826603723563,2796.715392310368,-10.0199209976176
1218,0,18.075255978968926,1787085111.240814,0.015445207944139838,1664.1728488498266,2794.0453181809107,1664.1728488498266,False,1679.3204074435766,2800.045315892092,1679.3204074435766,False,0.9711894163256782,0.9800293325637004,0.00883991623802216,-0.2539020745927654,-253.90207459276542,2796.7422885018127,-9.060165379416409
1219,0,18.092377687455155,1787085111.2594602,0.018554624868556857,1663.3675971137152,2794.0453181809107,1663.3675971137152,False,1678.6538953993054,2800.045315892092,1678.6538953993054,False,0.970719481989152,0.9796403648890402,0.008920882899888127,-0.2563201990448395,-256.3201990448395,2796.7398703773606,-9.146453006167553
1220,0,18.10962020792067,1787085111.27531,0.01579400012269616,1662.6731852213538,2794.0453181809107,1662.6731852213538,False,1679.0516899956597,2800.045315892092,1679.0516899956597,False,0.9703142323296,0.9798725125905952,0.009558280260995144,-0.27535650496457537,-275.3565049645754,2796.7208340714405,-9.825738829737917
1221,0,18.125521749490872,1787085111.2913668,0.015910333022475243,1668.0767632378472,2794.0453181809107,1668.0767632378472,False,1689.5312255859376,2800.045315892092,1689.5312255859376,False,0.97346768948613,0.9859882319164575,0.012520542430327408,-0.36382648038451076,-363.8264803845108,2796.632364096021,-12.982674863849228
1222,0,18.1440778124379,1787085111.312466,0.020822374848648906,1669.9758002387152,2794.0453181809107,1669.9758002387152,False,1686.7678900824653,2800.045315892092,1686.7678900824653,False,0.9745759425367243,0.9843755856119681,0.009799643075243836,-0.28256496965245326,-282.56496965245327,2796.713625606753,-10.082963518857166
1223,0,18.163436832954176,1787085111.3295648,0.016653000144287944,1668.023508029514,2794.0453181809107,1668.023508029514,False,1681.629736328125,2800.045315892092,1681.629736328125,False,0.9734366104460332,0.9813770265685862,0.007940416122552918,-0.22703789156073786,-227.03789156073788,2796.7691526848444,-8.101551939792245
1224,0,18.179312332882546,1787085111.344587,0.014968083938583732,1670.4848741319445,2794.0453181809107,1670.4848741319445,False,1681.2922634548613,2800.045315892092,1681.2922634548613,False,0.9748730313743252,0.9811800818323244,0.006307050457999175,-0.17825631453124444,-178.25631453124444,2796.817934261874,-6.360844794863133
1225,0,18.193630582885817,1787085111.358221,0.013574583921581507,1666.072092013889,2794.0453181809107,1666.072092013889,False,1685.4516981336806,2800.045315892092,1685.4516981336806,False,0.9722977896904048,0.9836074732783266,0.011309683587921837,-0.3276633571020163,-327.6633571020163,2796.668527219303,-11.692240832929498
1226,0,18.207461187499575,1787085111.372237,0.013961124932393432,1662.1123399522567,2794.0453181809107,1662.1123399522567,False,1678.2556911892364,2800.045315892092,1678.2556911892364,False,0.9699869303970393,0.9794079781423013,0.009421047745261979,-0.27125796249948836,-271.25796249948837,2796.724932613906,-9.679487671263502
1227,0,18.222051020362414,1787085111.3874,0.015109041007235646,1671.9971516927083,2794.0453181809107,1671.9971516927083,False,1684.412660047743,2800.045315892092,1684.412660047743,False,0.9757555766956094,0.9830011042987346,0.007245527603125135,-0.20628457307669937,-206.28457307669936,2796.7899060033287,-7.360996755520246
1228,0,18.236738833016716,1787085111.401619,0.014160000020638108,1667.583677842882,2794.0453181809107,1667.583677842882,False,1674.368093532986,2800.045315892092,1674.368093532986,False,0.9731799313261132,0.9771392272121967,0.003959295886083458,-0.10813902666261388,-108.13902666261387,2796.8880515497426,-3.85880055176327
1229,0,18.250504791503772,1787085111.414912,0.013241332955658436,1671.5316162109375,2794.0453181809107,1671.5316162109375,False,1678.5056722005206,2800.045315892092,1678.5056722005206,False,0.9754838963030755,0.9795538637770834,0.004069967474007896,-0.11144430894475818,-111.44430894475818,2796.8847462674607,-3.976745252096709
1230,0,18.263953665969893,1787085111.428531,0.013577249832451344,1664.0243381076386,2794.0453181809107,1664.0243381076386,False,1672.9792073567708,2800.045315892092,1672.9792073567708,False,0.9711027474071682,0.9763286914822371,0.0052259440750689334,-0.14596833674373702,-145.968336743737,2796.8502222396614,-5.208690292026014
1231,0,18.278066916391253,1787085111.4431622,0.014558833092451096,1667.4495930989585,2794.0453181809107,1667.4495930989585,False,1676.004039171007,2800.045315892092,1676.004039171007,False,0.9731016812307105,0.9780939435990361,0.004992262368325617,-0.1389892735582763,-138.98927355827632,2796.857201302847,-4.959651497226531
1232,0,18.2945035204757,1787085111.461341,0.01807354111224413,1668.123193359375,2794.0453181809107,1668.123193359375,False,1669.1076416015626,2800.045315892092,1669.1076416015626,False,0.9734947854952121,0.974069296559008,0.0005745110637959128,-0.007050124697852856,-7.050124697852856,2796.9891404517075,-0.2515745324669161
1233,0,18.310522916493937,1787085111.475232,0.01383716706186533,1672.1648790147567,2794.0453181809107,1672.1648790147567,False,1669.8074462890625,2800.045315892092,1669.8074462890625,False,0.9758534601577238,0.9744776933829705,-0.001375766774753262,0.05119625005748605,51.19625005748605,2797.0473868264626,1.8268716120998447
1234,0,18.32453389535658,1787085111.489381,0.014088124968111515,1675.7134440104169,2794.0453181809107,1675.7134440104169,False,1675.1736762152777,2800.045315892092,1675.1736762152777,False,0.9779243560801701,0.9776093546845669,-0.0003150013956032538,0.01951577018933384,19.51577018933384,2797.0157063465945,0.6963948825768569
1235,0,18.338701895438135,1787085111.503538,0.014104790985584259,1677.5067165798614,2794.0453181809107,1677.5067165798614,False,1670.4821967230903,2800.045315892092,1670.4821967230903,False,0.9789708863977602,0.9748714688736847,-0.004099417524075499,0.13253993305072465,132.53993305072464,2797.128730509456,4.729515167382409
1236,0,18.352407582919113,1787085111.516812,0.01323133404366672,1679.595155164931,2794.0453181809107,1679.595155164931,False,1668.7470106336805,2800.045315892092,1668.7470106336805,False,0.9801896717251782,0.9738588370628994,-0.006330834662278795,0.19918272429731035,199.18272429731036,2797.1953733007026,7.107576516461259
1237,0,18.365820478997193,1787085111.530357,0.013499208027496934,1684.052978515625,2794.0453181809107,1684.052978515625,False,1670.894585503472,2800.045315892092,1670.894585503472,False,0.9827911988808675,0.9751121335493492,-0.007679065331518298,0.23944855066571338,239.44855066571338,2797.235639127071,8.544410172199306
1238,0,18.379381853505038,1787085111.5439749,0.013535625068470836,1682.8566921657984,2794.0453181809107,1682.8566921657984,False,1672.0258355034723,2800.045315892092,1672.0258355034723,False,0.9820930618798647,0.9757723161908206,-0.0063207456890440605,0.1988814102464036,198.8814102464036,2797.195071986652,7.096824516357536
1239,0,18.393979229032993,1787085111.559524,0.015460541937500238,1677.6127821180555,2794.0453181809107,1677.6127821180555,False,1661.8036675347219,2800.045315892092,1661.8036675347219,False,0.9790327848527207,0.9698067932284582,-0.00922599162426252,0.2856485570366493,285.6485570366493,2797.2818391334417,10.192997325030307
1240,0,18.408945165923797,1787085111.573907,0.014321250142529607,1680.850607638889,2794.0453181809107,1680.850607638889,False,1668.2870632595484,2800.045315892092,1668.2870632595484,False,0.9809223372991003,0.9735904178165858,-0.007331919482514437,0.229080803662609,229.080803662609,2797.225271380068,8.174450601720276
1241,0,18.42322608293034,1787085111.588098,0.01409458415582776,1668.8477837456594,2794.0453181809107,1668.8477837456594,False,1660.4832980685765,2800.045315892092,1660.4832980685765,False,0.9739176469274348,0.9690362429505551,-0.004881403976879639,0.15589449058264607,155.89449058264606,2797.152085066988,5.562892184650516
1242,0,18.437602499499917,1787085111.602659,0.014447582885622978,1679.657595486111,2794.0453181809107,1679.657595486111,False,1668.1936197916668,2800.045315892092,1668.1936197916668,False,0.9802261110764896,0.9735358854360738,-0.00669022564041577,0.20991618041442772,209.9161804144277,2797.2061067568197,7.490585941137158
1243,0,18.45173245796468,1787085111.616319,0.013571166200563312,1672.4113308376734,2794.0453181809107,1672.4113308376734,False,1660.1383707682294,2800.045315892092,1660.1383707682294,False,0.9759972862045292,0.9688349479085585,-0.007162338295970683,0.22401614613143872,224.01614613143872,2797.2202067225367,7.9937248833656405
1244,0,18.46542306256015,1787085111.630055,0.013672875007614493,1678.4017768012152,2794.0453181809107,1678.4017768012152,False,1663.8246934678816,2800.045315892092,1663.8246934678816,False,0.9794932317866745,0.9709862374176607,-0.00850699436901381,0.26417521475202876,264.17521475202875,2797.2603657911573,9.426749027691578
1245,0,18.478739916463383,1787085111.642967,0.012843082891777158,1668.3615234375,2794.0453181809107,1668.3615234375,False,1663.1580539279512,2800.045315892092,1663.1580539279512,False,0.973633871798433,0.9705971953382083,-0.003036676460224652,0.1008004480145862,100.8004480145862,2797.09699102442,3.5969329151650795
1246,0,18.492092999978922,1787085111.656728,0.013710249913856387,1678.9520887586805,2794.0453181809107,1678.9520887586805,False,1670.5024142795141,2800.045315892092,1670.5024142795141,False,0.9798143866169177,0.974883267574064,-0.004931119042853704,0.1573792648576109,157.37926485761088,2797.153569841263,5.615874423979835
1247,0,18.505897749448195,1787085111.6706078,0.013837582897394896,1681.7341335720484,2794.0453181809107,1681.7341335720484,False,1670.5796766493054,2800.045315892092,1670.5796766493054,False,0.9814379514289227,0.9749283568782628,-0.006509594550659803,0.20452151000468852,204.5215100046885,2797.20071208641,7.298084142331163
1248,0,18.51940972893499,1787085111.683775,0.013082792051136494,1677.6238932291667,2794.0453181809107,1677.6238932291667,False,1662.9804985894098,2800.045315892092,1662.9804985894098,False,0.9790392691512251,0.9704935763747559,-0.008545692776469216,0.2653309690238197,265.3309690238197,2797.2615215454293,9.467990616036957
1249,0,18.533210624940693,1787085111.698178,0.01430425001308322,1680.7187065972223,2794.0453181809107,1680.7187065972223,False,1668.0482584635417,2800.045315892092,1668.0482584635417,False,0.9808453615836524,0.9734510544742445,-0.007394307109407916,0.2309440525927394,230.94405259273938,2797.227134628998,8.24093821698328
1250,0,18.547703520511277,1787085111.7127838,0.014490790897980332,1674.790530056424,2794.0453181809107,1674.790530056424,False,1664.314927842882,2800.045315892092,1664.314927842882,False,0.9773857556187356,0.9712723317598732,-0.006113423858862488,0.19268960271158495,192.68960271158494,2797.188880179117,6.875877915771658
1251,0,18.56204012443777,1787085111.7267962,0.013908833032473922,1679.9069091796878,2794.0453181809107,1679.9069091796878,False,1672.568793402778,2800.045315892092,1672.568793402778,False,0.9803716072734227,0.9760891792893147,-0.004282427984107939,0.13800566497286262,138.00566497286263,2797.134196241378,4.924552703856074
1252,0,18.57670681248419,1787085111.7421389,0.015283375047147274,1672.4404975043403,2794.0453181809107,1672.4404975043403,False,1667.313552517361,2800.045315892092,1667.313552517361,False,0.9760143074881031,0.9730222897341302,-0.002992017753972953,0.09946668536343485,99.46668536343485,2797.095657261769,3.549339329269014
1253,0,18.59197779139504,1787085111.757375,0.015151666942983866,1685.3163601345484,2794.0453181809107,1685.3163601345484,False,1672.7732286241321,2800.045315892092,1672.7732286241321,False,0.9835284917996451,0.9762084849993198,-0.007320006800325296,0.22872502330279823,228.72502330279823,2797.2249155997083,8.161755042206616
1254,0,18.607302624965087,1787085111.772745,0.015277250204235315,1683.451150173611,2794.0453181809107,1683.451150173611,False,1669.5969075520832,2800.045315892092,1669.5969075520832,False,0.9824399797652493,0.9743548257414139,-0.008085154023835472,0.25157666579325205,251.57666579325206,2797.2477672421987,8.97718619016743
1255,0,18.622239853953943,1787085111.7872589,0.014443207997828722,1678.7908664279516,2794.0453181809107,1678.7908664279516,False,1672.9858344184026,2800.045315892092,1672.9858344184026,False,0.9797202993822969,0.9763325589483617,-0.0033877404339351935,0.11128521247822497,111.28521247822496,2797.1074757888837,3.971068101563837
1256,0,18.636773645412177,1787085111.801811,0.0144957909360528,1686.041183810764,2794.0453181809107,1686.041183810764,False,1673.2864149305558,2800.045315892092,1673.2864149305558,False,0.9839514893768074,0.9765079737872461,-0.007443515589561356,0.2324136973374544,232.4136973374544,2797.228604273743,8.293380578698772
1257,0,18.651043374440633,1787085111.815808,0.013938832795247436,1678.61630859375,2794.0453181809107,1678.61630859375,False,1669.3691351996526,2800.045315892092,1669.3691351996526,False,0.9796184297230062,0.9742219007882367,-0.005396528934769496,0.1712790479775048,171.2790479775048,2797.1674696243826,6.111870110530431
1258,0,18.672109687002376,1787085111.843946,0.028069958090782166,1673.4291883680555,2794.0453181809107,1673.4291883680555,False,1669.2908067491317,2800.045315892092,1669.2908067491317,False,0.9765912944900974,0.9741761893333264,-0.0024151051567710136,0.08223679807583811,82.23679807583811,2797.078427374481,2.9345132056750685
1259,0,18.706090145511553,1787085111.884118,0.039746291004121304,1677.9390001085071,2794.0453181809107,1677.9390001085071,False,1674.2399495442708,2800.045315892092,1674.2399495442708,False,0.9792231613872019,0.9770644440635039,-0.0021587173236979895,0.07457960097668537,74.57960097668537,2797.070770177382,2.6612760839525182
1260,0,18.738319228985347,1787085111.9080498,0.02387079200707376,1672.4406656901042,2794.0453181809107,1672.4406656901042,False,1678.7187798394098,2800.045315892092,1678.7187798394098,False,0.9760144056391059,0.9796782305960532,0.0036638249569472814,-0.0993145863046305,-99.3145863046305,2796.896875990101,-3.543911872132119
1261,0,18.760697353514843,1787085111.928863,0.020752874901518226,1666.8633327907987,2794.0453181809107,1666.8633327907987,False,1672.6206461588542,2800.045315892092,1672.6206461588542,False,0.9727595474151695,0.9761194398766949,0.00335989246152546,-0.09023743551167779,-90.23743551167779,2796.9059531408934,-3.220005549232008
1262,0,18.77843991643749,1787085111.943543,0.014628333039581776,1666.456689453125,2794.0453181809107,1666.456689453125,False,1680.6530300564234,2800.045315892092,1680.6530300564234,False,0.9725222357044051,0.9808070336170781,0.008284797912673003,-0.23732308806441704,-237.32308806441705,2796.758867488341,-8.468565803040859
1263,0,18.792510874918662,1787085111.9569979,0.01341450004838407,1674.0367838541667,2794.0453181809107,1674.0367838541667,False,1686.1195800781247,2800.045315892092,1686.1195800781247,False,0.9769458792352615,0.9839972404087347,0.0070513611734731585,-0.20048566053056266,-200.48566053056265,2796.795704915875,-7.154070101718622
1264,0,18.805882124463096,1787085111.970293,0.013257833197712898,1671.655688476562,2794.0453181809107,1671.655688476562,False,1680.4549235026038,2800.045315892092,1680.4549235026038,False,0.9755563032476531,0.9806914212343215,0.005135117986668436,-0.1432557538091576,-143.2557538091576,2796.852934822596,-5.111895297215158
1265,0,18.81929631193634,1787085111.983819,0.013492542086169124,1666.1634033203125,2794.0453181809107,1666.1634033203125,False,1674.9886800130207,2800.045315892092,1674.9886800130207,False,0.972351077769495,0.9775013933307829,0.005150315561287866,-0.14370963971667222,-143.70963971667223,2796.8524809366886,-5.12809162563061
1266,0,18.83333270798903,1787085111.998367,0.014520833967253566,1663.6373480902778,2794.0453181809107,1663.6373480902778,False,1672.7714898003474,2800.045315892092,1672.7714898003474,False,0.9708769051159998,0.9762074702445978,0.005330565128597975,-0.14909291569895097,-149.09291569895097,2796.8470976607064,-5.320186829109013
1267,0,18.84788385394495,1787085112.012922,0.01453295792452991,1666.3262858072917,2794.0453181809107,1666.3262858072917,False,1678.837171766493,2800.045315892092,1678.837171766493,False,0.9724461338494981,0.979747322569667,0.0073011887201689385,-0.2079469302129759,-207.9469302129759,2796.7882436461923,-7.4203158083419885
1268,0,18.861999145476148,1787085112.026607,0.01365887513384223,1661.6666910807296,2794.0453181809107,1661.6666910807296,False,1676.4352593315969,2800.045315892092,1676.4352593315969,False,0.9697268555690408,0.9783455980208472,0.008618742451806383,-0.247296568965134,-247.29656896513399,2796.74889400744,-8.824456500325935
1269,0,18.87571237492375,1787085112.0403368,0.013700500130653381,1671.4852430555559,2794.0453181809107,1671.4852430555559,False,1684.1011338975695,2800.045315892092,1684.1011338975695,False,0.9754568335386882,0.9828193017292681,0.007362468190579952,-0.20977708329568936,-209.77708329568935,2796.7864134931096,-7.485622441324913
1270,0,18.88964418694377,1787085112.0544782,0.014114041812717915,1664.9015842013891,2794.0453181809107,1664.9015842013891,False,1676.9557345920136,2800.045315892092,1676.9557345920136,False,0.9716146967051947,0.9786493405465864,0.00703464384139163,-0.19998638603229194,-199.98638603229193,2796.796204190373,-7.1362541404614594
1271,0,18.903562478953972,1787085112.068187,0.013661957811564207,1674.3133192274304,2794.0453181809107,1674.3133192274304,False,1685.9858588324653,2800.045315892092,1685.9858588324653,False,0.9771072616469136,0.9839192024461444,0.0068119407992307535,-0.19333520813524618,-193.33520813524618,2796.8028553682702,-6.898915505825228
1272,0,18.917267228942364,1787085112.081861,0.013619957957416773,1674.1557427300347,2794.0453181809107,1674.1557427300347,False,1683.7738389756946,2800.045315892092,1683.7738389756946,False,0.9770153020727395,0.9826282967117534,0.005612994639013991,-0.15752786521255246,-157.52786521255246,2796.8386627111927,-5.621177034418801
1273,0,18.93085656245239,1787085112.0953758,0.013471375219523907,1669.7967881944442,2794.0453181809107,1669.7967881944442,False,1678.9052707248266,2800.045315892092,1678.9052707248266,False,0.9744714734589413,0.9797870642272971,0.00531559076835586,-0.14864569624070573,-148.64569624070572,2796.8475448801646,-5.304228384267261
1274,0,18.94461631239392,1787085112.109389,0.013958124909549952,1669.45732421875,2794.0453181809107,1669.45732421875,False,1684.1169514973958,2800.045315892092,1684.1169514973958,False,0.9742733667414535,0.9828285326727687,0.008555165931315223,-0.2453978129187015,-245.3978129187015,2796.7507927634865,-8.756701859788093
1275,0,18.95859308296349,1787085112.123316,0.013874834170565009,1666.3849365234375,2794.0453181809107,1666.3849365234375,False,1681.5566569010418,2800.045315892092,1681.5566569010418,False,0.9724803616370864,0.9813343783748102,0.008854016737723791,-0.25432319561133254,-254.32319561133255,2796.741867380794,-9.075192535374413
1276,0,18.972619562060572,1787085112.137443,0.014079042011871934,1669.516238064236,2794.0453181809107,1669.516238064236,False,1680.3774848090277,2800.045315892092,1680.3774848090277,False,0.9743077480878686,0.9806462290298775,0.0063384809420089505,-0.17919500732372215,-179.19500732372214,2796.8169955690814,-6.394340826567305
1277,0,18.9896817705594,1787085112.157449,0.019955208990722895,1661.064013671875,2794.0453181809107,1661.064013671875,False,1674.5223578559028,2800.045315892092,1674.5223578559028,False,0.9693751409491665,0.977229253844849,0.007854112895682497,-0.22446038696342926,-224.46038696342927,2796.7717301894418,-8.009577039802643
1278,0,19.00734835397452,1787085112.1727412,0.015208208002150059,1672.4024359809032,2794.0453181809107,1672.4024359809032,False,1683.2147786458336,2800.045315892092,1683.2147786458336,False,0.9759920952829485,0.9823020364462866,0.006309941163338051,-0.17834264741323047,-178.34264741323048,2796.8178479289923,-6.363925471496948
1279,0,19.02235679142177,1787085112.1874938,0.014698333106935024,1663.7893120659724,2794.0453181809107,1663.7893120659724,False,1677.9912109375,2800.045315892092,1677.9912109375,False,0.9709655892962274,0.9792536309412332,0.00828804164500574,-0.23741996433779924,-237.41996433779926,2796.7587706120676,-8.472022706886927
1280,0,19.03674552042503,1787085112.201513,0.013967375038191676,1674.3657796223956,2794.0453181809107,1674.3657796223956,False,1679.990603298611,2800.045315892092,1679.990603298611,False,0.9771378768443685,0.9804204500619366,0.0032825732175680855,-0.08792824367740512,-87.92824367740512,2796.908262332728,-3.1376050413004966
1281,0,19.050454020500183,1787085112.214915,0.013358708936721087,1671.5742784288195,2794.0453181809107,1671.5742784288195,False,1675.1948215060766,2800.045315892092,1675.1948215060766,False,0.9755087934130798,0.977621694798542,0.0021129013854621626,-0.05299519848406632,-52.99519848406632,2796.9431953779213,-1.8910647475045077
1282,0,19.063759583048522,1787085112.228123,0.013164666015654802,1670.5304904513891,2794.0453181809107,1670.5304904513891,False,1682.9733940972224,2800.045315892092,1682.9733940972224,False,0.9748996524592005,0.9821611675942091,0.0072615151350086116,-0.20676205159544755,-206.76205159544756,2796.78942852481,-7.378034955589764
1283,0,19.07703581196256,1787085112.241467,0.013302207924425602,1675.581863064236,2794.0453181809107,1675.581863064236,False,1688.1978271484375,2800.045315892092,1688.1978271484375,False,0.9778475671682434,0.9852100781020022,0.007362510933758837,-0.20977835984981225,-209.77835984981223,2796.7864122165556,-7.485667993498867
1284,0,19.090529853478074,1787085112.255115,0.013607624918222427,1669.455259874132,2794.0453181809107,1669.455259874132,False,1678.076779513889,2800.045315892092,1678.076779513889,False,0.9742721620170487,0.9793035676385038,0.005031405621455098,-0.14015831344882798,-140.15831344882798,2796.8560322629564,-5.001367165601912
1285,0,19.10412487445865,1787085112.26866,0.013494416838511825,1664.8529215494789,2794.0453181809107,1664.8529215494789,False,1676.4545600043407,2800.045315892092,1676.4545600043407,False,0.9715862978207049,0.9783568616399537,0.006770563819248787,-0.1920994564722592,-192.0994564722592,2796.804091119933,-6.854819314596746
1286,0,19.1178288749652,1787085112.282509,0.013804000103846192,1668.3349039713544,2794.0453181809107,1668.3349039713544,False,1680.2928439670136,2800.045315892092,1680.2928439670136,False,0.9736183370276267,0.9805968337462027,0.006978496718575977,-0.19830951400292643,-198.30951400292642,2796.797881062402,-7.076417142553755
1287,0,19.13180343748536,1787085112.2966132,0.014066375093534589,1668.5438856336805,2794.0453181809107,1668.5438856336805,False,1681.163647460938,2800.045315892092,1681.163647460938,False,0.9737402959808673,0.9811050232275917,0.007364727246724434,-0.20984455154466602,-209.84455154466602,2796.7863460248604,-7.488029958059736
1288,0,19.14591581199784,1787085112.310742,0.014090541983023286,1666.9555474175352,2794.0453181809107,1666.9555474175352,False,1680.3657877604169,2800.045315892092,1680.3657877604169,False,0.9728133626601296,0.9806394027859445,0.007826040125814893,-0.22362197458863387,-223.62197458863386,2796.7725686018166,-7.979659384407432
1289,0,19.160342749906704,1787085112.3254778,0.014686250127851963,1676.206591796875,2794.0453181809107,1676.206591796875,False,1683.0568277994794,2800.045315892092,1683.0568277994794,False,0.9782121506510427,0.9822098584069772,0.003997707755934443,-0.1092862232938683,-109.2862232938683,2796.8869043531113,-3.899736771833725
1290,0,19.174833395401947,1787085112.3397021,0.014172041090205312,1663.975222439236,2794.0453181809107,1663.975222439236,False,1669.7853922526042,2800.045315892092,1669.7853922526042,False,0.9710740841482036,0.9744648229369647,0.0033907387887610607,-0.09115868206459314,-91.15868206459314,2796.9050318943405,-3.2528790345629868
1291,0,19.189254270517267,1787085112.354335,0.01457395893521607,1671.9187201605903,2794.0453181809107,1671.9187201605903,False,1674.268918185764,2800.045315892092,1674.268918185764,False,0.975709805083633,0.9770813497821875,0.0013715446985544943,-0.030854076558011215,-30.854076558011215,2796.965336499847,-1.1009876019844138
1292,0,19.204049166408367,1787085112.369322,0.01488016708754003,1671.2323838975694,2794.0453181809107,1671.2323838975694,False,1671.9867214626738,2800.045315892092,1671.9867214626738,False,0.975309268255294,0.9757494897503584,0.0004402214950643968,-0.003039475347559529,-3.039475347559529,2796.9931511010577,-0.10845972550526438
1293,0,19.2191262494307,1787085112.384437,0.0150499171577394,1670.1522054036457,2794.0453181809107,1670.1522054036457,False,1673.0030788845488,2800.045315892092,1673.0030788845488,False,0.9746788902739645,0.9763426225923052,0.001663732318340716,-0.03958045864806214,-39.58045864806214,2796.956610117757,-1.4123771998309356
1294,0,19.233710374915972,1787085112.398497,0.014013249892741442,1674.6842827690969,2794.0453181809107,1674.6842827690969,False,1668.3802652994793,2800.045315892092,1668.3802652994793,False,0.9773237510973684,0.9736448093029171,-0.0036789417944512737,0.1199821392640525,119.9821392640525,2797.1161727156696,4.281406625180292
1295,0,19.247736957971938,1787085112.412502,0.013954499969258904,1675.5889811197915,2794.0453181809107,1675.5889811197915,False,1667.5649061414929,2800.045315892092,1667.5649061414929,False,0.9778517211719727,0.9731689764077416,-0.004682744764231139,0.1499613980151107,149.9613980151107,2797.1461519744203,5.351177491261443
1296,0,19.26224764541257,1787085112.4275048,0.014953125035390258,1671.5325602213543,2794.0453181809107,1671.5325602213543,False,1669.238484700521,2800.045315892092,1669.238484700521,False,0.9754844472151556,0.9741456548729869,-0.0013387923421687153,0.05009198346832785,50.09198346832785,2797.046282559874,1.7874672947590582
1297,0,19.27707979141269,1787085112.4422,0.014622417045757174,1682.608460828993,2794.0453181809107,1682.608460828993,False,1676.7380208333336,2800.045315892092,1676.7380208333336,False,0.981948197332127,0.9785222856566063,-0.003425911675520754,0.112425222582592,112.425222582592,2797.108615798988,4.011747879767056
1298,0,19.292847207863815,1787085112.459018,0.016746415989473462,1680.5524793836805,2794.0453181809107,1680.5524793836805,False,1673.1259412977429,2800.045315892092,1673.1259412977429,False,0.9807483535651593,0.9764143234828953,-0.004334030082264073,0.13954679674801518,139.54679674801517,2797.1357373731535,4.979545987297144
1299,0,19.308740040869452,1787085112.473979,0.014895749976858497,1676.2422444661456,2794.0453181809107,1676.2422444661456,False,1671.8029025607636,2800.045315892092,1671.8029025607636,False,0.978232957080545,0.9756422154535934,-0.0025907416269516093,0.08748230077326619,87.48230077326619,2797.0836728771787,3.121692148632108
1300,0,19.32378604146652,1787085112.489117,0.015070166904479265,1676.432931857639,2794.0453181809107,1676.432931857639,False,1667.7966742621531,2800.045315892092,1667.7966742621531,False,0.9783442397376159,0.9733042332387748,-0.005040006498841065,0.16063126282540474,160.63126282540475,2797.156821839231,5.731917742842019
1301,0,19.338637374457903,1787085112.503668,0.01448916713707149,1684.129714626736,2794.0453181809107,1684.129714626736,False,1671.4760552300347,2800.045315892092,1671.4760552300347,False,0.9828359810674129,0.9754514716443925,-0.00738450942302038,0.2306514380217364,230.6514380217364,2797.226842014427,8.230496646507865
1302,0,19.353762541431934,1787085112.519373,0.015652582980692387,1681.6023410373266,2794.0453181809107,1681.6023410373266,False,1670.7454345703125,2800.045315892092,1670.7454345703125,False,0.9813610390367027,0.9750250910237968,-0.006335948012905934,0.19933543799327552,199.33543799327552,2797.1955260143986,7.113025906126017
1303,0,19.3697230204707,1787085112.535629,0.016165291192010045,1677.571421983507,2794.0453181809107,1677.571421983507,False,1667.7676432291664,2800.045315892092,1667.7676432291664,False,0.9790086476214475,0.9732872911092351,-0.005721356512212394,0.18098024461350956,180.98024461350957,2797.177170821019,6.458044697884298
1304,0,19.3855076454347,1787085112.550857,0.015121291158720851,1680.9345947265624,2794.0453181809107,1680.9345947265624,False,1670.8252902560766,2800.045315892092,1670.8252902560766,False,0.9809713510603287,0.9750716937531354,-0.005899657307193329,0.1863053191840949,186.3053191840949,2797.1824958955895,6.648063059666533
1305,0,19.400587811949663,1787085112.5658329,0.014924541814252734,1679.5484917534718,2794.0453181809107,1679.5484917534718,False,1669.9972140842012,2800.045315892092,1669.9972140842012,False,0.9801624395711565,0.9745884393756874,-0.005574000195469053,0.17657934794230296,176.57934794230295,2797.1727699243474,6.301004422719917
1306,0,19.415474978857674,1787085112.580637,0.014752208022400737,1672.5401529947917,2794.0453181809107,1672.5401529947917,False,1665.4579833984376,2800.045315892092,1665.4579833984376,False,0.9760724651233944,0.9719394039685052,-0.004133061154889206,0.13354472297848347,133.54472297848346,2797.129735299384,4.765369789412056
1307,0,19.429358707973734,1787085112.5935931,0.012907249853014946,1672.344371202257,2794.0453181809107,1672.344371202257,False,1671.4067057291663,2800.045315892092,1671.4067057291663,False,0.9759582094407889,0.9754110001865645,-0.0005472092542244678,0.02645081589771738,26.45081589771738,2797.022641392303,0.9438629709433835
1308,0,19.442808124469593,1787085112.607594,0.013902666978538036,1681.4874430338543,2794.0453181809107,1681.4874430338543,False,1675.183208550347,2800.045315892092,1675.183208550347,False,0.9812939860710168,0.9776149176301099,-0.0036790684409069296,0.11998592164662988,119.98592164662989,2797.116176498052,4.28154159458428
1309,0,19.457047624979168,1787085112.621996,0.014321750029921532,1671.7199924045137,2794.0453181809107,1671.7199924045137,False,1665.0460394965278,2800.045315892092,1665.0460394965278,False,0.9755938301753986,0.9716989989180735,-0.0038948312573250377,0.1264298249792471,126.4298249792471,2797.1226204013847,4.511483905910901
1310,0,19.471872540889308,1787085112.637262,0.015214750077575445,1686.8736843532984,2794.0453181809107,1686.8736843532984,False,1674.3605305989581,2800.045315892092,1674.3605305989581,False,0.9844373257588597,0.9771348135832342,-0.007302512175625497,0.22820253443155794,228.20253443155795,2797.224393110837,8.14311070623601
1311,0,19.486368415877223,1787085112.6511219,0.0136824999935925,1680.0704508463543,2794.0453181809107,1680.0704508463543,False,1665.2384087456599,2800.045315892092,1665.2384087456599,False,0.9804670480420331,0.9718112630851717,-0.008655784956861368,0.26861894690574234,268.61894690574235,2797.264809523311,9.585317831349641
1312,0,19.500580332940444,1787085112.66558,0.014341665897518396,1682.0324462890628,2794.0453181809107,1682.0324462890628,False,1671.0910183376739,2800.045315892092,1671.0910183376739,False,0.9816120428123507,0.9752267691713206,-0.0063852736410301425,0.2008085814418533,200.80858144185328,2797.196999157847,7.1655931145394405
1313,0,19.51512829097919,1787085112.680165,0.014494500122964382,1683.2845648871528,2794.0453181809107,1683.2845648871528,False,1669.4862060546875,2800.045315892092,1669.4862060546875,False,0.9823427627801052,0.9742902218015549,-0.008052540978550349,0.2506026550035877,250.6026550035877,2797.246793231409,8.94242988165814
1314,0,19.529410270391963,1787085112.694171,0.013950458960607648,1677.943443467882,2794.0453181809107,1677.943443467882,False,1666.9132188585068,2800.045315892092,1666.9132188585068,False,0.9792257544733712,0.9727886602690499,-0.00643709420432137,0.20235623782692452,202.3562378269245,2797.198546814232,7.220819220201418
1315,0,19.542997561977245,1787085112.707386,0.013114792061969638,1680.6969184027778,2794.0453181809107,1680.6969184027778,False,1670.3846625434028,2800.045315892092,1670.3846625434028,False,0.9808326462795541,0.9748145492074926,-0.006018097072061579,0.18984260335668351,189.84260335668353,2797.186033179762,6.774286445785167
1316,0,19.556510145426728,1787085112.721118,0.013648040825501084,1679.3546712239586,2794.0453181809107,1679.3546712239586,False,1665.0606852213539,2800.045315892092,1665.0606852213539,False,0.9800493284558899,0.9717075459707162,-0.008341782485173699,0.25924104941928555,259.24104941928556,2797.2554316258247,9.250679753756978
1317,0,19.570826416485943,1787085112.7361012,0.01487858290784061,1684.5780707465274,2794.0453181809107,1684.5780707465274,False,1667.2116238064234,2800.045315892092,1667.2116238064234,False,0.9830976358099399,0.972962805477221,-0.010134830332718892,0.3127916435028771,312.7916435028771,2797.308982219908,11.16156307104186
1318,0,19.58577293739654,1787085112.750895,0.01462112506851554,1672.9860026041665,2794.0453181809107,1672.9860026041665,False,1661.5577962239581,2800.045315892092,1661.5577962239581,False,0.9763326570993643,0.9696633059609205,-0.006669351138443802,0.2092927492085464,209.2927492085464,2797.205483325614,7.468339609211618
1319,0,19.60081114550121,1787085112.766241,0.01525129098445177,1677.9811414930555,2794.0453181809107,1677.9811414930555,False,1669.782595486111,2800.045315892092,1669.782595486111,False,0.9792477545457136,0.9744631907807737,-0.004784563764939853,0.15300229175613053,153.00229175613052,2797.149192868161,5.459687830292982
1320,0,19.6172002494568,1787085112.783675,0.01734716701321304,1670.178957790799,2794.0453181809107,1670.178957790799,False,1665.5330457899304,2800.045315892092,1665.5330457899304,False,0.9746945026157249,0.9719832093942651,-0.0027112932214597985,0.09108265617508993,91.08265617508992,2797.08727323258,3.250166149553594
1321,0,19.632804457913153,1787085112.797445,0.013709165854379535,1673.876223415799,2794.0453181809107,1673.876223415799,False,1671.2545003255211,2800.045315892092,1671.2545003255211,False,0.976852178272329,0.9753221751121559,-0.0015300031601730435,0.05580262466140019,55.80262466140019,2797.0519932010666,1.9912441001070578
1322,0,19.646511312457733,1787085112.811084,0.013582874787971377,1663.8786512586807,2794.0453181809107,1663.8786512586807,False,1667.772482638889,2800.045315892092,1667.772482638889,False,0.9710177264756564,0.9732901153251853,0.0022723888495288502,-0.05775840012497586,-57.75840012497586,2796.9384321762805,-2.061033404402507
1323,0,19.660059416433796,1787085112.824545,0.013415167108178139,1670.0089925130208,2794.0453181809107,1670.0089925130208,False,1676.3344075520831,2800.045315892092,1676.3344075520831,False,0.9745953131120414,0.9782867422469719,0.0036914291349304795,-0.10013900386393504,-100.13900386393505,2796.896051572541,-3.5733301407341935
1324,0,19.674216978484765,1787085112.839443,0.014814875088632107,1666.1189127604168,2794.0453181809107,1666.1189127604168,False,1675.0094536675347,2800.045315892092,1675.0094536675347,False,0.9723251136631061,0.9775135165627034,0.005188402899597211,-0.14484714399260135,-144.84714399260133,2796.8513434324127,-5.168681986604387
1325,0,19.689990041428246,1787085112.856021,0.016492666909471154,1668.2548502604163,2794.0453181809107,1668.2548502604163,False,1677.4672417534723,2800.045315892092,1677.4672417534723,False,0.9735716187333976,0.9789478494075661,0.005376230674168481,-0.1504567482914832,-150.4567482914832,2796.8457338281137,-5.368853421762889
1326,0,19.705418103956617,1787085112.870341,0.014253542060032487,1672.0528754340278,2794.0453181809107,1672.0528754340278,False,1679.4635633680555,2800.045315892092,1679.4635633680555,False,0.9757880963391339,0.9801128764809288,0.004324780141794937,-0.1190544626607911,-119.0544626607911,2796.8771361137447,-4.248303691863799
1327,0,19.71997533296235,1787085112.885119,0.014714166056364775,1660.2557427300349,2794.0453181809107,1660.2557427300349,False,1672.5524169921875,2800.045315892092,1672.5524169921875,False,0.968903444643833,0.9760796222311918,0.0071761775873587785,-0.2042133876651783,-204.2133876651783,2796.79197718874,-7.287089197301538
1328,0,19.73402224946767,1787085112.8984451,0.013262582942843437,1667.7607014973958,2794.0453181809107,1667.7607014973958,False,1681.4012288411457,2800.045315892092,1681.4012288411457,False,0.9732832400057506,0.9812436726005419,0.007960432594791289,-0.22763569712476114,-227.63569712476115,2796.7685548792806,-8.122883854009462
1329,0,19.747972415876575,1787085112.9130182,0.014514500042423606,1665.6514377170138,2794.0453181809107,1665.6514377170138,False,1681.8033257378472,2800.045315892092,1681.8033257378472,False,0.972052301367879,0.9814783310680706,0.009426029700191574,-0.2714067519735354,-271.4067519735354,2796.7247838244316,-9.684797030171833
1330,0,19.76227437448688,1787085112.9270358,0.013967582955956459,1668.5918023003474,2794.0453181809107,1668.5918023003474,False,1686.842160373264,2800.045315892092,1686.842160373264,False,0.9737682595181674,0.9844189287781668,0.010650669259999468,-0.30798144575862574,-307.98144575862574,2796.6882091306466,-10.9899174193058
1331,0,19.7757396659581,1787085112.9399512,0.012879749992862344,1661.0830702039934,2794.0453181809107,1661.0830702039934,False,1676.4566569010417,2800.045315892092,1676.4566569010417,False,0.9693862620910108,0.9783580853613265,0.00897182327031576,-0.25784156787109397,-257.84156787109396,2796.738349008534,-9.200741074475234
1332,0,19.788870749995112,1787085112.953312,0.013316249940544367,1670.9850640190973,2794.0453181809107,1670.9850640190973,False,1684.4677788628474,2800.045315892092,1684.4677788628474,False,0.975164935622668,0.9830332709152653,0.007868335292597228,-0.22488514852521313,-224.88514852521314,2796.77130542788,-8.024734103811488
1333,0,19.801964603946544,1787085112.966141,0.01275704219006002,1672.4115559895836,2794.0453181809107,1672.4115559895836,False,1681.725642903646,2800.045315892092,1681.725642903646,False,0.9759974176002266,0.9814329963863646,0.0054355787861379845,-0.15222922004010805,-152.22922004010806,2796.843961356365,-5.432101771342708
1334,0,19.815553811960854,1787085112.980478,0.014272458152845502,1673.1397894965278,2794.0453181809107,1673.1397894965278,False,1681.9442220052085,2800.045315892092,1681.9442220052085,False,0.9764224051098154,0.981560556279085,0.0051381511692696336,-0.14334634187153447,-143.34634187153446,2796.8528442345337,-5.11512781442815
1335,0,19.840713499463163,1787085113.016497,0.03592058294452727,1670.0410373263887,2794.0453181809107,1670.0410373263887,False,1685.403480360243,2800.045315892092,1685.403480360243,False,0.9746140140442268,0.9835793340190702,0.0089653199748434,-0.25764734252650945,-257.6473425265095,2796.7385432338788,-9.193810395607674
1336,0,19.877825228963047,1787085113.054431,0.03699870780110359,1664.5064344618058,2794.0453181809107,1664.5064344618058,False,1679.1965576171874,2800.045315892092,1679.1965576171874,False,0.9713840925073121,0.9799570554317389,0.008572962924426886,-0.24592933222831495,-245.92933222831496,2796.750261244177,-8.77566843520964
1337,0,19.91061366593931,1787085113.0822778,0.027723000152036548,1670.0500759548613,2794.0453181809107,1670.0500759548613,False,1681.270773654514,2800.045315892092,1681.270773654514,False,0.9746192888690844,0.9811675406671019,0.006548251798017435,-0.185459956681352,-185.45995668135203,2796.810730619724,-6.617897397992864
1338,0,19.934402791433968,1787085113.1020591,0.01969966688193381,1667.3023735894094,2794.0453181809107,1667.3023735894094,False,1681.2368408203124,2800.045315892092,1681.2368408203124,False,0.9730157658586086,0.9811477379107564,0.008131972052147773,-0.23275883974629966,-232.75883974629966,2796.763431736659,-8.305696536764904
1339,0,19.95309985394124,1787085113.1196759,0.017510792007669806,1669.4679633246528,2794.0453181809107,1669.4679633246528,False,1679.4655924479168,2800.045315892092,1679.4655924479168,False,0.9742795755839178,0.9801140606252847,0.005834485041366966,-0.1641428267965693,-164.1428267965693,2796.8320477496086,-5.8572233370171745
1340,0,19.97153781238012,1787085113.1389,0.019121624995023012,1667.65934516059,2794.0453181809107,1667.65934516059,False,1680.5585340711805,2800.045315892092,1680.5585340711805,False,0.9732240897788668,0.9807518870012583,0.007527797222391497,-0.2147147473323152,-214.7147473323152,2796.781475829073,-7.661816561958149
1341,0,19.989521686919034,1787085113.1557,0.01668595802038908,1672.191824001736,2794.0453181809107,1672.191824001736,False,1680.7018608940973,2800.045315892092,1680.7018608940973,False,0.975869184898213,0.9808355306525705,0.004966345754357504,-0.1382152562466203,-138.2152562466203,2796.857975320159,-4.932031695925645
1342,0,20.005454832920805,1787085113.170712,0.014947665855288506,1672.0693712022571,2794.0453181809107,1672.0693712022571,False,1676.701673719618,2800.045315892092,1676.701673719618,False,0.975797723052807,0.978501073958447,0.0027033509056400007,-0.0706293751878187,-70.6293751878187,2796.9255612012175,-2.520317413210773
1343,0,20.03545989538543,1787085113.216359,0.044938541017472744,1677.5749457465276,2794.0453181809107,1677.5749457465276,False,1676.9056749131946,2800.045315892092,1676.9056749131946,False,0.9790107040432631,0.978620126375542,-0.0003905776677211037,0.02177290698357771,21.77290698357771,2797.017963483389,0.7769378740928387
1344,0,20.09115995792672,1787085113.257283,0.016631584148854017,1666.0430121527777,2794.0453181809107,1666.0430121527777,False,1661.929665798611,2800.045315892092,1661.929665798611,False,0.972280819065413,0.9698803241603258,-0.0024004949050872026,0.08180045296745185,81.80045296745185,2797.0779910293727,2.918942797867965
1345,0,20.10869991639629,1787085113.275597,0.018248166888952255,1679.7519070095484,2794.0453181809107,1679.7519070095484,False,1676.3097195095484,2800.045315892092,1676.3097195095484,False,0.9802811500428226,0.9782723346296165,-0.0020088154132060776,0.07010267841597556,70.10267841597556,2797.066293254821,2.5015229237787455
1346,0,20.124458291451447,1787085113.288824,0.013190583093091846,1676.1197726779515,2794.0453181809107,1676.1197726779515,False,1672.0685221354165,2800.045315892092,1672.0685221354165,False,0.9781614841535743,0.975797227548551,-0.0023642566050232627,0.08071817147693824,80.71817147693824,2797.076908747882,2.8803229901847787
1347,0,20.13809041643981,1787085113.302857,0.013999582966789603,1675.3518120659724,2794.0453181809107,1675.3518120659724,False,1668.2705023871526,2800.045315892092,1668.2705023871526,False,0.9777133124272872,0.9735807531089763,-0.004132559318310913,0.13352973528758763,133.52973528758764,2797.129720311693,4.764834973151143
1348,0,20.151945853955112,1787085113.316546,0.013656458118930459,1679.4510660807289,2794.0453181809107,1679.4510660807289,False,1671.4542344835068,2800.045315892092,1671.4542344835068,False,0.9801055832281921,0.9754387373433259,-0.004666845884866211,0.14948656716415437,149.48656716415437,2797.1456771435696,5.334233769774278
1349,0,20.165749228559434,1787085113.330464,0.013881125021725893,1679.31328125,2794.0453181809107,1679.31328125,False,1666.9475287543403,2800.045315892092,1666.9475287543403,False,0.9800251738107288,0.9728086830736111,-0.00721649073711772,0.22563344563544846,225.63344563544845,2797.221824022041,8.051436113169014
1350,0,20.179449582938105,1787085113.34393,0.013432666193693876,1672.640673828125,2794.0453181809107,1672.640673828125,False,1668.1436631944446,2800.045315892092,1668.1436631944446,False,0.9761311277614257,0.9735067314220953,-0.002624396339330426,0.08848742165950768,88.48742165950767,2797.0846779980648,3.1575585804848587
1351,0,20.193015582859516,1787085113.3576052,0.013648333959281445,1677.033607313368,2794.0453181809107,1677.033607313368,False,1676.6138129340281,2800.045315892092,1676.6138129340281,False,0.9786947860439409,0.978449799557994,-0.0002449864859468409,0.01742472726934539,17.42472726934539,2797.0136153036747,0.6217787349894872
1352,0,20.206481604021974,1787085113.3708632,0.013229042058810592,1681.4037353515625,2794.0453181809107,1681.4037353515625,False,1673.860972764757,2800.045315892092,1673.860972764757,False,0.9812451353670992,0.9768432781926922,-0.004401857174406998,0.14157249900921742,141.5724990092174,2797.1377630754146,5.051830538439103
1353,0,20.219331582891755,1787085113.3833091,0.012414084048941731,1676.7751763237848,2794.0453181809107,1676.7751763237848,False,1666.1542426215278,2800.045315892092,1666.1542426215278,False,0.9785439691128106,0.9723457317060066,-0.00619823740680403,0.1952226170339996,195.2226170339996,2797.191413193439,6.966265238152997
1354,0,20.23191860341467,1787085113.3960278,0.012689374852925539,1680.0337239583337,2794.0453181809107,1680.0337239583337,False,1674.7498236762153,2800.045315892092,1674.7498236762153,False,0.9804456147125776,0.9773619999099084,-0.0030836148026692767,0.10220229355186505,102.20229355186505,2797.098392869957,3.6469559503234747
1355,0,20.24516683293041,1787085113.409812,0.013754666084423661,1679.099037000868,2794.0453181809107,1679.099037000868,False,1673.0648925781254,2800.045315892092,1673.0648925781254,False,0.9799001436809504,0.9763786962519777,-0.003521447428972646,0.11527846286872072,115.27846286872072,2797.111469039274,4.113562049269223
1356,0,20.25876310397871,1787085113.423213,0.013373542111366987,1679.2224582248261,2794.0453181809107,1679.2224582248261,False,1675.0999294704864,2800.045315892092,1675.0999294704864,False,0.9799721706861625,0.9775663170529415,-0.002405853633220989,0.08196049502962525,81.96049502962525,2797.078151071435,2.9246536907516862
1357,0,20.272300645476207,1787085113.4368901,0.013650875072926283,1681.8311848958333,2794.0453181809107,1681.8311848958333,False,1672.0744276258683,2800.045315892092,1672.0744276258683,False,0.9814945893067522,0.9758006739152123,-0.00569391539153985,0.18016069687174344,180.16069687174343,2797.176351273277,6.428800202388789
1358,0,20.286200457951054,1787085113.451019,0.014095665886998177,1679.0776312934026,2794.0453181809107,1679.0776312934026,False,1672.7972222222222,2800.045315892092,1672.7972222222222,False,0.9798876515912291,0.9762224873480186,-0.003665164243210506,0.11957066332102603,119.57066332102603,2797.1157612397265,4.266723641201328
1359,0,20.300576603855006,1787085113.465631,0.014577707974240184,1674.041392686632,2794.0453181809107,1674.041392686632,False,1670.7625298394098,2800.045315892092,1670.7625298394098,False,0.976948568889353,0.9750350675983023,-0.0019135012910507232,0.06725605729933154,67.25605729933154,2797.0634466337046,2.399944950732641
1360,0,20.314732853439637,1787085113.4793391,0.01367862499319017,1672.5589111328125,2794.0453181809107,1672.5589111328125,False,1671.6507486979167,2800.045315892092,1671.6507486979167,False,0.9760834121263625,0.9755534204577178,-0.0005299916686447581,0.025936600988315586,25.936600988315586,2797.0221271773935,0.9255138805422347
1361,0,20.328062832937576,1787085113.492301,0.01292058383114636,1678.958742947049,2794.0453181809107,1678.958742947049,False,1680.109507921007,2800.045315892092,1680.109507921007,False,0.9798182699138492,0.9804898412378009,0.0006715713239516807,-0.009948895414075093,-9.948895414075093,2796.986241680991,-0.3550133961631135
1362,0,20.34085052041337,1787085113.504902,0.012552875094115734,1676.2940375434027,2794.0453181809107,1676.2940375434027,False,1672.7387858072914,2800.045315892092,1672.7387858072914,False,0.9782631828401505,0.9761883846238045,-0.00207479821634593,0.07207329973111629,72.07329973111628,2797.0682638761364,2.571841982983025
1363,0,20.354513707919978,1787085113.519624,0.014680666150525212,1673.6202256944446,2794.0453181809107,1673.6202256944446,False,1675.5319851345484,2800.045315892092,1675.5319851345484,False,0.9767027813645771,0.977818459063605,0.0011156776990278727,-0.02321243450713378,-23.21243450713378,2796.9729781418982,-0.8283055419331209
1364,0,20.368872874998488,1787085113.533629,0.013962249970063567,1668.1147976345485,2794.0453181809107,1668.1147976345485,False,1668.5475640190973,2800.045315892092,1668.5475640190973,False,0.9734898858604779,0.9737424426382825,0.0002525567778045579,0.0025652591337607246,2.5652591337607245,2796.998755835539,0.09153793654584373
1365,0,20.382867020438425,1787085113.547603,0.013925040839239955,1671.0453667534723,2794.0453181809107,1671.0453667534723,False,1669.1104899088543,2800.045315892092,1669.1104899088543,False,0.9752001275063963,0.9740709587937321,-0.0011291687126642191,0.043831431130422926,43.83143113042293,2797.0400220075358,1.5640676252648775
1366,0,20.397248500026762,1787085113.562402,0.014745499938726425,1674.1368570963539,2794.0453181809107,1674.1368570963539,False,1673.6678059895833,2800.045315892092,1673.6678059895833,False,0.9770042806649788,0.9767305485998713,-0.0002737320651075015,0.018283233551504983,18.283233551504985,2797.0144738099566,0.6524134153406003
1367,0,20.41185604140628,1787085113.576802,0.014348666882142425,1674.6095730251734,2794.0453181809107,1674.6095730251734,False,1676.8757025824652,2800.045315892092,1676.8757025824652,False,0.977280151472098,0.9786026349170033,0.0013224834449052647,-0.02938882883302779,-29.38882883302779,2796.9668017475724,-1.048702142200535
1368,0,20.42595302045811,1787085113.590602,0.013758041197434068,1675.263669162326,2794.0453181809107,1675.263669162326,False,1676.2764458550348,2800.045315892092,1676.2764458550348,False,0.977661873386442,0.9782529165618788,0.0005910431754369005,-0.007543867461629739,-7.5438674616297385,2796.9886467089436,-0.26919310097165783
1369,0,20.439662395510823,1787085113.604223,0.013581208884716034,1673.9455159505208,2794.0453181809107,1673.9455159505208,False,1668.3756184895835,2800.045315892092,1668.3756184895835,False,0.9768926164854621,0.9736420974856959,-0.00325051899976625,0.10718700097159413,107.18700097159413,2797.1033775773767,3.8248287529115803
1370,0,20.45369958295487,1787085113.618688,0.014417000114917755,1678.4081868489586,2794.0453181809107,1678.4081868489586,False,1671.8767605251737,2800.045315892092,1671.8767605251737,False,0.979496972606344,0.9756853179915275,-0.003811654614816584,0.12394569795145793,123.94569795145793,2797.120136274357,4.422841063069438
1371,0,20.468184436904266,1787085113.633174,0.014435958117246628,1671.6878119574653,2794.0453181809107,1671.6878119574653,False,1669.5031005859375,2800.045315892092,1669.5031005859375,False,0.9755750500891788,0.9743000812280893,-0.001274968861089465,0.04818585177588255,48.18585177588255,2797.0443764281813,1.7194494638839048
1372,0,20.482645811978728,1787085113.6476521,0.014398791827261448,1674.0060872395832,2794.0453181809107,1674.0060872395832,False,1675.7486165364585,2800.045315892092,1675.7486165364585,False,0.9769279650941787,0.9779448823043905,0.0010169172102117985,-0.020262885305015587,-20.262885305015587,2796.9759276911004,-0.7230547139957032
1373,0,20.498655500006862,1787085113.66519,0.017429500119760633,1670.8152750651043,2794.0453181809107,1670.8152750651043,False,1667.4304796006945,2800.045315892092,1667.4304796006945,False,0.9750658490192295,0.973090526844172,-0.001975322175057581,0.06910238006750107,69.10238006750106,2797.0652929564726,2.465828577915396
1374,0,20.515919790952466,1787085113.682137,0.01685374998487532,1681.4682264539929,2794.0453181809107,1681.4682264539929,False,1669.5544108072918,2800.045315892092,1669.5544108072918,False,0.9812827715274121,0.9743300251993319,-0.006952746328080184,0.2177565393891806,217.7565393891806,2797.2139471157943,7.770358956222545
1375,0,20.531929229036905,1787085113.697212,0.015011708019301295,1676.4471598307293,2794.0453181809107,1676.4471598307293,False,1674.0417371961805,2800.045315892092,1674.0417371961805,False,0.9783525429958325,0.9769487699406005,-0.0014037730552319827,0.05203267668143836,52.03267668143836,2797.0482232530867,1.85671840855832
1376,0,20.546982249477878,1787085113.712254,0.014988833107054234,1679.252121310764,2794.0453181809107,1679.252121310764,False,1675.8247585720485,2800.045315892092,1675.8247585720485,False,0.9799894816735027,0.9779893177962649,-0.0020001638772378927,0.06984429440716836,69.84429440716836,2797.0660348708125,2.4923028264048086
1377,0,20.562497311853804,1787085113.7282372,0.01593229197897017,1673.411599392361,2794.0453181809107,1673.411599392361,False,1670.9691921657984,2800.045315892092,1670.9691921657984,False,0.9765810297949065,0.9751556730175535,-0.001425356777353004,0.05267728922967473,52.677289229674734,2797.0488678656347,1.8797205691434031
1378,0,20.578447770443745,1787085113.744156,0.01587195903994143,1679.2094319661458,2794.0453181809107,1679.2094319661458,False,1672.8391737196184,2800.045315892092,1672.8391737196184,False,0.9799645687326914,0.9762469696908824,-0.0037175990418090166,0.12113666426151848,121.13666426151848,2797.117327240667,4.322604348469828
1379,0,20.593762499513105,1787085113.758899,0.014668832998722792,1678.0896620008684,2794.0453181809107,1678.0896620008684,False,1674.0649088541668,2800.045315892092,1674.0649088541668,False,0.9793110856886985,0.9769622926158507,-0.0023487930728478545,0.08025634256603799,80.25634256603799,2797.076446918971,2.8638432260219093
1380,0,20.60886722896248,1787085113.774322,0.015357207972556353,1677.9829996744793,2794.0453181809107,1677.9829996744793,False,1674.6363118489583,2800.045315892092,1674.6363118489583,False,0.979248838955986,0.9772957558984549,-0.0019530830575311686,0.06843819368950527,68.43819368950527,2797.0646287700947,2.442127950667473
1381,0,20.62354218692053,1787085113.7882721,0.013889542082324624,1679.3534071180554,2794.0453181809107,1679.3534071180554,False,1671.4711181640625,2800.045315892092,1671.4711181640625,False,0.9800485907402883,0.9754485904375376,-0.004600000302750651,0.14749017836780826,147.49017836780826,2797.143680754773,5.262995231509001
1382,0,20.637313604005612,1787085113.80185,0.013513291953131557,1681.699058702257,2794.0453181809107,1681.699058702257,False,1672.7007080078124,2800.045315892092,1672.7007080078124,False,0.9814174821956071,0.9761661629201657,-0.005251319275441424,0.16694226269074283,166.94226269074284,2797.163132839096,5.957117566755025
1383,0,20.65108716650866,1787085113.815815,0.013915583025664091,1681.879833984375,2794.0453181809107,1681.879833984375,False,1670.5783691406245,2800.045315892092,1670.5783691406245,False,0.9815229802758382,0.9749275938333704,-0.006595386442467821,0.2070837432324099,207.08374323240992,2797.203274319638,7.389514103354621
1384,0,20.66542460396886,1787085113.830532,0.014673042111098766,1677.9703016493052,2794.0453181809107,1677.9703016493052,False,1675.6948079427082,2800.045315892092,1675.6948079427082,False,0.9792414285552781,0.9779134803158328,-0.0013279482394452646,0.04976811696139703,49.768116961397034,2797.0459586933666,1.7759105395873904
1385,0,20.67951839545276,1787085113.844002,0.013425708981230855,1675.5179877387152,2794.0453181809107,1675.5179877387152,False,1672.947081163194,2800.045315892092,1672.947081163194,False,0.9778102903672471,0.9763099430576309,-0.0015003473096162345,0.054916932504581545,54.916932504581546,2797.05110750891,1.9596393271689103
1386,0,20.693523624446243,1787085113.858572,0.01449641678482294,1680.124267578125,2794.0453181809107,1680.124267578125,False,1677.2699815538194,2800.045315892092,1677.2699815538194,False,0.9804984547798326,0.9788327309459847,-0.0016657238338478875,0.05985601493465109,59.85601493465109,2797.05604659134,2.1358840613278294
1387,0,20.709107229020447,1787085113.875131,0.01648220792412758,1675.7965657552086,2794.0453181809107,1675.7965657552086,False,1676.0103542751735,2800.045315892092,1676.0103542751735,False,0.9779728648386588,0.9780976290108813,0.00012476417222251346,0.006381872258601548,6.381872258601549,2797.002572448664,0.2277288131102465
1388,0,20.724481707904488,1787085113.889324,0.01413683407008648,1673.3282958984375,2794.0453181809107,1673.3282958984375,False,1672.595472547743,2800.045315892092,1672.595472547743,False,0.9765324149700116,0.976104748887896,-0.00042766608211564083,0.022880577717052566,22.880577717052567,2797.0190711541222,0.8164636638971083
1389,0,20.738533603958786,1787085113.9032419,0.013868041802197695,1679.8853027343753,2794.0453181809107,1679.8853027343753,False,1673.44501953125,2800.045315892092,1673.44501953125,False,0.9803589980357306,0.9766005333490015,-0.003758464686729024,0.12235714455493148,122.35714455493148,2797.11854772096,4.366155600732639
1390,0,20.75245177047327,1787085113.917156,0.013865291140973568,1676.7068956163196,2794.0453181809107,1676.7068956163196,False,1672.2988606770837,2800.045315892092,1672.2988606770837,False,0.9785041213887745,0.9759316500960608,-0.0025724712927137627,0.08693664480882445,86.93664480882444,2797.083127221214,3.102221125065103
1391,0,20.767636833013967,1787085113.9336152,0.01641525002196431,1678.0879340277777,2794.0453181809107,1678.0879340277777,False,1675.3887071397567,2800.045315892092,1675.3887071397567,False,0.979310077266299,0.9777348439077452,-0.001575233358553807,0.057153455313869735,57.153455313869735,2797.053344031719,2.0394467354364023
1392,0,20.78445522894617,1787085113.951037,0.017134708119556308,1676.5412326388887,2794.0453181809107,1676.5412326388887,False,1666.2410400390625,2800.045315892092,1666.2410400390625,False,0.9784074426510646,0.9723963855388295,-0.006011057112235152,0.18963235016598037,189.63235016598037,2797.1858229265713,6.766783834070096
1393,0,20.802714311983436,1787085113.9698381,0.018696208018809557,1674.211195203993,2794.0453181809107,1674.211195203993,False,1670.332497829861,2800.045315892092,1670.332497829861,False,0.9770476634081948,0.9747841065658328,-0.0022635568423620134,0.07771070454181472,77.71070454181472,2797.073901280947,2.7730054432563063
1394,0,20.81993366603274,1787085113.985541,0.015639499993994832,1679.574991861979,2794.0453181809107,1679.574991861979,False,1674.2788872612848,2800.045315892092,1674.2788872612848,False,0.9801779046864126,0.9770871676037215,-0.0030907370826911418,0.10241500529122144,102.41500529122143,2797.0986055816966,3.654546292150351
1395,0,20.835091520450078,1787085114.000134,0.014530708780512214,1675.3834554036462,2794.0453181809107,1675.3834554036462,False,1671.3290744357641,2800.045315892092,1671.3290744357641,False,0.9777317790635307,0.9753656955833918,-0.002366083480138892,0.08077273234540162,80.77273234540162,2797.0769633087507,2.8822699238296328
1396,0,20.849396561970934,1787085114.014147,0.013959541916847229,1671.0425238715277,2794.0453181809107,1671.0425238715277,False,1675.2277398003473,2800.045315892092,1675.2277398003473,False,0.9751984684378336,0.9776409054827093,0.0024424370448756783,-0.06283700519183577,-62.83700519183577,2796.9333535712135,-2.24225682243205
1397,0,20.863833353389055,1787085114.029023,0.014824375044554472,1674.6972195095489,2794.0453181809107,1674.6972195095489,False,1675.0970106336804,2800.045315892092,1675.0970106336804,False,0.9773313008091771,0.9775646136581193,0.00023331284894223536,0.0031399921641651293,3.1399921641651294,2796.9993305685693,0.11204653740240969
1398,0,20.878419957938604,1787085114.0432901,0.014193415874615312,1665.3643093532985,2794.0453181809107,1665.3643093532985,False,1670.627699110243,2800.045315892092,1670.627699110243,False,0.9718847370261342,0.9749563821557097,0.003071645129575473,-0.08162873279910673,-81.62873279910673,2796.9145618436064,-2.9128151869507115
1399,0,20.89241883298382,1787085114.057044,0.013699666131287813,1676.815017361111,2794.0453181809107,1676.815017361111,False,1672.6425618489582,2800.045315892092,1672.6425618489582,False,0.9785672198188976,0.9761322295855855,-0.002434990233312062,0.08283067941794993,82.83067941794992,2797.079021255823,2.955705089136095
1400,0,20.90606606192887,1787085114.0705888,0.013486708048731089,1672.544509548611,2794.0453181809107,1672.544509548611,False,1671.712744140625,2800.045315892092,1671.712744140625,False,0.9760750075509818,0.9755896001837963,-0.0004854073671854975,0.024605060486920703,24.605060486920703,2797.020795636892,0.877999589170736
1401,0,20.92005541594699,1787085114.085013,0.014374250080436468,1672.3141520182294,2794.0453181809107,1672.3141520182294,False,1671.0021430121528,2800.045315892092,1671.0021430121528,False,0.9759405739219076,0.9751749026986893,-0.000765671223218245,0.03297533125870138,32.97533125870138,2797.029165907664,1.1766818176813225
1402,0,20.933889311971143,1787085114.0982559,0.01320545794442296,1670.831502278646,2794.0453181809107,1670.831502278646,False,1671.4193874782984,2800.045315892092,1671.4193874782984,False,0.9750753190079143,0.9754184010887881,0.0003430820808737467,-0.00013834064222352914,-0.13834064222352913,2796.9960522357633,-0.004936505931470494
1403,0,20.947214853949845,1787085114.111666,0.013373542111366987,1666.8379801432288,2794.0453181809107,1666.8379801432288,False,1669.8169623480906,2800.045315892092,1669.8169623480906,False,0.9727447519430449,0.9744832468300296,0.0017384948869847427,-0.04181329363435885,-41.81329363435885,2796.954377282771,-1.4920530129303045
1404,0,20.960803458001465,1787085114.1254451,0.013733915984630585,1680.4891655815973,2794.0453181809107,1680.4891655815973,False,1683.1535617404516,2800.045315892092,1683.1535617404516,False,0.9807114044618657,0.9822663110643658,0.001554906602500128,-0.03633030459176403,-36.330304591764026,2796.9598602718133,-1.296399678552813
1405,0,20.97501039551571,1787085114.140063,0.014581459108740091,1672.1852593315973,2794.0453181809107,1672.1852593315973,False,1673.552015516493,2800.045315892092,1673.552015516493,False,0.9758653538429445,0.9766629748006387,0.0007976209576942006,-0.013713453498887123,-13.713453498887123,2796.9824771229064,-0.489346756311987
1406,0,20.988827603519894,1787085114.153085,0.012989375041797757,1677.143478732639,2794.0453181809107,1677.143478732639,False,1681.407337782118,2800.045315892092,1681.407337782118,False,0.9787589055611091,0.9812472376982548,0.002488332137145721,-0.06420769335274949,-64.20769335274949,2796.9319828830526,-2.2911680471292284
1407,0,21.00212175003253,1787085114.166666,0.013529249932616949,1671.8731879340278,2794.0453181809107,1671.8731879340278,False,1675.3461669921876,2800.045315892092,1675.3461669921876,False,0.9756832330742593,0.9777100180363723,0.0020267849621129486,-0.050423272901032906,-50.42327290103291,2796.9457673035045,-1.7992889273848454
1408,0,21.016028915997595,1787085114.180879,0.01415649987757206,1679.5706597222222,2794.0453181809107,1679.5706597222222,False,1679.8587782118054,2800.045315892092,1679.8587782118054,False,0.9801753765065516,0.980343518672748,0.00016814216619642774,0.0050863589511135196,5.086358951113519,2797.0012769353566,0.18150010530664856
1409,0,21.030806041439064,1787085114.196223,0.015295583056285977,1667.870383029514,2794.0453181809107,1667.870383029514,False,1668.568541124132,2800.045315892092,1668.568541124132,False,0.9733472487072705,0.9737546846012546,0.000407435893984065,-0.002060311061652119,-2.060311061652119,2796.9941302653438,-0.07351952118370393
1410,0,21.045123228919692,1787085114.2095098,0.013249791925773025,1671.0456190321179,2794.0453181809107,1671.0456190321179,False,1671.5386664496532,2800.045315892092,1671.5386664496532,False,0.9752002747329003,0.9754880107297879,0.00028773599688758367,0.0015146078174157664,1.5146078174157664,2796.997705184223,0.05404681049870705
1411,0,21.05845897900872,1787085114.2229052,0.013358958065509796,1675.4153835720485,2794.0453181809107,1675.4153835720485,False,1669.5782877604165,2800.045315892092,1669.5782877604165,False,0.9777504119232463,0.974343959475561,-0.0034064524476853375,0.11184405950185147,111.84405950185148,2797.108034635907,3.991009830925331
1412,0,21.07213352038525,1787085114.23685,0.013908375054597855,1676.8697428385417,2794.0453181809107,1676.8697428385417,False,1672.5956922743055,2800.045315892092,1672.5956922743055,False,0.9785991568887283,0.9761048771174319,-0.0024942797712964593,0.08460140181465169,84.60140181465168,2797.08079197822,3.0188910153672452
1413,0,21.086135645513423,1787085114.2509131,0.014029375044628978,1671.7414957682292,2794.0453181809107,1671.7414957682292,False,1671.1661241319446,2800.045315892092,1671.1661241319446,False,0.9756063792560247,0.9752705999263716,-0.00033577932965311863,0.02013631732850989,20.13631732850989,2797.016326893734,0.7185383003322113
1414,0,21.09998266643379,1787085114.264545,0.013597666984423995,1674.0421006944448,2794.0453181809107,1674.0421006944448,False,1671.3112738715276,2800.045315892092,1671.3112738715276,False,0.9769489820734132,0.9753553074079069,-0.001593674665506306,0.057704217494776514,57.704217494776515,2797.0538947939,2.059099967698277
1415,0,21.113561082980596,1787085114.2780879,0.013489499920979142,1673.6123236762153,2794.0453181809107,1673.6123236762153,False,1678.7048285590276,2800.045315892092,1678.7048285590276,False,0.9766981698505284,0.9796700888120669,0.002971918961538478,-0.07865034292993923,-78.65034292993923,2796.9175402334754,-2.8065352173115627
1416,0,21.12744972843211,1787085114.2923148,0.014157375087961555,1677.0105902777777,2794.0453181809107,1677.0105902777777,False,1677.0897216796875,2800.045315892092,1677.0897216796875,False,0.9786813536042902,0.9787275336510846,4.618004679435295e-05,0.008728840638714114,8.728840638714114,2797.004919417044,0.3114773279586824
1417,0,21.141343249939382,1787085114.305855,0.013481500092893839,1673.5766140407984,2794.0453181809107,1673.5766140407984,False,1677.1358751085068,2800.045315892092,1677.1358751085068,False,0.9766773301763313,0.9787544681859361,0.002077138009604851,-0.0519271009281557,-51.9271009281557,2796.9442634754773,-1.85295107508406
1418,0,21.155586937442422,1787085114.32081,0.014896375127136707,1672.3412516276044,2794.0453181809107,1672.3412516276044,False,1676.2652099609375,2800.045315892092,1676.2652099609375,False,0.9759563888979961,0.9782463594416627,0.0022899705436666418,-0.058283489384229996,-58.283489384229995,2796.937907087021,-2.0797705318380673
1419,0,21.1698489789851,1787085114.3343859,0.0135149578563869,1675.05126953125,2794.0453181809107,1675.05126953125,False,1673.5627197265626,2800.045315892092,1673.5627197265626,False,0.9775379197515325,0.9766692216370396,-0.0008686981144928607,0.036052299473406095,36.052299473406094,2797.0322428758786,1.2864794273981621
1420,0,21.184942332911305,1787085114.350985,0.01654641586355865,1674.1739800347223,2794.0453181809107,1674.1739800347223,False,1670.125691731771,2800.045315892092,1670.125691731771,False,0.9770259451242153,0.9746634172433052,-0.0023625278809100703,0.08066654195495152,80.66654195495151,2797.0768571183603,2.8784806578272737
1421,0,21.20013047894463,1787085114.364767,0.01373545778915286,1684.7535590277778,2794.0453181809107,1684.7535590277778,False,1679.5891303168405,2800.045315892092,1679.5891303168405,False,0.9832000484659074,0.9801861557029667,-0.0030138927629406176,0.1001199973915584,100.1199973915584,2797.096310573797,3.5726519194818156
1422,0,21.213872541557066,1787085114.37852,0.01365508302114904,1675.684521484375,2794.0453181809107,1675.684521484375,False,1680.824093967014,2800.045315892092,1680.824093967014,False,0.9779074772738582,0.9809068642684409,0.0029993869945826868,-0.07947069442799821,-79.47069442799821,2796.9167198819773,-2.835808393805246
1423,0,21.234359541442245,1787085114.405474,0.02665291680023074,1677.0650580512156,2794.0453181809107,1677.0650580512156,False,1673.5187689887152,2800.045315892092,1673.5187689887152,False,0.9787131402814555,0.9766435725637078,-0.002069567717747689,0.0719170873312784,71.9170873312784,2797.0681076637366,2.5662677466199826
1424,0,21.25870252039749,1787085114.4274151,0.021880041109398007,1675.9958197699657,2794.0453181809107,1675.9958197699657,False,1679.1608344184028,2800.045315892092,1679.1608344184028,False,0.978089146864547,0.9799362078421385,0.0018470609775915747,-0.045055693806383454,-45.05569380638345,2796.951134882599,-1.6077538469306114
1425,0,21.281810812535696,1787085114.451769,0.02423362503759563,1670.8679796006945,2794.0453181809107,1670.8679796006945,False,1668.419411892361,2800.045315892092,1668.419411892361,False,0.9750966066939465,0.9736676547403476,-0.0014289519535989337,0.052784661614671775,52.784661614671776,2797.04897523802,1.8835520130842054
1426,0,21.301199041423388,1787085114.466122,0.01428458304144442,1681.1131673177083,2794.0453181809107,1681.1131673177083,False,1679.439024522569,2800.045315892092,1679.439024522569,False,0.9810755636790399,0.9800985559330112,-0.000977007746028713,0.03928704032076299,39.28704032076299,2797.035477616726,1.401906948357229
1427,0,21.31566727044992,1787085114.480669,0.014460125006735325,1675.9082926432293,2794.0453181809107,1675.9082926432293,False,1672.3762749565972,2800.045315892092,1672.3762749565972,False,0.9780380671830184,0.9759768280527784,-0.0020612391302400335,0.07166834839800189,71.66834839800188,2797.067858924803,2.5573918212247317
1428,0,21.329832582967356,1787085114.494485,0.013757584150880575,1673.041623263889,2794.0453181809107,1673.041623263889,False,1677.9336615668403,2800.045315892092,1677.9336615668403,False,0.9763651165858227,0.9792200458844048,0.0028549292985821095,-0.07515636703770096,-75.15636703770096,2796.9210342093675,-2.681857230862866
1429,0,21.343486145487987,1787085114.5079648,0.013437874848023057,1675.8275499131946,2794.0453181809107,1675.8275499131946,False,1678.5710177951391,2800.045315892092,1678.5710177951391,False,0.9779909467862945,0.9795919986078138,0.0016010518215192615,-0.037708462958243295,-37.708462958243295,2796.958482113447,-1.3455774678219845
1430,0,21.35652787447907,1787085114.520582,0.012585166841745377,1677.9408745659725,2794.0453181809107,1677.9408745659725,False,1677.7695665147571,2800.045315892092,1677.7695665147571,False,0.9792242552959584,0.9791242821673337,-9.997312862464192e-05,0.013093804675566608,13.093804675566608,2797.0092843810808,0.4672353937898447
1431,0,21.369214332895353,1787085114.533329,0.012715165968984365,1677.680050998264,2794.0453181809107,1677.680050998264,False,1677.5371961805554,2800.045315892092,1677.5371961805554,False,0.9790720420876599,0.9789886738923875,-8.336819527232642e-05,0.012597887041827877,12.597887041827876,2797.008788463447,0.4495392178785283
1432,0,21.38189691642765,1787085114.54595,0.01259716716594994,1674.734133572049,2794.0453181809107,1674.734133572049,False,1672.4869547526039,2800.045315892092,1672.4869547526039,False,0.9773528433712002,0.9760414193279918,-0.0013114240432083868,0.0492746105965501,49.2746105965501,2797.045465187002,1.758300406671071
1433,0,21.395101041533053,1787085114.5597398,0.013766082935035229,1675.6982693142359,2794.0453181809107,1675.6982693142359,False,1672.753830295139,2800.045315892092,1672.753830295139,False,0.9779155003267925,0.9761971643893089,-0.001718335937483606,0.06142731121073064,61.427311210730636,2797.057617887616,2.1919537257611563
1434,0,21.40825135342311,1787085114.572247,0.012478625169023871,1674.507101779514,2794.0453181809107,1674.507101779514,False,1673.9135091145831,2800.045315892092,1673.9135091145831,False,0.9772203505990511,0.9768739377164063,-0.00034641288264480874,0.020453895624428734,20.453895624428736,2797.01664447203,0.7298706688705657
1435,0,21.420654207933694,1787085114.584548,0.012272833846509457,1679.5873480902778,2794.0453181809107,1679.5873480902778,False,1678.7896213107638,2800.045315892092,1678.7896213107638,False,0.9801851156189536,0.9797195727482602,-0.00046554287069344724,0.024011793781976345,24.011793781976344,2797.0202023701872,0.8568296382378084
1436,0,21.433088312041946,1787085114.597118,0.01253670803271234,1677.4104112413195,2794.0453181809107,1677.4104112413195,False,1673.4556803385415,2800.045315892092,1673.4556803385415,False,0.9789146838671203,0.9766067548561113,-0.002307929011009069,0.07903590955242291,79.03590955242291,2797.0752264859575,2.8202936608772093
1437,0,21.446267790859565,1787085114.6109,0.013748500030487776,1668.5333306206599,2794.0453181809107,1668.5333306206599,False,1671.5263156467015,2800.045315892092,1671.5263156467015,False,0.9737341362139045,0.9754808029634082,0.0017466667495037447,-0.042057351869202446,-42.05735186920245,2796.9541332245362,-1.5007619136883545
1438,0,21.459370165946893,1787085114.6233091,0.012366750044748187,1677.2219889322919,2794.0453181809107,1677.2219889322919,False,1676.3368815104163,2800.045315892092,1676.3368815104163,False,0.9788047230824255,0.9782881860165606,-0.0005165370658648527,0.02553477012082976,25.534770120829762,2797.021725346526,0.9111750685423123
1439,0,21.471927708014846,1787085114.63603,0.012695000041276217,1684.3527045355902,2794.0453181809107,1684.3527045355902,False,1677.6478271484375,2800.045315892092,1677.6478271484375,False,0.9829661150493345,0.9790532366721488,-0.00391287837718568,0.12696881449442277,126.96881449442276,2797.1231593908997,4.530717045904324
1440,0,21.484802562044933,1787085114.649062,0.013004458043724298,1675.8355034722226,2794.0453181809107,1675.8355034722226,False,1678.7159559461804,2800.045315892092,1678.7159559461804,False,0.9779955883788763,0.9796765826090552,0.0016809942301788672,-0.04009599739133501,-40.095997391335004,2796.956094579014,-1.430773529522374
1441,0,21.498428707942367,1787085114.6632938,0.014189334120601416,1679.2647379557293,2794.0453181809107,1679.2647379557293,False,1678.679918077257,2800.045315892092,1678.679918077257,False,0.9799968445817897,0.979655551382095,-0.00034129319969467,0.020300992809328226,20.300992809328225,2797.016491569215,0.7244145307353778
1442,0,21.511958957999013,1787085114.6761038,0.01276583387516439,1674.856578233507,2794.0453181809107,1674.856578233507,False,1676.0037407769098,2800.045315892092,1676.0037407769098,False,0.9774243004673642,0.9780937694601602,0.000669468992796074,-0.009886107863537991,-9.88610786353799,2796.9863044685417,-0.35277290406572903
1443,0,21.524462978937663,1787085114.688302,0.01216470799408853,1680.619007703993,2794.0453181809107,1680.619007703993,False,1677.4439697265625,2800.045315892092,1677.4439697265625,False,0.98078717861907,0.9789342681583305,-0.001852910460739543,0.06544647092179903,65.44647092179903,2797.061637047327,2.3353722138809245
1444,0,21.537159603904,1787085114.701507,0.013171042082831264,1677.0329264322913,2794.0453181809107,1677.0329264322913,False,1674.4340874565974,2800.045315892092,1674.4340874565974,False,0.9786943886906876,0.9771777403992117,-0.0015166482914759083,0.05540377242016242,55.403772420162426,2797.0515943488253,1.977011576511648
1445,0,21.550408145529218,1787085114.7147908,0.013248875038698316,1681.5605794270837,2794.0453181809107,1681.5605794270837,False,1679.2476888020835,2800.045315892092,1679.2476888020835,False,0.9813366675094874,0.9799868949196561,-0.0013497725898313773,0.05041991603651086,50.419916036510855,2797.0466104924417,1.799169142039354
1446,0,21.56344508298207,1787085114.727582,0.01275983382947743,1676.6630018446183,2794.0453181809107,1676.6630018446183,False,1674.524037000868,2800.045315892092,1674.524037000868,False,0.9784785055601373,0.9772302337717959,-0.0012482717883414152,0.04738852553168432,47.38852553168432,2797.0435791019368,1.6909979136341822
1447,0,21.576219707960263,1787085114.740343,0.012728000059723854,1674.53974609375,2794.0453181809107,1674.53974609375,False,1674.7538953993055,2800.045315892092,1674.7538953993055,False,0.9772394013920689,0.9773643761140233,0.00012497472195438508,0.006375584047586263,6.375584047586263,2797.0025661604527,0.22750442647681499
1448,0,21.589073728886433,1787085114.753289,0.012909957906231284,1683.4866048177087,2794.0453181809107,1683.4866048177087,False,1676.0501573350696,2800.045315892092,1676.0501573350696,False,0.9824606706298618,0.9781208575538388,-0.004339813076022936,0.13971950979178183,139.71950979178183,2797.135910086197,4.985709027682765
1449,0,21.60239029151853,1787085114.766977,0.013649082975462079,1678.4535834418402,2794.0453181809107,1678.4535834418402,False,1675.912646484375,2800.045315892092,1675.912646484375,False,0.9795234654616831,0.978040608027525,-0.0014828574341581024,0.054394585472675366,54.39458547267537,2797.050585161878,1.9410000525505056
1450,0,21.61559089552611,1787085114.779688,0.01266887504607439,1671.0908013237847,2794.0453181809107,1671.0908013237847,False,1671.8036105685765,2800.045315892092,1671.8036105685765,False,0.9752266425248652,0.9756426286376535,0.00041598611278825803,-0.002315669164413341,-2.315669164413341,2796.9938749072408,-0.08263164303501787
1451,0,21.628818582976237,1787085114.793441,0.013700500130653381,1675.5838785807293,2794.0453181809107,1675.5838785807293,False,1676.1104356553817,2800.045315892092,1676.1104356553817,False,0.977848743397196,0.9781560351898407,0.00030729179264477047,0.0009305606699799327,0.9305606699799327,2796.9971211370753,0.03320584748715147
1452,0,21.642426874954253,1787085114.80689,0.01339250011369586,1678.457435438368,2794.0453181809107,1678.457435438368,False,1681.688058810764,2800.045315892092,1681.688058810764,False,0.9795257134362623,0.9814110628034112,0.001885349367148903,-0.04619920261464309,-46.19920261464309,2796.9499913737905,-1.648558471832825
1453,0,21.65625129151158,1787085114.821096,0.014156166929751635,1677.010093858507,2794.0453181809107,1677.010093858507,False,1673.8355848524304,2800.045315892092,1673.8355848524304,False,0.978681063900524,0.9768284621405189,-0.0018526017600051237,0.06543725136430377,65.43725136430378,2797.06162782777,2.335043225960026
1454,0,21.670265332912095,1787085114.834947,0.013771165860816836,1672.8511691623262,2794.0453181809107,1672.8511691623262,False,1671.0144992404512,2800.045315892092,1671.0144992404512,False,0.9762539700736912,0.97518211363123,-0.0010718564424612165,0.04211976118148546,42.11976118148546,2797.0383103375866,1.5029889088454702
1455,0,21.684469312429428,1787085114.849486,0.01443812483921647,1675.4456488715277,2794.0453181809107,1675.4456488715277,False,1671.6352973090275,2800.045315892092,1671.6352973090275,False,0.9777680743544994,0.9755444032301099,-0.0022236711243894813,0.07651949043349972,76.51949043349971,2797.0727100668387,2.730498516753487
1456,0,21.70029079145752,1787085114.866689,0.016998666804283857,1681.381369357639,2794.0453181809107,1681.381369357639,False,1678.0412326388891,2800.045315892092,1678.0412326388891,False,0.9812320828668141,0.9792828229491483,-0.0019492599176658132,0.06832401301589149,68.32401301589148,2797.0645145894214,2.4380535618002956
1457,0,21.716955895419233,1787085114.8826811,0.015899459132924676,1671.2827826605903,2794.0453181809107,1671.2827826605903,False,1671.3216606987849,2800.045315892092,1671.3216606987849,False,0.9753386803114248,0.9753613690238673,2.2688712442486825e-05,0.009430425324299035,9.430425324299035,2797.0056210017297,0.3365124651833798
1458,0,21.732422229018994,1787085114.897644,0.01488854200579226,1676.7090766059027,2794.0453181809107,1676.7090766059027,False,1676.0044840494793,2800.045315892092,1676.0044840494793,False,0.9785053941856487,0.9780942032242692,-0.00041119096137953726,0.022388537025430692,22.388537025430693,2797.018579113431,0.7989058316239899
1459,0,21.7466377079254,1787085114.911103,0.013405584031715989,1674.1477511935766,2794.0453181809107,1674.1477511935766,False,1676.773855251736,2800.045315892092,1676.773855251736,False,0.9770106383170283,0.9785431981525147,0.0015325598354863912,-0.03566290318857696,-35.66290318857696,2796.960527673217,-1.2725843273114816
1460,0,21.760169957880862,1787085114.92472,0.013570666080340743,1676.1471164279515,2794.0453181809107,1676.1471164279515,False,1674.7478895399304,2800.045315892092,1674.7478895399304,False,0.9781774416069248,0.9773608711733766,-0.0008165704335482138,0.03449547081063089,34.49547081063089,2797.030686047216,1.2309260209331605
1461,0,21.773915790952742,1787085114.938593,0.013827749993652105,1678.6356526692707,2794.0453181809107,1678.6356526692707,False,1676.7803059895837,2800.045315892092,1676.7803059895837,False,0.979629718671403,0.9785469627183947,-0.0010827559530083297,0.04244528248077336,42.44528248077336,2797.038635858886,1.5146047131306508
1462,0,21.788642333005555,1787085114.9542131,0.015533665893599391,1670.769371202257,2794.0453181809107,1670.769371202257,False,1666.5018500434028,2800.045315892092,1666.5018500434028,False,0.9750390601278013,0.9725485908317245,-0.0024904692960767694,0.08448759937929862,84.48759937929862,2797.0806781757847,3.0148301234405728
1463,0,21.8037206659792,1787085114.968721,0.014393999939784408,1683.3114610460066,2794.0453181809107,1683.3114610460066,False,1677.7774712456599,2800.045315892092,1677.7774712456599,False,0.9823584590251417,0.979128895264463,-0.003229563760678733,0.1065611584968177,106.5611584968177,2797.102751734902,3.8024963779909258
1464,0,21.81885620788671,1787085114.984493,0.015648250002413988,1670.4364013671875,2794.0453181809107,1670.4364013671875,False,1666.7638481987844,2800.045315892092,1666.7638481987844,False,0.974844743305484,0.9727014895139614,-0.0021432537915225813,0.07411777206578511,74.11777206578512,2797.070308348471,2.6447963197896485
1465,0,21.834209666470997,1787085114.999383,0.014799167169257998,1679.3148600260415,2794.0453181809107,1679.3148600260415,False,1674.9404025607641,2800.045315892092,1674.9404025607641,False,0.9800260951636901,0.9774732192437515,-0.0025528759199385798,0.08635141566681515,86.35141566681514,2797.082541992072,3.0813379841141573
1466,0,21.848582853912376,1787085115.013259,0.013820207910612226,1676.8544596354163,2794.0453181809107,1676.8544596354163,False,1674.9843478732641,2800.045315892092,1674.9843478732641,False,0.9785902378121233,0.9774988651509219,-0.0010913726612014063,0.04270262633437767,42.70262633437767,2797.0388932027395,1.5237876939187007
1467,0,21.862952166469768,1787085115.0281222,0.014823167119175196,1676.7461751302083,2794.0453181809107,1676.7461751302083,False,1678.6580810546875,2800.045315892092,1678.6580810546875,False,0.9785270443971588,0.9796428075825442,0.001115763185385421,-0.02321498761537293,-23.21498761537293,2796.9729755887897,-0.8283966462807925
1468,0,21.877066395478323,1787085115.041501,0.013327708933502436,1677.6364718967016,2794.0453181809107,1677.6364718967016,False,1679.4738335503473,2800.045315892092,1679.4738335503473,False,0.9790466098963825,0.9801188700244196,0.0010722601280370725,-0.02191573920510545,-21.91573920510545,2796.9742748372,-0.7820346561913164
1469,0,21.890380811993964,1787085115.054736,0.013185791904106736,1674.3518636067706,2794.0453181809107,1674.3518636067706,False,1673.8857855902777,2800.045315892092,1673.8857855902777,False,0.9771297556404311,0.9768577586317593,-0.0002719970086718648,0.0182314149103995,18.2314149103995,2797.014421991316,0.6505643345132565
1470,0,21.90336906199809,1787085115.067477,0.012701791943982244,1673.700124782986,2794.0453181809107,1673.700124782986,False,1672.8982883029516,2800.045315892092,1672.8982883029516,False,0.9767494094232064,0.9762814681852686,-0.00046794123793780784,0.024083422651747986,24.083422651747984,2797.020273999057,0.8593856213155862
1471,0,21.916570728993975,1787085115.081154,0.013628707965835929,1673.1899603949653,2794.0453181809107,1673.1899603949653,False,1669.7533827039933,2800.045315892092,1669.7533827039933,False,0.9764516841871683,0.9744461425848284,-0.0020055416023398998,0.07000490382672454,70.00490382672454,2797.066195480232,2.4980339646989917
1472,0,21.9299708744511,1787085115.094261,0.01306116720661521,1678.18762749566,2794.0453181809107,1678.18762749566,False,1680.9438259548613,2800.045315892092,1680.9438259548613,False,0.9793682570647203,0.9809767382839154,0.0016084812191951015,-0.03793034697532023,-37.930346975320234,2796.95826022943,-1.3534951104524775
1473,0,21.94390931201633,1787085115.109036,0.014730042079463601,1683.4408962673613,2794.0453181809107,1683.4408962673613,False,1681.1740912543403,2800.045315892092,1681.1740912543403,False,0.982433995720243,0.9811111180882461,-0.0013228776319968993,0.04961667981955144,49.616679819551436,2797.0458072562246,1.7705067020964687
1474,0,21.95833154139109,1787085115.123122,0.014026083052158356,1676.7133924696184,2794.0453181809107,1676.7133924696184,False,1681.8932373046875,2800.045315892092,1681.8932373046875,False,0.978507912867026,0.9815308022775252,0.0030228894104992188,-0.08017261007205256,-80.17261007205256,2796.916017966333,-2.860855340852575
1475,0,21.972622478962876,1787085115.1375868,0.014406792121008039,1673.417605251736,2794.0453181809107,1673.417605251736,False,1669.8952745225693,2800.045315892092,1669.8952745225693,False,0.9765845347355531,0.9745289487864555,-0.0020555859490976047,0.07149951229635872,71.49951229635872,2797.0676900887015,2.5513671244775447
1476,0,21.986918249865994,1787085115.151725,0.014091250021010637,1680.585080295139,2794.0453181809107,1680.585080295139,False,1678.3441487630212,2800.045315892092,1678.3441487630212,False,0.9807673790288862,0.9794596008205062,-0.0013077782083800171,0.04916572525851679,49.165725258516794,2797.045356301664,1.7544149749684839
1477,0,22.001299124443904,1787085115.166355,0.01458066701889038,1675.2811469184028,2794.0453181809107,1675.2811469184028,False,1672.676708984375,2800.045315892092,1672.676708984375,False,0.9776720731753248,0.9761521574053055,-0.0015199157700193089,0.05550135789028473,55.50135789028473,2797.0516919342954,1.9804937871212078
1478,0,22.01580789545551,1787085115.180722,0.014298290945589542,1674.4847276475696,2794.0453181809107,1674.4847276475696,False,1671.1837348090278,2800.045315892092,1671.1837348090278,False,0.9772072933495239,0.9752808772862079,-0.0019264160633160055,0.06764176576115927,67.64176576115926,2797.0638323421663,2.4137084556508444
1479,0,22.03016129147727,1787085115.1950772,0.014305582968518138,1673.1805121527777,2794.0453181809107,1673.1805121527777,False,1673.0645724826386,2800.045315892092,1673.0645724826386,False,0.9764461703171267,0.976378509448456,-6.766086867071586e-05,0.012128777044494107,12.128777044494107,2797.0083193534497,0.43279963761397755
1480,0,22.044396249460988,1787085115.209182,0.014059167122468352,1670.5405815972222,2794.0453181809107,1670.5405815972222,False,1669.1585964626734,2800.045315892092,1669.1585964626734,False,0.9749055415193655,0.97409903314668,-0.0008065083726854771,0.034194960516026926,34.194960516026924,2797.030385536921,1.2202027018279662
1481,0,22.058536874479614,1787085115.22337,0.01414933311752975,1675.7770019531247,2794.0453181809107,1675.7770019531247,False,1674.2963704427082,2800.045315892092,1674.2963704427082,False,0.9779614476607255,0.9770973705587654,-0.0008640771019600146,0.03591428978964868,35.914289789648684,2797.032104866195,1.281554731289205
1482,0,22.072720499476418,1787085115.237545,0.014135832898318768,1681.6917588975696,2794.0453181809107,1681.6917588975696,False,1672.230384657118,2800.045315892092,1672.230384657118,False,0.9814132221254717,0.9758916883902148,-0.005521533735256878,0.17501240140617363,175.01240140617364,2797.1712029778114,6.245089973100686
1483,0,22.086701020481996,1787085115.251334,0.013753709150478244,1678.5735107421874,2794.0453181809107,1678.5735107421874,False,1677.4423665364586,2800.045315892092,1677.4423665364586,False,0.9795934534589673,0.9789333325576431,-0.0006601209013241682,0.02982299907142568,29.82299907142568,2797.0260135754766,1.0641949426001172
1484,0,22.10066283296328,1787085115.265471,0.014099916210398078,1676.188886176215,2794.0453181809107,1676.188886176215,False,1675.836447482639,2800.045315892092,1675.836447482639,False,0.9782018178833819,0.9779961392909561,-0.00020567859242581754,0.01625077028146735,16.25077028146735,2797.012441346687,0.5798876063897855
1485,0,22.115073041408323,1787085115.2801569,0.014640582958236337,1671.150398763021,2794.0453181809107,1671.150398763021,False,1673.292466905382,2800.045315892092,1673.292466905382,False,0.9752614228076144,0.9765115056402643,0.0012500828326499347,-0.027226535281521795,-27.226535281521794,2796.968964041124,-0.9715435084756564
1486,0,22.13014918693807,1787085115.295617,0.015407041879370809,1678.6972954644098,2794.0453181809107,1678.6972954644098,False,1674.7511664496524,2800.045315892092,1674.7511664496524,False,0.9796656925969921,0.9773627835348494,-0.0023029090621426995,0.07888598536360031,78.88598536360031,2797.075076561769,2.814943811147599
1487,0,22.14506777038332,1787085115.309994,0.014321374939754605,1676.7810438368056,2794.0453181809107,1676.7810438368056,False,1679.3659288194442,2800.045315892092,1679.3659288194442,False,0.9785473933163421,0.9800558982407511,0.0015085049244090154,-0.034944486900587206,-34.94448690058721,2796.9612460895046,-1.2469485762413361
1488,0,22.159237312385812,1787085115.323968,0.01390812499448657,1675.410777452257,2794.0453181809107,1675.410777452257,False,1679.0270290798612,2800.045315892092,1679.0270290798612,False,0.9777477238522355,0.9798581208040468,0.0021103969518112553,-0.05292040186888807,-52.92040186888807,2796.9432701745363,-1.8883957275509589
1489,0,22.17366787500214,1787085115.3388312,0.014802749967202544,1682.1114067925348,2794.0453181809107,1682.1114067925348,False,1677.4424289279511,2800.045315892092,1677.4424289279511,False,0.9816581231250615,0.9789333689684987,-0.002724754156562814,0.0914846761617144,91.4846761617144,2797.087675252567,3.2645117100240655
1490,0,22.188336374936625,1787085115.353316,0.014435499906539917,1681.6037706163193,2794.0453181809107,1681.6037706163193,False,1677.207701280382,2800.045315892092,1677.207701280382,False,0.9813618733202258,0.9787963849964337,-0.002565488323792109,0.086728093690273,86.728093690273,2797.0829186700958,3.094779249581537
1491,0,22.202857687487267,1787085115.367878,0.014513625064864755,1683.963875325521,2794.0453181809107,1683.963875325521,False,1679.0980577256946,2800.045315892092,1679.0980577256946,False,0.9827391994294586,0.9798995721888215,-0.0028396272406371326,0.0949154389853702,94.9154389853702,2797.091106015391,3.3869340203172356
1492,0,22.217596853966825,1787085115.382784,0.014852958032861352,1671.3260498046875,2794.0453181809107,1671.3260498046875,False,1670.843310546875,2800.045315892092,1670.843310546875,False,0.9753639304484228,0.9750822101581559,-0.00028172029026696244,0.01852180733164603,18.52180733164603,2797.014712383737,0.6609266104641033
1493,0,22.234112999984063,1787085115.400921,0.018087249947711825,1679.9774224175344,2794.0453181809107,1679.9774224175344,False,1675.8953450520835,2800.045315892092,1675.8953450520835,False,0.980412757872866,0.9780305111388873,-0.002382246733978688,0.08125545891994897,81.25545891994896,2797.0774460353255,2.8994953939462236
1494,0,22.250763749470934,1787085115.4160829,0.015111582819372416,1677.9516547309026,2794.0453181809107,1677.9516547309026,False,1679.078062608507,2800.045315892092,1679.078062608507,False,0.9792305464586183,0.9798879033010589,0.0006573568424406151,-0.0095243702512079,-9.5243702512079,2796.986666206154,-0.3398647677422174
1495,0,22.265974708017893,1787085115.4313369,0.015203166054561734,1668.2120062934027,2794.0453181809107,1668.2120062934027,False,1672.2554606119788,2800.045315892092,1672.2554606119788,False,0.9735466155569873,0.9759063223881086,0.0023597068311213,-0.06036621106256877,-60.36621106256877,2796.935824365343,-2.1540897467373954
1496,0,22.282392936875112,1787085115.449038,0.017539208056405187,1678.3818793402777,2794.0453181809107,1678.3818793402777,False,1677.0922526041663,2800.045315892092,1677.0922526041663,False,0.9794816198898167,0.9787290106653677,-0.0007526092244490856,0.032585225777152046,32.58522577715205,2797.0287758021823,1.16276141083186
1497,0,22.300127791473642,1787085115.4666939,0.017520083114504814,1682.416455078125,2794.0453181809107,1682.416455078125,False,1683.209356011285,2800.045315892092,1683.209356011285,False,0.9818361452978414,0.9822988718679883,0.00046272657014689855,-0.0037116047289442755,-3.7116047289442755,2796.9924789716765,-0.1324437885007235
1498,0,22.31777920795139,1787085115.48436,0.017528000054880977,1680.7480929904516,2794.0453181809107,1680.7480929904516,False,1677.2195149739582,2800.045315892092,1677.2195149739582,False,0.9808625110967623,0.9788032793128365,-0.0020592317839257523,0.07160839763438538,71.60839763438538,2797.0677989740398,2.5552525561798953
1499,0,22.33645981247537,1787085115.504012,0.019556874874979258,1680.731955295139,2794.0453181809107,1680.731955295139,False,1679.4250217013887,2800.045315892092,1679.4250217013887,False,0.9808530933497401,0.9800903840704919,-0.0007627092792482637,0.03288687078652159,32.88687078652159,2797.029077447192,1.1735252207579785
1500,0,22.354244541027583,1787085115.5199518,0.01587174995802343,1676.8080132378473,2794.0453181809107,1676.8080132378473,False,1674.263330078125,2800.045315892092,1674.263330078125,False,0.9785631323045574,0.977078088635967,-0.001485043668590369,0.05445987885166364,54.45987885166364,2797.050650455257,1.9433299618778062
1501,0,22.369489145465195,1787085115.534496,0.014493208844214678,1672.03232421875,2794.0453181809107,1672.03232421875,False,1675.1425130208331,2800.045315892092,1675.1425130208331,False,0.97577610291983,0.9775911682536055,0.0018150653337755118,-0.04410012213171626,-44.10012213171626,2796.9520904542737,-1.573655514263355
1502,0,22.38459408294875,1787085115.5502021,0.015623499872162938,1673.6715494791665,2794.0453181809107,1673.6715494791665,False,1666.577596028646,2800.045315892092,1666.577596028646,False,0.9767327332512228,0.9725927951938184,-0.004139938057404424,0.13375010635163162,133.75010635163162,2797.129940682757,4.7726986280199695
1503,0,22.401199624990113,1787085115.567738,0.017383999889716506,1677.675453016493,2794.0453181809107,1677.675453016493,False,1680.5179524739583,2800.045315892092,1680.5179524739583,False,0.979069358765891,0.980728204114143,0.0016588453482520027,-0.0394345059609224,-39.4345059609224,2796.9567560704445,-1.4071690679746789
1504,0,22.418106041383,1787085115.5838919,0.016041832976043224,1676.3706325954863,2794.0453181809107,1676.3706325954863,False,1675.4736518012153,2800.045315892092,1675.4736518012153,False,0.9783078827065002,0.9777844164964574,-0.0005234662100427334,0.025741713726782262,25.74171372678226,2797.021932290132,0.9185595820290559
1505,0,22.433596645481884,1787085115.5988228,0.01482895901426673,1674.497073025174,2794.0453181809107,1674.497073025174,False,1674.0430338541669,2800.045315892092,1674.0430338541669,False,0.977214497949742,0.9769495266531703,-0.0002649712965717699,0.018021587237738425,18.021587237738427,2797.014212163643,0.6430769068562099
1506,0,22.447924082982354,1787085115.61248,0.013573750155046582,1673.3908257378473,2794.0453181809107,1673.3908257378473,False,1676.3905110677085,2800.045315892092,1676.3905110677085,False,0.9765689065629861,0.9783194835217931,0.001750576958806982,-0.04217413293082677,-42.17413293082677,2796.9540164434743,-1.5049290940203672
1507,0,22.461692624376155,1787085115.626375,0.01384083298034966,1677.1420844184026,2794.0453181809107,1677.1420844184026,False,1676.3095269097223,2800.045315892092,1676.3095269097223,False,0.9787580918576345,0.9782722222308877,-0.00048586962674679324,0.02461886618327292,24.61886618327292,2797.0208094425884,0.8784922274933243
1508,0,22.47653362445999,1787085115.642171,0.015738082816824317,1684.4462076822917,2794.0453181809107,1684.4462076822917,False,1684.691482204861,2800.045315892092,1684.691482204861,False,0.9830206822576221,0.983163821247408,0.000143138989785907,0.005833095828544494,5.8330958285444945,2797.002023672234,0.2081464397853445
1509,0,22.49149575002957,1787085115.65629,0.014062749920412898,1673.2814371744794,2794.0453181809107,1673.2814371744794,False,1675.8906060112847,2800.045315892092,1675.8906060112847,False,0.9765050688341808,0.9780277454969226,0.001522676662741862,-0.0353677355093514,-35.3677355093514,2796.960822840896,-1.262051652488988
1510,0,22.505315395537764,1787085115.6698182,0.013468625023961067,1679.205126953125,2794.0453181809107,1679.205126953125,False,1681.0350477430559,2800.045315892092,1681.0350477430559,False,0.9799620563836372,0.9810299741213431,0.0010679177377058702,-0.02178605076299439,-21.786050762994392,2796.9744045256425,-0.7774068927702823
1511,0,22.518639957997948,1787085115.682966,0.013057500123977661,1673.0748074001738,2794.0453181809107,1673.0748074001738,False,1672.214173719618,2800.045315892092,1672.214173719618,False,0.9763844824118978,0.9758822279000141,-0.0005022545118836819,0.025108211927321548,25.10821192732155,2797.021298788333,0.8959538940665697
1512,0,22.53218660352286,1787085115.696888,0.013812625082209706,1679.3556179470488,2794.0453181809107,1679.3556179470488,False,1678.484320746528,2800.045315892092,1678.484320746528,False,0.9800498809510505,0.9795414033489764,-0.0005084776020740644,0.025294068750488317,25.294068750488318,2797.021484645156,0.9025859531290436
1513,0,22.54637964547146,1787085115.711319,0.014356291154399514,1676.724240451389,2794.0453181809107,1676.724240451389,False,1677.2452256944441,2800.045315892092,1677.2452256944441,False,0.9785142436067034,0.9788182837516117,0.0003040401449083685,0.001027673342278825,1.0276733422788251,2796.9972182497477,0.03667118692116846
1514,0,22.560132061946206,1787085115.7244081,0.013047457905486226,1674.7991238064235,2794.0453181809107,1674.7991238064235,False,1674.7428927951391,2800.045315892092,1674.7428927951391,False,0.9773907708183598,0.9773579551387467,-3.2815679613107385e-05,0.011088101762155907,11.088101762155908,2797.0072786781675,0.3956644933683952
1515,0,22.573034624918364,1787085115.7371352,0.01268625003285706,1684.8468939887148,2794.0453181809107,1684.8468939887148,False,1683.0143039279512,2800.045315892092,1683.0143039279512,False,0.9832545175231918,0.9821850420340879,-0.001069475489103966,0.042048652389302,42.048652389302,2797.0382392287947,1.5004514840601626
1516,0,22.58577229094226,1787085115.749883,0.012702250154688954,1678.6356960720489,2794.0453181809107,1678.6356960720489,False,1678.0755560980901,2800.045315892092,1678.0755560980901,False,0.9796297440006944,0.9793028536691127,-0.0003268903315816196,0.019870841352401185,19.870841352401186,2797.0160614177576,0.709065135326905
1517,0,22.599317249958403,1787085115.764241,0.01428549992851913,1677.8343098958333,2794.0453181809107,1677.8343098958333,False,1673.1449327256946,2800.045315892092,1673.1449327256946,False,0.9791620655541506,0.9764254066308029,-0.0027366589233477345,0.0918402201225919,91.8402201225919,2797.088030796528,3.2771988339491824
1518,0,22.61449249938596,1787085115.780139,0.015784166986122727,1675.6076199001734,2794.0453181809107,1675.6076199001734,False,1675.0164957682293,2800.045315892092,1675.0164957682293,False,0.9778625985193905,0.9775176262401735,-0.0003449722792170373,0.020410871022769814,20.410871022769815,2797.016601447428,0.7283353919058597
1519,0,22.629779041395523,1787085115.794911,0.014714332995936275,1674.7551784939235,2794.0453181809107,1674.7551784939235,False,1678.2767550998265,2800.045315892092,1678.2767550998265,False,0.9773651249111894,0.9794202707638554,0.002055145852665974,-0.051270290196156115,-51.27029019615612,2796.9449202862093,-1.8295136381728558
1520,0,22.644256665953435,1787085115.809071,0.014088750118389726,1672.993004014757,2794.0453181809107,1672.993004014757,False,1670.5405354817708,2800.045315892092,1670.5405354817708,False,0.9763367430306241,0.9749055146069937,-0.0014312284236304151,0.052852649941233294,52.852649941233295,2797.0490432263464,1.8859780881113792
1521,0,22.659055270487443,1787085115.824509,0.015373290982097387,1672.2588161892359,2794.0453181809107,1672.2588161892359,False,1677.6171115451386,2800.045315892092,1677.6171115451386,False,0.9759082806589215,0.9790353114495011,0.0031270307905795214,-0.08328286325331617,-83.28286325331617,2796.912907713152,-2.97184068132016
1522,0,22.67649437498767,1787085115.843957,0.01937400014139712,1673.3158555772566,2794.0453181809107,1673.3158555772566,False,1678.487934027778,2800.045315892092,1678.487934027778,False,0.9765251549619692,0.9795435120124548,0.0030183570504855872,-0.08003724805610693,-80.03724805610693,2796.916153328349,-2.8560251233266816
1523,0,22.695470958016813,1787085115.862466,0.01842124992981553,1674.9412055121527,2794.0453181809107,1674.9412055121527,False,1677.119384765625,2800.045315892092,1677.119384765625,False,0.9774736878356354,0.9787448446384246,0.0012711568027892195,-0.02785592373995228,-27.85592373995228,2796.9683346526654,-0.9940024172121139
1524,0,22.71159593691118,1787085115.876215,0.013645708095282316,1677.5509467230902,2794.0453181809107,1677.5509467230902,False,1675.5940728081594,2800.045315892092,1675.5940728081594,False,0.9789966985284028,0.9778546926144269,-0.001142005913975841,0.0442148228829348,44.214822882934804,2797.0404053992884,1.5777484614235942
1525,0,22.725963791483082,1787085115.89117,0.014869583072140813,1674.7798177083332,2794.0453181809107,1674.7798177083332,False,1678.0127875434027,2800.045315892092,1678.0127875434027,False,0.9773795040330924,0.9792662227650377,0.0018867187319453471,-0.046240099626101615,-46.24009962610162,2796.949950476779,-1.6500178285077653
1526,0,22.74036164546851,1787085115.905021,0.013783875154331326,1672.4792073567708,2794.0453181809107,1672.4792073567708,False,1677.7241482204863,2800.045315892092,1677.7241482204863,False,0.9760368980495426,0.9790977766473489,0.003060878597806238,-0.08130718300150833,-81.30718300150832,2796.9148833934037,-2.901341100539121
1527,0,22.754863041453063,1787085115.920177,0.015096667222678661,1675.295125325521,2794.0453181809107,1675.295125325521,False,1673.1072564019098,2800.045315892092,1673.1072564019098,False,0.977680230790118,0.9764034192231059,-0.0012768115670120928,0.048240885442169354,48.24088544216935,2797.0444314618476,1.7214132687043018
1528,0,22.769275853876024,1787085115.9338439,0.013607291970402002,1679.1407606336804,2794.0453181809107,1679.1407606336804,False,1676.5909369574651,2800.045315892092,1676.5909369574651,False,0.9799244930450359,0.9784364494385389,-0.0014880436064970137,0.054549474038615646,54.54947403861565,2797.050740050444,1.946527049622311
1529,0,22.78303847904317,1787085115.947704,0.013799292035400867,1680.6437771267363,2794.0453181809107,1680.6437771267363,False,1678.023912217882,2800.045315892092,1678.023912217882,False,0.9808016337288463,0.9792727149789455,-0.0015289187499007983,0.05577023801071009,55.770238010710095,2797.051960814416,1.9900884245899975
1530,0,22.7975413328968,1787085115.962841,0.015083333943039179,1671.73740234375,2794.0453181809107,1671.73740234375,False,1669.9682156032989,2800.045315892092,1669.9682156032989,False,0.9756039903872641,0.9745715162431166,-0.0010324741441475327,0.04094358204384433,40.94358204384433,2797.037134158449,1.4610184857209652
1531,0,22.812378061935306,1787085115.9774132,0.01449129218235612,1678.51953125,2794.0453181809107,1678.51953125,False,1678.6056966145832,2800.045315892092,1678.6056966145832,False,0.9795619517363263,0.9796122367113486,5.028497502224116e-05,0.00860624416390455,8.60624416390455,2797.004796820569,0.3071026321690176
1532,0,22.826970082940534,1787085115.9920158,0.014494583941996098,1670.296031358507,2794.0453181809107,1670.296031358507,False,1671.1240478515624,2800.045315892092,1671.1240478515624,False,0.9747628252121235,0.9752460447617961,0.0004832195496725644,-0.0043236415073519,-4.3236415073518994,2796.991866934898,-0.15428352509819795
1533,0,22.842948124511167,1787085116.0093398,0.017229916993528605,1681.7259765625,2794.0453181809107,1681.7259765625,False,1680.6277804904512,2800.045315892092,1680.6277804904512,False,0.9814331911052893,0.9807922983020199,-0.0006408928032693995,0.029248738838861272,29.24873883886127,2797.025439315244,1.0437032129196857
1534,0,22.859629520447925,1787085116.025378,0.01596904080361128,1672.6865695529516,2794.0453181809107,1672.6865695529516,False,1675.276500108507,2800.045315892092,1675.276500108507,False,0.976157911903612,0.9776693613581037,0.0015114494544916646,-0.03503242729517218,-35.032427295172184,2796.96115814911,-1.2500866148719734
1535,0,22.874847124447115,1787085116.039787,0.01434583286754787,1677.2873697916664,2794.0453181809107,1677.2873697916664,False,1674.9866617838543,2800.045315892092,1674.9866617838543,False,0.9788428784932044,0.97750021551875,-0.0013426629744544005,0.05020758253539198,50.20758253539198,2797.0463981589405,1.7915922971521545
1536,0,22.888713957974687,1787085116.053102,0.013255083933472633,1679.3766520182294,2794.0453181809107,1679.3766520182294,False,1674.1434217664932,2800.045315892092,1674.1434217664932,False,0.9800621561587171,0.9770081117202477,-0.00305404443846935,0.10131915450326566,101.31915450326566,2797.0975097309088,3.615442281732289
1537,0,22.901824707980268,1787085116.0660129,0.01285641617141664,1677.9713406032984,2794.0453181809107,1677.9713406032984,False,1676.4021430121531,2800.045315892092,1676.4021430121531,False,0.9792420348751822,0.9783262717717899,-0.0009157631033923641,0.03745792739323913,37.45792739323913,2797.0336485037988,1.3366374319597178
1538,0,22.91512622893788,1787085116.079703,0.013639541808515787,1671.0370144314234,2794.0453181809107,1671.0370144314234,False,1671.0115234375003,2800.045315892092,1671.0115234375003,False,0.975195253200953,0.9751803769917139,-1.4876209239123028e-05,0.010552327272151597,10.552327272151597,2797.0067429036776,0.37654607736767043
1539,0,22.928859436884522,1787085116.0934882,0.013720958027988672,1679.8031901041663,2794.0453181809107,1679.8031901041663,False,1679.5888509114586,2800.045315892092,1679.5888509114586,False,0.980311078183258,0.9801859926456558,-0.00012508553760226526,0.013843803857943671,13.843803857943671,2797.0100343802633,0.49399813937852094
1540,0,22.942532520508394,1787085116.10704,0.013489291071891785,1674.5011474609375,2794.0453181809107,1674.5011474609375,False,1672.9183430989585,2800.045315892092,1672.9183430989585,False,0.9772168757369376,0.9762931719008063,-0.0009237038361312733,0.03769508277992319,37.69508277992319,2797.033885659185,1.3451000135570652
1541,0,22.956316145369783,1787085116.121058,0.01395262498408556,1670.196774631076,2794.0453181809107,1670.196774631076,False,1671.4379638671876,2800.045315892092,1671.4379638671876,False,0.9747049002896934,0.9754292420253502,0.0007243417356568305,-0.01152491966837222,-11.52491966837222,2796.984665656737,-0.4112517723512782
1542,0,22.970316520542838,1787085116.135037,0.01392754097469151,1676.4776340060766,2794.0453181809107,1676.4776340060766,False,1677.6238498263888,2800.045315892092,1677.6238498263888,False,0.9783703273242987,0.979039243821934,0.0006689164976352302,-0.009869607219602583,-9.869607219602583,2796.9863209691857,-0.3521841000429126
1543,0,22.98442489549052,1787085116.1492732,0.014187541091814637,1674.3167860243054,2794.0453181809107,1674.3167860243054,False,1672.0576009114586,2800.045315892092,1672.0576009114586,False,0.9771092848240348,0.9757908540656952,-0.0013184307583395949,0.04948387091180849,49.48387091180849,2797.045674447317,1.7657675889169457
1544,0,22.998659166391008,1787085116.163511,0.014186416985467076,1673.8028781467012,2794.0453181809107,1673.8028781467012,False,1673.0603488498266,2800.045315892092,1673.0603488498266,False,0.9768093749366451,0.9763760445918226,-0.0004333303448225134,0.023049744777158536,23.049744777158537,2797.0192403211827,0.8225001704666905
1545,0,23.013367207953706,1787085116.178695,0.015124250203371048,1670.3343315972222,2794.0453181809107,1670.3343315972222,False,1676.855406358507,2800.045315892092,1676.855406358507,False,0.9747851767283789,0.9785907903072842,0.003805613578905298,-0.1035491999824198,-103.54919998241981,2796.892641376423,-3.69501855489651
1546,0,23.028175791027024,1787085116.193117,0.014364500064402819,1678.1294352213547,2794.0453181809107,1678.1294352213547,False,1682.9041965060765,2800.045315892092,1682.9041965060765,False,0.9793342968177685,0.9821207847888999,0.002786487971131346,-0.07311232022106093,-73.11232022106093,2796.9230782561845,-2.608918078113793
1547,0,23.042422311962582,1787085116.207186,0.014019542140886188,1678.7838270399304,2794.0453181809107,1678.7838270399304,False,1681.47890625,2800.045315892092,1681.47890625,False,0.9797161912879073,0.9812890041160868,0.0015728128281794485,-0.03686508620634016,-36.86508620634016,2796.959325490199,-1.315482665084933
1548,0,23.05667979142163,1787085116.221638,0.01440491690300405,1674.5343370225696,2794.0453181809107,1674.5343370225696,False,1672.8883463541667,2800.045315892092,1672.8883463541667,False,0.9772362447291741,0.9762756661945414,-0.0009605785346327167,0.03879637074282339,38.79637074282339,2797.034986947148,1.3843980424929843
1549,0,23.0712139159441,1787085116.236255,0.014566000085324049,1677.469783528646,2794.0453181809107,1677.469783528646,False,1673.6794569227434,2800.045315892092,1673.6794569227434,False,0.9789493327541722,0.9767373479314331,-0.0022119848227390992,0.07617047108252434,76.17047108252434,2797.072361047488,2.7180442150486845
1550,0,23.085392187000252,1787085116.249989,0.013678542105481029,1671.5916097005206,2794.0453181809107,1671.5916097005206,False,1672.44423828125,2800.045315892092,1672.44423828125,False,0.9755189077156051,0.976016490556374,0.0004975828407688399,-0.004752610969741957,-4.752610969741957,2796.9914379654356,-0.16959074256858253
1551,0,23.09925806184765,1787085116.2639859,0.013952207984402776,1679.3073323567708,2794.0453181809107,1679.3073323567708,False,1679.8260633680554,2800.045315892092,1679.8260633680554,False,0.9800217021147767,0.9803244267196323,0.0003027246048555865,0.001066962841141716,1.066962841141716,2796.997257539246,0.038073181599404655
1552,0,23.114307145471685,1787085116.2801201,0.01606404106132686,1672.3544325086805,2794.0453181809107,1672.3544325086805,False,1672.3548638237849,2800.045315892092,1672.3548638237849,False,0.9759640810870663,0.9759643327968961,2.5170982975719625e-07,0.010100521675052711,10.100521675052711,2797.0062910980805,0.3604239821243474
1553,0,23.13026279141195,1787085116.295895,0.015650833025574684,1672.8706298828124,2794.0453181809107,1672.8706298828124,False,1672.9884575737847,2800.045315892092,1672.9884575737847,False,0.9762653270945579,0.9763340897873884,6.876269283051517e-05,0.008054394548013532,8.054394548013532,2797.004244970953,0.2874105962037372
1554,0,23.146092103910632,1787085116.3117719,0.015747457975521684,1675.3238796657984,2794.0453181809107,1675.3238796657984,False,1675.8923556857637,2800.045315892092,1675.8923556857637,False,0.9776970114454269,0.9780287665839672,0.000331755138540335,0.00019994619821701314,0.19994619821701315,2796.9963905226036,0.007134820090530015
1555,0,23.162588749430142,1787085116.328852,0.016985417110845447,1674.5801730685766,2794.0453181809107,1674.5801730685766,False,1671.8310736762148,2800.045315892092,1671.8310736762148,False,0.9772629940435852,0.9756586557465541,-0.0016043382970311049,0.05802269410655421,58.02269410655421,2797.054213270512,2.0704643914699616
1556,0,23.178317832993343,1787085116.3432372,0.014325750060379505,1678.2039089626735,2794.0453181809107,1678.2039089626735,False,1679.8091281467011,2800.045315892092,1679.8091281467011,False,0.9793777587150185,0.9803145435468875,0.0009367848318689864,-0.017869677298066093,-17.869677298066094,2796.978320899107,-0.6376561981896265
1557,0,23.1925502079539,1787085116.357326,0.014033166225999594,1678.6388888888887,2794.0453181809107,1678.6388888888887,False,1677.3280002170136,2800.045315892092,1677.3280002170136,False,0.9796316072866657,0.9788665898757721,-0.0007650174108935204,0.03295580470872331,32.955804708723306,2797.029146381114,1.1759850381360015
1558,0,23.20657404139638,1787085116.371261,0.013861583080142736,1677.029106987847,2794.0453181809107,1677.029106987847,False,1673.834225802951,2800.045315892092,1673.834225802951,False,0.9786921597130768,0.9768276690170933,-0.0018644906959834895,0.06579232252737112,65.79232252737111,2797.0619828989325,2.347713478710074
1559,0,23.221155707957223,1787085116.386513,0.01519858418032527,1679.206613498264,2794.0453181809107,1679.206613498264,False,1678.0086561414932,2800.045315892092,1678.0086561414932,False,0.9799629239118551,0.9792638117331477,-0.0006991121787074395,0.030987500102901726,30.987500102901727,2797.0271780765083,1.1057486476913263
1560,0,23.23620324942749,1787085116.401349,0.014782833168283105,1672.001633029514,2794.0453181809107,1672.001633029514,False,1671.132996961806,2800.045315892092,1671.132996961806,False,0.9757581919449088,0.9752512673449911,-0.0005069245999176353,0.02524768728431398,25.24768728431398,2797.0214382636896,0.900930890819083
1561,0,23.251873541390523,1787085116.417857,0.01646291697397828,1679.0959418402776,2794.0453181809107,1679.0959418402776,False,1679.1911187065969,2800.045315892092,1679.1911187065969,False,0.9798983373858835,0.9799538813549562,5.5543969072702204e-05,0.008449180727995786,8.449180727995786,2797.004639757133,0.30149802769040057
1562,0,23.267933270544745,1787085116.4334679,0.015564874978736043,1669.171031358507,2794.0453181809107,1669.171031358507,False,1667.8086751302083,2800.045315892092,1667.8086751302083,False,0.974106289988561,0.973311236787745,-0.000795053200815965,0.03385284401323429,33.85284401323429,2797.0300434204187,1.207994719284695
1563,0,23.28346814541146,1787085116.448971,0.01541137509047985,1676.6760606553817,2794.0453181809107,1676.6760606553817,False,1673.6385172526038,2800.045315892092,1673.6385172526038,False,0.9784861265105763,0.9767134560776664,-0.0017726704329099618,0.06305004788967485,63.05004788967484,2797.059240624295,2.249858974082031
1564,0,23.29993256239686,1787085116.466387,0.017284374916926026,1676.7301567925347,2794.0453181809107,1676.7301567925347,False,1674.4099582248266,2800.045315892092,1674.4099582248266,False,0.9785176963056871,0.9771636588964784,-0.001354037409208697,0.050547287769299454,50.54728776929945,2797.0467378641747,1.8037142367006656
1565,0,23.318439707974903,1787085116.485971,0.019450249848887324,1678.383544921875,2794.0453181809107,1678.383544921875,False,1679.2972764756946,2800.045315892092,1679.2972764756946,False,0.9794825919013601,0.9800158336346607,0.0005332417333006045,-0.005817588060037264,-5.817588060037264,2796.9903729883454,-0.20759306523113272
1566,0,23.336470270412974,1787085116.502414,0.016343958908692002,1675.4963840060761,2794.0453181809107,1675.4963840060761,False,1670.4463948567707,2800.045315892092,1670.4463948567707,False,0.9777976827126356,0.9748505753747442,-0.002947107337891386,0.0981254052269333,98.12540522693331,2797.094315981632,3.501477491683318
1567,0,23.35210608295165,1787085116.5172422,0.014762000180780888,1673.141235351562,2794.0453181809107,1673.141235351562,False,1670.9368489583335,2800.045315892092,1670.9368489583335,False,0.9764232488918226,0.9751367979464923,-0.0012864509453303086,0.04852877203495808,48.52877203495808,2797.04471934844,1.7316861274249957
1568,0,23.36717731237877,1787085116.5325718,0.015278124948963523,1672.6422770182294,2794.0453181809107,1672.6422770182294,False,1668.380780707465,2800.045315892092,1668.380780707465,False,0.9761320633621133,0.9736451100882477,-0.002486953273865611,0.08438259098341203,84.38259098341203,2797.0805731673886,3.011083035377249
1569,0,23.38162610400468,1787085116.5461519,0.013511457946151495,1675.118972439236,2794.0453181809107,1675.118972439236,False,1677.3627658420141,2800.045315892092,1677.3627658420141,False,0.9775774302793817,0.9788868786378895,0.0013094483585077699,-0.028999527107771296,-28.999527107771296,2796.9671910492975,-1.0348104163492469
1570,0,23.3952067499049,1787085116.559704,0.013473500031977892,1676.3535400390624,2794.0453181809107,1676.3535400390624,False,1676.7226671006943,2800.045315892092,1676.7226671006943,False,0.9782979077150753,0.9785133254199032,0.00021541770482791378,0.0036744428202618866,3.6744428202618864,2796.9998650192256,0.1311177141115432
1571,0,23.408454561955296,1787085116.5726569,0.012902791844680905,1678.0943929036462,2794.0453181809107,1678.0943929036462,False,1678.4548990885414,2800.045315892092,1678.4548990885414,False,0.9793138465814211,0.9795242332558174,0.00021038667439632341,0.0038246979675704983,3.8246979675704984,2797.000015274373,0.1364793736643769
1572,0,23.42173468694091,1787085116.586269,0.01356804184615612,1679.4372639973958,2794.0453181809107,1679.4372639973958,False,1676.1066162109375,2800.045315892092,1676.1066162109375,False,0.9800975285136438,0.97815380621223,-0.0019437223014138194,0.06815862833833969,68.15862833833968,2797.064349204744,2.432152024633874
1573,0,23.43535656190943,1787085116.5999029,0.0135902080219239,1683.009019639757,2794.0453181809107,1683.009019639757,False,1676.2172688802082,2800.045315892092,1676.2172688802082,False,0.9821819581929048,0.9782183816566365,-0.003963576536268221,0.12848294951403832,128.48294951403832,2797.124673525919,4.584746985228316
1574,0,23.449550958001055,1787085116.614657,0.014711084077134728,1675.4651123046874,2794.0453181809107,1675.4651123046874,False,1678.7284233940973,2800.045315892092,1678.7284233940973,False,0.9777794329584467,0.9796838584479044,0.001904425489457684,-0.04676892398813852,-46.76892398813852,2796.949421652417,-1.668888238229322
1575,0,23.46373018703889,1787085116.6282601,0.013559791957959533,1682.0860921223962,2794.0453181809107,1682.0860921223962,False,1684.523678927951,2800.045315892092,1684.523678927951,False,0.9816433498160669,0.9830658934590342,0.0014225436429672333,-0.032377194736188775,-32.37719473618878,2796.9638133816693,-1.1553380936407642
1576,0,23.47806720796507,1787085116.643348,0.015029249945655465,1680.7035237630212,2794.0453181809107,1680.7035237630212,False,1680.0713053385418,2800.045315892092,1680.0713053385418,False,0.9808365010810334,0.9804675467124503,-0.0003689543685830854,0.02112711244079772,21.12711244079772,2797.017317688846,0.7538935355694305
1577,0,23.492472895537503,1787085116.6570518,0.0136464589741081,1668.12900390625,2794.0453181809107,1668.12900390625,False,1670.1987982855903,2800.045315892092,1670.1987982855903,False,0.9734981764540491,0.9747060812678879,0.0012079048138388115,-0.02596686004881855,-25.96686004881855,2796.9702237163565,-0.9265936357700025
1578,0,23.50601612497121,1787085116.67046,0.013335499912500381,1676.9194037543402,2794.0453181809107,1676.9194037543402,False,1674.3014268663196,2800.045315892092,1674.3014268663196,False,0.9786281383469115,0.9771003214211709,-0.001527816925740666,0.0557373312824086,55.7373312824086,2797.0519279076875,1.9889141907796388
1579,0,23.52032943686936,1787085116.685687,0.015110458014532924,1670.2357394748262,2794.0453181809107,1670.2357394748262,False,1669.7549479166664,2800.045315892092,1669.7549479166664,False,0.9747276396607178,0.9744470560223859,-0.0002805836383319438,0.018487860448148277,18.48786044814828,2797.0146784368535,0.6597152600680943
1580,0,23.53494660393335,1787085116.699645,0.01386795798316598,1677.3613444010418,2794.0453181809107,1677.3613444010418,False,1679.1361952039929,2800.045315892092,1679.1361952039929,False,0.9788860491036081,0.9799218287202354,0.0010357796166272637,-0.020826223907929722,-20.826223907929723,2796.9753643524973,-0.7431567195236127
1581,0,23.54871737502981,1787085116.713266,0.013534249970689416,1677.3893120659723,2794.0453181809107,1677.3893120659723,False,1680.4293619791667,2800.045315892092,1680.4293619791667,False,0.9789023706655171,0.9806765038649843,0.001774133199467176,-0.042877656087476755,-42.87765608747676,2796.953312920318,-1.5300334030644003
1582,0,23.562350624473765,1787085116.7268732,0.013536083046346903,1677.9478461371527,2794.0453181809107,1677.9478461371527,False,1676.4722547743054,2800.045315892092,1676.4722547743054,False,0.9792283238133302,0.9783671880752912,-0.0008611357380390317,0.03582644395463634,35.82644395463634,2797.03201702036,1.2784200668939603
1583,0,23.576170395477675,1787085116.740931,0.013996790861710906,1680.1349093967015,2794.0453181809107,1680.1349093967015,False,1681.0594753689234,2800.045315892092,1681.0594753689234,False,0.9805046652053777,0.9810442297629519,0.0005395645575742014,-0.006006423509465354,-6.006423509465354,2796.990184152896,-0.2143314126985924
1584,0,23.590293832938187,1787085116.7551072,0.014116749865934253,1681.0891248914934,2794.0453181809107,1681.0891248914934,False,1674.3594265407985,2800.045315892092,1674.3594265407985,False,0.9810615328348888,0.9771341692693936,-0.003927363565495279,0.12740142450003622,127.40142450003621,2797.1235920009053,4.546154171425786
1585,0,23.60417541640345,1787085116.768695,0.01354141696356237,1682.0433430989585,2794.0453181809107,1682.0433430989585,False,1675.912779405382,2800.045315892092,1675.912779405382,False,0.9816184020474805,0.9780406855984789,-0.0035777164490016222,0.11695897544130963,116.95897544130963,2797.1131495518466,4.173528955228006
1586,0,23.61804902041331,1787085116.7829351,0.01412245910614729,1674.6385552300349,2794.0453181809107,1674.6385552300349,False,1675.3256998697914,2800.045315892092,1675.3256998697914,False,0.9772970651061852,0.9776980736925696,0.000401008586384366,-0.0018683551465921394,-1.8683551465921393,2796.9943222212587,-0.06666982395775548
1587,0,23.633496874477714,1787085116.799464,0.016408666968345642,1683.7371609157988,2794.0453181809107,1683.7371609157988,False,1680.4074896918403,2800.045315892092,1680.4074896918403,False,0.9826068918777503,0.9806637394853845,-0.0019431523923657545,0.06814160761681277,68.14160761681278,2797.064332184022,2.431544662318469
1588,0,23.648506916011684,1787085116.813001,0.01347475009970367,1668.250377061632,2794.0453181809107,1668.250377061632,False,1669.7178629557293,2800.045315892092,1669.7178629557293,False,0.9735690082333408,0.9744254137262796,0.0008564054929387499,-0.015469093645123708,-15.469093645123708,2796.98072148276,-0.5519944920469493
1589,0,23.661873332923278,1787085116.8261938,0.013142833951860666,1677.7331461588542,2794.0453181809107,1677.7331461588542,False,1675.6923936631943,2800.045315892092,1675.6923936631943,False,0.979103027725996,0.977912071374019,-0.0011909563519769684,0.04567676102318085,45.67676102318085,2797.0418673374284,1.6299158229796191
1590,0,23.676241041044705,1787085116.841797,0.015503749949857593,1676.7653157552086,2794.0453181809107,1676.7653157552086,False,1679.4859754774304,2800.045315892092,1679.4859754774304,False,0.9785382146145043,0.9801259558935858,0.001587741279081456,-0.03731093455090313,-37.310934550903134,2796.9588796418543,-1.3313921835178109
1591,0,23.691667061997578,1787085116.856996,0.015082458034157753,1682.0889105902777,2794.0453181809107,1682.0889105902777,False,1676.3971435546875,2800.045315892092,1676.3971435546875,False,0.9816449946369031,0.9783233541540789,-0.0033216404828242396,0.10931109245921153,109.31109245921152,2797.1055016688647,3.9006241956612735
1592,0,23.706395374960266,1787085116.871265,0.014151999959722161,1677.5110324435766,2794.0453181809107,1677.5110324435766,False,1675.8679985894098,2800.045315892092,1675.8679985894098,False,0.9789734050791372,0.9780145521024561,-0.0009588529766810794,0.03874483578040599,38.744835780405985,2797.034935412186,1.3825590843707531
1593,0,23.720651916461065,1787085116.8855271,0.014129667077213526,1678.4534044053821,2794.0453181809107,1678.4534044053821,False,1675.7510308159722,2800.045315892092,1675.7510308159722,False,0.9795233609783577,0.9779462912462041,-0.0015770697321535465,0.05720829986102451,57.208299861024514,2797.0533988762663,2.041403791786487
1594,0,23.73564974940382,1787085116.9012392,0.015595417004078627,1680.1487792968746,2794.0453181809107,1680.1487792968746,False,1676.5288140190974,2800.045315892092,1676.5288140190974,False,0.9805127594969429,0.9784001953076681,-0.002112564189274857,0.07320120621127947,73.20120621127947,2797.0693917826165,2.6120898590950423
1595,0,23.750984582933597,1787085116.916202,0.014844415942206979,1675.0977294921875,2794.0453181809107,1675.0977294921875,False,1673.3104248046875,2800.045315892092,1673.3104248046875,False,0.9775650331745022,0.976521985634429,-0.0010430475400731165,0.04125936370804879,41.25936370804879,2797.037449940113,1.4722867437927771
1596,0,23.76582333294209,1787085116.930872,0.014587416080757976,1686.8028917100696,2794.0453181809107,1686.8028917100696,False,1685.8392605251734,2800.045315892092,1685.8392605251734,False,0.9843960121021051,0.9838336495995206,-0.000562362502584568,0.02690337797133439,26.90337797133439,2797.0230939543767,0.9600120600675989
1597,0,23.780178186949342,1787085116.944958,0.014016457833349705,1673.2314832899306,2794.0453181809107,1673.2314832899306,False,1673.4164035373265,2800.045315892092,1673.4164035373265,False,0.976475916403283,0.9765838334308077,0.00010791702752466215,0.006885023698992448,6.885023698992447,2797.0030756001042,0.24568311800572537
1598,0,23.794764624442905,1787085116.96002,0.014911416918039322,1674.8963921440973,2794.0453181809107,1674.8963921440973,False,1679.200265842014,2800.045315892092,1679.200265842014,False,0.9774475353426444,0.9799592195030417,0.002511684160397265,-0.06490511741752616,-64.90511741752617,2796.931285458988,-2.3160547180104967
1599,0,23.810670124483295,1787085116.976746,0.016643333015963435,1679.5709879557294,2794.0453181809107,1679.5709879557294,False,1680.2346516927087,2800.045315892092,1680.2346516927087,False,0.9801755680593152,0.9805628734992512,0.0003873054399360365,-0.0014591013533221272,-1.459101353322127,2796.994731475052,-0.052066134503358806
1600,0,23.82585191645194,1787085116.990444,0.01361658307723701,1677.9154378255207,2794.0453181809107,1677.9154378255207,False,1677.7887966579863,2800.045315892092,1677.7887966579863,False,0.9792094107483325,0.9791355046263418,-7.390612199065227e-05,0.012315295784606361,12.315295784606361,2797.0085058721897,0.43945531632195123
1601,0,23.840542686986737,1787085117.006098,0.015518042026087642,1673.394816080729,2794.0453181809107,1673.394816080729,False,1669.3908935546874,2800.045315892092,1669.3908935546874,False,0.9765712352746803,0.9742345986784474,-0.002336636596232844,0.07989328111980366,79.89328111980366,2797.076083857525,2.850887850406925
1602,0,23.855598041554913,1787085117.020555,0.014337582979351282,1674.7409206814239,2794.0453181809107,1674.7409206814239,False,1674.9167724609374,2800.045315892092,1674.9167724609374,False,0.9773568042390854,0.9774594290278648,0.00010262478877931525,0.007043080010336021,7.043080010336022,2797.0032336564154,0.2513231519531837
1603,0,23.87029329140205,1787085117.035441,0.014786917017772794,1671.4394992404516,2794.0453181809107,1671.4394992404516,False,1669.5450032552083,2800.045315892092,1669.5450032552083,False,0.9754301380490206,0.9743245350755004,-0.0011056029735201367,0.04312762429508818,43.12762429508818,2797.0393182007006,1.53895319351585
1604,0,23.88437808305025,1787085117.048756,0.013272000011056662,1677.1064019097219,2794.0453181809107,1677.1064019097219,False,1679.154527452257,2800.045315892092,1679.154527452257,False,0.9787372680142442,0.9799325271795355,0.0011952591652912847,-0.025589189149952424,-25.589189149952425,2796.9706013872556,-0.9131169408347282
1605,0,23.897724624490365,1787085117.062145,0.013351332861930132,1673.8848822699651,2794.0453181809107,1673.8848822699651,False,1675.050528971354,2800.045315892092,1675.050528971354,False,0.9768572314658897,0.9775374875705042,0.0006802561046145295,-0.01020827229831048,-10.20827229831048,2796.985982304107,-0.3642689230056551
1606,0,23.91069118701853,1787085117.0747,0.012505792081356049,1676.3462863498262,2794.0453181809107,1676.3462863498262,False,1679.0805718315974,2800.045315892092,1679.0805718315974,False,0.9782936745573114,0.9798893676506968,0.0015956930933853641,-0.037548420896066574,-37.548420896066574,2796.958642155509,-1.3398665749381449
1607,0,23.923755270428956,1787085117.088247,0.013503790833055973,1678.2354437934027,2794.0453181809107,1678.2354437934027,False,1674.2431613498266,2800.045315892092,1674.2431613498266,False,0.9793961620280345,0.9770663184310404,-0.0023298435969940634,0.07969040357510004,79.69040357510005,2797.0758809799804,2.843648429028691
1608,0,23.93700331193395,1787085117.101208,0.012929041869938374,1673.3595811631942,2794.0453181809107,1673.3595811631942,False,1674.7565483940973,2800.045315892092,1674.7565483940973,False,0.9765506726396039,0.9773659243669377,0.0008152517273337656,-0.01424000843139617,-14.24000843139617,2796.981950567974,-0.5081361843918131
1609,0,23.95049679093063,1787085117.115562,0.013997499831020832,1677.9117350260417,2794.0453181809107,1677.9117350260417,False,1675.9293972439239,2800.045315892092,1675.9293972439239,False,0.9792072498431913,0.978050383550783,-0.0011568662924082984,0.044658638196873345,44.65863819687335,2797.040849214602,1.5935854338022175
1610,0,23.964292041491717,1787085117.128476,0.012871167156845331,1673.6387234157985,2794.0453181809107,1673.6387234157985,False,1675.8612250434023,2800.045315892092,1675.8612250434023,False,0.9767135763917988,0.978010599149974,0.0012970227581752258,-0.028628428098582008,-28.62842809858201,2796.9675621483066,-1.0215682307515703
1611,0,23.977162749390118,1787085117.141293,0.01278066704981029,1674.4115804036458,2794.0453181809107,1674.4115804036458,False,1677.135999891493,2800.045315892092,1677.135999891493,False,0.9771646055787305,0.9787545410076479,0.0015899354289173884,-0.03737646432880809,-37.37646432880809,2796.9588141120767,-1.3337305284330605
1612,0,23.991125728935003,1787085117.156416,0.015080791898071766,1670.79013671875,2794.0453181809107,1670.79013671875,False,1671.5209445529515,2800.045315892092,1671.5209445529515,False,0.9750511786104796,0.9754776684636429,0.00042648985316329213,-0.0026293705182020635,-2.6293705182020637,2796.993561205887,-0.0938256679347011
1613,0,24.005293686990626,1787085117.169617,0.013161957962438464,1675.7623616536457,2794.0453181809107,1675.7623616536457,False,1678.186745876736,2800.045315892092,1678.186745876736,False,0.9779529037742443,0.9793677425634959,0.0014148387892516379,-0.032147084037044756,-32.147084037044756,2796.964043492368,-1.1471268925579772
1614,0,24.018560187425464,1787085117.1829498,0.013292124960571527,1680.6973795572917,2794.0453181809107,1680.6973795572917,False,1680.8151177300344,2800.045315892092,1680.8151177300344,False,0.9808329154032713,0.980901625854439,6.871045116763064e-05,0.008055954780824503,8.055954780824504,2797.0042465311863,0.28746627108280415
1615,0,24.0318382284604,1787085117.196178,0.013188375160098076,1671.524839952257,2794.0453181809107,1671.524839952257,False,1675.6375596788196,2800.045315892092,1675.6375596788196,False,0.9754799417675131,0.9778800709809611,0.00240012921344801,-0.06157345301700571,-61.57345301700571,2796.9346171233883,-2.197168606087843
1616,0,24.045608729007654,1787085117.210482,0.014267457881942391,1679.192632378472,2794.0453181809107,1679.192632378472,False,1682.3019504123265,2800.045315892092,1682.3019504123265,False,0.979954764713981,0.9817693218788556,0.0018145571648745529,-0.04408494532169504,-44.08494532169504,2796.9521056310837,-1.5731139495323665
1617,0,24.058836562442593,1787085117.222641,0.012126624817028642,1676.6617024739583,2794.0453181809107,1676.6617024739583,False,1675.5118001302083,2800.045315892092,1675.5118001302083,False,0.9784777472644868,0.9778066793601943,-0.0006710679042924994,0.030149938764190462,30.149938764190463,2797.0263405151695,1.0758613604121632
1618,0,24.07108212437015,1787085117.23497,0.012297583045437932,1677.1361979166668,2794.0453181809107,1677.1361979166668,False,1676.7642632378472,2800.045315892092,1676.7642632378472,False,0.9787546565725384,0.9785376003791966,-0.00021705619334178028,0.016590570074947464,16.590570074947465,2797.0127811464804,0.5920129201736891
1619,0,24.083225395414047,1787085117.246925,0.011927541112527251,1673.5027777777777,2794.0453181809107,1673.5027777777777,False,1670.7069308810765,2800.045315892092,1670.7069308810765,False,0.976634240303043,0.9750026207764897,-0.0016316195265533295,0.05883746659031478,58.83746659031478,2797.0550280429957,2.0995384880928767
1620,0,24.095543999923393,1787085117.259615,0.01265825005248189,1671.9317572699651,2794.0453181809107,1671.9317572699651,False,1671.4846516927082,2800.045315892092,1671.4846516927082,False,0.9757174133694269,0.9754564884270976,-0.0002609249423292104,0.017900740114858586,17.900740114858586,2797.01409131652,0.6387646344154505
1621,0,24.107967124436982,1787085117.27176,0.012111916905269027,1676.8176567925348,2794.0453181809107,1676.8176567925348,False,1677.221302625868,2800.045315892092,1677.221302625868,False,0.9785687601564087,0.978804322563011,0.00023556240660227434,0.0030728075938898257,3.072807593889826,2796.9992633839993,0.10964914337317391
1622,0,24.120085395523347,1787085117.2838578,0.01207370893098414,1679.7742350260414,2794.0453181809107,1679.7742350260414,False,1674.8953857421875,2800.045315892092,1674.8953857421875,False,0.9802941803799781,0.9774469480197086,-0.0028472323602695138,0.0951425710582529,95.1425710582529,2797.0913331474635,3.3950389329950363
1623,0,24.132178457919508,1787085117.295941,0.012058665975928307,1674.7841959635418,2794.0453181809107,1674.7841959635418,False,1678.6216742621527,2800.045315892092,1678.6216742621527,False,0.9773820591253255,0.9796215610566099,0.0022395019312844155,-0.05677620993301915,-56.776209933019146,2796.939414366472,-2.0259852245582053
1624,0,24.14444656239357,1787085117.308395,0.012435375014320016,1680.776242404514,2794.0453181809107,1680.776242404514,False,1681.973681640625,2800.045315892092,1681.973681640625,False,0.9808789387250775,0.9815777485353733,0.0006988098102957974,-0.010762391343735987,-10.762391343735986,2796.9854281850617,-0.38404194061290275
1625,0,24.15706727048382,1787085117.3211892,0.012765124905854464,1685.2141927083333,2794.0453181809107,1685.2141927083333,False,1685.2136420355903,2800.045315892092,1685.2136420355903,False,0.9834688682316353,0.9834685468662554,-3.2136537986282576e-07,0.010117636956148942,10.117636956148942,2797.0063082133615,0.3610347186750265
1626,0,24.16961510339752,1787085117.333497,0.01226587500423193,1679.6879096137156,2794.0453181809107,1679.6879096137156,False,1682.7821614583331,2800.045315892092,1682.7821614583331,False,0.9802438020031954,0.9820495667379198,0.00180576473472438,-0.04382235341226839,-43.822353412268384,2796.952368222993,-1.5637436986964168
1627,0,24.181998686981387,1787085117.3459451,0.012400042032822967,1677.0109185112851,2794.0453181809107,1677.0109185112851,False,1676.8366238064239,2800.045315892092,1676.8366238064239,False,0.9786815451570539,0.97857982905659,-0.00010171610046383339,0.013145859715585455,13.145859715585456,2797.009336436121,0.4690929102050191
1628,0,24.194524540915154,1787085117.35854,0.012558249989524484,1674.8572726779519,2794.0453181809107,1674.8572726779519,False,1677.5559543185766,2800.045315892092,1677.5559543185766,False,0.9774247057360209,0.9789996208953559,0.0015749151593349442,-0.036927873756873945,-36.92787375687394,2796.9592627026486,-1.317723157182199
1629,0,24.207539832917973,1787085117.3719869,0.013419333845376968,1681.6145968967016,2794.0453181809107,1681.6145968967016,False,1678.654421657986,2800.045315892092,1678.654421657986,False,0.981368191395258,0.9796406720066939,-0.0017275193885640805,0.061701581226319066,61.701581226319064,2797.0578921576316,2.2017406946302835
1630,0,24.22067316644825,1787085117.3848162,0.01278841681778431,1670.6963921440972,2794.0453181809107,1670.6963921440972,False,1670.4017062717012,2800.045315892092,1670.4017062717012,False,0.9749964705080107,0.9748244957034647,-0.00017197480454600456,0.015244183721994153,15.244183721994153,2797.0114347601275,0.5439688738935967
1631,0,24.233488978468813,1787085117.397609,0.012747125001624227,1674.2754557291664,2794.0453181809107,1674.2754557291664,False,1674.801513671875,2800.045315892092,1674.801513671875,False,0.9770851650066491,0.9773921655124473,0.00030700050579823834,0.0009392601498638001,0.9392601498638001,2796.9971298365554,0.03351627711475164
1632,0,24.246251853532158,1787085117.4103281,0.012679625069722533,1668.0042344835067,2794.0453181809107,1668.0042344835067,False,1673.3389729817707,2800.045315892092,1673.3389729817707,False,0.9734253626577339,0.9765386459756056,0.00311328331787164,-0.08287228562614192,-82.87228562614192,2796.913318290779,-2.9571897525742905
1633,0,24.259519916493446,1787085117.424161,0.01379933301359415,1676.3307183159718,2794.0453181809107,1676.3307183159718,False,1676.3753743489585,2800.045315892092,1676.3753743489585,False,0.978284589257234,0.9783106499315455,2.606067431143444e-05,0.009329719388561416,9.329719388561417,2797.0055202957938,0.3329189048159226
1634,0,24.272621979005635,1787085117.436547,0.012329292017966509,1678.3523871527777,2794.0453181809107,1678.3523871527777,False,1676.8194905598957,2800.045315892092,1676.8194905598957,False,0.9794644086365601,0.9785698303189547,-0.0008945783176054212,0.036825229350084525,36.82522935008453,2797.0330158057554,1.3140604249958794
1635,0,24.285111749893986,1787085117.449127,0.012505999999120831,1678.3289605034722,2794.0453181809107,1678.3289605034722,False,1676.5703070746526,2800.045315892092,1676.5703070746526,False,0.9794507371517254,0.978424410109895,-0.001026327041830366,0.040759994650218685,40.75999465021869,2797.0369505710555,1.4544674083006952
1636,0,24.298146937042475,1787085117.462622,0.013418958056718111,1673.7540717230902,2794.0453181809107,1673.7540717230902,False,1674.0779188368056,2800.045315892092,1674.0779188368056,False,0.9767808921488791,0.9769698850708375,0.00018899292195839745,0.004463636941952409,4.46363694195241,2797.0006542133474,0.15927908014389128
1637,0,24.312403853982687,1787085117.477639,0.014934292063117027,1673.7371853298614,2794.0453181809107,1673.7371853298614,False,1671.4598876953125,2800.045315892092,1671.4598876953125,False,0.976771037471587,0.9754420364834829,-0.0013290009881040676,0.04979955801645688,49.79955801645688,2797.0459901344216,1.7770324727539566
1638,0,24.326448582927696,1787085117.490688,0.012946250149980187,1681.2968451605902,2794.0453181809107,1681.2968451605902,False,1682.3937879774305,2800.045315892092,1682.3937879774305,False,0.9811827556556089,0.9818229170755995,0.0006401614199906813,-0.009010817258758227,-9.010817258758227,2796.9871797591463,-0.32153929698680517
1639,0,24.33985306241084,1787085117.5044658,0.013705374905839562,1677.4610731336809,2794.0453181809107,1677.4610731336809,False,1672.700740559896,2800.045315892092,1672.700740559896,False,0.9789442494820781,0.9761661819171341,-0.002778067564944031,0.09307691738123565,93.07691738123565,2797.0892674937863,3.3213287675291054
1640,0,24.35328066640068,1787085117.517549,0.013012416893616319,1683.3825113932294,2794.0453181809107,1683.3825113932294,False,1678.2321967230903,2800.045315892092,1678.2321967230903,False,0.9823999230745624,0.9793942670804491,-0.0030056559941132877,0.09987400068564975,99.87400068564975,2797.096064577091,3.56387384690443
1641,0,24.367275540949777,1787085117.532459,0.014834749978035688,1678.0449951171875,2794.0453181809107,1678.0449951171875,False,1678.037353515625,2800.045315892092,1678.037353515625,False,0.9792850186820645,0.9792805591437621,-4.459538302414856e-06,0.010241226306386686,10.241226306386686,2797.0064318027116,0.36544484393329596
1642,0,24.381043374422006,1787085117.545069,0.012549916980788112,1677.6660698784722,2794.0453181809107,1677.6660698784722,False,1674.5441080729165,2800.045315892092,1674.5441080729165,False,0.9790638828897859,0.9772419469858176,-0.0018219359039682859,0.06452139470654485,64.52139470654484,2797.0607119711117,2.302362072029148
1643,0,24.39345756242983,1787085117.5572999,0.012168374843895435,1681.9950141059028,2794.0453181809107,1681.9950141059028,False,1681.4350179036458,2800.045315892092,1681.4350179036458,False,0.9815901978819157,0.9812633914536109,-0.00032680642830484885,0.0198683355239467,19.868335523946698,2797.016058911929,0.7089757180968705
1644,0,24.4062216039747,1787085117.570594,0.013229041825979948,1672.2179172092015,2794.0453181809107,1672.2179172092015,False,1674.1536865234375,2800.045315892092,1674.1536865234375,False,0.9758844125513657,0.9770141020975769,0.0011296895462111767,-0.023630907857915634,-23.630907857915634,2796.9725596685475,-0.8432382193090078
1645,0,24.419597832951695,1787085117.584053,0.013390833977609873,1675.1571126302083,2794.0453181809107,1675.1571126302083,False,1678.486314561632,2800.045315892092,1678.486314561632,False,0.9775996883938767,0.9795425669132831,0.0019428785194064435,-0.04791734989372123,-47.91734989372123,2796.9482732265114,-1.7098683233557388
1646,0,24.4326260414673,1787085117.5966458,0.012528416933491826,1667.9597520616321,2794.0453181809107,1667.9597520616321,False,1671.6520833333336,2800.045315892092,1671.6520833333336,False,0.9733994033005872,0.9755541993334171,0.0021547960328299753,-0.05424641063578912,-54.24641063578912,2796.9419441657697,-1.935712626170037
1647,0,24.44514016644098,1787085117.6090848,0.012372416909784079,1680.8275689019097,2794.0453181809107,1680.8275689019097,False,1679.1292724609375,2800.045315892092,1679.1292724609375,False,0.980908892194804,0.9799177886983158,-0.0009911034964882326,0.03970801949998275,39.70801949998275,2797.035898595905,1.4169290429625587
1648,0,24.457841853960417,1787085117.622045,0.01289395778439939,1677.2724148220489,2794.0453181809107,1677.2724148220489,False,1674.711376953125,2800.045315892092,1674.711376953125,False,0.9788341509693633,0.9773395629072955,-0.0014945880620678142,0.05474492865754835,54.74492865754835,2797.0509355050626,1.9535015935465438
1649,0,24.47138662438374,1787085117.6361759,0.014063582988455892,1681.1183648003469,2794.0453181809107,1681.1183648003469,False,1672.6779351128473,2800.045315892092,1672.6779351128473,False,0.9810785968616409,0.9761528729577772,-0.004925723903863699,0.15721813536044,157.21813536044,2797.1534087117657,5.610124727392235
1650,0,24.485215208027512,1787085117.6497002,0.01346200006082654,1675.6335394965276,2794.0453181809107,1675.6335394965276,False,1678.1582763671872,2800.045315892092,1678.1582763671872,False,0.977877724855379,0.9793511281316591,0.0014734032762800942,-0.03389615229357135,-33.89615229357135,2796.962294424112,-1.2095401189541588
1651,0,24.498555437428877,1787085117.66286,0.013096374925225973,1670.5851942274305,2794.0453181809107,1670.5851942274305,False,1678.1485866970488,2800.045315892092,1678.1485866970488,False,0.9749315768643855,0.9793454733674365,0.004413896503051018,-0.12171598343078316,-121.71598343078315,2796.8744745929744,-4.343276599728203
1652,0,24.51163706195075,1787085117.675863,0.012934542028233409,1677.168139648437,2794.0453181809107,1677.168139648437,False,1679.962904188368,2800.045315892092,1679.962904188368,False,0.9787732973476573,0.9804042852250158,0.0016309878773584918,-0.038602523636492955,-38.602523636492954,2796.9575880527686,-1.377480860565692
1653,0,24.524597187526524,1787085117.6887732,0.012847125064581633,1676.906751844618,2794.0453181809107,1676.906751844618,False,1677.6169406467016,2800.045315892092,1677.6169406467016,False,0.9786207548585756,0.9790352117154179,0.0004144568568422713,-0.0022699968949724714,-2.2699968949724716,2796.9939205795104,-0.08100188748831257
1654,0,24.537251999950968,1787085117.7011771,0.012344999937340617,1682.5944037543406,2794.0453181809107,1682.5944037543406,False,1678.542667643229,2800.045315892092,1678.542667643229,False,0.9819399938079941,0.9795754538315272,-0.002364539976466906,0.08072663455792864,80.72663455792863,2797.076917210963,2.8806249842252583
1655,0,24.549766583018936,1787085117.7138062,0.012568000005558133,1676.6104899088543,2794.0453181809107,1676.6104899088543,False,1681.0040228949651,2800.045315892092,1681.0040228949651,False,0.9784478602841492,0.9810118684274967,0.0025640081433474515,-0.06646780877327459,-66.46780877327458,2796.929722767632,-2.371817327050906
1656,0,24.562422541435808,1787085117.726487,0.012617417145520449,1676.5770697699652,2794.0453181809107,1676.5770697699652,False,1681.0890028211809,2800.045315892092,1681.0890028211809,False,0.978428356730054,0.9810614615962578,0.002633104866203828,-0.06853142941968067,-68.53142941968068,2796.9276591469857,-2.4454549464630557
1657,0,24.575711103971116,1787085117.740384,0.013825542060658336,1680.2275119357637,2794.0453181809107,1680.2275119357637,False,1677.4123209635418,2800.045315892092,1677.4123209635418,False,0.9805587068308761,0.9789157983559258,-0.0016429084749502998,0.05917461871598974,59.17461871598974,2797.0553651951213,2.1115693232939527
1658,0,24.58877158293035,1787085117.7526028,0.012154999887570739,1672.6992458767363,2794.0453181809107,1672.6992458767363,False,1676.4760552300347,2800.045315892092,1676.4760552300347,False,0.9761653096396742,0.9783694059713373,0.0022040963316630746,-0.05571879760785207,-55.71879760785207,2796.9404717787975,-1.9882528407026858
1659,0,24.600978311966173,1787085117.76479,0.012133457930758595,1680.8261366102429,2794.0453181809107,1680.8261366102429,False,1678.5915961371527,2800.045315892092,1678.5915961371527,False,0.9809080563281999,0.9796040078579245,-0.0013040484702754318,0.049054334092045584,49.054334092045586,2797.0452449104973,1.750440126036454
1660,0,24.613702916540205,1787085117.778065,0.013214583043009043,1669.8554796006945,2794.0453181809107,1669.8554796006945,False,1675.5501085069445,2800.045315892092,1675.5501085069445,False,0.9745057249927401,0.9778290356256919,0.0033233106329517703,-0.0891448943084594,-89.1448943084594,2796.907045682097,-3.1810196370418
1661,0,24.627318228478543,1787085117.7920158,0.013884375104680657,1674.83186577691,2794.0453181809107,1674.83186577691,False,1673.3820339626734,2800.045315892092,1673.3820339626734,False,0.9774098786022827,0.9765637757984712,-0.0008461028038114771,0.035377475144458055,35.37747514445805,2797.0315680515496,1.2623991987031848
1662,0,24.640676562441513,1787085117.804783,0.012699374929070473,1681.4087212456598,2794.0453181809107,1681.4087212456598,False,1676.6558539496527,2800.045315892092,1676.6558539496527,False,0.9812480450694065,0.9784743341425202,-0.0027737109268863858,0.0929468034210792,92.9468034210792,2797.0891373798263,3.3166858200499285
1663,0,24.653706374461763,1787085117.8180742,0.013227166840806603,1674.5901746961804,2794.0453181809107,1674.5901746961804,False,1672.5626898871528,2800.045315892092,1672.5626898871528,False,0.9772688308620872,0.9760856173577631,-0.0011832135043240433,0.045445515609244716,45.445515609244715,2797.0416360920144,1.6216641310749613
1664,0,24.667049416457303,1787085117.831469,0.013326333137229085,1673.7194878472224,2794.0453181809107,1673.7194878472224,False,1675.565869140625,2800.045315892092,1675.565869140625,False,0.9767607094531684,0.977838233324498,0.0010775238713296442,-0.02207294448036157,-22.07294448036157,2796.974117631925,-0.7876443220226081
1665,0,24.68052681244444,1787085117.8450282,0.01349237491376698,1680.008900282118,2794.0453181809107,1680.008900282118,False,1676.1410590277778,2800.045315892092,1676.1410590277778,False,0.9804311279411875,0.9781739065877451,-0.002257221353442418,0.07752149085411596,77.52149085411595,2797.0737120672593,2.7662535988479857
1666,0,24.693659832933918,1787085117.8577359,0.012640750035643578,1678.5435302734375,2794.0453181809107,1678.5435302734375,False,1682.3690511067707,2800.045315892092,1682.3690511067707,False,0.9795759572511866,0.9818084809627917,0.0022325237116050944,-0.056567800653821686,-56.567800653821685,2796.9396227757516,-2.018548410427551
1667,0,24.70641466602683,1787085117.870538,0.01273375004529953,1680.447837999132,2794.0453181809107,1680.447837999132,False,1677.6263264973957,2800.045315892092,1677.6263264973957,False,0.9806872862275606,0.9790406891746035,-0.0016465970529571106,0.059284780608132664,59.284780608132664,2797.0554753570136,2.115500307170021
1668,0,24.71917397843208,1787085117.883254,0.012649874901399016,1669.0582682291667,2794.0453181809107,1669.0582682291667,False,1670.487730577257,2800.045315892092,1670.487730577257,False,0.9740404829073779,0.9748746983582913,0.0008342154509134447,-0.014806372940362926,-14.806372940362927,2796.981384203465,-0.5283461654425823
1669,0,24.732670291443355,1787085117.897532,0.014210582943633199,1674.6637830946179,2794.0453181809107,1674.6637830946179,False,1678.964602322049,2800.045315892092,1678.964602322049,False,0.9773117877565977,0.9798216893681386,0.0025099016115409656,-0.06485188038296039,-64.85188038296039,2796.9313386960225,-2.314155023656879
1670,0,24.746121770353056,1787085117.910152,0.012557375011965632,1681.596685112847,2794.0453181809107,1681.596685112847,False,1680.5388861762153,2800.045315892092,1680.5388861762153,False,0.9813577383134647,0.9807404207478241,-0.0006173175656406515,0.02854464832481855,28.54464832481855,2797.02473522473,1.0185786584648355
1671,0,24.75938772887457,1787085117.924074,0.01385745801962912,1679.87333984375,2794.0453181809107,1679.87333984375,False,1678.7108127170136,2800.045315892092,1678.7108127170136,False,0.9803520166498896,0.9796735810880678,-0.0006784355618217885,0.030369978869778293,30.369978869778294,2797.026560555275,1.0837132054588314
1672,0,24.77408291643951,1787085117.939575,0.015387417050078511,1686.0406168619793,2794.0453181809107,1686.0406168619793,False,1679.4709852430556,2800.045315892092,1679.4709852430556,False,0.9839511585129433,0.9801172077896955,-0.003833950723247881,0.12461158640160874,124.61158640160875,2797.1208021628067,4.446602426548984
1673,0,24.789834020426497,1787085117.955538,0.015880375169217587,1680.3366183810765,2794.0453181809107,1680.3366183810765,False,1678.7110921223957,2800.045315892092,1678.7110921223957,False,0.9806223799192899,0.9796737441453789,-0.0009486357739110218,0.03843969206717035,38.43969206717035,2797.0346302684725,1.3716704277465868
1674,0,24.80450812447816,1787085117.96892,0.013302917126566172,1678.8119330512152,2794.0453181809107,1678.8119330512152,False,1679.26474609375,2800.045315892092,1679.26474609375,False,0.9797325935869317,0.9799968493310318,0.0002642557441001614,0.0022158615445378904,2.2158615445378906,2796.99840643795,0.0790701379010095
1675,0,24.818145062425174,1787085117.98282,0.013813624856993556,1678.9678385416669,2794.0453181809107,1678.9678385416669,False,1676.9295247395833,2800.045315892092,1676.9295247395833,False,0.9798235779834013,0.9786340448209642,-0.0011895331624370842,0.045634256499133316,45.634256499133315,2797.0418248329042,1.6283991043082113
1676,0,24.832719624508172,1787085117.9980679,0.015161166898906231,1674.917822265625,2794.0453181809107,1674.917822265625,False,1676.2889621310762,2800.045315892092,1676.2889621310762,False,0.9774600416800917,0.9782602208961803,0.0008001792160885479,-0.013789857626654372,-13.789857626654372,2796.9824007187785,-0.492073138262003
1677,0,24.847183478879742,1787085118.0117419,0.013592208037152886,1671.154370117188,2794.0453181809107,1671.154370117188,False,1672.2070610894098,2800.045315892092,1672.2070610894098,False,0.975263740437744,0.9758780770624462,0.0006143366247022275,-0.008239542174450148,-8.239542174450147,2796.9879510342307,-0.2940173485030741
1678,0,24.861214874428697,1787085118.026047,0.01413066708482802,1676.6541802300349,2794.0453181809107,1676.6541802300349,False,1676.725355360243,2800.045315892092,1676.725355360243,False,0.9784733573817348,0.9785148942528665,4.153687113173099e-05,0.00886751223942365,8.86751223942365,2797.0050580886445,0.31642564371337606
1679,0,24.875554415863007,1787085118.0405052,0.01436999998986721,1675.4886474609375,2794.0453181809107,1675.4886474609375,False,1671.083900282118,2800.045315892092,1671.083900282118,False,0.9777931677665092,0.9752226151675911,-0.00257055259891803,0.08687934171299984,86.87934171299983,2797.0830699181183,3.1001763386026204
1680,0,24.890466937446035,1787085118.05586,0.01525737508200109,1680.6628662109374,2794.0453181809107,1680.6628662109374,False,1677.4558295355903,2800.045315892092,1677.4558295355903,False,0.9808127738676584,0.9789411893871052,-0.0018715844805532456,0.06600418323065994,66.00418323065995,2797.062194759636,2.355273452421494
1681,0,24.905127353966236,1787085118.069837,0.013894792180508375,1673.7776801215277,2794.0453181809107,1673.7776801215277,False,1679.036743164062,2800.045315892092,1679.036743164062,False,0.9767946697001202,0.9798637898159956,0.0030691201158754566,-0.08155332154675772,-81.55332154675772,2796.9146372548585,-2.9101242344689453
1682,0,24.919170395471156,1787085118.08395,0.014030958991497755,1683.0627794053821,2794.0453181809107,1683.0627794053821,False,1679.7758463541668,2800.045315892092,1679.7758463541668,False,0.98221333168601,0.9802951207299079,-0.0019182109561021177,0.06739671465088086,67.39671465088085,2797.063587291056,2.404964125423953
1683,0,24.933501604013145,1787085118.098494,0.014438292011618614,1678.8086507161456,2794.0453181809107,1678.8086507161456,False,1679.0546603732641,2800.045315892092,1679.0546603732641,False,0.9797306780592973,0.9798742460639505,0.00014356800465320507,0.005820283007600559,5.820283007600559,2797.002010859413,0.20768923093065084
1684,0,24.947257166029885,1787085118.111454,0.012886499986052513,1682.516224500868,2794.0453181809107,1682.516224500868,False,1685.770081922743,2800.045315892092,1685.770081922743,False,0.9818943694225216,0.9837932778757762,0.0018989084532545775,-0.04660415394775086,-46.60415394775086,2796.9495864224577,-1.6630086335908814
1685,0,24.960739583009854,1787085118.125466,0.013943084049969912,1678.372900390625,2794.0453181809107,1678.372900390625,False,1676.6130533854168,2800.045315892092,1676.6130533854168,False,0.9794763798927345,0.9784493562954009,-0.0010270235973336428,0.040780797754309706,40.7807977543097,2797.0369713741597,1.4552097400196156
1686,0,24.9744547290029,1787085118.138804,0.01318979193456471,1675.8490749782989,2794.0453181809107,1675.8490749782989,False,1671.8053005642364,2800.045315892092,1671.8053005642364,False,0.978003508531566,0.9756436148969232,-0.00235989363464284,0.0805878683976531,80.5878683976531,2797.076778444803,2.875673294235409
1687,0,24.98790977045428,1787085118.152458,0.013586125103756785,1679.1694986979164,2794.0453181809107,1679.1694986979164,False,1676.6288140190973,2800.045315892092,1676.6288140190973,False,0.9799412642018608,0.9784585539942069,-0.0014827102076538923,0.05439018845294379,54.39018845294379,2797.0505807648583,1.9408431506188906
1688,0,25.001670437399298,1787085118.166324,0.013799624983221292,1674.261531575521,2794.0453181809107,1674.261531575521,False,1673.699685329861,2800.045315892092,1673.699685329861,False,0.97707703905347,0.9767491529641347,-0.0003278860893353164,0.019900580335299387,19.900580335299388,2797.0160911567405,0.710126332261611
1689,0,25.01533987489529,1787085118.179782,0.013403249904513359,1681.7948215060765,2794.0453181809107,1681.7948215060765,False,1681.0211859809028,2800.045315892092,1681.0211859809028,False,0.981473368110109,0.9810218845790194,-0.0004514835310895915,0.02359190203773751,23.59190203773751,2797.019782478443,0.8418463473357661
1690,0,25.028199666528963,1787085118.192082,0.012224667007103562,1680.805788845486,2794.0453181809107,1680.805788845486,False,1680.4475992838543,2800.045315892092,1680.4475992838543,False,0.9808961816399477,0.98068714691646,-0.00020903472348776653,0.016351003419381553,16.351003419381552,2797.0125415798248,0.5834642955816998
1691,0,25.041097853449173,1787085118.2055528,0.013401875039562583,1677.8408013237847,2794.0453181809107,1677.8408013237847,False,1674.1391221788194,2800.045315892092,1674.1391221788194,False,0.9791658538662407,0.9770056025373547,-0.002160251328885976,0.07462541508547028,74.62541508547028,2797.0708159914907,2.66291090085178
1692,0,25.0543386869831,1787085118.218563,0.012945708120241761,1678.6142740885414,2794.0453181809107,1678.6142740885414,False,1680.1487060546874,2800.045315892092,1680.1487060546874,False,0.9796172424124887,0.9805127167537645,0.0008954743412757926,-0.016635911385918904,-16.635911385918906,2796.9795546650194,-0.5936308658977628
1693,0,25.067446707980707,1787085118.23177,0.013140583876520395,1678.725230577257,2794.0453181809107,1678.725230577257,False,1677.3306342230903,2800.045315892092,1677.3306342230903,False,0.9796819951619329,0.9788681270471219,-0.0008138681148109894,0.03441476422269476,34.41476422269476,2797.030605340628,1.2280461112865673
1694,0,25.080855395528488,1787085118.2453802,0.013538874918594956,1680.0234103732641,2794.0453181809107,1680.0234103732641,False,1678.4920572916667,2800.045315892092,1678.4920572916667,False,0.980439595839796,0.9795459182951027,-0.0008936775446932721,0.036798327154113554,36.79832715411355,2797.0329889035593,1.3131004551139578
1695,0,25.100344790844247,1787085118.26429,0.012421749997884035,1674.9466905381946,2794.0453181809107,1674.9466905381946,False,1676.6943169487845,2800.045315892092,1676.6943169487845,False,0.9774768888247898,0.9784967806436169,0.0010198918188271122,-0.020351724015446153,-20.351724015446152,2796.9758388523896,-0.7262248078591975
1696,0,25.112592416000552,1787085118.2763379,0.01199649996124208,1680.7879720052085,2794.0453181809107,1680.7879720052085,False,1680.3410074869794,2800.045315892092,1680.3410074869794,False,0.980885783965979,0.9806249413438456,-0.00026084262213343923,0.017898281566195395,17.898281566195394,2797.0140888579713,0.6386769043032898
1697,0,25.12499433301855,1787085118.2890902,0.012689084047451615,1680.8210747612848,2794.0453181809107,1680.8210747612848,False,1678.1791395399305,2800.045315892092,1678.1791395399305,False,0.9809051022996333,0.9793633036052425,-0.0015417986943908613,0.0561549063173316,56.1549063173316,2797.0523454827226,2.0038148129221955
1698,0,25.137847124948166,1787085118.302046,0.012888999888673425,1680.0853135850691,2794.0453181809107,1680.0853135850691,False,1676.9667290581597,2800.045315892092,1676.9667290581597,False,0.9804757217411307,0.9786557567726212,-0.0018199649685095576,0.06446253137790596,64.46253137790596,2797.0606531077833,2.300261610687481
1699,0,25.151309874490835,1787085118.3160121,0.013901083031669259,1676.5772922092012,2794.0453181809107,1676.5772922092012,False,1677.538308376736,2800.045315892092,1677.538308376736,False,0.9784284865426706,0.9789893229554703,0.0005608364127996923,-0.006641721940650402,-6.641721940650402,2796.989548854465,-0.2370012111279761
1700,0,25.16519379138481,1787085118.329831,0.013736082939431071,1678.5640814887151,2794.0453181809107,1678.5640814887151,False,1676.7182725694443,2800.045315892092,1676.7182725694443,False,0.9795879506704904,0.9785107608291862,-0.001077189841304227,0.042279046767153994,42.27904676715399,2797.0384696231727,1.5086728078487723
1701,0,25.179171541472897,1787085118.3439481,0.014043833129107952,1682.8877305772571,2794.0453181809107,1682.8877305772571,False,1682.4259982638891,2800.045315892092,1682.4259982638891,False,0.9821111754891144,0.9818417145757072,-0.00026946091340718237,0.018155672699581054,18.155672699581054,2797.014346249105,0.6478615722088586
1702,0,25.1927440619329,1787085118.356978,0.012962708016857505,1677.6834038628472,2794.0453181809107,1677.6834038628472,False,1679.8890923394097,2800.045315892092,1679.8890923394097,False,0.9790739987753919,0.9803612095994536,0.0012872108240616909,-0.028335388009546898,-28.335388009546897,2796.967855188396,-1.0111114762184876
1703,0,25.205923999426886,1787085118.3703082,0.013264082837849855,1682.9167290581597,2794.0453181809107,1682.9167290581597,False,1679.4968153211805,2800.045315892092,1679.4968153211805,False,0.9821280986216855,0.9801322818840211,-0.0019958167376643576,0.0697144641257033,69.7144641257033,2797.065905040531,2.4876700016308626
1704,0,25.219190311967395,1787085118.383509,0.013134707929566503,1680.6198893229168,2794.0453181809107,1680.6198893229168,False,1676.2858425564234,2800.045315892092,1676.2858425564234,False,0.9807876931202942,0.9782584003533872,-0.002529292766907054,0.08564708875388227,85.64708875388227,2797.081837665159,3.056204994072305
1705,0,25.232383541529998,1787085118.396677,0.013122417032718658,1679.2125217013886,2794.0453181809107,1679.2125217013886,False,1676.6264322916668,2800.045315892092,1676.6264322916668,False,0.9799663718615967,0.9784571640493616,-0.0015092078122351804,0.055181557444609425,55.181557444609425,2797.05137213385,1.9690821240582865
1706,0,25.245295478962362,1787085118.409373,0.012633292004466057,1677.9664388020835,2794.0453181809107,1677.9664388020835,False,1675.6267822265625,2800.045315892092,1675.6267822265625,False,0.9792391742483765,0.9778737814013815,-0.001365392846994995,0.05088642564583076,50.88642564583076,2797.047077002051,1.815815930838951
1707,0,25.258481999509968,1787085118.423031,0.013593333074823022,1673.2572998046876,2794.0453181809107,1673.2572998046876,False,1672.4040690104168,2800.045315892092,1672.4040690104168,False,0.9764909825822052,0.9759930482975235,-0.0004979342846817003,0.02497918540214603,24.97918540214603,2797.0211697618074,0.8913497502906804
1708,0,25.271688312408514,1787085118.435783,0.012685124995186925,1681.6165120442706,2794.0453181809107,1681.6165120442706,False,1682.201158311632,2800.045315892092,1682.201158311632,False,0.9813693090502246,0.9817105009327554,0.00034119188253078914,-8.188858248637459e-05,-0.0818885824863746,2796.996108687823,-0.002922087585154674
1709,0,25.284547332907096,1787085118.448747,0.012900583911687136,1673.0854302300347,2794.0453181809107,1673.0854302300347,False,1677.0948215060766,2800.045315892092,1677.0948215060766,False,0.9763906817558778,0.978730509842781,0.0023398280869031396,-0.05977251883958898,-59.772518839588976,2796.936418057566,-2.132904611746681
1710,0,25.297433604020625,1787085118.461559,0.01274754200130701,1679.3016655815973,2794.0453181809107,1679.3016655815973,False,1678.1879937065974,2800.045315892092,1678.1879937065974,False,0.9800183950592163,0.9793684707806133,-0.000649924278602998,0.02951846999535419,29.51846999535419,2797.0257090464006,1.0533282185039319
1711,0,25.31052956194617,1787085118.474935,0.013310291804373264,1679.457090928819,2794.0453181809107,1679.457090928819,False,1676.2495632595487,2800.045315892092,1676.2495632595487,False,0.9801090992504035,0.9782372282322456,-0.001871871018157889,0.06601274087120308,66.01274087120308,2797.0622033172767,2.355578820696656
1712,0,25.324491603998467,1787085118.4894872,0.014482458122074604,1678.0190917968746,2794.0453181809107,1678.0190917968746,False,1679.4330050998262,2800.045315892092,1679.4330050998262,False,0.97926990184456,0.9800950430769613,0.0008251412324012941,-0.014535365229757066,-14.535365229757065,2796.9816552111756,-0.5186756076847369
1713,0,25.338812749949284,1787085118.503545,0.013960750075057149,1679.6558566623262,2794.0453181809107,1679.6558566623262,False,1676.2186062282988,2800.045315892092,1676.2186062282988,False,0.9802250963217676,0.9782191621154167,-0.002005934206350868,0.07001662921266766,70.01662921266765,2797.066207205618,2.498452369849688
1714,0,25.353023729054257,1787085118.517944,0.014323208015412092,1677.9002956814234,2794.0453181809107,1677.9002956814234,False,1675.6639268663196,2800.045315892092,1675.6639268663196,False,0.9792005739919234,0.9778954585252633,-0.0013051154666601228,0.049086200665134236,49.086200665134236,2797.0452767770703,1.7515772432605707
1715,0,25.36735008296091,1787085118.532189,0.014165416127070785,1682.1150716145833,2794.0453181809107,1682.1150716145833,False,1679.0942057291668,2800.045315892092,1679.0942057291668,False,0.981660261867073,0.9798973242142424,-0.0017629376528306429,0.0627593717897336,62.759371789733606,2797.058949948195,2.2394865754258353
1716,0,25.381469874992035,1787085118.546185,0.01392324990592897,1670.097824435764,2794.0453181809107,1670.097824435764,False,1671.7783881293403,2800.045315892092,1671.7783881293403,False,0.9746471542553816,0.9756279091534023,0.0009807548980206304,-0.019182873244029834,-19.182873244029835,2796.9770077031612,-0.6845158879542476
1717,0,25.39576045796275,1787085118.5607731,0.014516083989292383,1673.8428602430554,2794.0453181809107,1673.8428602430554,False,1676.09443359375,2800.045315892092,1676.09443359375,False,0.9768327079629281,0.9781466965968533,0.0013139886339251783,-0.029135125522636918,-29.13512552263692,2796.9670554508825,-1.0396490694632072
1718,0,25.41016245796345,1787085118.5749938,0.01413699984550476,1672.7829291449652,2794.0453181809107,1672.7829291449652,False,1674.7075385199653,2800.045315892092,1674.7075385199653,False,0.9762141460958654,0.9773373228481199,0.0011231767522544844,-0.023436398834633086,-23.436398834633085,2796.9727541775706,-0.8362974177359793
1719,0,25.42365254147444,1787085118.587734,0.012673166813328862,1674.8632703993055,2794.0453181809107,1674.8632703993055,False,1670.6028428819445,2800.045315892092,1670.6028428819445,False,0.9774282059274252,0.9749418763873516,-0.0024863295400735508,0.08436396274927953,84.36396274927952,2797.0805545391545,3.0104183110647846
1720,0,25.436357000027783,1787085118.600412,0.012618500040844083,1677.0173231336805,2794.0453181809107,1677.0173231336805,False,1676.7105523003472,2800.045315892092,1676.7105523003472,False,0.9786852828105617,0.9785062553815439,-0.00017902742901776403,0.015454815150948074,15.454815150948074,2797.011645391556,0.551484982548818
1721,0,25.44903739541769,1787085118.613099,0.012621874921023846,1674.0562554253472,2794.0453181809107,1674.0562554253472,False,1673.909353298611,2800.045315892092,1673.909353298611,False,0.976957242588451,0.9768715124367899,-8.573015166102316e-05,0.012668428476618594,12.668428476618594,2797.0088590048817,0.4520563972530186
1722,0,25.4620936664287,1787085118.6265202,0.01335491705685854,1672.2146158854168,2794.0453181809107,1672.2146158854168,False,1679.188099500868,2800.045315892092,1679.188099500868,False,0.9758824859421666,0.979952119386149,0.004069633443982368,-0.1114343329107481,-111.4343329107481,2796.8847562434944,-3.9763892702950363
1723,0,25.475775395403616,1787085118.640466,0.013881624909117818,1676.303586154514,2794.0453181809107,1676.303586154514,False,1673.5099365234375,2800.045315892092,1673.5099365234375,False,0.9782687552841777,0.9766384180529827,-0.0016303372311949893,0.05879916996687344,58.79916996687344,2797.054989746372,2.098171922883009
1724,0,25.489456457900815,1787085118.653882,0.013346499996259809,1679.5279893663196,2794.0453181809107,1679.5279893663196,False,1672.1014811197917,2800.045315892092,1672.1014811197917,False,0.9801504746473053,0.9758164619789289,-0.004334012668376408,0.13954627667041042,139.5462766704104,2797.1357368530757,4.979527429004083
1725,0,25.502489936887287,1787085118.6665301,0.012579791946336627,1676.6102349175349,2794.0453181809107,1676.6102349175349,False,1671.5165011935765,2800.045315892092,1671.5165011935765,False,0.9784477114745643,0.9754750753774735,-0.002972636097090864,0.09888783899200021,98.88783899200021,2797.0950784153974,3.5286839491864193
1726,0,25.51547620794736,1787085118.6798568,0.013261083979159594,1680.1958902994788,2794.0453181809107,1680.1958902994788,False,1678.4762288411462,2800.045315892092,1678.4762288411462,False,0.9805402528592781,0.9795366810192796,-0.0010035718399985516,0.04008039506326177,40.08039506326177,2797.0362709714686,1.4302167807330064
1727,0,25.528754770522937,1787085118.69309,0.013162625022232533,1679.930666775174,2794.0453181809107,1679.930666775174,False,1674.845236545139,2800.045315892092,1674.845236545139,False,0.9803854718941016,0.9774176816070013,-0.002967790287100369,0.09874311557920203,98.74311557920203,2797.0949336919844,3.523519682386598
1728,0,25.541477124439552,1787085118.705287,0.012135082855820656,1674.6988823784723,2794.0453181809107,1674.6988823784723,False,1669.8751003689235,2800.045315892092,1669.8751003689235,False,0.9773322712376397,0.9745171754153674,-0.00281509582227224,0.09418279148298947,94.18279148298947,2797.0903733678883,3.3607904468665954
1729,0,25.55405202053953,1787085118.718254,0.012905040988698602,1676.158078342014,2794.0453181809107,1676.158078342014,False,1679.0353976779516,2800.045315892092,1679.0353976779516,False,0.9781838388359912,0.979863004607974,0.0016791657719827935,-0.04004138924309691,-40.04138924309691,2796.9561491871623,-1.4288249087602378
1730,0,25.5670200829627,1787085118.731219,0.012900334084406495,1674.2186740451386,2794.0453181809107,1674.2186740451386,False,1672.9010443793402,2800.045315892092,1672.9010443793402,False,0.9770520279616558,0.976283076595249,-0.000768951366406756,0.03307329496706783,33.07329496706783,2797.029263871372,1.1801775252307962
1731,0,25.57991939538624,1787085118.744052,0.012770375004038215,1681.4282823350695,2794.0453181809107,1681.4282823350695,False,1681.6410780164933,2800.045315892092,1681.6410780164933,False,0.9812594606642588,0.9813836454289492,0.00012418476469033823,0.006399176658819852,6.399176658819853,2797.002589753064,0.22834629813088253
1732,0,25.59273616655264,1787085118.756852,0.012735083000734448,1680.0607449001734,2794.0453181809107,1680.0607449001734,False,1673.7513129340277,2800.045315892092,1673.7513129340277,False,0.9804613837793257,0.9767792821558179,-0.003682101623507794,0.12007650970899682,120.07650970899682,2797.1162670861145,4.284774111796917
1733,0,25.605474311858416,1787085118.769527,0.0126092080026865,1676.2436713324653,2794.0453181809107,1676.2436713324653,False,1676.411941189236,2800.045315892092,1676.411941189236,False,0.9782337897809879,0.9783319898592401,9.820007825223076e-05,0.007175227001113591,7.1752270011135915,2797.0033658034063,0.25603864548649696
1734,0,25.61839993693866,1787085118.782704,0.01311095803976059,1679.7837754991317,2794.0453181809107,1679.7837754991317,False,1677.8918375651042,2800.045315892092,1677.8918375651042,False,0.9802997480747632,0.9791956379463336,-0.0011041101284295918,0.0430830394606216,43.0830394606216,2797.039273615866,1.5373622416721953
1735,0,25.63155668694526,1787085118.795839,0.013069957960397005,1673.3063042534723,2794.0453181809107,1673.3063042534723,False,1674.2616509331597,2800.045315892092,1674.2616509331597,False,0.9765195809348617,0.9770771087090202,0.0005575277741585172,-0.006542907196199814,-6.542907196199814,2796.9896476692093,-0.2334751354624541
1736,0,25.64447802049108,1787085118.8085482,0.012640540953725576,1684.613161892361,2794.0453181809107,1684.613161892361,False,1678.1819769965277,2800.045315892092,1678.1819769965277,False,0.9831181145417399,0.9793649595076438,-0.003753155034096123,0.12219856816598645,122.19856816598646,2797.118389144571,4.360497008492237
1737,0,25.657521020504646,1787085118.8219252,0.01330954092554748,1686.8506510416669,2794.0453181809107,1686.8506510416669,False,1683.229066297743,2800.045315892092,1683.229066297743,False,0.9844238838207251,0.9823103745322781,-0.002113509288447002,0.07322943224116794,73.22943224116794,2797.0694200086464,2.6130970682689103
1738,0,25.67084233299829,1787085118.835192,0.01319958409294486,1678.1148952907988,2794.0453181809107,1678.1148952907988,False,1675.7020290798614,2800.045315892092,1675.7020290798614,False,0.9793258115052724,0.9779176944766286,-0.0014081170286438516,0.05216241240333077,52.16241240333077,2797.048352988809,1.861347859096873
1739,0,25.68400927039329,1787085118.848234,0.012952374992892146,1675.9322591145833,2794.0453181809107,1675.9322591145833,False,1678.3023735894099,2800.045315892092,1678.3023735894099,False,0.9780520537009103,0.9794352213778873,0.001383167676976993,-0.031201204717696246,-31.201204717696246,2796.964989371688,-1.1133744189871626
1740,0,25.69718037499115,1787085118.8615592,0.013258249964565039,1678.235636393229,2794.0453181809107,1678.235636393229,False,1679.0080295138887,2800.045315892092,1679.0080295138887,False,0.9793962744267634,0.9798470329068971,0.00045075848013376163,-0.0033541695767664824,-3.3541695767664823,2796.9928364068287,-0.11968917987319734
1741,0,25.71026608289685,1787085118.8744,0.012774666072800756,1677.404888237847,2794.0453181809107,1677.404888237847,False,1678.2729437934026,2800.045315892092,1678.2729437934026,False,0.9789114607148363,0.9794180465354865,0.0005065858206502183,-0.005021491090164,-5.021491090164,2796.991169085315,-0.1791853800372538
1742,0,25.723299040924758,1787085118.8876271,0.013161499984562397,1676.8471354166668,2794.0453181809107,1676.8471354166668,False,1671.871657986111,2800.045315892092,1671.871657986111,False,0.9785859634942619,0.9756823402167503,-0.002903623277511591,0.09682672417405858,96.82672417405857,2797.0930173005795,3.4551357470046593
1743,0,25.736348353908397,1787085118.900497,0.012804208090528846,1679.0110649956598,2794.0453181809107,1679.0110649956598,False,1677.9295789930559,2800.045315892092,1677.9295789930559,False,0.9798488043741889,0.9792176633479672,-0.0006311410262216377,0.028957495381530605,28.957495381530606,2797.025148071787,1.0333105688527906
1744,0,25.749238895485178,1787085118.913413,0.012849375139921904,1672.3725857204859,2794.0453181809107,1672.3725857204859,False,1675.29306640625,2800.045315892092,1675.29306640625,False,0.9759746750630406,0.9776790292318747,0.0017043541688340769,-0.04079365785502835,-40.79365785502835,2796.9553969185504,-1.4556686359915911
1745,0,25.76234504149761,1787085118.926708,0.01322591700591147,1675.775043402778,2794.0453181809107,1675.775043402778,False,1672.6125081380208,2800.045315892092,1672.6125081380208,False,0.977960304676468,0.9761146906346263,-0.0018456140418416922,0.06522855840641491,65.2285584064149,2797.061419134812,2.3275962891241404
1746,0,25.77566422894597,1787085118.94007,0.013273791875690222,1685.528795030382,2794.0453181809107,1685.528795030382,False,1681.6670925564235,2800.045315892092,1681.6670925564235,False,0.9836524660146039,0.9813988271727616,-0.002253638841842265,0.07741449670738296,77.41449670738295,2797.0736050731125,2.7624356518478073
1747,0,25.788898415863514,1787085118.953155,0.013014249969273806,1677.9339816623265,2794.0453181809107,1677.9339816623265,False,1674.0531928168402,2800.045315892092,1674.0531928168402,False,0.9792202326879261,0.9769554552903524,-0.002264777397573692,0.07774715725376365,77.74715725376365,2797.073937733659,2.774306210882231
1748,0,25.801773978979327,1787085118.965823,0.012601792113855481,1675.6747097439234,2794.0453181809107,1675.6747097439234,False,1671.8888807508683,2800.045315892092,1671.8888807508683,False,0.977901751271004,0.9756923911960483,-0.0022093600749556463,0.07609208120390737,76.09208120390737,2797.0722826576093,2.715246974161696
1749,0,25.81487954140175,1787085118.9793658,0.013470832956954837,1685.2273111979168,2794.0453181809107,1685.2273111979168,False,1684.956746419271,2800.045315892092,1684.956746419271,False,0.98347652400985,0.9833186259587955,-0.00015789805105448362,0.014823771900150556,14.823771900150556,2797.0110143483053,0.5289670246984925
1750,0,25.829030166496523,1787085118.99412,0.014683916931971908,1673.435305447049,2794.0453181809107,1673.435305447049,False,1676.7506890190969,2800.045315892092,1676.7506890190969,False,0.9765948643370524,0.978529678643426,0.0019348143063735446,-0.04767650668403243,-47.676506684032425,2796.948514069721,-1.7012741465897954
1751,0,25.84277862450108,1787085119.006859,0.01267066691070795,1679.5045328776043,2794.0453181809107,1679.5045328776043,False,1674.9747531467015,2800.045315892092,1674.9747531467015,False,0.980136785748583,0.9774932657945229,-0.0026435199540600918,0.08905856142647005,89.05856142647005,2797.085249137832,3.1779389604078663
1752,0,25.855618083034642,1787085119.019808,0.012883499963209033,1672.765681966146,2794.0453181809107,1672.765681966146,False,1669.357581922743,2800.045315892092,1669.357581922743,False,0.9762040808688416,0.97421515844758,-0.0019889224212615852,0.06950856067495369,69.50856067495369,2797.06569913708,2.4803226047300058
1753,0,25.868866457953118,1787085119.033355,0.013473666040226817,1676.8949137369789,2794.0453181809107,1676.8949137369789,False,1673.7836968315974,2800.045315892092,1673.7836968315974,False,0.9786138462944464,0.9767981809730896,-0.0018156653213567964,0.06433411948990453,64.33411948990452,2797.0605246958953,2.2956793994399276
1754,0,25.88261510396842,1787085119.047303,0.013875792035833001,1673.7164469401039,2794.0453181809107,1673.7164469401039,False,1675.5884819878472,2800.045315892092,1675.5884819878472,False,0.9767589348197152,0.977851429885126,0.001092495065410759,-0.02252006937905407,-22.52006937905407,2796.9736705070263,-0.8035993926296771
1755,0,25.896904624416493,1787085119.061934,0.0145564170088619,1670.5969292534724,2794.0453181809107,1670.5969292534724,False,1674.1005099826386,2800.045315892092,1674.1005099826386,False,0.9749384252714485,0.9769830689668199,0.0020446436953713842,-0.05095663612214211,-50.95663612214211,2796.9452339402833,-1.8183213003904548
1756,0,25.91101556189824,1787085119.075528,0.01351695810444653,1673.7979871961809,2794.0453181809107,1673.7979871961809,False,1672.2236002604168,2800.045315892092,1672.2236002604168,False,0.9768065206421622,0.9758877291054103,-0.0009187915367518951,0.03754837361628191,37.54837361628191,2797.0337389500214,1.3398648878205077
1757,0,25.925086041446775,1787085119.090087,0.014468667097389698,1679.265074327257,2794.0453181809107,1679.265074327257,False,1678.1521267361113,2800.045315892092,1678.1521267361113,False,0.9799970408837952,0.9793475392877363,-0.0006495015960589212,0.02950584629355222,29.50584629355222,2797.0256964226987,1.0528777581199051
1758,0,25.939546291017905,1787085119.104413,0.014213250018656254,1679.0499403211804,2794.0453181809107,1679.0499403211804,False,1678.3824028862848,2800.045315892092,1678.3824028862848,False,0.9798714915035504,0.9794819254243898,-0.00038956607916051933,0.02174269520285941,21.74269520285941,2797.017933271608,0.775859805982708
1759,0,25.953490811865777,1787085119.118054,0.013503958005458117,1675.465966796875,2794.0453181809107,1675.465966796875,False,1674.7695963541669,2800.045315892092,1674.7695963541669,False,0.9777799316288639,0.9773735389850544,-0.00040639264380948337,0.02224523200608617,22.24523200608617,2797.0184358084116,0.7937921783502059
1760,0,25.968047999427654,1787085119.133472,0.015323083149269223,1681.8163302951386,2794.0453181809107,1681.8163302951386,False,1679.4955268012152,2800.045315892092,1679.4955268012152,False,0.9814859203568961,0.9801315299206936,-0.0013543904362024461,0.05055783116069232,50.55783116069232,2797.046748407566,1.8040904639128004
1761,0,25.983142874436453,1787085119.148237,0.014674833044409752,1676.0281087239587,2794.0453181809107,1676.0281087239587,False,1677.2747260199653,2800.045315892092,1677.2747260199653,False,0.9781079902739944,0.9788354997541107,0.0007275094801162396,-0.011619526512209995,-11.619526512209994,2796.984571049893,-0.4146276945550241
1762,0,25.997828374500386,1787085119.162849,0.014530666870996356,1671.962708875868,2794.0453181809107,1671.962708875868,False,1678.1992485894098,2800.045315892092,1678.1992485894098,False,0.9757354763200945,0.9793750389823941,0.003639562662299589,-0.09858997636519479,-98.58997636519479,2796.8976006000403,-3.518055108663816
1763,0,26.012269457918592,1787085119.177118,0.014190334128215909,1671.8166883680556,2794.0453181809107,1671.8166883680556,False,1671.7182183159723,2800.045315892092,1671.7182183159723,False,0.9756502606696578,0.9755927948406278,-5.746582902999009e-05,0.01182429524819733,11.824295248197329,2797.0080148716534,0.42193460063507454
1764,0,26.026635103859007,1787085119.191585,0.01438495796173811,1678.79892578125,2794.0453181809107,1678.79892578125,False,1678.5286105685761,2800.045315892092,1678.5286105685761,False,0.9797250027150254,0.9795672503073941,-0.00015775240763127307,0.01481942216021028,14.81942216021028,2797.0110099985654,0.5288118098847516
1765,0,26.040670832968317,1787085119.205178,0.013512999983504415,1677.5023057725696,2794.0453181809107,1677.5023057725696,False,1669.8194525824651,2800.045315892092,1669.8194525824651,False,0.978968312308559,0.9744847000981024,-0.004483612210456567,0.14401416879275034,144.01416879275033,2797.140204745198,5.138958349727032
1766,0,26.053957374882884,1787085119.218178,0.012912750011309981,1679.8460340711804,2794.0453181809107,1679.8460340711804,False,1673.903995768229,2800.045315892092,1673.903995768229,False,0.9803360813596687,0.9768683858524281,-0.0034676955072405757,0.11367312514958072,113.67312514958073,2797.109863701555,4.0562776602048505
1767,0,26.06709789542947,1787085119.2314382,0.013184041017666459,1673.28515625,2794.0453181809107,1673.28515625,False,1674.4328233506944,2800.045315892092,1674.4328233506944,False,0.976507239237806,0.9771770026836103,0.0006697634458042723,-0.0098949019029945,-9.8949019029945,2796.9862956745023,-0.3530867079287218
1768,0,26.080288374912925,1787085119.2445629,0.013049749890342355,1679.3299777560765,2794.0453181809107,1679.3299777560765,False,1677.2737982855901,2800.045315892092,1677.2737982855901,False,0.9800349176723729,0.9788349583405147,-0.0011999593318582358,0.04594564114359957,45.94564114359957,2797.042136217549,1.639510460448172
1769,0,26.093806020449847,1787085119.258471,0.01383895892649889,1680.4641710069445,2794.0453181809107,1680.4641710069445,False,1675.6122775607641,2800.045315892092,1675.6122775607641,False,0.9806968179563923,0.9778653166689347,-0.002831501287457572,0.09467275186418898,94.67275186418898,2797.0908633282693,3.378274045967349
1770,0,26.107083415961824,1787085119.2711198,0.01257975003682077,1668.8229654947918,2794.0453181809107,1668.8229654947918,False,1669.5893391927082,2800.045315892092,1669.5893391927082,False,0.9739031633222065,0.9743504089462901,0.00044724562408360313,-0.003249255740432628,-3.249255740432628,2796.992941320665,-0.11594546604455566
1771,0,26.119767499389127,1787085119.283842,0.012653667014092207,1679.9122341579864,2794.0453181809107,1679.9122341579864,False,1675.9269911024305,2800.045315892092,1675.9269911024305,False,0.9803747148608162,0.9780489793582112,-0.002325735502604953,0.0795677125407311,79.5677125407311,2797.075758288946,2.8392703590041073
1772,0,26.132735957973637,1787085119.297055,0.013142916141077876,1672.4008246527778,2794.0453181809107,1672.4008246527778,False,1675.738148328993,2800.045315892092,1675.738148328993,False,0.9759911549330187,0.9779387731960095,0.0019476182629908356,-0.048058905561126075,-48.058905561126075,2796.9481316708443,-1.7149195532802624
1773,0,26.145882645389065,1787085119.310146,0.013013374991714954,1678.874679904514,2794.0453181809107,1678.874679904514,False,1676.6985460069445,2800.045315892092,1676.6985460069445,False,0.9797692118263613,0.978499248666412,-0.0012699631599493166,0.0480363531050987,48.0363531050987,2797.0442269295104,1.7141147982122003
1774,0,26.158753916504793,1787085119.322788,0.012574666878208518,1676.8551676432294,2794.0453181809107,1676.8551676432294,False,1675.4458523220485,2800.045315892092,1675.4458523220485,False,0.9785906509961836,0.9777681930855511,-0.0008224579106325125,0.03467130432000955,34.67130432000955,2797.0308618807253,1.237200411076561
1775,0,26.17168827052228,1787085119.336013,0.013158875051885843,1681.133775499132,2794.0453181809107,1681.133775499132,False,1678.2486490885417,2800.045315892092,1678.2486490885417,False,0.9810875903430384,0.9794038684648311,-0.0016837218782073116,0.06039353877658844,60.39353877658844,2797.056584115182,2.1550649006775777
1776,0,26.185180791537277,1787085119.349768,0.013681167038157582,1674.9220784505208,2794.0453181809107,1674.9220784505208,False,1677.6859564887152,2800.045315892092,1677.6859564887152,False,0.9774625255336935,0.9790754884543208,0.0016129629206272922,-0.038064196038259446,-38.064196038259446,2796.958126380367,-1.3582713402176507
1777,0,26.198798291385174,1787085119.36325,0.013412333093583584,1675.072607421875,2794.0453181809107,1675.072607421875,False,1677.6262396918403,2800.045315892092,1677.6262396918403,False,0.9775503722642365,0.9790406385160215,0.0014902662517850551,-0.034399776531788974,-34.39977653178897,2796.9617907998736,-1.2275112950252989
1778,0,26.212130186962895,1787085119.376436,0.013115708017721772,1675.5888481987852,2794.0453181809107,1675.5888481987852,False,1674.7916965060763,2800.045315892092,1674.7916965060763,False,0.9778516436010194,0.9773864363434319,-0.0004652072575874744,0.024001770468191554,24.001770468191555,2797.0201923468735,0.8564719693188536
1779,0,26.225145541364327,1787085119.3892758,0.012769666966050863,1673.6025065104163,2794.0453181809107,1673.6025065104163,False,1671.496400282118,2800.045315892092,1671.496400282118,False,0.9766924406815127,0.975463344749564,-0.0012290959319487538,0.04681582553190767,46.81582553190767,2797.0430064019374,1.6705618588319893
1780,0,26.238012395449914,1787085119.4021719,0.012828708859160542,1679.716007486979,2794.0453181809107,1679.716007486979,False,1678.8118136935766,2800.045315892092,1678.8118136935766,False,0.9802601995529773,0.9797325239313814,-0.0005276756215958356,0.02586743066719719,25.86743066719719,2797.0220580070727,0.9230456275762629
1781,0,26.25103814539034,1787085119.415328,0.01308904099278152,1682.4045627170137,2794.0453181809107,1682.4045627170137,False,1677.3110595703129,2800.045315892092,1677.3110595703129,False,0.9818292050720984,0.9788567035368664,-0.002972501535231986,0.09888382021051942,98.88382021051942,2797.095074396616,3.528540544194955
1782,0,26.26413304102607,1787085119.428362,0.012966000009328127,1669.3988932291668,2794.0453181809107,1669.3988932291668,False,1671.1300130208333,2800.045315892092,1671.1300130208333,False,0.9742392671834009,0.9752495259562324,0.0010102587728314516,-0.0200640265417795,-20.064026541779498,2796.9761265498637,-0.7159586976084605
1783,0,26.27709783287719,1787085119.44125,0.012817915994673967,1682.496910264757,2794.0453181809107,1682.496910264757,False,1679.0383626302082,2800.045315892092,1679.0383626302082,False,0.9818830978880122,0.9798647349151675,-0.002018362972844745,0.07038782278141964,70.38782278141964,2797.0665783991867,2.511697929682402
1784,0,26.289981374517083,1787085119.454135,0.012821666896343231,1674.61533203125,2794.0453181809107,1674.61533203125,False,1666.9052381727429,2800.045315892092,1666.9052381727429,False,0.9772835123524021,0.9727840028456612,-0.004499509506740829,0.1444889523639253,144.4889523639253,2797.1406795287694,5.155900384096678
1785,0,26.303056520526297,1787085119.467398,0.013200124958530068,1673.5610948350695,2794.0453181809107,1673.5610948350695,False,1677.1905924479167,2800.045315892092,1677.1905924479167,False,0.9766682733717066,0.9787864005065249,0.002118127134818293,-0.05315126904455685,-53.151269044556855,2796.943039307361,-1.8966339225148747
1786,0,26.316104520461522,1787085119.480233,0.012770041124895215,1678.4427517361114,2794.0453181809107,1678.4427517361114,False,1682.706947157118,2800.045315892092,1682.706947157118,False,0.97951714422049,0.9820056726596412,0.0024885284391512608,-0.06421355604572271,-64.21355604572271,2796.9319770203597,-2.2913772497046354
1787,0,26.328910770476796,1787085119.493011,0.012711209012195468,1674.6385335286461,2794.0453181809107,1674.6385335286461,False,1672.6613579644095,2800.045315892092,1672.6613579644095,False,0.9772970524415397,0.9761431987516833,-0.0011538536898564322,0.04456866477167387,44.56866477167387,2797.040759241177,1.5903748491176803
1788,0,26.342129354015924,1787085119.5066721,0.013590791961178184,1683.5711588541665,2794.0453181809107,1683.5711588541665,False,1678.7069661458331,2800.045315892092,1678.7069661458331,False,0.9825100152549542,0.9796713362796501,-0.0028386789753040986,0.09488711839593231,94.8871183959323,2797.0910776948012,3.3859234369088034
1789,0,26.355553645524196,1787085119.519819,0.013041041092947125,1677.4058322482638,2794.0453181809107,1677.4058322482638,False,1671.0151963975695,2800.045315892092,1671.0151963975695,False,0.9789120116269163,0.9751825204829674,-0.0037294911439489375,0.12149182998415516,121.49182998415516,2797.1176824063896,4.335277975455151
1790,0,26.36862035340164,1787085119.532845,0.01295862509869039,1675.5307264539929,2794.0453181809107,1675.5307264539929,False,1677.0298855251735,2800.045315892092,1677.0298855251735,False,0.977817724514165,0.9786926140572348,0.0008748895430698012,-0.01602113238014343,-16.02113238014343,2796.9801694440253,-0.5716932764824233
1791,0,26.38135720801074,1787085119.545302,0.012378500076010823,1680.374758572049,2794.0453181809107,1680.374758572049,False,1677.977029079861,2800.045315892092,1677.977029079861,False,0.9806446380337848,0.9792453545953882,-0.0013992834383965702,0.05189859121959573,51.89859121959573,2797.0480891676248,1.8519337432056713
1792,0,26.394180040922947,1787085119.5584562,0.013057499891147017,1677.4366292317707,2794.0453181809107,1677.4366292317707,False,1673.461083984375,2800.045315892092,1673.461083984375,False,0.9789299843419845,0.9766099083528449,-0.002320075989139636,0.0793986873199559,79.39868731995591,2797.0755892637253,2.833238913786608
1793,0,26.407330811955035,1787085119.571624,0.013100457843393087,1679.9421088324652,2794.0453181809107,1679.9421088324652,False,1674.0607557508683,2800.045315892092,1674.0607557508683,False,0.9803921493284499,0.9769598689193151,-0.0034322804091347914,0.1126154291457123,112.61542914571231,2797.108806005551,4.018535153643745
1794,0,26.420160895446315,1787085119.584119,0.012431208975613117,1678.3446343315973,2794.0453181809107,1678.3446343315973,False,1678.220166015625,2800.045315892092,1678.220166015625,False,0.9794598841919495,0.979387246117591,-7.263807435853309e-05,0.01227742467920377,12.27742467920377,2797.0084680010846,0.4381039351699889
1795,0,26.432902853935957,1787085119.597106,0.01292129186913371,1676.6613199869794,2794.0453181809107,1676.6613199869794,False,1676.8432291666668,2800.045315892092,1676.8432291666668,False,0.9784775240501097,0.9785836838580689,0.00010615980795924962,0.0069375042570500485,6.9375042570500485,2797.0031280806625,0.24755581847880562
1796,0,26.44544937449973,1787085119.609202,0.012043332913890481,1672.1527587890625,2794.0453181809107,1672.1527587890625,False,1673.9332709418402,2800.045315892092,1673.9332709418402,False,0.9758463869532031,0.9768854704592296,0.0010390835060264392,-0.020924896813036272,-20.924896813036273,2796.975265679592,-0.7466777338365783
1797,0,26.45796327048447,1787085119.622147,0.012883540941402316,1674.8074191623266,2794.0453181809107,1674.8074191623266,False,1676.075537109375,2800.045315892092,1676.075537109375,False,0.9773956118791086,0.9781356688567701,0.0007400569776614407,-0.011994266064602776,-11.994266064602776,2796.984196310341,-0.42799978820306794
1798,0,26.47077310399618,1787085119.634815,0.012575708096846938,1674.8498345269102,2794.0453181809107,1674.8498345269102,False,1671.6360324435761,2800.045315892092,1671.6360324435761,False,0.9774203649287703,0.9755448322449768,-0.0018755326837934794,0.06612209900706643,66.12209900706644,2797.062312675412,2.359481123575023
1799,0,26.48338068742305,1787085119.647351,0.012469625100493431,1671.5485188802081,2794.0453181809107,1671.5485188802081,False,1675.7677354600696,2800.045315892092,1675.7677354600696,False,0.9754937604788518,0.9779560398570903,0.0024622793782385077,-0.06342960997984458,-63.42960997984458,2796.9327609664256,-2.2634031537198323
1800,0,26.496442916453816,1787085119.660974,0.013542833039537072,1671.464222547743,2794.0453181809107,1671.464222547743,False,1673.1530083550347,2800.045315892092,1673.1530083550347,False,0.9754445662464247,0.9764301194620155,0.0009855532155907953,-0.019326178263377673,-19.326178263377674,2796.976864398142,-0.6896295412281499
1801,0,26.50999006186612,1787085119.6744268,0.01336929202079773,1671.830859375,2794.0453181809107,1671.830859375,False,1667.373046875,2800.045315892092,1667.373046875,False,0.9756585306831799,0.9730570098598131,-0.002601520823366732,0.08780422880913194,87.80422880913194,2797.0839948052144,3.13317973198444
1802,0,26.523262416478246,1787085119.687518,0.013004582840949297,1681.246156141493,2794.0453181809107,1681.246156141493,False,1674.0869493272571,2800.045315892092,1674.0869493272571,False,0.9811531742098443,0.9769751551464531,-0.004178019063391214,0.13488742150843866,134.88742150843865,2797.131077997914,4.8132822405237885
1803,0,26.536638353485614,1787085119.7011762,0.013575375080108643,1674.7986789279516,2794.0453181809107,1674.7986789279516,False,1675.4232340494796,2800.045315892092,1675.4232340494796,False,0.9773905111931269,0.977754993358762,0.00036448216563511604,-0.0007774687357540382,-0.7774687357540382,2796.9954131076697,-0.027742960881888316
1804,0,26.55014087446034,1787085119.714541,0.013267832808196545,1672.4335123697917,2794.0453181809107,1672.4335123697917,False,1676.561707899306,2800.045315892092,1676.561707899306,False,0.9760102310553276,0.9784193917441095,0.0024091606887819417,-0.06184318417350858,-61.843184173508575,2796.9343473922318,-2.206793611672444
1805,0,26.56359893688932,1787085119.728058,0.013422207906842232,1675.6309950086804,2794.0453181809107,1675.6309950086804,False,1671.873828125,2800.045315892092,1671.873828125,False,0.9778762399256923,0.975683606681302,-0.0021926332443902297,0.07559252302695188,75.59252302695188,2797.071783099432,2.697420890199539
1806,0,26.57689470797777,1787085119.741151,0.01301383413374424,1676.6396484375,2794.0453181809107,1676.6396484375,False,1675.1683159722222,2800.045315892092,1675.1683159722222,False,0.9784648768184809,0.9776062265171245,-0.0008586503013564561,0.035752214696844205,35.752214696844206,2797.031942791102,1.275771292350992
1807,0,26.58993458293844,1787085119.754137,0.012907834025099874,1680.9175699869793,2794.0453181809107,1680.9175699869793,False,1676.8989990234375,2800.045315892092,1676.8989990234375,False,0.9809614156459214,0.978616230413965,-0.0023451852319564814,0.08014859194278685,80.14859194278685,2797.076339168348,2.859998285140838
1808,0,26.60322524944786,1787085119.767731,0.013516333186998963,1679.1290066189235,2794.0453181809107,1679.1290066189235,False,1681.4543077256944,2800.045315892092,1681.4543077256944,False,0.9799176335564083,0.9812746487403942,0.001357015183985899,-0.03042014271851011,-30.42014271851011,2796.965770433687,-1.0855032371720708
1809,0,26.616858645458706,1787085119.781404,0.013597375014796853,1672.934836154514,2794.0453181809107,1672.934836154514,False,1677.473228624132,2800.045315892092,1677.473228624132,False,0.9763027970313986,0.9789513432666478,0.0026485462352492384,-0.06899259641362217,-68.99259641362217,2796.927197979992,-2.4619110909799518
1810,0,26.630570145556703,1787085119.7951329,0.01363712502643466,1674.5480495876739,2794.0453181809107,1674.5480495876739,False,1679.9078152126738,2800.045315892092,1679.9078152126738,False,0.9772442472020597,0.9803721360223729,0.0031278888203132293,-0.08330848889517752,-83.30848889517752,2796.9128820875103,-2.972755099028601
1811,0,26.64388072839938,1787085119.808047,0.01284637488424778,1674.4162868923613,2794.0453181809107,1674.4162868923613,False,1672.9233262803816,2800.045315892092,1672.9233262803816,False,0.9771673522237271,0.9762960800200327,-0.0008712722036944287,0.03612917639900339,36.12917639900339,2797.032319752804,1.2892226805239577
1812,0,26.657106624916196,1787085119.821584,0.013469500001519918,1679.6377766927083,2794.0453181809107,1679.6377766927083,False,1676.8245442708333,2800.045315892092,1676.8245442708333,False,0.980214545088972,0.9785727795982794,-0.001641765490692615,0.059140482713366596,59.140482713366595,2797.0553310591185,2.110351224427869
1813,0,26.670666791382246,1787085119.835165,0.013512416975572705,1665.4644694010417,2794.0453181809107,1665.4644694010417,False,1663.7593017578124,2800.045315892092,1663.7593017578124,False,0.9719431891144338,0.970948075674559,-0.0009951134398747952,0.03982777918787172,39.82777918787172,2797.036018355593,1.421202511699676
1814,0,26.68380122841336,1787085119.847852,0.012620375026017427,1673.0650227864585,2794.0453181809107,1673.0650227864585,False,1673.6486518012152,2800.045315892092,1673.6486518012152,False,0.9763787722398506,0.9767193704671225,0.00034059822727194877,-6.41586642160544e-05,-0.0641586642160544,2796.996126417741,-0.0022894185061395375
1815,0,26.696779666352086,1787085119.861123,0.013205582974478602,1678.7571234809027,2794.0453181809107,1678.7571234809027,False,1681.0218098958333,2800.045315892092,1681.0218098958333,False,0.9797006074415996,0.9810222486875779,0.0013216412459783333,-0.02936367598898323,-29.363675988983232,2796.9668269004164,-1.0478045956674005
1816,0,26.710264436900616,1787085119.87482,0.013629457913339138,1675.6427652994794,2794.0453181809107,1675.6427652994794,False,1675.810386827257,2800.045315892092,1675.810386827257,False,0.9778831089128044,0.9779809306347718,9.782172196737271e-05,0.00718652686902127,7.18652686902127,2797.0033771032745,0.2564418665794059
1817,0,26.723553707939573,1787085119.887699,0.012814333895221353,1674.4481526692707,2794.0453181809107,1674.4481526692707,False,1670.983984375,2800.045315892092,1670.983984375,False,0.9771859486725868,0.9751643055565536,-0.002021643116033145,0.07048578648978278,70.48578648978278,2797.066676362895,2.5151936372317576
1818,0,26.736314791371115,1787085119.900348,0.012582333059981465,1675.7884195963543,2794.0453181809107,1675.7884195963543,False,1674.6491563585066,2800.045315892092,1674.6491563585066,False,0.977968110847348,0.9773032517855196,-0.0006648590618284489,0.029964507459065762,29.96450745906576,2797.0261550838645,1.0692444854077134
1819,0,26.749230332905427,1787085119.913528,0.013112666085362434,1673.6886962890626,2794.0453181809107,1673.6886962890626,False,1679.1660997178817,2800.045315892092,1679.1660997178817,False,0.9767427399042615,0.9799392806017567,0.003196540697495198,-0.08535882392281292,-85.35882392281292,2796.9108317524824,-3.0459186384103956
1820,0,26.762726561864838,1787085119.92734,0.01374420803040266,1672.5261664496527,2794.0453181809107,1672.5261664496527,False,1675.0375298394097,2800.045315892092,1675.0375298394097,False,0.9760643027593592,0.97752990144784,0.0014655986884808403,-0.03366306296815274,-33.66306296815274,2796.962527513437,-1.2012226294659127
1821,0,26.776575270458125,1787085119.941228,0.013819709187373519,1680.8873426649304,2794.0453181809107,1680.8873426649304,False,1677.6463351779516,2800.045315892092,1677.6463351779516,False,0.9809437753777978,0.9790523659777697,-0.0018914094000280768,0.06659626794105405,66.59626794105405,2797.062786844346,2.3764012254158597
1822,0,26.789838895434514,1787085119.9538639,0.01256904099136591,1680.9289930555556,2794.0453181809107,1680.9289930555556,False,1679.0522298177082,2800.045315892092,1679.0522298177082,False,0.9809680819987049,0.9798728276236524,-0.0010952543750525345,0.042818556359934444,42.81855635993444,2797.0390091327654,1.527924506135257
1823,0,26.802932895487174,1787085119.967416,0.01348337484523654,1673.5934190538196,2794.0453181809107,1673.5934190538196,False,1676.0054416232638,2800.045315892092,1676.0054416232638,False,0.9766871373612032,0.9780947620517525,0.0014076246905493361,-0.0319316300703172,-31.931630070317198,2796.964258946335,-1.1394386979131172
1824,0,26.816769229015335,1787085119.981538,0.014055042061954737,1673.4377305772566,2794.0453181809107,1673.4377305772566,False,1679.4019449869793,2800.045315892092,1679.4019449869793,False,0.9765962796111886,0.9800769168030663,0.0034806371918777446,-0.09384355904690873,-93.84355904690874,2796.9023470173584,-3.348685378493746
1825,0,26.830176332965493,1787085119.994229,0.012623415794223547,1669.1363362630207,2794.0453181809107,1669.1363362630207,False,1668.5368489583332,2800.045315892092,1668.5368489583332,False,0.9740860423865417,0.9737361894695586,-0.0003498529169830844,0.020556634590784162,20.556634590784164,2797.016747210996,0.7335367752920412
1826,0,26.844138624495827,1787085120.009463,0.015163916861638427,1680.723806423611,2794.0453181809107,1680.723806423611,False,1678.258062065972,2800.045315892092,1678.258062065972,False,0.9808483377753486,0.9794093617548236,-0.0014389760205250068,0.05308403719450352,53.084037194503516,2797.0492746135997,1.8942348413682386
1827,0,26.85968933289405,1787085120.0253131,0.01576441596262157,1673.0597439236112,2794.0453181809107,1673.0597439236112,False,1677.210671657986,2800.045315892092,1677.210671657986,False,0.9763756915648287,0.9787981184697887,0.0024224269049599734,-0.062239388746937865,-62.23938874693786,2796.9339511876583,-2.220931656684908
1828,0,26.87469045794569,1787085120.0394812,0.01410158397629857,1680.6976589626734,2794.0453181809107,1680.6976589626734,False,1675.2139458550348,2800.045315892092,1675.2139458550348,False,0.9808330784605822,0.9776328555174031,-0.0032002229431791207,0.10568487501662302,105.68487501662302,2797.101875451422,3.77122734144387
1829,0,26.888187416479923,1787085120.052303,0.012754916911944747,1673.0760308159722,2794.0453181809107,1673.0760308159722,False,1671.405034722222,2800.045315892092,1671.405034722222,False,0.9763851963812886,0.9754100250088598,-0.0009751713724288624,0.03923219577360489,39.23219577360489,2797.035422772179,1.399949892007026
1830,0,26.90158483304549,1787085120.066282,0.013912915950641036,1673.6448133680556,2794.0453181809107,1673.6448133680556,False,1677.5074137369793,2800.045315892092,1677.5074137369793,False,0.9767171304079469,0.9789712932494973,0.0022541628415503334,-0.057214067994431725,-57.21406799443172,2796.938976508411,-2.0416096201267386
1831,0,26.915002999361604,1787085120.079136,0.01278741704300046,1678.791441514757,2794.0453181809107,1678.791441514757,False,1680.0081732855901,2800.045315892092,1680.0081732855901,False,0.979720634995403,0.9804307036755626,0.000710068680159659,-0.01109864515355209,-11.09864515355209,2796.9850919312516,-0.3960407205806484
1832,0,26.928984249476343,1787085120.0942452,0.015039917081594467,1682.3420355902776,2794.0453181809107,1682.3420355902776,False,1680.8600992838542,2800.045315892092,1680.8600992838542,False,0.9817927150622047,0.9809278764984329,-0.0008648385637717304,0.03593703136480808,35.93703136480808,2797.0321276077702,1.2823662348275793
1833,0,26.94281927042175,1787085120.106802,0.012490290915593505,1678.0985514322917,2794.0453181809107,1678.0985514322917,False,1676.1249348958336,2800.045315892092,1676.1249348958336,False,0.979316273444118,0.9781644967561266,-0.0011517766879913793,0.044506633697635,44.506633697635,2797.0406972101027,1.5881613509004782
1834,0,26.955784665886313,1787085120.120254,0.013312249910086393,1676.3297987196179,2794.0453181809107,1676.3297987196179,False,1670.9660346137152,2800.045315892092,1670.9660346137152,False,0.9782840525928804,0.9751538303116309,-0.003130222281249484,0.1035942576146899,103.59425761468991,2797.09978483402,3.696626377914998
1835,0,26.969781791442074,1787085120.1347158,0.01438933308236301,1677.33369140625,2794.0453181809107,1677.33369140625,False,1670.7543809678816,2800.045315892092,1670.7543809678816,False,0.978869911179059,0.9750303120239108,-0.003839599155148199,0.12478028066390456,124.78028066390456,2797.120970857069,4.452622061943497
1836,0,26.98334316641558,1787085120.1473799,0.012592416955158114,1672.5837212456602,2794.0453181809107,1672.5837212456602,False,1673.109627278646,2800.045315892092,1673.109627278646,False,0.9760978909823492,0.9764048028356286,0.0003069118532793569,0.000941907817665643,0.9419078176656429,2796.997132484223,0.03361075569746085
1837,0,26.99622837442439,1787085120.1604888,0.013044582912698388,1679.03955078125,2794.0453181809107,1679.03955078125,False,1677.840882703993,2800.045315892092,1677.840882703993,False,0.9798654283045096,0.9791659013586613,-0.0006995269458482944,0.03099988740580028,30.99988740580028,2797.027190463811,1.1061906724878774
1838,0,27.009692437481135,1787085120.174307,0.013746125157922506,1679.6211480034722,2794.0453181809107,1679.6211480034722,False,1676.2292534722224,2800.045315892092,1676.2292534722224,False,0.9802048408043451,0.9782253757071231,-0.001979465097222022,0.06922611125707953,69.22611125707954,2797.0654166876625,2.4702437645261037
1839,0,27.02325418696273,1787085120.1876118,0.013234792044386268,1676.4876654730901,2794.0453181809107,1676.4876654730901,False,1680.264103190104,2800.045315892092,1680.264103190104,False,0.9783761815566885,0.9805800610062971,0.002203879449608648,-0.055712320277714715,-55.71232027771472,2796.940478256128,-1.9880217055992975
1840,0,27.036410540924408,1787085120.20062,0.012941249879077077,1676.7471842447917,2794.0453181809107,1676.7471842447917,False,1674.9141981336809,2800.045315892092,1674.9141981336809,False,0.9785276333031754,0.9774579266842907,-0.0010697066188847248,0.042055555237481425,42.05555523748143,2797.0382461316426,1.5006978032215752
1841,0,27.0492795414757,1787085120.213365,0.012666416820138693,1671.1835422092015,2794.0453181809107,1671.1835422092015,False,1672.719230143229,2800.045315892092,1672.719230143229,False,0.9752807648874791,0.9761769721951138,0.0008962073076347332,-0.01665780192499085,-16.657801924990853,2796.9795327744805,-0.5944120013199704
1842,0,27.063114562421106,1787085120.228273,0.014834624947980046,1671.0003499348957,2794.0453181809107,1671.0003499348957,False,1672.061208767361,2800.045315892092,1672.061208767361,False,0.9751738562823534,0.975792959563012,0.0006191032806586172,-0.00838190159815779,-8.38190159815779,2796.987808674807,-0.29909725942612725
1843,0,27.077752270386554,1787085120.242645,0.014294625027105212,1674.61044921875,2794.0453181809107,1674.61044921875,False,1674.0775661892362,2800.045315892092,1674.0775661892362,False,0.977280662807161,0.976969679270348,-0.0003109835368130254,0.01939577410252819,19.39577410252819,2797.015586350508,0.6921129782517909
1844,0,27.091470687417313,1787085120.255709,0.012986625079065561,1680.8755533854169,2794.0453181809107,1680.8755533854169,False,1677.7391547309028,2800.045315892092,1677.7391547309028,False,0.9809368953091213,0.9791065342497233,-0.0018303610593980446,0.06477301770652662,64.77301770652662,2797.060963594112,2.3113409115945838
1845,0,27.10516749951057,1787085120.270043,0.014250833075493574,1680.7932156032984,2794.0453181809107,1680.7932156032984,False,1676.1233317057292,2800.045315892092,1676.1233317057292,False,0.9808888440609517,0.9781635611554389,-0.0027252829055127714,0.09150046760890308,91.50046760890308,2797.0876910440143,3.2650752072831533
1846,0,27.120165332918987,1787085120.285696,0.015567915979772806,1680.573733181424,2794.0453181809107,1680.573733181424,False,1678.502001953125,2800.045315892092,1678.502001953125,False,0.980760757002362,0.9795517218689106,-0.001209035133451386,0.04621669613399673,46.216696133996734,2797.042407272539,1.6491827053238914
1847,0,27.135267936973833,1787085120.30025,0.014472292037680745,1677.5534423828126,2794.0453181809107,1677.5534423828126,False,1676.4576171875,2800.045315892092,1676.4576171875,False,0.9789981549626373,0.9783586457718906,-0.0006395091907467343,0.029207416309363993,29.207416309363992,2797.0253979927147,1.0422286721868397
1848,0,27.14925981243141,1787085120.313689,0.013349125161767006,1673.622501627604,2794.0453181809107,1673.622501627604,False,1676.3104112413196,2800.045315892092,1676.3104112413196,False,0.9767041095692753,0.9782727383151926,0.0015686287459172332,-0.03674012574243341,-36.74012574243341,2796.9594504506626,-1.3110236134182633
1849,0,27.16283102054149,1787085120.32738,0.013613875024020672,1675.2917724609374,2794.0453181809107,1675.2917724609374,False,1674.0350341796875,2800.045315892092,1674.0350341796875,False,0.9776782741023856,0.9769448581482167,-0.0007334159541688701,0.03201200569977395,32.01200569977395,2797.028202582105,1.1423067977367238
1850,0,27.17646327044349,1787085120.34095,0.013499874854460359,1672.1210611979163,2794.0453181809107,1672.1210611979163,False,1673.1161756727429,2800.045315892092,1673.1161756727429,False,0.9758278886553458,0.9764086243924129,0.000580735737067184,-0.0072360288008076,-7.2360288008076,2796.9889545476044,-0.2582082786471453
1851,0,27.190200645360164,1787085120.354861,0.013843375025317073,1684.0221571180555,2794.0453181809107,1684.0221571180555,False,1680.3622124565973,2800.045315892092,1680.3622124565973,False,0.982773211918073,0.9806373162855956,-0.0021358956324774026,0.07389801563888868,73.89801563888868,2797.070088592044,2.636954597448211
1852,0,27.203713707975112,1787085120.367976,0.013047334039583802,1675.4792643229164,2794.0453181809107,1675.4792643229164,False,1671.932874891493,2800.045315892092,1671.932874891493,False,0.9777876918904039,0.975718065598671,-0.0020696262917329067,0.07191883668320481,71.91883668320482,2797.0681094130887,2.56633016996877
1853,0,27.21677558287047,1787085120.380966,0.012905749958008528,1673.1525689019097,2794.0453181809107,1673.1525689019097,False,1675.6989230685763,2800.045315892092,1675.6989230685763,False,0.9764298630029438,0.9779158818492388,0.0014860188462950674,-0.034272924876595195,-34.2729248765952,2796.961917651529,-1.222984758656694
1854,0,27.230040291440673,1787085120.3945239,0.01348991715349257,1677.4882459852429,2794.0453181809107,1677.4882459852429,False,1674.6445393880208,2800.045315892092,1674.6445393880208,False,0.978960107201345,0.9773005573821862,-0.0016595498191587232,0.059671623784722655,59.671623784722655,2797.05586220019,2.1293043029090297
1855,0,27.24358929146547,1787085120.4080782,0.013469833182170987,1680.436900499132,2794.0453181809107,1680.436900499132,False,1684.9035264756944,2800.045315892092,1684.9035264756944,False,0.9806809032462205,0.9832875674987475,0.00260666425252698,-0.06774176250015679,-67.74176250015678,2796.928448813905,-2.4172767092548098
1856,0,27.256672228919342,1787085120.420672,0.012525292113423347,1681.9873345269098,2794.0453181809107,1681.9873345269098,False,1679.5373182508679,2800.045315892092,1679.5373182508679,False,0.9815857161804836,0.9801559188617964,-0.0014297973186871982,0.05280990901827903,52.809909018279036,2797.0490004854237,1.8844529338523777
1857,0,27.26943983300589,1787085120.4336178,0.012876416090875864,1678.9526692708337,2794.0453181809107,1678.9526692708337,False,1679.5250922309028,2800.045315892092,1679.5250922309028,False,0.9798147253961854,0.9801487839171289,0.000334058520943481,0.0001311541153626547,0.1311541153626547,2796.996321730521,0.004680064065181798
1858,0,27.282619728939608,1787085120.4470289,0.01334345806390047,1678.8300944010414,2794.0453181809107,1678.8300944010414,False,1683.6657389322918,2800.045315892092,1683.6657389322918,False,0.9797431923121479,0.9825652109462756,0.0028220186341276765,-0.07417346764902404,-74.17346764902403,2796.9220171087563,-2.646783744255782
1859,0,27.296239520423114,1787085120.460858,0.013762624934315681,1671.7052734375,2794.0453181809107,1671.7052734375,False,1670.4349446614585,2800.045315892092,1670.4349446614585,False,0.9755852403795773,0.9748438931911538,-0.0007413471884234468,0.03224887740775999,32.248877407759984,2797.028439453813,1.1507592566286036
1860,0,27.309758582967333,1787085120.474067,0.013141833944246173,1682.9926350911458,2794.0453181809107,1682.9926350911458,False,1676.4779351128473,2800.045315892092,1676.4779351128473,False,0.9821723963855399,0.9783705030462552,-0.003801893339284712,0.12365417081543587,123.65417081543586,2797.1198447472207,4.412438296297312
1861,0,27.323041395517066,1787085120.487427,0.013287709094583988,1678.790226236979,2794.0453181809107,1678.790226236979,False,1676.0731879340278,2800.045315892092,1676.0731879340278,False,0.9797199257752539,0.978134297908893,-0.0015856278663609613,0.05746389436268916,57.46389436268916,2797.053654470768,2.050524349225277
1862,0,27.336677853483707,1787085120.501334,0.013837874867022038,1673.0269531250003,2794.0453181809107,1673.0269531250003,False,1672.691954210069,2800.045315892092,1672.691954210069,False,0.9763565552854538,0.9761610543187804,-0.0001955009666734231,0.01594680856279523,15.94680856279523,2797.012137384968,0.5690411277046542
1863,0,27.35007012449205,1787085120.514209,0.012809332925826311,1675.098193359375,2794.0453181809107,1675.098193359375,False,1670.7746365017363,2800.045315892092,1670.7746365017363,False,0.9775653038813,0.9750421328874197,-0.0025231709938803304,0.08546425783675154,85.46425783675154,2797.0816548342423,3.049680910532099
1864,0,27.36296212451998,1787085120.527135,0.012849332997575402,1673.9282741970485,2794.0453181809107,1673.9282741970485,False,1672.6670871310762,2800.045315892092,1672.6670871310762,False,0.9768825544245995,0.9761465422180996,-0.0007360122064998809,0.032089544542313414,32.08954454231341,2797.028280120948,1.1450736705079008
1865,0,27.37579881201964,1787085120.5398688,0.012667542090639472,1677.679500325521,2794.0453181809107,1677.679500325521,False,1675.2031792534722,2800.045315892092,1675.2031792534722,False,0.9790717207222799,0.9776265722701463,-0.0014451484521336155,0.053268381064653925,53.26838106465392,2797.04945895747,1.9008129126696376
1866,0,27.388614187017083,1787085120.552762,0.01283054193481803,1686.9265380859374,2794.0453181809107,1686.9265380859374,False,1681.2995035807294,2800.045315892092,1681.2995035807294,False,0.9844681705030146,0.9811843070746847,-0.0032838634283298695,0.1081828550205557,108.1828550205557,2797.1043734314258,3.860364509725796
1867,0,27.401649874518625,1787085120.565962,0.013119417009875178,1676.4049994574652,2794.0453181809107,1676.4049994574652,False,1677.3610921223958,2800.045315892092,1677.3610921223958,False,0.9783279387557557,0.9788859018771039,0.0005579631213481484,-0.006555909136259188,-6.555909136259189,2796.989634667269,-0.23393909278686797
1868,0,27.41471510345582,1787085120.578806,0.012712875148281455,1677.2345865885418,2794.0453181809107,1677.2345865885418,False,1680.4466715494793,2800.045315892092,1680.4466715494793,False,0.9788120749091477,0.9806866055028642,0.0018745305937165613,-0.04587609258422709,-45.87609258422709,2796.950314483821,-1.6370287105419317
1869,0,27.42736893694382,1787085120.591338,0.012468707980588078,1675.9147922092016,2794.0453181809107,1675.9147922092016,False,1672.582373046875,2800.045315892092,1672.582373046875,False,0.9780418602443506,0.9760971041912464,-0.0019447560531041796,0.06818950203601011,68.18950203601011,2797.0643800784414,2.433253712389741
1870,0,27.4404184789164,1787085120.604903,0.013500292086973786,1680.986626519097,2794.0453181809107,1680.986626519097,False,1676.474232313368,2800.045315892092,1676.474232313368,False,0.9810017161310346,0.9783683421411139,-0.0026333739899206954,0.08875554530341492,88.75554530341492,2797.0849461217085,3.1671262240727565
1871,0,27.45348970789928,1787085120.617488,0.012515499955043197,1681.046449110243,2794.0453181809107,1681.046449110243,False,1676.6404459635419,2800.045315892092,1676.6404459635419,False,0.9810366278094809,0.9784653422442038,-0.0025712855652770816,0.0869012322520751,86.9012322520751,2797.083091808657,3.1009574740249466
1872,0,27.466165145509876,1787085120.630249,0.01269429107196629,1674.2671196831598,2794.0453181809107,1674.2671196831598,False,1677.3224934895836,2800.045315892092,1677.3224934895836,False,0.9770803001996903,0.9788633762219727,0.0017830760222824482,-0.04314473957618441,-43.144739576184406,2796.953045836829,-1.539563930066529
1873,0,27.47932783293072,1787085120.643811,0.01349441590718925,1681.7546630859374,2794.0453181809107,1681.7546630859374,False,1681.082722981771,2800.045315892092,1681.082722981771,False,0.9814499321835811,0.9810577967644615,-0.00039213541911964356,0.0218194302890994,21.8194302890994,2797.0180100066946,0.7785979977554739
1874,0,27.49284868745599,1787085120.6572921,0.013413875130936503,1676.294363064236,2794.0453181809107,1676.294363064236,False,1674.3990180121532,2800.045315892092,1674.3990180121532,False,0.9782633728098331,0.9771572743320577,-0.0011060984777754301,0.043142422866848676,43.142422866848676,2797.039332999272,1.539481261306333
1875,0,27.506236020475626,1787085120.670583,0.013226790819317102,1678.2998833550348,2794.0453181809107,1678.2998833550348,False,1675.4968424479168,2800.045315892092,1675.4968424479168,False,0.9794337681098143,0.9777979502532723,-0.0016358178565419879,0.05896285257226692,58.96285257226692,2797.0551534289775,2.104012723817689
1876,0,27.519233707920648,1787085120.68329,0.012641499983146787,1670.8436767578125,2794.0453181809107,1670.8436767578125,False,1670.0362358940972,2800.045315892092,1670.0362358940972,False,0.975082423874049,0.9746112119914063,-0.00047121188264265257,0.024181102681436303,24.181102681436304,2797.0203716790866,0.862871206160302
1877,0,27.53174066648353,1787085120.69561,0.012235082918778062,1679.5709445529512,2794.0453181809107,1679.5709445529512,False,1679.057188585069,2800.045315892092,1679.057188585069,False,0.9801755427300239,0.9798757214951527,-0.000299821234871267,0.019062404359417348,19.062404359417346,2797.0152529807647,0.6802171124542302
1878,0,27.544145374558866,1787085120.708092,0.012399083003401756,1681.7266004774306,2794.0453181809107,1681.7266004774306,False,1678.4748914930556,2800.045315892092,1678.4748914930556,False,0.9814335552138479,0.9795359005604994,-0.0018976546533484573,0.06678278668117957,66.78278668117957,2797.0629733630863,2.3830569041243064
1879,0,27.557304790942,1787085120.721926,0.013769750017672777,1678.1676079644099,2794.0453181809107,1678.1676079644099,False,1674.7677897135418,2800.045315892092,1674.7677897135418,False,0.9793565739292314,0.9773724846533152,-0.001984089275916201,0.06936421550039965,69.36421550039965,2797.0655547919055,2.475171834870099
1880,0,27.571058520465158,1787085120.735596,0.013599875150248408,1678.3690592447917,2794.0453181809107,1678.3690592447917,False,1677.5458631727429,2800.045315892092,1677.5458631727429,False,0.979474138250478,0.9789937318351906,-0.00048040641528745986,0.024455703655484207,24.455703655484207,2797.0206462800606,0.8726699848517059
1881,0,27.584768582950346,1787085120.749342,0.013676500180736184,1676.351014539931,2794.0453181809107,1676.351014539931,False,1677.3501654730903,2800.045315892092,1677.3501654730903,False,0.9782964338669535,0.9788795252280865,0.0005830913611329924,-0.007306381116466298,-7.306381116466298,2796.988884195289,-0.2607187095513238
1882,0,27.598686270415783,1787085120.763434,0.01402487512677908,1673.4983235677087,2794.0453181809107,1673.4983235677087,False,1674.0990559895831,2800.045315892092,1674.0990559895831,False,0.976631640884551,0.9769822204355703,0.00035057955101924776,-0.00036225768992822165,-0.36225768992822166,2796.995828318715,-0.01292669461633677
1883,0,27.613159916480072,1787085120.778271,0.014786083018407226,1681.916370985243,2794.0453181809107,1681.916370985243,False,1679.2401068793401,2800.045315892092,1679.2401068793401,False,0.9815443027896454,0.9799824702091287,-0.0015618325805167865,0.05675323195895633,56.753231958956334,2797.052943808364,2.0251652854323554
1884,0,27.626787561923265,1787085120.790717,0.012389957904815674,1681.5920762803817,2794.0453181809107,1681.5920762803817,False,1674.3398681640624,2800.045315892092,1674.3398681640624,False,0.9813550486593732,0.9771227552576222,-0.004232293401751019,0.1365083615556552,136.5083615556552,2797.132698937961,4.871123378377648
1885,0,27.639434915967286,1787085120.803554,0.01277174986898899,1680.8071126302082,2794.0453181809107,1680.8071126302082,False,1676.1974310980902,2800.045315892092,1676.1974310980902,False,0.9808969541833241,0.978206804587554,-0.002690149595770075,0.09045118740624702,90.45118740624703,2797.0866417638117,3.2276330076451263
1886,0,27.65256758290343,1787085120.8169658,0.013363583944737911,1676.0054036458332,2794.0453181809107,1676.0054036458332,False,1675.9049452039933,2800.045315892092,1675.9049452039933,False,0.9780947398886228,0.9780361136614476,-5.862622717522914e-05,0.011858951328421916,11.858951328421917,2797.008049527734,0.42317125779410203
1887,0,27.665781874442473,1787085120.830005,0.01298958295956254,1675.962820095486,2794.0453181809107,1675.962820095486,False,1675.759204101562,2800.045315892092,1675.759204101562,False,0.9780698886879585,0.9779510610683214,-0.00011882761963710742,0.013656906879583958,13.656906879583957,2797.009847483285,0.4873289637305152
1888,0,27.678825104027055,1787085120.843051,0.012983042048290372,1674.4240370008683,2794.0453181809107,1674.4240370008683,False,1672.4255072699652,2800.045315892092,1672.4255072699652,False,0.9771718750852572,0.9760055593842127,-0.001166315701044418,0.04494085121583745,44.94085121583745,2797.041131427621,1.6036558384184074
1889,0,27.69206581194885,1787085120.856482,0.01336229220032692,1685.2021538628474,2794.0453181809107,1685.2021538628474,False,1683.7736165364581,2800.045315892092,1683.7736165364581,False,0.9834618425195353,0.9826281668991367,-0.0008336756203985995,0.03500632885549737,35.00632885549737,2797.031196905261,1.2491553259883446
1890,0,27.7059207909042,1787085120.8707619,0.014211999950930476,1675.4467366536458,2794.0453181809107,1675.4467366536458,False,1675.9119520399304,2800.045315892092,1675.9119520399304,False,0.9777687091698558,0.9780402027588684,0.0002714935890125725,0.001999698381086813,1.999698381086813,2796.9981902747863,0.07135663649324911
1891,0,27.71943168703001,1787085120.883502,0.012673292076215148,1676.3692084418403,2794.0453181809107,1676.3692084418403,False,1675.394284396701,2800.045315892092,1675.394284396701,False,0.9783070515891381,0.977738098721643,-0.0005689528674951427,0.02710020370393941,27.10020370393941,2797.023290780109,0.9670355304003501
1892,0,27.732186832930893,1787085120.896272,0.012703665997833014,1679.6040228949653,2794.0453181809107,1679.6040228949653,False,1681.4509955512153,2800.045315892092,1681.4509955512153,False,0.9801948468159521,0.9812727157988722,0.0010778689829200605,-0.022083251472847704,-22.083251472847703,2796.9741073249324,-0.788012113647149
1893,0,27.744968874496408,1787085120.909065,0.012728166999295354,1676.1227267795136,2794.0453181809107,1676.1227267795136,False,1674.0294406467015,2800.045315892092,1674.0294406467015,False,0.9781632081284449,0.9769415938358349,-0.0012216142926100293,0.046592381282019764,46.592381282019765,2797.0427829576875,1.6625885413224295
1894,0,27.758683811873198,1787085120.9237068,0.014571791980415583,1685.2975151909723,2794.0453181809107,1685.2975151909723,False,1680.6389322916664,2800.045315892092,1680.6389322916664,False,0.9835174941380951,0.9807988063467346,-0.00271868779136053,0.09130350003696397,91.30350003696397,2797.0874940764425,3.2580466755982003
1895,0,27.772641478921287,1787085120.936974,0.01319545810110867,1675.1616617838542,2794.0453181809107,1675.1616617838542,False,1670.162890625,2800.045315892092,1670.162890625,False,0.977602343220193,0.9746851260288006,-0.002917217191392374,0.09723271566236923,97.23271566236923,2797.0934232920677,3.4696230253486022
1896,0,27.785504124476574,1787085120.949456,0.01239291694946587,1680.1421820746527,2794.0453181809107,1680.1421820746527,False,1675.0197184244794,2800.045315892092,1675.0197184244794,False,0.9805089094447063,0.9775195069400328,-0.0029894025046734995,0.09938857916350595,99.38857916350595,2797.095579155569,3.5465522110871377
1897,0,27.798419895465486,1787085120.962755,0.013200540794059634,1677.9734537760419,2794.0453181809107,1677.9734537760419,False,1680.2694091796875,2800.045315892092,1680.2694091796875,False,0.9792432680950396,0.980583157512126,0.001339889417086404,-0.029908670036472854,-29.908670036472856,2796.9662819063687,-1.0672519995886687
1898,0,27.81209397886414,1787085120.976834,0.01401220797561109,1678.2791015625,2794.0453181809107,1678.2791015625,False,1672.9423719618055,2800.045315892092,1672.9423719618055,False,0.9794216401286518,0.9763071948295541,-0.003114445299097768,0.10312306730695367,103.12306730695367,2797.0993136437123,3.6798125644787922
1899,0,27.825680812005885,1787085120.989933,0.013024457963183522,1681.3428900824651,2794.0453181809107,1681.3428900824651,False,1673.3611626519098,2800.045315892092,1673.3611626519098,False,0.9812096268672329,0.9765515955756461,-0.004658031291586817,0.14922331333779218,149.22331333779218,2797.145413889743,5.324839899293184
1900,0,27.838640104047954,1787085121.002744,0.012743541970849037,1673.9533799913195,2794.0453181809107,1673.9533799913195,False,1671.9125298394101,2800.045315892092,1671.9125298394101,False,0.9768972058363812,0.9757061924934998,-0.0011910133428814085,0.04567846309532259,45.67846309532259,2797.0418690395004,1.6299765592107691
1901,0,27.851512270513922,1787085121.015681,0.012869209051132202,1676.9948974609374,2794.0453181809107,1676.9948974609374,False,1679.6781439887152,2800.045315892092,1679.6781439887152,False,0.9786721954825012,0.9802381029127128,0.0015659074302116771,-0.036658851797111175,-36.658851797111176,2796.959531724608,-1.3081234583610897
1902,0,27.86463924939744,1787085121.029024,0.013245833106338978,1680.6795979817712,2794.0453181809107,1680.6795979817712,False,1676.632009548611,2800.045315892092,1676.632009548611,False,0.9808225383093516,0.9784604188632591,-0.0023621194460925476,0.08065434377119825,80.65434377119824,2797.0768449201764,2.8780453815015075
1903,0,27.87818558292929,1787085121.042745,0.013654249953106046,1682.1926703559027,2794.0453181809107,1682.1926703559027,False,1684.694078233507,2800.045315892092,1684.694078233507,False,0.9817055474732777,0.9831653362556281,0.001459788782350424,-0.033489546168096546,-33.489546168096545,2796.962701030237,-1.1950309080822348
1904,0,27.891367582953535,1787085121.055389,0.012576584005728364,1680.178515625,2794.0453181809107,1680.178515625,False,1677.8246880425347,2800.045315892092,1677.8246880425347,False,0.9805301132274619,0.9791564503669449,-0.0013736628605169887,0.0511334152271676,51.133415227167596,2797.0473239916323,1.8246294328849415
1905,0,27.904374291421846,1787085121.0687559,0.013299582991749048,1676.626443142361,2794.0453181809107,1676.626443142361,False,1673.6370361328122,2800.045315892092,1673.6370361328122,False,0.9784571703816842,0.9767125917156099,-0.001744578666074359,0.06221106815750328,62.211068157503284,2797.0584016445628,2.2199210732765944
1906,0,27.917777478927746,1787085121.082198,0.013374208007007837,1679.4684950086807,2794.0453181809107,1679.4684950086807,False,1683.5152913411457,2800.045315892092,1683.5152913411457,False,0.9801157545216226,0.9824774117081533,0.002361657186530697,-0.06042445975403026,-60.42445975403026,2796.9357661166514,-2.1561682755506086
1907,0,27.93096077046357,1787085121.0951219,0.012856209184974432,1674.0056749131945,2794.0453181809107,1674.0056749131945,False,1676.1207139756946,2800.045315892092,1676.1207139756946,False,0.9769277244659139,0.9781620334825736,0.0012343090166596626,-0.026755439533351563,-26.755439533351563,2796.969435136872,-0.9547330692746061
1908,0,27.943703687400557,1787085121.107688,0.012497375020757318,1677.4894775390626,2794.0453181809107,1677.4894775390626,False,1674.3989583333332,2800.045315892092,1674.3989583333332,False,0.9789608259199781,0.9771572395042821,-0.0018035864156960013,0.0639733747530026,63.9733747530026,2797.0601639511583,2.28280669258502
1909,0,27.956708520418033,1787085121.121126,0.013368959072977304,1679.576652018229,2794.0453181809107,1679.576652018229,False,1679.4819173177082,2800.045315892092,1679.4819173177082,False,0.9801788735317947,0.9801235876048742,-5.528592692050083e-05,0.01175919098833776,11.75919098833776,2797.0079497673937,0.41961143977796744
1910,0,27.970073687378317,1787085121.134418,0.013226374983787537,1677.8479166666664,2794.0453181809107,1677.8479166666664,False,1679.176109483507,2800.045315892092,1679.176109483507,False,0.9791700062868892,0.9799451221695012,0.0007751158826120319,-0.013041324117512323,-13.041324117512323,2796.9831492522876,-0.4653626933168828
1911,0,27.983058686950244,1787085121.1470962,0.012612291844561696,1676.3726264105903,2794.0453181809107,1676.3726264105903,False,1673.5442247178817,2800.045315892092,1673.5442247178817,False,0.9783090462708068,0.9766584281928982,-0.001650618077908672,0.05940487125450101,59.40487125450101,2797.05559544766,2.1197855857301247
1912,0,27.995868520461954,1787085121.160039,0.012875625165179372,1673.1917426215277,2794.0453181809107,1673.1917426215277,False,1675.644289822049,2800.045315892092,1675.644289822049,False,0.9764527242711813,0.9778839986041519,0.0014312743329705224,-0.03263794273411638,-32.63794273411638,2796.963552633671,-1.1646425468925343
1913,0,28.008855457883328,1787085121.173098,0.012964250054210424,1680.089529079861,2794.0453181809107,1680.089529079861,False,1677.3943793402773,2800.045315892092,1677.3943793402773,False,0.9804781818485224,0.9789053278602449,-0.001572853988277556,0.05708239380147757,57.082393801477565,2797.0532729702068,2.036910997768968
1914,0,28.02228641649708,1787085121.18686,0.013682832941412926,1671.4861409505206,2794.0453181809107,1671.4861409505206,False,1673.289979383681,2800.045315892092,1673.289979383681,False,0.9754573575383961,0.9765100539552722,0.0010526964168761088,-0.02133145565874962,-21.33145565874962,2796.9748591207467,-0.7611852575916935
1915,0,28.03564789541997,1787085121.199831,0.012906374875456095,1677.101746961806,2794.0453181809107,1677.101746961806,False,1677.0189154730901,2800.045315892092,1677.0189154730901,False,0.9787345514477814,0.9786862120789264,-4.8339368855065956e-05,0.011551727304783814,11.551727304783814,2797.00774230371,0.41220836799828053
1916,0,28.048497603973374,1787085121.212561,0.012666957918554544,1672.7406222873265,2794.0453181809107,1672.7406222873265,False,1675.6025200737847,2800.045315892092,1675.6025200737847,False,0.9761894563694316,0.9778596223276943,0.0016701659582627482,-0.039772603682237555,-39.77260368223755,2796.956417972723,-1.4192336455266041
1917,0,28.061254666536115,1787085121.225348,0.012720166938379407,1677.815247938368,2794.0453181809107,1677.815247938368,False,1672.3613308376734,2800.045315892092,1672.3613308376734,False,0.9791509412461452,0.9759681068612597,-0.0031828343848855356,0.1051655538907794,105.1655538907794,2797.101356130296,3.75269604234868
1918,0,28.074154937057756,1787085121.238355,0.012938291998580098,1674.8238199869788,2794.0453181809107,1674.8238199869788,False,1675.7374484592015,2800.045315892092,1675.7374484592015,False,0.9774051831849572,0.9779383647611917,0.0005331815762344982,-0.005815791428322874,-5.815791428322874,2796.990374784977,-0.20752895476459016
1919,0,28.086981165921316,1787085121.251005,0.012583999894559383,1678.0446072048612,2794.0453181809107,1678.0446072048612,False,1676.2536295572913,2800.045315892092,1676.2536295572913,False,0.979284792301526,0.9782396012701989,-0.001045191031327053,0.04132338053293075,41.32338053293075,2797.0375139569383,1.4745711009467153
1920,0,28.09983983298298,1787085121.2640698,0.012999666156247258,1680.674864366319,2794.0453181809107,1680.674864366319,False,1681.9027642144097,2800.045315892092,1681.9027642144097,False,0.980819775833548,0.9815363620569068,0.000716586223358795,-0.011293296016191943,-11.293296016191944,2796.9848972803893,-0.4029865835067065
1921,0,28.11298304097727,1787085121.277291,0.013156999833881855,1677.1262044270832,2794.0453181809107,1677.1262044270832,False,1677.7187310112847,2800.045315892092,1677.7187310112847,False,0.9787488245032779,0.9790946152352118,0.00034579073193385934,-0.00021923634929167313,-0.21923634929167313,2796.995971340056,-0.007823164048375433
1922,0,28.126276937429793,1787085121.290696,0.013300374848768115,1674.551003689236,2794.0453181809107,1674.551003689236,False,1673.3402777777778,2800.045315892092,1673.3402777777778,False,0.9772459711769305,0.9765394074374173,-0.0007065637395131663,0.0312100460369341,31.2100460369341,2797.027400622442,1.113689909967674
1923,0,28.139531582943164,1787085121.303757,0.012984915869310498,1679.8043945312497,2794.0453181809107,1679.8043945312497,False,1673.0472493489583,2800.045315892092,1673.0472493489583,False,0.9803117810710843,0.9763683998951727,-0.003943381175911642,0.12787980133463664,127.87980133463664,2797.12407037774,4.563224426728398
1924,0,28.152376728947274,1787085121.316392,0.012567541794851422,1668.341880967882,2794.0453181809107,1668.341880967882,False,1670.0113226996527,2800.045315892092,1670.0113226996527,False,0.97362240871116,0.9745966729783537,0.0009742642671937141,-0.0189890261376994,-18.9890261376994,2796.9772015502676,-0.6775987060269555
1925,0,28.165446061990224,1787085121.3299289,0.013436542125418782,1676.888240559896,2794.0453181809107,1676.888240559896,False,1681.8167697482636,2800.045315892092,1681.8167697482636,False,0.9786099519159505,0.9814861768159678,0.0028762249000173767,-0.07579237466559957,-75.79237466559957,2796.9203982017398,-2.7045523360547947
1926,0,28.178890562499873,1787085121.343242,0.013244374888017774,1672.5293267144098,2794.0453181809107,1672.5293267144098,False,1670.7857747395833,2800.045315892092,1670.7857747395833,False,0.9760661470483626,0.9750486330167308,-0.00101751403163175,0.04049678810364115,40.49678810364115,2797.036687364509,1.4450752249372376
1927,0,28.192296895431355,1787085121.356748,0.013440208975225687,1679.0186252170138,2794.0453181809107,1679.0186252170138,False,1675.7256157769093,2800.045315892092,1675.7256157769093,False,0.9798532164200705,0.9779314593632237,-0.001921757056846829,0.06750262136263957,67.50262136263957,2797.063693197768,2.408743268721081
1928,0,28.20538681198377,1787085121.369417,0.012603041948750615,1679.051904296875,2794.0453181809107,1679.051904296875,False,1678.1604926215277,2800.045315892092,1678.1604926215277,False,0.9798726376539696,0.9793524215085827,-0.000520216145386887,0.0256446483342614,25.644648334261397,2797.0218352247393,0.9150959297124392
1929,0,28.2184467704501,1787085121.382873,0.0133883748203516,1676.5613226996527,2794.0453181809107,1676.5613226996527,False,1675.2968071831597,2800.045315892092,1675.2968071831597,False,0.9784191669466513,0.9776812123001455,-0.000737954646505834,0.03214755683486486,32.14755683486486,2797.02833813324,1.147143763733402
1930,0,28.23177468695212,1787085121.396072,0.013130707899108529,1675.8601833767364,2794.0453181809107,1675.8601833767364,False,1680.7677815755208,2800.045315892092,1680.7677815755208,False,0.9780099912469896,0.9808740010964067,0.0028640098494170374,-0.07542756386743552,-75.42756386743551,2796.920763012538,-2.691534537090905
1931,0,28.248178853886202,1787085121.41568,0.01954129198566079,1677.1320502387157,2794.0453181809107,1677.1320502387157,False,1682.3280029296875,2800.045315892092,1682.3280029296875,False,0.9787522360421642,0.9817845257857978,0.003032289743633565,-0.08045335741776176,-80.45335741776177,2796.9157372189875,-2.870873444824499
1932,0,28.264421624946408,1787085121.428554,0.01280724979005754,1675.9487087673613,2794.0453181809107,1675.9487087673613,False,1676.6849419487849,2800.045315892092,1676.6849419487849,False,0.9780616535022117,0.9784913095167541,0.0004296560145423678,-0.0027239300822684384,-2.7239300822684385,2796.993466646323,-0.09719990302128313
1933,0,28.277341624954715,1787085121.4415202,0.01289825001731515,1667.7243462456597,2794.0453181809107,1667.7243462456597,False,1664.8000596788195,2800.045315892092,1664.8000596788195,False,0.9732620235583496,0.9715554483273082,-0.0017065752310413407,0.06107606971001539,61.07606971001539,2797.0572666461153,2.179420129532379
1934,0,28.293881707941182,1787085121.461638,0.020051166182383895,1678.1636474609375,2794.0453181809107,1678.1636474609375,False,1677.3223036024308,2800.045315892092,1677.3223036024308,False,0.9793542626314246,0.9788632654063244,-0.0004909972251001538,0.024772005397276847,24.772005397276846,2797.0209625818025,0.883956801215988
1935,0,28.31054154143203,1787085121.474838,0.01313091698102653,1680.7116563585066,2794.0453181809107,1680.7116563585066,False,1678.7915283203124,2800.045315892092,1678.7915283203124,False,0.9808412471569401,0.979720685653985,-0.001120561502955142,0.04357437095550669,43.57437095550669,2797.0397649473607,1.55489476718194
1936,0,28.32379395805765,1787085121.48814,0.013234250014647841,1672.6830620659723,2794.0453181809107,1672.6830620659723,False,1672.6519476996532,2800.045315892092,1672.6519476996532,False,0.9761558649802804,0.9761377070447717,-1.815793550874467e-05,0.010650338260312657,10.650338260312658,2797.0068409146656,0.3800434720351362
1937,0,28.337490687030368,1787085121.5022311,0.014024792006239295,1681.7936387803816,2794.0453181809107,1681.7936387803816,False,1678.0946723090278,2800.045315892092,1678.0946723090278,False,0.9814726778869282,0.9793140096387319,-0.002158668248196216,0.07457813530343047,74.57813530343047,2797.0707687117088,2.661223783308252
1938,0,28.350996103486978,1787085121.515152,0.012851624982431531,1673.3207139756946,2794.0453181809107,1673.3207139756946,False,1676.8807237413196,2800.045315892092,1676.8807237413196,False,0.9765279902594846,0.9786055651993597,0.0020775749398751486,-0.051940150147996425,-51.94015014799643,2796.9442504262574,-1.853416719525993
1939,0,28.36402089544572,1787085121.528279,0.013062290847301483,1677.665793185764,2794.0453181809107,1677.665793185764,False,1678.5799045138888,2800.045315892092,1678.5799045138888,False,0.9790637214155556,0.9795971847801525,0.000533463364596809,-0.005824207229512029,-5.824207229512028,2796.9903663691757,-0.20782926168684088
1940,0,28.37702852045186,1787085121.541165,0.01282204082235694,1672.4750596788194,2794.0453181809107,1672.4750596788194,False,1673.689320203993,2800.045315892092,1673.689320203993,False,0.9760344775191684,0.97674310401282,0.0007086264936516651,-0.011055573272125085,-11.055573272125086,2796.985135003133,-0.39450375649889685
1941,0,28.39001924940385,1787085121.554265,0.013034833129495382,1681.7562065972227,2794.0453181809107,1681.7562065972227,False,1679.7546034071179,2800.045315892092,1679.7546034071179,False,0.9814508329564937,0.980282723625028,-0.0011681093314657165,0.044994419208882606,44.994419208882604,2797.041184995614,1.6055673425950117
1942,0,28.40280493698083,1787085121.566732,0.012404208071529865,1678.6381917317708,2794.0453181809107,1678.6381917317708,False,1677.61396484375,2800.045315892092,1677.61396484375,False,0.9796312004349285,0.9790334750759013,-0.0005977253590271348,0.027959513742381897,27.959513742381898,2797.0241500901475,0.9976988917492826
1943,0,28.41557935392484,1787085121.579821,0.01302229193970561,1677.225501844618,2794.0453181809107,1677.225501844618,False,1675.235888671875,2800.045315892092,1675.235888671875,False,0.9788067731719183,0.9776456610571007,-0.0011611121148176196,0.044785442572285776,44.785442572285774,2797.0409760189777,1.5981102830533034
1944,0,28.428429395426065,1787085121.592423,0.012538040988147259,1676.82099609375,2794.0453181809107,1676.82099609375,False,1675.5978569878473,2800.045315892092,1675.5978569878473,False,0.9785707089287374,0.9778569010119891,-0.0007138079167483546,0.03142639831951388,31.426398319513883,2797.027616974725,1.121410159845628
1945,0,28.441436311928555,1787085121.60584,0.013353792019188404,1679.8195149739581,2794.0453181809107,1679.8195149739581,False,1677.9964952256942,2800.045315892092,1677.9964952256942,False,0.9803206051628477,0.9792567147824162,-0.0010638903804315314,0.04188184931829653,41.881849318296524,2797.0380724257234,1.4944993333677037
1946,0,28.454369582934305,1787085121.618288,0.012384084053337574,1677.3512532552086,2794.0453181809107,1677.3512532552086,False,1681.503040907118,2800.045315892092,1681.503040907118,False,0.9788801600434431,0.9813030887849815,0.002422928741538377,-0.06225437643783702,-62.25437643783702,2796.9339361999673,-2.2214664729459397
1947,0,28.46697418752592,1787085121.631049,0.012696875026449561,1673.0961018880207,2794.0453181809107,1673.0961018880207,False,1674.6117296006946,2800.045315892092,1674.6117296006946,False,0.9763969095953104,0.9772814100212465,0.000884500425936019,-0.016308167936867915,-16.308167936867914,2796.9798824084683,-0.5819357670877788
1948,0,28.47988922894001,1787085121.644119,0.013002042192965746,1678.5821397569446,2794.0453181809107,1678.5821397569446,False,1681.4765109592015,2800.045315892092,1681.4765109592015,False,0.9795984892386408,0.981287606255838,0.0016891170171972059,-0.04033858995295685,-40.33858995295685,2796.955851986452,-1.4394301296373413
1949,0,28.49280129140243,1787085121.656873,0.012689082883298397,1684.6466471354167,2794.0453181809107,1684.6466471354167,False,1680.0631591796875,2800.045315892092,1680.0631591796875,False,0.9831376560897715,0.9804627927211396,-0.0026748633686319856,0.08999465383093719,89.99465383093718,2797.0861852302364,3.211342200647202
1950,0,28.50533287448343,1787085121.6691809,0.012244417099282146,1683.195187717014,2794.0453181809107,1683.195187717014,False,1676.4355251736113,2800.045315892092,1676.4355251736113,False,0.9822906034375467,0.9783457531627551,-0.003944850274791634,0.12792367697236645,127.92367697236645,2797.1241142533777,4.56479007180868
1951,0,28.517706499435008,1787085121.681622,0.012379082851111889,1676.5769395616321,2794.0453181809107,1676.5769395616321,False,1679.1873752170136,2800.045315892092,1679.1873752170136,False,0.9784282807421811,0.9799516967036047,0.0015234159614235798,-0.03538981516755205,-35.389815167552044,2796.960800761238,-1.2628395363813891
1952,0,28.530359603464603,1787085121.6944902,0.012800374999642372,1680.5450330946182,2794.0453181809107,1680.5450330946182,False,1679.4802924262156,2800.045315892092,1679.4802924262156,False,0.9807440080086667,0.9801226393395414,-0.0006213686691253217,0.028665637287045742,28.66563728704574,2797.024856213692,1.0228959922582694
1953,0,28.543209541472606,1787085121.707309,0.012748666806146502,1682.3944525824652,2794.0453181809107,1682.3944525824652,False,1681.4248128255208,2800.045315892092,1681.4248128255208,False,0.9818233049303685,0.9812574359040568,-0.0005658690263117272,0.02700810268853291,27.00810268853291,2797.0231986790936,0.9637490254258104
1954,0,28.555794291431084,1787085121.719668,0.01229508314281702,1675.240785047743,2794.0453181809107,1675.240785047743,False,1675.6552435980902,2800.045315892092,1675.6552435980902,False,0.9776485185177453,0.977890391083976,0.0002418725662307608,0.002884350382705879,2.884350382705879,2796.999074926788,0.102924292845628
1955,0,28.568313395488076,1787085121.732346,0.012611291138455272,1674.3080946180557,2794.0453181809107,1674.3080946180557,False,1678.8608805338542,2800.045315892092,1678.8608805338542,False,0.9771042126335058,0.9797611586948937,0.002656946061387888,-0.06924346293708913,-69.24346293708913,2796.926947113468,-2.4708629366646138
1956,0,28.580921832937747,1787085121.744883,0.012468250002712011,1674.649715169271,2794.0453181809107,1674.649715169271,False,1678.5279839409723,2800.045315892092,1678.5279839409723,False,0.977303577900142,0.9795668846157549,0.0022633067156129227,-0.05748715601545,-57.48715601545,2796.9387034203896,-2.0513544110565944
1957,0,28.593646416440606,1787085121.7577999,0.012849166989326477,1680.0689968532988,2794.0453181809107,1680.0689968532988,False,1677.202210828993,2800.045315892092,1677.202210828993,False,0.9804661995107835,0.978793180841118,-0.0016730186696655158,0.06007388017026713,60.07388017026713,2797.0562644565757,2.1436582989675683
1958,0,28.606606374378316,1787085121.7708008,0.012932582991197705,1677.6934516059027,2794.0453181809107,1677.6934516059027,False,1675.5200792100695,2800.045315892092,1675.5200792100695,False,0.979079862506266,0.9778115109224588,-0.0012683515838072257,0.04798822228698469,47.98822228698469,2797.0441787986924,1.7123973125529792
1959,0,28.619876020471565,1787085121.784339,0.013468874851241708,1673.0679578993054,2794.0453181809107,1673.0679578993054,False,1671.2131266276042,2800.045315892092,1671.2131266276042,False,0.9763804851331566,0.975298029965479,-0.0010824551676775762,0.04243629932219478,42.436299322194785,2797.0386268757275,1.5142841607977013
1960,0,28.63318762439303,1787085121.797424,0.0130150830373168,1675.5273139105902,2794.0453181809107,1675.5273139105902,False,1677.6491509331597,2800.045315892092,1677.6491509331597,False,0.9778157329986578,0.9790540092155253,0.001238276216867562,-0.02687392266712427,-26.87392266712427,2796.969316653738,-0.9589609858380056
1961,0,28.64638404152356,1787085121.810731,0.013236083090305328,1681.5731201171875,2794.0453181809107,1681.5731201171875,False,1680.8102457682294,2800.045315892092,1680.8102457682294,False,0.981343986091515,0.9808987826415208,-0.0004452034499942137,0.023404343142412413,23.40434314241241,2797.0195949195477,0.8351535520415505
1962,0,28.65985437494237,1787085121.8243651,0.013566749868914485,1677.9447808159723,2794.0453181809107,1677.9447808159723,False,1671.5351209852433,2800.045315892092,1671.5351209852433,False,0.9792265349321512,0.9754859416433266,-0.0037405932888245896,0.1218234030955516,121.82340309555161,2797.118013979501,4.347109730786169
1963,0,28.673254561959766,1787085121.837545,0.013098958181217313,1678.0760036892364,2794.0453181809107,1678.0760036892364,False,1677.6094292534722,2800.045315892092,1677.6094292534722,False,0.9793031148774267,0.9790308281649884,-0.0002722867124382855,0.0182400671105186,18.2400671105186,2797.014430643516,0.6508730770239295
1964,0,28.68625612440519,1787085121.850345,0.012722833082079887,1677.019642469618,2794.0453181809107,1677.019642469618,False,1679.4874457465278,2800.045315892092,1679.4874457465278,False,0.9786866363445512,0.9801268139233196,0.0014401775787683535,-0.03290384422826715,-32.90384422826715,2796.963286732177,-1.1741308959558645
1965,0,28.6997771874303,1787085121.8646028,0.014180625090375543,1679.861225043403,2794.0453181809107,1679.861225043403,False,1677.7608317057293,2800.045315892092,1677.7608317057293,False,0.9803449466115303,0.9791191846475134,-0.0012257619640169137,0.04671625431095553,46.716254310955534,2797.042906830716,1.6670087892861665
1966,0,28.71423916646745,1787085121.879262,0.014576832996681333,1674.3231608072917,2794.0453181809107,1674.3231608072917,False,1677.866414388021,2800.045315892092,1677.866414388021,False,0.9771130050636554,0.9791808013141113,0.0020677962504559444,-0.05164810293437955,-51.648102934379544,2796.944542473471,-1.84299539446116
1967,0,28.72820256196428,1787085121.892535,0.013187458040192723,1674.1676378038196,2794.0453181809107,1674.1676378038196,False,1674.832679578993,2800.045315892092,1674.832679578993,False,0.9770222438815632,0.9774103535264894,0.0003881096449261934,-0.0014831194825911532,-1.4831194825911531,2796.9947074569227,-0.05292319021521386
1968,0,28.741954041528516,1787085121.9067578,0.014138167025521398,1679.7768880208332,2794.0453181809107,1679.7768880208332,False,1675.0459309895832,2800.045315892092,1675.0459309895832,False,0.9802957286328925,0.9775348042487355,-0.002760924384156982,0.09256492462159695,92.56492462159694,2797.0887555010268,3.30305897165276
1969,0,28.755979145411402,1787085121.9205859,0.01374479103833437,1678.3763671875,2794.0453181809107,1678.3763671875,False,1676.3496690538195,2800.045315892092,1676.3496690538195,False,0.9794784030698556,0.9782956486589314,-0.0011827544109241916,0.0454318044724585,45.4318044724585,2797.041622380878,1.6211748669875286
1970,0,28.769386749481782,1787085121.933575,0.012906082905828953,1678.2707465277776,2794.0453181809107,1678.2707465277776,False,1683.5605902777777,2800.045315892092,1683.5605902777777,False,0.9794167642401279,0.9825038475725878,0.0030870833324598834,-0.08208980523349549,-82.08980523349548,2796.914100771172,-2.9292679572329248
1971,0,28.782086707884446,1787085121.945981,0.012329665943980217,1675.0595296223958,2794.0453181809107,1675.0595296223958,False,1672.1009765625,2800.045315892092,1672.1009765625,False,0.9775427402322321,0.9758161675259206,-0.001726572706311491,0.06167330791665588,61.67330791665588,2797.057863884322,2.2007317983391337
1972,0,28.79455381189473,1787085121.958514,0.012451041955500841,1683.0809868706597,2794.0453181809107,1683.0809868706597,False,1681.2703260633675,2800.045315892092,1681.2703260633675,False,0.9822239573235979,0.9811672794587877,-0.0010566778648102293,0.04166644263136026,41.66644263136026,2797.0378570190364,1.4868128258407172
1973,0,28.807947082910687,1787085121.972747,0.01416916586458683,1677.3813422309026,2794.0453181809107,1677.3813422309026,False,1673.9940972222219,2800.045315892092,1673.9940972222219,False,0.9788977195744512,0.9769209678775308,-0.0019767516969203536,0.06914507371068061,69.1450737106806,2797.065335650116,2.467352045057116
1974,0,28.821391812409274,1787085121.9854422,0.012627625139430165,1675.4248155381945,2794.0453181809107,1675.4248155381945,False,1673.8196641710067,2800.045315892092,1673.8196641710067,False,0.9777559162948039,0.9768191710399519,-0.0009367452548519895,0.03808457362432166,38.08457362432166,2797.0342751500298,1.3589984878790202
1975,0,28.834280166542158,1787085121.998492,0.012949083000421524,1676.205748155382,2794.0453181809107,1676.205748155382,False,1680.444420030382,2800.045315892092,1680.444420030382,False,0.9782116583129483,0.9806852915458918,0.002473633232943473,-0.06376870057657465,-63.768700576574645,2796.932421875829,-2.275503160739889
1976,0,28.848109249491245,1787085122.013108,0.01453166687861085,1670.1038628472222,2794.0453181809107,1670.1038628472222,False,1671.4172824435761,2800.045315892092,1671.4172824435761,False,0.9746506781929963,0.975417172618173,0.0007664944251766226,-0.012783838424554021,-12.783838424554022,2796.9834067379807,-0.4561746511759214
1977,0,28.864221666473895,1787085122.030702,0.017542832996696234,1677.7724446614582,2794.0453181809107,1677.7724446614582,False,1679.6540011935765,2800.045315892092,1679.6540011935765,False,0.9791259618159451,0.9802240134945761,0.0010980516786309735,-0.022686021413988667,-22.686021413988666,2796.9735045549915,-0.8095211752065611
1978,0,28.87970435398165,1787085122.0441039,0.013345292070880532,1678.8495171440973,2794.0453181809107,1678.8495171440973,False,1680.27666015625,2800.045315892092,1680.27666015625,False,0.9797545271698851,0.9805873890868091,0.0008328619169239992,-0.014765948726727816,-14.765948726727816,2796.9814246276787,-0.526903679943185
1979,0,28.892842270433903,1787085122.056941,0.012788374908268452,1681.8316921657984,2794.0453181809107,1681.8316921657984,False,1678.7845024956598,2800.045315892092,1678.7845024956598,False,0.9814948853428409,0.9797165854749992,-0.0017782998678417261,0.06321817479457792,63.21817479457792,2797.0594087512,2.2558583640657264
1980,0,28.905464895418845,1787085122.069369,0.012394958874210715,1675.878781467014,2794.0453181809107,1675.878781467014,False,1676.2707085503473,2800.045315892092,1676.2707085503473,False,0.9780208448481971,0.9782495683462205,0.00022872349802338654,0.0032770562522757155,3.2770562522757154,2796.999467632658,0.11693749116028103
1981,0,28.917883749352768,1787085122.0817778,0.012370083015412092,1675.3612196180554,2794.0453181809107,1675.3612196180554,False,1676.8418891059032,2800.045315892092,1676.8418891059032,False,0.9777188025511183,0.9785829018162084,0.0008640992650901236,-0.015698873385811565,-15.698873385811565,2796.9804917030197,-0.560193883307578
1982,0,28.930161416414194,1787085122.0939178,0.012104416964575648,1681.4698784722223,2794.0453181809107,1681.4698784722223,False,1683.7978678385418,2800.045315892092,1683.7978678385418,False,0.9812837356235521,0.9826423196405013,0.0013585840169492158,-0.030466996982504546,-30.466996982504547,2796.965723579423,-1.087175170657456
1983,0,28.942196395481005,1787085122.105849,0.011903209146112204,1670.3033094618054,2794.0453181809107,1670.3033094618054,False,1673.7456949869793,2800.045315892092,1673.7456949869793,False,0.9747670726176134,0.9767760035957099,0.0020089309780965126,-0.049890051519267745,-49.89005151926774,2796.946300524886,-1.780261615731792
1984,0,28.95431189541705,1787085122.1181598,0.012276540976017714,1682.8163058810765,2794.0453181809107,1682.8163058810765,False,1678.1026068793399,2800.045315892092,1678.1026068793399,False,0.982069492974559,0.9793186401497486,-0.002750852824810468,0.09226413064831153,92.26413064831154,2797.0884547070536,3.2923255298426892
1985,0,28.966690812027082,1787085122.13059,0.01239795796573162,1670.421378580729,2794.0453181809107,1670.421378580729,False,1672.330636935764,2800.045315892092,1672.330636935764,False,0.9748359762046253,0.9759501943032578,0.0011142180986325467,-0.02316884254811196,-23.16884254811196,2796.973021733857,-0.8267500195586626
1986,0,28.978867228957824,1787085122.142519,0.011903708102181554,1683.9049126519094,2794.0453181809107,1683.9049126519094,False,1682.4158989800349,2800.045315892092,1682.4158989800349,False,0.9827047895875907,0.9818358207663,-0.0008689688212906166,0.036060384316129145,36.060384316129145,2797.0322509607213,1.2867679244978998
1987,0,28.990804874920286,1787085122.154485,0.011923500103875995,1682.9999104817712,2794.0453181809107,1682.9999104817712,False,1679.774167209201,2800.045315892092,1679.774167209201,False,0.9821766422079494,0.9802941408029607,-0.0018825014049886901,0.0663302246075725,66.3302246075725,2797.062520801013,2.366907815000446
1988,0,29.003696415922605,1787085122.168292,0.01374674984253943,1675.0947347005208,2794.0453181809107,1675.0947347005208,False,1671.6035970052085,2800.045315892092,1671.6035970052085,False,0.9775632854534209,0.9755259033491723,-0.0020373821042485307,0.07095584208275675,70.95584208275675,2797.067146418488,2.531966959847158
1989,0,29.017161811934784,1787085122.181398,0.013056958094239235,1668.8781575520836,2794.0453181809107,1668.8781575520836,False,1671.6712320963543,2800.045315892092,1671.6712320963543,False,0.9739353726819158,0.9755653743000045,0.0016300016180886834,-0.03857306833227952,-38.57306833227952,2796.957617508073,-1.3764297863359805
1990,0,29.03055474953726,1787085122.195084,0.013652333058416843,1676.150124782986,2794.0453181809107,1676.150124782986,False,1677.9434977213543,2800.045315892092,1677.9434977213543,False,0.9781791972434094,0.9792257861349851,0.001046588891575717,-0.021149050259660962,-21.14905025966096,2796.9750415261456,-0.754676358109512
1991,0,29.043554978445172,1787085122.2074041,0.012285375036299229,1681.341712782118,2794.0453181809107,1681.341712782118,False,1680.9915147569445,2800.045315892092,1680.9915147569445,False,0.9812089398102137,0.9810045688424373,-0.00020437096777647934,0.01621171718151451,16.21171718151451,2797.012402293587,0.5784940472992617
1992,0,29.056326812366024,1787085122.220621,0.013181874994188547,1681.738685438368,2794.0453181809107,1681.738685438368,False,1672.8721381293403,2800.045315892092,1672.8721381293403,False,0.9814406078383198,0.9762662072874214,-0.00517440055089835,0.16464503264132002,164.64503264132003,2797.1608356090464,5.875143899561805
1993,0,29.068974458030425,1787085122.2326999,0.012049000011757016,1677.956784396701,2794.0453181809107,1677.956784396701,False,1679.6153347439238,2800.045315892092,1679.6153347439238,False,0.9792335400642022,0.9802014482624276,0.0009679081982254534,-0.018799197812843133,-18.799197812843133,2796.9773913785925,-0.6708249290908911
1994,0,29.081070228479803,1787085122.2448142,0.012086375150829554,1681.1414279513888,2794.0453181809107,1681.1414279513888,False,1679.658957248264,2800.045315892092,1679.658957248264,False,0.9810920562136635,0.9802269057829959,-0.0008651504306675939,0.03594634548186935,35.94634548186935,2797.0321369218873,1.2826985969836335
1995,0,29.09303266648203,1787085122.256626,0.01178283290937543,1679.7706136067707,2794.0453181809107,1679.7706136067707,False,1675.6100477430555,2800.045315892092,1675.6100477430555,False,0.9802920669672576,0.9778640153766077,-0.002428051590649849,0.0826234521332994,82.6234521332994,2797.0788140285385,2.948310452943884
1996,0,29.104977374430746,1787085122.268702,0.012047416996210814,1671.8931016710071,2794.0453181809107,1671.8931016710071,False,1672.910218641493,2800.045315892092,1672.910218641493,False,0.9756948544696012,0.9762884305741409,0.0005935761045396948,-0.0076195151128689124,-7.619515112868912,2796.9885710612925,-0.2718924890404265
1997,0,29.117124061915092,1787085122.280919,0.012185707921162248,1677.2481770833333,2794.0453181809107,1677.2481770833333,False,1680.1663953993054,2800.045315892092,1680.1663953993054,False,0.9788200061434021,0.980523040022941,0.001703033879538851,-0.040754226516808156,-40.75422651680816,2796.9554363498887,-1.4542615799603253
1998,0,29.129314395482652,1787085122.293089,0.012138374848291278,1675.4778917100696,2794.0453181809107,1675.4778917100696,False,1680.2837185329863,2800.045315892092,1680.2837185329863,False,0.9777868908515752,0.9805915082627634,0.002804617411188204,-0.07365376828491306,-73.65376828491306,2796.92253680812,-2.6282389482198494
1999,0,29.141393270459957,1787085122.305065,0.011947124963626266,1676.6457411024305,2794.0453181809107,1676.6457411024305,False,1675.0665337456594,2800.045315892092,1675.0665337456594,False,0.9784684324177095,0.9775468277465723,-0.0009216046711372217,0.03763238978895542,37.632389788955415,2797.0338229661943,1.3428628956949549
2000,0,29.153509582974948,1787085122.31735,0.012239665957167745,1682.8197157118054,2794.0453181809107,1682.8197157118054,False,1680.3723036024305,2800.045315892092,1680.3723036024305,False,0.9820714829069856,0.9806432053457605,-0.0014282775612250997,0.05276452042752293,52.76452042752293,2797.0489550968327,1.8828333010106668
2001,0,29.16609981248621,1787085122.330231,0.01281837490387261,1674.9972846137152,2794.0453181809107,1674.9972846137152,False,1671.6428955078122,2800.045315892092,1671.6428955078122,False,0.9775064148627302,0.9755488374391214,-0.001957577423608803,0.06857242099069857,68.57242099069857,2797.064762997396,2.446917677372915
2002,0,29.178688686923124,1787085122.342505,0.012230042135342956,1679.6669243706594,2794.0453181809107,1679.6669243706594,False,1682.3213840060762,2800.045315892092,1682.3213840060762,False,0.9802315552909808,0.9817806630689152,0.0015491077779343776,-0.036157118750177256,-36.157118750177254,2796.9600334576553,-1.290219766991766
2003,0,29.190802874974906,1787085122.354471,0.011938250157982111,1676.5659966362848,2794.0453181809107,1676.5659966362848,False,1672.763831922743,2800.045315892092,1672.763831922743,False,0.9784218945946794,0.9762030012078111,-0.0022188933868683147,0.07637680005131933,76.37680005131934,2797.0725673764564,2.7254067960076838
2004,0,29.2027786874678,1787085122.366475,0.011961875017732382,1679.6353271484375,2794.0453181809107,1679.6353271484375,False,1674.7858995225695,2800.045315892092,1674.7858995225695,False,0.9802131155671093,0.9773830532999984,-0.002830062267110911,0.09462977454232467,94.62977454232467,2797.0908203509475,3.376740456120635
2005,0,29.21541162498761,1787085122.379731,0.013192250160500407,1679.5627956814235,2794.0453181809107,1679.5627956814235,False,1677.6409342447919,2800.045315892092,1677.6409342447919,False,0.9801707871556326,0.9790492140641168,-0.0011215730915157263,0.043604582736224994,43.60458273622499,2797.0397951591417,1.5559728352920708
2006,0,29.228668957948685,1787085122.392998,0.013188750017434359,1673.4616617838542,2794.0453181809107,1673.4616617838542,False,1671.8371256510418,2800.045315892092,1671.8371256510418,False,0.9766102455490319,0.9756621875995727,-0.0009480579494591801,0.03842243494672345,38.42243494672345,2797.034613011352,1.3710546298431148
2007,0,29.241764874430373,1787085122.4058938,0.012825666926801205,1681.8800238715278,2794.0453181809107,1681.8800238715278,False,1681.9226019965276,2800.045315892092,1681.9226019965276,False,0.9815230910914865,0.9815479391259893,2.4848034502755745e-05,0.009365935701613553,9.365935701613553,2797.005556512107,0.33421123685460863
2008,0,29.254557687439956,1787085122.418599,0.012642124900594354,1672.7638807508679,2794.0453181809107,1672.7638807508679,False,1672.6679850260418,2800.045315892092,1672.6679850260418,False,0.9762030297032634,0.976147066217808,-5.596348545544583e-05,0.011779426735042673,11.779426735042673,2797.00797000314,0.4203335260863072
2009,0,29.267518874956295,1787085122.431835,0.01315025007352233,1674.1307373046875,2794.0453181809107,1674.1307373046875,False,1675.165652126736,2800.045315892092,1675.165652126736,False,0.9770007092349434,0.9776046719318873,0.0006039626969438494,-0.00792971776279155,-7.92971776279155,2796.9882608586427,-0.2829616672420622
2010,0,29.281150540919043,1787085122.445847,0.013927499996498227,1670.4092637803817,2794.0453181809107,1670.4092637803817,False,1671.2173366970487,2800.045315892092,1671.2173366970487,False,0.9748289061662658,0.9753004869067092,0.00047158074044340026,-0.0039760405498534025,-3.9760405498534026,2796.9922145358555,-0.1418798369202613
2011,0,29.295682353898883,1787085122.460896,0.014966458082199097,1683.9011149088542,2794.0453181809107,1683.9011149088542,False,1682.3895806206597,2800.045315892092,1682.3895806206597,False,0.9827025732746255,0.9818204617174501,-0.0008821115571754357,0.03645290106657691,36.452901066576906,2797.032643477472,1.300774374342596
2012,0,29.309769687009975,1787085122.474022,0.013047541957348585,1683.3144802517359,2794.0453181809107,1683.3144802517359,False,1677.9176106770833,2800.045315892092,1677.9176106770833,False,0.9823602209939493,0.9792106787959648,-0.0031495421979844673,0.10417126007461885,104.17126007461886,2797.10036183648,3.7172159604131765
2013,0,29.323691457975656,1787085122.488745,0.01464166585355997,1680.0587972005208,2794.0453181809107,1680.0587972005208,False,1678.138614908854,2800.045315892092,1678.138614908854,False,0.9804602471273907,0.9793396539628215,-0.0011205931645691392,0.04357531655115352,43.57531655115352,2797.0397658929564,1.554928509533026
2014,0,29.337857999373227,1787085122.5023239,0.013520332984626293,1675.336984592014,2794.0453181809107,1675.336984592014,False,1677.91875,2800.045315892092,1677.91875,False,0.9777046593082382,0.9792113436898544,0.0015066843816161635,-0.034890115151252524,-34.89011515125252,2796.9613004612543,-1.2450083910666758
2015,0,29.351175895426422,1787085122.515392,0.013039125129580498,1675.4278618706599,2794.0453181809107,1675.4278618706599,False,1673.3624348958333,2800.045315892092,1673.3624348958333,False,0.9777576940944183,0.9765523380404894,-0.0012053560539289077,0.04610681792055183,46.10681792055183,2797.042297394326,1.6452618441532911
2016,0,29.364519749884494,1787085122.529079,0.013598500052466989,1678.3423746744793,2794.0453181809107,1678.3423746744793,False,1683.1875379774308,2800.045315892092,1683.1875379774308,False,0.9794585654857352,0.9822861391500023,0.0028275736642671134,-0.07433937240417397,-74.33937240417397,2796.921851204001,-2.652703839715029
2017,0,29.378161957953125,1787085122.542614,0.013449416030198336,1674.8076768663195,2794.0453181809107,1674.8076768663195,False,1672.9613905164929,2800.045315892092,1672.9613905164929,False,0.977395762271774,0.9763182938082683,-0.0010774684635057596,0.04228736800879704,42.28736800879704,2797.038477944414,1.5089697405365772
2018,0,29.39138793735765,1787085122.555537,0.012842874974012375,1681.6290690104167,2794.0453181809107,1681.6290690104167,False,1682.0255832248265,2800.045315892092,1682.0255832248265,False,0.9813766371307365,0.9816080376182061,0.00023140048746961295,0.0031971061408510868,3.1971061408510866,2796.999387682546,0.11408457539434366
2019,0,29.404798145405948,1787085122.56944,0.013822624925523996,1674.3998643663194,2794.0453181809107,1674.3998643663194,False,1680.7993760850695,2800.045315892092,1680.7993760850695,False,0.9771577682532325,0.9808924392371978,0.0037346709839652936,-0.10143045111017418,-101.43045111017418,2796.8947601252953,-3.619413756429281
2020,0,29.41822577046696,1787085122.5823948,0.012869540834799409,1672.778732638889,2794.0453181809107,1672.778732638889,False,1676.730528428819,2800.045315892092,1676.730528428819,False,0.9762116970700389,0.9785179131877414,0.002306216117702542,-0.05876867450745048,-58.76867450745048,2796.937421901898,-2.0970837320671736
2021,0,29.43117581238039,1787085122.595329,0.012864124961197376,1679.9555202907984,2794.0453181809107,1679.9555202907984,False,1676.2377658420141,2800.045315892092,1676.2377658420141,False,0.9803999760793788,0.9782303434143269,-0.0021696326650518793,0.07490559507379005,74.90559507379005,2797.071096171479,2.672908759413005
2022,0,29.4439037500415,1787085122.6078532,0.012458750046789646,1679.0396484375,2794.0453181809107,1679.0396484375,False,1674.7175971137149,2800.045315892092,1674.7175971137149,False,0.9798654852954144,0.9773431929113164,-0.002522292384097957,0.0854380175577327,85.43801755773269,2797.081628593963,3.0487445602959142
2023,0,29.456482645357028,1787085122.620489,0.012571875005960464,1678.2564181857638,2794.0453181809107,1678.2564181857638,False,1675.426944986979,2800.045315892092,1675.426944986979,False,0.9794084024079258,0.977757159013145,-0.0016512433947808436,0.05942354676839826,59.42354676839826,2797.0556141231737,2.1204519971595155
2024,0,29.469203416490927,1787085122.633292,0.012738666962832212,1673.697837999132,2794.0453181809107,1673.697837999132,False,1676.1604654947914,2800.045315892092,1676.1604654947914,False,0.9767480748861852,0.9781852319469978,0.0014371570608125994,-0.032813634404144365,-32.813634404144366,2796.963376942001,-1.1709118756831418
2025,0,29.4826537494082,1787085122.647389,0.014029833022505045,1680.3694363064235,2794.0453181809107,1680.3694363064235,False,1678.9787163628469,2800.045315892092,1678.9787163628469,False,0.9806415320294717,0.979829926136966,-0.000811605892505729,0.034347201414171996,34.347201414172,2797.0305377778195,1.2256352203172993
2026,0,29.496045812498778,1787085122.660079,0.012621874921023846,1675.1111192491317,2794.0453181809107,1675.1111192491317,False,1673.6982421875,2800.045315892092,1673.6982421875,False,0.9775728472607855,0.976748310765208,-0.0008245364955775658,0.03473338267380987,34.73338267380987,2797.0309239590792,1.239415596410572
2027,0,29.508643728564493,1787085122.6725829,0.012441124999895692,1673.6186360677082,2794.0453181809107,1673.6186360677082,False,1665.3906439887148,2800.045315892092,1665.3906439887148,False,0.9767018536792929,0.971900105573468,-0.004801748105824899,0.15351551379010414,153.51551379010414,2797.149706090195,5.478001491225526
2028,0,29.521182229043916,1787085122.6851578,0.012509542051702738,1678.7034776475691,2794.0453181809107,1678.7034776475691,False,1681.1264973958332,2800.045315892092,1681.1264973958332,False,0.9796693004378833,0.9810833429375483,0.0014140424996650358,-0.0321233023066891,-32.1233023066891,2796.9640672740984,-1.1462782724339529
2029,0,29.534210895420983,1787085122.6986408,0.013417791109532118,1675.2864474826388,2794.0453181809107,1675.2864474826388,False,1671.7730360243058,2800.045315892092,1671.7730360243058,False,0.9776751665149921,0.975624785735202,-0.0020503807797901397,0.07134405637302568,71.34405637302568,2797.0675346327785,2.5458198819949214
2030,0,29.54731389542576,1787085122.711361,0.012652458855882287,1676.7548990885418,2794.0453181809107,1676.7548990885418,False,1680.436119249132,2800.045315892092,1680.436119249132,False,0.9785321355846565,0.9806804473189819,0.002148311734325392,-0.05405275264857413,-54.05275264857413,2796.9421378237566,-1.9288021927124652
2031,0,29.55981820798479,1787085122.723645,0.012221334036439657,1677.4702202690974,2794.0453181809107,1677.4702202690974,False,1671.511279296875,2800.045315892092,1671.511279296875,False,0.9789495876301632,0.9754720279471462,-0.0034775596830169953,0.1139677254714268,113.9677254714268,2797.1101583018767,4.066790089617
2032,0,29.572262083063833,1787085122.736254,0.012543916003778577,1676.341148546007,2794.0453181809107,1676.341148546007,False,1672.8540825737844,2800.045315892092,1672.8540825737844,False,0.9782906762024856,0.9762556703023516,-0.002035005900133946,0.07088487512993723,70.88487512993723,2797.0670754515354,2.5294345964151166
2033,0,29.584869145415723,1787085122.748877,0.01253945892676711,1677.2752848307296,2794.0453181809107,1677.2752848307296,False,1675.5100830078125,2800.045315892092,1675.5100830078125,False,0.9788358258687329,0.9778056772701178,-0.001030148598615055,0.04087412804405111,40.87412804405111,2797.037064704449,1.4585401100503537
2034,0,29.59765806188807,1787085122.761814,0.012872958090156317,1676.664208984375,2794.0453181809107,1676.664208984375,False,1676.833246527778,2800.045315892092,1676.833246527778,False,0.9784792100310439,0.9785778581211316,9.864809008774955e-05,0.0071618468227868624,7.161846822786862,2797.003352423228,0.2555611912213411
2035,0,29.610419458011165,1787085122.7744021,0.012520750053226948,1682.7853271484375,2794.0453181809107,1682.7853271484375,False,1677.8331081814235,2800.045315892092,1677.8331081814235,False,0.9820514141930846,0.9791613642494051,-0.0028900499436794735,0.09642134732290542,96.42134732290542,2797.0926119237283,3.4406704011884606
2036,0,29.62306735396851,1787085122.787106,0.012635958148166537,1679.2511610243055,2794.0453181809107,1679.2511610243055,False,1677.7087320963542,2800.045315892092,1677.7087320963542,False,0.9799889212629385,0.9790887799997902,-0.0009001412631483019,0.03699137050414451,36.99137050414451,2797.0331819469093,1.3199889560428388
2037,0,29.636318083037622,1787085122.8009028,0.0137274160515517,1671.1762017144097,2794.0453181809107,1671.1762017144097,False,1673.783279079861,2800.045315892092,1673.783279079861,False,0.9752764810711331,0.9767979371786633,0.0015214561075301836,-0.035331282797402476,-35.33128279740247,2796.960859293608,-1.2607508848630629
2038,0,29.64973712444771,1787085122.813944,0.012974832905456424,1678.2145941840276,2794.0453181809107,1678.2145941840276,False,1682.116091579861,2800.045315892092,1682.116091579861,False,0.9793839944698547,0.9816608571054122,0.002276862635557486,-0.057892012789001704,-57.892012789001704,2796.938298563616,-2.0658011985798495
2039,0,29.66283114545513,1787085122.8270988,0.013080625096336007,1676.5881863064235,2794.0453181809107,1676.5881863064235,False,1675.1445583767363,2800.045315892092,1675.1445583767363,False,0.9784348441947197,0.9775923618964456,-0.0008424822982741054,0.03526934628293625,35.26934628293625,2797.031459922688,1.2585407608812536
2040,0,29.675809999462217,1787085122.839893,0.012725083157420158,1682.95908203125,2794.0453181809107,1682.95908203125,False,1680.8837592230902,2800.045315892092,1680.8837592230902,False,0.9821528152604911,0.9809416841282069,-0.0012111311322842155,0.04627929456540513,46.27929456540513,2797.0424698709708,1.6514164489510823
2041,0,29.688667603535578,1787085122.8528142,0.012856625020503998,1683.0613661024304,2794.0453181809107,1683.0613661024304,False,1680.1915608723957,2800.045315892092,1680.1915608723957,False,0.9822125069009705,0.9805377262624977,-0.001674780638472817,0.060126502567665455,60.126502567665455,2797.056317078973,2.1455360607930865
2042,0,29.701502833049744,1787085122.865563,0.012682416010648012,1675.4856336805556,2794.0453181809107,1675.4856336805556,False,1676.170046657986,2800.045315892092,1676.170046657986,False,0.9777914089638631,0.9781908233879932,0.00039941442413016226,-0.0018207444060895242,-1.8207444060895241,2796.9943698319994,-0.06497089659183286
2043,0,29.714264999493025,1787085122.87834,0.01270841690711677,1675.8255208333335,2794.0453181809107,1675.8255208333335,False,1678.2797634548613,2800.045315892092,1678.2797634548613,False,0.9779897626419387,0.9794220264003402,0.001432263758401442,-0.03266749259788588,-32.66749259788588,2796.9635230838076,-1.1656969953570469
2044,0,29.72686185396742,1787085122.890754,0.012347957817837596,1675.7988606770837,2794.0453181809107,1675.7988606770837,False,1668.9498236762151,2800.045315892092,1668.9498236762151,False,0.9779742041249221,0.9739771960906523,-0.003997008034269833,0.12948140395101376,129.48140395101376,2797.1256719803564,4.620375533507485
2045,0,29.73991499945987,1787085122.904448,0.013627667212858796,1680.7432427300348,2794.0453181809107,1680.7432427300348,False,1675.8900526258683,2800.045315892092,1675.8900526258683,False,0.9808596805484893,0.9780274225484621,-0.002832258000027177,0.09469535160000102,94.69535160000102,2797.0908859280053,3.379080488153048
2046,0,29.753664395422675,1787085122.918252,0.013737458968535066,1668.3310601128474,2794.0453181809107,1668.3310601128474,False,1671.6014268663196,2800.045315892092,1671.6014268663196,False,0.9736160938022896,0.9755246368846207,0.0019085430823310157,-0.046891898701202174,-46.89189870120217,2796.949298677704,-1.6732764309592554
2047,0,29.76702504151035,1787085122.931169,0.012849082937464118,1676.220724826389,2794.0453181809107,1676.220724826389,False,1680.6736843532985,2800.045315892092,1680.6736843532985,False,0.9782203985014352,0.9808190871934482,0.0025986886920130736,-0.06750356695827314,-67.50356695827314,2796.928687009447,-2.4087770110716935
2048,0,29.779992833035067,1787085122.9442,0.012953666038811207,1680.8299343532985,2794.0453181809107,1680.8299343532985,False,1677.119517686632,2800.045315892092,1677.119517686632,False,0.9809102726411653,0.9787449222093784,-0.0021653504317868943,0.0747777032633967,74.77770326339669,2797.0709682796687,2.6683451064586317
2049,0,29.793190770433284,1787085122.9575522,0.013285625027492642,1685.721009657118,2794.0453181809107,1685.721009657118,False,1679.9707302517359,2800.045315892092,1679.9707302517359,False,0.9837646399461025,0.980408852412805,-0.0033557875332975717,0.11033091735766741,110.33091735766742,2797.106521493763,3.937015321070062
2050,0,29.80620185402222,1787085122.970219,0.012603458017110825,1679.4253472222222,2794.0453181809107,1679.4253472222222,False,1676.469677734375,2800.045315892092,1676.469677734375,False,0.9800905740401747,0.9783656841486362,-0.001724889891538517,0.06162304950835473,61.62304950835473,2797.0578136259137,2.19893839239062
2051,0,29.81881927046925,1787085122.98279,0.012508959043771029,1669.3637342664929,2794.0453181809107,1669.3637342664929,False,1673.0924913194444,2800.045315892092,1673.0924913194444,False,0.9742187488745838,0.9763948025149127,0.002176053640328912,-0.054881283548925464,-54.88128354892547,2796.941309292856,-1.9583672405411598
2052,0,29.831844000029378,1787085122.996268,0.0134122499730438,1678.9232584635415,2794.0453181809107,1678.9232584635415,False,1677.2997721354168,2800.045315892092,1677.2997721354168,False,0.9797975616353493,0.9788501163381171,-0.000947445297232119,0.038404137671070336,38.40413767107034,2797.0345947140763,1.3704017153536374
2053,0,29.84555945789907,1787085123.010237,0.013885333901271224,1677.816343858507,2794.0453181809107,1677.816343858507,False,1673.947922092014,2800.045315892092,1673.947922092014,False,0.9791515808107439,0.9768940206780339,-0.002257560132710057,0.07753160872747339,77.53160872747338,2797.0737221851327,2.766614642002333
2054,0,29.859184916480444,1787085123.023503,0.013186833122745156,1677.7006483289933,2794.0453181809107,1677.7006483289933,False,1673.2989583333335,2800.045315892092,1673.2989583333335,False,0.9790840624193355,0.9765152939523545,-0.002568768466981064,0.0868260573986527,86.82605739865271,2797.083016633804,3.098274957131484
2055,0,29.872396686929278,1787085123.0366662,0.013083291938528419,1682.2704888237847,2794.0453181809107,1682.2704888237847,False,1681.1326117621527,2800.045315892092,1681.1326117621527,False,0.9817509613090183,0.9810869112014226,-0.0006640501075957372,0.029940347490436118,29.940347490436118,2797.026130923896,1.0683823683427105
2056,0,29.886070353910327,1787085123.050844,0.014095792081207037,1671.034494357639,2794.0453181809107,1671.034494357639,False,1670.5485107421875,2800.045315892092,1670.5485107421875,False,0.9751937825189927,0.974910168864221,-0.0002836136547716972,0.018578353950959144,18.578353950959144,2797.0147689303562,0.66294440304593
2057,0,29.90006891649682,1787085123.064608,0.013628416927531362,1678.821248372396,2794.0453181809107,1678.821248372396,False,1683.9811577690973,2800.045315892092,1683.9811577690973,False,0.9797380298860195,0.9827492852365315,0.0030112553505119433,-0.0798251509538948,-79.82515095389479,2796.916365425451,-2.8484567140270767
2058,0,29.914064686978236,1787085123.078895,0.014204542152583599,1671.3720811631943,2794.0453181809107,1671.3720811631943,False,1668.972789171007,2800.045315892092,1668.972789171007,False,0.9753907937446433,0.9739905984517699,-0.0014001952928733852,0.05192582437403613,51.92582437403613,2797.0481164007792,1.8529055229102245
2059,0,29.927945270435885,1787085123.092368,0.013393375091254711,1679.8905653211805,2794.0453181809107,1679.8905653211805,False,1675.6554796006944,2800.045315892092,1675.6554796006944,False,0.980362069212268,0.977890528811996,-0.0024715404002719765,0.08392227502552813,83.92227502552812,2797.080112851431,2.994657258975454
2060,0,29.941604229039513,1787085123.1062121,0.01376329199410975,1672.3437310112845,2794.0453181809107,1672.3437310112845,False,1669.7524983723956,2800.045315892092,1669.7524983723956,False,0.975957835833746,0.9744456265005232,-0.0015122093332227138,0.05527119991134942,55.27119991134942,2797.0514617763165,1.9722808989205474
2061,0,29.955631374497898,1787085123.120422,0.014130417024716735,1676.257590060764,2794.0453181809107,1676.257590060764,False,1674.4417209201388,2800.045315892092,1674.4417209201388,False,0.978241912568006,0.977182195188272,-0.001059717379733982,0.04175721981285921,41.75721981285921,2797.0379477962183,1.4900520915236657
2062,0,29.969673832994886,1787085123.134295,0.013791166013106704,1676.7574137369793,2794.0453181809107,1676.7574137369793,False,1677.52109375,2800.045315892092,1677.52109375,False,0.9785336031004556,0.9789792767254146,0.00044567362495906426,-0.0032023069168788157,-3.2023069168788156,2796.9929882694883,-0.1142701583242512
2063,0,29.98344331199769,1787085123.1479528,0.013580207945778966,1680.940749782986,2794.0453181809107,1680.940749782986,False,1683.060560438368,2800.045315892092,1683.060560438368,False,0.9809749430704132,0.9822120367260058,0.0012370936555925471,-0.026838604669947565,-26.838604669947564,2796.9693519717353,-0.9577007090332417
2064,0,29.996970291482285,1787085123.161356,0.013330582994967699,1676.0877034505206,2794.0453181809107,1676.0877034505206,False,1677.7792182074656,2800.045315892092,1677.7792182074656,False,0.9781427689736625,0.9791299147684271,0.0009871457947646656,-0.019373741724108887,-19.373741724108886,2796.9768168346814,-0.6913267814769086
